application_id,event_time,customer_id,region_code,product_type,requested_amount,term_months,credit_score,risk_level,decision_status,approved_amount,channel,employee_review_flag,processing_time_sec
app_20250113_00000000,2025-01-13 03:45:06,cust_3207848,ATVI,auto_loan,53632,60,434,high,rejected,0,mobile_app,false,24
app_20250113_00000001,2025-01-13 04:53:24,cust_285344,CHBE,business_loan,27454,24,607,medium,approved,27454,web,false,372
app_20250113_00000002,2025-01-13 10:25:44,cust_5348122,NLAM,auto_loan,36101,48,483,high,rejected,0,web,true,82
app_20250113_00000003,2025-01-13 01:54:31,cust_3834753,DEHE,refinance,431700,240,483,high,rejected,0,mobile_app,true,73
app_20250113_00000004,2025-01-13 17:48:51,cust_1717983,FRID,business_loan,23449,60,668,medium,approved,23449,online_banking,false,569
app_20250113_00000005,2025-01-13 18:21:25,cust_4555971,AUTR,credit_card,35479,42,650,medium,approved,35479,partner,true,578
app_20250113_00000006,2025-01-13 05:52:29,cust_7750647,ITMI,credit_card,39389,18,397,high,rejected,0,partner,false,165
app_20250113_00000007,2025-01-13 21:01:26,cust_6670781,ITMI,personal_loan,45152,42,673,medium,approved,45152,web,true,772
app_20250113_00000008,2025-01-13 00:18:30,cust_6271371,FRID,auto_loan,10136,72,619,medium,approved,10136,web,true,65
app_20250113_00000009,2025-01-13 02:09:47,cust_8075208,DEHE,business_loan,6569,60,523,medium,rejected,0,mobile_app,false,69
app_20250113_00000010,2025-01-13 13:22:29,cust_1164429,BENL,auto_loan,41954,60,727,low,approved,41954,call_center,true,637
app_20250113_00000011,2025-01-13 15:01:46,cust_6953574,SESV,personal_loan,4864,36,754,low,approved,4864,atm,true,789
app_20250113_00000012,2025-01-13 08:26:32,cust_8499879,BENL,personal_loan,34152,12,773,low,approved,34152,mobile,false,772
app_20250113_00000013,2025-01-13 19:51:22,cust_2387793,AUTR,cash_loan,45627,12,772,low,approved,45627,atm,true,296
app_20250113_00000014,2025-01-13 22:07:56,cust_8940045,PORP,cash_loan,6481,48,694,medium,approved,6481,mobile_app,true,95
app_20250113_00000015,2025-01-13 13:22:22,cust_4730419,AUTR,auto_loan,13746,36,663,medium,rejected,0,partner,false,99
app_20250113_00000016,2025-01-13 00:03:58,cust_6633825,GRRE,personal_loan,26136,24,770,low,approved,26136,online_banking,false,161
app_20250113_00000017,2025-01-13 09:52:51,cust_3138505,ATVI,refinance,474183,300,674,medium,rejected,0,mobile,true,103
app_20250113_00000018,2025-01-13 06:42:28,cust_5740544,CHBE,mortgage,52086,240,774,low,rejected,0,mobile_app,false,141
app_20250113_00000019,2025-01-13 18:50:09,cust_2183762,UKLO,refinance,391498,360,535,medium,rejected,0,atm,true,15
app_20250113_00000020,2025-01-13 00:25:20,cust_1241856,CHBE,credit_card,8851,12,822,low,approved,8851,mobile_app,true,793
app_20250113_00000021,2025-01-13 21:23:46,cust_4961952,PLWA,refinance,118954,300,734,low,approved,118954,partner,false,88
app_20250113_00000022,2025-01-13 17:39:17,cust_4625285,DEHE,education_loan,26075,60,632,medium,rejected,0,mobile_app,false,109
app_20250113_00000023,2025-01-13 17:44:31,cust_4539109,FRID,education_loan,11472,12,572,medium,rejected,0,mobile,false,57
app_20250113_00000024,2025-01-13 14:56:42,cust_4762615,AUTR,mortgage,264555,360,693,medium,approved,264555,web,true,866
app_20250113_00000025,2025-01-13 05:47:29,cust_3963216,NLAM,business_loan,26982,60,683,medium,approved,26982,online_banking,true,802
app_20250113_00000026,2025-01-13 14:34:26,cust_7400598,NLAM,cash_loan,8153,42,799,low,approved,8153,online_banking,true,649
app_20250113_00000027,2025-01-13 00:13:06,cust_164960,PLWA,credit_card,16710,36,751,low,approved,16710,mobile,false,124
app_20250113_00000028,2025-01-13 10:44:09,cust_1801670,ATVI,auto_loan,29392,60,502,medium,rejected,0,mobile,false,63
app_20250113_00000029,2025-01-13 16:32:33,cust_792298,ATVI,education_loan,21418,24,471,high,approved,21418,mobile,true,479
app_20250113_00000030,2025-01-13 10:41:51,cust_5381281,AUTR,credit_card,35834,18,501,medium,rejected,0,call_center,true,21
app_20250113_00000031,2025-01-13 21:56:40,cust_8499297,PLWA,credit_card,46698,18,695,medium,rejected,0,mobile,true,23
app_20250113_00000032,2025-01-13 03:00:07,cust_1754638,AUTR,credit_card,24122,30,535,medium,approved,24122,call_center,false,40
app_20250113_00000033,2025-01-13 11:21:17,cust_1550610,SESV,credit_card,3828,24,735,low,approved,3828,mobile,false,251
app_20250113_00000034,2025-01-13 21:54:36,cust_511410,DEHE,cash_loan,11071,18,655,medium,approved,11071,call_center,false,342
app_20250113_00000035,2025-01-13 16:11:19,cust_6880542,NLAM,cash_loan,14668,18,709,low,approved,14668,mobile_app,false,601
app_20250113_00000036,2025-01-13 22:33:01,cust_4183519,GRRE,personal_loan,5476,36,796,low,approved,5476,atm,true,444
app_20250113_00000037,2025-01-13 19:39:59,cust_597968,DEHE,credit_card,36192,30,644,medium,approved,36192,partner,false,521
app_20250113_00000038,2025-01-13 05:36:03,cust_6376841,BENL,education_loan,14280,12,614,medium,approved,14280,online_banking,false,589
app_20250113_00000039,2025-01-13 18:15:38,cust_2313847,ITMI,cash_loan,46369,12,499,high,rejected,0,atm,true,161
app_20250113_00000040,2025-01-13 16:43:56,cust_9369973,CHBE,cash_loan,16980,48,710,low,approved,16980,partner,true,852
app_20250113_00000041,2025-01-13 19:47:02,cust_9199077,DEHE,mortgage,486557,360,536,medium,approved,486557,atm,false,751
app_20250113_00000042,2025-01-13 22:23:27,cust_7331461,CHBE,business_loan,4927,24,639,medium,rejected,0,online_banking,false,27
app_20250113_00000043,2025-01-13 15:25:24,cust_9282793,CZPR,education_loan,9161,36,718,low,approved,9161,mobile_app,true,779
app_20250113_00000044,2025-01-13 22:46:13,cust_2335468,ITMI,business_loan,5780,36,668,medium,rejected,0,atm,true,18
app_20250113_00000045,2025-01-13 00:40:17,cust_5730959,SESV,credit_card,25974,36,638,medium,approved,25974,web,false,796
app_20250113_00000046,2025-01-13 21:52:46,cust_1578325,SESV,business_loan,26460,12,744,low,rejected,0,mobile_app,true,175
app_20250113_00000047,2025-01-13 09:51:22,cust_3307728,SESV,cash_loan,28805,18,678,medium,approved,28805,branch,false,637
app_20250113_00000048,2025-01-13 22:15:38,cust_1807604,ITMI,education_loan,14860,24,699,medium,approved,14860,mobile,true,159
app_20250113_00000049,2025-01-13 16:51:31,cust_3423531,NLAM,cash_loan,41806,30,463,high,approved,41806,mobile_app,true,615
app_20250113_00000050,2025-01-13 04:39:48,cust_7058977,AUTR,mortgage,249131,240,622,medium,approved,249131,atm,false,743
app_20250113_00000051,2025-01-13 07:46:46,cust_4898903,PORP,credit_card,11189,18,672,medium,approved,11189,online_banking,true,788
app_20250113_00000052,2025-01-13 03:54:35,cust_5070768,PORP,auto_loan,51095,60,711,low,approved,51095,online_banking,false,463
app_20250113_00000053,2025-01-13 18:10:08,cust_4933864,ATVI,auto_loan,42147,60,492,high,rejected,0,mobile,false,49
app_20250113_00000054,2025-01-13 16:54:16,cust_6501454,ATVI,auto_loan,6431,36,669,medium,approved,6431,call_center,true,468
app_20250113_00000055,2025-01-13 16:21:54,cust_1137982,PORP,credit_card,37383,42,722,low,approved,37383,atm,false,136
app_20250113_00000056,2025-01-13 01:27:50,cust_6842853,ESMA,education_loan,32183,12,677,medium,approved,32183,branch,false,743
app_20250113_00000057,2025-01-13 16:01:38,cust_2292363,GRRE,personal_loan,6552,30,692,medium,approved,6552,call_center,false,309
app_20250113_00000058,2025-01-13 21:59:17,cust_5339760,ITMI,credit_card,46816,18,726,low,approved,46816,mobile,false,212
app_20250113_00000059,2025-01-13 17:36:24,cust_2375818,PLWA,education_loan,11516,36,636,medium,approved,11516,mobile_app,true,432
app_20250113_00000060,2025-01-13 20:51:56,cust_3071322,DEHE,education_loan,16827,60,690,medium,rejected,0,branch,false,42
app_20250113_00000061,2025-01-13 00:41:31,cust_2006351,SESV,personal_loan,45614,12,666,medium,approved,45614,atm,false,737
app_20250113_00000062,2025-01-13 00:52:39,cust_2926111,ITMI,personal_loan,45821,42,733,low,approved,45821,call_center,true,178
app_20250113_00000063,2025-01-13 03:45:32,cust_1711594,ATVI,business_loan,32813,60,495,high,rejected,0,branch,false,146
app_20250113_00000064,2025-01-13 08:07:06,cust_2572541,ITMI,credit_card,20810,24,487,high,approved,20810,call_center,false,516
app_20250113_00000065,2025-01-13 15:08:16,cust_9110691,CZPR,cash_loan,1192,30,551,medium,rejected,0,mobile,false,10
app_20250113_00000066,2025-01-13 18:46:34,cust_9882391,NLAM,auto_loan,22589,24,807,low,approved,22589,online_banking,false,367
app_20250113_00000067,2025-01-13 20:01:43,cust_1581039,ATVI,education_loan,31051,36,546,medium,approved,31051,partner,true,753
app_20250113_00000068,2025-01-13 19:01:12,cust_8229456,GRRE,refinance,488929,120,646,medium,approved,488929,call_center,true,824
app_20250113_00000069,2025-01-13 12:49:59,cust_404803,PLWA,personal_loan,16437,48,640,medium,rejected,0,mobile_app,false,141
app_20250113_00000070,2025-01-13 16:47:43,cust_9713169,CHBE,education_loan,12032,36,697,medium,approved,12032,partner,false,492
app_20250113_00000071,2025-01-13 08:35:13,cust_6841196,ESMA,refinance,419802,180,747,low,approved,419802,mobile,true,453
app_20250113_00000072,2025-01-13 03:28:20,cust_1983304,PORP,business_loan,19370,60,483,high,rejected,0,call_center,false,7
app_20250113_00000073,2025-01-13 23:29:20,cust_2793190,FRID,education_loan,6978,60,453,high,rejected,0,mobile_app,true,41
app_20250113_00000074,2025-01-13 16:18:20,cust_4598308,PORP,business_loan,17675,12,675,medium,rejected,0,online_banking,false,108
app_20250113_00000075,2025-01-13 10:32:09,cust_4718683,SESV,business_loan,33779,12,613,medium,approved,33779,mobile_app,true,140
app_20250113_00000076,2025-01-13 07:56:22,cust_7171846,FRID,refinance,410759,300,741,low,approved,410759,branch,true,86
app_20250113_00000077,2025-01-13 14:33:13,cust_3191416,ESMA,personal_loan,10280,24,581,medium,rejected,0,atm,false,51
app_20250113_00000078,2025-01-13 09:22:02,cust_3403649,CHBE,business_loan,10879,60,598,medium,rejected,0,mobile_app,false,15
app_20250113_00000079,2025-01-13 19:08:54,cust_8872915,DEHE,refinance,418218,180,550,medium,approved,418218,branch,true,531
app_20250113_00000080,2025-01-13 02:25:04,cust_5107143,AUTR,education_loan,32837,48,389,high,rejected,0,online_banking,false,74
app_20250113_00000081,2025-01-13 12:01:58,cust_9998878,FRID,refinance,268478,180,850,low,approved,268478,web,true,445
app_20250113_00000082,2025-01-13 14:33:54,cust_3420633,FRID,education_loan,35124,60,421,high,rejected,0,call_center,false,42
app_20250113_00000083,2025-01-13 22:14:47,cust_3276305,FRID,auto_loan,19066,48,586,medium,approved,19066,online_banking,true,640
app_20250113_00000084,2025-01-13 11:50:45,cust_928755,GRRE,education_loan,34367,12,728,low,approved,34367,branch,true,522
app_20250113_00000085,2025-01-13 07:25:44,cust_2984953,GRRE,credit_card,13128,18,719,low,approved,13128,atm,false,661
app_20250113_00000086,2025-01-13 22:04:44,cust_9296048,FRID,cash_loan,16292,48,762,low,approved,16292,mobile_app,true,165
app_20250113_00000087,2025-01-13 22:21:41,cust_869042,CHBE,education_loan,5771,24,646,medium,rejected,0,mobile_app,true,167
app_20250113_00000088,2025-01-13 07:01:53,cust_2617741,DEHE,refinance,346217,120,656,medium,approved,346217,atm,true,282
app_20250113_00000089,2025-01-13 19:37:25,cust_6298017,AUTR,cash_loan,20651,36,785,low,approved,20651,online_banking,false,281
app_20250113_00000090,2025-01-13 16:24:52,cust_5236661,CHBE,business_loan,29417,36,552,medium,rejected,0,web,false,62
app_20250113_00000091,2025-01-13 21:35:08,cust_8595361,ATVI,credit_card,5138,30,814,low,approved,5138,online_banking,false,128
app_20250113_00000092,2025-01-13 19:26:17,cust_9586543,UKLO,education_loan,27604,36,656,medium,approved,27604,call_center,false,115
app_20250113_00000093,2025-01-13 08:32:15,cust_2331586,CHBE,mortgage,192439,240,505,medium,approved,192439,web,true,368
app_20250113_00000094,2025-01-13 12:21:00,cust_5469409,CHBE,mortgage,395733,120,619,medium,approved,395733,mobile_app,true,900
app_20250113_00000095,2025-01-13 01:56:35,cust_6569422,GRRE,refinance,374415,360,696,medium,approved,374415,atm,false,126
app_20250113_00000096,2025-01-13 03:09:08,cust_6331716,ATVI,credit_card,39954,18,652,medium,approved,39954,atm,true,309
app_20250113_00000097,2025-01-13 21:28:05,cust_2423356,GRRE,auto_loan,28824,48,680,medium,approved,28824,mobile,true,563
app_20250113_00000098,2025-01-13 15:13:29,cust_5178484,BENL,credit_card,40328,48,631,medium,rejected,0,call_center,false,172
app_20250113_00000099,2025-01-13 12:16:21,cust_9066401,FRID,auto_loan,21688,48,672,medium,rejected,0,mobile,false,167
app_20250113_00000100,2025-01-13 22:35:48,cust_4478098,CZPR,cash_loan,33777,30,604,medium,approved,33777,call_center,false,158
app_20250113_00000101,2025-01-13 15:58:38,cust_2997285,SESV,business_loan,10707,36,776,low,approved,10707,partner,false,413
app_20250113_00000102,2025-01-13 13:12:55,cust_4921011,NLAM,cash_loan,47116,36,727,low,approved,47116,online_banking,true,651
app_20250113_00000103,2025-01-13 08:09:39,cust_3745634,PORP,personal_loan,11695,48,633,medium,approved,11695,branch,true,744
app_20250113_00000104,2025-01-13 12:36:39,cust_6554868,PORP,auto_loan,40575,60,638,medium,approved,40575,mobile,true,191
app_20250113_00000105,2025-01-13 22:35:49,cust_7427528,ESMA,auto_loan,17056,48,815,low,approved,17056,branch,false,202
app_20250113_00000106,2025-01-13 07:45:41,cust_995609,ITMI,cash_loan,35838,30,625,medium,approved,35838,online_banking,true,576
app_20250113_00000107,2025-01-13 08:25:03,cust_8286765,ATVI,education_loan,19230,48,796,low,approved,19230,partner,false,754
app_20250113_00000108,2025-01-13 23:23:02,cust_871463,PLWA,mortgage,289688,300,520,medium,rejected,0,mobile_app,false,100
app_20250113_00000109,2025-01-13 06:45:16,cust_5971420,DEHE,credit_card,5557,12,740,low,approved,5557,online_banking,false,331
app_20250113_00000110,2025-01-13 01:24:50,cust_5548924,ESMA,refinance,312638,120,569,medium,rejected,0,branch,false,104
app_20250113_00000111,2025-01-13 23:27:11,cust_3855201,DEHE,auto_loan,29002,24,445,high,rejected,0,atm,false,40
app_20250113_00000112,2025-01-13 02:37:21,cust_8260114,AUTR,business_loan,24554,60,612,medium,rejected,0,atm,false,113
app_20250113_00000113,2025-01-13 09:58:52,cust_4166649,GRRE,business_loan,24867,60,533,medium,rejected,0,online_banking,false,77
app_20250113_00000114,2025-01-13 11:09:47,cust_6716527,BENL,credit_card,19377,12,602,medium,approved,19377,mobile_app,true,891
app_20250113_00000115,2025-01-13 21:44:57,cust_3266267,DEHE,cash_loan,29791,12,728,low,approved,29791,web,true,200
app_20250113_00000116,2025-01-13 17:50:23,cust_779303,AUTR,mortgage,498983,180,572,medium,approved,498983,mobile_app,false,722
app_20250113_00000117,2025-01-13 06:36:56,cust_1184278,ITMI,auto_loan,48867,24,602,medium,approved,48867,partner,false,116
app_20250113_00000118,2025-01-13 09:54:36,cust_8079595,DEHE,business_loan,35999,36,518,medium,rejected,0,call_center,true,149
app_20250113_00000119,2025-01-13 19:56:12,cust_5168633,NLAM,credit_card,19509,36,510,medium,rejected,0,atm,true,29
app_20250113_00000120,2025-01-13 17:06:17,cust_2903248,UKLO,mortgage,338911,360,464,high,rejected,0,online_banking,false,59
app_20250113_00000121,2025-01-13 16:14:13,cust_5259605,PLWA,cash_loan,10270,24,750,low,approved,10270,branch,false,122
app_20250113_00000122,2025-01-13 01:14:45,cust_7101362,ATVI,business_loan,7743,12,640,medium,approved,7743,call_center,true,373
app_20250113_00000123,2025-01-13 18:03:03,cust_726795,GRRE,cash_loan,47315,30,651,medium,approved,47315,partner,false,153
app_20250113_00000124,2025-01-13 06:57:59,cust_2976595,ITMI,refinance,373996,120,712,low,approved,373996,branch,true,486
app_20250113_00000125,2025-01-13 09:08:34,cust_1069823,UKLO,credit_card,41327,42,503,medium,rejected,0,branch,false,104
app_20250113_00000126,2025-01-13 20:27:24,cust_1661053,UKLO,credit_card,27678,30,559,medium,rejected,0,mobile,true,50
app_20250113_00000127,2025-01-13 05:28:50,cust_6348105,AUTR,personal_loan,39427,12,594,medium,rejected,0,call_center,true,145
app_20250113_00000128,2025-01-13 11:07:03,cust_7981496,AUTR,auto_loan,17314,60,725,low,approved,17314,partner,false,802
app_20250113_00000129,2025-01-13 11:12:05,cust_9232010,GRRE,business_loan,4499,24,646,medium,approved,4499,atm,false,701
app_20250113_00000130,2025-01-13 13:35:54,cust_7880855,FRID,mortgage,143602,120,639,medium,rejected,0,atm,true,15
app_20250113_00000131,2025-01-13 21:48:17,cust_970373,AUTR,business_loan,10882,24,604,medium,approved,10882,call_center,true,300
app_20250113_00000132,2025-01-13 16:17:57,cust_9046061,BENL,business_loan,18856,60,648,medium,rejected,0,atm,true,132
app_20250113_00000133,2025-01-13 18:07:23,cust_9549909,ATVI,education_loan,18206,36,636,medium,approved,18206,call_center,true,643
app_20250113_00000134,2025-01-13 09:12:01,cust_2250710,ITMI,auto_loan,43408,36,590,medium,rejected,0,mobile,true,161
app_20250113_00000135,2025-01-13 05:31:28,cust_4156215,GRRE,cash_loan,5148,18,585,medium,approved,5148,mobile_app,false,252
app_20250113_00000136,2025-01-13 21:02:29,cust_5642285,ITMI,refinance,425619,240,341,high,rejected,0,web,false,15
app_20250113_00000137,2025-01-13 02:18:20,cust_3491897,FRID,auto_loan,7284,60,681,medium,approved,7284,online_banking,false,731
app_20250113_00000138,2025-01-13 16:11:06,cust_2801162,GRRE,education_loan,26153,12,663,medium,approved,26153,call_center,true,757
app_20250113_00000139,2025-01-13 01:14:43,cust_7728070,AUTR,auto_loan,30048,72,689,medium,approved,30048,branch,true,740
app_20250113_00000140,2025-01-13 18:16:27,cust_8992498,CZPR,credit_card,20884,42,689,medium,rejected,0,atm,false,73
app_20250113_00000141,2025-01-13 18:57:48,cust_4781874,BENL,cash_loan,21868,42,466,high,rejected,0,mobile_app,true,102
app_20250113_00000142,2025-01-13 09:27:39,cust_214225,BENL,personal_loan,28777,30,587,medium,rejected,0,mobile,false,153
app_20250113_00000143,2025-01-13 14:38:16,cust_5415875,CZPR,refinance,268649,360,642,medium,rejected,0,mobile_app,false,64
app_20250113_00000144,2025-01-13 21:10:26,cust_6282400,ITMI,refinance,218710,120,683,medium,approved,218710,branch,true,209
app_20250113_00000145,2025-01-13 22:50:34,cust_372698,FRID,business_loan,33139,60,553,medium,approved,33139,atm,true,377
app_20250113_00000146,2025-01-13 14:36:02,cust_1996165,ATVI,refinance,313641,300,598,medium,approved,313641,online_banking,true,441
app_20250113_00000147,2025-01-13 08:05:32,cust_4886095,ESMA,credit_card,3804,24,351,high,rejected,0,atm,true,112
app_20250113_00000148,2025-01-13 07:08:23,cust_3005136,ITMI,credit_card,49158,36,595,medium,approved,49158,mobile_app,true,252
app_20250113_00000149,2025-01-13 22:05:08,cust_2966010,ESMA,cash_loan,15230,30,651,medium,rejected,0,mobile_app,false,77
app_20250113_00000150,2025-01-13 02:24:25,cust_1925009,UKLO,personal_loan,34052,24,621,medium,approved,34052,branch,true,696
app_20250113_00000151,2025-01-13 21:49:11,cust_3951354,AUTR,refinance,354807,300,693,medium,rejected,0,call_center,true,163
app_20250113_00000152,2025-01-13 07:57:24,cust_7699871,PORP,personal_loan,45176,42,604,medium,rejected,0,branch,false,7
app_20250113_00000153,2025-01-13 10:26:56,cust_7608314,AUTR,refinance,307670,180,792,low,approved,307670,mobile,false,91
app_20250113_00000154,2025-01-13 09:43:34,cust_9985011,CZPR,business_loan,13947,48,495,high,rejected,0,partner,false,116
app_20250113_00000155,2025-01-13 19:19:30,cust_5294683,PORP,auto_loan,20227,60,597,medium,approved,20227,partner,true,599
app_20250113_00000156,2025-01-13 21:30:36,cust_998557,PLWA,personal_loan,45804,30,630,medium,approved,45804,web,false,693
app_20250113_00000157,2025-01-13 16:25:19,cust_8517286,GRRE,refinance,120690,240,745,low,approved,120690,atm,false,833
app_20250113_00000158,2025-01-13 01:25:35,cust_1862106,PORP,auto_loan,31149,24,575,medium,approved,31149,atm,false,664
app_20250113_00000159,2025-01-13 23:11:25,cust_5497372,ESMA,credit_card,16346,24,536,medium,rejected,0,mobile,false,133
app_20250113_00000160,2025-01-13 17:45:05,cust_5808174,PLWA,mortgage,439548,360,459,high,rejected,0,mobile,false,124
app_20250113_00000161,2025-01-13 21:34:11,cust_1056014,DEHE,personal_loan,35838,18,693,medium,rejected,0,branch,true,20
app_20250113_00000162,2025-01-13 20:38:12,cust_6850561,SESV,business_loan,27154,48,675,medium,approved,27154,mobile_app,true,646
app_20250113_00000163,2025-01-13 19:19:08,cust_9291156,CZPR,personal_loan,24889,48,787,low,approved,24889,branch,false,82
app_20250113_00000164,2025-01-13 12:34:29,cust_7761478,AUTR,education_loan,20876,24,664,medium,approved,20876,atm,true,417
app_20250113_00000165,2025-01-13 11:54:00,cust_1318486,FRID,refinance,393555,300,699,medium,rejected,0,web,true,162
app_20250113_00000166,2025-01-13 07:15:29,cust_8555465,AUTR,business_loan,12264,12,517,medium,rejected,0,branch,true,112
app_20250113_00000167,2025-01-13 23:30:14,cust_165408,ITMI,mortgage,330500,120,497,high,approved,330500,web,true,703
app_20250113_00000168,2025-01-13 15:18:17,cust_7557324,DEHE,credit_card,5614,18,642,medium,rejected,0,atm,true,57
app_20250113_00000169,2025-01-13 05:22:49,cust_189146,FRID,business_loan,16226,36,743,low,approved,16226,mobile,false,735
app_20250113_00000170,2025-01-13 04:59:28,cust_4660640,GRRE,personal_loan,2572,12,850,low,approved,2572,branch,false,510
app_20250113_00000171,2025-01-13 13:02:10,cust_2426072,SESV,auto_loan,34340,60,539,medium,approved,34340,mobile,true,641
app_20250113_00000172,2025-01-13 06:18:43,cust_3116782,ATVI,personal_loan,19777,12,516,medium,approved,19777,mobile,false,683
app_20250113_00000173,2025-01-13 22:46:01,cust_7571493,UKLO,refinance,246076,360,791,low,approved,246076,partner,false,149
app_20250113_00000174,2025-01-13 23:03:51,cust_784534,ATVI,cash_loan,32772,42,663,medium,approved,32772,call_center,false,601
app_20250113_00000175,2025-01-13 21:54:35,cust_3275759,BENL,cash_loan,14975,36,722,low,approved,14975,atm,true,102
app_20250113_00000176,2025-01-13 17:01:33,cust_1494029,PLWA,business_loan,6519,60,556,medium,approved,6519,call_center,false,196
app_20250113_00000177,2025-01-13 14:29:30,cust_4459254,CHBE,auto_loan,45959,24,825,low,approved,45959,call_center,true,65
app_20250113_00000178,2025-01-13 17:42:55,cust_7641704,ATVI,cash_loan,10459,18,508,medium,rejected,0,partner,false,180
app_20250113_00000179,2025-01-13 19:53:08,cust_9615152,NLAM,credit_card,17895,12,832,low,approved,17895,mobile,true,712
app_20250113_00000180,2025-01-13 15:25:09,cust_8328116,AUTR,education_loan,32435,36,694,medium,approved,32435,online_banking,false,234
app_20250113_00000181,2025-01-13 23:49:01,cust_5632272,DEHE,credit_card,25812,48,699,medium,approved,25812,partner,false,614
app_20250113_00000182,2025-01-13 06:01:33,cust_7818175,AUTR,education_loan,39124,60,650,medium,approved,39124,partner,true,645
app_20250113_00000183,2025-01-13 17:59:47,cust_4668505,NLAM,business_loan,6125,36,713,low,approved,6125,atm,true,607
app_20250113_00000184,2025-01-13 15:11:45,cust_4308411,BENL,cash_loan,41551,48,675,medium,approved,41551,mobile,false,323
app_20250113_00000185,2025-01-13 10:19:28,cust_3803243,FRID,refinance,362450,240,574,medium,rejected,0,online_banking,false,164
app_20250113_00000186,2025-01-13 02:07:16,cust_943558,GRRE,education_loan,31797,12,666,medium,rejected,0,branch,false,82
app_20250113_00000187,2025-01-13 07:41:34,cust_1244921,CHBE,auto_loan,34692,48,724,low,rejected,0,partner,false,142
app_20250113_00000188,2025-01-13 15:43:10,cust_1977119,SESV,credit_card,22863,24,751,low,approved,22863,mobile_app,true,843
app_20250113_00000189,2025-01-13 20:53:02,cust_3825325,ATVI,credit_card,37867,42,588,medium,rejected,0,atm,true,47
app_20250113_00000190,2025-01-13 19:21:35,cust_9024475,PORP,refinance,276670,120,499,high,rejected,0,atm,true,95
app_20250113_00000191,2025-01-13 16:25:11,cust_9531558,AUTR,refinance,336777,300,638,medium,approved,336777,web,true,38
app_20250113_00000192,2025-01-13 18:16:15,cust_329556,FRID,credit_card,45882,30,639,medium,rejected,0,mobile_app,false,47
app_20250113_00000193,2025-01-13 09:53:29,cust_5616036,CHBE,mortgage,431231,120,548,medium,approved,431231,call_center,true,414
app_20250113_00000194,2025-01-13 04:27:00,cust_1124637,AUTR,credit_card,45259,42,572,medium,rejected,0,online_banking,false,147
app_20250113_00000195,2025-01-13 20:19:22,cust_8348713,GRRE,refinance,246460,240,740,low,approved,246460,online_banking,true,504
app_20250113_00000196,2025-01-13 15:42:29,cust_2747427,GRRE,business_loan,28503,60,695,medium,rejected,0,branch,true,37
app_20250113_00000197,2025-01-13 16:34:40,cust_9716120,PLWA,auto_loan,54562,36,715,low,approved,54562,call_center,true,406
app_20250113_00000198,2025-01-13 05:09:25,cust_5160605,ITMI,education_loan,22788,60,835,low,approved,22788,web,false,464
app_20250113_00000199,2025-01-13 05:29:56,cust_5442821,FRID,cash_loan,33982,18,649,medium,approved,33982,call_center,false,558
app_20250113_00000200,2025-01-13 05:25:50,cust_6407097,DEHE,mortgage,354100,120,739,low,approved,354100,partner,true,108
app_20250113_00000201,2025-01-13 11:07:56,cust_6560228,UKLO,credit_card,37806,30,761,low,approved,37806,mobile_app,false,304
app_20250113_00000202,2025-01-13 14:35:35,cust_638827,ESMA,personal_loan,8722,24,638,medium,approved,8722,mobile,true,596
app_20250113_00000203,2025-01-13 08:21:32,cust_3208682,ITMI,business_loan,4961,12,655,medium,approved,4961,web,true,819
app_20250113_00000204,2025-01-13 01:02:08,cust_1605297,BENL,credit_card,44657,48,828,low,approved,44657,online_banking,false,108
app_20250113_00000205,2025-01-13 03:08:45,cust_4772931,ATVI,business_loan,23260,36,839,low,approved,23260,web,false,310
app_20250113_00000206,2025-01-13 23:29:05,cust_4297033,ESMA,business_loan,30861,24,633,medium,approved,30861,web,false,734
app_20250113_00000207,2025-01-13 10:44:23,cust_6323386,FRID,auto_loan,47744,72,639,medium,rejected,0,online_banking,true,139
app_20250113_00000208,2025-01-13 22:09:09,cust_7274369,GRRE,auto_loan,7477,24,553,medium,approved,7477,call_center,true,396
app_20250113_00000209,2025-01-13 08:59:02,cust_1700781,AUTR,education_loan,2175,12,744,low,approved,2175,mobile_app,true,356
app_20250113_00000210,2025-01-13 09:34:33,cust_273018,ESMA,mortgage,401993,360,635,medium,rejected,0,partner,false,104
app_20250113_00000211,2025-01-13 10:15:17,cust_3704005,CZPR,mortgage,100357,360,688,medium,approved,100357,mobile,false,558
app_20250113_00000212,2025-01-13 00:40:04,cust_9579293,BENL,business_loan,13524,60,526,medium,rejected,0,mobile,false,119
app_20250113_00000213,2025-01-13 19:44:41,cust_8498714,PORP,credit_card,10810,42,485,high,rejected,0,online_banking,true,26
app_20250113_00000214,2025-01-13 16:16:04,cust_4944654,AUTR,cash_loan,14242,30,697,medium,rejected,0,mobile,false,152
app_20250113_00000215,2025-01-13 18:25:22,cust_7260457,ITMI,cash_loan,41735,48,507,medium,approved,41735,mobile,true,878
app_20250113_00000216,2025-01-13 23:22:02,cust_2418175,UKLO,refinance,484308,360,705,low,approved,484308,call_center,false,443
app_20250113_00000217,2025-01-13 20:14:40,cust_9718344,CHBE,cash_loan,9804,24,627,medium,approved,9804,online_banking,true,515
app_20250113_00000218,2025-01-13 13:43:24,cust_5537421,PORP,refinance,55438,240,762,low,approved,55438,web,false,426
app_20250113_00000219,2025-01-13 08:58:20,cust_3983470,ATVI,personal_loan,10211,30,526,medium,rejected,0,mobile_app,true,132
app_20250113_00000220,2025-01-13 10:04:21,cust_7481562,AUTR,education_loan,9607,60,587,medium,approved,9607,mobile,true,315
app_20250113_00000221,2025-01-13 00:38:26,cust_9148751,DEHE,education_loan,3363,12,615,medium,approved,3363,web,false,207
app_20250113_00000222,2025-01-13 00:09:33,cust_912274,ESMA,credit_card,14330,24,850,low,approved,14330,online_banking,false,278
app_20250113_00000223,2025-01-13 20:58:09,cust_6627422,AUTR,mortgage,210675,240,650,medium,rejected,0,partner,false,148
app_20250113_00000224,2025-01-13 13:52:41,cust_1905729,FRID,business_loan,38841,12,554,medium,approved,38841,mobile_app,false,554
app_20250113_00000225,2025-01-13 14:44:40,cust_7271545,BENL,refinance,78580,360,530,medium,rejected,0,call_center,true,159
app_20250113_00000226,2025-01-13 22:47:18,cust_1472662,PORP,mortgage,445531,180,687,medium,approved,445531,online_banking,false,250
app_20250113_00000227,2025-01-13 01:15:19,cust_7551403,AUTR,mortgage,275283,360,652,medium,approved,275283,online_banking,true,129
app_20250113_00000228,2025-01-13 02:26:51,cust_9256398,ATVI,auto_loan,51643,72,619,medium,approved,51643,online_banking,true,490
app_20250113_00000229,2025-01-13 09:59:49,cust_8304934,DEHE,education_loan,28834,48,560,medium,rejected,0,mobile,true,23
app_20250113_00000230,2025-01-13 02:55:16,cust_3948390,CHBE,education_loan,4739,60,731,low,approved,4739,call_center,false,414
app_20250113_00000231,2025-01-13 12:24:18,cust_9059570,PORP,cash_loan,19121,18,850,low,approved,19121,call_center,true,214
app_20250113_00000232,2025-01-13 08:14:03,cust_2679214,GRRE,credit_card,26491,42,642,medium,rejected,0,mobile,false,61
app_20250113_00000233,2025-01-13 18:31:52,cust_5280458,GRRE,auto_loan,20962,48,754,low,approved,20962,call_center,true,614
app_20250113_00000234,2025-01-13 19:57:05,cust_5361006,CZPR,business_loan,24702,60,669,medium,approved,24702,call_center,true,812
app_20250113_00000235,2025-01-13 01:16:02,cust_2915914,CHBE,auto_loan,53574,24,668,medium,approved,53574,call_center,false,771
app_20250113_00000236,2025-01-13 15:34:11,cust_8909583,ATVI,personal_loan,45209,42,716,low,approved,45209,online_banking,true,149
app_20250113_00000237,2025-01-13 08:33:22,cust_5675117,PLWA,auto_loan,59799,24,670,medium,approved,59799,web,true,695
app_20250113_00000238,2025-01-13 12:13:30,cust_9074587,NLAM,mortgage,115541,240,797,low,approved,115541,partner,true,491
app_20250113_00000239,2025-01-13 21:29:29,cust_5358396,ESMA,personal_loan,20393,42,522,medium,rejected,0,partner,false,151
app_20250113_00000240,2025-01-13 14:35:35,cust_382136,FRID,personal_loan,12743,24,410,high,rejected,0,partner,true,80
app_20250113_00000241,2025-01-13 19:30:59,cust_6081259,PORP,education_loan,7356,60,722,low,approved,7356,web,false,726
app_20250113_00000242,2025-01-13 04:06:45,cust_995518,PORP,credit_card,14972,42,764,low,approved,14972,atm,false,869
app_20250113_00000243,2025-01-13 16:03:38,cust_9553861,DEHE,mortgage,104680,120,642,medium,approved,104680,branch,false,488
app_20250113_00000244,2025-01-13 18:15:57,cust_5991252,DEHE,auto_loan,18476,48,630,medium,approved,18476,branch,true,103
app_20250113_00000245,2025-01-13 12:26:16,cust_5166115,SESV,personal_loan,26660,42,712,low,approved,26660,web,false,199
app_20250113_00000246,2025-01-13 01:47:27,cust_6597338,PORP,personal_loan,9264,36,603,medium,approved,9264,atm,false,625
app_20250113_00000247,2025-01-13 14:01:56,cust_5911709,FRID,mortgage,406179,300,695,medium,approved,406179,call_center,false,652
app_20250113_00000248,2025-01-13 12:53:23,cust_7341886,PORP,credit_card,41063,42,572,medium,rejected,0,partner,false,115
app_20250113_00000249,2025-01-13 22:50:49,cust_5162982,ESMA,refinance,218043,360,774,low,approved,218043,web,true,539
app_20250113_00000250,2025-01-13 17:27:59,cust_7665128,CHBE,personal_loan,11879,48,731,low,approved,11879,call_center,false,472
app_20250113_00000251,2025-01-13 11:03:17,cust_2570472,NLAM,credit_card,18697,36,730,low,approved,18697,online_banking,false,782
app_20250113_00000252,2025-01-13 16:18:49,cust_2921214,ESMA,business_loan,18936,36,540,medium,rejected,0,mobile,true,55
app_20250113_00000253,2025-01-13 13:58:20,cust_2448034,SESV,mortgage,333195,360,736,low,approved,333195,call_center,true,423
app_20250113_00000254,2025-01-13 01:17:26,cust_1246296,ESMA,education_loan,36620,24,450,high,rejected,0,online_banking,false,154
app_20250113_00000255,2025-01-13 21:06:55,cust_5202780,UKLO,personal_loan,25539,12,850,low,approved,25539,call_center,false,242
app_20250113_00000256,2025-01-13 16:55:49,cust_8998288,PLWA,cash_loan,38932,18,732,low,rejected,0,mobile,false,131
app_20250113_00000257,2025-01-13 09:10:39,cust_2904475,GRRE,education_loan,2733,60,824,low,approved,2733,partner,false,687
app_20250113_00000258,2025-01-13 06:54:00,cust_177177,ATVI,auto_loan,56207,72,525,medium,rejected,0,atm,true,81
app_20250113_00000259,2025-01-13 17:40:31,cust_2127666,PORP,auto_loan,21942,72,589,medium,approved,21942,web,false,99
app_20250113_00000260,2025-01-13 11:24:55,cust_9277646,BENL,business_loan,25989,12,637,medium,approved,25989,online_banking,true,612
app_20250113_00000261,2025-01-13 03:01:00,cust_1878664,GRRE,refinance,268460,360,656,medium,rejected,0,online_banking,false,127
app_20250113_00000262,2025-01-13 01:32:16,cust_8326443,AUTR,education_loan,21826,36,840,low,rejected,0,branch,true,14
app_20250113_00000263,2025-01-13 14:27:41,cust_9808357,PLWA,cash_loan,47403,12,738,low,approved,47403,call_center,false,122
app_20250113_00000264,2025-01-13 21:49:56,cust_6737560,FRID,credit_card,47846,36,740,low,approved,47846,partner,true,59
app_20250113_00000265,2025-01-13 06:14:14,cust_6893806,PLWA,auto_loan,32172,24,687,medium,rejected,0,web,false,77
app_20250113_00000266,2025-01-13 11:43:47,cust_3919883,CZPR,mortgage,163506,120,640,medium,approved,163506,partner,false,789
app_20250113_00000267,2025-01-13 09:17:57,cust_3142425,CHBE,credit_card,37195,48,646,medium,rejected,0,web,false,44
app_20250113_00000268,2025-01-13 07:45:27,cust_1053811,BENL,personal_loan,30341,12,838,low,approved,30341,branch,true,376
app_20250113_00000269,2025-01-13 01:42:47,cust_4492345,ATVI,cash_loan,15821,36,509,medium,approved,15821,partner,false,533
app_20250113_00000270,2025-01-13 22:57:00,cust_6107763,UKLO,cash_loan,29298,12,653,medium,approved,29298,online_banking,false,419
app_20250113_00000271,2025-01-13 00:57:51,cust_5215648,GRRE,education_loan,21826,48,426,high,rejected,0,call_center,true,180
app_20250113_00000272,2025-01-13 16:06:57,cust_2417363,ESMA,refinance,164280,180,646,medium,approved,164280,mobile_app,true,550
app_20250113_00000273,2025-01-13 12:54:26,cust_7075724,FRID,personal_loan,3373,42,709,low,approved,3373,mobile_app,false,799
app_20250113_00000274,2025-01-13 02:37:36,cust_5756482,GRRE,business_loan,18262,12,495,high,rejected,0,partner,false,45
app_20250113_00000275,2025-01-13 14:30:12,cust_4904777,ATVI,personal_loan,37026,42,639,medium,approved,37026,branch,true,571
app_20250113_00000276,2025-01-13 01:22:34,cust_7885085,ATVI,business_loan,21215,60,651,medium,approved,21215,partner,false,276
app_20250113_00000277,2025-01-13 22:43:33,cust_8560225,AUTR,refinance,410254,240,600,medium,rejected,0,atm,false,137
app_20250113_00000278,2025-01-13 06:45:11,cust_387177,PLWA,auto_loan,43090,60,559,medium,rejected,0,online_banking,true,60
app_20250113_00000279,2025-01-13 04:18:15,cust_9046454,UKLO,mortgage,403566,300,764,low,approved,403566,atm,true,874
app_20250113_00000280,2025-01-13 16:41:44,cust_2099738,AUTR,business_loan,6556,60,673,medium,rejected,0,branch,false,56
app_20250113_00000281,2025-01-13 15:32:49,cust_4958984,UKLO,refinance,361956,120,839,low,approved,361956,online_banking,false,465
app_20250113_00000282,2025-01-13 14:02:46,cust_1825882,FRID,business_loan,26254,24,690,medium,approved,26254,mobile_app,false,793
app_20250113_00000283,2025-01-13 09:45:55,cust_4787922,PORP,auto_loan,6354,72,704,low,rejected,0,branch,false,52
app_20250113_00000284,2025-01-13 10:04:03,cust_6855676,CHBE,personal_loan,28522,36,657,medium,approved,28522,partner,true,139
app_20250113_00000285,2025-01-13 15:08:03,cust_4215040,BENL,business_loan,19735,48,778,low,approved,19735,web,true,497
app_20250113_00000286,2025-01-13 05:47:58,cust_7618808,DEHE,education_loan,2195,12,328,high,rejected,0,atm,false,79
app_20250113_00000287,2025-01-13 04:41:34,cust_5666844,FRID,mortgage,202924,240,785,low,approved,202924,atm,false,168
app_20250113_00000288,2025-01-13 00:43:51,cust_514764,ATVI,cash_loan,28107,24,637,medium,rejected,0,partner,true,14
app_20250113_00000289,2025-01-13 12:24:48,cust_9510140,SESV,credit_card,37117,30,810,low,approved,37117,call_center,false,223
app_20250113_00000290,2025-01-13 03:44:57,cust_4099505,DEHE,auto_loan,35373,48,747,low,approved,35373,mobile,true,641
app_20250113_00000291,2025-01-13 19:40:20,cust_2135963,PORP,refinance,248247,300,501,medium,rejected,0,online_banking,true,11
app_20250113_00000292,2025-01-13 23:50:19,cust_6598214,SESV,mortgage,100532,240,616,medium,approved,100532,branch,false,424
app_20250113_00000293,2025-01-13 05:29:25,cust_5143127,ATVI,education_loan,5018,36,615,medium,rejected,0,web,true,159
app_20250113_00000294,2025-01-13 03:59:41,cust_8643554,BENL,personal_loan,29027,18,761,low,approved,29027,mobile,false,465
app_20250113_00000295,2025-01-13 03:40:44,cust_2501935,UKLO,credit_card,21472,24,721,low,approved,21472,online_banking,true,158
app_20250113_00000296,2025-01-13 02:27:39,cust_2730580,PORP,refinance,98531,240,752,low,approved,98531,call_center,false,804
app_20250113_00000297,2025-01-13 19:58:50,cust_4052501,GRRE,credit_card,19011,30,717,low,approved,19011,partner,true,53
app_20250113_00000298,2025-01-13 17:44:27,cust_6582817,ESMA,cash_loan,12068,48,759,low,approved,12068,mobile,true,840
app_20250113_00000299,2025-01-13 14:05:31,cust_2466081,FRID,mortgage,426542,180,582,medium,approved,426542,mobile,false,369
app_20250113_00000300,2025-01-13 02:51:13,cust_4817085,PORP,education_loan,6442,24,723,low,approved,6442,web,false,278
app_20250113_00000301,2025-01-13 21:14:43,cust_4014505,NLAM,auto_loan,41868,48,686,medium,rejected,0,branch,false,74
app_20250113_00000302,2025-01-13 09:47:43,cust_743879,GRRE,personal_loan,16238,42,651,medium,approved,16238,mobile_app,false,486
app_20250113_00000303,2025-01-13 20:40:53,cust_8412100,UKLO,business_loan,10217,12,733,low,approved,10217,partner,true,436
app_20250113_00000304,2025-01-13 04:48:22,cust_4046727,CZPR,cash_loan,2009,12,589,medium,rejected,0,online_banking,false,32
app_20250113_00000305,2025-01-13 12:31:44,cust_6564551,GRRE,personal_loan,19686,24,744,low,approved,19686,branch,false,489
app_20250113_00000306,2025-01-13 18:24:36,cust_3597041,CHBE,education_loan,9130,60,685,medium,approved,9130,call_center,false,698
app_20250113_00000307,2025-01-13 23:42:24,cust_3632804,CHBE,mortgage,282528,120,744,low,approved,282528,mobile,true,71
app_20250113_00000308,2025-01-13 20:43:10,cust_5316553,NLAM,personal_loan,37828,18,627,medium,approved,37828,partner,true,662
app_20250113_00000309,2025-01-13 06:57:22,cust_4728087,DEHE,auto_loan,27128,36,695,medium,approved,27128,web,false,120
app_20250113_00000310,2025-01-13 12:11:58,cust_6540251,ITMI,auto_loan,52050,24,504,medium,rejected,0,mobile,false,100
app_20250113_00000311,2025-01-13 17:16:27,cust_2640166,GRRE,business_loan,25423,60,464,high,approved,25423,mobile_app,false,345
app_20250113_00000312,2025-01-13 14:47:20,cust_8910291,CZPR,mortgage,208233,180,790,low,approved,208233,mobile,false,773
app_20250113_00000313,2025-01-13 11:50:11,cust_1146267,ITMI,personal_loan,33870,18,716,low,approved,33870,atm,false,684
app_20250113_00000314,2025-01-13 15:41:12,cust_771507,AUTR,auto_loan,48254,48,615,medium,approved,48254,call_center,true,781
app_20250113_00000315,2025-01-13 03:32:34,cust_594219,UKLO,credit_card,42726,48,603,medium,rejected,0,web,false,66
app_20250113_00000316,2025-01-13 14:22:48,cust_696873,PORP,education_loan,27008,48,671,medium,approved,27008,call_center,false,230
app_20250113_00000317,2025-01-13 13:26:51,cust_4822384,NLAM,education_loan,27687,12,457,high,rejected,0,call_center,false,9
app_20250113_00000318,2025-01-13 16:45:04,cust_8388683,ITMI,mortgage,139220,240,541,medium,approved,139220,partner,false,307
app_20250113_00000319,2025-01-13 00:42:24,cust_5451560,ATVI,mortgage,70893,180,579,medium,approved,70893,atm,false,462
app_20250113_00000320,2025-01-13 03:56:48,cust_2291552,SESV,cash_loan,41077,30,625,medium,rejected,0,mobile_app,true,180
app_20250113_00000321,2025-01-13 07:00:38,cust_2169865,ITMI,education_loan,32357,60,630,medium,approved,32357,partner,false,422
app_20250113_00000322,2025-01-13 10:13:05,cust_3019121,PORP,credit_card,11159,48,724,low,approved,11159,atm,true,283
app_20250113_00000323,2025-01-13 03:05:56,cust_6528982,ITMI,education_loan,35823,60,502,medium,rejected,0,mobile,false,26
app_20250113_00000324,2025-01-13 18:59:17,cust_797456,DEHE,education_loan,28155,36,528,medium,rejected,0,branch,false,178
app_20250113_00000325,2025-01-13 13:50:13,cust_2556362,BENL,business_loan,35948,12,782,low,approved,35948,branch,false,711
app_20250113_00000326,2025-01-13 13:35:05,cust_764209,CZPR,auto_loan,33102,72,600,medium,rejected,0,online_banking,false,160
app_20250113_00000327,2025-01-13 17:58:13,cust_7869896,GRRE,auto_loan,55018,36,614,medium,rejected,0,web,true,89
app_20250113_00000328,2025-01-13 14:55:09,cust_5874109,SESV,credit_card,42944,42,715,low,approved,42944,mobile_app,false,302
app_20250113_00000329,2025-01-13 17:34:19,cust_4710264,DEHE,cash_loan,39424,42,601,medium,approved,39424,atm,false,89
app_20250113_00000330,2025-01-13 05:24:43,cust_644042,PLWA,education_loan,13968,48,682,medium,approved,13968,online_banking,true,575
app_20250113_00000331,2025-01-13 14:32:53,cust_8006699,ESMA,business_loan,3516,36,629,medium,approved,3516,mobile_app,true,341
app_20250113_00000332,2025-01-13 10:11:54,cust_5940949,PORP,mortgage,471033,360,809,low,approved,471033,mobile_app,true,598
app_20250113_00000333,2025-01-13 20:01:21,cust_7691100,PORP,business_loan,24852,36,545,medium,rejected,0,online_banking,false,180
app_20250113_00000334,2025-01-13 04:15:37,cust_3922453,FRID,mortgage,140201,240,621,medium,approved,140201,call_center,true,75
app_20250113_00000335,2025-01-13 09:05:02,cust_4774865,UKLO,business_loan,27262,48,590,medium,approved,27262,mobile_app,false,851
app_20250113_00000336,2025-01-13 22:58:11,cust_8509437,SESV,cash_loan,17739,18,526,medium,rejected,0,call_center,true,46
app_20250113_00000337,2025-01-13 11:00:14,cust_4670416,SESV,refinance,498344,360,432,high,rejected,0,online_banking,true,127
app_20250113_00000338,2025-01-13 13:57:28,cust_1654198,ATVI,personal_loan,28070,36,711,low,approved,28070,partner,false,556
app_20250113_00000339,2025-01-13 18:38:53,cust_159854,AUTR,credit_card,42972,12,567,medium,rejected,0,atm,true,51
app_20250113_00000340,2025-01-13 14:44:56,cust_5747850,ITMI,refinance,204326,120,457,high,rejected,0,branch,true,37
app_20250113_00000341,2025-01-13 15:59:44,cust_9875559,ITMI,education_loan,19123,12,581,medium,rejected,0,branch,false,170
app_20250113_00000342,2025-01-13 21:56:54,cust_4824666,ATVI,refinance,97227,300,579,medium,approved,97227,web,false,589
app_20250113_00000343,2025-01-13 20:52:12,cust_7528572,CZPR,refinance,491104,360,768,low,approved,491104,mobile_app,false,675
app_20250113_00000344,2025-01-13 01:44:35,cust_7195759,NLAM,business_loan,13204,60,629,medium,rejected,0,branch,false,17
app_20250113_00000345,2025-01-13 04:37:17,cust_8212650,ATVI,auto_loan,27559,72,572,medium,rejected,0,atm,false,176
app_20250113_00000346,2025-01-13 21:03:32,cust_1268904,GRRE,cash_loan,48886,18,850,low,approved,48886,branch,false,552
app_20250113_00000347,2025-01-13 15:04:49,cust_5087185,PLWA,auto_loan,36690,36,514,medium,approved,36690,online_banking,true,786
app_20250113_00000348,2025-01-13 06:17:45,cust_2425106,CZPR,refinance,434683,120,590,medium,rejected,0,web,true,109
app_20250113_00000349,2025-01-13 15:30:41,cust_8625601,PLWA,auto_loan,5238,24,534,medium,approved,5238,atm,false,834
app_20250113_00000350,2025-01-13 19:32:16,cust_7856682,FRID,refinance,193979,120,598,medium,approved,193979,call_center,false,740
app_20250113_00000351,2025-01-13 17:34:57,cust_1180402,SESV,credit_card,27317,24,850,low,approved,27317,online_banking,true,347
app_20250113_00000352,2025-01-13 14:15:00,cust_8509505,PORP,auto_loan,53578,36,581,medium,approved,53578,mobile_app,true,446
app_20250113_00000353,2025-01-13 08:38:14,cust_3785397,ESMA,cash_loan,3819,24,669,medium,approved,3819,call_center,false,209
app_20250113_00000354,2025-01-13 21:57:32,cust_5580417,UKLO,refinance,393462,120,638,medium,approved,393462,mobile_app,false,54
app_20250113_00000355,2025-01-13 04:21:41,cust_8866737,FRID,refinance,98301,300,637,medium,rejected,0,atm,false,19
app_20250113_00000356,2025-01-13 04:30:37,cust_733097,PLWA,auto_loan,45902,36,547,medium,approved,45902,partner,true,535
app_20250113_00000357,2025-01-13 00:28:45,cust_5407461,AUTR,mortgage,111128,300,625,medium,approved,111128,online_banking,true,103
app_20250113_00000358,2025-01-13 05:35:44,cust_7034552,DEHE,mortgage,402609,120,591,medium,approved,402609,web,true,239
app_20250113_00000359,2025-01-13 09:39:12,cust_9254536,NLAM,auto_loan,51444,48,850,low,approved,51444,call_center,false,629
app_20250113_00000360,2025-01-13 00:56:56,cust_6137814,ATVI,auto_loan,45749,24,692,medium,approved,45749,atm,false,139
app_20250113_00000361,2025-01-13 14:21:04,cust_5868881,AUTR,personal_loan,48913,48,619,medium,approved,48913,web,true,34
app_20250113_00000362,2025-01-13 04:29:22,cust_4652485,ITMI,mortgage,477801,180,613,medium,approved,477801,online_banking,false,353
app_20250113_00000363,2025-01-13 18:56:53,cust_9164805,CZPR,refinance,398117,360,706,low,approved,398117,atm,false,596
app_20250113_00000364,2025-01-13 15:12:03,cust_516405,FRID,personal_loan,34387,36,782,low,approved,34387,partner,true,260
app_20250113_00000365,2025-01-13 11:43:56,cust_935586,BENL,auto_loan,26980,72,642,medium,rejected,0,branch,false,141
app_20250113_00000366,2025-01-13 01:27:29,cust_1195992,FRID,business_loan,17943,12,652,medium,approved,17943,branch,false,159
app_20250113_00000367,2025-01-13 12:23:07,cust_4573054,NLAM,mortgage,467888,120,709,low,rejected,0,branch,true,77
app_20250113_00000368,2025-01-13 12:15:21,cust_3031954,PORP,education_loan,21785,36,749,low,approved,21785,atm,false,378
app_20250113_00000369,2025-01-13 19:05:16,cust_1441340,AUTR,credit_card,22074,36,430,high,rejected,0,mobile_app,true,108
app_20250113_00000370,2025-01-13 04:14:19,cust_2902434,ATVI,personal_loan,21690,30,505,medium,rejected,0,web,false,21
app_20250113_00000371,2025-01-13 15:05:24,cust_8573976,DEHE,refinance,370946,360,698,medium,approved,370946,atm,true,886
app_20250113_00000372,2025-01-13 07:30:27,cust_8681478,ATVI,cash_loan,43839,12,479,high,rejected,0,partner,true,15
app_20250113_00000373,2025-01-13 11:04:45,cust_1927291,ITMI,education_loan,39325,12,524,medium,approved,39325,call_center,true,723
app_20250113_00000374,2025-01-13 14:17:38,cust_6194165,ITMI,personal_loan,20952,12,603,medium,rejected,0,atm,false,12
app_20250113_00000375,2025-01-13 13:42:29,cust_4822947,SESV,credit_card,11205,30,581,medium,rejected,0,web,true,109
app_20250113_00000376,2025-01-13 15:05:59,cust_6948575,BENL,auto_loan,50522,60,712,low,approved,50522,atm,true,845
app_20250113_00000377,2025-01-13 06:58:25,cust_1272341,UKLO,mortgage,477350,180,489,high,approved,477350,web,false,755
app_20250113_00000378,2025-01-13 06:39:14,cust_8964053,GRRE,auto_loan,32040,72,545,medium,rejected,0,mobile_app,false,151
app_20250113_00000379,2025-01-13 00:18:39,cust_5760225,FRID,personal_loan,28759,48,485,high,rejected,0,mobile,true,147
app_20250113_00000380,2025-01-13 21:30:35,cust_4624909,PLWA,credit_card,49984,12,761,low,approved,49984,mobile_app,true,69
app_20250113_00000381,2025-01-13 12:22:49,cust_9026086,CZPR,cash_loan,1602,24,550,medium,rejected,0,online_banking,true,90
app_20250113_00000382,2025-01-13 02:55:24,cust_1228863,CZPR,credit_card,42959,48,530,medium,rejected,0,branch,true,102
app_20250113_00000383,2025-01-13 17:48:10,cust_3641144,CZPR,mortgage,317673,240,699,medium,rejected,0,mobile,true,83
app_20250113_00000384,2025-01-13 14:08:08,cust_3795473,NLAM,auto_loan,17232,60,447,high,rejected,0,web,true,38
app_20250113_00000385,2025-01-13 04:01:38,cust_317724,AUTR,credit_card,47960,30,656,medium,approved,47960,online_banking,false,618
app_20250113_00000386,2025-01-13 13:51:03,cust_4256625,FRID,credit_card,12134,12,653,medium,approved,12134,web,true,649
app_20250113_00000387,2025-01-13 15:04:21,cust_7194434,ESMA,credit_card,22367,48,676,medium,approved,22367,mobile_app,false,304
app_20250113_00000388,2025-01-13 06:03:10,cust_8402816,CZPR,business_loan,33616,12,531,medium,rejected,0,partner,true,64
app_20250113_00000389,2025-01-13 11:16:03,cust_7106350,CZPR,refinance,272447,240,673,medium,approved,272447,mobile_app,false,410
app_20250113_00000390,2025-01-13 07:23:33,cust_7461890,NLAM,credit_card,1724,12,677,medium,approved,1724,call_center,false,596
app_20250113_00000391,2025-01-13 18:42:23,cust_474355,FRID,personal_loan,3053,30,573,medium,approved,3053,mobile,true,851
app_20250113_00000392,2025-01-13 04:09:39,cust_2296476,BENL,mortgage,164459,120,741,low,rejected,0,partner,true,103
app_20250113_00000393,2025-01-13 19:47:27,cust_8677128,GRRE,refinance,203520,120,450,high,approved,203520,partner,true,213
app_20250113_00000394,2025-01-13 04:07:08,cust_6265922,ATVI,mortgage,437730,240,544,medium,approved,437730,mobile_app,true,713
app_20250113_00000395,2025-01-13 07:54:49,cust_4418212,FRID,credit_card,5322,12,645,medium,approved,5322,mobile_app,true,51
app_20250113_00000396,2025-01-13 03:55:36,cust_7681073,BENL,mortgage,380315,240,775,low,approved,380315,online_banking,false,749
app_20250113_00000397,2025-01-13 19:34:58,cust_4425612,PLWA,business_loan,5384,36,640,medium,rejected,0,atm,true,106
app_20250113_00000398,2025-01-13 04:02:41,cust_1418986,GRRE,auto_loan,17490,72,650,medium,approved,17490,mobile_app,false,199
app_20250113_00000399,2025-01-13 18:27:14,cust_4697824,SESV,education_loan,20142,36,622,medium,approved,20142,call_center,false,429
app_20250113_00000400,2025-01-13 20:11:35,cust_791782,NLAM,credit_card,35475,24,615,medium,approved,35475,online_banking,false,296
app_20250113_00000401,2025-01-13 08:26:34,cust_9266921,PORP,refinance,165806,180,668,medium,approved,165806,web,true,581
app_20250113_00000402,2025-01-13 20:11:45,cust_8988976,BENL,credit_card,25707,42,850,low,approved,25707,mobile_app,true,569
app_20250113_00000403,2025-01-13 14:05:40,cust_9380949,ESMA,personal_loan,42340,36,792,low,approved,42340,call_center,true,143
app_20250113_00000404,2025-01-13 17:11:41,cust_2975187,CZPR,cash_loan,29500,42,709,low,approved,29500,mobile,true,573
app_20250113_00000405,2025-01-13 15:20:55,cust_8432291,DEHE,refinance,382268,360,660,medium,rejected,0,web,false,29
app_20250113_00000406,2025-01-13 22:24:55,cust_7453082,GRRE,education_loan,24423,60,788,low,approved,24423,branch,false,784
app_20250113_00000407,2025-01-13 12:47:30,cust_2939550,UKLO,personal_loan,32376,42,825,low,approved,32376,branch,true,623
app_20250113_00000408,2025-01-13 22:20:24,cust_669379,NLAM,auto_loan,53433,60,708,low,rejected,0,mobile_app,false,141
app_20250113_00000409,2025-01-13 12:47:57,cust_8356299,ITMI,mortgage,275187,240,661,medium,approved,275187,web,false,800
app_20250113_00000410,2025-01-13 06:07:56,cust_5017115,ESMA,business_loan,14546,24,647,medium,approved,14546,online_banking,false,536
app_20250113_00000411,2025-01-13 19:59:37,cust_6861260,AUTR,auto_loan,51655,24,600,medium,approved,51655,mobile,false,297
app_20250113_00000412,2025-01-13 03:39:03,cust_676142,CZPR,mortgage,213072,360,739,low,approved,213072,web,false,587
app_20250113_00000413,2025-01-13 22:08:40,cust_3904814,GRRE,credit_card,47353,18,693,medium,approved,47353,partner,true,779
app_20250113_00000414,2025-01-13 13:16:32,cust_6201577,FRID,mortgage,200578,300,740,low,approved,200578,partner,true,302
app_20250113_00000415,2025-01-13 13:14:39,cust_9854372,AUTR,auto_loan,28552,48,774,low,approved,28552,branch,true,853
app_20250113_00000416,2025-01-13 23:09:19,cust_8249414,ITMI,education_loan,23986,24,774,low,approved,23986,mobile_app,true,285
app_20250113_00000417,2025-01-13 04:55:21,cust_3408079,ATVI,cash_loan,28274,42,505,medium,rejected,0,mobile,true,106
app_20250113_00000418,2025-01-13 21:30:04,cust_1744360,CHBE,mortgage,446430,180,690,medium,approved,446430,online_banking,true,780
app_20250113_00000419,2025-01-13 19:09:44,cust_413711,ATVI,refinance,442568,360,826,low,rejected,0,mobile_app,false,153
app_20250113_00000420,2025-01-13 17:43:27,cust_6270152,AUTR,business_loan,39104,12,524,medium,rejected,0,call_center,false,46
app_20250113_00000421,2025-01-13 13:16:40,cust_8700625,FRID,refinance,283458,180,735,low,approved,283458,mobile,true,479
app_20250113_00000422,2025-01-13 22:36:56,cust_302672,SESV,mortgage,478680,120,613,medium,approved,478680,web,false,295
app_20250113_00000423,2025-01-13 05:16:08,cust_2136264,NLAM,mortgage,165125,300,562,medium,approved,165125,call_center,true,719
app_20250113_00000424,2025-01-13 12:06:25,cust_2533998,ATVI,business_loan,6931,36,589,medium,rejected,0,atm,false,135
app_20250113_00000425,2025-01-13 01:14:15,cust_9085604,CZPR,education_loan,10259,48,748,low,rejected,0,branch,false,175
app_20250113_00000426,2025-01-13 14:02:10,cust_2562017,ITMI,mortgage,165681,360,665,medium,rejected,0,call_center,false,23
app_20250113_00000427,2025-01-13 00:37:07,cust_9617810,ITMI,auto_loan,38276,72,734,low,approved,38276,call_center,true,453
app_20250113_00000428,2025-01-13 08:18:35,cust_9737146,PORP,cash_loan,28612,48,719,low,approved,28612,atm,false,199
app_20250113_00000429,2025-01-13 08:30:19,cust_864426,DEHE,refinance,165418,180,729,low,approved,165418,mobile,false,191
app_20250113_00000430,2025-01-13 03:40:42,cust_3601084,ATVI,credit_card,48544,12,680,medium,approved,48544,mobile,true,609
app_20250113_00000431,2025-01-13 16:36:13,cust_8574012,FRID,mortgage,319515,180,850,low,rejected,0,mobile_app,false,163
app_20250113_00000432,2025-01-13 11:56:38,cust_4666945,ESMA,credit_card,48717,24,637,medium,approved,48717,web,false,147
app_20250113_00000433,2025-01-13 11:05:21,cust_8723957,GRRE,refinance,392930,120,539,medium,rejected,0,partner,true,158
app_20250113_00000434,2025-01-13 06:49:35,cust_2926018,PLWA,refinance,412310,240,850,low,approved,412310,call_center,true,93
app_20250113_00000435,2025-01-13 05:47:03,cust_8949433,ESMA,auto_loan,39114,36,597,medium,rejected,0,online_banking,false,79
app_20250113_00000436,2025-01-13 21:18:36,cust_7608131,BENL,auto_loan,47619,24,750,low,approved,47619,partner,false,573
app_20250113_00000437,2025-01-13 00:33:13,cust_4148677,ATVI,personal_loan,5688,42,523,medium,approved,5688,call_center,true,433
app_20250113_00000438,2025-01-13 22:25:59,cust_6988472,BENL,education_loan,28868,24,502,medium,approved,28868,partner,false,445
app_20250113_00000439,2025-01-13 23:13:10,cust_7653135,NLAM,auto_loan,28257,36,587,medium,approved,28257,call_center,true,428
app_20250113_00000440,2025-01-13 11:02:55,cust_8633950,CZPR,education_loan,26161,12,727,low,approved,26161,mobile_app,false,420
app_20250113_00000441,2025-01-13 22:14:31,cust_8913442,ATVI,cash_loan,38537,48,591,medium,approved,38537,web,true,430
app_20250113_00000442,2025-01-13 23:04:58,cust_5994426,UKLO,auto_loan,42331,48,510,medium,rejected,0,atm,true,56
app_20250113_00000443,2025-01-13 05:27:10,cust_7157887,NLAM,cash_loan,28326,12,784,low,approved,28326,mobile,false,625
app_20250113_00000444,2025-01-13 23:11:32,cust_8155687,DEHE,education_loan,8442,36,529,medium,approved,8442,branch,false,579
app_20250113_00000445,2025-01-13 21:11:50,cust_6672744,FRID,refinance,225132,240,721,low,approved,225132,online_banking,true,694
app_20250113_00000446,2025-01-13 12:24:25,cust_8079499,CHBE,credit_card,17479,36,528,medium,approved,17479,web,false,152
app_20250113_00000447,2025-01-13 13:44:57,cust_3622115,FRID,credit_card,7668,48,727,low,approved,7668,branch,false,817
app_20250113_00000448,2025-01-13 00:44:06,cust_2449816,CZPR,business_loan,34375,60,627,medium,rejected,0,mobile_app,false,20
app_20250113_00000449,2025-01-13 19:31:44,cust_1012475,AUTR,business_loan,31578,60,597,medium,approved,31578,mobile,false,607
app_20250113_00000450,2025-01-13 10:58:57,cust_9796785,DEHE,refinance,134568,360,742,low,approved,134568,call_center,true,765
app_20250113_00000451,2025-01-13 17:27:24,cust_4961305,UKLO,personal_loan,47523,48,585,medium,rejected,0,mobile_app,true,159
app_20250113_00000452,2025-01-13 11:12:41,cust_8178160,ATVI,refinance,302532,240,850,low,approved,302532,call_center,false,262
app_20250113_00000453,2025-01-13 22:34:14,cust_8483441,PORP,refinance,91490,120,732,low,approved,91490,call_center,false,418
app_20250113_00000454,2025-01-13 05:30:17,cust_3600898,UKLO,business_loan,39836,48,682,medium,approved,39836,mobile_app,true,667
app_20250113_00000455,2025-01-13 07:36:35,cust_1374697,ATVI,mortgage,234241,240,488,high,rejected,0,mobile,true,169
app_20250113_00000456,2025-01-13 17:53:24,cust_9809717,ATVI,refinance,270255,360,750,low,rejected,0,branch,false,65
app_20250113_00000457,2025-01-13 01:26:03,cust_3083457,PLWA,mortgage,82860,300,607,medium,approved,82860,call_center,true,310
app_20250113_00000458,2025-01-13 01:57:59,cust_2937291,CZPR,cash_loan,11209,30,850,low,approved,11209,partner,false,599
app_20250113_00000459,2025-01-13 23:47:30,cust_4014695,CHBE,credit_card,3541,24,663,medium,approved,3541,call_center,false,716
app_20250113_00000460,2025-01-13 09:14:03,cust_1746910,ATVI,cash_loan,38732,18,678,medium,approved,38732,mobile,false,265
app_20250113_00000461,2025-01-13 06:20:43,cust_6972427,UKLO,mortgage,110616,240,642,medium,rejected,0,mobile,false,86
app_20250113_00000462,2025-01-13 15:28:06,cust_6110005,DEHE,business_loan,35071,48,630,medium,approved,35071,online_banking,false,703
app_20250113_00000463,2025-01-13 03:43:01,cust_2243598,AUTR,credit_card,36026,36,720,low,approved,36026,branch,false,482
app_20250113_00000464,2025-01-13 12:40:33,cust_2658238,UKLO,refinance,495592,180,591,medium,approved,495592,branch,false,104
app_20250113_00000465,2025-01-13 15:02:34,cust_3491498,PORP,business_loan,21090,48,789,low,approved,21090,partner,true,536
app_20250113_00000466,2025-01-13 14:05:09,cust_6113045,CHBE,cash_loan,21919,18,757,low,approved,21919,branch,false,717
app_20250113_00000467,2025-01-13 14:53:24,cust_6155443,CZPR,business_loan,11125,36,625,medium,approved,11125,partner,true,805
app_20250113_00000468,2025-01-13 19:47:58,cust_2462212,NLAM,mortgage,256673,360,692,medium,approved,256673,call_center,true,157
app_20250113_00000469,2025-01-13 01:20:02,cust_7216240,NLAM,cash_loan,24735,48,698,medium,rejected,0,online_banking,false,123
app_20250113_00000470,2025-01-13 15:36:00,cust_131990,PORP,credit_card,4697,42,624,medium,approved,4697,partner,false,443
app_20250113_00000471,2025-01-13 21:34:32,cust_7265281,ESMA,credit_card,17799,18,682,medium,approved,17799,web,false,39
app_20250113_00000472,2025-01-13 05:07:45,cust_6537722,ITMI,business_loan,11692,48,632,medium,approved,11692,mobile,true,47
app_20250113_00000473,2025-01-13 07:13:14,cust_9306180,ESMA,auto_loan,21172,72,511,medium,approved,21172,web,true,225
app_20250113_00000474,2025-01-13 11:16:08,cust_4729921,CZPR,business_loan,8617,36,547,medium,rejected,0,atm,true,60
app_20250113_00000475,2025-01-13 06:09:21,cust_4007730,FRID,business_loan,30833,60,602,medium,approved,30833,call_center,false,433
app_20250113_00000476,2025-01-13 00:16:08,cust_5148312,AUTR,mortgage,349682,120,604,medium,rejected,0,online_banking,true,37
app_20250113_00000477,2025-01-13 19:53:05,cust_8281181,ATVI,auto_loan,44724,36,687,medium,rejected,0,partner,true,134
app_20250113_00000478,2025-01-13 11:47:52,cust_6646791,ESMA,credit_card,21343,42,706,low,rejected,0,mobile,false,132
app_20250113_00000479,2025-01-13 08:52:51,cust_3850172,DEHE,cash_loan,27789,24,587,medium,rejected,0,atm,true,9
app_20250113_00000480,2025-01-13 18:23:10,cust_7793577,CZPR,business_loan,20779,60,750,low,approved,20779,mobile,false,323
app_20250113_00000481,2025-01-13 18:25:04,cust_8695203,PORP,business_loan,28381,12,614,medium,rejected,0,atm,true,54
app_20250113_00000482,2025-01-13 12:08:33,cust_1019663,PORP,cash_loan,24406,18,589,medium,approved,24406,online_banking,true,672
app_20250113_00000483,2025-01-13 03:00:03,cust_3659459,NLAM,personal_loan,3762,30,665,medium,approved,3762,mobile_app,false,750
app_20250113_00000484,2025-01-13 06:31:55,cust_6222387,AUTR,education_loan,35541,48,624,medium,approved,35541,partner,false,899
app_20250113_00000485,2025-01-13 12:09:00,cust_1922712,PORP,mortgage,262124,300,727,low,approved,262124,call_center,false,348
app_20250113_00000486,2025-01-13 03:53:44,cust_3672368,PLWA,mortgage,74811,360,779,low,approved,74811,atm,true,650
app_20250113_00000487,2025-01-13 13:21:19,cust_6734176,FRID,auto_loan,31161,36,515,medium,rejected,0,atm,false,60
app_20250113_00000488,2025-01-13 13:54:34,cust_5184449,ESMA,credit_card,2983,12,684,medium,rejected,0,call_center,false,151
app_20250113_00000489,2025-01-13 06:50:36,cust_4419049,UKLO,business_loan,20665,36,755,low,approved,20665,partner,false,190
app_20250113_00000490,2025-01-13 16:39:18,cust_1662560,ESMA,mortgage,275513,300,620,medium,rejected,0,mobile_app,true,60
app_20250113_00000491,2025-01-13 06:16:41,cust_8748462,GRRE,personal_loan,22816,24,575,medium,rejected,0,web,false,17
app_20250113_00000492,2025-01-13 07:39:35,cust_4829979,FRID,refinance,105239,360,613,medium,approved,105239,call_center,false,474
app_20250113_00000493,2025-01-13 08:57:38,cust_972003,ATVI,business_loan,2123,36,682,medium,approved,2123,partner,true,806
app_20250113_00000494,2025-01-13 16:42:22,cust_681145,CZPR,personal_loan,35921,12,687,medium,approved,35921,atm,true,680
app_20250113_00000495,2025-01-13 06:31:38,cust_9354296,AUTR,personal_loan,5055,18,623,medium,approved,5055,mobile_app,false,156
app_20250113_00000496,2025-01-13 05:17:46,cust_1901005,CHBE,business_loan,18639,36,642,medium,approved,18639,branch,true,772
app_20250113_00000497,2025-01-13 06:58:12,cust_3623280,CHBE,education_loan,12402,60,732,low,approved,12402,web,false,390
app_20250113_00000498,2025-01-13 15:59:00,cust_719720,PORP,mortgage,294212,360,629,medium,approved,294212,web,false,456
app_20250113_00000499,2025-01-13 05:49:24,cust_9892383,ATVI,credit_card,17866,30,618,medium,approved,17866,online_banking,true,577
app_20250113_00000500,2025-01-13 18:45:42,cust_2176617,CHBE,auto_loan,15353,36,730,low,approved,15353,branch,false,841
app_20250113_00000501,2025-01-13 05:07:51,cust_2370180,SESV,credit_card,9009,18,529,medium,rejected,0,online_banking,false,171
app_20250113_00000502,2025-01-13 23:55:06,cust_7619613,CHBE,mortgage,54208,120,730,low,approved,54208,atm,true,809
app_20250113_00000503,2025-01-13 15:41:29,cust_8846552,AUTR,personal_loan,42228,24,730,low,approved,42228,call_center,true,888
app_20250113_00000504,2025-01-13 11:10:22,cust_6370217,ESMA,cash_loan,26585,12,569,medium,rejected,0,mobile_app,true,110
app_20250113_00000505,2025-01-13 05:45:06,cust_2717391,CZPR,business_loan,9438,36,762,low,approved,9438,web,false,343
app_20250113_00000506,2025-01-13 19:24:59,cust_1600361,CZPR,personal_loan,1494,36,654,medium,approved,1494,mobile,true,524
app_20250113_00000507,2025-01-13 21:01:55,cust_1829069,NLAM,mortgage,142266,240,627,medium,approved,142266,mobile,false,900
app_20250113_00000508,2025-01-13 10:49:04,cust_6639795,BENL,credit_card,45023,18,695,medium,approved,45023,mobile_app,true,492
app_20250113_00000509,2025-01-13 06:11:08,cust_4576074,ATVI,auto_loan,22599,24,471,high,approved,22599,online_banking,false,775
app_20250113_00000510,2025-01-13 01:01:15,cust_4486940,FRID,mortgage,139764,360,666,medium,rejected,0,web,true,101
app_20250113_00000511,2025-01-13 04:08:39,cust_7189843,CZPR,credit_card,24672,12,718,low,approved,24672,online_banking,false,433
app_20250113_00000512,2025-01-13 19:00:44,cust_4621292,CHBE,credit_card,10258,42,445,high,rejected,0,call_center,false,103
app_20250113_00000513,2025-01-13 07:01:22,cust_3667836,ESMA,business_loan,10571,48,552,medium,approved,10571,online_banking,false,57
app_20250113_00000514,2025-01-13 05:06:19,cust_1604468,PLWA,personal_loan,10888,42,657,medium,rejected,0,branch,false,143
app_20250113_00000515,2025-01-13 19:36:05,cust_1431218,ESMA,refinance,308328,360,774,low,approved,308328,atm,true,237
app_20250113_00000516,2025-01-13 00:34:44,cust_566910,CZPR,refinance,106441,300,712,low,approved,106441,branch,false,681
app_20250113_00000517,2025-01-13 22:29:48,cust_722580,ITMI,business_loan,21947,36,743,low,approved,21947,mobile_app,false,895
app_20250113_00000518,2025-01-13 07:15:14,cust_5318974,CHBE,auto_loan,47612,60,649,medium,approved,47612,partner,true,102
app_20250113_00000519,2025-01-13 03:10:42,cust_7713448,ITMI,credit_card,39000,36,676,medium,approved,39000,web,false,400
app_20250113_00000520,2025-01-13 07:02:15,cust_5416514,AUTR,auto_loan,40610,24,667,medium,rejected,0,atm,true,114
app_20250113_00000521,2025-01-13 14:44:44,cust_8822345,BENL,business_loan,21167,60,604,medium,rejected,0,branch,true,130
app_20250113_00000522,2025-01-13 11:43:23,cust_6235037,ITMI,mortgage,437598,240,601,medium,approved,437598,mobile,true,458
app_20250113_00000523,2025-01-13 16:48:02,cust_1980528,FRID,auto_loan,46092,24,658,medium,rejected,0,branch,false,115
app_20250113_00000524,2025-01-13 19:05:15,cust_2233943,UKLO,cash_loan,42725,42,693,medium,approved,42725,atm,true,711
app_20250113_00000525,2025-01-13 09:12:28,cust_2735435,BENL,credit_card,23796,48,821,low,approved,23796,web,false,312
app_20250113_00000526,2025-01-13 18:14:12,cust_913936,DEHE,business_loan,34013,60,622,medium,rejected,0,mobile_app,false,180
app_20250113_00000527,2025-01-13 02:31:00,cust_8610503,BENL,auto_loan,37760,72,681,medium,rejected,0,web,false,172
app_20250113_00000528,2025-01-13 10:54:01,cust_6148055,PLWA,credit_card,33283,36,592,medium,rejected,0,web,false,63
app_20250113_00000529,2025-01-13 05:45:18,cust_7967161,UKLO,business_loan,23183,36,606,medium,approved,23183,call_center,false,448
app_20250113_00000530,2025-01-13 07:57:57,cust_9033966,AUTR,auto_loan,20966,36,676,medium,rejected,0,partner,true,172
app_20250113_00000531,2025-01-13 01:19:58,cust_1957136,AUTR,credit_card,7851,48,760,low,approved,7851,mobile_app,true,350
app_20250113_00000532,2025-01-13 00:28:47,cust_7513411,ATVI,auto_loan,30751,72,727,low,approved,30751,online_banking,true,252
app_20250113_00000533,2025-01-13 02:38:47,cust_6821368,FRID,business_loan,33941,48,621,medium,rejected,0,partner,false,46
app_20250113_00000534,2025-01-13 16:59:22,cust_8173632,CZPR,education_loan,11791,12,622,medium,rejected,0,online_banking,false,6
app_20250113_00000535,2025-01-13 16:19:35,cust_7556184,GRRE,business_loan,4550,24,641,medium,approved,4550,call_center,false,514
app_20250113_00000536,2025-01-13 07:31:47,cust_4138862,PORP,mortgage,201742,300,805,low,approved,201742,web,true,687
app_20250113_00000537,2025-01-13 11:02:40,cust_1908111,SESV,business_loan,4343,24,717,low,approved,4343,branch,false,800
app_20250113_00000538,2025-01-13 00:23:20,cust_2342708,NLAM,mortgage,283024,360,617,medium,approved,283024,call_center,false,871
app_20250113_00000539,2025-01-13 18:43:26,cust_6511234,UKLO,refinance,292760,240,614,medium,rejected,0,call_center,true,144
app_20250113_00000540,2025-01-13 18:25:37,cust_8608255,NLAM,business_loan,17250,24,697,medium,approved,17250,online_banking,true,792
app_20250113_00000541,2025-01-13 07:27:59,cust_6828386,AUTR,refinance,407445,180,711,low,approved,407445,atm,true,377
app_20250113_00000542,2025-01-13 08:21:39,cust_7467442,ITMI,auto_loan,42348,48,644,medium,approved,42348,mobile,true,173
app_20250113_00000543,2025-01-13 22:50:41,cust_6544914,NLAM,mortgage,298208,240,664,medium,approved,298208,partner,true,598
app_20250113_00000544,2025-01-13 20:15:53,cust_8017926,SESV,education_loan,33685,36,850,low,approved,33685,branch,true,741
app_20250113_00000545,2025-01-13 15:18:13,cust_7735010,ESMA,cash_loan,17177,30,662,medium,approved,17177,web,false,652
app_20250113_00000546,2025-01-13 04:04:23,cust_5665546,CZPR,credit_card,5554,30,593,medium,rejected,0,web,false,136
app_20250113_00000547,2025-01-13 23:43:24,cust_4983390,AUTR,mortgage,353434,240,752,low,approved,353434,atm,true,456
app_20250113_00000548,2025-01-13 00:56:20,cust_5922620,ATVI,business_loan,19922,60,709,low,approved,19922,mobile_app,false,655
app_20250113_00000549,2025-01-13 16:45:11,cust_329282,NLAM,business_loan,16993,36,669,medium,approved,16993,branch,false,268
app_20250113_00000550,2025-01-13 19:40:36,cust_1742471,NLAM,refinance,352176,120,531,medium,rejected,0,call_center,false,135
app_20250113_00000551,2025-01-13 04:43:28,cust_1639699,CHBE,education_loan,21875,36,757,low,approved,21875,mobile_app,true,529
app_20250113_00000552,2025-01-13 08:32:36,cust_6933637,BENL,cash_loan,34315,42,499,high,rejected,0,online_banking,true,74
app_20250113_00000553,2025-01-13 07:47:53,cust_6986077,ESMA,credit_card,48930,12,762,low,approved,48930,call_center,false,729
app_20250113_00000554,2025-01-13 00:26:51,cust_3988881,PORP,auto_loan,18461,72,711,low,rejected,0,partner,false,36
app_20250113_00000555,2025-01-13 04:16:51,cust_8819235,CZPR,cash_loan,29314,18,649,medium,approved,29314,atm,true,81
app_20250113_00000556,2025-01-13 04:40:07,cust_6426970,ESMA,business_loan,15853,36,680,medium,approved,15853,mobile,true,92
app_20250113_00000557,2025-01-13 07:51:45,cust_7094465,BENL,refinance,277483,300,724,low,approved,277483,partner,false,151
app_20250113_00000558,2025-01-13 09:37:13,cust_4395932,CZPR,personal_loan,35029,30,672,medium,rejected,0,mobile,false,157
app_20250113_00000559,2025-01-13 16:47:24,cust_3977284,PLWA,education_loan,2515,60,686,medium,approved,2515,web,true,242
app_20250113_00000560,2025-01-13 04:36:28,cust_4535157,DEHE,education_loan,13556,60,631,medium,rejected,0,branch,false,178
app_20250113_00000561,2025-01-13 12:14:03,cust_7699258,CZPR,auto_loan,35394,36,603,medium,approved,35394,web,true,208
app_20250113_00000562,2025-01-13 00:13:04,cust_8172989,CZPR,mortgage,419309,240,729,low,approved,419309,mobile_app,true,611
app_20250113_00000563,2025-01-13 18:06:40,cust_6234402,FRID,education_loan,11429,48,637,medium,approved,11429,partner,true,810
app_20250113_00000564,2025-01-13 09:43:27,cust_2609251,UKLO,mortgage,193893,360,621,medium,rejected,0,call_center,false,159
app_20250113_00000565,2025-01-13 14:40:33,cust_8858986,PLWA,mortgage,399457,240,533,medium,rejected,0,call_center,false,173
app_20250113_00000566,2025-01-13 00:38:13,cust_1887277,NLAM,mortgage,354115,360,574,medium,approved,354115,web,true,385
app_20250113_00000567,2025-01-13 01:04:27,cust_7252208,GRRE,refinance,412393,180,578,medium,rejected,0,mobile_app,true,29
app_20250113_00000568,2025-01-13 04:59:01,cust_4475257,PLWA,education_loan,24453,24,663,medium,approved,24453,branch,true,290
app_20250113_00000569,2025-01-13 16:34:15,cust_7281777,SESV,personal_loan,28836,42,803,low,approved,28836,mobile,true,633
app_20250113_00000570,2025-01-13 19:25:19,cust_614708,CZPR,credit_card,20182,42,557,medium,approved,20182,online_banking,true,782
app_20250113_00000571,2025-01-13 06:58:30,cust_2140662,PLWA,personal_loan,26372,18,704,low,rejected,0,branch,false,44
app_20250113_00000572,2025-01-13 14:56:48,cust_953948,FRID,personal_loan,33815,12,684,medium,approved,33815,branch,true,545
app_20250113_00000573,2025-01-13 13:19:40,cust_7584156,BENL,cash_loan,48793,18,646,medium,approved,48793,partner,false,340
app_20250113_00000574,2025-01-13 20:07:24,cust_810776,ATVI,business_loan,16786,12,685,medium,approved,16786,mobile_app,true,448
app_20250113_00000575,2025-01-13 16:50:32,cust_6354523,ITMI,business_loan,27435,24,724,low,approved,27435,atm,false,646
app_20250113_00000576,2025-01-13 09:33:53,cust_2785481,UKLO,auto_loan,14240,48,558,medium,approved,14240,online_banking,false,59
app_20250113_00000577,2025-01-13 21:09:04,cust_7672705,CHBE,auto_loan,52599,24,504,medium,approved,52599,branch,false,628
app_20250113_00000578,2025-01-13 09:33:42,cust_6544973,AUTR,mortgage,108473,120,775,low,approved,108473,web,false,228
app_20250113_00000579,2025-01-13 22:14:23,cust_7515787,PLWA,cash_loan,44559,24,642,medium,approved,44559,mobile,true,643
app_20250113_00000580,2025-01-13 22:40:24,cust_488491,ITMI,refinance,482825,300,629,medium,approved,482825,call_center,false,895
app_20250113_00000581,2025-01-13 19:53:59,cust_273747,CZPR,mortgage,234064,240,591,medium,approved,234064,call_center,true,302
app_20250113_00000582,2025-01-13 02:31:41,cust_7519918,CZPR,business_loan,16607,60,596,medium,rejected,0,online_banking,false,108
app_20250113_00000583,2025-01-13 12:09:45,cust_9164203,CHBE,refinance,173245,180,662,medium,rejected,0,partner,false,112
app_20250113_00000584,2025-01-13 09:49:54,cust_2850723,PLWA,business_loan,38243,60,548,medium,approved,38243,mobile,false,806
app_20250113_00000585,2025-01-13 19:54:22,cust_7226772,CHBE,auto_loan,45072,36,631,medium,rejected,0,partner,false,73
app_20250113_00000586,2025-01-13 22:07:56,cust_7147309,CZPR,auto_loan,33055,48,682,medium,approved,33055,mobile,true,63
app_20250113_00000587,2025-01-13 17:06:13,cust_2648922,ESMA,credit_card,25211,36,614,medium,approved,25211,branch,false,259
app_20250113_00000588,2025-01-13 10:43:13,cust_8698208,ATVI,refinance,324911,240,589,medium,rejected,0,partner,true,170
app_20250113_00000589,2025-01-13 01:27:44,cust_2125598,UKLO,auto_loan,52943,24,770,low,approved,52943,mobile_app,true,83
app_20250113_00000590,2025-01-13 19:44:08,cust_7476374,ITMI,business_loan,35782,36,744,low,approved,35782,mobile,true,142
app_20250113_00000591,2025-01-13 13:48:15,cust_5044990,UKLO,cash_loan,13008,30,816,low,rejected,0,call_center,true,140
app_20250113_00000592,2025-01-13 22:01:20,cust_7947908,BENL,refinance,133130,240,720,low,approved,133130,partner,true,553
app_20250113_00000593,2025-01-13 13:46:57,cust_4621355,FRID,personal_loan,24907,30,750,low,approved,24907,partner,true,874
app_20250113_00000594,2025-01-13 23:15:16,cust_8455650,AUTR,cash_loan,24581,24,815,low,approved,24581,partner,false,873
app_20250113_00000595,2025-01-13 06:38:31,cust_7030937,DEHE,business_loan,21702,60,716,low,approved,21702,online_banking,true,793
app_20250113_00000596,2025-01-13 14:56:02,cust_8063185,PORP,credit_card,34536,36,636,medium,approved,34536,partner,true,591
app_20250113_00000597,2025-01-13 12:59:48,cust_4660209,SESV,personal_loan,9175,12,756,low,approved,9175,mobile,true,81
app_20250113_00000598,2025-01-13 19:10:25,cust_1336673,PLWA,auto_loan,55347,72,611,medium,rejected,0,web,true,139
app_20250113_00000599,2025-01-13 02:05:51,cust_1326343,CHBE,cash_loan,13437,24,485,high,approved,13437,web,true,546
app_20250113_00000600,2025-01-13 12:24:54,cust_1531477,CZPR,credit_card,42476,24,704,low,approved,42476,web,true,891
app_20250113_00000601,2025-01-13 08:01:00,cust_8005749,ESMA,auto_loan,54652,60,606,medium,approved,54652,online_banking,true,297
app_20250113_00000602,2025-01-13 00:03:15,cust_9257127,PLWA,cash_loan,27441,36,619,medium,approved,27441,online_banking,false,509
app_20250113_00000603,2025-01-13 23:23:00,cust_5056314,ATVI,personal_loan,26488,30,620,medium,approved,26488,web,true,846
app_20250113_00000604,2025-01-13 08:09:04,cust_2689936,CHBE,mortgage,448594,240,850,low,approved,448594,partner,false,598
app_20250113_00000605,2025-01-13 14:54:34,cust_3889073,FRID,auto_loan,30657,24,671,medium,approved,30657,online_banking,false,661
app_20250113_00000606,2025-01-13 09:41:13,cust_4810674,GRRE,business_loan,2354,48,627,medium,approved,2354,atm,false,180
app_20250113_00000607,2025-01-13 10:26:03,cust_1927721,BENL,mortgage,115034,240,540,medium,approved,115034,partner,false,648
app_20250113_00000608,2025-01-13 04:57:59,cust_1514941,ATVI,mortgage,286566,300,598,medium,rejected,0,mobile_app,false,74
app_20250113_00000609,2025-01-13 03:05:40,cust_242447,DEHE,mortgage,484520,120,506,medium,rejected,0,atm,true,160
app_20250113_00000610,2025-01-13 19:07:50,cust_9600010,ESMA,cash_loan,20421,18,765,low,approved,20421,atm,true,118
app_20250113_00000611,2025-01-13 11:29:02,cust_3167958,DEHE,education_loan,35141,60,676,medium,approved,35141,call_center,false,185
app_20250113_00000612,2025-01-13 11:23:28,cust_3983983,GRRE,business_loan,2033,24,782,low,approved,2033,web,true,496
app_20250113_00000613,2025-01-13 11:18:40,cust_5302178,FRID,credit_card,11045,36,477,high,rejected,0,call_center,true,37
app_20250113_00000614,2025-01-13 05:59:46,cust_6989435,SESV,personal_loan,35565,24,719,low,approved,35565,online_banking,true,33
app_20250113_00000615,2025-01-13 07:35:34,cust_1338429,AUTR,refinance,194624,180,699,medium,approved,194624,mobile_app,false,196
app_20250113_00000616,2025-01-13 04:31:08,cust_2637324,SESV,refinance,487429,120,671,medium,approved,487429,mobile,false,491
app_20250113_00000617,2025-01-13 18:13:09,cust_8303380,ITMI,refinance,211040,180,850,low,approved,211040,branch,true,428
app_20250113_00000618,2025-01-13 19:27:58,cust_7275599,BENL,auto_loan,26214,72,638,medium,approved,26214,mobile,true,515
app_20250113_00000619,2025-01-13 00:35:34,cust_5311416,SESV,cash_loan,32288,12,731,low,approved,32288,atm,false,219
app_20250113_00000620,2025-01-13 01:32:06,cust_7683489,FRID,refinance,371053,180,850,low,approved,371053,web,true,863
app_20250113_00000621,2025-01-13 03:52:04,cust_5315263,AUTR,personal_loan,18089,36,667,medium,approved,18089,online_banking,true,418
app_20250113_00000622,2025-01-13 07:16:46,cust_3570993,PLWA,personal_loan,16149,30,636,medium,approved,16149,mobile,true,373
app_20250113_00000623,2025-01-13 05:50:09,cust_7450121,PORP,business_loan,12534,12,667,medium,approved,12534,atm,false,858
app_20250113_00000624,2025-01-13 10:04:08,cust_3756537,SESV,mortgage,90382,240,528,medium,rejected,0,online_banking,true,125
app_20250113_00000625,2025-01-13 14:52:36,cust_3271025,CZPR,auto_loan,7613,60,657,medium,rejected,0,call_center,false,11
app_20250113_00000626,2025-01-13 10:50:05,cust_6875090,AUTR,personal_loan,6317,18,661,medium,approved,6317,partner,true,129
app_20250113_00000627,2025-01-13 16:10:27,cust_5289638,ITMI,personal_loan,23342,48,759,low,approved,23342,partner,false,526
app_20250113_00000628,2025-01-13 21:08:17,cust_1063182,ESMA,business_loan,27671,12,690,medium,rejected,0,online_banking,false,112
app_20250113_00000629,2025-01-13 08:38:44,cust_7303370,BENL,credit_card,40665,24,592,medium,rejected,0,atm,true,74
app_20250113_00000630,2025-01-13 04:17:56,cust_1599805,UKLO,refinance,496480,360,613,medium,rejected,0,call_center,true,12
app_20250113_00000631,2025-01-13 06:53:01,cust_3417655,NLAM,credit_card,25034,24,750,low,approved,25034,atm,false,345
app_20250113_00000632,2025-01-13 21:09:29,cust_3931898,BENL,education_loan,20734,36,621,medium,rejected,0,web,false,35
app_20250113_00000633,2025-01-13 10:23:39,cust_5842644,PORP,education_loan,37563,24,458,high,rejected,0,online_banking,true,40
app_20250113_00000634,2025-01-13 19:34:22,cust_1482896,ITMI,cash_loan,44107,36,616,medium,approved,44107,call_center,true,412
app_20250113_00000635,2025-01-13 15:12:00,cust_6628053,GRRE,personal_loan,20573,42,640,medium,rejected,0,partner,false,21
app_20250113_00000636,2025-01-13 10:07:50,cust_6695948,BENL,education_loan,21968,48,694,medium,approved,21968,web,false,670
app_20250113_00000637,2025-01-13 13:45:54,cust_5641533,NLAM,business_loan,5404,24,761,low,approved,5404,call_center,false,875
app_20250113_00000638,2025-01-13 10:33:07,cust_2623383,CHBE,refinance,278192,360,676,medium,approved,278192,online_banking,false,333
app_20250113_00000639,2025-01-13 11:35:24,cust_6314379,CHBE,cash_loan,47700,48,665,medium,approved,47700,mobile,false,453
app_20250113_00000640,2025-01-13 14:57:47,cust_5792350,NLAM,refinance,113008,120,804,low,approved,113008,online_banking,true,361
app_20250113_00000641,2025-01-13 03:29:00,cust_6953290,PLWA,personal_loan,43051,18,655,medium,approved,43051,mobile_app,true,893
app_20250113_00000642,2025-01-13 15:22:00,cust_6879422,ATVI,cash_loan,12145,18,607,medium,rejected,0,online_banking,false,108
app_20250113_00000643,2025-01-13 06:04:00,cust_3587207,PORP,business_loan,5149,24,687,medium,approved,5149,branch,false,820
app_20250113_00000644,2025-01-13 02:07:22,cust_5515184,PORP,education_loan,21654,12,791,low,approved,21654,web,true,841
app_20250113_00000645,2025-01-13 22:09:36,cust_3598552,CZPR,credit_card,3071,36,755,low,approved,3071,call_center,true,119
app_20250113_00000646,2025-01-13 15:43:43,cust_8953387,PORP,education_loan,30278,12,687,medium,approved,30278,web,false,494
app_20250113_00000647,2025-01-13 19:04:29,cust_7793277,UKLO,personal_loan,14398,12,688,medium,approved,14398,mobile,true,142
app_20250113_00000648,2025-01-13 16:47:29,cust_436790,CHBE,refinance,304157,360,753,low,approved,304157,online_banking,false,443
app_20250113_00000649,2025-01-13 00:48:35,cust_5683153,FRID,education_loan,21890,12,751,low,approved,21890,partner,false,754
app_20250113_00000650,2025-01-13 04:08:46,cust_467295,PLWA,cash_loan,9573,24,621,medium,approved,9573,branch,false,522
app_20250113_00000651,2025-01-13 07:43:01,cust_5884891,GRRE,education_loan,13334,48,655,medium,approved,13334,online_banking,true,180
app_20250113_00000652,2025-01-13 06:09:56,cust_5669128,NLAM,credit_card,29879,36,559,medium,rejected,0,online_banking,false,141
app_20250113_00000653,2025-01-13 19:07:54,cust_684133,DEHE,credit_card,39930,48,682,medium,approved,39930,mobile_app,false,102
app_20250113_00000654,2025-01-13 22:25:03,cust_592303,CHBE,education_loan,5592,12,717,low,approved,5592,branch,true,196
app_20250113_00000655,2025-01-13 04:14:59,cust_4854044,GRRE,business_loan,27058,60,473,high,rejected,0,call_center,true,121
app_20250113_00000656,2025-01-13 06:02:48,cust_3434345,AUTR,education_loan,39807,36,554,medium,rejected,0,online_banking,true,69
app_20250113_00000657,2025-01-13 13:12:14,cust_145900,NLAM,auto_loan,26394,72,579,medium,rejected,0,online_banking,true,115
app_20250113_00000658,2025-01-13 12:55:38,cust_3317126,AUTR,auto_loan,18364,48,729,low,rejected,0,branch,false,13
app_20250113_00000659,2025-01-13 12:01:27,cust_7820352,ESMA,cash_loan,42992,36,483,high,rejected,0,call_center,true,42
app_20250113_00000660,2025-01-13 06:27:25,cust_6500076,PORP,personal_loan,9168,24,655,medium,rejected,0,branch,true,55
app_20250113_00000661,2025-01-13 20:43:29,cust_3565276,CZPR,cash_loan,43092,42,684,medium,approved,43092,atm,true,225
app_20250113_00000662,2025-01-13 10:14:50,cust_2743875,PLWA,personal_loan,1104,30,530,medium,rejected,0,call_center,true,123
app_20250113_00000663,2025-01-13 06:22:00,cust_8063104,ITMI,credit_card,34487,12,817,low,approved,34487,call_center,true,378
app_20250113_00000664,2025-01-13 04:03:10,cust_6670373,CHBE,personal_loan,40849,42,726,low,approved,40849,partner,true,567
app_20250113_00000665,2025-01-13 17:19:33,cust_5496390,SESV,refinance,100448,180,756,low,approved,100448,web,true,487
app_20250113_00000666,2025-01-13 15:00:14,cust_8970762,AUTR,personal_loan,5167,42,850,low,approved,5167,branch,true,649
app_20250113_00000667,2025-01-13 09:56:08,cust_3357804,PORP,credit_card,39325,18,553,medium,rejected,0,online_banking,true,65
app_20250113_00000668,2025-01-13 21:16:43,cust_1978118,CZPR,education_loan,15914,36,724,low,approved,15914,web,false,210
app_20250113_00000669,2025-01-13 04:30:38,cust_6113740,SESV,business_loan,2091,60,849,low,approved,2091,atm,true,184
app_20250113_00000670,2025-01-13 21:54:19,cust_6298630,PORP,mortgage,344030,240,788,low,approved,344030,online_banking,true,59
app_20250113_00000671,2025-01-13 06:42:06,cust_5935496,UKLO,personal_loan,3281,48,571,medium,approved,3281,branch,true,57
app_20250113_00000672,2025-01-13 20:27:26,cust_5959965,ITMI,refinance,403944,180,829,low,approved,403944,call_center,true,700
app_20250113_00000673,2025-01-13 02:09:45,cust_4265569,CZPR,refinance,154244,240,808,low,approved,154244,online_banking,false,762
app_20250113_00000674,2025-01-13 15:32:15,cust_810954,ESMA,credit_card,4064,18,672,medium,approved,4064,atm,true,79
app_20250113_00000675,2025-01-13 17:44:09,cust_4206329,FRID,education_loan,21236,36,433,high,rejected,0,web,false,78
app_20250113_00000676,2025-01-13 03:24:57,cust_6390822,ESMA,mortgage,356885,120,408,high,rejected,0,mobile,true,51
app_20250113_00000677,2025-01-13 23:36:00,cust_4551293,DEHE,personal_loan,25378,12,662,medium,approved,25378,atm,false,470
app_20250113_00000678,2025-01-13 05:18:18,cust_6841304,ATVI,business_loan,29781,24,456,high,rejected,0,online_banking,true,130
app_20250113_00000679,2025-01-13 14:29:08,cust_6889966,SESV,education_loan,15375,12,623,medium,approved,15375,online_banking,false,762
app_20250113_00000680,2025-01-13 23:10:51,cust_342006,SESV,personal_loan,42396,12,733,low,approved,42396,mobile_app,false,122
app_20250113_00000681,2025-01-13 08:34:58,cust_2394224,AUTR,credit_card,38794,30,622,medium,approved,38794,web,true,600
app_20250113_00000682,2025-01-13 14:03:27,cust_5387572,NLAM,credit_card,8529,36,583,medium,approved,8529,atm,true,255
app_20250113_00000683,2025-01-13 20:57:33,cust_1730592,PORP,education_loan,15088,48,715,low,approved,15088,partner,false,762
app_20250113_00000684,2025-01-13 06:09:30,cust_116695,UKLO,mortgage,445203,180,653,medium,approved,445203,call_center,true,484
app_20250113_00000685,2025-01-13 15:43:07,cust_9451204,ITMI,cash_loan,49503,24,533,medium,rejected,0,mobile_app,true,75
app_20250113_00000686,2025-01-13 17:24:11,cust_1521860,UKLO,mortgage,316262,120,548,medium,approved,316262,mobile_app,false,865
app_20250113_00000687,2025-01-13 20:13:06,cust_2916550,PLWA,mortgage,474618,240,756,low,approved,474618,mobile_app,false,851
app_20250113_00000688,2025-01-13 00:45:25,cust_8690348,SESV,personal_loan,22323,30,610,medium,approved,22323,mobile_app,true,770
app_20250113_00000689,2025-01-13 19:06:51,cust_3432661,ATVI,auto_loan,59364,72,688,medium,approved,59364,partner,true,669
app_20250113_00000690,2025-01-13 00:37:16,cust_9529004,FRID,education_loan,35679,48,626,medium,approved,35679,branch,false,732
app_20250113_00000691,2025-01-13 14:50:23,cust_1746946,NLAM,business_loan,6919,12,663,medium,approved,6919,branch,true,385
app_20250113_00000692,2025-01-13 18:50:16,cust_4947693,SESV,credit_card,28947,12,688,medium,approved,28947,mobile_app,false,649
app_20250113_00000693,2025-01-13 19:00:43,cust_543209,NLAM,personal_loan,12612,36,614,medium,approved,12612,partner,true,774
app_20250113_00000694,2025-01-13 05:49:38,cust_1003839,PLWA,personal_loan,3822,30,604,medium,approved,3822,partner,false,77
app_20250113_00000695,2025-01-13 08:19:55,cust_1416672,NLAM,cash_loan,16099,36,540,medium,approved,16099,online_banking,true,442
app_20250113_00000696,2025-01-13 20:22:50,cust_2244214,FRID,cash_loan,12597,48,661,medium,approved,12597,online_banking,false,816
app_20250113_00000697,2025-01-13 07:15:23,cust_8802341,ESMA,personal_loan,42634,36,746,low,approved,42634,partner,false,625
app_20250113_00000698,2025-01-13 16:51:30,cust_8441321,ESMA,mortgage,316557,180,850,low,approved,316557,mobile_app,true,451
app_20250113_00000699,2025-01-13 09:54:54,cust_6989951,ITMI,cash_loan,44426,36,695,medium,approved,44426,mobile,true,162
app_20250113_00000700,2025-01-13 09:48:04,cust_1581454,GRRE,business_loan,21890,24,503,medium,approved,21890,call_center,true,577
app_20250113_00000701,2025-01-13 07:47:13,cust_5798195,CZPR,refinance,275232,180,737,low,approved,275232,call_center,true,822
app_20250113_00000702,2025-01-13 10:14:17,cust_1135618,FRID,credit_card,10058,36,711,low,approved,10058,partner,true,858
app_20250113_00000703,2025-01-13 16:26:24,cust_8490272,BENL,mortgage,275131,300,743,low,approved,275131,mobile_app,false,277
app_20250113_00000704,2025-01-13 21:12:41,cust_8361656,PORP,credit_card,45667,42,650,medium,rejected,0,partner,true,112
app_20250113_00000705,2025-01-13 12:32:52,cust_8306399,GRRE,credit_card,6590,18,607,medium,approved,6590,web,false,441
app_20250113_00000706,2025-01-13 02:12:22,cust_5623076,AUTR,refinance,280849,120,628,medium,approved,280849,online_banking,false,523
app_20250113_00000707,2025-01-13 04:29:32,cust_4550562,CHBE,education_loan,10953,36,726,low,approved,10953,web,true,820
app_20250113_00000708,2025-01-13 20:16:27,cust_3264713,ESMA,cash_loan,32862,36,740,low,approved,32862,mobile_app,true,138
app_20250113_00000709,2025-01-13 18:23:16,cust_881897,ATVI,business_loan,32268,48,701,low,approved,32268,online_banking,false,745
app_20250113_00000710,2025-01-13 12:25:16,cust_1426560,SESV,auto_loan,53882,72,729,low,approved,53882,online_banking,true,107
app_20250113_00000711,2025-01-13 20:13:59,cust_9805944,BENL,mortgage,193040,360,437,high,rejected,0,mobile_app,true,59
app_20250113_00000712,2025-01-13 19:08:44,cust_6635154,DEHE,cash_loan,26382,18,618,medium,rejected,0,atm,true,109
app_20250113_00000713,2025-01-13 14:22:45,cust_3421863,ATVI,business_loan,18700,48,535,medium,approved,18700,atm,true,857
app_20250113_00000714,2025-01-13 06:00:51,cust_7699106,CZPR,credit_card,13354,48,850,low,approved,13354,partner,true,793
app_20250113_00000715,2025-01-13 06:26:09,cust_2720636,CHBE,cash_loan,35199,36,832,low,approved,35199,partner,false,207
app_20250113_00000716,2025-01-13 14:45:55,cust_429134,AUTR,refinance,492602,300,727,low,approved,492602,call_center,true,371
app_20250113_00000717,2025-01-13 06:22:49,cust_9688336,DEHE,mortgage,275412,360,511,medium,rejected,0,call_center,true,97
app_20250113_00000718,2025-01-13 22:04:45,cust_5627033,CZPR,personal_loan,7748,36,645,medium,rejected,0,atm,false,126
app_20250113_00000719,2025-01-13 03:20:18,cust_5395768,NLAM,business_loan,30105,60,616,medium,rejected,0,web,false,39
app_20250113_00000720,2025-01-13 07:31:19,cust_9839730,PORP,credit_card,35799,36,646,medium,approved,35799,atm,true,685
app_20250113_00000721,2025-01-13 20:59:16,cust_7825409,GRRE,cash_loan,7525,30,597,medium,rejected,0,web,false,7
app_20250113_00000722,2025-01-13 15:16:56,cust_7941351,CHBE,education_loan,15679,36,674,medium,rejected,0,atm,true,44
app_20250113_00000723,2025-01-13 19:34:41,cust_1126329,PLWA,refinance,188222,240,503,medium,approved,188222,web,true,578
app_20250113_00000724,2025-01-13 02:31:52,cust_8278631,SESV,cash_loan,26940,30,614,medium,rejected,0,branch,false,110
app_20250113_00000725,2025-01-13 00:22:22,cust_1592549,ATVI,business_loan,24507,36,618,medium,approved,24507,mobile_app,true,333
app_20250113_00000726,2025-01-13 10:49:01,cust_3106297,AUTR,business_loan,34831,24,709,low,approved,34831,mobile,false,684
app_20250113_00000727,2025-01-13 10:42:11,cust_7583119,SESV,mortgage,54849,180,519,medium,approved,54849,atm,true,591
app_20250113_00000728,2025-01-13 14:46:38,cust_3475869,CZPR,refinance,100045,300,695,medium,approved,100045,call_center,true,216
app_20250113_00000729,2025-01-13 19:19:13,cust_994079,UKLO,cash_loan,46109,42,685,medium,approved,46109,online_banking,true,506
app_20250113_00000730,2025-01-13 11:44:20,cust_4124792,ESMA,cash_loan,3996,24,713,low,approved,3996,atm,false,355
app_20250113_00000731,2025-01-13 15:24:44,cust_6611473,UKLO,business_loan,27890,36,590,medium,rejected,0,mobile,true,28
app_20250113_00000732,2025-01-13 23:17:09,cust_9585614,CHBE,cash_loan,12550,42,725,low,approved,12550,online_banking,true,128
app_20250113_00000733,2025-01-13 09:03:47,cust_9973465,AUTR,personal_loan,45463,30,605,medium,approved,45463,web,false,747
app_20250113_00000734,2025-01-13 22:52:17,cust_2966208,AUTR,business_loan,34800,36,585,medium,rejected,0,atm,true,19
app_20250113_00000735,2025-01-13 09:11:54,cust_9153218,ITMI,refinance,61507,180,660,medium,approved,61507,mobile,true,59
app_20250113_00000736,2025-01-13 20:00:04,cust_9685188,PLWA,auto_loan,33636,72,760,low,approved,33636,branch,true,221
app_20250113_00000737,2025-01-13 11:44:02,cust_2557654,PORP,personal_loan,11774,48,535,medium,approved,11774,branch,false,810
app_20250113_00000738,2025-01-13 22:23:01,cust_8643595,NLAM,refinance,105961,300,499,high,rejected,0,mobile_app,false,97
app_20250113_00000739,2025-01-13 23:28:14,cust_4621376,BENL,business_loan,4404,36,695,medium,approved,4404,atm,false,159
app_20250113_00000740,2025-01-13 11:33:33,cust_652171,SESV,personal_loan,6263,36,840,low,approved,6263,call_center,true,217
app_20250113_00000741,2025-01-13 11:22:18,cust_4916980,FRID,auto_loan,12420,24,655,medium,approved,12420,call_center,true,175
app_20250113_00000742,2025-01-13 08:13:20,cust_9088670,ESMA,education_loan,16632,12,530,medium,rejected,0,branch,true,110
app_20250113_00000743,2025-01-13 21:48:19,cust_7421616,ATVI,auto_loan,11011,36,612,medium,approved,11011,atm,true,436
app_20250113_00000744,2025-01-13 19:43:53,cust_6006201,DEHE,credit_card,24332,12,612,medium,rejected,0,web,true,45
app_20250113_00000745,2025-01-13 07:01:51,cust_7907693,ITMI,mortgage,398627,300,613,medium,approved,398627,mobile,false,460
app_20250113_00000746,2025-01-13 05:31:03,cust_5804968,CHBE,credit_card,10099,48,546,medium,rejected,0,online_banking,false,11
app_20250113_00000747,2025-01-13 03:32:16,cust_7218559,GRRE,auto_loan,21560,48,587,medium,approved,21560,mobile_app,false,324
app_20250113_00000748,2025-01-13 11:40:59,cust_1788375,AUTR,personal_loan,33957,36,725,low,rejected,0,branch,true,29
app_20250113_00000749,2025-01-13 04:55:41,cust_8855756,ITMI,personal_loan,46288,24,581,medium,rejected,0,atm,true,59
app_20250113_00000750,2025-01-13 06:56:44,cust_4817185,BENL,cash_loan,5000,48,568,medium,rejected,0,branch,false,32
app_20250113_00000751,2025-01-13 11:43:21,cust_1914710,ITMI,business_loan,11311,24,577,medium,rejected,0,mobile_app,false,118
app_20250113_00000752,2025-01-13 08:41:36,cust_4586594,CZPR,personal_loan,43715,24,561,medium,rejected,0,call_center,false,141
app_20250113_00000753,2025-01-13 16:04:01,cust_6159970,DEHE,business_loan,19544,48,637,medium,approved,19544,web,true,206
app_20250113_00000754,2025-01-13 20:15:04,cust_5835811,SESV,credit_card,5576,18,483,high,rejected,0,web,true,177
app_20250113_00000755,2025-01-13 05:51:31,cust_3542812,PLWA,mortgage,166708,300,830,low,approved,166708,online_banking,false,418
app_20250113_00000756,2025-01-13 22:13:45,cust_6737901,FRID,credit_card,30894,24,454,high,rejected,0,branch,true,61
app_20250113_00000757,2025-01-13 20:47:08,cust_1323172,CHBE,mortgage,387821,240,835,low,rejected,0,branch,false,60
app_20250113_00000758,2025-01-13 10:27:44,cust_9130023,BENL,refinance,119608,240,354,high,rejected,0,atm,false,9
app_20250113_00000759,2025-01-13 22:08:35,cust_9905362,ESMA,cash_loan,32532,48,689,medium,approved,32532,mobile_app,true,342
app_20250113_00000760,2025-01-13 18:33:35,cust_3050319,PLWA,cash_loan,21973,24,515,medium,approved,21973,branch,true,657
app_20250113_00000761,2025-01-13 15:48:44,cust_3405676,BENL,education_loan,26026,12,675,medium,approved,26026,partner,true,723
app_20250113_00000762,2025-01-13 22:59:47,cust_9334176,DEHE,education_loan,11592,36,850,low,approved,11592,atm,false,437
app_20250113_00000763,2025-01-13 20:16:47,cust_8621808,FRID,refinance,415909,120,548,medium,rejected,0,web,true,97
app_20250113_00000764,2025-01-13 03:31:10,cust_1585034,UKLO,refinance,242658,120,687,medium,rejected,0,web,true,35
app_20250113_00000765,2025-01-13 12:19:34,cust_7853250,UKLO,cash_loan,4601,42,622,medium,approved,4601,web,false,335
app_20250113_00000766,2025-01-13 16:02:24,cust_9523568,ESMA,business_loan,18304,60,829,low,approved,18304,atm,true,653
app_20250113_00000767,2025-01-13 15:04:59,cust_8442809,BENL,business_loan,11976,48,765,low,approved,11976,mobile,false,368
app_20250113_00000768,2025-01-13 10:14:00,cust_2302162,AUTR,cash_loan,48946,30,682,medium,approved,48946,call_center,true,243
app_20250113_00000769,2025-01-13 01:26:40,cust_6355765,DEHE,personal_loan,39211,48,821,low,approved,39211,call_center,false,581
app_20250113_00000770,2025-01-13 19:59:12,cust_8978985,FRID,mortgage,143660,300,664,medium,approved,143660,web,true,546
app_20250113_00000771,2025-01-13 08:08:39,cust_9427759,CHBE,business_loan,23465,36,820,low,approved,23465,branch,false,609
app_20250113_00000772,2025-01-13 14:04:17,cust_8518840,FRID,education_loan,16052,60,666,medium,approved,16052,branch,false,442
app_20250113_00000773,2025-01-13 20:21:33,cust_5830001,FRID,refinance,495952,300,626,medium,rejected,0,web,false,72
app_20250113_00000774,2025-01-13 02:14:55,cust_6478128,AUTR,education_loan,3587,36,706,low,approved,3587,online_banking,false,592
app_20250113_00000775,2025-01-13 15:06:40,cust_1818187,FRID,mortgage,57495,180,652,medium,approved,57495,partner,false,108
app_20250113_00000776,2025-01-13 23:59:54,cust_777774,ITMI,business_loan,2773,48,575,medium,rejected,0,online_banking,false,34
app_20250113_00000777,2025-01-13 01:11:50,cust_2144030,UKLO,auto_loan,49687,36,656,medium,approved,49687,online_banking,true,203
app_20250113_00000778,2025-01-13 05:06:50,cust_954888,CHBE,education_loan,30716,36,850,low,approved,30716,partner,false,248
app_20250113_00000779,2025-01-13 14:40:19,cust_5289953,PORP,refinance,448631,240,698,medium,approved,448631,online_banking,false,539
app_20250113_00000780,2025-01-13 00:03:15,cust_8071710,PORP,mortgage,166438,360,636,medium,approved,166438,branch,false,39
app_20250113_00000781,2025-01-13 16:48:20,cust_5388549,SESV,cash_loan,25826,30,575,medium,rejected,0,web,true,60
app_20250113_00000782,2025-01-13 01:00:41,cust_7489221,BENL,credit_card,39687,12,617,medium,approved,39687,partner,true,621
app_20250113_00000783,2025-01-13 02:02:55,cust_1230256,UKLO,credit_card,48314,48,749,low,approved,48314,mobile,true,126
app_20250113_00000784,2025-01-13 06:03:45,cust_2694833,ATVI,business_loan,37182,60,592,medium,rejected,0,partner,true,95
app_20250113_00000785,2025-01-13 05:26:35,cust_4303567,ITMI,cash_loan,34017,48,748,low,rejected,0,mobile,true,88
app_20250113_00000786,2025-01-13 12:17:18,cust_909644,PORP,cash_loan,45961,30,527,medium,rejected,0,online_banking,true,163
app_20250113_00000787,2025-01-13 05:57:09,cust_153198,PLWA,business_loan,26062,12,477,high,rejected,0,mobile,true,167
app_20250113_00000788,2025-01-13 18:15:25,cust_646281,BENL,mortgage,177025,240,665,medium,rejected,0,atm,true,145
app_20250113_00000789,2025-01-13 01:27:59,cust_501702,CZPR,business_loan,4744,60,661,medium,approved,4744,mobile_app,false,430
app_20250113_00000790,2025-01-13 00:03:54,cust_648564,PORP,auto_loan,31472,60,602,medium,approved,31472,partner,true,311
app_20250113_00000791,2025-01-13 05:13:33,cust_370419,ESMA,education_loan,23257,12,739,low,approved,23257,call_center,true,518
app_20250113_00000792,2025-01-13 15:12:44,cust_992218,PLWA,refinance,341164,240,576,medium,approved,341164,mobile,true,641
app_20250113_00000793,2025-01-13 17:38:43,cust_263004,CZPR,credit_card,9308,24,612,medium,approved,9308,branch,true,312
app_20250113_00000794,2025-01-13 04:04:11,cust_6443419,ATVI,cash_loan,5733,12,638,medium,approved,5733,mobile,false,669
app_20250113_00000795,2025-01-13 01:12:43,cust_533436,NLAM,cash_loan,36861,30,556,medium,rejected,0,atm,false,49
app_20250113_00000796,2025-01-13 00:56:51,cust_8555716,CHBE,education_loan,12997,48,576,medium,approved,12997,branch,true,282
app_20250113_00000797,2025-01-13 02:42:56,cust_5525776,DEHE,refinance,356175,240,621,medium,approved,356175,online_banking,false,662
app_20250113_00000798,2025-01-13 13:57:30,cust_2518874,ATVI,personal_loan,35766,30,764,low,approved,35766,branch,true,511
app_20250113_00000799,2025-01-13 17:03:25,cust_3993953,SESV,mortgage,194305,300,798,low,approved,194305,mobile,true,695
app_20250113_00000800,2025-01-13 15:30:03,cust_6160016,PLWA,refinance,201952,360,478,high,rejected,0,online_banking,true,112
app_20250113_00000801,2025-01-13 09:09:49,cust_4561661,CHBE,business_loan,37792,24,721,low,approved,37792,online_banking,false,222
app_20250113_00000802,2025-01-13 05:36:15,cust_2204007,AUTR,credit_card,49734,18,624,medium,rejected,0,web,false,162
app_20250113_00000803,2025-01-13 14:09:52,cust_5968280,ESMA,credit_card,37144,12,647,medium,rejected,0,partner,true,139
app_20250113_00000804,2025-01-13 11:21:50,cust_8450768,ITMI,refinance,464697,240,671,medium,rejected,0,web,false,17
app_20250113_00000805,2025-01-13 05:25:03,cust_344794,GRRE,personal_loan,3716,18,691,medium,approved,3716,call_center,true,839
app_20250113_00000806,2025-01-13 12:08:38,cust_6585441,DEHE,education_loan,25068,36,614,medium,approved,25068,web,false,90
app_20250113_00000807,2025-01-13 08:33:55,cust_2994881,DEHE,refinance,367793,360,850,low,approved,367793,atm,false,211
app_20250113_00000808,2025-01-13 20:18:39,cust_9615995,CZPR,cash_loan,43735,18,675,medium,approved,43735,branch,true,55
app_20250113_00000809,2025-01-13 23:36:57,cust_7690497,UKLO,credit_card,4862,30,581,medium,approved,4862,partner,true,738
app_20250113_00000810,2025-01-13 09:08:57,cust_9150873,GRRE,refinance,150423,180,663,medium,rejected,0,web,true,48
app_20250113_00000811,2025-01-13 11:44:18,cust_6237058,SESV,personal_loan,32036,30,622,medium,approved,32036,mobile,true,194
app_20250113_00000812,2025-01-13 16:15:00,cust_282511,DEHE,education_loan,24393,24,613,medium,approved,24393,online_banking,true,715
app_20250113_00000813,2025-01-13 09:25:11,cust_4051352,UKLO,credit_card,37894,36,629,medium,approved,37894,online_banking,true,885
app_20250113_00000814,2025-01-13 04:13:50,cust_8874913,BENL,business_loan,34632,60,555,medium,rejected,0,mobile_app,false,108
app_20250113_00000815,2025-01-13 01:42:17,cust_3534813,BENL,personal_loan,44405,36,815,low,approved,44405,online_banking,false,117
app_20250113_00000816,2025-01-13 21:53:50,cust_2289409,CZPR,cash_loan,26320,42,798,low,approved,26320,atm,true,317
app_20250113_00000817,2025-01-13 00:48:43,cust_4649112,SESV,education_loan,17388,36,696,medium,rejected,0,atm,true,70
app_20250113_00000818,2025-01-13 02:11:09,cust_2657690,NLAM,business_loan,23389,12,666,medium,approved,23389,mobile_app,false,886
app_20250113_00000819,2025-01-13 06:25:21,cust_1705904,NLAM,business_loan,11513,48,610,medium,rejected,0,call_center,true,124
app_20250113_00000820,2025-01-13 08:29:35,cust_5241222,PLWA,personal_loan,47454,18,812,low,approved,47454,mobile,false,422
app_20250113_00000821,2025-01-13 05:21:30,cust_6220299,PORP,cash_loan,24226,36,622,medium,approved,24226,branch,false,345
app_20250113_00000822,2025-01-13 17:41:05,cust_3030489,SESV,cash_loan,19491,36,731,low,approved,19491,online_banking,true,795
app_20250113_00000823,2025-01-13 19:29:17,cust_2141321,NLAM,mortgage,365068,300,670,medium,approved,365068,partner,false,343
app_20250113_00000824,2025-01-13 16:48:45,cust_3417940,GRRE,auto_loan,8486,48,673,medium,approved,8486,partner,false,722
app_20250113_00000825,2025-01-13 13:11:44,cust_8794506,SESV,mortgage,300065,180,748,low,approved,300065,mobile,true,455
app_20250113_00000826,2025-01-13 10:57:13,cust_457187,AUTR,mortgage,92349,360,528,medium,rejected,0,atm,true,121
app_20250113_00000827,2025-01-13 04:09:55,cust_3759599,UKLO,education_loan,33930,24,616,medium,rejected,0,online_banking,false,172
app_20250113_00000828,2025-01-13 19:23:26,cust_7684944,FRID,mortgage,463965,240,558,medium,approved,463965,mobile_app,false,331
app_20250113_00000829,2025-01-13 21:52:45,cust_9934008,ESMA,education_loan,35536,24,664,medium,rejected,0,mobile_app,false,139
app_20250113_00000830,2025-01-13 12:11:24,cust_8538509,CZPR,cash_loan,36021,12,568,medium,rejected,0,atm,true,85
app_20250113_00000831,2025-01-13 21:26:10,cust_6086006,PLWA,personal_loan,26724,36,668,medium,approved,26724,online_banking,true,542
app_20250113_00000832,2025-01-13 01:39:58,cust_6324048,PLWA,education_loan,8620,24,728,low,approved,8620,partner,true,728
app_20250113_00000833,2025-01-13 04:01:24,cust_1361925,NLAM,mortgage,198662,360,675,medium,approved,198662,branch,false,453
app_20250113_00000834,2025-01-13 10:56:04,cust_879102,UKLO,personal_loan,4789,30,626,medium,rejected,0,web,false,107
app_20250113_00000835,2025-01-13 04:59:56,cust_3453987,ITMI,credit_card,33440,18,672,medium,approved,33440,atm,true,234
app_20250113_00000836,2025-01-13 11:01:19,cust_6636663,DEHE,auto_loan,38502,72,448,high,rejected,0,branch,true,15
app_20250113_00000837,2025-01-13 12:57:08,cust_4723052,UKLO,cash_loan,39173,42,797,low,approved,39173,atm,false,657
app_20250113_00000838,2025-01-13 20:39:42,cust_6145427,SESV,mortgage,135860,120,528,medium,rejected,0,call_center,true,62
app_20250113_00000839,2025-01-13 02:00:55,cust_6750465,GRRE,business_loan,33921,48,670,medium,rejected,0,call_center,false,19
app_20250113_00000840,2025-01-13 10:45:46,cust_2407757,DEHE,personal_loan,37891,18,528,medium,approved,37891,call_center,true,659
app_20250113_00000841,2025-01-13 10:14:23,cust_5301149,DEHE,education_loan,16368,12,723,low,approved,16368,mobile,true,391
app_20250113_00000842,2025-01-13 00:57:28,cust_2196320,UKLO,mortgage,219855,240,755,low,approved,219855,atm,true,324
app_20250113_00000843,2025-01-13 08:19:38,cust_2419961,PORP,refinance,233986,240,672,medium,rejected,0,call_center,true,38
app_20250113_00000844,2025-01-13 22:46:46,cust_6238734,ITMI,mortgage,229135,360,672,medium,approved,229135,mobile,true,178
app_20250113_00000845,2025-01-13 22:02:10,cust_7170265,CHBE,business_loan,3021,36,641,medium,approved,3021,web,true,561
app_20250113_00000846,2025-01-13 09:14:39,cust_6904917,FRID,education_loan,20575,12,679,medium,approved,20575,call_center,true,748
app_20250113_00000847,2025-01-13 20:22:28,cust_890516,CHBE,cash_loan,23673,48,695,medium,rejected,0,mobile,true,28
app_20250113_00000848,2025-01-13 00:49:48,cust_267764,GRRE,cash_loan,37330,30,657,medium,approved,37330,branch,true,877
app_20250113_00000849,2025-01-13 20:45:54,cust_2719691,ITMI,auto_loan,50453,72,499,high,rejected,0,mobile,true,32
app_20250113_00000850,2025-01-13 12:19:14,cust_311591,CZPR,business_loan,29424,36,579,medium,rejected,0,online_banking,false,11
app_20250113_00000851,2025-01-13 16:13:55,cust_2322084,PLWA,mortgage,209891,180,608,medium,approved,209891,online_banking,true,683
app_20250113_00000852,2025-01-13 17:28:51,cust_1083675,CHBE,cash_loan,5773,24,731,low,approved,5773,mobile,true,345
app_20250113_00000853,2025-01-13 02:01:08,cust_8946576,FRID,business_loan,13123,48,708,low,approved,13123,branch,false,619
app_20250113_00000854,2025-01-13 03:04:24,cust_498377,CZPR,mortgage,315824,180,778,low,approved,315824,web,false,332
app_20250113_00000855,2025-01-13 04:43:59,cust_7277589,ITMI,education_loan,31313,36,651,medium,approved,31313,mobile,true,214
app_20250113_00000856,2025-01-13 18:50:47,cust_8237859,ATVI,mortgage,129466,180,637,medium,approved,129466,partner,false,468
app_20250113_00000857,2025-01-13 12:45:08,cust_9190119,AUTR,education_loan,26518,48,644,medium,approved,26518,partner,true,495
app_20250113_00000858,2025-01-13 07:59:10,cust_8648735,ESMA,credit_card,20684,24,619,medium,rejected,0,mobile,true,78
app_20250113_00000859,2025-01-13 20:57:10,cust_4634978,NLAM,education_loan,33570,24,594,medium,rejected,0,atm,true,118
app_20250113_00000860,2025-01-13 11:29:16,cust_4546179,GRRE,refinance,296740,120,703,low,rejected,0,mobile_app,false,126
app_20250113_00000861,2025-01-13 16:33:18,cust_8891725,BENL,auto_loan,42679,48,585,medium,rejected,0,partner,false,21
app_20250113_00000862,2025-01-13 14:27:55,cust_7539817,ITMI,cash_loan,30409,36,760,low,approved,30409,atm,false,834
app_20250113_00000863,2025-01-13 07:32:05,cust_9861472,AUTR,business_loan,8676,60,631,medium,rejected,0,atm,true,152
app_20250113_00000864,2025-01-13 11:23:19,cust_1790976,BENL,personal_loan,22756,30,626,medium,approved,22756,mobile,true,745
app_20250113_00000865,2025-01-13 01:22:38,cust_8515439,FRID,cash_loan,43327,18,659,medium,approved,43327,partner,true,462
app_20250113_00000866,2025-01-13 12:19:09,cust_1465074,PLWA,cash_loan,39113,12,509,medium,rejected,0,mobile_app,false,98
app_20250113_00000867,2025-01-13 01:58:32,cust_1420671,DEHE,refinance,241945,360,591,medium,approved,241945,mobile,false,896
app_20250113_00000868,2025-01-13 20:19:11,cust_2727023,BENL,mortgage,96031,180,716,low,approved,96031,atm,false,332
app_20250113_00000869,2025-01-13 10:41:39,cust_6133524,ATVI,business_loan,11259,60,569,medium,rejected,0,partner,false,155
app_20250113_00000870,2025-01-13 15:15:41,cust_2483537,DEHE,credit_card,17025,36,626,medium,approved,17025,atm,true,665
app_20250113_00000871,2025-01-13 22:34:58,cust_1457536,FRID,mortgage,415832,360,564,medium,approved,415832,branch,false,91
app_20250113_00000872,2025-01-13 23:00:41,cust_2380241,DEHE,cash_loan,45332,12,683,medium,approved,45332,call_center,true,398
app_20250113_00000873,2025-01-13 09:25:31,cust_3406611,SESV,cash_loan,6572,18,608,medium,approved,6572,mobile,true,523
app_20250113_00000874,2025-01-13 18:51:23,cust_7178881,SESV,personal_loan,26992,12,433,high,rejected,0,online_banking,true,55
app_20250113_00000875,2025-01-13 02:13:08,cust_4953603,BENL,refinance,310875,360,588,medium,approved,310875,branch,true,248
app_20250113_00000876,2025-01-13 14:27:06,cust_3481645,NLAM,credit_card,11501,36,741,low,rejected,0,mobile,true,123
app_20250113_00000877,2025-01-13 08:50:36,cust_6266537,BENL,cash_loan,11247,18,559,medium,approved,11247,branch,true,379
app_20250113_00000878,2025-01-13 02:24:35,cust_129168,ESMA,business_loan,4873,12,791,low,approved,4873,branch,false,876
app_20250113_00000879,2025-01-13 18:37:08,cust_4890936,PORP,personal_loan,32601,36,704,low,rejected,0,partner,false,156
app_20250113_00000880,2025-01-13 12:27:42,cust_8241764,AUTR,refinance,256125,120,603,medium,approved,256125,atm,false,494
app_20250113_00000881,2025-01-13 18:33:08,cust_4948638,ESMA,credit_card,47355,30,626,medium,approved,47355,atm,false,889
app_20250113_00000882,2025-01-13 16:37:42,cust_5319111,GRRE,personal_loan,39362,30,608,medium,rejected,0,mobile,false,45
app_20250113_00000883,2025-01-13 00:06:07,cust_105358,FRID,mortgage,482646,240,652,medium,approved,482646,online_banking,true,856
app_20250113_00000884,2025-01-13 04:50:41,cust_9492897,FRID,refinance,455775,360,476,high,rejected,0,call_center,false,59
app_20250113_00000885,2025-01-13 18:10:58,cust_9802835,ATVI,credit_card,26436,30,726,low,approved,26436,web,false,854
app_20250113_00000886,2025-01-13 02:54:06,cust_7483293,AUTR,business_loan,22233,24,803,low,approved,22233,branch,false,168
app_20250113_00000887,2025-01-13 17:11:04,cust_7001573,GRRE,business_loan,13076,12,481,high,rejected,0,partner,false,122
app_20250113_00000888,2025-01-13 06:03:43,cust_6998929,ITMI,auto_loan,44641,48,762,low,approved,44641,mobile,true,717
app_20250113_00000889,2025-01-13 18:29:32,cust_9496048,PORP,business_loan,31719,12,766,low,approved,31719,mobile_app,false,521
app_20250113_00000890,2025-01-13 23:45:07,cust_8071026,PORP,business_loan,31755,48,598,medium,approved,31755,call_center,false,855
app_20250113_00000891,2025-01-13 16:21:45,cust_8935008,NLAM,personal_loan,29436,12,726,low,approved,29436,branch,false,787
app_20250113_00000892,2025-01-13 06:08:39,cust_321563,AUTR,credit_card,45054,36,485,high,rejected,0,branch,false,98
app_20250113_00000893,2025-01-13 13:53:54,cust_3833953,ITMI,refinance,354492,300,744,low,approved,354492,web,true,251
app_20250113_00000894,2025-01-13 11:20:40,cust_2165297,BENL,credit_card,3464,12,705,low,approved,3464,partner,false,731
app_20250113_00000895,2025-01-13 05:51:34,cust_8691947,PORP,auto_loan,9587,36,620,medium,approved,9587,mobile,true,174
app_20250113_00000896,2025-01-13 15:02:48,cust_7995264,DEHE,auto_loan,49979,60,637,medium,approved,49979,web,true,357
app_20250113_00000897,2025-01-13 02:12:32,cust_8266820,NLAM,auto_loan,13831,24,717,low,approved,13831,mobile_app,false,851
app_20250113_00000898,2025-01-13 23:49:46,cust_9131032,GRRE,business_loan,29675,24,664,medium,approved,29675,partner,true,248
app_20250113_00000899,2025-01-13 08:49:09,cust_6650574,FRID,mortgage,481211,120,598,medium,rejected,0,mobile_app,true,63
app_20250113_00000900,2025-01-13 08:49:16,cust_4301905,ESMA,business_loan,29289,60,441,high,rejected,0,atm,true,108
app_20250113_00000901,2025-01-13 11:17:00,cust_9958090,NLAM,education_loan,6046,60,495,high,rejected,0,branch,true,146
app_20250113_00000902,2025-01-13 12:55:16,cust_7491942,ATVI,cash_loan,17065,48,746,low,approved,17065,atm,true,587
app_20250113_00000903,2025-01-13 20:15:54,cust_1570879,DEHE,education_loan,7986,60,661,medium,approved,7986,branch,false,162
app_20250113_00000904,2025-01-13 16:50:13,cust_6904097,SESV,personal_loan,1699,48,738,low,approved,1699,atm,false,328
app_20250113_00000905,2025-01-13 14:41:48,cust_2447779,NLAM,mortgage,368265,300,623,medium,rejected,0,partner,false,50
app_20250113_00000906,2025-01-13 16:07:17,cust_4692605,PLWA,cash_loan,1943,36,623,medium,approved,1943,call_center,true,621
app_20250113_00000907,2025-01-13 20:15:22,cust_3857563,SESV,credit_card,39045,42,540,medium,approved,39045,partner,true,455
app_20250113_00000908,2025-01-13 01:55:25,cust_1829411,ATVI,education_loan,12102,60,422,high,rejected,0,call_center,false,9
app_20250113_00000909,2025-01-13 08:26:09,cust_7309565,CHBE,auto_loan,55469,24,531,medium,rejected,0,web,true,133
app_20250113_00000910,2025-01-13 08:37:28,cust_538283,UKLO,personal_loan,20209,48,640,medium,approved,20209,online_banking,false,826
app_20250113_00000911,2025-01-13 23:22:49,cust_6126374,CHBE,education_loan,30025,60,797,low,approved,30025,mobile_app,false,235
app_20250113_00000912,2025-01-13 16:48:16,cust_480475,ATVI,education_loan,13688,12,765,low,approved,13688,mobile,true,782
app_20250113_00000913,2025-01-13 01:55:29,cust_1315470,GRRE,education_loan,39518,36,467,high,rejected,0,mobile,false,166
app_20250113_00000914,2025-01-13 12:34:32,cust_340756,ITMI,education_loan,35790,12,411,high,approved,35790,partner,true,267
app_20250113_00000915,2025-01-13 06:06:59,cust_8148513,FRID,personal_loan,2978,12,713,low,approved,2978,atm,true,717
app_20250113_00000916,2025-01-13 11:29:09,cust_4226696,BENL,cash_loan,19553,30,686,medium,rejected,0,call_center,true,24
app_20250113_00000917,2025-01-13 17:38:54,cust_5674671,ATVI,credit_card,35361,42,726,low,approved,35361,online_banking,true,608
app_20250113_00000918,2025-01-13 10:40:08,cust_2381444,CHBE,auto_loan,53436,72,788,low,approved,53436,atm,false,729
app_20250113_00000919,2025-01-13 12:30:22,cust_5560900,CHBE,refinance,127526,180,597,medium,rejected,0,atm,false,111
app_20250113_00000920,2025-01-13 01:13:22,cust_7513271,PORP,mortgage,319207,240,602,medium,approved,319207,partner,true,229
app_20250113_00000921,2025-01-13 02:06:00,cust_4777223,FRID,cash_loan,36546,12,818,low,approved,36546,online_banking,false,819
app_20250113_00000922,2025-01-13 19:42:34,cust_3312200,PORP,business_loan,24053,24,548,medium,approved,24053,branch,false,882
app_20250113_00000923,2025-01-13 14:52:51,cust_3897086,CHBE,education_loan,4161,36,746,low,approved,4161,atm,true,665
app_20250113_00000924,2025-01-13 20:55:49,cust_2600608,ESMA,mortgage,380838,360,691,medium,rejected,0,call_center,true,105
app_20250113_00000925,2025-01-13 16:13:20,cust_9469534,CZPR,mortgage,473301,180,570,medium,approved,473301,mobile_app,true,479
app_20250113_00000926,2025-01-13 02:21:32,cust_8348312,PORP,cash_loan,33372,30,658,medium,approved,33372,branch,false,352
app_20250113_00000927,2025-01-13 21:20:04,cust_5223777,BENL,refinance,61107,240,687,medium,rejected,0,branch,false,152
app_20250113_00000928,2025-01-13 16:03:10,cust_5998235,CHBE,personal_loan,32293,24,724,low,approved,32293,branch,true,708
app_20250113_00000929,2025-01-13 05:14:35,cust_2286685,ESMA,cash_loan,49872,24,763,low,approved,49872,online_banking,false,544
app_20250113_00000930,2025-01-13 08:52:45,cust_7095919,PLWA,education_loan,2505,24,791,low,approved,2505,online_banking,true,823
app_20250113_00000931,2025-01-13 22:51:56,cust_9347640,FRID,mortgage,165799,300,628,medium,rejected,0,call_center,false,84
app_20250113_00000932,2025-01-13 02:30:35,cust_9121694,SESV,auto_loan,31688,24,850,low,approved,31688,partner,true,874
app_20250113_00000933,2025-01-13 10:33:03,cust_891659,CZPR,business_loan,32230,60,767,low,approved,32230,branch,true,322
app_20250113_00000934,2025-01-13 23:34:35,cust_4815075,UKLO,refinance,121833,180,850,low,approved,121833,web,false,86
app_20250113_00000935,2025-01-13 21:13:12,cust_730643,PORP,education_loan,17255,12,839,low,approved,17255,mobile_app,true,101
app_20250113_00000936,2025-01-13 17:54:21,cust_2947552,FRID,cash_loan,47084,42,689,medium,approved,47084,web,false,430
app_20250113_00000937,2025-01-13 05:05:21,cust_5398350,NLAM,credit_card,28326,36,754,low,approved,28326,web,false,207
app_20250113_00000938,2025-01-13 14:49:22,cust_5194446,ESMA,auto_loan,11749,48,745,low,approved,11749,mobile_app,false,366
app_20250113_00000939,2025-01-13 17:00:40,cust_1735200,BENL,cash_loan,32251,12,489,high,rejected,0,mobile_app,true,97
app_20250113_00000940,2025-01-13 13:28:09,cust_7533388,ATVI,credit_card,16501,30,729,low,approved,16501,online_banking,true,756
app_20250113_00000941,2025-01-13 05:41:47,cust_763640,BENL,credit_card,26104,12,665,medium,approved,26104,partner,false,420
app_20250113_00000942,2025-01-13 10:48:05,cust_8385364,ESMA,business_loan,15296,36,605,medium,approved,15296,atm,false,740
app_20250113_00000943,2025-01-13 06:29:14,cust_7328651,PLWA,personal_loan,46732,24,804,low,approved,46732,mobile,true,341
app_20250113_00000944,2025-01-13 03:11:16,cust_2421854,AUTR,cash_loan,2674,36,511,medium,rejected,0,web,true,178
app_20250113_00000945,2025-01-13 20:34:48,cust_7105537,BENL,mortgage,435058,240,615,medium,approved,435058,online_banking,false,46
app_20250113_00000946,2025-01-13 23:47:48,cust_9963088,CZPR,cash_loan,42258,18,719,low,approved,42258,web,false,63
app_20250113_00000947,2025-01-13 17:16:14,cust_8472309,SESV,education_loan,20550,24,692,medium,approved,20550,online_banking,true,650
app_20250113_00000948,2025-01-13 08:08:50,cust_4109446,PLWA,cash_loan,2142,30,649,medium,approved,2142,web,false,722
app_20250113_00000949,2025-01-13 04:31:37,cust_5372655,FRID,personal_loan,30696,12,536,medium,rejected,0,online_banking,true,176
app_20250113_00000950,2025-01-13 23:09:48,cust_3623911,BENL,education_loan,29957,36,531,medium,approved,29957,atm,false,684
app_20250113_00000951,2025-01-13 06:06:43,cust_7115991,PORP,auto_loan,24007,24,775,low,approved,24007,atm,true,441
app_20250113_00000952,2025-01-13 09:43:25,cust_1832520,GRRE,cash_loan,14123,30,636,medium,rejected,0,web,false,57
app_20250113_00000953,2025-01-13 14:28:09,cust_4272030,DEHE,auto_loan,45764,60,734,low,approved,45764,online_banking,true,639
app_20250113_00000954,2025-01-13 14:06:19,cust_7249077,FRID,mortgage,439539,360,609,medium,approved,439539,call_center,true,33
app_20250113_00000955,2025-01-13 15:27:13,cust_6126979,AUTR,education_loan,24659,24,640,medium,rejected,0,partner,true,30
app_20250113_00000956,2025-01-13 15:29:20,cust_9738698,CZPR,auto_loan,7308,24,656,medium,approved,7308,mobile,false,49
app_20250113_00000957,2025-01-13 17:48:57,cust_231290,GRRE,credit_card,29345,30,510,medium,rejected,0,branch,true,64
app_20250113_00000958,2025-01-13 19:03:02,cust_3686737,CZPR,credit_card,43234,18,739,low,approved,43234,mobile,false,318
app_20250113_00000959,2025-01-13 02:00:34,cust_6494798,ITMI,credit_card,29374,24,481,high,rejected,0,online_banking,false,150
app_20250113_00000960,2025-01-13 09:31:15,cust_1032501,FRID,auto_loan,44505,60,733,low,approved,44505,mobile,true,146
app_20250113_00000961,2025-01-13 15:48:58,cust_7600825,ATVI,mortgage,186090,240,707,low,approved,186090,call_center,true,359
app_20250113_00000962,2025-01-13 18:37:49,cust_7521041,UKLO,personal_loan,15148,42,678,medium,rejected,0,call_center,false,162
app_20250113_00000963,2025-01-13 17:47:23,cust_2233465,NLAM,education_loan,25242,48,598,medium,rejected,0,branch,true,169
app_20250113_00000964,2025-01-13 04:16:28,cust_1909038,ATVI,refinance,395111,180,705,low,approved,395111,mobile_app,false,302
app_20250113_00000965,2025-01-13 02:21:34,cust_2243888,ATVI,credit_card,35429,36,772,low,approved,35429,atm,true,762
app_20250113_00000966,2025-01-13 21:09:47,cust_9578162,GRRE,credit_card,8108,12,669,medium,rejected,0,web,false,90
app_20250113_00000967,2025-01-13 10:56:10,cust_818926,BENL,auto_loan,44130,36,682,medium,rejected,0,online_banking,true,124
app_20250113_00000968,2025-01-13 15:59:28,cust_1268168,UKLO,education_loan,39602,12,705,low,approved,39602,atm,true,419
app_20250113_00000969,2025-01-13 03:08:01,cust_1124659,CZPR,personal_loan,19770,48,665,medium,rejected,0,mobile_app,true,36
app_20250113_00000970,2025-01-13 05:50:49,cust_2448135,GRRE,cash_loan,49844,36,590,medium,approved,49844,call_center,true,817
app_20250113_00000971,2025-01-13 06:37:09,cust_7230684,FRID,business_loan,29028,48,611,medium,approved,29028,mobile,true,670
app_20250113_00000972,2025-01-13 13:00:53,cust_5326766,GRRE,personal_loan,26488,48,622,medium,approved,26488,branch,true,896
app_20250113_00000973,2025-01-13 23:21:14,cust_9164974,PORP,cash_loan,22896,30,636,medium,approved,22896,online_banking,false,732
app_20250113_00000974,2025-01-13 07:56:57,cust_8522340,AUTR,personal_loan,48446,42,618,medium,approved,48446,atm,false,227
app_20250113_00000975,2025-01-13 16:38:04,cust_9379101,CZPR,credit_card,30884,36,597,medium,rejected,0,mobile_app,false,42
app_20250113_00000976,2025-01-13 09:24:08,cust_2751489,FRID,refinance,178154,120,469,high,approved,178154,partner,false,557
app_20250113_00000977,2025-01-13 20:05:15,cust_593641,PORP,cash_loan,7471,18,595,medium,rejected,0,mobile_app,false,80
app_20250113_00000978,2025-01-13 06:48:40,cust_4693021,ITMI,refinance,331925,240,640,medium,rejected,0,web,false,29
app_20250113_00000979,2025-01-13 05:45:20,cust_8934376,BENL,credit_card,26261,24,756,low,approved,26261,web,true,120
app_20250113_00000980,2025-01-13 23:13:39,cust_7035605,ITMI,cash_loan,25271,18,701,low,approved,25271,call_center,true,35
app_20250113_00000981,2025-01-13 12:08:17,cust_2808461,SESV,auto_loan,16728,60,611,medium,approved,16728,partner,false,869
app_20250113_00000982,2025-01-13 05:15:32,cust_7797256,ATVI,personal_loan,35260,24,727,low,approved,35260,mobile,true,601
app_20250113_00000983,2025-01-13 06:56:36,cust_3351188,CHBE,auto_loan,36970,72,597,medium,rejected,0,partner,true,58
app_20250113_00000984,2025-01-13 10:17:46,cust_3378540,PLWA,refinance,475951,240,647,medium,rejected,0,mobile,false,147
app_20250113_00000985,2025-01-13 02:32:31,cust_8611444,ITMI,cash_loan,35359,30,529,medium,rejected,0,mobile_app,true,87
app_20250113_00000986,2025-01-13 12:08:14,cust_1394896,CHBE,mortgage,133893,180,684,medium,approved,133893,branch,false,831
app_20250113_00000987,2025-01-13 06:00:03,cust_5729966,CHBE,mortgage,150863,180,733,low,approved,150863,call_center,false,124
app_20250113_00000988,2025-01-13 07:11:41,cust_8046967,BENL,business_loan,3831,12,618,medium,approved,3831,call_center,false,308
app_20250113_00000989,2025-01-13 09:42:37,cust_1375766,SESV,credit_card,11245,36,590,medium,approved,11245,online_banking,true,740
app_20250113_00000990,2025-01-13 17:45:08,cust_9716442,SESV,mortgage,375034,120,543,medium,approved,375034,mobile,true,391
app_20250113_00000991,2025-01-13 05:28:10,cust_916015,PLWA,business_loan,18511,24,601,medium,rejected,0,mobile,true,94
app_20250113_00000992,2025-01-13 03:32:50,cust_4930917,ESMA,refinance,370079,240,598,medium,approved,370079,partner,true,831
app_20250113_00000993,2025-01-13 23:56:11,cust_471727,ITMI,education_loan,9749,60,566,medium,approved,9749,branch,true,89
app_20250113_00000994,2025-01-13 18:42:57,cust_1488508,PORP,education_loan,27905,60,850,low,approved,27905,online_banking,true,596
app_20250113_00000995,2025-01-13 03:17:34,cust_8327837,DEHE,credit_card,13280,42,670,medium,approved,13280,mobile_app,true,543
app_20250113_00000996,2025-01-13 08:32:45,cust_7661906,GRRE,cash_loan,47808,42,598,medium,approved,47808,online_banking,false,567
app_20250113_00000997,2025-01-13 17:31:46,cust_6199073,CZPR,credit_card,2593,42,752,low,approved,2593,atm,false,835
app_20250113_00000998,2025-01-13 04:00:41,cust_5564429,DEHE,cash_loan,22708,42,745,low,approved,22708,atm,true,166
app_20250113_00000999,2025-01-13 07:48:04,cust_1374583,PLWA,personal_loan,36668,48,777,low,approved,36668,mobile_app,true,271
app_20250113_00001000,2025-01-13 13:39:30,cust_4837743,SESV,refinance,399221,180,692,medium,rejected,0,atm,false,93
app_20250113_00001001,2025-01-13 04:58:10,cust_5895366,AUTR,refinance,457029,240,711,low,approved,457029,mobile,false,594
app_20250113_00001002,2025-01-13 05:42:35,cust_7827298,PORP,refinance,211516,300,482,high,approved,211516,atm,true,87
app_20250113_00001003,2025-01-13 23:17:11,cust_4256100,DEHE,business_loan,7548,12,611,medium,rejected,0,mobile_app,true,11
app_20250113_00001004,2025-01-13 20:14:15,cust_3442794,ESMA,refinance,496912,180,555,medium,approved,496912,partner,true,713
app_20250113_00001005,2025-01-13 06:13:29,cust_8994729,UKLO,auto_loan,28321,48,666,medium,approved,28321,branch,true,893
app_20250113_00001006,2025-01-13 23:47:34,cust_9633824,SESV,business_loan,7342,12,783,low,approved,7342,partner,true,840
app_20250113_00001007,2025-01-13 04:52:04,cust_3573985,FRID,credit_card,2109,12,647,medium,rejected,0,mobile_app,true,32
app_20250113_00001008,2025-01-13 09:55:16,cust_2835664,PORP,refinance,264822,240,513,medium,rejected,0,atm,true,125
app_20250113_00001009,2025-01-13 07:59:31,cust_7680939,AUTR,refinance,477679,180,622,medium,approved,477679,branch,true,885
app_20250113_00001010,2025-01-13 03:46:12,cust_1265057,SESV,refinance,429853,120,534,medium,approved,429853,partner,true,759
app_20250113_00001011,2025-01-13 11:40:08,cust_1069253,CZPR,mortgage,292769,120,576,medium,rejected,0,partner,false,68
app_20250113_00001012,2025-01-13 06:07:01,cust_6564022,DEHE,credit_card,14585,24,756,low,approved,14585,web,false,250
app_20250113_00001013,2025-01-13 08:56:14,cust_1477835,SESV,cash_loan,45683,24,607,medium,approved,45683,branch,true,581
app_20250113_00001014,2025-01-13 12:28:04,cust_4904711,ITMI,credit_card,11903,36,850,low,approved,11903,branch,true,892
app_20250113_00001015,2025-01-13 13:35:23,cust_9613926,GRRE,personal_loan,18096,36,754,low,rejected,0,mobile_app,false,157
app_20250113_00001016,2025-01-13 21:31:50,cust_3910493,UKLO,credit_card,7135,18,662,medium,approved,7135,web,true,845
app_20250113_00001017,2025-01-13 00:16:47,cust_4663003,ATVI,personal_loan,30148,48,760,low,approved,30148,call_center,true,781
app_20250113_00001018,2025-01-13 15:20:05,cust_3276422,ITMI,personal_loan,43579,36,638,medium,approved,43579,mobile_app,false,159
app_20250113_00001019,2025-01-13 00:03:01,cust_6725788,PORP,business_loan,10700,60,463,high,rejected,0,call_center,true,166
app_20250113_00001020,2025-01-13 07:15:02,cust_2509758,CHBE,refinance,55221,120,550,medium,approved,55221,partner,false,594
app_20250113_00001021,2025-01-13 03:53:27,cust_5188032,CHBE,personal_loan,28755,48,850,low,approved,28755,branch,true,729
app_20250113_00001022,2025-01-13 13:59:42,cust_9198560,GRRE,education_loan,3672,12,519,medium,approved,3672,mobile,true,879
app_20250113_00001023,2025-01-13 13:18:10,cust_173279,CZPR,education_loan,2164,24,690,medium,approved,2164,mobile,false,127
app_20250113_00001024,2025-01-13 00:48:05,cust_1934236,PLWA,education_loan,5183,12,636,medium,approved,5183,atm,true,669
app_20250113_00001025,2025-01-13 19:22:28,cust_7146520,PLWA,refinance,470860,180,478,high,rejected,0,web,true,55
app_20250113_00001026,2025-01-13 06:09:13,cust_9869035,ATVI,auto_loan,49768,24,736,low,approved,49768,online_banking,false,559
app_20250113_00001027,2025-01-13 23:11:22,cust_8751814,PLWA,auto_loan,22064,24,639,medium,approved,22064,branch,true,45
app_20250113_00001028,2025-01-13 18:42:46,cust_6179943,CZPR,business_loan,2500,36,776,low,approved,2500,mobile,false,351
app_20250113_00001029,2025-01-13 00:01:24,cust_8725893,PLWA,business_loan,26106,12,549,medium,rejected,0,atm,true,20
app_20250113_00001030,2025-01-13 14:21:11,cust_1481475,ITMI,personal_loan,41841,24,690,medium,rejected,0,mobile_app,true,102
app_20250113_00001031,2025-01-13 04:19:52,cust_1716129,ATVI,business_loan,19395,36,612,medium,approved,19395,atm,true,311
app_20250113_00001032,2025-01-13 13:54:04,cust_9187250,NLAM,credit_card,24619,30,485,high,rejected,0,call_center,true,75
app_20250113_00001033,2025-01-13 01:03:51,cust_5643329,PLWA,refinance,473997,120,577,medium,approved,473997,call_center,false,759
app_20250113_00001034,2025-01-13 18:49:52,cust_7612971,BENL,cash_loan,6552,42,775,low,approved,6552,mobile,false,845
app_20250113_00001035,2025-01-13 00:17:17,cust_4715011,GRRE,education_loan,24986,48,595,medium,rejected,0,branch,true,168
app_20250113_00001036,2025-01-13 07:18:30,cust_5576498,ATVI,business_loan,20520,36,674,medium,approved,20520,mobile,true,119
app_20250113_00001037,2025-01-13 23:30:53,cust_2464065,FRID,personal_loan,49502,18,508,medium,approved,49502,partner,false,372
app_20250113_00001038,2025-01-13 21:51:00,cust_4770227,ATVI,personal_loan,3215,48,597,medium,approved,3215,call_center,false,443
app_20250113_00001039,2025-01-13 00:24:03,cust_6967897,ITMI,refinance,430738,180,720,low,approved,430738,web,false,635
app_20250113_00001040,2025-01-13 14:11:39,cust_5977195,BENL,mortgage,256144,300,603,medium,approved,256144,mobile,false,31
app_20250113_00001041,2025-01-13 06:29:31,cust_4471835,ITMI,mortgage,468302,240,625,medium,approved,468302,web,false,176
app_20250113_00001042,2025-01-13 12:14:40,cust_3636975,CZPR,cash_loan,11426,48,650,medium,rejected,0,branch,true,116
app_20250113_00001043,2025-01-13 20:06:38,cust_9505904,AUTR,education_loan,7647,24,662,medium,approved,7647,mobile,false,213
app_20250113_00001044,2025-01-13 17:53:57,cust_2766234,PLWA,refinance,207593,240,664,medium,approved,207593,mobile_app,false,861
app_20250113_00001045,2025-01-13 01:35:44,cust_3704438,FRID,credit_card,45809,24,653,medium,approved,45809,partner,true,344
app_20250113_00001046,2025-01-13 19:42:20,cust_8802715,NLAM,refinance,393169,120,644,medium,approved,393169,branch,false,816
app_20250113_00001047,2025-01-13 03:25:06,cust_927925,ESMA,credit_card,13880,36,448,high,rejected,0,mobile_app,false,77
app_20250113_00001048,2025-01-13 15:44:01,cust_4002909,ESMA,personal_loan,28556,30,625,medium,rejected,0,atm,true,34
app_20250113_00001049,2025-01-13 01:44:04,cust_2373742,DEHE,education_loan,29554,36,601,medium,approved,29554,branch,false,268
app_20250113_00001050,2025-01-13 21:05:52,cust_6268772,ATVI,credit_card,43201,24,750,low,approved,43201,online_banking,true,689
app_20250113_00001051,2025-01-13 13:13:31,cust_308074,ESMA,refinance,215609,240,515,medium,approved,215609,branch,true,127
app_20250113_00001052,2025-01-13 23:53:16,cust_5652461,AUTR,education_loan,19913,48,603,medium,approved,19913,web,true,649
app_20250113_00001053,2025-01-13 21:10:20,cust_9487520,DEHE,auto_loan,50242,72,786,low,approved,50242,mobile_app,true,891
app_20250113_00001054,2025-01-13 21:33:02,cust_9177354,SESV,auto_loan,41680,36,840,low,approved,41680,online_banking,true,55
app_20250113_00001055,2025-01-13 21:45:18,cust_1469859,BENL,personal_loan,49066,36,680,medium,approved,49066,mobile,false,806
app_20250113_00001056,2025-01-13 04:14:46,cust_6643756,ATVI,cash_loan,7851,30,534,medium,approved,7851,call_center,true,831
app_20250113_00001057,2025-01-13 19:08:05,cust_4752165,ATVI,personal_loan,44926,48,657,medium,rejected,0,partner,false,76
app_20250113_00001058,2025-01-13 16:59:02,cust_706791,GRRE,cash_loan,33716,36,739,low,approved,33716,mobile_app,false,211
app_20250113_00001059,2025-01-13 11:51:19,cust_5566880,UKLO,credit_card,8989,12,639,medium,approved,8989,partner,true,547
app_20250113_00001060,2025-01-13 09:37:34,cust_7473457,FRID,education_loan,7657,48,712,low,approved,7657,mobile_app,true,506
app_20250113_00001061,2025-01-13 19:55:44,cust_7731759,GRRE,cash_loan,32982,48,691,medium,rejected,0,web,true,159
app_20250113_00001062,2025-01-13 19:57:19,cust_4850273,UKLO,business_loan,26729,12,536,medium,approved,26729,online_banking,true,612
app_20250113_00001063,2025-01-13 10:30:26,cust_8743013,PORP,refinance,368696,120,674,medium,approved,368696,mobile,true,774
app_20250113_00001064,2025-01-13 06:24:36,cust_884200,CZPR,personal_loan,46125,24,766,low,approved,46125,call_center,false,732
app_20250113_00001065,2025-01-13 23:06:15,cust_7744609,ITMI,refinance,442767,300,545,medium,rejected,0,web,true,39
app_20250113_00001066,2025-01-13 01:13:54,cust_764897,DEHE,mortgage,285285,300,708,low,rejected,0,online_banking,false,8
app_20250113_00001067,2025-01-13 05:30:35,cust_4343507,FRID,credit_card,21421,18,759,low,approved,21421,mobile_app,false,312
app_20250113_00001068,2025-01-13 11:40:04,cust_6890163,BENL,auto_loan,23374,72,491,high,rejected,0,partner,true,35
app_20250113_00001069,2025-01-13 06:42:25,cust_1810488,AUTR,auto_loan,45937,24,681,medium,approved,45937,online_banking,false,93
app_20250113_00001070,2025-01-13 19:57:13,cust_942002,NLAM,credit_card,8677,36,836,low,approved,8677,partner,false,818
app_20250113_00001071,2025-01-13 21:03:43,cust_2765888,ATVI,refinance,100690,300,730,low,approved,100690,mobile,false,434
app_20250113_00001072,2025-01-13 07:42:41,cust_9677267,PORP,mortgage,92455,180,638,medium,approved,92455,partner,true,124
app_20250113_00001073,2025-01-13 07:33:18,cust_9931321,FRID,business_loan,31005,36,656,medium,approved,31005,mobile_app,true,135
app_20250113_00001074,2025-01-13 05:23:41,cust_5742756,NLAM,cash_loan,23210,24,602,medium,rejected,0,partner,true,69
app_20250113_00001075,2025-01-13 05:58:33,cust_5656630,CZPR,personal_loan,8985,18,617,medium,approved,8985,branch,false,657
app_20250113_00001076,2025-01-13 16:51:06,cust_9392625,DEHE,cash_loan,17150,42,686,medium,approved,17150,mobile,false,187
app_20250113_00001077,2025-01-13 16:20:20,cust_4987874,DEHE,refinance,211838,360,633,medium,rejected,0,online_banking,false,109
app_20250113_00001078,2025-01-13 00:49:42,cust_7172248,NLAM,auto_loan,32529,36,583,medium,rejected,0,online_banking,false,86
app_20250113_00001079,2025-01-13 22:24:10,cust_7671123,ATVI,business_loan,24520,36,610,medium,approved,24520,partner,false,575
app_20250113_00001080,2025-01-13 23:51:02,cust_2663066,PLWA,refinance,94859,240,828,low,approved,94859,atm,true,862
app_20250113_00001081,2025-01-13 17:44:20,cust_2373805,NLAM,business_loan,15087,60,486,high,rejected,0,mobile_app,true,36
app_20250113_00001082,2025-01-13 11:08:40,cust_1814002,DEHE,credit_card,11119,42,690,medium,approved,11119,branch,false,673
app_20250113_00001083,2025-01-13 15:03:09,cust_5045794,BENL,personal_loan,22157,36,746,low,approved,22157,online_banking,true,61
app_20250113_00001084,2025-01-13 01:18:13,cust_5362691,NLAM,refinance,249611,300,615,medium,approved,249611,mobile_app,true,160
app_20250113_00001085,2025-01-13 18:39:32,cust_9538716,PLWA,refinance,256965,240,610,medium,approved,256965,atm,false,788
app_20250113_00001086,2025-01-13 15:37:07,cust_4965483,ITMI,business_loan,31538,60,628,medium,approved,31538,branch,true,628
app_20250113_00001087,2025-01-13 04:41:32,cust_1944228,UKLO,credit_card,43236,18,482,high,rejected,0,web,true,111
app_20250113_00001088,2025-01-13 22:42:15,cust_3132045,UKLO,business_loan,13633,36,659,medium,approved,13633,mobile,false,519
app_20250113_00001089,2025-01-13 11:00:56,cust_6968513,GRRE,personal_loan,27906,36,736,low,approved,27906,partner,false,241
app_20250113_00001090,2025-01-13 20:13:32,cust_8436045,NLAM,mortgage,338598,120,660,medium,approved,338598,mobile,true,254
app_20250113_00001091,2025-01-13 14:42:16,cust_8850349,CZPR,personal_loan,29746,36,689,medium,approved,29746,online_banking,true,727
app_20250113_00001092,2025-01-13 06:35:07,cust_8045681,ESMA,refinance,81385,120,722,low,approved,81385,mobile_app,false,308
app_20250113_00001093,2025-01-13 09:57:21,cust_5778316,CHBE,cash_loan,25530,36,840,low,approved,25530,call_center,false,381
app_20250113_00001094,2025-01-13 12:23:52,cust_5787221,PORP,credit_card,47366,30,552,medium,approved,47366,mobile,false,769
app_20250113_00001095,2025-01-13 02:47:01,cust_6212974,BENL,refinance,335952,120,538,medium,rejected,0,atm,false,22
app_20250113_00001096,2025-01-13 20:26:24,cust_3193782,DEHE,credit_card,17589,30,804,low,rejected,0,web,false,135
app_20250113_00001097,2025-01-13 06:46:18,cust_1391042,BENL,personal_loan,1353,24,586,medium,approved,1353,call_center,true,493
app_20250113_00001098,2025-01-13 00:38:00,cust_4420640,AUTR,mortgage,407970,240,598,medium,rejected,0,branch,true,32
app_20250113_00001099,2025-01-13 03:44:44,cust_8659350,CHBE,cash_loan,24122,36,493,high,rejected,0,partner,false,7
app_20250113_00001100,2025-01-13 05:43:55,cust_8244193,NLAM,refinance,327507,360,609,medium,rejected,0,online_banking,true,9
app_20250113_00001101,2025-01-13 21:46:39,cust_741226,SESV,refinance,256986,360,734,low,approved,256986,mobile,false,109
app_20250113_00001102,2025-01-13 06:34:58,cust_6659544,AUTR,personal_loan,35639,36,686,medium,approved,35639,mobile_app,true,719
app_20250113_00001103,2025-01-13 07:41:28,cust_1127106,AUTR,refinance,464311,180,654,medium,rejected,0,mobile_app,true,81
app_20250113_00001104,2025-01-13 09:32:39,cust_804580,ATVI,mortgage,115627,120,740,low,rejected,0,mobile_app,true,84
app_20250113_00001105,2025-01-13 07:40:15,cust_709467,CZPR,mortgage,376789,180,621,medium,approved,376789,atm,true,728
app_20250113_00001106,2025-01-13 08:52:02,cust_5268660,ITMI,credit_card,16709,24,614,medium,approved,16709,atm,false,114
app_20250113_00001107,2025-01-13 15:22:41,cust_7084457,DEHE,mortgage,439594,240,580,medium,approved,439594,mobile_app,true,398
app_20250113_00001108,2025-01-13 00:27:18,cust_8420326,ATVI,mortgage,350770,180,682,medium,approved,350770,mobile,false,827
app_20250113_00001109,2025-01-13 23:13:08,cust_6391759,GRRE,business_loan,16891,48,607,medium,approved,16891,mobile_app,true,776
app_20250113_00001110,2025-01-13 06:18:10,cust_6791806,SESV,auto_loan,45064,60,725,low,approved,45064,mobile_app,false,744
app_20250113_00001111,2025-01-13 02:47:18,cust_4505189,DEHE,personal_loan,42532,48,723,low,approved,42532,web,true,122
app_20250113_00001112,2025-01-13 01:25:45,cust_4522478,ATVI,cash_loan,36206,24,654,medium,approved,36206,online_banking,true,679
app_20250113_00001113,2025-01-13 09:22:02,cust_9180193,FRID,personal_loan,6029,18,640,medium,approved,6029,branch,true,106
app_20250113_00001114,2025-01-13 08:22:15,cust_1593952,NLAM,credit_card,32395,24,579,medium,rejected,0,web,false,173
app_20250113_00001115,2025-01-13 01:29:22,cust_4982367,GRRE,refinance,136923,180,545,medium,rejected,0,partner,false,119
app_20250113_00001116,2025-01-13 11:45:38,cust_7212616,FRID,refinance,191827,120,587,medium,rejected,0,web,true,9
app_20250113_00001117,2025-01-13 17:25:35,cust_6382403,AUTR,personal_loan,33456,18,477,high,rejected,0,mobile,true,109
app_20250113_00001118,2025-01-13 05:03:41,cust_4189852,ESMA,credit_card,16791,42,652,medium,approved,16791,call_center,false,254
app_20250113_00001119,2025-01-13 01:31:41,cust_609609,BENL,cash_loan,36954,18,773,low,approved,36954,branch,true,719
app_20250113_00001120,2025-01-13 11:09:18,cust_9003415,DEHE,credit_card,3567,18,655,medium,approved,3567,branch,false,866
app_20250113_00001121,2025-01-13 20:34:53,cust_3559919,NLAM,cash_loan,35770,18,617,medium,rejected,0,call_center,true,95
app_20250113_00001122,2025-01-13 17:21:43,cust_4848788,PLWA,education_loan,14276,60,594,medium,approved,14276,branch,true,484
app_20250113_00001123,2025-01-13 13:43:53,cust_7412887,DEHE,education_loan,9726,12,713,low,approved,9726,branch,false,284
app_20250113_00001124,2025-01-13 03:09:29,cust_1148288,PLWA,personal_loan,29456,24,403,high,rejected,0,web,false,59
app_20250113_00001125,2025-01-13 03:46:02,cust_9122200,CHBE,business_loan,16178,36,706,low,approved,16178,mobile,false,215
app_20250113_00001126,2025-01-13 08:53:05,cust_6446360,UKLO,refinance,413803,360,560,medium,rejected,0,atm,false,117
app_20250113_00001127,2025-01-13 09:45:16,cust_8143400,UKLO,auto_loan,44893,72,579,medium,approved,44893,branch,false,174
app_20250113_00001128,2025-01-13 04:19:54,cust_4749810,ITMI,business_loan,39972,12,638,medium,approved,39972,mobile_app,false,625
app_20250113_00001129,2025-01-13 06:16:13,cust_6114370,UKLO,refinance,293594,240,761,low,approved,293594,atm,true,791
app_20250113_00001130,2025-01-13 20:10:04,cust_1624774,CHBE,credit_card,43281,48,748,low,approved,43281,online_banking,false,592
app_20250113_00001131,2025-01-13 00:17:02,cust_312672,ITMI,mortgage,227223,240,657,medium,rejected,0,partner,true,179
app_20250113_00001132,2025-01-13 13:00:12,cust_5131038,PORP,cash_loan,43248,30,644,medium,approved,43248,call_center,true,831
app_20250113_00001133,2025-01-13 10:34:34,cust_4378578,PORP,cash_loan,28767,30,595,medium,approved,28767,mobile,true,606
app_20250113_00001134,2025-01-13 07:22:34,cust_6791304,NLAM,refinance,75858,360,634,medium,rejected,0,mobile,true,89
app_20250113_00001135,2025-01-13 16:14:22,cust_6540311,BENL,mortgage,142256,120,795,low,approved,142256,atm,true,516
app_20250113_00001136,2025-01-13 03:44:59,cust_1712886,ITMI,refinance,345898,360,759,low,approved,345898,web,true,361
app_20250113_00001137,2025-01-13 07:55:19,cust_7287485,FRID,personal_loan,38397,48,635,medium,approved,38397,web,false,435
app_20250113_00001138,2025-01-13 00:19:12,cust_6716607,PLWA,refinance,398960,300,747,low,approved,398960,branch,true,570
app_20250113_00001139,2025-01-13 22:12:58,cust_6688258,NLAM,cash_loan,16611,48,524,medium,approved,16611,web,true,178
app_20250113_00001140,2025-01-13 13:03:14,cust_2838463,PLWA,education_loan,10003,36,756,low,approved,10003,call_center,true,412
app_20250113_00001141,2025-01-13 18:07:45,cust_1143248,ATVI,business_loan,26017,48,489,high,rejected,0,mobile_app,true,140
app_20250113_00001142,2025-01-13 04:39:05,cust_4243595,FRID,credit_card,6960,24,708,low,approved,6960,mobile_app,false,715
app_20250113_00001143,2025-01-13 09:00:08,cust_7425051,ATVI,cash_loan,11999,30,778,low,rejected,0,online_banking,true,78
app_20250113_00001144,2025-01-13 01:50:42,cust_2650770,UKLO,business_loan,15666,48,651,medium,approved,15666,partner,false,58
app_20250113_00001145,2025-01-13 13:21:40,cust_3096316,SESV,business_loan,8832,36,632,medium,approved,8832,mobile_app,false,638
app_20250113_00001146,2025-01-13 06:29:28,cust_9196916,GRRE,education_loan,39326,48,493,high,rejected,0,online_banking,false,130
app_20250113_00001147,2025-01-13 20:11:42,cust_7558028,PLWA,refinance,475953,360,741,low,approved,475953,call_center,true,829
app_20250113_00001148,2025-01-13 16:10:07,cust_2700229,CHBE,education_loan,37053,12,701,low,approved,37053,web,false,208
app_20250113_00001149,2025-01-13 01:47:43,cust_4075156,ATVI,education_loan,20720,36,725,low,approved,20720,branch,false,686
app_20250113_00001150,2025-01-13 20:22:11,cust_4935847,ITMI,education_loan,9009,12,762,low,approved,9009,call_center,false,348
app_20250113_00001151,2025-01-13 22:19:21,cust_6496137,FRID,credit_card,2248,42,744,low,approved,2248,branch,true,627
app_20250113_00001152,2025-01-13 18:22:37,cust_2733811,CHBE,business_loan,38396,12,661,medium,approved,38396,web,true,444
app_20250113_00001153,2025-01-13 00:19:12,cust_195897,CHBE,credit_card,40841,30,652,medium,approved,40841,partner,true,192
app_20250113_00001154,2025-01-13 20:29:37,cust_4878522,BENL,refinance,56820,120,572,medium,rejected,0,web,false,175
app_20250113_00001155,2025-01-13 17:36:24,cust_4650371,CHBE,cash_loan,8752,36,831,low,rejected,0,web,true,47
app_20250113_00001156,2025-01-13 01:35:56,cust_6835625,GRRE,personal_loan,44964,24,595,medium,approved,44964,mobile_app,true,759
app_20250113_00001157,2025-01-13 13:35:08,cust_9724527,NLAM,business_loan,32929,12,568,medium,approved,32929,partner,false,816
app_20250113_00001158,2025-01-13 11:07:33,cust_910333,CZPR,mortgage,271495,180,739,low,approved,271495,branch,true,97
app_20250113_00001159,2025-01-13 00:55:04,cust_4420900,NLAM,business_loan,28956,60,632,medium,rejected,0,partner,false,158
app_20250113_00001160,2025-01-13 10:29:45,cust_306377,PLWA,mortgage,396165,240,636,medium,rejected,0,call_center,true,98
app_20250113_00001161,2025-01-13 01:00:50,cust_6649333,GRRE,auto_loan,53127,36,512,medium,approved,53127,branch,false,831
app_20250113_00001162,2025-01-13 21:45:54,cust_1790620,CHBE,business_loan,9926,24,594,medium,approved,9926,branch,false,342
app_20250113_00001163,2025-01-13 05:31:22,cust_8446553,PORP,education_loan,34676,12,611,medium,rejected,0,call_center,false,63
app_20250113_00001164,2025-01-13 08:57:35,cust_733986,PORP,education_loan,32315,24,718,low,approved,32315,mobile_app,true,291
app_20250113_00001165,2025-01-13 08:15:34,cust_7778063,ATVI,mortgage,453509,300,685,medium,approved,453509,mobile,true,675
app_20250113_00001166,2025-01-13 13:02:53,cust_4251357,CHBE,personal_loan,22801,18,696,medium,rejected,0,partner,true,141
app_20250113_00001167,2025-01-13 05:28:59,cust_9776058,AUTR,refinance,159666,180,770,low,approved,159666,mobile_app,true,478
app_20250113_00001168,2025-01-13 12:36:35,cust_4847202,FRID,credit_card,33074,48,726,low,approved,33074,mobile_app,false,730
app_20250113_00001169,2025-01-13 10:59:04,cust_2400987,AUTR,refinance,130243,300,774,low,approved,130243,branch,true,689
app_20250113_00001170,2025-01-13 19:27:26,cust_3840679,AUTR,cash_loan,6660,30,612,medium,approved,6660,call_center,true,377
app_20250113_00001171,2025-01-13 11:06:44,cust_339329,GRRE,refinance,447469,360,560,medium,rejected,0,web,true,76
app_20250113_00001172,2025-01-13 04:52:24,cust_8365713,GRRE,business_loan,22032,60,641,medium,rejected,0,branch,false,101
app_20250113_00001173,2025-01-13 09:20:59,cust_177610,PORP,cash_loan,48755,48,583,medium,rejected,0,online_banking,false,175
app_20250113_00001174,2025-01-13 15:01:39,cust_1389135,DEHE,personal_loan,25655,18,490,high,rejected,0,mobile,false,180
app_20250113_00001175,2025-01-13 04:16:44,cust_1422849,BENL,refinance,124205,120,752,low,rejected,0,partner,false,71
app_20250113_00001176,2025-01-13 09:44:48,cust_4889661,BENL,personal_loan,4446,36,660,medium,rejected,0,web,true,66
app_20250113_00001177,2025-01-13 05:16:31,cust_6799146,PLWA,auto_loan,51175,72,719,low,approved,51175,web,true,742
app_20250113_00001178,2025-01-13 10:49:59,cust_1592543,ITMI,education_loan,8537,60,666,medium,approved,8537,mobile_app,true,405
app_20250113_00001179,2025-01-13 11:19:54,cust_6654363,BENL,refinance,139039,120,775,low,approved,139039,atm,true,649
app_20250113_00001180,2025-01-13 08:43:40,cust_1295606,GRRE,education_loan,22367,12,647,medium,approved,22367,atm,false,740
app_20250113_00001181,2025-01-13 01:32:05,cust_6161836,ATVI,education_loan,10298,12,469,high,approved,10298,partner,false,385
app_20250113_00001182,2025-01-13 09:35:12,cust_9488978,CHBE,personal_loan,26085,36,812,low,approved,26085,online_banking,false,890
app_20250113_00001183,2025-01-13 00:09:53,cust_2749143,ITMI,credit_card,36407,24,684,medium,approved,36407,partner,true,259
app_20250113_00001184,2025-01-13 01:03:20,cust_6295774,UKLO,education_loan,23434,24,783,low,approved,23434,online_banking,false,592
app_20250113_00001185,2025-01-13 01:38:32,cust_8744766,ESMA,mortgage,408906,300,663,medium,approved,408906,web,true,402
app_20250113_00001186,2025-01-13 04:54:01,cust_796317,ESMA,business_loan,27305,12,674,medium,approved,27305,online_banking,false,746
app_20250113_00001187,2025-01-13 18:31:14,cust_1289299,AUTR,credit_card,8261,36,754,low,approved,8261,atm,true,113
app_20250113_00001188,2025-01-13 17:23:05,cust_135375,ESMA,business_loan,31775,36,614,medium,rejected,0,mobile_app,false,118
app_20250113_00001189,2025-01-13 14:25:47,cust_7186512,ITMI,cash_loan,3647,24,676,medium,rejected,0,mobile,false,179
app_20250113_00001190,2025-01-13 15:26:46,cust_923629,BENL,cash_loan,18452,30,677,medium,rejected,0,mobile,false,12
app_20250113_00001191,2025-01-13 09:36:54,cust_1886911,ESMA,refinance,346741,300,723,low,approved,346741,partner,true,455
app_20250113_00001192,2025-01-13 12:35:24,cust_884496,ATVI,auto_loan,55382,36,605,medium,approved,55382,mobile,true,734
app_20250113_00001193,2025-01-13 06:05:57,cust_2326711,NLAM,personal_loan,12624,18,621,medium,approved,12624,atm,true,216
app_20250113_00001194,2025-01-13 12:39:42,cust_8914518,GRRE,cash_loan,22438,12,739,low,approved,22438,atm,true,607
app_20250113_00001195,2025-01-13 07:26:44,cust_8264993,FRID,education_loan,22641,48,750,low,approved,22641,online_banking,true,314
app_20250113_00001196,2025-01-13 07:55:04,cust_8737754,BENL,credit_card,2400,36,762,low,approved,2400,mobile_app,true,338
app_20250113_00001197,2025-01-13 12:43:15,cust_9162374,CHBE,personal_loan,27707,12,663,medium,approved,27707,partner,false,813
app_20250113_00001198,2025-01-13 15:29:22,cust_7567665,GRRE,cash_loan,19575,42,656,medium,rejected,0,branch,true,33
app_20250113_00001199,2025-01-13 15:01:22,cust_8383262,ATVI,personal_loan,8759,24,641,medium,approved,8759,mobile,false,635
app_20250113_00001200,2025-01-13 03:27:56,cust_2098106,PLWA,auto_loan,50901,24,850,low,approved,50901,partner,false,656
app_20250113_00001201,2025-01-13 17:10:58,cust_8123632,BENL,mortgage,206033,300,710,low,approved,206033,atm,false,602
app_20250113_00001202,2025-01-13 22:11:37,cust_1580919,PLWA,auto_loan,53960,60,631,medium,rejected,0,mobile_app,true,158
app_20250113_00001203,2025-01-13 05:08:46,cust_890531,CHBE,refinance,315312,240,615,medium,approved,315312,call_center,false,50
app_20250113_00001204,2025-01-13 01:15:36,cust_8123977,BENL,auto_loan,22427,72,569,medium,rejected,0,online_banking,false,40
app_20250113_00001205,2025-01-13 19:26:04,cust_620213,AUTR,business_loan,10781,48,715,low,approved,10781,partner,true,214
app_20250113_00001206,2025-01-13 22:18:41,cust_5714255,ESMA,refinance,96558,240,490,high,approved,96558,call_center,true,382
app_20250113_00001207,2025-01-13 07:25:35,cust_5237047,BENL,business_loan,37574,36,512,medium,rejected,0,call_center,true,147
app_20250113_00001208,2025-01-13 18:11:34,cust_8917902,PORP,refinance,411915,120,787,low,rejected,0,partner,true,145
app_20250113_00001209,2025-01-13 11:11:20,cust_3607957,DEHE,refinance,342479,180,759,low,approved,342479,online_banking,false,275
app_20250113_00001210,2025-01-13 15:36:28,cust_5281632,ITMI,business_loan,16427,36,640,medium,rejected,0,atm,true,146
app_20250113_00001211,2025-01-13 04:36:50,cust_5508345,DEHE,business_loan,20214,12,560,medium,rejected,0,mobile_app,true,57
app_20250113_00001212,2025-01-13 19:39:28,cust_9056551,FRID,cash_loan,25105,18,618,medium,approved,25105,atm,false,548
app_20250113_00001213,2025-01-13 00:08:55,cust_8009940,GRRE,business_loan,37300,36,730,low,approved,37300,mobile_app,true,185
app_20250113_00001214,2025-01-13 09:17:03,cust_7765436,CHBE,personal_loan,9050,12,620,medium,approved,9050,branch,false,274
app_20250113_00001215,2025-01-13 22:22:49,cust_8094850,GRRE,mortgage,378954,180,692,medium,approved,378954,branch,true,197
app_20250113_00001216,2025-01-13 09:19:01,cust_8932179,AUTR,education_loan,15355,24,732,low,rejected,0,web,true,72
app_20250113_00001217,2025-01-13 08:50:51,cust_1796600,PLWA,refinance,50453,120,618,medium,approved,50453,web,true,523
app_20250113_00001218,2025-01-13 16:26:17,cust_2147304,ATVI,education_loan,25980,12,568,medium,approved,25980,call_center,true,811
app_20250113_00001219,2025-01-13 01:15:52,cust_8752782,AUTR,mortgage,71791,240,602,medium,rejected,0,atm,false,42
app_20250113_00001220,2025-01-13 11:18:42,cust_6012701,AUTR,refinance,193781,180,653,medium,rejected,0,atm,false,177
app_20250113_00001221,2025-01-13 16:18:04,cust_9319355,AUTR,mortgage,292781,120,702,low,approved,292781,atm,false,143
app_20250113_00001222,2025-01-13 11:02:31,cust_7112001,DEHE,mortgage,99816,300,497,high,rejected,0,partner,true,65
app_20250113_00001223,2025-01-13 20:52:34,cust_9504314,PORP,cash_loan,47042,24,595,medium,rejected,0,branch,false,132
app_20250113_00001224,2025-01-13 21:38:57,cust_6551902,ITMI,education_loan,16172,36,836,low,approved,16172,partner,true,608
app_20250113_00001225,2025-01-13 13:35:47,cust_3581274,UKLO,credit_card,46315,48,724,low,approved,46315,partner,false,71
app_20250113_00001226,2025-01-13 23:32:51,cust_6710539,ATVI,credit_card,37288,12,646,medium,approved,37288,branch,true,213
app_20250113_00001227,2025-01-13 08:55:42,cust_1754864,DEHE,education_loan,20817,48,714,low,approved,20817,partner,false,628
app_20250113_00001228,2025-01-13 05:33:28,cust_8458163,ATVI,mortgage,437715,360,782,low,approved,437715,partner,false,707
app_20250113_00001229,2025-01-13 21:41:47,cust_4469610,BENL,education_loan,33223,36,655,medium,rejected,0,call_center,true,43
app_20250113_00001230,2025-01-13 06:39:14,cust_6482478,UKLO,personal_loan,19104,48,587,medium,rejected,0,mobile,true,6
app_20250113_00001231,2025-01-13 02:39:37,cust_2300871,CZPR,education_loan,35162,12,575,medium,rejected,0,partner,true,107
app_20250113_00001232,2025-01-13 01:40:33,cust_8351824,AUTR,business_loan,32392,12,602,medium,rejected,0,mobile,true,23
app_20250113_00001233,2025-01-13 17:53:42,cust_8589231,ATVI,refinance,459606,120,797,low,approved,459606,atm,false,447
app_20250113_00001234,2025-01-13 18:11:35,cust_6901280,DEHE,personal_loan,48230,24,570,medium,rejected,0,call_center,false,71
app_20250113_00001235,2025-01-13 23:24:19,cust_4808055,PLWA,auto_loan,16258,24,654,medium,approved,16258,web,false,566
app_20250113_00001236,2025-01-13 12:59:14,cust_7198487,ATVI,business_loan,35620,48,639,medium,approved,35620,partner,false,866
app_20250113_00001237,2025-01-13 09:37:24,cust_6125021,FRID,mortgage,188613,180,661,medium,approved,188613,web,false,440
app_20250113_00001238,2025-01-13 23:04:05,cust_4255952,CZPR,auto_loan,40497,60,554,medium,approved,40497,call_center,true,327
app_20250113_00001239,2025-01-13 13:36:21,cust_4935410,NLAM,refinance,209586,180,781,low,approved,209586,atm,true,583
app_20250113_00001240,2025-01-13 05:51:16,cust_9024428,GRRE,refinance,496443,180,615,medium,approved,496443,partner,true,425
app_20250113_00001241,2025-01-13 12:18:17,cust_7141143,ATVI,refinance,278974,300,616,medium,approved,278974,branch,true,151
app_20250113_00001242,2025-01-13 05:28:45,cust_6097141,DEHE,business_loan,32590,24,553,medium,rejected,0,mobile_app,false,136
app_20250113_00001243,2025-01-13 05:53:02,cust_515930,UKLO,cash_loan,11943,18,618,medium,rejected,0,web,false,89
app_20250113_00001244,2025-01-13 12:41:43,cust_7363879,NLAM,business_loan,4281,12,818,low,approved,4281,mobile_app,false,247
app_20250113_00001245,2025-01-13 21:10:01,cust_5276566,PORP,credit_card,27039,12,558,medium,rejected,0,partner,true,51
app_20250113_00001246,2025-01-13 22:08:04,cust_4076680,CZPR,credit_card,46239,24,499,high,rejected,0,mobile,true,30
app_20250113_00001247,2025-01-13 00:46:13,cust_2831659,FRID,education_loan,26656,24,749,low,approved,26656,atm,false,695
app_20250113_00001248,2025-01-13 14:19:07,cust_6974768,PORP,cash_loan,20068,18,621,medium,approved,20068,atm,true,354
app_20250113_00001249,2025-01-13 09:32:59,cust_1571683,AUTR,auto_loan,19254,48,552,medium,rejected,0,partner,false,149
app_20250113_00001250,2025-01-13 18:06:08,cust_5718116,CZPR,business_loan,28159,36,822,low,approved,28159,mobile,false,794
app_20250113_00001251,2025-01-13 09:33:52,cust_611238,ESMA,refinance,62179,240,782,low,approved,62179,online_banking,true,679
app_20250113_00001252,2025-01-13 06:37:56,cust_4881994,AUTR,cash_loan,19706,48,566,medium,rejected,0,mobile,false,15
app_20250113_00001253,2025-01-13 18:51:04,cust_2099299,BENL,cash_loan,16351,42,828,low,approved,16351,mobile_app,true,814
app_20250113_00001254,2025-01-13 20:43:09,cust_8154566,SESV,auto_loan,40879,24,668,medium,approved,40879,online_banking,false,382
app_20250113_00001255,2025-01-13 15:47:32,cust_3638289,FRID,business_loan,19914,60,759,low,approved,19914,call_center,true,700
app_20250113_00001256,2025-01-13 17:00:30,cust_3661472,FRID,business_loan,3240,36,732,low,approved,3240,atm,true,569
app_20250113_00001257,2025-01-13 06:42:17,cust_8307730,PORP,credit_card,2601,48,607,medium,approved,2601,partner,false,44
app_20250113_00001258,2025-01-13 13:27:19,cust_8268272,CZPR,auto_loan,13313,36,679,medium,approved,13313,branch,false,593
app_20250113_00001259,2025-01-13 04:19:20,cust_2335102,ESMA,personal_loan,2126,18,691,medium,rejected,0,mobile_app,false,118
app_20250113_00001260,2025-01-13 03:53:56,cust_7227041,UKLO,personal_loan,43698,42,629,medium,rejected,0,online_banking,true,136
app_20250113_00001261,2025-01-13 06:13:16,cust_255986,PORP,personal_loan,8144,42,507,medium,rejected,0,atm,true,39
app_20250113_00001262,2025-01-13 22:54:45,cust_419636,BENL,refinance,472634,300,576,medium,rejected,0,online_banking,true,45
app_20250113_00001263,2025-01-13 11:19:43,cust_6759572,PORP,cash_loan,5549,12,576,medium,approved,5549,atm,false,681
app_20250113_00001264,2025-01-13 08:07:57,cust_5189531,NLAM,personal_loan,13160,30,741,low,rejected,0,mobile_app,false,7
app_20250113_00001265,2025-01-13 14:06:26,cust_5068373,PORP,auto_loan,23617,36,774,low,approved,23617,online_banking,true,218
app_20250113_00001266,2025-01-13 09:34:43,cust_6568971,PLWA,refinance,57792,360,670,medium,rejected,0,partner,true,16
app_20250113_00001267,2025-01-13 09:53:38,cust_752570,FRID,education_loan,21579,60,615,medium,approved,21579,branch,false,445
app_20250113_00001268,2025-01-13 22:49:25,cust_5048353,ESMA,auto_loan,7397,72,650,medium,rejected,0,atm,false,119
app_20250113_00001269,2025-01-13 12:12:54,cust_3435858,CZPR,education_loan,20366,60,529,medium,approved,20366,call_center,true,30
app_20250113_00001270,2025-01-13 19:41:56,cust_6734568,AUTR,cash_loan,33999,36,606,medium,approved,33999,mobile_app,true,533
app_20250113_00001271,2025-01-13 15:10:52,cust_3645205,ATVI,business_loan,23134,24,651,medium,approved,23134,branch,false,324
app_20250113_00001272,2025-01-13 14:17:46,cust_5298047,ITMI,cash_loan,25914,42,667,medium,approved,25914,mobile,true,541
app_20250113_00001273,2025-01-13 18:31:40,cust_5155128,CHBE,mortgage,245093,240,781,low,approved,245093,branch,false,223
app_20250113_00001274,2025-01-13 02:34:20,cust_7482608,NLAM,credit_card,14149,30,661,medium,approved,14149,branch,true,607
app_20250113_00001275,2025-01-13 17:45:24,cust_6864406,NLAM,personal_loan,33344,30,600,medium,rejected,0,atm,false,178
app_20250113_00001276,2025-01-13 16:09:21,cust_9215148,UKLO,education_loan,21254,12,552,medium,approved,21254,web,false,736
app_20250113_00001277,2025-01-13 17:41:56,cust_9169553,BENL,auto_loan,12153,24,659,medium,approved,12153,web,false,166
app_20250113_00001278,2025-01-13 06:31:13,cust_967812,DEHE,cash_loan,8799,18,605,medium,rejected,0,call_center,true,94
app_20250113_00001279,2025-01-13 06:14:10,cust_4659131,BENL,personal_loan,17741,42,761,low,approved,17741,web,true,320
app_20250113_00001280,2025-01-13 18:07:36,cust_1489986,PORP,business_loan,38723,48,612,medium,rejected,0,mobile,false,85
app_20250113_00001281,2025-01-13 00:16:02,cust_4189242,ESMA,credit_card,30017,24,719,low,approved,30017,call_center,true,555
app_20250113_00001282,2025-01-13 08:29:31,cust_8310891,CZPR,mortgage,63412,360,747,low,approved,63412,mobile_app,false,482
app_20250113_00001283,2025-01-13 07:07:31,cust_3614329,NLAM,mortgage,481754,240,662,medium,approved,481754,atm,true,769
app_20250113_00001284,2025-01-13 03:01:36,cust_3953481,FRID,education_loan,8576,24,564,medium,rejected,0,web,false,12
app_20250113_00001285,2025-01-13 00:23:58,cust_5334141,DEHE,mortgage,358365,240,505,medium,approved,358365,branch,false,468
app_20250113_00001286,2025-01-13 18:22:03,cust_7201309,BENL,mortgage,432778,180,563,medium,rejected,0,partner,true,53
app_20250113_00001287,2025-01-13 13:40:32,cust_728585,ESMA,business_loan,18453,12,647,medium,rejected,0,atm,false,167
app_20250113_00001288,2025-01-13 16:00:01,cust_9913647,ITMI,education_loan,38306,24,403,high,rejected,0,online_banking,false,152
app_20250113_00001289,2025-01-13 18:53:16,cust_5784485,BENL,auto_loan,46990,24,531,medium,rejected,0,call_center,false,113
app_20250113_00001290,2025-01-13 05:31:48,cust_4821432,PLWA,education_loan,35773,36,661,medium,approved,35773,atm,false,681
app_20250113_00001291,2025-01-13 18:01:38,cust_1356900,CZPR,refinance,440686,120,498,high,rejected,0,partner,false,86
app_20250113_00001292,2025-01-13 07:36:49,cust_2117028,SESV,auto_loan,53442,36,718,low,approved,53442,online_banking,false,202
app_20250113_00001293,2025-01-13 17:03:08,cust_5282048,NLAM,cash_loan,36778,18,776,low,approved,36778,web,true,749
app_20250113_00001294,2025-01-13 00:40:30,cust_3893965,ITMI,credit_card,43973,30,512,medium,approved,43973,web,true,221
app_20250113_00001295,2025-01-13 14:15:46,cust_6801901,UKLO,refinance,273044,240,714,low,approved,273044,mobile_app,true,578
app_20250113_00001296,2025-01-13 02:43:44,cust_9582165,PORP,refinance,223828,240,735,low,approved,223828,call_center,false,305
app_20250113_00001297,2025-01-13 19:45:22,cust_7356828,ATVI,cash_loan,36545,36,646,medium,rejected,0,web,false,80
app_20250113_00001298,2025-01-13 21:41:46,cust_5933924,CHBE,auto_loan,16903,24,767,low,approved,16903,mobile_app,true,551
app_20250113_00001299,2025-01-13 04:56:13,cust_1987524,CHBE,mortgage,263451,180,687,medium,approved,263451,call_center,true,137
app_20250113_00001300,2025-01-13 20:16:10,cust_5799904,CHBE,credit_card,27371,30,655,medium,approved,27371,online_banking,false,546
app_20250113_00001301,2025-01-13 14:06:13,cust_2474833,ITMI,refinance,330049,360,529,medium,rejected,0,atm,false,13
app_20250113_00001302,2025-01-13 16:59:37,cust_5782012,NLAM,cash_loan,39640,12,618,medium,approved,39640,atm,false,604
app_20250113_00001303,2025-01-13 03:50:58,cust_2660179,NLAM,business_loan,33756,48,527,medium,rejected,0,call_center,true,25
app_20250113_00001304,2025-01-13 16:43:04,cust_4394229,CZPR,credit_card,36444,48,605,medium,rejected,0,mobile_app,true,62
app_20250113_00001305,2025-01-13 01:12:56,cust_8670689,GRRE,refinance,377905,300,686,medium,approved,377905,mobile,true,54
app_20250113_00001306,2025-01-13 22:49:01,cust_5804470,ITMI,education_loan,26405,36,725,low,approved,26405,partner,false,652
app_20250113_00001307,2025-01-13 20:53:46,cust_3224736,NLAM,mortgage,286945,180,652,medium,approved,286945,branch,true,414
app_20250113_00001308,2025-01-13 07:33:22,cust_5752549,GRRE,mortgage,352781,360,756,low,approved,352781,web,false,386
app_20250113_00001309,2025-01-13 17:23:27,cust_2097585,FRID,auto_loan,58803,72,715,low,approved,58803,branch,true,656
app_20250113_00001310,2025-01-13 23:59:36,cust_4783368,ESMA,cash_loan,40469,18,791,low,approved,40469,online_banking,true,313
app_20250113_00001311,2025-01-13 11:05:41,cust_4090721,ATVI,personal_loan,20366,36,482,high,rejected,0,call_center,false,136
app_20250113_00001312,2025-01-13 13:06:21,cust_1602383,GRRE,business_loan,39135,60,729,low,approved,39135,call_center,false,34
app_20250113_00001313,2025-01-13 05:49:51,cust_2246571,FRID,credit_card,23048,48,770,low,approved,23048,online_banking,true,441
app_20250113_00001314,2025-01-13 20:26:16,cust_8926469,PLWA,mortgage,179023,240,748,low,approved,179023,mobile_app,true,294
app_20250113_00001315,2025-01-13 00:15:13,cust_9873256,NLAM,auto_loan,43677,72,416,high,rejected,0,web,false,31
app_20250113_00001316,2025-01-13 09:40:51,cust_9420930,ESMA,business_loan,16810,24,688,medium,approved,16810,call_center,true,620
app_20250113_00001317,2025-01-13 05:50:44,cust_3316968,NLAM,credit_card,22602,24,672,medium,rejected,0,partner,true,109
app_20250113_00001318,2025-01-13 13:11:10,cust_4008458,FRID,refinance,461030,240,687,medium,rejected,0,online_banking,false,130
app_20250113_00001319,2025-01-13 22:24:19,cust_5427810,CHBE,business_loan,16626,12,627,medium,rejected,0,mobile,true,67
app_20250113_00001320,2025-01-13 04:01:57,cust_4989436,PORP,education_loan,4708,36,710,low,approved,4708,partner,false,634
app_20250113_00001321,2025-01-13 04:45:18,cust_3447439,ITMI,refinance,388989,300,461,high,rejected,0,branch,false,102
app_20250113_00001322,2025-01-13 23:16:19,cust_1550485,DEHE,credit_card,18459,48,830,low,approved,18459,atm,false,32
app_20250113_00001323,2025-01-13 20:39:55,cust_8548370,DEHE,education_loan,33931,24,763,low,approved,33931,web,true,662
app_20250113_00001324,2025-01-13 06:29:12,cust_6035324,ATVI,personal_loan,5837,12,698,medium,approved,5837,atm,false,245
app_20250113_00001325,2025-01-13 18:59:59,cust_5818437,NLAM,education_loan,11860,36,631,medium,approved,11860,atm,true,863
app_20250113_00001326,2025-01-13 16:44:00,cust_6094835,NLAM,refinance,68297,300,409,high,rejected,0,branch,false,170
app_20250113_00001327,2025-01-13 07:08:44,cust_8836243,FRID,auto_loan,23872,60,812,low,approved,23872,mobile_app,true,841
app_20250113_00001328,2025-01-13 00:54:35,cust_4832742,CZPR,mortgage,271755,120,630,medium,rejected,0,mobile,false,101
app_20250113_00001329,2025-01-13 18:12:14,cust_6293822,CZPR,business_loan,36762,60,613,medium,rejected,0,partner,true,117
app_20250113_00001330,2025-01-13 16:50:59,cust_4842075,ATVI,refinance,236226,300,813,low,rejected,0,online_banking,false,157
app_20250113_00001331,2025-01-13 02:38:40,cust_5604562,PORP,auto_loan,11731,48,552,medium,rejected,0,mobile,true,123
app_20250113_00001332,2025-01-13 01:36:15,cust_8246922,PORP,credit_card,11612,42,822,low,approved,11612,atm,true,691
app_20250113_00001333,2025-01-13 23:42:03,cust_8473635,PLWA,education_loan,35271,48,466,high,rejected,0,atm,false,11
app_20250113_00001334,2025-01-13 21:40:32,cust_5527219,DEHE,business_loan,22911,36,607,medium,approved,22911,mobile,false,219
app_20250113_00001335,2025-01-13 03:57:54,cust_6161609,CZPR,business_loan,18029,48,696,medium,approved,18029,mobile,true,147
app_20250113_00001336,2025-01-13 15:31:12,cust_985271,ITMI,mortgage,142451,360,797,low,approved,142451,mobile_app,false,640
app_20250113_00001337,2025-01-13 16:05:28,cust_711540,PLWA,personal_loan,16601,18,728,low,approved,16601,partner,false,204
app_20250113_00001338,2025-01-13 18:36:17,cust_3832034,ATVI,refinance,483208,240,591,medium,rejected,0,branch,false,153
app_20250113_00001339,2025-01-13 22:11:30,cust_2812865,AUTR,business_loan,25425,12,676,medium,approved,25425,mobile_app,true,820
app_20250113_00001340,2025-01-13 20:12:14,cust_6818497,SESV,refinance,299236,120,611,medium,approved,299236,partner,false,106
app_20250113_00001341,2025-01-13 18:17:45,cust_8478337,PORP,personal_loan,41948,48,609,medium,rejected,0,mobile_app,true,40
app_20250113_00001342,2025-01-13 15:29:43,cust_3119296,SESV,refinance,307776,120,705,low,approved,307776,online_banking,true,143
app_20250113_00001343,2025-01-13 03:14:25,cust_9060344,ITMI,business_loan,9575,12,842,low,approved,9575,mobile,true,313
app_20250113_00001344,2025-01-13 02:08:04,cust_4349977,CHBE,cash_loan,35635,36,761,low,approved,35635,call_center,true,220
app_20250113_00001345,2025-01-13 14:24:30,cust_8679454,NLAM,credit_card,26436,18,557,medium,approved,26436,call_center,false,353
app_20250113_00001346,2025-01-13 20:47:32,cust_9029402,DEHE,refinance,143811,240,567,medium,rejected,0,web,true,34
app_20250113_00001347,2025-01-13 21:06:28,cust_5729697,FRID,business_loan,38592,24,724,low,approved,38592,mobile_app,true,383
app_20250113_00001348,2025-01-13 06:24:00,cust_853782,ESMA,credit_card,29396,48,663,medium,approved,29396,branch,true,541
app_20250113_00001349,2025-01-13 00:51:38,cust_233573,DEHE,personal_loan,34131,18,799,low,approved,34131,atm,false,764
app_20250113_00001350,2025-01-13 21:17:52,cust_6376121,AUTR,refinance,408157,180,520,medium,approved,408157,atm,false,876
app_20250113_00001351,2025-01-13 01:20:45,cust_5104446,CZPR,education_loan,20756,36,742,low,approved,20756,call_center,false,432
app_20250113_00001352,2025-01-13 14:16:45,cust_9873502,ESMA,credit_card,15249,12,818,low,approved,15249,mobile_app,true,85
app_20250113_00001353,2025-01-13 02:06:53,cust_4537060,NLAM,mortgage,274050,180,512,medium,approved,274050,online_banking,false,197
app_20250113_00001354,2025-01-13 10:43:06,cust_2564035,PLWA,cash_loan,40362,48,612,medium,approved,40362,partner,false,746
app_20250113_00001355,2025-01-13 14:42:31,cust_3706014,ITMI,personal_loan,12205,24,566,medium,rejected,0,mobile,true,21
app_20250113_00001356,2025-01-13 11:10:20,cust_9712744,UKLO,credit_card,29271,42,673,medium,approved,29271,partner,true,742
app_20250113_00001357,2025-01-13 23:15:47,cust_5991654,ESMA,personal_loan,13686,36,732,low,approved,13686,branch,true,872
app_20250113_00001358,2025-01-13 04:58:11,cust_9092760,PORP,mortgage,241389,120,630,medium,approved,241389,call_center,true,763
app_20250113_00001359,2025-01-13 11:05:59,cust_3689577,PORP,business_loan,28823,60,691,medium,rejected,0,branch,true,94
app_20250113_00001360,2025-01-13 17:04:32,cust_8534966,UKLO,education_loan,33988,48,556,medium,approved,33988,mobile_app,false,415
app_20250113_00001361,2025-01-13 17:59:18,cust_5345942,AUTR,mortgage,57258,240,720,low,approved,57258,atm,true,236
app_20250113_00001362,2025-01-13 16:17:13,cust_2219180,PORP,cash_loan,12482,18,781,low,approved,12482,web,true,230
app_20250113_00001363,2025-01-13 08:50:32,cust_4718840,GRRE,cash_loan,41161,24,654,medium,approved,41161,partner,false,569
app_20250113_00001364,2025-01-13 02:18:53,cust_6462790,AUTR,business_loan,20435,60,784,low,rejected,0,mobile,true,144
app_20250113_00001365,2025-01-13 11:01:01,cust_3230478,DEHE,education_loan,35515,24,647,medium,approved,35515,web,false,188
app_20250113_00001366,2025-01-13 22:36:58,cust_2807213,AUTR,business_loan,6280,36,606,medium,approved,6280,mobile_app,false,400
app_20250113_00001367,2025-01-13 22:42:47,cust_791002,ITMI,personal_loan,3010,24,511,medium,approved,3010,call_center,false,310
app_20250113_00001368,2025-01-13 20:14:16,cust_2578915,PORP,mortgage,86105,240,548,medium,approved,86105,mobile,true,63
app_20250113_00001369,2025-01-13 12:45:47,cust_6849998,ITMI,credit_card,12285,36,452,high,rejected,0,web,false,111
app_20250113_00001370,2025-01-13 00:01:17,cust_2578845,PLWA,education_loan,2427,24,632,medium,approved,2427,mobile,true,810
app_20250113_00001371,2025-01-13 17:09:33,cust_3162012,GRRE,auto_loan,27550,36,624,medium,approved,27550,mobile_app,false,191
app_20250113_00001372,2025-01-13 00:05:57,cust_6756199,UKLO,education_loan,18343,60,519,medium,rejected,0,atm,true,111
app_20250113_00001373,2025-01-13 02:18:19,cust_2237768,ESMA,cash_loan,43975,12,487,high,rejected,0,mobile_app,true,129
app_20250113_00001374,2025-01-13 02:27:29,cust_439714,GRRE,credit_card,45117,42,786,low,approved,45117,partner,true,752
app_20250113_00001375,2025-01-13 15:13:22,cust_5162475,CHBE,education_loan,32641,12,820,low,approved,32641,web,true,333
app_20250113_00001376,2025-01-13 03:03:21,cust_6352948,BENL,cash_loan,26027,18,709,low,approved,26027,call_center,true,321
app_20250113_00001377,2025-01-13 03:38:12,cust_6167521,AUTR,cash_loan,19069,24,623,medium,rejected,0,mobile,true,23
app_20250113_00001378,2025-01-13 23:09:54,cust_2027980,SESV,refinance,241588,120,451,high,rejected,0,mobile,false,33
app_20250113_00001379,2025-01-13 17:16:25,cust_3614370,SESV,mortgage,279486,120,644,medium,approved,279486,online_banking,true,791
app_20250113_00001380,2025-01-13 00:10:19,cust_6836650,NLAM,auto_loan,48931,48,503,medium,rejected,0,partner,false,142
app_20250113_00001381,2025-01-13 03:40:41,cust_5499686,NLAM,business_loan,21868,36,488,high,rejected,0,partner,true,34
app_20250113_00001382,2025-01-13 11:42:47,cust_7780940,AUTR,refinance,462048,120,648,medium,rejected,0,call_center,false,9
app_20250113_00001383,2025-01-13 06:22:32,cust_6248745,PLWA,business_loan,36306,36,751,low,approved,36306,call_center,false,587
app_20250113_00001384,2025-01-13 06:56:06,cust_5315865,ITMI,cash_loan,2629,42,777,low,approved,2629,branch,true,872
app_20250113_00001385,2025-01-13 14:55:22,cust_4452123,NLAM,business_loan,7507,36,685,medium,rejected,0,branch,true,32
app_20250113_00001386,2025-01-13 15:42:17,cust_8447512,FRID,personal_loan,40641,18,410,high,rejected,0,mobile_app,true,154
app_20250113_00001387,2025-01-13 13:58:04,cust_4271850,CZPR,personal_loan,25037,48,588,medium,rejected,0,partner,true,178
app_20250113_00001388,2025-01-13 13:41:43,cust_8434219,FRID,personal_loan,11032,30,768,low,approved,11032,web,true,685
app_20250113_00001389,2025-01-13 13:12:12,cust_2640242,DEHE,credit_card,28236,30,504,medium,rejected,0,call_center,true,125
app_20250113_00001390,2025-01-13 03:42:15,cust_6369639,ATVI,business_loan,18291,48,701,low,approved,18291,atm,false,852
app_20250113_00001391,2025-01-13 21:27:59,cust_5446204,SESV,personal_loan,44107,36,499,high,rejected,0,branch,false,170
app_20250113_00001392,2025-01-13 02:56:47,cust_8486355,CZPR,credit_card,42473,48,661,medium,approved,42473,atm,true,481
app_20250113_00001393,2025-01-13 20:37:51,cust_7415657,SESV,refinance,271919,240,652,medium,approved,271919,online_banking,true,369
app_20250113_00001394,2025-01-13 16:19:13,cust_6610102,FRID,business_loan,33785,12,555,medium,rejected,0,mobile,false,140
app_20250113_00001395,2025-01-13 12:13:41,cust_1040759,DEHE,cash_loan,20994,18,749,low,approved,20994,web,true,689
app_20250113_00001396,2025-01-13 12:44:01,cust_7569303,NLAM,personal_loan,24701,24,517,medium,approved,24701,branch,true,785
app_20250113_00001397,2025-01-13 21:51:10,cust_3499339,AUTR,business_loan,13464,60,506,medium,approved,13464,web,false,483
app_20250113_00001398,2025-01-13 21:51:56,cust_5814001,ITMI,personal_loan,22889,30,741,low,approved,22889,atm,true,695
app_20250113_00001399,2025-01-13 03:43:37,cust_3802814,DEHE,personal_loan,28444,18,559,medium,approved,28444,online_banking,true,835
app_20250113_00001400,2025-01-13 17:08:57,cust_4480001,ITMI,credit_card,4253,48,824,low,rejected,0,online_banking,true,118
app_20250113_00001401,2025-01-13 19:13:20,cust_2819034,CHBE,auto_loan,12611,60,551,medium,approved,12611,web,false,364
app_20250113_00001402,2025-01-13 16:53:51,cust_7594363,GRRE,mortgage,151416,180,609,medium,approved,151416,online_banking,false,705
app_20250113_00001403,2025-01-13 20:34:54,cust_3227034,ATVI,education_loan,21327,60,738,low,approved,21327,call_center,false,632
app_20250113_00001404,2025-01-13 22:00:37,cust_7231467,CZPR,mortgage,103413,120,569,medium,approved,103413,mobile_app,true,413
app_20250113_00001405,2025-01-13 01:56:14,cust_3995706,NLAM,education_loan,39028,36,830,low,approved,39028,mobile_app,false,136
app_20250113_00001406,2025-01-13 14:28:45,cust_8971100,BENL,refinance,269912,360,738,low,approved,269912,partner,true,193
app_20250113_00001407,2025-01-13 05:40:43,cust_7271306,GRRE,refinance,440962,120,737,low,approved,440962,call_center,true,273
app_20250113_00001408,2025-01-13 05:33:57,cust_9108437,PLWA,auto_loan,58172,48,574,medium,rejected,0,call_center,true,64
app_20250113_00001409,2025-01-13 20:41:26,cust_3581681,AUTR,mortgage,357836,120,661,medium,approved,357836,atm,true,433
app_20250113_00001410,2025-01-13 08:05:21,cust_5849966,AUTR,mortgage,186941,120,614,medium,approved,186941,online_banking,false,475
app_20250113_00001411,2025-01-13 23:23:46,cust_1196054,ATVI,credit_card,39861,24,678,medium,rejected,0,call_center,true,175
app_20250113_00001412,2025-01-13 15:34:04,cust_5637966,DEHE,cash_loan,11290,24,666,medium,approved,11290,call_center,true,167
app_20250113_00001413,2025-01-13 22:52:20,cust_3979347,CHBE,business_loan,14204,12,703,low,approved,14204,mobile_app,false,796
app_20250113_00001414,2025-01-13 11:31:41,cust_9840342,AUTR,cash_loan,1537,36,594,medium,approved,1537,web,true,801
app_20250113_00001415,2025-01-13 22:55:45,cust_1788649,AUTR,business_loan,4625,12,583,medium,rejected,0,mobile,false,169
app_20250113_00001416,2025-01-13 01:47:27,cust_509019,DEHE,personal_loan,16236,18,593,medium,approved,16236,partner,true,53
app_20250113_00001417,2025-01-13 22:27:35,cust_1444100,ITMI,business_loan,19397,24,676,medium,approved,19397,online_banking,true,716
app_20250113_00001418,2025-01-13 02:43:31,cust_2649987,ESMA,auto_loan,28231,60,592,medium,rejected,0,online_banking,true,110
app_20250113_00001419,2025-01-13 22:23:10,cust_6325286,BENL,refinance,326339,300,587,medium,approved,326339,partner,false,412
app_20250113_00001420,2025-01-13 14:47:55,cust_4873659,PLWA,education_loan,20845,12,608,medium,approved,20845,mobile_app,true,189
app_20250113_00001421,2025-01-13 08:21:00,cust_3979554,PLWA,mortgage,317509,240,732,low,approved,317509,call_center,false,793
app_20250113_00001422,2025-01-13 05:34:50,cust_5535872,UKLO,business_loan,18651,12,710,low,approved,18651,web,true,743
app_20250113_00001423,2025-01-13 06:51:54,cust_989839,DEHE,mortgage,483333,180,583,medium,approved,483333,mobile,true,52
app_20250113_00001424,2025-01-13 13:32:58,cust_2635552,DEHE,auto_loan,32228,72,697,medium,approved,32228,online_banking,true,72
app_20250113_00001425,2025-01-13 21:16:05,cust_3339736,ITMI,refinance,232280,240,710,low,approved,232280,mobile,false,186
app_20250113_00001426,2025-01-13 13:50:48,cust_5675670,SESV,credit_card,33787,24,566,medium,rejected,0,mobile_app,false,132
app_20250113_00001427,2025-01-13 10:26:37,cust_9740732,ESMA,personal_loan,2036,24,619,medium,approved,2036,web,true,286
app_20250113_00001428,2025-01-13 10:45:12,cust_5176419,BENL,credit_card,34231,42,785,low,approved,34231,mobile_app,false,425
app_20250113_00001429,2025-01-13 23:44:44,cust_9346390,ITMI,mortgage,389931,180,576,medium,approved,389931,call_center,true,717
app_20250113_00001430,2025-01-13 19:49:19,cust_6326813,SESV,cash_loan,40689,18,602,medium,approved,40689,call_center,false,507
app_20250113_00001431,2025-01-13 01:32:40,cust_9331366,ATVI,credit_card,23719,42,485,high,rejected,0,call_center,false,130
app_20250113_00001432,2025-01-13 01:43:50,cust_9284905,FRID,education_loan,14790,12,597,medium,rejected,0,call_center,false,168
app_20250113_00001433,2025-01-13 04:37:39,cust_1500615,DEHE,business_loan,24741,24,471,high,approved,24741,branch,true,473
app_20250113_00001434,2025-01-13 14:54:07,cust_2560089,NLAM,personal_loan,36824,48,454,high,approved,36824,web,true,308
app_20250113_00001435,2025-01-13 07:19:08,cust_1048478,SESV,education_loan,21502,24,578,medium,approved,21502,call_center,true,898
app_20250113_00001436,2025-01-13 00:00:32,cust_6147598,PORP,business_loan,20428,36,708,low,approved,20428,mobile_app,false,244
app_20250113_00001437,2025-01-13 20:34:52,cust_2411566,ESMA,auto_loan,55152,48,592,medium,rejected,0,branch,true,174
app_20250113_00001438,2025-01-13 15:50:05,cust_5624389,BENL,education_loan,35895,36,674,medium,rejected,0,call_center,false,25
app_20250113_00001439,2025-01-13 11:12:14,cust_3456973,ITMI,education_loan,7068,48,647,medium,approved,7068,online_banking,false,551
app_20250113_00001440,2025-01-13 10:58:20,cust_608809,PLWA,cash_loan,16295,36,674,medium,approved,16295,atm,true,835
app_20250113_00001441,2025-01-13 01:33:43,cust_6741777,BENL,business_loan,19972,36,790,low,approved,19972,call_center,true,530
app_20250113_00001442,2025-01-13 17:34:13,cust_2159413,BENL,mortgage,86895,300,766,low,approved,86895,mobile,true,241
app_20250113_00001443,2025-01-13 14:31:53,cust_2393964,PLWA,cash_loan,8887,36,805,low,approved,8887,atm,false,471
app_20250113_00001444,2025-01-13 12:07:30,cust_965828,GRRE,credit_card,9975,18,583,medium,rejected,0,online_banking,true,5
app_20250113_00001445,2025-01-13 17:05:00,cust_9150251,UKLO,cash_loan,8785,48,750,low,approved,8785,atm,false,334
app_20250113_00001446,2025-01-13 15:42:08,cust_2917611,DEHE,credit_card,7261,24,747,low,approved,7261,mobile_app,true,94
app_20250113_00001447,2025-01-13 19:19:19,cust_4142190,GRRE,cash_loan,1310,36,787,low,approved,1310,partner,false,687
app_20250113_00001448,2025-01-13 10:14:17,cust_143610,NLAM,credit_card,37883,36,459,high,rejected,0,atm,false,121
app_20250113_00001449,2025-01-13 04:12:12,cust_1117244,AUTR,auto_loan,6676,60,605,medium,rejected,0,online_banking,false,26
app_20250113_00001450,2025-01-13 00:19:36,cust_4390428,FRID,cash_loan,29271,12,690,medium,rejected,0,online_banking,true,54
app_20250113_00001451,2025-01-13 07:29:06,cust_1606407,ATVI,credit_card,12511,18,635,medium,approved,12511,online_banking,false,62
app_20250113_00001452,2025-01-13 12:45:19,cust_5599990,ITMI,auto_loan,34300,48,597,medium,rejected,0,mobile,true,90
app_20250113_00001453,2025-01-13 03:01:29,cust_3669424,ATVI,education_loan,16627,60,797,low,approved,16627,web,false,152
app_20250113_00001454,2025-01-13 05:58:25,cust_5442469,SESV,cash_loan,39301,36,718,low,approved,39301,mobile_app,false,501
app_20250113_00001455,2025-01-13 03:49:38,cust_3934796,ITMI,mortgage,239172,240,655,medium,approved,239172,online_banking,false,768
app_20250113_00001456,2025-01-13 18:16:58,cust_6279968,GRRE,credit_card,4460,42,662,medium,approved,4460,partner,true,873
app_20250113_00001457,2025-01-13 04:18:58,cust_9524820,FRID,personal_loan,26377,24,583,medium,rejected,0,web,false,10
app_20250113_00001458,2025-01-13 03:00:25,cust_3724110,PORP,education_loan,21647,48,686,medium,approved,21647,call_center,true,580
app_20250113_00001459,2025-01-13 14:52:01,cust_1014467,BENL,mortgage,295907,120,632,medium,approved,295907,branch,true,36
app_20250113_00001460,2025-01-13 05:42:18,cust_5850583,ESMA,cash_loan,7599,24,770,low,approved,7599,mobile,true,760
app_20250113_00001461,2025-01-13 10:08:15,cust_3610484,ESMA,education_loan,10846,60,567,medium,rejected,0,mobile_app,false,23
app_20250113_00001462,2025-01-13 17:10:32,cust_2267162,GRRE,refinance,303298,120,631,medium,approved,303298,atm,false,436
app_20250113_00001463,2025-01-13 06:33:02,cust_2514425,DEHE,education_loan,8628,12,666,medium,approved,8628,branch,true,100
app_20250113_00001464,2025-01-13 11:14:53,cust_9083216,UKLO,cash_loan,7011,18,669,medium,rejected,0,web,false,119
app_20250113_00001465,2025-01-13 13:09:34,cust_1464685,DEHE,cash_loan,40150,30,433,high,rejected,0,branch,false,73
app_20250113_00001466,2025-01-13 15:23:37,cust_1377813,AUTR,auto_loan,7164,36,532,medium,approved,7164,call_center,true,773
app_20250113_00001467,2025-01-13 00:45:01,cust_8566387,BENL,education_loan,34918,36,713,low,approved,34918,atm,true,305
app_20250113_00001468,2025-01-13 16:36:16,cust_9885661,GRRE,credit_card,49186,12,730,low,approved,49186,partner,false,290
app_20250113_00001469,2025-01-13 01:14:45,cust_7787392,ESMA,personal_loan,42347,24,557,medium,rejected,0,online_banking,false,37
app_20250113_00001470,2025-01-13 00:15:12,cust_1418726,FRID,business_loan,33791,12,805,low,approved,33791,branch,false,286
app_20250113_00001471,2025-01-13 21:28:10,cust_4742772,PORP,refinance,58423,300,533,medium,rejected,0,call_center,true,73
app_20250113_00001472,2025-01-13 03:05:39,cust_2170785,PLWA,refinance,451398,240,712,low,approved,451398,branch,true,263
app_20250113_00001473,2025-01-13 02:38:43,cust_877421,ITMI,credit_card,8593,12,619,medium,rejected,0,call_center,false,72
app_20250113_00001474,2025-01-13 00:37:49,cust_5126894,ESMA,education_loan,30185,12,671,medium,approved,30185,branch,true,685
app_20250113_00001475,2025-01-13 06:14:27,cust_9946185,ITMI,business_loan,28728,48,627,medium,approved,28728,call_center,true,138
app_20250113_00001476,2025-01-13 19:13:49,cust_8403083,ATVI,mortgage,50987,120,713,low,approved,50987,mobile,true,496
app_20250113_00001477,2025-01-13 17:51:26,cust_4583471,SESV,education_loan,17810,36,678,medium,approved,17810,atm,true,779
app_20250113_00001478,2025-01-13 10:51:28,cust_1261329,PLWA,mortgage,344230,180,728,low,approved,344230,call_center,true,162
app_20250113_00001479,2025-01-13 01:08:40,cust_9468621,GRRE,business_loan,30605,24,455,high,rejected,0,atm,true,121
app_20250113_00001480,2025-01-13 05:29:37,cust_7836192,GRRE,personal_loan,41214,42,850,low,approved,41214,mobile_app,true,323
app_20250113_00001481,2025-01-13 06:58:43,cust_6545942,DEHE,education_loan,11180,36,707,low,approved,11180,atm,true,400
app_20250113_00001482,2025-01-13 09:22:02,cust_1691126,SESV,personal_loan,14029,12,525,medium,rejected,0,call_center,false,30
app_20250113_00001483,2025-01-13 14:27:37,cust_5559185,FRID,auto_loan,28602,24,398,high,rejected,0,mobile,false,47
app_20250113_00001484,2025-01-13 14:27:02,cust_3353910,UKLO,education_loan,32633,60,640,medium,approved,32633,mobile_app,true,696
app_20250113_00001485,2025-01-13 21:33:01,cust_6946820,CHBE,cash_loan,2454,30,600,medium,rejected,0,mobile_app,true,177
app_20250113_00001486,2025-01-13 21:50:32,cust_933970,ESMA,cash_loan,40032,36,640,medium,approved,40032,web,false,510
app_20250113_00001487,2025-01-13 17:12:25,cust_2495629,UKLO,business_loan,15803,60,573,medium,rejected,0,partner,true,35
app_20250113_00001488,2025-01-13 08:28:52,cust_9374344,PORP,cash_loan,33543,18,545,medium,approved,33543,branch,false,240
app_20250113_00001489,2025-01-13 10:25:50,cust_253685,BENL,business_loan,32314,24,680,medium,approved,32314,online_banking,true,230
app_20250113_00001490,2025-01-13 05:01:31,cust_935440,AUTR,auto_loan,46129,72,513,medium,rejected,0,call_center,true,98
app_20250113_00001491,2025-01-13 12:11:49,cust_575890,AUTR,mortgage,437681,120,716,low,approved,437681,branch,false,760
app_20250113_00001492,2025-01-13 21:09:37,cust_7078419,CZPR,auto_loan,11601,60,502,medium,approved,11601,online_banking,true,47
app_20250113_00001493,2025-01-13 14:34:23,cust_893500,DEHE,refinance,184689,180,544,medium,approved,184689,call_center,false,509
app_20250113_00001494,2025-01-13 17:13:55,cust_6289479,FRID,mortgage,471142,240,563,medium,rejected,0,online_banking,false,165
app_20250113_00001495,2025-01-13 08:20:08,cust_4914208,PORP,refinance,282143,180,823,low,approved,282143,web,false,692
app_20250113_00001496,2025-01-13 23:32:50,cust_6288483,BENL,refinance,422719,120,726,low,approved,422719,mobile_app,true,233
app_20250113_00001497,2025-01-13 07:32:21,cust_5122346,ITMI,education_loan,32211,12,743,low,approved,32211,online_banking,true,781
app_20250113_00001498,2025-01-13 17:18:42,cust_1736002,PORP,personal_loan,34633,36,584,medium,rejected,0,mobile,false,160
app_20250113_00001499,2025-01-13 05:36:08,cust_7520964,NLAM,auto_loan,6792,36,577,medium,rejected,0,call_center,false,127
app_20250113_00001500,2025-01-13 19:05:05,cust_5624854,DEHE,education_loan,26867,24,808,low,approved,26867,atm,false,86
app_20250113_00001501,2025-01-13 07:37:49,cust_6520891,DEHE,education_loan,18831,60,487,high,rejected,0,partner,false,5
app_20250113_00001502,2025-01-13 14:04:08,cust_4705767,DEHE,refinance,212742,300,656,medium,approved,212742,mobile_app,false,589
app_20250113_00001503,2025-01-13 04:30:04,cust_9225211,ESMA,auto_loan,20977,60,467,high,rejected,0,web,false,158
app_20250113_00001504,2025-01-13 10:39:04,cust_6335137,AUTR,business_loan,5943,12,740,low,approved,5943,web,false,333
app_20250113_00001505,2025-01-13 22:34:55,cust_2430178,NLAM,cash_loan,49874,18,584,medium,approved,49874,branch,true,214
app_20250113_00001506,2025-01-13 14:59:52,cust_8211213,DEHE,mortgage,320210,120,586,medium,rejected,0,partner,false,35
app_20250113_00001507,2025-01-13 08:43:41,cust_2930544,NLAM,credit_card,38023,24,727,low,approved,38023,atm,false,731
app_20250113_00001508,2025-01-13 18:49:33,cust_4514250,ESMA,business_loan,4660,60,652,medium,rejected,0,atm,false,35
app_20250113_00001509,2025-01-13 07:03:53,cust_7869576,CHBE,education_loan,21453,36,733,low,approved,21453,web,false,630
app_20250113_00001510,2025-01-13 09:08:46,cust_8787623,AUTR,auto_loan,23164,60,504,medium,approved,23164,branch,true,126
app_20250113_00001511,2025-01-13 06:34:45,cust_8262155,PLWA,education_loan,14697,12,668,medium,rejected,0,partner,true,102
app_20250113_00001512,2025-01-13 06:01:54,cust_9727157,ATVI,credit_card,10087,42,521,medium,approved,10087,web,true,207
app_20250113_00001513,2025-01-13 02:43:40,cust_4636128,NLAM,education_loan,38032,36,634,medium,approved,38032,call_center,true,873
app_20250113_00001514,2025-01-13 18:14:03,cust_3640801,ESMA,auto_loan,56906,72,457,high,rejected,0,branch,true,141
app_20250113_00001515,2025-01-13 04:05:51,cust_5952905,UKLO,mortgage,64735,120,479,high,rejected,0,partner,false,158
app_20250113_00001516,2025-01-13 06:04:54,cust_4470817,BENL,education_loan,8338,36,646,medium,rejected,0,web,true,143
app_20250113_00001517,2025-01-13 05:27:27,cust_467141,ITMI,personal_loan,20257,36,576,medium,approved,20257,partner,true,764
app_20250113_00001518,2025-01-13 14:04:39,cust_5183863,UKLO,refinance,242759,120,734,low,approved,242759,atm,true,143
app_20250113_00001519,2025-01-13 07:55:13,cust_1881617,UKLO,mortgage,189914,300,633,medium,approved,189914,mobile,true,226
app_20250113_00001520,2025-01-13 23:27:11,cust_2285700,UKLO,cash_loan,3478,48,664,medium,approved,3478,online_banking,true,724
app_20250113_00001521,2025-01-13 22:38:12,cust_2640290,ITMI,cash_loan,11512,42,474,high,approved,11512,web,false,796
app_20250113_00001522,2025-01-13 16:40:35,cust_759542,PLWA,mortgage,211936,360,576,medium,approved,211936,online_banking,false,815
app_20250113_00001523,2025-01-13 02:35:05,cust_9912232,FRID,refinance,442829,180,614,medium,rejected,0,partner,false,36
app_20250113_00001524,2025-01-13 14:54:32,cust_4259374,GRRE,refinance,270099,300,625,medium,rejected,0,branch,true,94
app_20250113_00001525,2025-01-13 11:43:28,cust_545439,BENL,mortgage,258435,300,708,low,approved,258435,online_banking,true,370
app_20250113_00001526,2025-01-13 03:24:00,cust_9614120,ATVI,education_loan,13094,48,530,medium,rejected,0,online_banking,true,8
app_20250113_00001527,2025-01-13 23:07:15,cust_9600774,CHBE,cash_loan,12543,48,643,medium,approved,12543,mobile_app,true,152
app_20250113_00001528,2025-01-13 22:05:19,cust_1771852,NLAM,business_loan,12939,12,714,low,approved,12939,mobile,true,579
app_20250113_00001529,2025-01-13 23:57:20,cust_2457895,CHBE,credit_card,14201,12,493,high,rejected,0,mobile_app,false,174
app_20250113_00001530,2025-01-13 07:48:45,cust_1963987,CHBE,refinance,295512,180,573,medium,approved,295512,atm,true,198
app_20250113_00001531,2025-01-13 02:54:48,cust_1944971,AUTR,credit_card,48221,36,721,low,approved,48221,web,false,721
app_20250113_00001532,2025-01-13 10:02:32,cust_7020435,AUTR,personal_loan,32755,12,601,medium,rejected,0,mobile,true,81
app_20250113_00001533,2025-01-13 03:54:37,cust_9998430,ATVI,personal_loan,29620,30,542,medium,approved,29620,partner,true,519
app_20250113_00001534,2025-01-13 22:47:45,cust_5081199,ITMI,personal_loan,1996,48,739,low,approved,1996,atm,false,652
app_20250113_00001535,2025-01-13 22:59:59,cust_3411047,NLAM,personal_loan,41288,36,431,high,rejected,0,web,false,131
app_20250113_00001536,2025-01-13 15:20:05,cust_4549984,CHBE,personal_loan,48361,18,709,low,approved,48361,call_center,true,200
app_20250113_00001537,2025-01-13 04:11:09,cust_957110,PORP,credit_card,46262,18,756,low,approved,46262,call_center,false,345
app_20250113_00001538,2025-01-13 14:49:19,cust_8674125,CHBE,credit_card,38738,18,724,low,approved,38738,mobile_app,true,533
app_20250113_00001539,2025-01-13 08:12:31,cust_9675200,PLWA,auto_loan,42153,24,630,medium,rejected,0,web,true,136
app_20250113_00001540,2025-01-13 03:47:40,cust_6049375,BENL,cash_loan,11437,12,539,medium,rejected,0,partner,false,98
app_20250113_00001541,2025-01-13 22:41:35,cust_6093320,ESMA,cash_loan,21143,18,689,medium,approved,21143,mobile,false,254
app_20250113_00001542,2025-01-13 05:20:48,cust_8865646,PLWA,education_loan,9097,48,614,medium,approved,9097,online_banking,false,886
app_20250113_00001543,2025-01-13 06:27:23,cust_585073,ITMI,credit_card,49428,30,513,medium,approved,49428,mobile_app,true,259
app_20250113_00001544,2025-01-13 16:39:15,cust_7237305,CZPR,education_loan,5104,12,558,medium,approved,5104,atm,false,171
app_20250113_00001545,2025-01-13 22:23:35,cust_1589947,DEHE,mortgage,371150,120,552,medium,approved,371150,branch,true,72
app_20250113_00001546,2025-01-13 20:26:03,cust_1838049,PORP,mortgage,379435,120,518,medium,approved,379435,mobile_app,true,334
app_20250113_00001547,2025-01-13 22:06:52,cust_4614904,UKLO,auto_loan,36745,60,561,medium,rejected,0,web,false,153
app_20250113_00001548,2025-01-13 10:19:44,cust_7365419,NLAM,business_loan,15496,12,705,low,approved,15496,mobile_app,false,554
app_20250113_00001549,2025-01-13 19:34:29,cust_1264138,NLAM,business_loan,38924,24,611,medium,approved,38924,partner,false,356
app_20250113_00001550,2025-01-13 18:36:10,cust_9870235,ESMA,cash_loan,17680,18,677,medium,approved,17680,branch,false,634
app_20250113_00001551,2025-01-13 11:19:10,cust_2490420,ITMI,cash_loan,8033,12,820,low,rejected,0,atm,true,136
app_20250113_00001552,2025-01-13 14:14:57,cust_7152969,CZPR,personal_loan,21121,12,581,medium,approved,21121,atm,true,214
app_20250113_00001553,2025-01-13 17:40:25,cust_6923194,NLAM,cash_loan,25977,24,718,low,approved,25977,mobile,true,406
app_20250113_00001554,2025-01-13 20:06:18,cust_6559691,ATVI,refinance,214367,180,774,low,approved,214367,online_banking,true,268
app_20250113_00001555,2025-01-13 11:14:55,cust_4837847,PLWA,cash_loan,17325,12,510,medium,approved,17325,mobile,false,276
app_20250113_00001556,2025-01-13 00:18:50,cust_124588,AUTR,business_loan,2310,60,646,medium,rejected,0,branch,true,102
app_20250113_00001557,2025-01-13 21:39:40,cust_3824891,CZPR,mortgage,290519,180,643,medium,approved,290519,partner,true,285
app_20250113_00001558,2025-01-13 17:07:50,cust_2119067,GRRE,business_loan,14837,24,718,low,approved,14837,partner,true,221
app_20250113_00001559,2025-01-13 21:46:41,cust_3751108,DEHE,mortgage,244793,240,618,medium,rejected,0,mobile,true,154
app_20250113_00001560,2025-01-13 03:47:43,cust_5586362,GRRE,mortgage,349768,300,718,low,approved,349768,branch,false,337
app_20250113_00001561,2025-01-13 03:40:51,cust_9219099,ATVI,personal_loan,17543,48,660,medium,approved,17543,partner,true,566
app_20250113_00001562,2025-01-13 15:28:21,cust_3915555,AUTR,credit_card,29451,48,520,medium,rejected,0,web,false,163
app_20250113_00001563,2025-01-13 17:22:58,cust_8430326,CZPR,refinance,246301,300,530,medium,rejected,0,atm,true,62
app_20250113_00001564,2025-01-13 18:47:39,cust_3405012,PORP,cash_loan,38234,30,582,medium,rejected,0,call_center,false,34
app_20250113_00001565,2025-01-13 17:30:03,cust_4783240,ATVI,business_loan,21180,12,850,low,approved,21180,mobile,true,223
app_20250113_00001566,2025-01-13 07:35:10,cust_5058007,DEHE,business_loan,2022,60,736,low,approved,2022,web,false,136
app_20250113_00001567,2025-01-13 12:23:13,cust_3095277,ESMA,personal_loan,49615,42,754,low,approved,49615,call_center,false,582
app_20250113_00001568,2025-01-13 00:48:33,cust_6024313,BENL,credit_card,27467,12,740,low,approved,27467,web,false,763
app_20250113_00001569,2025-01-13 11:49:51,cust_2048664,AUTR,credit_card,5883,18,735,low,approved,5883,branch,false,855
app_20250113_00001570,2025-01-13 17:01:01,cust_2077238,ITMI,education_loan,13399,36,606,medium,approved,13399,mobile_app,true,568
app_20250113_00001571,2025-01-13 22:57:12,cust_8649523,FRID,education_loan,24189,12,687,medium,approved,24189,branch,true,539
app_20250113_00001572,2025-01-13 10:45:10,cust_8673666,SESV,mortgage,490999,360,697,medium,rejected,0,mobile,false,142
app_20250113_00001573,2025-01-13 00:33:32,cust_9560592,SESV,mortgage,433887,360,673,medium,rejected,0,atm,true,22
app_20250113_00001574,2025-01-13 19:03:52,cust_7672469,ITMI,personal_loan,35820,48,632,medium,rejected,0,partner,true,156
app_20250113_00001575,2025-01-13 02:22:58,cust_701190,CHBE,auto_loan,40030,60,762,low,approved,40030,mobile_app,true,760
app_20250113_00001576,2025-01-13 09:22:48,cust_8569231,NLAM,business_loan,32039,60,668,medium,rejected,0,atm,false,44
app_20250113_00001577,2025-01-13 04:46:25,cust_3674801,CZPR,credit_card,49320,12,630,medium,rejected,0,branch,false,164
app_20250113_00001578,2025-01-13 20:42:31,cust_4662671,ATVI,refinance,181860,120,703,low,approved,181860,online_banking,false,152
app_20250113_00001579,2025-01-13 20:42:46,cust_3224817,AUTR,refinance,137849,120,596,medium,rejected,0,mobile_app,true,125
app_20250113_00001580,2025-01-13 22:45:28,cust_8338313,BENL,mortgage,325812,120,686,medium,approved,325812,mobile,false,232
app_20250113_00001581,2025-01-13 01:25:01,cust_6553982,CZPR,refinance,72279,300,613,medium,rejected,0,call_center,true,80
app_20250113_00001582,2025-01-13 01:33:03,cust_1874369,CZPR,education_loan,20155,48,623,medium,approved,20155,web,true,70
app_20250113_00001583,2025-01-13 04:06:18,cust_6645375,DEHE,business_loan,3444,12,551,medium,rejected,0,mobile_app,false,98
app_20250113_00001584,2025-01-13 23:06:19,cust_6096775,CHBE,credit_card,1655,12,850,low,approved,1655,atm,false,382
app_20250113_00001585,2025-01-13 06:39:19,cust_4237383,BENL,credit_card,48123,42,592,medium,approved,48123,partner,true,431
app_20250113_00001586,2025-01-13 06:13:13,cust_7758167,PLWA,education_loan,36995,12,606,medium,approved,36995,partner,false,876
app_20250113_00001587,2025-01-13 04:16:09,cust_1979704,NLAM,auto_loan,53665,72,752,low,approved,53665,branch,true,417
app_20250113_00001588,2025-01-13 17:20:46,cust_5075816,BENL,mortgage,463482,180,661,medium,approved,463482,call_center,false,237
app_20250113_00001589,2025-01-13 21:41:07,cust_5842387,NLAM,education_loan,2014,12,637,medium,rejected,0,call_center,false,74
app_20250113_00001590,2025-01-13 09:44:46,cust_7786830,BENL,auto_loan,49833,36,681,medium,approved,49833,partner,true,400
app_20250113_00001591,2025-01-13 19:28:57,cust_9120468,BENL,refinance,499440,120,752,low,approved,499440,partner,false,38
app_20250113_00001592,2025-01-13 20:12:39,cust_2902014,ATVI,auto_loan,36794,60,663,medium,approved,36794,online_banking,true,644
app_20250113_00001593,2025-01-13 04:33:54,cust_5666319,PORP,personal_loan,18258,36,693,medium,rejected,0,partner,true,129
app_20250113_00001594,2025-01-13 14:40:58,cust_7122957,ESMA,auto_loan,35096,72,798,low,approved,35096,mobile,true,337
app_20250113_00001595,2025-01-13 11:44:42,cust_8131196,PORP,mortgage,76573,120,633,medium,approved,76573,atm,false,436
app_20250113_00001596,2025-01-13 14:44:47,cust_2463390,UKLO,auto_loan,47226,24,802,low,approved,47226,branch,false,863
app_20250113_00001597,2025-01-13 21:52:45,cust_5550861,FRID,auto_loan,32970,24,785,low,approved,32970,web,false,830
app_20250113_00001598,2025-01-13 19:20:08,cust_5578174,FRID,business_loan,25256,24,617,medium,approved,25256,partner,true,414
app_20250113_00001599,2025-01-13 10:59:27,cust_2470331,PLWA,personal_loan,35046,36,527,medium,approved,35046,mobile,true,662
app_20250113_00001600,2025-01-13 01:55:42,cust_6096761,GRRE,business_loan,8650,36,638,medium,approved,8650,mobile,true,728
app_20250113_00001601,2025-01-13 07:43:36,cust_5736566,DEHE,personal_loan,7009,36,706,low,approved,7009,partner,true,276
app_20250113_00001602,2025-01-13 06:18:02,cust_7793733,NLAM,personal_loan,16229,12,593,medium,rejected,0,online_banking,true,27
app_20250113_00001603,2025-01-13 11:44:27,cust_2737979,FRID,cash_loan,39569,24,690,medium,approved,39569,mobile,false,336
app_20250113_00001604,2025-01-13 23:03:18,cust_8721631,CHBE,cash_loan,32814,48,850,low,approved,32814,web,true,361
app_20250113_00001605,2025-01-13 07:20:12,cust_7544875,NLAM,personal_loan,18176,24,756,low,approved,18176,mobile_app,true,180
app_20250113_00001606,2025-01-13 19:41:08,cust_7078579,UKLO,refinance,78943,120,540,medium,approved,78943,mobile,true,572
app_20250113_00001607,2025-01-13 13:30:09,cust_4706170,CHBE,personal_loan,31284,42,738,low,approved,31284,call_center,false,698
app_20250113_00001608,2025-01-13 05:32:49,cust_6280492,BENL,business_loan,11605,24,543,medium,rejected,0,mobile,false,108
app_20250113_00001609,2025-01-13 05:17:11,cust_6717422,AUTR,education_loan,27836,36,727,low,approved,27836,web,true,531
app_20250113_00001610,2025-01-13 08:55:21,cust_4418261,ATVI,cash_loan,32800,42,486,high,rejected,0,mobile,false,177
app_20250113_00001611,2025-01-13 01:51:44,cust_8334234,FRID,personal_loan,27053,30,554,medium,approved,27053,mobile_app,true,296
app_20250113_00001612,2025-01-13 03:23:19,cust_9120468,ATVI,business_loan,2162,36,545,medium,rejected,0,partner,true,72
app_20250113_00001613,2025-01-13 13:17:35,cust_1363859,ESMA,credit_card,47331,42,767,low,approved,47331,atm,false,117
app_20250113_00001614,2025-01-13 08:36:34,cust_3789416,DEHE,refinance,261227,240,495,high,rejected,0,web,true,152
app_20250113_00001615,2025-01-13 01:28:58,cust_3022317,SESV,auto_loan,6159,72,665,medium,approved,6159,branch,true,591
app_20250113_00001616,2025-01-13 21:03:22,cust_3324430,CHBE,credit_card,32266,24,712,low,approved,32266,call_center,true,378
app_20250113_00001617,2025-01-13 08:22:50,cust_6133032,ATVI,education_loan,22943,48,692,medium,approved,22943,mobile,false,244
app_20250113_00001618,2025-01-13 15:21:08,cust_5560836,GRRE,personal_loan,17037,30,667,medium,rejected,0,partner,false,140
app_20250113_00001619,2025-01-13 09:37:58,cust_7633918,PORP,credit_card,44150,48,725,low,approved,44150,web,true,821
app_20250113_00001620,2025-01-13 14:21:02,cust_9107978,AUTR,personal_loan,15008,18,739,low,approved,15008,branch,true,184
app_20250113_00001621,2025-01-13 12:43:17,cust_1043893,UKLO,refinance,464375,300,735,low,approved,464375,online_banking,true,738
app_20250113_00001622,2025-01-13 21:38:04,cust_9960313,CHBE,business_loan,15520,12,658,medium,approved,15520,branch,true,581
app_20250113_00001623,2025-01-13 04:21:18,cust_3902181,NLAM,credit_card,5389,18,850,low,approved,5389,web,true,43
app_20250113_00001624,2025-01-13 20:03:06,cust_8103298,NLAM,auto_loan,38096,72,640,medium,approved,38096,partner,false,889
app_20250113_00001625,2025-01-13 13:28:55,cust_9843396,SESV,mortgage,484717,360,416,high,rejected,0,mobile,true,170
app_20250113_00001626,2025-01-13 12:00:07,cust_6725051,SESV,auto_loan,19785,60,646,medium,approved,19785,branch,true,40
app_20250113_00001627,2025-01-13 00:06:38,cust_8733728,AUTR,personal_loan,34040,36,707,low,approved,34040,mobile,true,369
app_20250113_00001628,2025-01-13 09:54:21,cust_8110888,BENL,business_loan,12132,36,695,medium,approved,12132,partner,true,642
app_20250113_00001629,2025-01-13 08:57:31,cust_2928284,CZPR,personal_loan,22298,24,726,low,approved,22298,mobile,false,138
app_20250113_00001630,2025-01-13 11:29:51,cust_2088504,AUTR,business_loan,11438,60,540,medium,approved,11438,mobile_app,false,72
app_20250113_00001631,2025-01-13 08:50:13,cust_810120,UKLO,credit_card,28319,30,620,medium,approved,28319,partner,false,450
app_20250113_00001632,2025-01-13 10:18:14,cust_5606564,CZPR,auto_loan,17192,60,575,medium,rejected,0,atm,true,151
app_20250113_00001633,2025-01-13 01:03:08,cust_9885791,PORP,business_loan,31490,60,708,low,approved,31490,call_center,true,494
app_20250113_00001634,2025-01-13 04:57:46,cust_4317190,PORP,mortgage,249551,120,793,low,rejected,0,call_center,false,145
app_20250113_00001635,2025-01-13 10:30:55,cust_2275402,CHBE,cash_loan,35957,36,705,low,approved,35957,partner,true,598
app_20250113_00001636,2025-01-13 07:45:40,cust_7127181,PORP,cash_loan,10846,24,482,high,rejected,0,branch,true,126
app_20250113_00001637,2025-01-13 15:31:48,cust_5350942,GRRE,cash_loan,35649,48,618,medium,approved,35649,partner,false,897
app_20250113_00001638,2025-01-13 12:58:40,cust_9120194,PLWA,refinance,203676,180,727,low,approved,203676,online_banking,true,318
app_20250113_00001639,2025-01-13 05:16:27,cust_9134115,NLAM,business_loan,36713,12,581,medium,rejected,0,branch,false,12
app_20250113_00001640,2025-01-13 07:19:08,cust_7499453,UKLO,mortgage,405091,180,593,medium,rejected,0,mobile,true,161
app_20250113_00001641,2025-01-13 14:51:39,cust_7856894,ATVI,cash_loan,27359,36,488,high,approved,27359,mobile_app,false,720
app_20250113_00001642,2025-01-13 20:34:45,cust_8233637,PLWA,cash_loan,47430,30,674,medium,approved,47430,branch,true,781
app_20250113_00001643,2025-01-13 17:56:38,cust_5772415,BENL,personal_loan,8709,48,565,medium,rejected,0,mobile,true,149
app_20250113_00001644,2025-01-13 02:21:36,cust_2269041,PORP,education_loan,21795,24,739,low,approved,21795,mobile,false,609
app_20250113_00001645,2025-01-13 09:17:22,cust_2340341,PLWA,mortgage,326383,120,641,medium,rejected,0,mobile,true,39
app_20250113_00001646,2025-01-13 17:35:26,cust_952246,CHBE,refinance,168117,240,600,medium,approved,168117,call_center,false,763
app_20250113_00001647,2025-01-13 12:51:24,cust_3728513,ATVI,refinance,359021,180,621,medium,approved,359021,atm,true,254
app_20250113_00001648,2025-01-13 09:20:59,cust_6657500,ATVI,auto_loan,8692,24,590,medium,approved,8692,online_banking,false,879
app_20250113_00001649,2025-01-13 09:32:55,cust_2987796,GRRE,refinance,241546,240,620,medium,approved,241546,call_center,true,898
app_20250113_00001650,2025-01-13 18:08:47,cust_3944534,UKLO,education_loan,18509,24,742,low,approved,18509,mobile_app,false,124
app_20250113_00001651,2025-01-13 13:16:38,cust_2667007,UKLO,mortgage,140343,120,776,low,rejected,0,branch,true,26
app_20250113_00001652,2025-01-13 15:31:13,cust_6181594,CZPR,credit_card,5934,42,527,medium,approved,5934,mobile,false,733
app_20250113_00001653,2025-01-13 00:53:08,cust_5195570,ATVI,cash_loan,13383,48,675,medium,rejected,0,partner,true,68
app_20250113_00001654,2025-01-13 23:09:13,cust_3970552,ITMI,personal_loan,3420,12,511,medium,rejected,0,web,false,127
app_20250113_00001655,2025-01-13 12:10:51,cust_953070,GRRE,mortgage,96411,300,657,medium,rejected,0,branch,true,122
app_20250113_00001656,2025-01-13 19:06:09,cust_3945636,FRID,business_loan,13792,24,551,medium,approved,13792,call_center,false,359
app_20250113_00001657,2025-01-13 08:15:05,cust_9021243,AUTR,education_loan,5320,12,565,medium,rejected,0,partner,true,44
app_20250113_00001658,2025-01-13 06:59:58,cust_6328624,ATVI,mortgage,433147,240,397,high,rejected,0,online_banking,false,122
app_20250113_00001659,2025-01-13 01:53:53,cust_7221383,ATVI,personal_loan,8068,48,537,medium,approved,8068,call_center,true,782
app_20250113_00001660,2025-01-13 11:46:52,cust_3608649,CHBE,credit_card,28180,18,724,low,approved,28180,online_banking,false,37
app_20250113_00001661,2025-01-13 01:41:13,cust_6054145,BENL,mortgage,233790,360,580,medium,rejected,0,mobile_app,false,29
app_20250113_00001662,2025-01-13 06:25:21,cust_7705014,SESV,cash_loan,48625,42,733,low,approved,48625,branch,true,644
app_20250113_00001663,2025-01-13 09:35:54,cust_6504307,DEHE,refinance,265628,300,476,high,rejected,0,atm,false,124
app_20250113_00001664,2025-01-13 10:39:21,cust_645626,ESMA,credit_card,30802,30,715,low,approved,30802,atm,true,276
app_20250113_00001665,2025-01-13 22:39:16,cust_3583900,FRID,refinance,93734,240,594,medium,approved,93734,online_banking,true,140
app_20250113_00001666,2025-01-13 02:31:12,cust_4963121,ATVI,cash_loan,40289,42,679,medium,approved,40289,mobile_app,false,462
app_20250113_00001667,2025-01-13 16:29:17,cust_7523112,PORP,cash_loan,24149,36,720,low,approved,24149,partner,true,251
app_20250113_00001668,2025-01-13 14:08:17,cust_8580634,PORP,refinance,285831,120,753,low,approved,285831,branch,true,455
app_20250113_00001669,2025-01-13 15:23:25,cust_6565767,PORP,cash_loan,44828,24,850,low,approved,44828,call_center,true,787
app_20250113_00001670,2025-01-13 03:54:02,cust_3735604,PLWA,refinance,493977,360,646,medium,approved,493977,partner,false,530
app_20250113_00001671,2025-01-13 11:58:24,cust_8967160,BENL,business_loan,34109,24,549,medium,approved,34109,partner,false,46
app_20250113_00001672,2025-01-13 22:24:52,cust_2096489,ESMA,credit_card,33354,12,568,medium,approved,33354,call_center,false,591
app_20250113_00001673,2025-01-13 08:41:31,cust_231796,CHBE,personal_loan,14956,12,764,low,approved,14956,branch,false,96
app_20250113_00001674,2025-01-13 17:26:46,cust_4359431,ATVI,mortgage,256056,240,700,low,rejected,0,branch,true,74
app_20250113_00001675,2025-01-13 05:51:47,cust_2245996,CZPR,cash_loan,16223,48,683,medium,approved,16223,web,true,580
app_20250113_00001676,2025-01-13 12:56:47,cust_8352505,NLAM,mortgage,79316,240,680,medium,approved,79316,mobile,false,468
app_20250113_00001677,2025-01-13 23:01:09,cust_9359376,NLAM,auto_loan,23658,72,630,medium,rejected,0,branch,true,180
app_20250113_00001678,2025-01-13 08:18:31,cust_1775216,AUTR,personal_loan,17290,48,850,low,approved,17290,mobile,true,298
app_20250113_00001679,2025-01-13 11:12:06,cust_1425758,CZPR,business_loan,4256,36,634,medium,rejected,0,mobile_app,false,105
app_20250113_00001680,2025-01-13 10:54:36,cust_3272088,AUTR,cash_loan,34065,12,716,low,approved,34065,mobile_app,false,657
app_20250113_00001681,2025-01-13 07:36:35,cust_2289379,UKLO,auto_loan,45541,60,681,medium,rejected,0,partner,false,124
app_20250113_00001682,2025-01-13 10:24:54,cust_5920915,PORP,education_loan,20117,48,685,medium,approved,20117,call_center,false,677
app_20250113_00001683,2025-01-13 07:45:45,cust_5044099,BENL,auto_loan,46933,24,714,low,approved,46933,call_center,false,661
app_20250113_00001684,2025-01-13 02:10:16,cust_4117698,DEHE,credit_card,21160,42,554,medium,rejected,0,web,false,113
app_20250113_00001685,2025-01-13 10:59:37,cust_7575517,NLAM,business_loan,31485,48,532,medium,approved,31485,atm,true,179
app_20250113_00001686,2025-01-13 12:38:05,cust_6383143,CZPR,refinance,424273,360,689,medium,rejected,0,mobile,true,167
app_20250113_00001687,2025-01-13 18:19:46,cust_1116678,UKLO,refinance,442135,120,492,high,approved,442135,call_center,false,110
app_20250113_00001688,2025-01-13 23:54:54,cust_9088835,SESV,mortgage,163558,180,665,medium,approved,163558,atm,true,731
app_20250113_00001689,2025-01-13 03:17:32,cust_2251359,CZPR,credit_card,34971,30,832,low,approved,34971,web,true,511
app_20250113_00001690,2025-01-13 12:10:20,cust_5195403,UKLO,mortgage,247945,360,701,low,approved,247945,mobile_app,false,335
app_20250113_00001691,2025-01-13 16:47:35,cust_2479396,GRRE,personal_loan,36312,48,674,medium,rejected,0,mobile,false,104
app_20250113_00001692,2025-01-13 23:55:45,cust_8636903,FRID,personal_loan,3748,30,850,low,approved,3748,call_center,false,669
app_20250113_00001693,2025-01-13 13:44:22,cust_6677714,SESV,credit_card,1020,42,659,medium,rejected,0,call_center,true,33
app_20250113_00001694,2025-01-13 23:25:04,cust_1005057,ATVI,credit_card,45488,48,594,medium,rejected,0,call_center,true,175
app_20250113_00001695,2025-01-13 04:53:11,cust_7583711,CZPR,refinance,457841,300,665,medium,approved,457841,web,true,324
app_20250113_00001696,2025-01-13 16:32:33,cust_7348618,CZPR,business_loan,32135,48,783,low,approved,32135,branch,true,651
app_20250113_00001697,2025-01-13 07:59:37,cust_6493787,ITMI,cash_loan,29535,12,555,medium,approved,29535,partner,true,105
app_20250113_00001698,2025-01-13 13:33:25,cust_7683002,AUTR,personal_loan,2948,42,817,low,approved,2948,branch,false,416
app_20250113_00001699,2025-01-13 19:46:11,cust_237126,ATVI,education_loan,32736,36,657,medium,approved,32736,call_center,false,467
app_20250113_00001700,2025-01-13 11:49:19,cust_6806824,GRRE,education_loan,23365,48,600,medium,rejected,0,mobile,false,130
app_20250113_00001701,2025-01-13 22:34:57,cust_5709222,SESV,auto_loan,48715,36,638,medium,approved,48715,web,false,531
app_20250113_00001702,2025-01-13 11:32:26,cust_9782182,CZPR,cash_loan,26183,36,676,medium,approved,26183,mobile,false,816
app_20250113_00001703,2025-01-13 00:13:19,cust_416740,UKLO,cash_loan,12503,30,724,low,approved,12503,call_center,false,654
app_20250113_00001704,2025-01-13 20:19:01,cust_3399267,CZPR,cash_loan,36643,18,638,medium,approved,36643,web,true,815
app_20250113_00001705,2025-01-13 19:55:00,cust_9120910,PORP,auto_loan,40300,60,675,medium,approved,40300,web,false,33
app_20250113_00001706,2025-01-13 03:25:01,cust_683247,CHBE,mortgage,292041,300,583,medium,approved,292041,atm,true,587
app_20250113_00001707,2025-01-13 11:08:49,cust_2717795,GRRE,business_loan,19497,12,703,low,approved,19497,mobile,false,503
app_20250113_00001708,2025-01-13 22:21:41,cust_7431366,GRRE,business_loan,10432,36,796,low,approved,10432,web,true,580
app_20250113_00001709,2025-01-13 12:32:01,cust_5188402,ITMI,education_loan,38617,48,621,medium,approved,38617,atm,true,438
app_20250113_00001710,2025-01-13 01:07:22,cust_2865602,CHBE,refinance,162033,180,680,medium,approved,162033,partner,false,108
app_20250113_00001711,2025-01-13 02:02:56,cust_5386813,SESV,cash_loan,48720,42,628,medium,approved,48720,call_center,true,465
app_20250113_00001712,2025-01-13 10:19:25,cust_8727253,CHBE,business_loan,16938,48,565,medium,rejected,0,atm,true,6
app_20250113_00001713,2025-01-13 07:37:19,cust_3927122,ITMI,cash_loan,19720,30,397,high,approved,19720,web,true,553
app_20250113_00001714,2025-01-13 15:01:10,cust_6893144,SESV,education_loan,13104,12,569,medium,rejected,0,atm,true,131
app_20250113_00001715,2025-01-13 23:47:00,cust_5821498,DEHE,personal_loan,7638,48,663,medium,approved,7638,call_center,false,65
app_20250113_00001716,2025-01-13 10:48:28,cust_8089733,AUTR,business_loan,3649,24,660,medium,approved,3649,online_banking,false,417
app_20250113_00001717,2025-01-13 00:08:15,cust_7659315,GRRE,credit_card,22262,36,811,low,approved,22262,partner,true,342
app_20250113_00001718,2025-01-13 12:45:58,cust_4947691,BENL,auto_loan,48142,60,626,medium,approved,48142,web,false,328
app_20250113_00001719,2025-01-13 01:52:59,cust_3635931,SESV,refinance,215501,300,551,medium,rejected,0,branch,true,73
app_20250113_00001720,2025-01-13 03:59:59,cust_7957476,CHBE,credit_card,26437,24,684,medium,approved,26437,web,false,280
app_20250113_00001721,2025-01-13 10:40:49,cust_1092442,PLWA,mortgage,182181,180,483,high,rejected,0,mobile,true,32
app_20250113_00001722,2025-01-13 05:06:13,cust_8367157,FRID,credit_card,36780,36,593,medium,approved,36780,branch,false,430
app_20250113_00001723,2025-01-13 20:08:59,cust_8729927,UKLO,cash_loan,6894,12,702,low,approved,6894,mobile_app,true,458
app_20250113_00001724,2025-01-13 07:52:11,cust_932026,CHBE,cash_loan,31133,42,677,medium,approved,31133,branch,false,219
app_20250113_00001725,2025-01-13 21:39:06,cust_5416989,ITMI,education_loan,20398,36,629,medium,approved,20398,branch,true,70
app_20250113_00001726,2025-01-13 07:19:03,cust_7262127,ESMA,refinance,185911,360,746,low,approved,185911,mobile,true,107
app_20250113_00001727,2025-01-13 13:13:55,cust_1017425,AUTR,education_loan,31995,36,590,medium,rejected,0,online_banking,false,23
app_20250113_00001728,2025-01-13 16:39:14,cust_2633186,SESV,refinance,298598,120,697,medium,approved,298598,atm,false,735
app_20250113_00001729,2025-01-13 15:25:53,cust_126161,PORP,credit_card,49340,36,670,medium,approved,49340,web,false,391
app_20250113_00001730,2025-01-13 17:00:32,cust_8156311,AUTR,auto_loan,42448,60,675,medium,rejected,0,web,false,124
app_20250113_00001731,2025-01-13 17:13:08,cust_7527873,SESV,credit_card,7225,12,584,medium,approved,7225,mobile,true,855
app_20250113_00001732,2025-01-13 14:42:05,cust_6058028,PLWA,cash_loan,43388,12,522,medium,rejected,0,mobile,false,73
app_20250113_00001733,2025-01-13 16:18:34,cust_7151426,SESV,cash_loan,35204,48,519,medium,approved,35204,call_center,false,366
app_20250113_00001734,2025-01-13 06:51:29,cust_2457881,NLAM,mortgage,139639,360,570,medium,approved,139639,mobile,false,677
app_20250113_00001735,2025-01-13 12:33:33,cust_6419141,DEHE,personal_loan,39104,12,674,medium,approved,39104,mobile,false,352
app_20250113_00001736,2025-01-13 21:37:42,cust_1441606,ITMI,refinance,203575,120,702,low,approved,203575,mobile_app,false,772
app_20250113_00001737,2025-01-13 04:12:26,cust_9049401,FRID,credit_card,17645,36,591,medium,approved,17645,atm,true,575
app_20250113_00001738,2025-01-13 14:54:32,cust_9856852,NLAM,refinance,70708,180,661,medium,approved,70708,branch,true,529
app_20250113_00001739,2025-01-13 08:07:24,cust_3697769,PLWA,personal_loan,27892,36,728,low,approved,27892,atm,false,259
app_20250113_00001740,2025-01-13 20:57:27,cust_1054612,ITMI,credit_card,14673,48,660,medium,approved,14673,mobile_app,false,734
app_20250113_00001741,2025-01-13 23:16:13,cust_2200436,CZPR,business_loan,36931,36,646,medium,approved,36931,atm,false,888
app_20250113_00001742,2025-01-13 20:11:49,cust_8696860,UKLO,auto_loan,10789,60,530,medium,approved,10789,call_center,true,740
app_20250113_00001743,2025-01-13 19:23:09,cust_8070887,AUTR,credit_card,39833,42,830,low,approved,39833,mobile_app,false,193
app_20250113_00001744,2025-01-13 19:04:40,cust_686541,FRID,mortgage,162074,180,637,medium,rejected,0,web,true,91
app_20250113_00001745,2025-01-13 17:58:56,cust_7638747,DEHE,business_loan,32129,48,565,medium,rejected,0,atm,true,139
app_20250113_00001746,2025-01-13 11:31:49,cust_1662098,PLWA,credit_card,25883,30,638,medium,rejected,0,mobile,false,137
app_20250113_00001747,2025-01-13 06:51:12,cust_8226244,CHBE,cash_loan,45098,24,736,low,approved,45098,atm,true,612
app_20250113_00001748,2025-01-13 14:28:00,cust_2802752,SESV,credit_card,47118,24,717,low,approved,47118,online_banking,true,471
app_20250113_00001749,2025-01-13 18:39:54,cust_1665498,CHBE,auto_loan,34265,24,754,low,approved,34265,partner,false,73
app_20250113_00001750,2025-01-13 00:01:54,cust_8376865,GRRE,personal_loan,22013,24,551,medium,rejected,0,partner,false,128
app_20250113_00001751,2025-01-13 08:36:37,cust_6271097,BENL,education_loan,5432,48,733,low,approved,5432,online_banking,false,549
app_20250113_00001752,2025-01-13 15:48:07,cust_1403514,UKLO,education_loan,11668,24,533,medium,approved,11668,web,false,36
app_20250113_00001753,2025-01-13 09:45:16,cust_3100729,CZPR,business_loan,14023,24,601,medium,approved,14023,mobile,false,630
app_20250113_00001754,2025-01-13 23:36:24,cust_6190594,PLWA,education_loan,32100,60,548,medium,rejected,0,atm,false,64
app_20250113_00001755,2025-01-13 22:50:23,cust_4026467,ITMI,mortgage,153796,180,639,medium,approved,153796,mobile,true,270
app_20250113_00001756,2025-01-13 10:51:27,cust_2473672,NLAM,mortgage,409705,240,674,medium,approved,409705,call_center,true,97
app_20250113_00001757,2025-01-13 02:17:13,cust_1828809,AUTR,mortgage,304470,120,717,low,approved,304470,online_banking,false,115
app_20250113_00001758,2025-01-13 17:00:15,cust_3280121,BENL,education_loan,27963,12,735,low,approved,27963,call_center,false,705
app_20250113_00001759,2025-01-13 06:48:11,cust_7039550,ATVI,education_loan,15140,36,597,medium,rejected,0,atm,true,157
app_20250113_00001760,2025-01-13 15:34:22,cust_2637979,GRRE,education_loan,24440,12,679,medium,approved,24440,web,true,508
app_20250113_00001761,2025-01-13 15:48:30,cust_3859053,NLAM,cash_loan,37777,18,710,low,approved,37777,mobile_app,true,524
app_20250113_00001762,2025-01-13 11:35:14,cust_5769110,CZPR,credit_card,31270,42,599,medium,rejected,0,branch,true,71
app_20250113_00001763,2025-01-13 04:18:23,cust_1125964,NLAM,education_loan,16575,48,539,medium,rejected,0,mobile_app,false,13
app_20250113_00001764,2025-01-13 18:48:21,cust_4121008,CZPR,business_loan,3160,12,802,low,approved,3160,web,true,86
app_20250113_00001765,2025-01-13 10:27:07,cust_8157171,CZPR,auto_loan,27039,36,690,medium,approved,27039,web,true,747
app_20250113_00001766,2025-01-13 02:27:10,cust_5302556,NLAM,auto_loan,57869,60,681,medium,approved,57869,mobile,false,338
app_20250113_00001767,2025-01-13 18:50:27,cust_7690949,NLAM,education_loan,36618,48,784,low,approved,36618,call_center,true,254
app_20250113_00001768,2025-01-13 20:06:36,cust_359767,PLWA,credit_card,10832,42,593,medium,rejected,0,online_banking,true,80
app_20250113_00001769,2025-01-13 19:15:27,cust_5644567,PLWA,cash_loan,31091,30,642,medium,approved,31091,branch,false,637
app_20250113_00001770,2025-01-13 12:43:19,cust_4151597,PORP,personal_loan,36406,48,713,low,approved,36406,branch,true,631
app_20250113_00001771,2025-01-13 09:11:35,cust_8651582,NLAM,business_loan,16665,24,700,low,rejected,0,online_banking,false,136
app_20250113_00001772,2025-01-13 11:07:03,cust_7613670,ATVI,credit_card,34004,12,592,medium,approved,34004,partner,true,201
app_20250113_00001773,2025-01-13 03:13:02,cust_8926340,FRID,refinance,62114,360,693,medium,approved,62114,atm,true,336
app_20250113_00001774,2025-01-13 21:53:22,cust_4394364,SESV,cash_loan,23873,48,716,low,approved,23873,atm,true,500
app_20250113_00001775,2025-01-13 20:22:48,cust_2468658,PLWA,education_loan,10728,48,543,medium,rejected,0,web,false,64
app_20250113_00001776,2025-01-13 11:51:36,cust_8126459,FRID,personal_loan,6025,30,785,low,approved,6025,branch,false,367
app_20250113_00001777,2025-01-13 12:19:50,cust_3108978,ATVI,auto_loan,22865,36,610,medium,approved,22865,call_center,true,669
app_20250113_00001778,2025-01-13 04:49:41,cust_6306271,UKLO,mortgage,239549,300,767,low,approved,239549,branch,false,362
app_20250113_00001779,2025-01-13 08:17:38,cust_7392814,ITMI,education_loan,20509,24,832,low,approved,20509,mobile_app,true,275
app_20250113_00001780,2025-01-13 03:49:49,cust_162093,CZPR,refinance,399712,300,826,low,approved,399712,call_center,true,75
app_20250113_00001781,2025-01-13 23:58:13,cust_1193952,DEHE,education_loan,8478,12,695,medium,rejected,0,call_center,true,140
app_20250113_00001782,2025-01-13 20:51:19,cust_5668105,AUTR,personal_loan,10491,12,738,low,approved,10491,online_banking,false,442
app_20250113_00001783,2025-01-13 07:25:21,cust_9381267,FRID,mortgage,179872,180,496,high,rejected,0,online_banking,true,74
app_20250113_00001784,2025-01-13 03:15:08,cust_6717041,SESV,refinance,232188,180,731,low,approved,232188,atm,false,593
app_20250113_00001785,2025-01-13 20:05:10,cust_8965081,CZPR,business_loan,39854,36,810,low,approved,39854,atm,true,421
app_20250113_00001786,2025-01-13 02:14:48,cust_8557867,AUTR,cash_loan,39878,42,615,medium,approved,39878,branch,false,593
app_20250113_00001787,2025-01-13 17:03:16,cust_5182045,UKLO,education_loan,27930,60,850,low,approved,27930,mobile,true,578
app_20250113_00001788,2025-01-13 21:51:28,cust_8011329,FRID,education_loan,15904,48,713,low,approved,15904,partner,false,136
app_20250113_00001789,2025-01-13 00:19:30,cust_5157242,GRRE,business_loan,33611,48,794,low,approved,33611,atm,true,184
app_20250113_00001790,2025-01-13 08:44:38,cust_4376428,UKLO,auto_loan,5314,36,588,medium,approved,5314,mobile_app,true,694
app_20250113_00001791,2025-01-13 18:03:45,cust_7129806,DEHE,refinance,428751,300,850,low,approved,428751,call_center,false,213
app_20250113_00001792,2025-01-13 14:33:14,cust_3634091,PORP,mortgage,454082,300,493,high,rejected,0,mobile_app,false,142
app_20250113_00001793,2025-01-13 11:18:14,cust_4294521,ITMI,auto_loan,5590,36,661,medium,approved,5590,mobile,false,778
app_20250113_00001794,2025-01-13 05:11:20,cust_2149330,SESV,cash_loan,33689,36,671,medium,approved,33689,branch,true,305
app_20250113_00001795,2025-01-13 10:35:46,cust_1816690,ITMI,auto_loan,53970,24,656,medium,approved,53970,call_center,true,456
app_20250113_00001796,2025-01-13 23:07:28,cust_1640489,NLAM,credit_card,26812,42,585,medium,approved,26812,call_center,true,498
app_20250113_00001797,2025-01-13 01:09:00,cust_316327,PORP,education_loan,6295,60,688,medium,approved,6295,mobile_app,true,402
app_20250113_00001798,2025-01-13 19:41:24,cust_4552215,DEHE,business_loan,35816,36,684,medium,rejected,0,online_banking,false,33
app_20250113_00001799,2025-01-13 05:37:04,cust_8278488,CZPR,auto_loan,9367,24,555,medium,approved,9367,online_banking,true,680
app_20250113_00001800,2025-01-13 13:36:00,cust_7351130,GRRE,auto_loan,15149,72,600,medium,rejected,0,mobile_app,true,90
app_20250113_00001801,2025-01-13 19:42:50,cust_2997859,CZPR,refinance,50328,120,653,medium,approved,50328,mobile_app,true,841
app_20250113_00001802,2025-01-13 16:27:12,cust_4093286,SESV,personal_loan,34783,18,665,medium,approved,34783,mobile_app,true,79
app_20250113_00001803,2025-01-13 02:36:55,cust_9164965,ESMA,refinance,84594,120,764,low,rejected,0,branch,false,147
app_20250113_00001804,2025-01-13 03:10:25,cust_2039715,PORP,education_loan,35236,36,730,low,approved,35236,web,true,492
app_20250113_00001805,2025-01-13 08:51:01,cust_6416046,BENL,credit_card,3049,18,670,medium,approved,3049,web,false,455
app_20250113_00001806,2025-01-13 01:24:03,cust_1943158,PORP,education_loan,21323,36,493,high,rejected,0,atm,false,111
app_20250113_00001807,2025-01-13 07:43:53,cust_8011413,AUTR,auto_loan,25058,72,641,medium,approved,25058,web,false,819
app_20250113_00001808,2025-01-13 16:36:28,cust_6725443,DEHE,cash_loan,28780,42,820,low,approved,28780,online_banking,false,498
app_20250113_00001809,2025-01-13 20:03:34,cust_8896575,PLWA,business_loan,7034,48,556,medium,rejected,0,partner,false,86
app_20250113_00001810,2025-01-13 07:20:51,cust_2651892,ATVI,education_loan,8037,12,615,medium,approved,8037,atm,false,818
app_20250113_00001811,2025-01-13 13:13:02,cust_5171632,GRRE,education_loan,29312,12,787,low,approved,29312,branch,true,331
app_20250113_00001812,2025-01-13 11:30:46,cust_842111,NLAM,credit_card,1039,42,750,low,approved,1039,partner,true,115
app_20250113_00001813,2025-01-13 16:02:05,cust_8748013,FRID,cash_loan,21831,36,679,medium,rejected,0,atm,true,101
app_20250113_00001814,2025-01-13 09:21:41,cust_2483245,BENL,cash_loan,22822,42,634,medium,rejected,0,branch,true,99
app_20250113_00001815,2025-01-13 03:32:00,cust_6463124,SESV,mortgage,327125,300,677,medium,rejected,0,partner,true,156
app_20250113_00001816,2025-01-13 13:59:44,cust_9222862,UKLO,refinance,311354,120,739,low,approved,311354,atm,false,220
app_20250113_00001817,2025-01-13 12:56:00,cust_9381044,CHBE,credit_card,40648,30,507,medium,approved,40648,branch,false,232
app_20250113_00001818,2025-01-13 06:02:12,cust_2693277,UKLO,business_loan,27002,48,638,medium,rejected,0,mobile_app,true,41
app_20250113_00001819,2025-01-13 20:05:49,cust_6126733,CHBE,mortgage,150781,180,735,low,approved,150781,mobile_app,true,758
app_20250113_00001820,2025-01-13 22:49:30,cust_5414198,DEHE,refinance,79929,180,762,low,rejected,0,call_center,false,58
app_20250113_00001821,2025-01-13 23:55:31,cust_3678104,BENL,cash_loan,26220,36,546,medium,approved,26220,call_center,true,648
app_20250113_00001822,2025-01-13 22:57:37,cust_1990590,CZPR,mortgage,161582,240,509,medium,rejected,0,atm,false,96
app_20250113_00001823,2025-01-13 12:15:15,cust_3826633,PORP,cash_loan,35075,18,480,high,rejected,0,mobile_app,false,5
app_20250113_00001824,2025-01-13 19:16:49,cust_3669474,FRID,mortgage,101601,120,574,medium,approved,101601,branch,true,301
app_20250113_00001825,2025-01-13 15:42:53,cust_7542176,FRID,auto_loan,43765,24,752,low,approved,43765,atm,true,169
app_20250113_00001826,2025-01-13 17:34:28,cust_9492242,PORP,credit_card,15527,24,647,medium,approved,15527,partner,true,804
app_20250113_00001827,2025-01-13 21:16:06,cust_3051599,CZPR,mortgage,497593,120,646,medium,approved,497593,mobile_app,false,744
app_20250113_00001828,2025-01-13 22:55:47,cust_4410454,DEHE,business_loan,35269,48,641,medium,approved,35269,partner,false,741
app_20250113_00001829,2025-01-13 08:44:38,cust_7130815,NLAM,mortgage,192974,360,661,medium,rejected,0,call_center,false,83
app_20250113_00001830,2025-01-13 05:16:10,cust_1172733,CZPR,mortgage,338352,300,743,low,approved,338352,mobile_app,true,813
app_20250113_00001831,2025-01-13 14:14:40,cust_5971817,PLWA,refinance,157158,180,596,medium,approved,157158,web,false,395
app_20250113_00001832,2025-01-13 04:45:25,cust_4000783,ITMI,personal_loan,48134,36,617,medium,approved,48134,mobile_app,true,490
app_20250113_00001833,2025-01-13 09:44:11,cust_4279387,ITMI,business_loan,24261,12,595,medium,approved,24261,branch,false,386
app_20250113_00001834,2025-01-13 19:43:07,cust_5179676,SESV,auto_loan,45894,36,584,medium,approved,45894,web,true,611
app_20250113_00001835,2025-01-13 17:52:16,cust_9932839,AUTR,mortgage,322268,360,850,low,approved,322268,partner,false,527
app_20250113_00001836,2025-01-13 14:19:35,cust_3396449,PLWA,business_loan,3892,48,621,medium,rejected,0,branch,false,145
app_20250113_00001837,2025-01-13 16:08:35,cust_2867161,ATVI,education_loan,10374,48,528,medium,approved,10374,call_center,true,91
app_20250113_00001838,2025-01-13 07:43:26,cust_1753378,PLWA,education_loan,36970,36,788,low,approved,36970,mobile,true,144
app_20250113_00001839,2025-01-13 03:07:19,cust_4365097,PLWA,mortgage,137447,240,775,low,approved,137447,call_center,true,39
app_20250113_00001840,2025-01-13 22:22:56,cust_4580883,GRRE,auto_loan,37675,60,477,high,rejected,0,web,true,153
app_20250113_00001841,2025-01-13 01:37:51,cust_4744169,ESMA,business_loan,26647,60,490,high,rejected,0,web,false,42
app_20250113_00001842,2025-01-13 14:19:30,cust_6430870,BENL,personal_loan,6578,24,713,low,approved,6578,mobile_app,false,666
app_20250113_00001843,2025-01-13 21:05:59,cust_885718,FRID,education_loan,9000,12,441,high,approved,9000,call_center,false,417
app_20250113_00001844,2025-01-13 12:19:41,cust_992916,NLAM,refinance,339776,300,678,medium,approved,339776,branch,true,747
app_20250113_00001845,2025-01-13 03:03:30,cust_7079147,ESMA,mortgage,376293,300,520,medium,rejected,0,mobile,true,124
app_20250113_00001846,2025-01-13 07:29:28,cust_935937,NLAM,credit_card,4849,30,829,low,approved,4849,atm,false,155
app_20250113_00001847,2025-01-13 08:20:20,cust_6980694,GRRE,auto_loan,20384,60,490,high,rejected,0,online_banking,false,155
app_20250113_00001848,2025-01-13 07:45:14,cust_6677752,BENL,personal_loan,25870,12,756,low,approved,25870,online_banking,true,775
app_20250113_00001849,2025-01-13 04:12:23,cust_880063,NLAM,credit_card,49017,30,634,medium,approved,49017,branch,false,85
app_20250113_00001850,2025-01-13 08:59:18,cust_7215322,BENL,mortgage,126174,240,655,medium,approved,126174,partner,false,429
app_20250113_00001851,2025-01-13 04:24:40,cust_4805695,DEHE,credit_card,39511,30,740,low,rejected,0,call_center,true,157
app_20250113_00001852,2025-01-13 08:11:05,cust_1000239,BENL,education_loan,27143,48,678,medium,approved,27143,online_banking,false,698
app_20250113_00001853,2025-01-13 14:36:50,cust_6443504,ATVI,credit_card,14135,30,634,medium,rejected,0,call_center,false,119
app_20250113_00001854,2025-01-13 09:27:39,cust_7916120,GRRE,refinance,80055,180,557,medium,approved,80055,call_center,false,262
app_20250113_00001855,2025-01-13 15:08:23,cust_239124,CZPR,mortgage,235810,180,561,medium,rejected,0,web,false,13
app_20250113_00001856,2025-01-13 02:24:31,cust_5855406,NLAM,business_loan,21971,36,677,medium,approved,21971,branch,false,48
app_20250113_00001857,2025-01-13 07:37:44,cust_5362042,PORP,education_loan,28548,24,739,low,approved,28548,partner,false,526
app_20250113_00001858,2025-01-13 11:15:29,cust_937151,CZPR,refinance,83038,180,701,low,approved,83038,mobile,true,506
app_20250113_00001859,2025-01-13 20:43:51,cust_9140331,BENL,education_loan,5766,12,683,medium,rejected,0,branch,true,71
app_20250113_00001860,2025-01-13 15:03:47,cust_3335501,PORP,refinance,143276,360,587,medium,rejected,0,atm,false,111
app_20250113_00001861,2025-01-13 10:25:20,cust_2791803,DEHE,education_loan,29376,12,604,medium,rejected,0,mobile_app,false,37
app_20250113_00001862,2025-01-13 01:50:55,cust_800976,SESV,refinance,493690,360,606,medium,approved,493690,partner,false,673
app_20250113_00001863,2025-01-13 05:45:42,cust_8510761,DEHE,auto_loan,56923,24,672,medium,approved,56923,branch,false,435
app_20250113_00001864,2025-01-13 06:15:03,cust_2915804,NLAM,cash_loan,10232,18,551,medium,rejected,0,online_banking,false,148
app_20250113_00001865,2025-01-13 11:04:35,cust_4970126,PORP,auto_loan,26187,36,615,medium,approved,26187,online_banking,true,230
app_20250113_00001866,2025-01-13 06:03:29,cust_1160806,PLWA,personal_loan,26963,30,438,high,rejected,0,mobile_app,false,27
app_20250113_00001867,2025-01-13 23:57:58,cust_3475714,DEHE,credit_card,17094,24,678,medium,approved,17094,branch,true,232
app_20250113_00001868,2025-01-13 17:10:08,cust_8286357,FRID,business_loan,4029,60,746,low,approved,4029,branch,false,712
app_20250113_00001869,2025-01-13 03:59:56,cust_3010561,ESMA,education_loan,33897,12,621,medium,approved,33897,mobile_app,true,150
app_20250113_00001870,2025-01-13 14:55:57,cust_664571,NLAM,personal_loan,32246,36,547,medium,rejected,0,call_center,false,125
app_20250113_00001871,2025-01-13 04:07:29,cust_5949261,ITMI,cash_loan,28625,36,611,medium,approved,28625,web,true,704
app_20250113_00001872,2025-01-13 21:54:22,cust_2037760,PLWA,education_loan,35631,36,816,low,approved,35631,mobile,true,591
app_20250113_00001873,2025-01-13 05:54:18,cust_2114182,NLAM,personal_loan,7826,36,576,medium,rejected,0,call_center,true,68
app_20250113_00001874,2025-01-13 23:39:23,cust_2895100,PORP,cash_loan,12218,36,750,low,rejected,0,branch,false,122
app_20250113_00001875,2025-01-13 11:21:01,cust_7784764,AUTR,personal_loan,46397,18,573,medium,rejected,0,partner,false,108
app_20250113_00001876,2025-01-13 10:08:52,cust_1402983,PORP,business_loan,25038,24,628,medium,approved,25038,mobile_app,false,865
app_20250113_00001877,2025-01-13 17:29:19,cust_1875482,AUTR,personal_loan,18224,42,630,medium,approved,18224,call_center,false,341
app_20250113_00001878,2025-01-13 02:08:47,cust_3699865,PLWA,cash_loan,26548,30,671,medium,approved,26548,atm,false,280
app_20250113_00001879,2025-01-13 14:50:05,cust_3843430,SESV,mortgage,312142,360,787,low,approved,312142,branch,false,609
app_20250113_00001880,2025-01-13 14:03:44,cust_3264527,FRID,cash_loan,41769,42,567,medium,rejected,0,branch,false,106
app_20250113_00001881,2025-01-13 23:01:55,cust_6729032,PLWA,business_loan,20710,60,418,high,rejected,0,mobile,true,152
app_20250113_00001882,2025-01-13 14:44:21,cust_3546001,ESMA,business_loan,19769,48,606,medium,rejected,0,mobile,false,133
app_20250113_00001883,2025-01-13 05:29:29,cust_4999044,ESMA,refinance,406237,180,729,low,approved,406237,partner,false,156
app_20250113_00001884,2025-01-13 22:00:37,cust_8330456,DEHE,mortgage,347187,120,723,low,approved,347187,partner,false,788
app_20250113_00001885,2025-01-13 14:47:42,cust_5107001,AUTR,refinance,85687,240,636,medium,approved,85687,branch,true,853
app_20250113_00001886,2025-01-13 03:56:47,cust_1166306,CZPR,personal_loan,33271,36,634,medium,approved,33271,mobile,true,837
app_20250113_00001887,2025-01-13 17:35:21,cust_5489629,ESMA,refinance,318872,360,671,medium,approved,318872,partner,false,479
app_20250113_00001888,2025-01-13 16:30:23,cust_1017420,ESMA,mortgage,249507,120,679,medium,approved,249507,branch,false,510
app_20250113_00001889,2025-01-13 20:48:08,cust_4311883,FRID,auto_loan,24621,72,822,low,approved,24621,mobile_app,true,454
app_20250113_00001890,2025-01-13 03:27:40,cust_4591691,AUTR,mortgage,87040,120,548,medium,rejected,0,call_center,true,52
app_20250113_00001891,2025-01-13 09:59:02,cust_2052242,ESMA,personal_loan,17998,42,669,medium,approved,17998,mobile_app,true,900
app_20250113_00001892,2025-01-13 11:54:16,cust_1777266,ESMA,refinance,170846,180,524,medium,rejected,0,online_banking,true,170
app_20250113_00001893,2025-01-13 07:15:16,cust_503025,CZPR,credit_card,6651,30,601,medium,rejected,0,branch,true,71
app_20250113_00001894,2025-01-13 10:49:55,cust_3427866,GRRE,personal_loan,44246,18,719,low,approved,44246,online_banking,true,884
app_20250113_00001895,2025-01-13 11:14:17,cust_6679203,ITMI,business_loan,22663,24,683,medium,approved,22663,atm,true,243
app_20250113_00001896,2025-01-13 00:36:31,cust_3022897,AUTR,credit_card,25677,24,646,medium,approved,25677,partner,true,85
app_20250113_00001897,2025-01-13 00:44:15,cust_6252064,ATVI,refinance,248573,240,674,medium,rejected,0,atm,true,158
app_20250113_00001898,2025-01-13 23:09:33,cust_1992338,BENL,education_loan,30192,12,629,medium,approved,30192,branch,true,223
app_20250113_00001899,2025-01-13 16:57:19,cust_323852,FRID,personal_loan,13894,18,649,medium,rejected,0,branch,true,32
app_20250113_00001900,2025-01-13 03:21:31,cust_4873476,AUTR,credit_card,13208,48,746,low,approved,13208,mobile_app,true,539
app_20250113_00001901,2025-01-13 18:44:02,cust_7840577,PORP,mortgage,407717,300,509,medium,approved,407717,mobile_app,false,125
app_20250113_00001902,2025-01-13 15:29:00,cust_8831570,NLAM,credit_card,14428,36,699,medium,rejected,0,atm,true,132
app_20250113_00001903,2025-01-13 02:34:11,cust_8469013,SESV,refinance,205193,300,507,medium,approved,205193,branch,false,185
app_20250113_00001904,2025-01-13 18:32:17,cust_3156864,DEHE,refinance,384788,180,609,medium,approved,384788,web,true,253
app_20250113_00001905,2025-01-13 16:05:33,cust_7952651,NLAM,business_loan,32006,24,655,medium,approved,32006,branch,false,705
app_20250113_00001906,2025-01-13 07:04:23,cust_1829676,AUTR,personal_loan,29901,42,653,medium,approved,29901,atm,true,297
app_20250113_00001907,2025-01-13 20:54:43,cust_6788291,DEHE,auto_loan,19512,36,675,medium,approved,19512,partner,true,179
app_20250113_00001908,2025-01-13 00:03:38,cust_9533798,ATVI,mortgage,400465,120,541,medium,rejected,0,call_center,false,64
app_20250113_00001909,2025-01-13 20:51:53,cust_326778,PLWA,refinance,316708,360,625,medium,approved,316708,mobile,true,242
app_20250113_00001910,2025-01-13 13:32:53,cust_4260692,CZPR,education_loan,5890,12,681,medium,approved,5890,branch,true,671
app_20250113_00001911,2025-01-13 11:15:32,cust_3185251,NLAM,credit_card,1707,24,594,medium,rejected,0,call_center,true,53
app_20250113_00001912,2025-01-13 14:21:27,cust_5134511,ESMA,business_loan,4632,12,824,low,approved,4632,partner,true,587
app_20250113_00001913,2025-01-13 21:49:43,cust_5045509,ESMA,auto_loan,52515,72,625,medium,rejected,0,web,true,7
app_20250113_00001914,2025-01-13 02:04:39,cust_7276141,AUTR,refinance,232186,120,837,low,approved,232186,mobile,false,539
app_20250113_00001915,2025-01-13 03:44:16,cust_6910863,BENL,cash_loan,43389,36,620,medium,rejected,0,atm,false,102
app_20250113_00001916,2025-01-13 20:52:27,cust_8572272,UKLO,cash_loan,48394,36,454,high,rejected,0,online_banking,false,80
app_20250113_00001917,2025-01-13 15:08:13,cust_5098355,PORP,mortgage,459628,360,605,medium,approved,459628,branch,true,719
app_20250113_00001918,2025-01-13 13:37:03,cust_3948452,NLAM,auto_loan,40429,24,726,low,approved,40429,branch,false,536
app_20250113_00001919,2025-01-13 16:12:13,cust_949437,ATVI,refinance,488331,240,668,medium,approved,488331,online_banking,true,599
app_20250113_00001920,2025-01-13 07:29:58,cust_4155968,GRRE,mortgage,213064,120,493,high,rejected,0,call_center,true,78
app_20250113_00001921,2025-01-13 12:54:09,cust_1100230,NLAM,education_loan,19988,60,471,high,rejected,0,atm,false,64
app_20250113_00001922,2025-01-13 19:32:35,cust_1216589,CHBE,auto_loan,16460,36,566,medium,approved,16460,partner,false,768
app_20250113_00001923,2025-01-13 06:20:19,cust_6811739,SESV,personal_loan,2198,12,618,medium,approved,2198,mobile_app,true,66
app_20250113_00001924,2025-01-13 19:58:35,cust_5126556,ESMA,business_loan,13846,24,632,medium,approved,13846,branch,true,690
app_20250113_00001925,2025-01-13 05:52:28,cust_4173300,FRID,mortgage,340286,120,704,low,approved,340286,call_center,true,845
app_20250113_00001926,2025-01-13 15:14:32,cust_3042804,FRID,auto_loan,38113,72,604,medium,approved,38113,mobile_app,true,389
app_20250113_00001927,2025-01-13 03:49:59,cust_9501614,AUTR,auto_loan,54966,36,443,high,rejected,0,mobile_app,false,124
app_20250113_00001928,2025-01-13 03:55:39,cust_8914944,AUTR,cash_loan,39092,24,741,low,approved,39092,web,true,228
app_20250113_00001929,2025-01-13 14:40:20,cust_3828108,CHBE,auto_loan,17075,24,601,medium,rejected,0,call_center,false,160
app_20250113_00001930,2025-01-13 12:54:41,cust_326428,PORP,auto_loan,18272,60,649,medium,approved,18272,call_center,false,237
app_20250113_00001931,2025-01-13 19:28:37,cust_4669548,DEHE,cash_loan,27495,12,731,low,approved,27495,web,true,900
app_20250113_00001932,2025-01-13 23:07:52,cust_4594617,CHBE,personal_loan,9456,12,608,medium,approved,9456,mobile_app,true,528
app_20250113_00001933,2025-01-13 13:08:53,cust_2593493,PLWA,cash_loan,29621,18,585,medium,rejected,0,atm,false,37
app_20250113_00001934,2025-01-13 12:10:42,cust_4659515,SESV,auto_loan,48259,72,768,low,approved,48259,mobile,true,163
app_20250113_00001935,2025-01-13 19:24:02,cust_5075196,CHBE,auto_loan,50819,72,619,medium,rejected,0,mobile,false,115
app_20250113_00001936,2025-01-13 12:33:43,cust_1060569,UKLO,auto_loan,36019,24,621,medium,approved,36019,partner,false,508
app_20250113_00001937,2025-01-13 07:24:06,cust_8971002,PORP,business_loan,14295,24,671,medium,approved,14295,mobile,false,180
app_20250113_00001938,2025-01-13 07:48:10,cust_248346,SESV,business_loan,35255,12,558,medium,rejected,0,atm,true,137
app_20250113_00001939,2025-01-13 00:28:56,cust_9840204,SESV,education_loan,39751,48,610,medium,rejected,0,atm,true,64
app_20250113_00001940,2025-01-13 18:57:55,cust_5055385,ESMA,business_loan,18837,24,624,medium,approved,18837,atm,true,573
app_20250113_00001941,2025-01-13 04:40:35,cust_3676852,ESMA,mortgage,299834,360,676,medium,approved,299834,online_banking,false,586
app_20250113_00001942,2025-01-13 18:15:55,cust_3235918,AUTR,business_loan,8618,48,758,low,approved,8618,mobile,true,211
app_20250113_00001943,2025-01-13 02:54:43,cust_1831762,AUTR,personal_loan,37009,48,792,low,approved,37009,call_center,false,308
app_20250113_00001944,2025-01-13 12:24:14,cust_5028322,PORP,cash_loan,15916,12,614,medium,rejected,0,atm,false,58
app_20250113_00001945,2025-01-13 22:14:24,cust_2829426,DEHE,business_loan,31613,60,681,medium,approved,31613,web,true,708
app_20250113_00001946,2025-01-13 19:40:51,cust_6517229,ITMI,personal_loan,5618,12,622,medium,approved,5618,call_center,false,100
app_20250113_00001947,2025-01-13 05:23:32,cust_7759661,ATVI,cash_loan,3565,24,761,low,approved,3565,online_banking,true,797
app_20250113_00001948,2025-01-13 00:33:07,cust_8545606,PORP,auto_loan,24029,72,816,low,approved,24029,atm,true,646
app_20250113_00001949,2025-01-13 05:03:34,cust_3503530,AUTR,refinance,201763,240,615,medium,rejected,0,partner,true,131
app_20250113_00001950,2025-01-13 08:13:05,cust_5090929,SESV,personal_loan,44986,30,673,medium,approved,44986,mobile_app,false,896
app_20250113_00001951,2025-01-13 09:37:18,cust_7118777,CHBE,mortgage,234133,240,621,medium,approved,234133,mobile_app,true,425
app_20250113_00001952,2025-01-13 02:47:35,cust_1001741,NLAM,personal_loan,37827,30,850,low,rejected,0,partner,true,138
app_20250113_00001953,2025-01-13 17:23:28,cust_6892890,SESV,refinance,462548,360,574,medium,approved,462548,partner,true,256
app_20250113_00001954,2025-01-13 12:59:52,cust_785036,CZPR,credit_card,23828,30,505,medium,rejected,0,online_banking,true,48
app_20250113_00001955,2025-01-13 23:17:06,cust_751739,ESMA,auto_loan,19680,24,722,low,approved,19680,branch,false,784
app_20250113_00001956,2025-01-13 04:15:56,cust_5582476,BENL,mortgage,475609,360,832,low,approved,475609,mobile,true,547
app_20250113_00001957,2025-01-13 05:26:54,cust_6580664,SESV,personal_loan,35166,18,709,low,approved,35166,mobile,false,144
app_20250113_00001958,2025-01-13 08:40:25,cust_6272876,CHBE,auto_loan,39460,72,539,medium,rejected,0,partner,false,160
app_20250113_00001959,2025-01-13 06:46:51,cust_8958674,ITMI,cash_loan,6885,36,705,low,approved,6885,partner,false,173
app_20250113_00001960,2025-01-13 01:33:44,cust_8607622,GRRE,business_loan,10635,12,755,low,approved,10635,mobile,true,581
app_20250113_00001961,2025-01-13 03:06:12,cust_8824364,CZPR,mortgage,254895,240,662,medium,approved,254895,call_center,false,391
app_20250113_00001962,2025-01-13 05:20:09,cust_7855669,DEHE,business_loan,10088,24,679,medium,approved,10088,mobile,false,416
app_20250113_00001963,2025-01-13 08:48:01,cust_1032922,ESMA,auto_loan,57461,60,642,medium,approved,57461,online_banking,true,273
app_20250113_00001964,2025-01-13 14:27:28,cust_3092902,DEHE,auto_loan,23810,24,650,medium,approved,23810,online_banking,true,425
app_20250113_00001965,2025-01-13 22:57:01,cust_5514517,ITMI,education_loan,7296,48,733,low,approved,7296,online_banking,false,350
app_20250113_00001966,2025-01-13 14:21:31,cust_705476,PORP,credit_card,35873,36,660,medium,rejected,0,web,true,47
app_20250113_00001967,2025-01-13 05:43:23,cust_1017340,AUTR,credit_card,45187,24,850,low,approved,45187,atm,true,487
app_20250113_00001968,2025-01-13 05:00:50,cust_9995243,GRRE,auto_loan,36395,36,584,medium,rejected,0,atm,false,26
app_20250113_00001969,2025-01-13 07:04:18,cust_4839543,PORP,personal_loan,25082,18,472,high,rejected,0,mobile,true,120
app_20250113_00001970,2025-01-13 10:50:09,cust_5000927,CZPR,credit_card,21003,30,571,medium,rejected,0,mobile_app,true,15
app_20250113_00001971,2025-01-13 17:51:05,cust_6720956,NLAM,mortgage,129882,180,646,medium,approved,129882,web,true,396
app_20250113_00001972,2025-01-13 21:31:22,cust_5045397,ESMA,mortgage,124768,300,748,low,approved,124768,call_center,true,700
app_20250113_00001973,2025-01-13 15:18:16,cust_1457961,CHBE,refinance,250844,180,463,high,rejected,0,online_banking,false,54
app_20250113_00001974,2025-01-13 20:49:42,cust_9151698,BENL,personal_loan,14389,18,652,medium,approved,14389,online_banking,false,363
app_20250113_00001975,2025-01-13 17:13:20,cust_6872633,FRID,personal_loan,44800,24,717,low,approved,44800,atm,false,702
app_20250113_00001976,2025-01-13 01:48:00,cust_4234087,CZPR,business_loan,26158,36,752,low,approved,26158,partner,true,98
app_20250113_00001977,2025-01-13 14:52:36,cust_949855,PLWA,business_loan,3923,36,645,medium,approved,3923,online_banking,false,737
app_20250113_00001978,2025-01-13 07:09:21,cust_7398887,ESMA,business_loan,3118,48,690,medium,approved,3118,web,true,786
app_20250113_00001979,2025-01-13 13:14:02,cust_4469760,BENL,business_loan,34118,36,576,medium,rejected,0,mobile,true,94
app_20250113_00001980,2025-01-13 16:44:02,cust_1396651,AUTR,refinance,273869,120,612,medium,approved,273869,call_center,true,339
app_20250113_00001981,2025-01-13 16:47:56,cust_7368135,DEHE,auto_loan,21098,48,622,medium,approved,21098,call_center,false,652
app_20250113_00001982,2025-01-13 21:24:13,cust_4244464,ITMI,credit_card,47391,24,559,medium,rejected,0,atm,true,150
app_20250113_00001983,2025-01-13 15:35:22,cust_363259,PLWA,personal_loan,23689,18,617,medium,approved,23689,branch,false,679
app_20250113_00001984,2025-01-13 13:31:11,cust_4694250,SESV,refinance,309560,120,850,low,rejected,0,web,true,128
app_20250113_00001985,2025-01-13 22:55:29,cust_901113,SESV,education_loan,7238,24,775,low,approved,7238,web,false,679
app_20250113_00001986,2025-01-13 16:10:56,cust_3612572,AUTR,credit_card,20882,30,577,medium,approved,20882,mobile_app,true,602
app_20250113_00001987,2025-01-13 18:11:02,cust_4789003,PORP,auto_loan,43492,24,664,medium,approved,43492,atm,true,369
app_20250113_00001988,2025-01-13 05:08:47,cust_3622223,SESV,business_loan,38346,12,585,medium,approved,38346,online_banking,false,69
app_20250113_00001989,2025-01-13 20:39:48,cust_2725989,BENL,mortgage,329479,300,835,low,approved,329479,web,false,490
app_20250113_00001990,2025-01-13 15:21:07,cust_2616296,PLWA,refinance,287667,120,681,medium,approved,287667,web,true,442
app_20250113_00001991,2025-01-13 16:08:01,cust_5714933,PORP,business_loan,11851,12,530,medium,rejected,0,call_center,false,171
app_20250113_00001992,2025-01-13 12:19:54,cust_3107718,NLAM,education_loan,33482,48,676,medium,rejected,0,mobile_app,true,158
app_20250113_00001993,2025-01-13 08:39:40,cust_5333164,PORP,business_loan,4292,36,676,medium,rejected,0,atm,false,117
app_20250113_00001994,2025-01-13 11:35:58,cust_1712757,PLWA,personal_loan,13625,48,652,medium,approved,13625,online_banking,false,98
app_20250113_00001995,2025-01-13 21:58:13,cust_9129713,FRID,education_loan,3163,36,637,medium,rejected,0,atm,false,86
app_20250113_00001996,2025-01-13 12:58:44,cust_9370965,ESMA,credit_card,33085,30,667,medium,approved,33085,branch,false,440
app_20250113_00001997,2025-01-13 19:54:54,cust_3142064,PLWA,business_loan,12345,24,478,high,rejected,0,atm,false,26
app_20250113_00001998,2025-01-13 10:55:08,cust_5150388,AUTR,education_loan,5691,24,558,medium,approved,5691,call_center,true,740
app_20250113_00001999,2025-01-13 23:04:17,cust_4098242,ESMA,education_loan,6813,12,554,medium,approved,6813,partner,false,54
app_20250113_00002000,2025-01-13 08:37:15,cust_2509491,AUTR,mortgage,217992,300,711,low,approved,217992,branch,false,437
app_20250113_00002001,2025-01-13 16:26:33,cust_971628,PLWA,auto_loan,16464,48,418,high,rejected,0,call_center,false,82
app_20250113_00002002,2025-01-13 18:39:17,cust_5503943,ATVI,cash_loan,49891,24,549,medium,rejected,0,branch,true,61
app_20250113_00002003,2025-01-13 23:27:40,cust_5391710,FRID,credit_card,47736,12,490,high,rejected,0,partner,true,151
app_20250113_00002004,2025-01-13 03:23:59,cust_6319954,PLWA,business_loan,17553,36,850,low,approved,17553,online_banking,false,454
app_20250113_00002005,2025-01-13 02:11:02,cust_6976113,GRRE,credit_card,28927,30,515,medium,rejected,0,online_banking,false,50
app_20250113_00002006,2025-01-13 17:45:01,cust_5348246,ITMI,education_loan,34114,48,716,low,approved,34114,branch,false,715
app_20250113_00002007,2025-01-13 01:34:38,cust_7717796,SESV,mortgage,368864,120,644,medium,rejected,0,branch,true,28
app_20250113_00002008,2025-01-13 00:01:27,cust_1701968,PORP,personal_loan,2359,18,575,medium,approved,2359,branch,false,316
app_20250113_00002009,2025-01-13 16:49:58,cust_3766003,ITMI,business_loan,16128,12,516,medium,approved,16128,atm,false,484
app_20250113_00002010,2025-01-13 04:40:01,cust_3925708,ESMA,credit_card,35778,18,408,high,rejected,0,mobile,false,39
app_20250113_00002011,2025-01-13 04:07:14,cust_3965278,ATVI,refinance,187115,120,765,low,approved,187115,mobile_app,true,121
app_20250113_00002012,2025-01-13 13:45:25,cust_7769306,BENL,education_loan,16560,36,417,high,rejected,0,mobile,false,170
app_20250113_00002013,2025-01-13 11:04:47,cust_804457,GRRE,personal_loan,18697,48,600,medium,approved,18697,call_center,false,177
app_20250113_00002014,2025-01-13 01:43:53,cust_4644298,ITMI,education_loan,3811,36,661,medium,rejected,0,partner,false,149
app_20250113_00002015,2025-01-13 00:15:28,cust_8234372,SESV,personal_loan,24882,48,748,low,approved,24882,atm,false,123
app_20250113_00002016,2025-01-13 03:21:45,cust_6570170,ESMA,auto_loan,50597,72,669,medium,rejected,0,partner,true,138
app_20250113_00002017,2025-01-13 20:45:46,cust_2116820,DEHE,credit_card,19479,36,428,high,rejected,0,web,true,111
app_20250113_00002018,2025-01-13 12:37:53,cust_3247826,BENL,refinance,473038,120,751,low,rejected,0,atm,true,22
app_20250113_00002019,2025-01-13 10:39:36,cust_1042651,ESMA,business_loan,16874,60,576,medium,rejected,0,online_banking,false,123
app_20250113_00002020,2025-01-13 22:04:04,cust_6767739,NLAM,personal_loan,18113,30,612,medium,approved,18113,branch,false,447
app_20250113_00002021,2025-01-13 03:58:24,cust_4429526,CZPR,business_loan,17132,36,656,medium,approved,17132,atm,true,263
app_20250113_00002022,2025-01-13 04:28:57,cust_232358,ESMA,cash_loan,12497,18,738,low,approved,12497,partner,true,842
app_20250113_00002023,2025-01-13 06:33:36,cust_573399,GRRE,personal_loan,14101,12,664,medium,rejected,0,call_center,true,172
app_20250113_00002024,2025-01-13 22:08:14,cust_2110649,FRID,cash_loan,18279,42,758,low,rejected,0,call_center,false,171
app_20250113_00002025,2025-01-13 01:53:31,cust_7516541,GRRE,cash_loan,41805,42,717,low,approved,41805,mobile_app,true,860
app_20250113_00002026,2025-01-13 14:23:36,cust_9773216,ATVI,personal_loan,46830,48,636,medium,approved,46830,partner,false,164
app_20250113_00002027,2025-01-13 13:28:30,cust_4218241,FRID,mortgage,160896,300,466,high,rejected,0,partner,true,42
app_20250113_00002028,2025-01-13 05:18:45,cust_2236324,DEHE,business_loan,39237,60,482,high,rejected,0,online_banking,false,105
app_20250113_00002029,2025-01-13 03:25:16,cust_2903155,ITMI,mortgage,158115,180,744,low,approved,158115,atm,true,213
app_20250113_00002030,2025-01-13 14:30:45,cust_8429988,CZPR,auto_loan,53310,48,764,low,approved,53310,mobile,true,219
app_20250113_00002031,2025-01-13 14:49:38,cust_6300434,DEHE,personal_loan,24593,18,721,low,approved,24593,branch,true,80
app_20250113_00002032,2025-01-13 11:07:42,cust_8453370,BENL,cash_loan,39724,36,502,medium,rejected,0,online_banking,true,119
app_20250113_00002033,2025-01-13 14:02:29,cust_5832592,CZPR,cash_loan,2831,30,548,medium,rejected,0,atm,true,84
app_20250113_00002034,2025-01-13 10:43:24,cust_3044293,UKLO,education_loan,25826,60,543,medium,approved,25826,call_center,false,773
app_20250113_00002035,2025-01-13 15:11:37,cust_5854796,GRRE,business_loan,30220,36,705,low,approved,30220,mobile_app,false,268
app_20250113_00002036,2025-01-13 01:04:48,cust_2924490,FRID,credit_card,35070,18,666,medium,approved,35070,mobile,false,254
app_20250113_00002037,2025-01-13 19:06:00,cust_8828035,ATVI,education_loan,31990,12,621,medium,rejected,0,web,false,171
app_20250113_00002038,2025-01-13 13:43:43,cust_1476337,CZPR,credit_card,3868,12,682,medium,approved,3868,online_banking,false,680
app_20250113_00002039,2025-01-13 11:18:36,cust_5255586,ITMI,refinance,382013,120,719,low,approved,382013,call_center,false,716
app_20250113_00002040,2025-01-13 05:33:29,cust_5074127,PORP,cash_loan,19161,12,696,medium,approved,19161,atm,true,68
app_20250113_00002041,2025-01-13 22:36:08,cust_8638777,FRID,auto_loan,50583,60,818,low,approved,50583,call_center,false,390
app_20250113_00002042,2025-01-13 16:02:28,cust_6447886,NLAM,refinance,64532,360,804,low,approved,64532,web,false,121
app_20250113_00002043,2025-01-13 06:59:35,cust_2726782,PLWA,auto_loan,47693,36,797,low,approved,47693,mobile,false,845
app_20250113_00002044,2025-01-13 05:11:12,cust_7249003,DEHE,auto_loan,32776,48,659,medium,approved,32776,mobile_app,false,707
app_20250113_00002045,2025-01-13 02:29:57,cust_4557320,CHBE,refinance,425429,120,548,medium,approved,425429,partner,false,893
app_20250113_00002046,2025-01-13 14:21:05,cust_4694719,UKLO,personal_loan,19449,18,783,low,approved,19449,branch,false,84
app_20250113_00002047,2025-01-13 21:53:59,cust_8436534,AUTR,refinance,414503,360,530,medium,approved,414503,online_banking,true,883
app_20250113_00002048,2025-01-13 13:07:22,cust_7757905,ESMA,business_loan,10452,60,427,high,rejected,0,mobile,true,92
app_20250113_00002049,2025-01-13 16:09:44,cust_2470034,PLWA,cash_loan,8887,18,850,low,approved,8887,branch,false,261
app_20250113_00002050,2025-01-13 17:59:58,cust_3263699,NLAM,refinance,419436,180,740,low,approved,419436,online_banking,false,884
app_20250113_00002051,2025-01-13 18:44:37,cust_5591406,DEHE,credit_card,18101,36,470,high,rejected,0,mobile_app,true,32
app_20250113_00002052,2025-01-13 16:11:07,cust_6736914,ATVI,mortgage,332610,180,640,medium,approved,332610,mobile,false,141
app_20250113_00002053,2025-01-13 19:48:13,cust_3813300,ITMI,mortgage,328021,120,710,low,approved,328021,web,true,702
app_20250113_00002054,2025-01-13 20:41:06,cust_337530,PLWA,credit_card,29274,12,731,low,approved,29274,branch,true,276
app_20250113_00002055,2025-01-13 07:36:44,cust_5569502,FRID,personal_loan,16159,42,557,medium,rejected,0,partner,true,121
app_20250113_00002056,2025-01-13 07:55:17,cust_9917657,BENL,refinance,165091,180,448,high,approved,165091,atm,false,586
app_20250113_00002057,2025-01-13 10:45:32,cust_1026827,UKLO,cash_loan,2373,12,646,medium,approved,2373,atm,false,641
app_20250113_00002058,2025-01-13 18:29:58,cust_8690145,ITMI,cash_loan,48932,42,725,low,approved,48932,partner,true,109
app_20250113_00002059,2025-01-13 12:52:28,cust_2063344,PORP,credit_card,8712,42,472,high,rejected,0,web,true,92
app_20250113_00002060,2025-01-13 14:02:24,cust_8063677,NLAM,refinance,195210,120,644,medium,approved,195210,mobile_app,false,236
app_20250113_00002061,2025-01-13 12:37:14,cust_5302058,NLAM,cash_loan,30461,42,586,medium,rejected,0,mobile,false,58
app_20250113_00002062,2025-01-13 23:37:27,cust_309911,CHBE,business_loan,15839,48,514,medium,rejected,0,atm,false,101
app_20250113_00002063,2025-01-13 22:14:32,cust_6244882,GRRE,business_loan,12541,48,602,medium,approved,12541,online_banking,false,114
app_20250113_00002064,2025-01-13 21:39:16,cust_3371399,ATVI,business_loan,20823,36,452,high,rejected,0,mobile_app,false,98
app_20250113_00002065,2025-01-13 11:43:05,cust_7419022,NLAM,cash_loan,15378,12,799,low,approved,15378,mobile,false,647
app_20250113_00002066,2025-01-13 23:39:29,cust_623753,AUTR,personal_loan,27605,36,529,medium,rejected,0,call_center,false,67
app_20250113_00002067,2025-01-13 14:43:20,cust_2453216,CZPR,credit_card,18224,42,626,medium,rejected,0,call_center,true,174
app_20250113_00002068,2025-01-13 11:52:31,cust_5047129,SESV,cash_loan,26717,30,614,medium,approved,26717,online_banking,true,96
app_20250113_00002069,2025-01-13 02:18:55,cust_1265091,SESV,personal_loan,30441,42,572,medium,rejected,0,mobile,false,41
app_20250113_00002070,2025-01-13 05:49:52,cust_265834,SESV,credit_card,6293,24,732,low,approved,6293,branch,false,41
app_20250113_00002071,2025-01-13 16:46:13,cust_3435419,NLAM,education_loan,6176,36,639,medium,rejected,0,partner,false,178
app_20250113_00002072,2025-01-13 19:06:45,cust_6641239,BENL,business_loan,39205,60,850,low,approved,39205,partner,false,486
app_20250113_00002073,2025-01-13 06:02:19,cust_949683,GRRE,credit_card,38275,48,633,medium,approved,38275,partner,true,729
app_20250113_00002074,2025-01-13 19:54:43,cust_7291379,BENL,credit_card,3675,42,573,medium,approved,3675,web,true,203
app_20250113_00002075,2025-01-13 09:45:20,cust_139448,UKLO,refinance,280145,240,651,medium,rejected,0,web,true,5
app_20250113_00002076,2025-01-13 16:26:33,cust_203385,SESV,personal_loan,45195,24,754,low,approved,45195,mobile,true,861
app_20250113_00002077,2025-01-13 23:33:09,cust_6923502,ITMI,auto_loan,22580,60,664,medium,rejected,0,web,true,100
app_20250113_00002078,2025-01-13 16:40:19,cust_3733645,CZPR,credit_card,46898,42,547,medium,rejected,0,partner,false,86
app_20250113_00002079,2025-01-13 06:31:34,cust_8873872,ESMA,mortgage,199912,360,618,medium,approved,199912,call_center,true,589
app_20250113_00002080,2025-01-13 21:46:13,cust_5331473,CZPR,mortgage,169245,300,718,low,approved,169245,atm,true,853
app_20250113_00002081,2025-01-13 12:03:37,cust_8432173,AUTR,credit_card,33991,30,698,medium,approved,33991,call_center,false,46
app_20250113_00002082,2025-01-13 05:34:33,cust_3403836,FRID,cash_loan,46172,48,702,low,approved,46172,mobile_app,true,55
app_20250113_00002083,2025-01-13 04:16:31,cust_4288808,ESMA,personal_loan,26476,18,651,medium,approved,26476,call_center,false,650
app_20250113_00002084,2025-01-13 09:40:24,cust_5720611,GRRE,business_loan,10446,24,782,low,approved,10446,branch,true,165
app_20250113_00002085,2025-01-13 07:47:03,cust_6737752,AUTR,credit_card,11482,36,627,medium,rejected,0,online_banking,false,169
app_20250113_00002086,2025-01-13 20:19:36,cust_2341756,ATVI,mortgage,453800,360,645,medium,rejected,0,web,true,77
app_20250113_00002087,2025-01-13 04:46:40,cust_808490,CZPR,business_loan,23097,12,669,medium,rejected,0,online_banking,false,85
app_20250113_00002088,2025-01-13 03:05:48,cust_207491,ESMA,personal_loan,1300,12,739,low,approved,1300,partner,false,33
app_20250113_00002089,2025-01-13 05:19:50,cust_7409544,PLWA,refinance,95520,120,517,medium,approved,95520,call_center,true,784
app_20250113_00002090,2025-01-13 00:06:02,cust_2094747,NLAM,credit_card,38172,42,559,medium,rejected,0,web,false,25
app_20250113_00002091,2025-01-13 08:11:22,cust_2097877,PLWA,auto_loan,5836,48,703,low,approved,5836,partner,false,161
app_20250113_00002092,2025-01-13 03:40:35,cust_2950990,AUTR,mortgage,242635,180,789,low,approved,242635,call_center,true,582
app_20250113_00002093,2025-01-13 11:58:39,cust_2211829,PORP,credit_card,30900,42,850,low,approved,30900,mobile,true,285
app_20250113_00002094,2025-01-13 07:19:52,cust_7830611,GRRE,refinance,418008,240,700,low,approved,418008,partner,false,66
app_20250113_00002095,2025-01-13 16:20:33,cust_627768,FRID,business_loan,39750,48,437,high,rejected,0,online_banking,true,180
app_20250113_00002096,2025-01-13 21:09:55,cust_7287117,AUTR,business_loan,3732,24,497,high,rejected,0,mobile_app,true,151
app_20250113_00002097,2025-01-13 21:01:35,cust_7455847,GRRE,cash_loan,24410,48,709,low,approved,24410,web,false,116
app_20250113_00002098,2025-01-13 10:06:16,cust_9426041,FRID,mortgage,339645,360,642,medium,approved,339645,mobile_app,true,249
app_20250113_00002099,2025-01-13 14:26:50,cust_898544,PORP,mortgage,347324,300,542,medium,approved,347324,mobile_app,true,452
app_20250113_00002100,2025-01-13 11:09:55,cust_8612169,GRRE,credit_card,34212,18,688,medium,approved,34212,web,false,788
app_20250113_00002101,2025-01-13 08:25:46,cust_5727430,SESV,refinance,263378,240,772,low,approved,263378,online_banking,false,493
app_20250113_00002102,2025-01-13 19:30:14,cust_4637143,PLWA,auto_loan,52040,24,528,medium,rejected,0,branch,false,28
app_20250113_00002103,2025-01-13 02:48:22,cust_1669077,FRID,education_loan,30871,48,534,medium,approved,30871,partner,false,226
app_20250113_00002104,2025-01-13 15:13:53,cust_6686851,UKLO,auto_loan,56802,48,765,low,rejected,0,web,false,16
app_20250113_00002105,2025-01-13 22:57:51,cust_7928193,PORP,refinance,384540,240,726,low,approved,384540,atm,false,880
app_20250113_00002106,2025-01-13 14:39:03,cust_3436329,NLAM,business_loan,20567,48,408,high,rejected,0,branch,false,91
app_20250113_00002107,2025-01-13 23:44:50,cust_2935206,CZPR,mortgage,333163,120,850,low,approved,333163,online_banking,false,578
app_20250113_00002108,2025-01-13 05:28:52,cust_1364797,CHBE,mortgage,110630,300,630,medium,rejected,0,branch,true,61
app_20250113_00002109,2025-01-13 09:16:46,cust_1664063,UKLO,cash_loan,2306,42,598,medium,rejected,0,online_banking,true,39
app_20250113_00002110,2025-01-13 22:09:13,cust_4150182,UKLO,credit_card,11072,24,494,high,rejected,0,mobile_app,true,9
app_20250113_00002111,2025-01-13 11:17:51,cust_5208719,AUTR,credit_card,31892,12,725,low,approved,31892,call_center,true,649
app_20250113_00002112,2025-01-13 11:40:09,cust_5785256,ATVI,refinance,410181,300,619,medium,rejected,0,mobile,true,42
app_20250113_00002113,2025-01-13 05:17:23,cust_8092029,ATVI,cash_loan,47758,48,679,medium,rejected,0,web,false,88
app_20250113_00002114,2025-01-13 15:32:24,cust_7199481,PLWA,personal_loan,26970,48,532,medium,rejected,0,web,true,93
app_20250113_00002115,2025-01-13 04:15:51,cust_1063052,NLAM,education_loan,19136,60,643,medium,approved,19136,call_center,false,460
app_20250113_00002116,2025-01-13 15:40:37,cust_9796761,SESV,refinance,173729,120,736,low,approved,173729,partner,false,416
app_20250113_00002117,2025-01-13 18:42:14,cust_4763121,GRRE,credit_card,6415,36,498,high,rejected,0,partner,false,14
app_20250113_00002118,2025-01-13 13:29:10,cust_2555047,ESMA,credit_card,3441,30,643,medium,approved,3441,call_center,true,458
app_20250113_00002119,2025-01-13 10:55:38,cust_912791,DEHE,auto_loan,46596,36,722,low,approved,46596,branch,false,860
app_20250113_00002120,2025-01-13 13:22:35,cust_3069978,ESMA,education_loan,27828,48,724,low,approved,27828,web,true,331
app_20250113_00002121,2025-01-13 16:45:54,cust_3694155,UKLO,business_loan,5078,60,650,medium,approved,5078,call_center,true,84
app_20250113_00002122,2025-01-13 02:26:26,cust_2953541,PLWA,credit_card,26107,48,680,medium,approved,26107,partner,true,438
app_20250113_00002123,2025-01-13 15:02:40,cust_9923883,SESV,cash_loan,15682,36,556,medium,approved,15682,web,false,495
app_20250113_00002124,2025-01-13 13:10:19,cust_2196164,BENL,auto_loan,59309,36,776,low,approved,59309,atm,false,38
app_20250113_00002125,2025-01-13 17:00:18,cust_6218604,FRID,education_loan,11000,48,672,medium,rejected,0,partner,false,45
app_20250113_00002126,2025-01-13 03:16:36,cust_8464323,ITMI,personal_loan,4299,42,744,low,approved,4299,web,false,223
app_20250113_00002127,2025-01-13 01:44:06,cust_2029649,SESV,auto_loan,8178,36,626,medium,approved,8178,partner,true,785
app_20250113_00002128,2025-01-13 11:29:48,cust_8224845,SESV,credit_card,31894,42,561,medium,rejected,0,branch,false,16
app_20250113_00002129,2025-01-13 04:03:40,cust_9726717,AUTR,education_loan,34680,60,619,medium,approved,34680,partner,false,759
app_20250113_00002130,2025-01-13 21:04:14,cust_1503781,GRRE,refinance,283403,180,669,medium,approved,283403,mobile_app,true,880
app_20250113_00002131,2025-01-13 21:11:43,cust_5844289,SESV,education_loan,12645,24,777,low,approved,12645,online_banking,true,401
app_20250113_00002132,2025-01-13 10:49:48,cust_6482702,CZPR,personal_loan,36315,30,565,medium,approved,36315,call_center,false,316
app_20250113_00002133,2025-01-13 07:57:01,cust_4061867,ESMA,cash_loan,18748,30,655,medium,approved,18748,mobile_app,false,737
app_20250113_00002134,2025-01-13 14:54:04,cust_8803227,ESMA,credit_card,20801,30,729,low,approved,20801,call_center,true,88
app_20250113_00002135,2025-01-13 13:47:35,cust_6955148,UKLO,personal_loan,7567,36,681,medium,approved,7567,call_center,true,97
app_20250113_00002136,2025-01-13 04:28:30,cust_1858020,BENL,cash_loan,2528,36,670,medium,rejected,0,atm,false,82
app_20250113_00002137,2025-01-13 22:15:48,cust_4727691,ITMI,cash_loan,34042,42,618,medium,rejected,0,online_banking,true,144
app_20250113_00002138,2025-01-13 05:55:28,cust_2336836,FRID,credit_card,16019,42,657,medium,approved,16019,mobile_app,false,539
app_20250113_00002139,2025-01-13 03:25:37,cust_2468723,SESV,auto_loan,47697,36,645,medium,approved,47697,mobile,false,670
app_20250113_00002140,2025-01-13 09:56:10,cust_7262061,SESV,personal_loan,9634,24,589,medium,approved,9634,partner,true,344
app_20250113_00002141,2025-01-13 18:44:21,cust_1688284,ESMA,refinance,219080,180,758,low,approved,219080,partner,false,287
app_20250113_00002142,2025-01-13 16:53:28,cust_5308664,CHBE,mortgage,183760,180,575,medium,rejected,0,mobile,true,116
app_20250113_00002143,2025-01-13 04:37:59,cust_8572546,ESMA,cash_loan,49828,12,553,medium,rejected,0,call_center,false,112
app_20250113_00002144,2025-01-13 13:51:59,cust_318306,PLWA,education_loan,2785,48,567,medium,approved,2785,mobile,true,434
app_20250113_00002145,2025-01-13 12:04:33,cust_3640954,SESV,cash_loan,7925,12,754,low,approved,7925,mobile_app,false,745
app_20250113_00002146,2025-01-13 10:04:18,cust_7971057,PORP,business_loan,24680,36,600,medium,rejected,0,web,false,60
app_20250113_00002147,2025-01-13 06:20:50,cust_2515969,ITMI,cash_loan,35568,12,707,low,approved,35568,web,false,56
app_20250113_00002148,2025-01-13 18:00:45,cust_9204331,ITMI,education_loan,9566,48,535,medium,approved,9566,mobile,true,757
app_20250113_00002149,2025-01-13 11:39:14,cust_1130567,DEHE,mortgage,201963,120,638,medium,rejected,0,mobile,false,29
app_20250113_00002150,2025-01-13 19:48:14,cust_2387682,CZPR,refinance,376076,240,638,medium,rejected,0,mobile_app,true,153
app_20250113_00002151,2025-01-13 23:14:42,cust_6110175,DEHE,education_loan,30969,60,689,medium,approved,30969,call_center,false,874
app_20250113_00002152,2025-01-13 07:59:34,cust_6262778,DEHE,business_loan,22110,12,684,medium,rejected,0,partner,true,153
app_20250113_00002153,2025-01-13 17:16:29,cust_5105072,PORP,refinance,461205,240,698,medium,approved,461205,online_banking,false,165
app_20250113_00002154,2025-01-13 00:10:01,cust_466891,AUTR,cash_loan,38176,48,695,medium,approved,38176,partner,false,849
app_20250113_00002155,2025-01-13 06:52:44,cust_7280154,AUTR,credit_card,14157,48,631,medium,approved,14157,online_banking,true,300
app_20250113_00002156,2025-01-13 21:22:48,cust_6261765,PORP,cash_loan,8302,42,641,medium,rejected,0,mobile_app,true,13
app_20250113_00002157,2025-01-13 18:10:55,cust_2875687,UKLO,education_loan,7806,48,647,medium,rejected,0,online_banking,true,131
app_20250113_00002158,2025-01-13 18:25:21,cust_3612598,ATVI,business_loan,17538,36,759,low,approved,17538,mobile,true,422
app_20250113_00002159,2025-01-13 01:34:21,cust_9695045,ITMI,personal_loan,33360,12,738,low,approved,33360,mobile_app,true,138
app_20250113_00002160,2025-01-13 09:14:17,cust_852552,CHBE,credit_card,33045,48,652,medium,approved,33045,mobile_app,false,858
app_20250113_00002161,2025-01-13 17:41:31,cust_6387097,PORP,cash_loan,1472,36,736,low,approved,1472,web,true,451
app_20250113_00002162,2025-01-13 01:22:24,cust_307110,UKLO,cash_loan,6925,42,693,medium,approved,6925,call_center,false,625
app_20250113_00002163,2025-01-13 16:54:08,cust_9793944,ESMA,refinance,418208,180,640,medium,rejected,0,mobile_app,false,60
app_20250113_00002164,2025-01-13 06:30:19,cust_4711871,UKLO,credit_card,23654,18,850,low,rejected,0,branch,true,66
app_20250113_00002165,2025-01-13 19:49:56,cust_9311609,GRRE,refinance,480607,120,395,high,approved,480607,mobile,false,736
app_20250113_00002166,2025-01-13 03:19:13,cust_346844,CZPR,cash_loan,44446,18,736,low,rejected,0,branch,false,142
app_20250113_00002167,2025-01-13 23:43:07,cust_2139352,FRID,cash_loan,40771,12,642,medium,rejected,0,web,true,63
app_20250113_00002168,2025-01-13 09:54:32,cust_3440946,PLWA,refinance,252707,120,568,medium,approved,252707,branch,false,847
app_20250113_00002169,2025-01-13 08:51:33,cust_2373684,DEHE,cash_loan,29327,18,648,medium,approved,29327,branch,true,571
app_20250113_00002170,2025-01-13 13:59:45,cust_1618525,UKLO,credit_card,9537,18,706,low,approved,9537,mobile_app,true,300
app_20250113_00002171,2025-01-13 15:48:44,cust_1620870,UKLO,auto_loan,42270,36,613,medium,approved,42270,partner,true,437
app_20250113_00002172,2025-01-13 22:45:14,cust_3431790,NLAM,credit_card,47904,36,715,low,approved,47904,call_center,false,387
app_20250113_00002173,2025-01-13 12:32:47,cust_7276839,CHBE,business_loan,12639,48,617,medium,rejected,0,partner,true,69
app_20250113_00002174,2025-01-13 17:58:00,cust_1444135,FRID,mortgage,483947,120,689,medium,rejected,0,mobile,false,21
app_20250113_00002175,2025-01-13 19:47:39,cust_1751344,CHBE,credit_card,11209,48,594,medium,rejected,0,online_banking,false,124
app_20250113_00002176,2025-01-13 15:36:02,cust_1508631,GRRE,business_loan,35130,12,598,medium,approved,35130,call_center,false,542
app_20250113_00002177,2025-01-13 22:34:23,cust_6701332,FRID,mortgage,385014,300,795,low,approved,385014,partner,false,49
app_20250113_00002178,2025-01-13 23:06:23,cust_5561339,PLWA,mortgage,198516,120,635,medium,approved,198516,mobile,true,331
app_20250113_00002179,2025-01-13 12:39:42,cust_8478446,UKLO,mortgage,165905,240,693,medium,approved,165905,call_center,false,136
app_20250113_00002180,2025-01-13 08:26:08,cust_1110660,PORP,mortgage,168169,300,733,low,approved,168169,mobile,false,798
app_20250113_00002181,2025-01-13 23:51:42,cust_8401990,DEHE,mortgage,161592,360,633,medium,approved,161592,web,true,762
app_20250113_00002182,2025-01-13 10:00:25,cust_6361254,SESV,credit_card,42811,24,694,medium,approved,42811,partner,false,458
app_20250113_00002183,2025-01-13 04:30:11,cust_4960822,ESMA,personal_loan,39448,18,767,low,approved,39448,mobile,true,504
app_20250113_00002184,2025-01-13 23:41:39,cust_6125819,ATVI,credit_card,27175,48,585,medium,approved,27175,mobile,true,84
app_20250113_00002185,2025-01-13 01:41:27,cust_2759092,FRID,personal_loan,48169,24,850,low,approved,48169,call_center,true,838
app_20250113_00002186,2025-01-13 05:26:17,cust_2759400,ESMA,mortgage,260329,120,631,medium,approved,260329,online_banking,false,587
app_20250113_00002187,2025-01-13 16:44:16,cust_4558293,AUTR,mortgage,289992,180,674,medium,approved,289992,partner,true,639
app_20250113_00002188,2025-01-13 08:58:42,cust_8595683,CZPR,education_loan,10853,60,759,low,approved,10853,mobile,true,166
app_20250113_00002189,2025-01-13 22:02:00,cust_4818587,UKLO,personal_loan,3993,48,645,medium,approved,3993,branch,false,176
app_20250113_00002190,2025-01-13 07:28:21,cust_2923563,ESMA,business_loan,26097,12,740,low,approved,26097,web,true,342
app_20250113_00002191,2025-01-13 14:15:14,cust_2492527,DEHE,auto_loan,55810,36,645,medium,approved,55810,branch,false,718
app_20250113_00002192,2025-01-13 01:21:24,cust_9424028,ESMA,business_loan,36882,60,835,low,approved,36882,mobile_app,false,110
app_20250113_00002193,2025-01-13 22:04:22,cust_170513,NLAM,personal_loan,35161,30,535,medium,rejected,0,online_banking,false,13
app_20250113_00002194,2025-01-13 03:25:29,cust_7064238,PLWA,refinance,191149,240,673,medium,approved,191149,mobile_app,false,73
app_20250113_00002195,2025-01-13 13:11:30,cust_1036272,PLWA,education_loan,28719,60,590,medium,rejected,0,partner,true,41
app_20250113_00002196,2025-01-13 12:53:04,cust_9428123,FRID,education_loan,20294,36,712,low,rejected,0,atm,false,76
app_20250113_00002197,2025-01-13 18:05:30,cust_6534167,ITMI,personal_loan,47584,12,496,high,rejected,0,web,true,53
app_20250113_00002198,2025-01-13 20:32:14,cust_6106673,UKLO,education_loan,37115,48,763,low,approved,37115,call_center,true,132
app_20250113_00002199,2025-01-13 20:21:02,cust_4864926,DEHE,education_loan,32666,60,767,low,rejected,0,web,true,39
app_20250113_00002200,2025-01-13 16:00:17,cust_8370334,ATVI,education_loan,5566,36,801,low,approved,5566,call_center,true,314
app_20250113_00002201,2025-01-13 04:17:10,cust_5737817,DEHE,mortgage,245306,300,617,medium,approved,245306,mobile_app,true,341
app_20250113_00002202,2025-01-13 21:33:23,cust_3863047,FRID,education_loan,26343,48,644,medium,rejected,0,mobile,false,79
app_20250113_00002203,2025-01-13 19:49:25,cust_6065076,BENL,mortgage,321140,120,691,medium,approved,321140,atm,true,579
app_20250113_00002204,2025-01-13 19:23:12,cust_9039826,ESMA,cash_loan,37429,30,568,medium,rejected,0,mobile,true,135
app_20250113_00002205,2025-01-13 12:38:42,cust_7761140,UKLO,refinance,396223,300,701,low,approved,396223,mobile,false,806
app_20250113_00002206,2025-01-13 11:42:44,cust_1134617,CHBE,cash_loan,16227,12,683,medium,approved,16227,online_banking,true,370
app_20250113_00002207,2025-01-13 13:31:38,cust_7834102,NLAM,credit_card,35385,36,605,medium,approved,35385,branch,false,547
app_20250113_00002208,2025-01-13 12:36:21,cust_7140362,PLWA,mortgage,355387,240,675,medium,approved,355387,atm,true,608
app_20250113_00002209,2025-01-13 05:23:02,cust_8586639,CHBE,cash_loan,24618,36,685,medium,rejected,0,branch,true,94
app_20250113_00002210,2025-01-13 09:36:38,cust_9443929,NLAM,business_loan,2478,60,746,low,approved,2478,mobile_app,false,495
app_20250113_00002211,2025-01-13 23:36:43,cust_1040548,AUTR,education_loan,18369,60,532,medium,approved,18369,branch,true,404
app_20250113_00002212,2025-01-13 19:51:28,cust_202154,ATVI,refinance,237259,300,665,medium,approved,237259,online_banking,false,336
app_20250113_00002213,2025-01-13 16:53:38,cust_5482804,NLAM,refinance,70208,360,568,medium,rejected,0,web,true,47
app_20250113_00002214,2025-01-13 00:46:33,cust_2575952,GRRE,personal_loan,30659,18,627,medium,rejected,0,branch,false,82
app_20250113_00002215,2025-01-13 14:01:28,cust_2982054,DEHE,education_loan,36969,48,668,medium,approved,36969,mobile,true,106
app_20250113_00002216,2025-01-13 06:53:46,cust_7444275,CHBE,personal_loan,23821,18,674,medium,approved,23821,mobile,false,775
app_20250113_00002217,2025-01-13 00:34:20,cust_2348246,UKLO,mortgage,77941,360,468,high,rejected,0,atm,true,91
app_20250113_00002218,2025-01-13 20:09:08,cust_1280450,GRRE,business_loan,18609,12,667,medium,rejected,0,web,true,20
app_20250113_00002219,2025-01-13 05:15:45,cust_9047276,UKLO,refinance,363522,180,560,medium,approved,363522,mobile_app,true,178
app_20250113_00002220,2025-01-13 21:09:41,cust_2845394,PORP,auto_loan,22048,24,549,medium,approved,22048,mobile_app,false,509
app_20250113_00002221,2025-01-13 14:27:49,cust_4127454,BENL,personal_loan,33110,12,409,high,rejected,0,online_banking,true,133
app_20250113_00002222,2025-01-13 17:05:29,cust_2700149,BENL,education_loan,24916,60,637,medium,rejected,0,web,false,58
app_20250113_00002223,2025-01-13 22:52:06,cust_3600039,CHBE,credit_card,47489,36,606,medium,rejected,0,web,false,24
app_20250113_00002224,2025-01-13 23:24:30,cust_5356395,GRRE,credit_card,16168,12,676,medium,rejected,0,online_banking,false,156
app_20250113_00002225,2025-01-13 23:02:33,cust_9538797,FRID,refinance,172410,180,636,medium,rejected,0,web,false,158
app_20250113_00002226,2025-01-13 16:56:42,cust_7458459,SESV,education_loan,2848,60,676,medium,rejected,0,mobile_app,false,162
app_20250113_00002227,2025-01-13 09:08:19,cust_8604805,AUTR,credit_card,25826,42,586,medium,rejected,0,call_center,true,164
app_20250113_00002228,2025-01-13 19:10:29,cust_2453661,BENL,auto_loan,32838,36,491,high,approved,32838,online_banking,true,383
app_20250113_00002229,2025-01-13 02:38:33,cust_4674900,UKLO,auto_loan,18246,36,498,high,rejected,0,mobile,true,147
app_20250113_00002230,2025-01-13 23:19:07,cust_7907653,FRID,business_loan,28537,36,818,low,approved,28537,atm,true,36
app_20250113_00002231,2025-01-13 13:30:22,cust_8438242,ATVI,education_loan,6795,36,635,medium,approved,6795,online_banking,false,319
app_20250113_00002232,2025-01-13 06:11:34,cust_5822854,ITMI,education_loan,36347,60,707,low,approved,36347,web,true,499
app_20250113_00002233,2025-01-13 01:13:12,cust_1634579,AUTR,education_loan,10618,24,665,medium,rejected,0,branch,true,153
app_20250113_00002234,2025-01-13 17:48:02,cust_1336423,ITMI,credit_card,41462,36,571,medium,rejected,0,web,false,155
app_20250113_00002235,2025-01-13 06:21:37,cust_510581,CZPR,refinance,491860,360,629,medium,approved,491860,web,false,594
app_20250113_00002236,2025-01-13 21:23:21,cust_1494952,SESV,personal_loan,3656,30,618,medium,approved,3656,atm,true,826
app_20250113_00002237,2025-01-13 13:54:32,cust_7994764,ITMI,credit_card,28546,48,850,low,approved,28546,web,false,217
app_20250113_00002238,2025-01-13 02:14:20,cust_8401301,CZPR,personal_loan,9535,42,570,medium,approved,9535,partner,false,202
app_20250113_00002239,2025-01-13 18:56:58,cust_4816677,BENL,personal_loan,17460,42,637,medium,approved,17460,call_center,false,723
app_20250113_00002240,2025-01-13 01:46:06,cust_160314,PORP,business_loan,30429,48,688,medium,rejected,0,online_banking,true,28
app_20250113_00002241,2025-01-13 22:03:27,cust_5897173,PLWA,mortgage,116010,120,675,medium,rejected,0,mobile,false,11
app_20250113_00002242,2025-01-13 15:57:06,cust_5153523,ATVI,personal_loan,21930,24,830,low,rejected,0,mobile,false,138
app_20250113_00002243,2025-01-13 19:48:57,cust_2503942,DEHE,credit_card,7328,42,758,low,approved,7328,partner,true,485
app_20250113_00002244,2025-01-13 22:08:28,cust_6227663,GRRE,cash_loan,37226,18,562,medium,approved,37226,call_center,true,223
app_20250113_00002245,2025-01-13 09:07:00,cust_717840,CZPR,mortgage,121317,120,617,medium,approved,121317,call_center,false,655
app_20250113_00002246,2025-01-13 18:13:21,cust_5647457,AUTR,business_loan,17263,60,544,medium,approved,17263,branch,true,290
app_20250113_00002247,2025-01-13 17:58:26,cust_4067953,ESMA,business_loan,19034,60,683,medium,approved,19034,call_center,false,784
app_20250113_00002248,2025-01-13 03:34:55,cust_175690,CZPR,cash_loan,24515,18,521,medium,approved,24515,web,true,871
app_20250113_00002249,2025-01-13 03:34:48,cust_2134791,ESMA,business_loan,21259,12,666,medium,approved,21259,partner,true,839
app_20250113_00002250,2025-01-13 21:16:56,cust_8205451,DEHE,cash_loan,21893,36,696,medium,approved,21893,web,true,99
app_20250113_00002251,2025-01-13 14:04:52,cust_3010942,AUTR,cash_loan,24016,30,525,medium,approved,24016,branch,false,780
app_20250113_00002252,2025-01-13 15:54:15,cust_3955310,ATVI,education_loan,25180,24,691,medium,approved,25180,mobile,true,470
app_20250113_00002253,2025-01-13 08:50:44,cust_1283726,BENL,education_loan,13349,60,597,medium,rejected,0,partner,true,20
app_20250113_00002254,2025-01-13 09:31:30,cust_671676,ATVI,cash_loan,23514,42,567,medium,approved,23514,online_banking,false,106
app_20250113_00002255,2025-01-13 23:07:06,cust_7619598,ATVI,education_loan,20187,48,525,medium,approved,20187,call_center,false,844
app_20250113_00002256,2025-01-13 06:15:29,cust_1699353,ESMA,education_loan,39062,36,621,medium,approved,39062,mobile_app,true,179
app_20250113_00002257,2025-01-13 21:51:24,cust_9655019,UKLO,refinance,428481,240,609,medium,rejected,0,mobile,true,92
app_20250113_00002258,2025-01-13 21:42:16,cust_1596448,PORP,business_loan,9822,24,786,low,approved,9822,online_banking,false,844
app_20250113_00002259,2025-01-13 11:04:22,cust_6816799,UKLO,business_loan,20796,36,710,low,rejected,0,call_center,false,72
app_20250113_00002260,2025-01-13 15:08:07,cust_9027949,PORP,mortgage,70727,300,654,medium,approved,70727,mobile_app,false,800
app_20250113_00002261,2025-01-13 04:02:16,cust_7457965,ITMI,credit_card,48894,42,711,low,approved,48894,branch,true,641
app_20250113_00002262,2025-01-13 14:45:01,cust_8338879,FRID,mortgage,133911,240,767,low,approved,133911,web,true,756
app_20250113_00002263,2025-01-13 19:58:17,cust_7375620,CHBE,education_loan,19768,36,683,medium,approved,19768,web,false,320
app_20250113_00002264,2025-01-13 20:57:46,cust_5848382,CHBE,personal_loan,18106,42,701,low,approved,18106,online_banking,true,709
app_20250113_00002265,2025-01-13 23:05:58,cust_895025,CZPR,cash_loan,24717,42,843,low,approved,24717,online_banking,true,45
app_20250113_00002266,2025-01-13 02:56:00,cust_7193945,FRID,refinance,225974,180,548,medium,approved,225974,web,true,70
app_20250113_00002267,2025-01-13 22:25:49,cust_7478592,GRRE,cash_loan,33648,42,619,medium,approved,33648,mobile,false,318
app_20250113_00002268,2025-01-13 12:53:45,cust_3677761,PORP,mortgage,415027,120,444,high,rejected,0,online_banking,false,107
app_20250113_00002269,2025-01-13 22:33:24,cust_8127560,ATVI,education_loan,24243,24,850,low,approved,24243,web,false,581
app_20250113_00002270,2025-01-13 19:23:53,cust_6745853,PORP,personal_loan,36072,30,594,medium,rejected,0,web,false,10
app_20250113_00002271,2025-01-13 11:36:06,cust_3940927,PLWA,personal_loan,49337,48,850,low,approved,49337,branch,true,377
app_20250113_00002272,2025-01-13 10:43:44,cust_9603801,CZPR,education_loan,22698,12,640,medium,approved,22698,call_center,true,723
app_20250113_00002273,2025-01-13 16:12:40,cust_695375,SESV,refinance,157453,240,660,medium,rejected,0,call_center,true,180
app_20250113_00002274,2025-01-13 13:14:19,cust_5755674,ITMI,auto_loan,22834,36,667,medium,approved,22834,call_center,true,595
app_20250113_00002275,2025-01-13 12:47:22,cust_5804226,PORP,business_loan,27603,48,792,low,approved,27603,call_center,false,850
app_20250113_00002276,2025-01-13 10:55:59,cust_8158793,GRRE,education_loan,9279,24,827,low,approved,9279,web,false,199
app_20250113_00002277,2025-01-13 09:22:57,cust_8356310,ITMI,auto_loan,37515,36,708,low,approved,37515,branch,false,447
app_20250113_00002278,2025-01-13 15:32:53,cust_1361914,CZPR,personal_loan,24628,12,574,medium,approved,24628,mobile_app,false,826
app_20250113_00002279,2025-01-13 17:19:42,cust_8299488,PLWA,mortgage,102523,300,653,medium,rejected,0,branch,false,38
app_20250113_00002280,2025-01-13 17:34:32,cust_1262449,ESMA,personal_loan,22742,36,708,low,approved,22742,call_center,true,821
app_20250113_00002281,2025-01-13 05:07:11,cust_9016013,ITMI,credit_card,48256,18,524,medium,approved,48256,online_banking,true,218
app_20250113_00002282,2025-01-13 09:50:07,cust_3224984,GRRE,personal_loan,47923,30,581,medium,rejected,0,web,false,137
app_20250113_00002283,2025-01-13 01:59:30,cust_3106747,PORP,business_loan,23394,48,668,medium,approved,23394,mobile_app,false,288
app_20250113_00002284,2025-01-13 14:42:48,cust_1476751,AUTR,personal_loan,14526,42,420,high,rejected,0,atm,true,89
app_20250113_00002285,2025-01-13 12:07:47,cust_2749653,ESMA,auto_loan,41350,36,531,medium,approved,41350,mobile,true,303
app_20250113_00002286,2025-01-13 14:14:38,cust_6912569,CHBE,education_loan,14014,36,654,medium,rejected,0,mobile_app,false,117
app_20250113_00002287,2025-01-13 01:58:02,cust_9829826,CZPR,auto_loan,28088,24,471,high,rejected,0,branch,false,7
app_20250113_00002288,2025-01-13 17:59:47,cust_5355950,PORP,refinance,284327,120,650,medium,approved,284327,call_center,true,487
app_20250113_00002289,2025-01-13 06:01:38,cust_3704695,UKLO,cash_loan,27925,18,704,low,approved,27925,branch,true,620
app_20250113_00002290,2025-01-13 22:10:00,cust_2210334,UKLO,business_loan,14422,36,847,low,approved,14422,branch,true,455
app_20250113_00002291,2025-01-13 17:33:08,cust_2576364,ESMA,cash_loan,23341,30,690,medium,rejected,0,branch,false,31
app_20250113_00002292,2025-01-13 20:00:38,cust_2013222,FRID,cash_loan,3443,36,701,low,approved,3443,call_center,true,488
app_20250113_00002293,2025-01-13 06:26:20,cust_2917648,ATVI,business_loan,28686,12,547,medium,approved,28686,online_banking,true,76
app_20250113_00002294,2025-01-13 16:46:48,cust_7738066,FRID,refinance,431219,240,732,low,approved,431219,partner,true,815
app_20250113_00002295,2025-01-13 04:26:35,cust_8212152,PORP,business_loan,37324,24,648,medium,approved,37324,online_banking,false,865
app_20250113_00002296,2025-01-13 22:13:58,cust_1691227,ATVI,mortgage,102857,120,637,medium,approved,102857,online_banking,false,846
app_20250113_00002297,2025-01-13 03:50:10,cust_4374457,GRRE,business_loan,26085,36,789,low,approved,26085,online_banking,false,577
app_20250113_00002298,2025-01-13 11:04:01,cust_817764,CHBE,auto_loan,17812,36,639,medium,rejected,0,atm,false,74
app_20250113_00002299,2025-01-13 12:26:31,cust_4513432,AUTR,cash_loan,37230,42,596,medium,approved,37230,mobile,false,314
app_20250113_00002300,2025-01-13 01:12:20,cust_3957372,UKLO,refinance,242474,300,690,medium,approved,242474,online_banking,false,115
app_20250113_00002301,2025-01-13 11:13:22,cust_4246316,GRRE,mortgage,467014,180,638,medium,rejected,0,branch,false,16
app_20250113_00002302,2025-01-13 09:28:17,cust_9558247,CZPR,refinance,435258,300,595,medium,rejected,0,call_center,true,72
app_20250113_00002303,2025-01-13 12:23:47,cust_2855392,NLAM,credit_card,25803,30,652,medium,approved,25803,call_center,true,105
app_20250113_00002304,2025-01-13 23:40:03,cust_9392541,ESMA,mortgage,466895,300,621,medium,approved,466895,atm,true,298
app_20250113_00002305,2025-01-13 01:01:00,cust_2599155,UKLO,refinance,374650,360,552,medium,approved,374650,online_banking,false,642
app_20250113_00002306,2025-01-13 15:55:41,cust_9347520,CHBE,education_loan,39627,48,709,low,approved,39627,online_banking,false,423
app_20250113_00002307,2025-01-13 13:22:04,cust_9506480,CZPR,credit_card,6890,24,769,low,approved,6890,call_center,false,356
app_20250113_00002308,2025-01-13 15:44:11,cust_5736649,CHBE,cash_loan,45997,18,664,medium,approved,45997,branch,false,373
app_20250113_00002309,2025-01-13 09:56:03,cust_7321205,DEHE,cash_loan,1468,36,663,medium,approved,1468,atm,false,885
app_20250113_00002310,2025-01-13 02:17:54,cust_1382726,CZPR,mortgage,399863,240,552,medium,approved,399863,mobile_app,false,810
app_20250113_00002311,2025-01-13 07:18:15,cust_2543282,AUTR,refinance,133090,180,519,medium,approved,133090,call_center,true,146
app_20250113_00002312,2025-01-13 15:13:57,cust_8671936,CZPR,education_loan,8225,24,638,medium,approved,8225,web,false,796
app_20250113_00002313,2025-01-13 03:46:09,cust_7154301,DEHE,education_loan,22905,48,774,low,approved,22905,mobile_app,true,165
app_20250113_00002314,2025-01-13 19:26:39,cust_8235868,ITMI,cash_loan,34322,42,776,low,approved,34322,branch,true,243
app_20250113_00002315,2025-01-13 21:00:24,cust_8178781,ITMI,cash_loan,34677,12,850,low,approved,34677,call_center,false,226
app_20250113_00002316,2025-01-13 03:01:43,cust_2678810,ESMA,cash_loan,19646,18,667,medium,approved,19646,call_center,true,334
app_20250113_00002317,2025-01-13 01:55:01,cust_1540830,FRID,business_loan,37774,60,766,low,rejected,0,atm,false,109
app_20250113_00002318,2025-01-13 08:07:40,cust_7891864,CZPR,business_loan,21313,60,586,medium,rejected,0,web,true,142
app_20250113_00002319,2025-01-13 20:58:44,cust_5990334,ITMI,refinance,152923,240,850,low,approved,152923,atm,true,731
app_20250113_00002320,2025-01-13 09:39:45,cust_7227063,GRRE,cash_loan,42511,18,626,medium,approved,42511,atm,false,127
app_20250113_00002321,2025-01-13 01:44:11,cust_9925409,ESMA,refinance,202259,180,612,medium,approved,202259,atm,false,241
app_20250113_00002322,2025-01-13 01:02:48,cust_3066357,ITMI,refinance,487401,240,502,medium,rejected,0,atm,true,73
app_20250113_00002323,2025-01-13 20:29:34,cust_7244652,ITMI,cash_loan,2264,30,655,medium,approved,2264,call_center,false,664
app_20250113_00002324,2025-01-13 16:48:06,cust_1657203,FRID,auto_loan,29515,48,709,low,approved,29515,call_center,true,133
app_20250113_00002325,2025-01-13 13:50:59,cust_9659250,ATVI,cash_loan,46402,48,575,medium,rejected,0,call_center,true,81
app_20250113_00002326,2025-01-13 14:45:54,cust_1720855,GRRE,cash_loan,12644,42,522,medium,rejected,0,mobile,true,38
app_20250113_00002327,2025-01-13 16:48:05,cust_7381095,GRRE,refinance,460249,180,648,medium,rejected,0,atm,false,81
app_20250113_00002328,2025-01-13 15:08:45,cust_3584279,DEHE,personal_loan,25942,24,784,low,approved,25942,partner,false,649
app_20250113_00002329,2025-01-13 21:57:13,cust_6792879,SESV,refinance,364605,300,819,low,approved,364605,mobile,true,290
app_20250113_00002330,2025-01-13 15:01:18,cust_1201168,SESV,credit_card,41629,18,535,medium,rejected,0,mobile_app,false,156
app_20250113_00002331,2025-01-13 21:05:07,cust_564673,FRID,personal_loan,16173,24,602,medium,approved,16173,web,false,320
app_20250113_00002332,2025-01-13 05:08:35,cust_175306,BENL,business_loan,10071,60,606,medium,approved,10071,online_banking,false,620
app_20250113_00002333,2025-01-13 16:50:34,cust_2987717,ATVI,cash_loan,31445,12,619,medium,approved,31445,online_banking,true,233
app_20250113_00002334,2025-01-13 20:06:29,cust_1239287,SESV,refinance,491542,240,692,medium,approved,491542,call_center,true,650
app_20250113_00002335,2025-01-13 04:46:48,cust_1142873,CZPR,auto_loan,7033,60,808,low,approved,7033,mobile,true,390
app_20250113_00002336,2025-01-13 04:45:19,cust_3999247,UKLO,refinance,395083,300,713,low,approved,395083,mobile,false,295
app_20250113_00002337,2025-01-13 23:20:07,cust_9040813,NLAM,education_loan,10498,12,678,medium,approved,10498,web,false,281
app_20250113_00002338,2025-01-13 12:18:27,cust_3088092,ESMA,personal_loan,32205,42,627,medium,approved,32205,mobile,false,105
app_20250113_00002339,2025-01-13 22:35:34,cust_3663946,CHBE,personal_loan,41688,30,650,medium,approved,41688,call_center,true,580
app_20250113_00002340,2025-01-13 17:38:19,cust_8661191,NLAM,credit_card,35746,12,528,medium,approved,35746,partner,false,746
app_20250113_00002341,2025-01-13 23:31:15,cust_2929856,ESMA,cash_loan,28517,30,671,medium,rejected,0,atm,false,15
app_20250113_00002342,2025-01-13 20:54:32,cust_8510520,PORP,business_loan,11491,12,668,medium,approved,11491,call_center,false,617
app_20250113_00002343,2025-01-13 23:35:40,cust_497541,UKLO,refinance,445613,240,460,high,rejected,0,mobile_app,false,169
app_20250113_00002344,2025-01-13 16:00:50,cust_9879280,NLAM,education_loan,13616,60,506,medium,approved,13616,web,false,839
app_20250113_00002345,2025-01-13 03:30:25,cust_4592347,CZPR,cash_loan,5830,42,608,medium,approved,5830,mobile,true,172
app_20250113_00002346,2025-01-13 03:21:04,cust_3694231,PORP,cash_loan,11062,24,787,low,approved,11062,partner,false,738
app_20250113_00002347,2025-01-13 14:26:48,cust_9015468,CZPR,refinance,96370,240,535,medium,approved,96370,web,false,639
app_20250113_00002348,2025-01-13 22:45:45,cust_3995422,NLAM,cash_loan,33258,30,784,low,rejected,0,mobile,false,23
app_20250113_00002349,2025-01-13 16:56:35,cust_387817,NLAM,credit_card,16695,48,663,medium,rejected,0,mobile_app,true,87
app_20250113_00002350,2025-01-13 01:41:53,cust_483797,PORP,business_loan,31191,60,690,medium,rejected,0,mobile_app,true,133
app_20250113_00002351,2025-01-13 21:34:29,cust_1065613,UKLO,credit_card,11928,12,631,medium,approved,11928,mobile_app,true,746
app_20250113_00002352,2025-01-13 20:47:44,cust_7054367,CHBE,mortgage,281575,120,711,low,approved,281575,online_banking,true,91
app_20250113_00002353,2025-01-13 08:43:02,cust_9392684,ATVI,credit_card,5540,42,716,low,approved,5540,mobile_app,true,874
app_20250113_00002354,2025-01-13 01:34:43,cust_5621514,ITMI,education_loan,12158,48,404,high,rejected,0,online_banking,false,9
app_20250113_00002355,2025-01-13 10:08:58,cust_1307612,UKLO,auto_loan,11713,24,744,low,approved,11713,call_center,false,400
app_20250113_00002356,2025-01-13 20:55:03,cust_893769,CZPR,refinance,158972,120,800,low,approved,158972,atm,false,91
app_20250113_00002357,2025-01-13 02:28:48,cust_9771494,CZPR,credit_card,42604,42,499,high,rejected,0,call_center,true,45
app_20250113_00002358,2025-01-13 13:24:22,cust_4162638,GRRE,credit_card,47300,24,659,medium,approved,47300,partner,true,764
app_20250113_00002359,2025-01-13 11:43:40,cust_9709791,CZPR,education_loan,18975,36,652,medium,approved,18975,branch,false,468
app_20250113_00002360,2025-01-13 22:12:18,cust_370654,AUTR,personal_loan,48680,48,618,medium,approved,48680,atm,false,506
app_20250113_00002361,2025-01-13 16:15:29,cust_4125221,DEHE,personal_loan,14857,12,689,medium,rejected,0,mobile_app,true,121
app_20250113_00002362,2025-01-13 05:06:51,cust_4969666,NLAM,refinance,107829,180,670,medium,approved,107829,mobile_app,false,338
app_20250113_00002363,2025-01-13 21:09:16,cust_4003909,AUTR,auto_loan,48163,72,763,low,approved,48163,atm,true,828
app_20250113_00002364,2025-01-13 20:51:50,cust_1354940,UKLO,cash_loan,14406,12,729,low,approved,14406,web,true,570
app_20250113_00002365,2025-01-13 23:34:53,cust_856799,DEHE,cash_loan,31580,12,640,medium,approved,31580,partner,false,277
app_20250113_00002366,2025-01-13 02:21:11,cust_3899467,FRID,mortgage,255473,300,558,medium,rejected,0,online_banking,false,33
app_20250113_00002367,2025-01-13 03:59:11,cust_3961159,UKLO,auto_loan,53284,36,622,medium,approved,53284,partner,true,115
app_20250113_00002368,2025-01-13 02:52:49,cust_6470479,FRID,credit_card,31900,48,777,low,rejected,0,atm,true,148
app_20250113_00002369,2025-01-13 08:06:33,cust_9684547,CZPR,mortgage,198273,180,631,medium,approved,198273,call_center,false,886
app_20250113_00002370,2025-01-13 15:20:05,cust_4264505,ESMA,business_loan,13878,12,635,medium,approved,13878,partner,true,295
app_20250113_00002371,2025-01-13 07:16:42,cust_4376089,ATVI,cash_loan,38918,42,551,medium,rejected,0,mobile,false,24
app_20250113_00002372,2025-01-13 00:05:43,cust_9125930,CZPR,mortgage,461992,120,791,low,approved,461992,branch,false,583
app_20250113_00002373,2025-01-13 20:42:18,cust_4648044,ITMI,business_loan,13096,24,754,low,approved,13096,mobile_app,false,573
app_20250113_00002374,2025-01-13 08:53:56,cust_4801263,BENL,education_loan,4941,48,621,medium,approved,4941,partner,true,420
app_20250113_00002375,2025-01-13 22:13:52,cust_1050084,GRRE,education_loan,2205,24,579,medium,rejected,0,atm,false,79
app_20250113_00002376,2025-01-13 07:58:11,cust_7470624,ITMI,refinance,457165,300,542,medium,approved,457165,branch,false,541
app_20250113_00002377,2025-01-13 19:08:38,cust_1865813,DEHE,cash_loan,10748,42,650,medium,approved,10748,mobile,false,199
app_20250113_00002378,2025-01-13 20:20:06,cust_2052289,SESV,mortgage,99767,180,582,medium,rejected,0,mobile,true,106
app_20250113_00002379,2025-01-13 19:37:59,cust_6427942,CZPR,cash_loan,38823,12,774,low,approved,38823,web,true,351
app_20250113_00002380,2025-01-13 16:00:31,cust_7867620,NLAM,refinance,483491,180,804,low,approved,483491,mobile,false,868
app_20250113_00002381,2025-01-13 08:20:06,cust_783281,ESMA,credit_card,39210,30,467,high,rejected,0,partner,false,88
app_20250113_00002382,2025-01-13 02:27:10,cust_427717,GRRE,auto_loan,9048,24,669,medium,approved,9048,call_center,true,355
app_20250113_00002383,2025-01-13 10:38:05,cust_1120218,BENL,refinance,221456,120,724,low,approved,221456,online_banking,false,381
app_20250113_00002384,2025-01-13 02:29:35,cust_2418572,AUTR,education_loan,25205,12,594,medium,rejected,0,call_center,true,15
app_20250113_00002385,2025-01-13 18:15:19,cust_6462410,PORP,business_loan,37711,36,705,low,rejected,0,atm,false,86
app_20250113_00002386,2025-01-13 20:54:40,cust_2003317,ATVI,personal_loan,49901,42,821,low,approved,49901,mobile,true,726
app_20250113_00002387,2025-01-13 09:19:51,cust_8164207,UKLO,auto_loan,43636,36,672,medium,approved,43636,mobile_app,true,577
app_20250113_00002388,2025-01-13 13:29:31,cust_3073294,UKLO,mortgage,427681,120,544,medium,rejected,0,atm,false,130
app_20250113_00002389,2025-01-13 08:00:43,cust_8215850,DEHE,education_loan,24767,12,606,medium,approved,24767,atm,false,158
app_20250113_00002390,2025-01-13 01:55:34,cust_1104891,ESMA,refinance,417826,360,699,medium,approved,417826,partner,true,378
app_20250113_00002391,2025-01-13 00:11:23,cust_6968961,PORP,business_loan,2576,60,682,medium,approved,2576,partner,false,417
app_20250113_00002392,2025-01-13 13:00:36,cust_4108248,ESMA,cash_loan,44228,12,740,low,rejected,0,mobile,true,38
app_20250113_00002393,2025-01-13 05:37:51,cust_6255549,AUTR,auto_loan,54391,48,783,low,approved,54391,branch,true,642
app_20250113_00002394,2025-01-13 19:03:25,cust_3420923,CZPR,credit_card,6300,36,637,medium,approved,6300,call_center,true,756
app_20250113_00002395,2025-01-13 15:42:37,cust_2186302,SESV,auto_loan,38597,36,777,low,approved,38597,call_center,false,306
app_20250113_00002396,2025-01-13 08:36:20,cust_6816678,UKLO,education_loan,22917,36,612,medium,approved,22917,call_center,false,646
app_20250113_00002397,2025-01-13 13:10:06,cust_4083069,FRID,refinance,298807,240,725,low,approved,298807,branch,false,180
app_20250113_00002398,2025-01-13 13:54:18,cust_3332142,ESMA,refinance,460675,360,514,medium,rejected,0,web,true,33
app_20250113_00002399,2025-01-13 05:09:20,cust_5245752,ESMA,mortgage,358113,180,794,low,approved,358113,branch,false,868
app_20250113_00002400,2025-01-13 09:01:12,cust_6255724,AUTR,cash_loan,14975,30,692,medium,rejected,0,branch,false,106
app_20250113_00002401,2025-01-13 21:13:49,cust_9523130,GRRE,auto_loan,55276,48,525,medium,approved,55276,atm,true,681
app_20250113_00002402,2025-01-13 21:44:15,cust_3521450,GRRE,mortgage,315326,180,623,medium,approved,315326,mobile_app,true,222
app_20250113_00002403,2025-01-13 08:57:46,cust_8890570,ESMA,business_loan,27228,60,546,medium,rejected,0,call_center,true,116
app_20250113_00002404,2025-01-13 18:34:22,cust_2450779,CHBE,mortgage,316552,120,464,high,rejected,0,mobile_app,true,83
app_20250113_00002405,2025-01-13 08:26:46,cust_3553672,PORP,education_loan,37827,36,550,medium,approved,37827,atm,false,473
app_20250113_00002406,2025-01-13 07:56:51,cust_2376932,AUTR,mortgage,484822,180,511,medium,approved,484822,mobile_app,true,47
app_20250113_00002407,2025-01-13 19:29:41,cust_3400087,FRID,mortgage,401988,120,707,low,rejected,0,atm,false,162
app_20250113_00002408,2025-01-13 14:40:40,cust_9689475,NLAM,education_loan,9323,48,560,medium,rejected,0,mobile,true,65
app_20250113_00002409,2025-01-13 00:45:18,cust_6750106,NLAM,credit_card,14697,24,831,low,approved,14697,atm,false,61
app_20250113_00002410,2025-01-13 00:49:22,cust_1360837,PORP,business_loan,38140,12,439,high,rejected,0,online_banking,true,27
app_20250113_00002411,2025-01-13 09:28:41,cust_7427399,ATVI,cash_loan,1460,18,692,medium,approved,1460,web,true,47
app_20250113_00002412,2025-01-13 13:45:04,cust_398479,ATVI,education_loan,6295,36,624,medium,approved,6295,call_center,true,338
app_20250113_00002413,2025-01-13 02:47:58,cust_518473,SESV,business_loan,15705,60,726,low,approved,15705,web,false,262
app_20250113_00002414,2025-01-13 16:04:02,cust_1389882,PORP,cash_loan,24314,36,716,low,approved,24314,web,false,890
app_20250113_00002415,2025-01-13 14:30:52,cust_2216498,GRRE,auto_loan,40865,24,596,medium,rejected,0,mobile,true,61
app_20250113_00002416,2025-01-13 09:13:19,cust_9340093,AUTR,auto_loan,20209,48,757,low,rejected,0,branch,false,5
app_20250113_00002417,2025-01-13 23:29:34,cust_9844212,ESMA,cash_loan,14084,12,731,low,approved,14084,partner,false,813
app_20250113_00002418,2025-01-13 08:28:48,cust_1940125,BENL,credit_card,21776,36,566,medium,rejected,0,branch,false,60
app_20250113_00002419,2025-01-13 12:37:47,cust_9920287,PLWA,refinance,443571,180,568,medium,rejected,0,atm,true,54
app_20250113_00002420,2025-01-13 16:49:18,cust_5064081,BENL,cash_loan,33447,24,740,low,approved,33447,atm,true,276
app_20250113_00002421,2025-01-13 21:10:17,cust_2275750,BENL,refinance,180292,120,564,medium,rejected,0,online_banking,true,157
app_20250113_00002422,2025-01-13 22:09:06,cust_3671499,PORP,personal_loan,31236,36,661,medium,approved,31236,partner,false,697
app_20250113_00002423,2025-01-13 18:02:50,cust_7615056,ATVI,refinance,83211,240,782,low,rejected,0,online_banking,false,58
app_20250113_00002424,2025-01-13 13:00:14,cust_6660241,BENL,auto_loan,35537,60,516,medium,rejected,0,online_banking,false,131
app_20250113_00002425,2025-01-13 19:22:12,cust_2248683,CHBE,auto_loan,23198,24,569,medium,rejected,0,partner,true,99
app_20250113_00002426,2025-01-13 11:57:13,cust_5085060,CZPR,refinance,300863,300,604,medium,approved,300863,call_center,true,592
app_20250113_00002427,2025-01-13 07:50:05,cust_1107527,AUTR,refinance,284554,300,662,medium,approved,284554,mobile_app,true,239
app_20250113_00002428,2025-01-13 10:51:00,cust_4998227,NLAM,cash_loan,9974,48,539,medium,rejected,0,call_center,false,172
app_20250113_00002429,2025-01-13 23:29:29,cust_757984,CHBE,auto_loan,17780,60,560,medium,rejected,0,mobile,true,93
app_20250113_00002430,2025-01-13 15:55:47,cust_4519202,CZPR,education_loan,7009,36,766,low,approved,7009,mobile,false,629
app_20250113_00002431,2025-01-13 13:19:31,cust_8152336,BENL,personal_loan,24929,18,731,low,approved,24929,atm,true,190
app_20250113_00002432,2025-01-13 19:27:26,cust_4569659,BENL,auto_loan,24141,48,768,low,approved,24141,partner,false,500
app_20250113_00002433,2025-01-13 18:16:15,cust_1415732,ITMI,credit_card,25237,48,649,medium,approved,25237,partner,false,186
app_20250113_00002434,2025-01-13 05:02:46,cust_5127196,FRID,credit_card,25111,24,724,low,approved,25111,web,true,268
app_20250113_00002435,2025-01-13 03:25:21,cust_6325553,BENL,business_loan,7942,12,785,low,approved,7942,mobile_app,true,681
app_20250113_00002436,2025-01-13 13:51:25,cust_9332214,PORP,education_loan,3992,60,821,low,approved,3992,atm,true,460
app_20250113_00002437,2025-01-13 15:10:05,cust_4179959,CHBE,auto_loan,12567,36,670,medium,rejected,0,branch,true,168
app_20250113_00002438,2025-01-13 22:28:46,cust_4280150,ATVI,education_loan,12046,48,850,low,approved,12046,call_center,true,364
app_20250113_00002439,2025-01-13 14:51:46,cust_4095875,DEHE,mortgage,280454,360,710,low,approved,280454,web,false,409
app_20250113_00002440,2025-01-13 19:41:27,cust_4672246,CZPR,mortgage,467135,360,640,medium,approved,467135,mobile,false,862
app_20250113_00002441,2025-01-13 12:37:28,cust_166360,ITMI,cash_loan,45123,30,768,low,approved,45123,atm,false,308
app_20250113_00002442,2025-01-13 21:23:26,cust_5316364,FRID,credit_card,17576,36,573,medium,rejected,0,atm,true,9
app_20250113_00002443,2025-01-13 08:11:12,cust_6738548,UKLO,mortgage,298814,180,647,medium,approved,298814,mobile_app,true,148
app_20250113_00002444,2025-01-13 06:22:49,cust_6868448,ESMA,education_loan,24279,36,755,low,approved,24279,partner,true,652
app_20250113_00002445,2025-01-13 02:18:11,cust_1117469,SESV,mortgage,338733,120,661,medium,approved,338733,mobile,true,476
app_20250113_00002446,2025-01-13 06:40:07,cust_4769207,ITMI,personal_loan,32366,12,489,high,rejected,0,web,false,62
app_20250113_00002447,2025-01-13 04:07:36,cust_5500491,PLWA,business_loan,21891,24,826,low,approved,21891,online_banking,false,65
app_20250113_00002448,2025-01-13 07:47:13,cust_2068036,ITMI,auto_loan,36368,36,663,medium,approved,36368,mobile_app,true,560
app_20250113_00002449,2025-01-13 09:27:21,cust_1301441,CHBE,credit_card,6727,48,632,medium,rejected,0,partner,false,136
app_20250113_00002450,2025-01-13 21:16:43,cust_7299707,CZPR,business_loan,24120,36,685,medium,rejected,0,web,false,14
app_20250113_00002451,2025-01-13 04:21:57,cust_5385266,ESMA,credit_card,12028,18,697,medium,rejected,0,web,false,28
app_20250113_00002452,2025-01-13 01:11:58,cust_7929938,ESMA,cash_loan,41683,42,496,high,rejected,0,online_banking,false,74
app_20250113_00002453,2025-01-13 12:25:54,cust_5710535,CZPR,education_loan,6977,24,766,low,rejected,0,web,false,82
app_20250113_00002454,2025-01-13 03:27:11,cust_2874710,UKLO,education_loan,29783,12,759,low,approved,29783,atm,false,421
app_20250113_00002455,2025-01-13 23:03:05,cust_8537252,UKLO,refinance,110068,360,564,medium,rejected,0,partner,true,156
app_20250113_00002456,2025-01-13 11:03:32,cust_1714393,AUTR,business_loan,11485,60,807,low,rejected,0,partner,true,178
app_20250113_00002457,2025-01-13 20:28:14,cust_1084815,PLWA,refinance,258147,180,606,medium,approved,258147,mobile,true,323
app_20250113_00002458,2025-01-13 17:11:18,cust_711626,GRRE,personal_loan,14265,24,653,medium,approved,14265,atm,true,359
app_20250113_00002459,2025-01-13 00:07:38,cust_4683260,NLAM,refinance,370712,240,667,medium,rejected,0,online_banking,true,58
app_20250113_00002460,2025-01-13 16:45:09,cust_6613600,SESV,mortgage,413165,120,555,medium,approved,413165,mobile,false,169
app_20250113_00002461,2025-01-13 20:55:15,cust_104535,BENL,mortgage,245512,360,750,low,approved,245512,partner,false,205
app_20250113_00002462,2025-01-13 04:41:44,cust_5965330,ESMA,refinance,246712,120,514,medium,rejected,0,web,false,58
app_20250113_00002463,2025-01-13 12:08:43,cust_3847150,ITMI,cash_loan,46925,30,823,low,approved,46925,call_center,false,337
app_20250113_00002464,2025-01-13 23:41:12,cust_5116066,NLAM,credit_card,31772,18,612,medium,approved,31772,partner,true,610
app_20250113_00002465,2025-01-13 08:11:31,cust_3599033,GRRE,cash_loan,2261,36,582,medium,rejected,0,web,true,27
app_20250113_00002466,2025-01-13 15:39:15,cust_776007,NLAM,cash_loan,17066,18,475,high,rejected,0,call_center,true,166
app_20250113_00002467,2025-01-13 07:03:43,cust_5131046,UKLO,mortgage,220270,360,834,low,approved,220270,mobile_app,true,624
app_20250113_00002468,2025-01-13 03:17:11,cust_6726756,CHBE,credit_card,6505,48,757,low,approved,6505,partner,true,74
app_20250113_00002469,2025-01-13 21:23:33,cust_5113003,FRID,refinance,452304,180,657,medium,approved,452304,atm,false,54
app_20250113_00002470,2025-01-13 12:33:33,cust_8698602,SESV,business_loan,31640,60,768,low,approved,31640,mobile,true,466
app_20250113_00002471,2025-01-13 19:29:51,cust_7038325,ITMI,cash_loan,14891,48,667,medium,rejected,0,mobile,false,44
app_20250113_00002472,2025-01-13 23:16:05,cust_7772125,ATVI,education_loan,27769,48,456,high,rejected,0,mobile_app,false,170
app_20250113_00002473,2025-01-13 22:43:35,cust_4459494,GRRE,auto_loan,14120,36,535,medium,rejected,0,web,true,50
app_20250113_00002474,2025-01-13 04:01:58,cust_4501477,BENL,personal_loan,30278,12,728,low,approved,30278,atm,false,175
app_20250113_00002475,2025-01-13 10:13:22,cust_8621525,CZPR,cash_loan,4827,24,541,medium,rejected,0,partner,false,118
app_20250113_00002476,2025-01-13 15:04:39,cust_5080533,PORP,auto_loan,41625,24,761,low,approved,41625,partner,false,649
app_20250113_00002477,2025-01-13 06:55:43,cust_953600,SESV,business_loan,8575,36,735,low,approved,8575,partner,false,445
app_20250113_00002478,2025-01-13 21:50:14,cust_7122685,CHBE,credit_card,34067,18,711,low,approved,34067,call_center,true,636
app_20250113_00002479,2025-01-13 15:34:04,cust_2799186,NLAM,credit_card,27215,48,653,medium,approved,27215,mobile_app,false,340
app_20250113_00002480,2025-01-13 02:28:04,cust_5681513,CZPR,credit_card,7516,42,697,medium,approved,7516,web,false,31
app_20250113_00002481,2025-01-13 16:26:39,cust_2919161,AUTR,refinance,305246,180,720,low,approved,305246,partner,false,138
app_20250113_00002482,2025-01-13 22:24:26,cust_6890657,ESMA,credit_card,7350,42,664,medium,approved,7350,web,true,897
app_20250113_00002483,2025-01-13 09:52:18,cust_519108,DEHE,business_loan,16042,48,502,medium,rejected,0,web,false,58
app_20250113_00002484,2025-01-13 11:39:45,cust_7082486,PORP,business_loan,17929,60,618,medium,approved,17929,online_banking,true,896
app_20250113_00002485,2025-01-13 20:16:24,cust_8249505,CHBE,personal_loan,23784,18,703,low,rejected,0,atm,false,43
app_20250113_00002486,2025-01-13 15:21:02,cust_9349019,PLWA,cash_loan,42186,24,729,low,rejected,0,branch,true,70
app_20250113_00002487,2025-01-13 14:09:13,cust_6791230,CZPR,refinance,378085,240,685,medium,approved,378085,partner,true,609
app_20250113_00002488,2025-01-13 05:12:05,cust_1924148,DEHE,personal_loan,14666,12,750,low,approved,14666,mobile_app,false,306
app_20250113_00002489,2025-01-13 16:14:22,cust_2038737,PLWA,mortgage,101512,300,850,low,approved,101512,atm,true,693
app_20250113_00002490,2025-01-13 12:33:22,cust_7559891,AUTR,business_loan,4822,12,603,medium,approved,4822,online_banking,true,678
app_20250113_00002491,2025-01-13 00:21:05,cust_7758994,ESMA,business_loan,27962,48,560,medium,approved,27962,web,true,732
app_20250113_00002492,2025-01-13 17:53:39,cust_636807,ITMI,mortgage,117274,360,666,medium,approved,117274,branch,false,884
app_20250113_00002493,2025-01-13 10:37:11,cust_3278624,CHBE,credit_card,41637,48,562,medium,rejected,0,web,false,10
app_20250113_00002494,2025-01-13 23:04:27,cust_3910896,BENL,business_loan,2759,12,765,low,approved,2759,atm,true,158
app_20250113_00002495,2025-01-13 03:57:10,cust_5624944,UKLO,education_loan,9669,60,662,medium,rejected,0,branch,true,127
app_20250113_00002496,2025-01-13 14:57:50,cust_7041284,FRID,education_loan,38082,48,612,medium,approved,38082,mobile_app,true,685
app_20250113_00002497,2025-01-13 16:39:36,cust_673245,AUTR,auto_loan,31492,60,551,medium,rejected,0,branch,false,63
app_20250113_00002498,2025-01-13 12:54:28,cust_259834,FRID,education_loan,12002,12,437,high,rejected,0,online_banking,true,77
app_20250113_00002499,2025-01-13 12:32:03,cust_7648605,PORP,auto_loan,10560,48,615,medium,approved,10560,online_banking,true,136
app_20250113_00002500,2025-01-13 11:31:25,cust_908583,DEHE,credit_card,9676,12,673,medium,approved,9676,atm,false,528
app_20250113_00002501,2025-01-13 18:28:12,cust_366156,ATVI,mortgage,396344,240,632,medium,approved,396344,call_center,true,709
app_20250113_00002502,2025-01-13 17:03:59,cust_3605383,ITMI,cash_loan,41237,42,630,medium,approved,41237,mobile,true,154
app_20250113_00002503,2025-01-13 15:39:55,cust_2610375,NLAM,refinance,238444,300,556,medium,rejected,0,atm,true,120
app_20250113_00002504,2025-01-13 07:27:32,cust_5129486,GRRE,business_loan,12588,36,592,medium,approved,12588,call_center,true,385
app_20250113_00002505,2025-01-13 08:15:32,cust_2210509,SESV,refinance,489284,180,742,low,approved,489284,atm,true,824
app_20250113_00002506,2025-01-13 00:31:00,cust_4894465,FRID,education_loan,8701,36,533,medium,rejected,0,mobile_app,false,21
app_20250113_00002507,2025-01-13 10:03:38,cust_6211116,PORP,mortgage,228541,120,676,medium,rejected,0,call_center,false,15
app_20250113_00002508,2025-01-13 10:54:54,cust_230941,PORP,personal_loan,4764,36,757,low,approved,4764,online_banking,true,319
app_20250113_00002509,2025-01-13 03:43:25,cust_8158964,SESV,mortgage,249356,360,631,medium,rejected,0,mobile,true,87
app_20250113_00002510,2025-01-13 23:43:42,cust_5832761,CZPR,cash_loan,41808,12,640,medium,rejected,0,atm,true,171
app_20250113_00002511,2025-01-13 19:35:35,cust_726137,BENL,refinance,186366,300,767,low,approved,186366,mobile_app,false,395
app_20250113_00002512,2025-01-13 05:10:38,cust_8763709,AUTR,business_loan,31429,36,699,medium,rejected,0,atm,true,52
app_20250113_00002513,2025-01-13 10:37:23,cust_9192253,PLWA,mortgage,164041,360,682,medium,approved,164041,mobile,true,722
app_20250113_00002514,2025-01-13 22:05:39,cust_7660482,PORP,cash_loan,35407,24,726,low,approved,35407,partner,true,243
app_20250113_00002515,2025-01-13 03:13:29,cust_2060213,UKLO,education_loan,7676,24,742,low,approved,7676,atm,false,498
app_20250113_00002516,2025-01-13 23:27:20,cust_3001741,CZPR,refinance,381332,300,604,medium,approved,381332,branch,false,626
app_20250113_00002517,2025-01-13 05:12:48,cust_6770688,ITMI,business_loan,5082,36,649,medium,rejected,0,online_banking,false,175
app_20250113_00002518,2025-01-13 02:54:10,cust_5907939,NLAM,personal_loan,14448,18,734,low,approved,14448,branch,false,77
app_20250113_00002519,2025-01-13 10:12:43,cust_5659182,PLWA,refinance,173213,180,669,medium,rejected,0,web,false,136
app_20250113_00002520,2025-01-13 06:26:02,cust_3565945,AUTR,personal_loan,24041,30,602,medium,approved,24041,partner,false,671
app_20250113_00002521,2025-01-13 17:16:25,cust_189713,DEHE,cash_loan,41705,42,683,medium,approved,41705,atm,true,423
app_20250113_00002522,2025-01-13 10:00:58,cust_2517767,SESV,cash_loan,39590,12,617,medium,approved,39590,call_center,true,285
app_20250113_00002523,2025-01-13 03:32:29,cust_5630648,CHBE,business_loan,24085,48,492,high,approved,24085,online_banking,false,179
app_20250113_00002524,2025-01-13 14:28:58,cust_6475971,AUTR,education_loan,21239,60,570,medium,approved,21239,mobile_app,true,235
app_20250113_00002525,2025-01-13 23:12:20,cust_1426371,GRRE,auto_loan,37765,72,539,medium,approved,37765,atm,false,72
app_20250113_00002526,2025-01-13 01:26:40,cust_8951122,ATVI,business_loan,3153,48,538,medium,rejected,0,atm,false,159
app_20250113_00002527,2025-01-13 02:25:00,cust_9852483,CZPR,education_loan,23748,24,498,high,rejected,0,branch,true,100
app_20250113_00002528,2025-01-13 05:32:44,cust_7435874,NLAM,cash_loan,39911,36,690,medium,rejected,0,mobile,false,123
app_20250113_00002529,2025-01-13 01:01:01,cust_8867993,NLAM,auto_loan,6172,24,822,low,approved,6172,web,false,375
app_20250113_00002530,2025-01-13 05:50:26,cust_119356,ATVI,refinance,316111,360,526,medium,rejected,0,web,false,108
app_20250113_00002531,2025-01-13 02:52:09,cust_8389559,BENL,refinance,413638,120,630,medium,approved,413638,atm,true,207
app_20250113_00002532,2025-01-13 18:05:14,cust_2917601,UKLO,education_loan,7692,48,759,low,rejected,0,online_banking,true,68
app_20250113_00002533,2025-01-13 04:20:23,cust_1156116,BENL,auto_loan,5141,48,610,medium,approved,5141,online_banking,true,632
app_20250113_00002534,2025-01-13 08:03:47,cust_9816622,CHBE,refinance,477434,360,628,medium,rejected,0,online_banking,false,85
app_20250113_00002535,2025-01-13 10:10:37,cust_2848265,NLAM,cash_loan,10676,48,850,low,approved,10676,partner,true,467
app_20250113_00002536,2025-01-13 20:24:04,cust_9327979,PORP,education_loan,16553,60,492,high,rejected,0,partner,false,61
app_20250113_00002537,2025-01-13 01:07:08,cust_2156451,ATVI,personal_loan,21999,48,657,medium,approved,21999,atm,false,261
app_20250113_00002538,2025-01-13 21:03:32,cust_2425556,BENL,personal_loan,46423,30,620,medium,rejected,0,call_center,false,111
app_20250113_00002539,2025-01-13 10:54:19,cust_7942311,GRRE,mortgage,456135,120,748,low,approved,456135,online_banking,false,117
app_20250113_00002540,2025-01-13 12:47:24,cust_9700262,BENL,business_loan,19255,24,475,high,approved,19255,online_banking,false,294
app_20250113_00002541,2025-01-13 21:26:27,cust_9095621,PLWA,auto_loan,41481,36,661,medium,approved,41481,web,false,269
app_20250113_00002542,2025-01-13 21:36:37,cust_8524130,SESV,mortgage,128993,240,441,high,rejected,0,atm,false,74
app_20250113_00002543,2025-01-13 05:10:05,cust_7496208,GRRE,mortgage,219736,120,674,medium,rejected,0,mobile_app,false,36
app_20250113_00002544,2025-01-13 17:17:30,cust_9771920,CZPR,credit_card,17703,30,721,low,approved,17703,partner,true,693
app_20250113_00002545,2025-01-13 03:04:09,cust_1618045,CZPR,mortgage,103046,300,519,medium,rejected,0,mobile,true,31
app_20250113_00002546,2025-01-13 07:10:29,cust_3539837,ITMI,business_loan,38128,60,635,medium,approved,38128,call_center,true,898
app_20250113_00002547,2025-01-13 10:33:42,cust_4354079,CHBE,auto_loan,59270,36,760,low,approved,59270,partner,true,271
app_20250113_00002548,2025-01-13 13:06:34,cust_5066804,BENL,business_loan,7293,12,540,medium,rejected,0,mobile,true,93
app_20250113_00002549,2025-01-13 11:18:06,cust_6190962,ESMA,auto_loan,24838,24,588,medium,rejected,0,partner,false,131
app_20250113_00002550,2025-01-13 08:19:48,cust_5205270,SESV,refinance,455910,120,563,medium,rejected,0,web,false,180
app_20250113_00002551,2025-01-13 07:17:37,cust_656647,PORP,education_loan,28814,36,684,medium,rejected,0,online_banking,true,117
app_20250113_00002552,2025-01-13 07:26:52,cust_9431115,CZPR,mortgage,193169,360,716,low,approved,193169,atm,false,166
app_20250113_00002553,2025-01-13 11:48:15,cust_8610907,GRRE,education_loan,38612,12,604,medium,approved,38612,online_banking,false,578
app_20250113_00002554,2025-01-13 09:42:37,cust_2057399,NLAM,business_loan,29974,60,673,medium,approved,29974,mobile,true,803
app_20250113_00002555,2025-01-13 17:15:32,cust_7653108,ATVI,cash_loan,28493,24,676,medium,rejected,0,web,true,119
app_20250113_00002556,2025-01-13 13:54:23,cust_1280751,ATVI,cash_loan,43415,18,591,medium,approved,43415,partner,false,642
app_20250113_00002557,2025-01-13 14:57:03,cust_5290027,NLAM,refinance,243040,360,707,low,approved,243040,web,true,699
app_20250113_00002558,2025-01-13 13:10:26,cust_8306347,BENL,credit_card,41235,12,585,medium,rejected,0,atm,false,112
app_20250113_00002559,2025-01-13 02:21:18,cust_4771608,SESV,refinance,312042,240,791,low,approved,312042,call_center,true,57
app_20250113_00002560,2025-01-13 13:32:57,cust_4409587,CHBE,mortgage,273939,360,719,low,approved,273939,mobile,true,850
app_20250113_00002561,2025-01-13 09:15:41,cust_4112987,CHBE,education_loan,2003,60,723,low,approved,2003,call_center,true,257
app_20250113_00002562,2025-01-13 15:23:29,cust_2414699,GRRE,auto_loan,57765,72,531,medium,approved,57765,call_center,true,93
app_20250113_00002563,2025-01-13 12:52:34,cust_778146,FRID,refinance,427157,180,619,medium,approved,427157,call_center,true,393
app_20250113_00002564,2025-01-13 05:34:38,cust_2077215,DEHE,auto_loan,52049,36,681,medium,rejected,0,web,false,57
app_20250113_00002565,2025-01-13 08:39:09,cust_9711578,AUTR,personal_loan,22676,12,663,medium,rejected,0,web,false,118
app_20250113_00002566,2025-01-13 03:39:05,cust_1529162,NLAM,business_loan,39465,36,537,medium,approved,39465,online_banking,true,642
app_20250113_00002567,2025-01-13 02:08:19,cust_1181404,BENL,cash_loan,47914,24,608,medium,approved,47914,atm,false,97
app_20250113_00002568,2025-01-13 13:49:12,cust_4606487,CHBE,cash_loan,22540,42,522,medium,approved,22540,mobile_app,false,706
app_20250113_00002569,2025-01-13 01:47:32,cust_9879848,SESV,credit_card,30137,12,699,medium,approved,30137,mobile_app,false,208
app_20250113_00002570,2025-01-13 02:53:20,cust_6977396,PLWA,mortgage,332643,240,682,medium,rejected,0,atm,true,101
app_20250113_00002571,2025-01-13 01:00:47,cust_201034,PORP,credit_card,23981,24,486,high,approved,23981,mobile_app,false,424
app_20250113_00002572,2025-01-13 20:30:46,cust_6982761,DEHE,credit_card,37260,30,724,low,approved,37260,web,true,556
app_20250113_00002573,2025-01-13 23:59:59,cust_1937903,AUTR,credit_card,37478,18,579,medium,approved,37478,online_banking,true,840
app_20250113_00002574,2025-01-13 03:22:52,cust_4058715,FRID,cash_loan,33896,42,732,low,approved,33896,atm,false,294
app_20250113_00002575,2025-01-13 04:41:41,cust_1433471,ITMI,credit_card,30276,36,805,low,approved,30276,online_banking,false,413
app_20250113_00002576,2025-01-13 20:21:26,cust_2331049,UKLO,business_loan,16472,12,689,medium,approved,16472,online_banking,true,684
app_20250113_00002577,2025-01-13 07:24:32,cust_6612720,CZPR,refinance,309055,180,509,medium,rejected,0,branch,true,9
app_20250113_00002578,2025-01-13 11:50:05,cust_3443826,CHBE,mortgage,79678,180,585,medium,rejected,0,web,true,117
app_20250113_00002579,2025-01-13 05:02:22,cust_4543382,PLWA,business_loan,37799,48,635,medium,approved,37799,partner,true,792
app_20250113_00002580,2025-01-13 00:46:57,cust_9533526,BENL,personal_loan,19123,12,728,low,approved,19123,call_center,true,314
app_20250113_00002581,2025-01-13 14:10:46,cust_700938,PORP,auto_loan,58347,36,711,low,approved,58347,mobile_app,true,297
app_20250113_00002582,2025-01-13 12:37:03,cust_7852057,CZPR,personal_loan,24214,36,618,medium,rejected,0,branch,false,131
app_20250113_00002583,2025-01-13 21:43:41,cust_9147587,NLAM,refinance,250241,360,661,medium,rejected,0,partner,true,147
app_20250113_00002584,2025-01-13 22:22:56,cust_8072748,BENL,personal_loan,8572,36,850,low,approved,8572,web,true,165
app_20250113_00002585,2025-01-13 04:04:03,cust_4958107,SESV,refinance,338928,360,634,medium,approved,338928,mobile_app,false,806
app_20250113_00002586,2025-01-13 13:00:45,cust_7320372,ITMI,personal_loan,7689,36,570,medium,approved,7689,online_banking,true,734
app_20250113_00002587,2025-01-13 00:23:23,cust_8478386,ITMI,education_loan,5799,36,643,medium,approved,5799,partner,false,139
app_20250113_00002588,2025-01-13 14:52:41,cust_9783628,SESV,refinance,60736,360,850,low,approved,60736,mobile,true,604
app_20250113_00002589,2025-01-13 12:11:46,cust_3991475,NLAM,credit_card,40152,36,707,low,approved,40152,branch,true,832
app_20250113_00002590,2025-01-13 01:43:16,cust_5983800,AUTR,auto_loan,14171,48,850,low,approved,14171,atm,true,77
app_20250113_00002591,2025-01-13 04:31:25,cust_3613078,PORP,personal_loan,2067,36,644,medium,rejected,0,web,true,43
app_20250113_00002592,2025-01-13 12:01:03,cust_9442334,ESMA,auto_loan,51553,24,656,medium,approved,51553,mobile,false,437
app_20250113_00002593,2025-01-13 22:52:15,cust_5816142,GRRE,credit_card,45732,12,730,low,approved,45732,partner,true,72
app_20250113_00002594,2025-01-13 12:51:14,cust_2475666,AUTR,cash_loan,26034,48,845,low,approved,26034,mobile_app,true,864
app_20250113_00002595,2025-01-13 14:38:37,cust_4781279,BENL,cash_loan,35733,48,779,low,approved,35733,web,false,729
app_20250113_00002596,2025-01-13 16:46:21,cust_8040639,ATVI,personal_loan,38442,36,767,low,approved,38442,mobile,false,809
app_20250113_00002597,2025-01-13 12:51:25,cust_5889997,ATVI,cash_loan,10095,12,615,medium,approved,10095,mobile,false,900
app_20250113_00002598,2025-01-13 23:20:34,cust_5834331,BENL,business_loan,16409,48,668,medium,approved,16409,web,true,275
app_20250113_00002599,2025-01-13 11:11:32,cust_2946010,PLWA,personal_loan,31016,36,577,medium,approved,31016,partner,false,361
app_20250113_00002600,2025-01-13 15:31:23,cust_6879072,GRRE,cash_loan,49952,48,790,low,approved,49952,online_banking,true,834
app_20250113_00002601,2025-01-13 10:12:28,cust_2987788,PORP,education_loan,17593,48,535,medium,rejected,0,online_banking,false,13
app_20250113_00002602,2025-01-13 15:23:09,cust_3429586,GRRE,credit_card,21754,36,671,medium,approved,21754,mobile_app,true,599
app_20250113_00002603,2025-01-13 20:25:26,cust_1331408,DEHE,education_loan,36154,12,652,medium,approved,36154,partner,false,546
app_20250113_00002604,2025-01-13 05:05:39,cust_6686960,CZPR,cash_loan,3619,30,757,low,approved,3619,partner,true,492
app_20250113_00002605,2025-01-13 14:45:49,cust_3095861,BENL,refinance,280550,240,530,medium,approved,280550,partner,true,475
app_20250113_00002606,2025-01-13 06:40:45,cust_1490231,DEHE,business_loan,4915,36,725,low,approved,4915,web,true,237
app_20250113_00002607,2025-01-13 17:31:39,cust_175071,CHBE,mortgage,489222,120,613,medium,approved,489222,mobile_app,true,636
app_20250113_00002608,2025-01-13 10:26:01,cust_3203405,PORP,mortgage,492868,120,606,medium,approved,492868,mobile,false,696
app_20250113_00002609,2025-01-13 12:12:51,cust_3875612,ESMA,education_loan,34866,48,631,medium,approved,34866,call_center,false,127
app_20250113_00002610,2025-01-13 06:34:12,cust_5490961,FRID,credit_card,32683,18,796,low,approved,32683,partner,true,359
app_20250113_00002611,2025-01-13 22:34:10,cust_5042576,NLAM,business_loan,16076,48,720,low,approved,16076,online_banking,false,475
app_20250113_00002612,2025-01-13 17:04:37,cust_176503,GRRE,cash_loan,37765,30,608,medium,approved,37765,mobile,false,599
app_20250113_00002613,2025-01-13 10:31:05,cust_2448444,PLWA,auto_loan,48265,60,580,medium,approved,48265,mobile_app,false,849
app_20250113_00002614,2025-01-13 21:57:01,cust_6247940,CHBE,education_loan,11597,36,638,medium,rejected,0,partner,true,119
app_20250113_00002615,2025-01-13 06:27:52,cust_7543480,UKLO,refinance,62889,180,581,medium,rejected,0,call_center,true,83
app_20250113_00002616,2025-01-13 02:53:40,cust_5978709,NLAM,credit_card,5509,30,499,high,rejected,0,branch,false,86
app_20250113_00002617,2025-01-13 19:37:11,cust_6681085,UKLO,cash_loan,17906,12,587,medium,rejected,0,atm,false,174
app_20250113_00002618,2025-01-13 12:42:15,cust_2416346,NLAM,personal_loan,15624,42,730,low,approved,15624,mobile,true,163
app_20250113_00002619,2025-01-13 10:35:16,cust_3500346,ATVI,cash_loan,8219,42,740,low,approved,8219,online_banking,true,803
app_20250113_00002620,2025-01-13 12:17:04,cust_1996026,ATVI,education_loan,39340,24,823,low,approved,39340,atm,true,765
app_20250113_00002621,2025-01-13 18:35:38,cust_5726640,CZPR,auto_loan,26669,24,816,low,approved,26669,call_center,false,257
app_20250113_00002622,2025-01-13 19:46:55,cust_2156226,SESV,credit_card,37980,18,747,low,approved,37980,partner,false,446
app_20250113_00002623,2025-01-13 01:23:22,cust_665681,ITMI,credit_card,29679,12,695,medium,approved,29679,branch,true,81
app_20250113_00002624,2025-01-13 21:10:37,cust_6149397,NLAM,business_loan,10624,60,658,medium,approved,10624,call_center,true,85
app_20250113_00002625,2025-01-13 12:00:56,cust_4354160,FRID,business_loan,26910,12,748,low,approved,26910,partner,true,144
app_20250113_00002626,2025-01-13 20:10:53,cust_435944,CHBE,credit_card,25090,36,474,high,rejected,0,partner,false,170
app_20250113_00002627,2025-01-13 10:49:43,cust_2799657,GRRE,cash_loan,22585,30,472,high,approved,22585,branch,true,585
app_20250113_00002628,2025-01-13 22:42:43,cust_3103794,DEHE,mortgage,411429,240,547,medium,approved,411429,atm,false,897
app_20250113_00002629,2025-01-13 10:41:29,cust_8904268,CHBE,mortgage,172570,180,597,medium,approved,172570,online_banking,false,45
app_20250113_00002630,2025-01-13 22:48:21,cust_2924346,UKLO,cash_loan,48179,24,626,medium,approved,48179,online_banking,true,111
app_20250113_00002631,2025-01-13 03:02:48,cust_5532399,SESV,mortgage,380070,300,576,medium,approved,380070,online_banking,true,311
app_20250113_00002632,2025-01-13 09:33:43,cust_5837732,PLWA,education_loan,7405,60,682,medium,approved,7405,partner,false,529
app_20250113_00002633,2025-01-13 07:07:18,cust_5790082,ITMI,refinance,147105,300,622,medium,approved,147105,atm,true,225
app_20250113_00002634,2025-01-13 17:27:26,cust_1624960,ESMA,auto_loan,51777,48,629,medium,rejected,0,atm,true,6
app_20250113_00002635,2025-01-13 03:39:56,cust_5370150,PLWA,auto_loan,21555,36,499,high,rejected,0,call_center,false,105
app_20250113_00002636,2025-01-13 03:30:55,cust_8483810,CZPR,refinance,143573,360,480,high,rejected,0,partner,false,131
app_20250113_00002637,2025-01-13 22:25:51,cust_5934462,UKLO,credit_card,11332,36,701,low,approved,11332,mobile,false,83
app_20250113_00002638,2025-01-13 06:44:01,cust_7003714,SESV,education_loan,22640,60,766,low,approved,22640,online_banking,false,869
app_20250113_00002639,2025-01-13 17:33:24,cust_7756632,AUTR,refinance,450313,300,719,low,approved,450313,mobile_app,false,89
app_20250113_00002640,2025-01-13 03:40:35,cust_1039151,PLWA,education_loan,28524,60,622,medium,approved,28524,mobile_app,false,91
app_20250113_00002641,2025-01-13 15:24:28,cust_5242563,PORP,auto_loan,17032,36,759,low,approved,17032,branch,true,844
app_20250113_00002642,2025-01-13 18:07:26,cust_4788175,ITMI,personal_loan,42234,30,748,low,approved,42234,online_banking,true,877
app_20250113_00002643,2025-01-13 18:23:01,cust_9493267,AUTR,education_loan,26853,24,610,medium,approved,26853,atm,true,275
app_20250113_00002644,2025-01-13 16:11:15,cust_1754744,SESV,credit_card,42617,42,571,medium,approved,42617,atm,false,238
app_20250113_00002645,2025-01-13 12:42:09,cust_4385651,ITMI,auto_loan,15112,72,715,low,approved,15112,call_center,true,220
app_20250113_00002646,2025-01-13 05:09:35,cust_2584980,CZPR,cash_loan,17001,48,620,medium,rejected,0,partner,true,49
app_20250113_00002647,2025-01-13 23:37:26,cust_3519036,PORP,business_loan,35529,48,576,medium,approved,35529,call_center,false,35
app_20250113_00002648,2025-01-13 03:58:38,cust_9569587,BENL,auto_loan,47669,24,721,low,approved,47669,web,false,271
app_20250113_00002649,2025-01-13 08:45:47,cust_2595098,UKLO,business_loan,34210,36,532,medium,approved,34210,partner,true,565
app_20250113_00002650,2025-01-13 19:32:08,cust_2463043,UKLO,education_loan,28137,60,691,medium,rejected,0,partner,true,129
app_20250113_00002651,2025-01-13 01:42:20,cust_9455012,GRRE,refinance,100495,180,583,medium,rejected,0,call_center,false,84
app_20250113_00002652,2025-01-13 12:54:14,cust_9383831,PLWA,credit_card,37845,48,528,medium,approved,37845,web,true,822
app_20250113_00002653,2025-01-13 01:43:41,cust_1121207,ITMI,auto_loan,44867,72,462,high,rejected,0,mobile_app,true,18
app_20250113_00002654,2025-01-13 23:18:23,cust_4005419,AUTR,credit_card,27952,48,499,high,rejected,0,online_banking,true,36
app_20250113_00002655,2025-01-13 14:27:39,cust_1686666,ATVI,mortgage,133354,120,538,medium,rejected,0,call_center,false,168
app_20250113_00002656,2025-01-13 13:04:17,cust_4807595,PLWA,cash_loan,41470,42,564,medium,approved,41470,web,true,333
app_20250113_00002657,2025-01-13 15:29:33,cust_778693,AUTR,education_loan,10294,48,717,low,approved,10294,mobile_app,false,392
app_20250113_00002658,2025-01-13 18:09:44,cust_4788493,FRID,personal_loan,27632,24,629,medium,rejected,0,mobile_app,true,36
app_20250113_00002659,2025-01-13 16:21:11,cust_5736898,ITMI,education_loan,19908,12,777,low,approved,19908,online_banking,true,203
app_20250113_00002660,2025-01-13 03:14:03,cust_9912295,SESV,credit_card,3943,30,737,low,rejected,0,web,true,64
app_20250113_00002661,2025-01-13 17:17:26,cust_3044774,ATVI,education_loan,25228,36,692,medium,approved,25228,partner,true,684
app_20250113_00002662,2025-01-13 03:21:15,cust_5339755,SESV,auto_loan,10888,72,737,low,rejected,0,mobile,false,169
app_20250113_00002663,2025-01-13 23:32:55,cust_8481688,ATVI,credit_card,2887,48,666,medium,approved,2887,branch,true,161
app_20250113_00002664,2025-01-13 15:53:05,cust_8685205,GRRE,mortgage,439931,360,638,medium,approved,439931,branch,true,467
app_20250113_00002665,2025-01-13 01:46:37,cust_5478199,UKLO,refinance,466582,240,709,low,approved,466582,branch,false,452
app_20250113_00002666,2025-01-13 04:38:07,cust_164878,GRRE,personal_loan,42258,42,669,medium,approved,42258,partner,false,398
app_20250113_00002667,2025-01-13 06:53:05,cust_5643187,BENL,cash_loan,13562,48,574,medium,rejected,0,branch,false,136
app_20250113_00002668,2025-01-13 03:54:32,cust_4729247,GRRE,mortgage,406658,240,650,medium,approved,406658,web,true,626
app_20250113_00002669,2025-01-13 22:18:14,cust_5606468,CHBE,credit_card,42756,42,498,high,rejected,0,mobile,true,165
app_20250113_00002670,2025-01-13 17:19:52,cust_9506510,CZPR,education_loan,22796,36,834,low,approved,22796,branch,false,752
app_20250113_00002671,2025-01-13 05:13:17,cust_2944450,SESV,refinance,283883,180,780,low,approved,283883,call_center,false,885
app_20250113_00002672,2025-01-13 06:39:20,cust_6223081,NLAM,personal_loan,19709,30,611,medium,approved,19709,mobile_app,true,723
app_20250113_00002673,2025-01-13 19:40:10,cust_3334524,BENL,credit_card,34986,30,669,medium,approved,34986,web,false,260
app_20250113_00002674,2025-01-13 08:20:41,cust_310313,PLWA,business_loan,8678,36,519,medium,approved,8678,atm,true,642
app_20250113_00002675,2025-01-13 20:49:29,cust_8614938,GRRE,personal_loan,2939,30,573,medium,rejected,0,atm,false,142
app_20250113_00002676,2025-01-13 21:23:55,cust_8149056,AUTR,refinance,377829,180,850,low,rejected,0,branch,true,26
app_20250113_00002677,2025-01-13 19:29:57,cust_4134060,DEHE,auto_loan,31730,72,731,low,approved,31730,branch,true,796
app_20250113_00002678,2025-01-13 10:23:30,cust_2859376,FRID,refinance,260373,360,596,medium,rejected,0,mobile,false,31
app_20250113_00002679,2025-01-13 03:08:07,cust_5829704,ESMA,credit_card,15439,48,558,medium,approved,15439,mobile,false,359
app_20250113_00002680,2025-01-13 18:09:21,cust_9999586,ITMI,credit_card,30039,48,537,medium,approved,30039,mobile,true,124
app_20250113_00002681,2025-01-13 03:13:36,cust_2774371,CZPR,auto_loan,42449,24,737,low,approved,42449,web,false,281
app_20250113_00002682,2025-01-13 01:15:05,cust_906359,DEHE,credit_card,14689,24,736,low,approved,14689,branch,true,753
app_20250113_00002683,2025-01-13 10:37:15,cust_2250844,UKLO,cash_loan,11052,24,561,medium,approved,11052,mobile_app,false,154
app_20250113_00002684,2025-01-13 21:15:00,cust_7506358,SESV,business_loan,2049,36,633,medium,approved,2049,mobile,true,637
app_20250113_00002685,2025-01-13 23:38:45,cust_5006632,ESMA,credit_card,8174,12,580,medium,approved,8174,mobile_app,false,578
app_20250113_00002686,2025-01-13 10:00:36,cust_2818203,ESMA,refinance,150029,240,522,medium,approved,150029,mobile_app,false,464
app_20250113_00002687,2025-01-13 20:46:17,cust_2300846,ITMI,mortgage,427870,300,583,medium,rejected,0,mobile,false,81
app_20250113_00002688,2025-01-13 21:17:25,cust_4847379,GRRE,credit_card,29859,42,699,medium,approved,29859,branch,true,408
app_20250113_00002689,2025-01-13 02:17:00,cust_8355746,PLWA,business_loan,5322,36,571,medium,rejected,0,partner,false,150
app_20250113_00002690,2025-01-13 03:13:56,cust_1290316,NLAM,cash_loan,49452,30,556,medium,approved,49452,online_banking,true,113
app_20250113_00002691,2025-01-13 04:55:38,cust_5173049,ATVI,cash_loan,36070,18,602,medium,approved,36070,partner,true,567
app_20250113_00002692,2025-01-13 01:09:16,cust_4645305,BENL,credit_card,16849,42,555,medium,rejected,0,call_center,false,87
app_20250113_00002693,2025-01-13 13:56:30,cust_5218660,ITMI,credit_card,16886,24,599,medium,rejected,0,atm,false,178
app_20250113_00002694,2025-01-13 06:16:39,cust_7768885,ITMI,personal_loan,5536,24,578,medium,rejected,0,branch,false,36
app_20250113_00002695,2025-01-13 22:46:12,cust_5787228,BENL,refinance,79385,120,550,medium,approved,79385,mobile,false,51
app_20250113_00002696,2025-01-13 17:04:59,cust_503386,ITMI,mortgage,115556,300,646,medium,rejected,0,branch,true,154
app_20250113_00002697,2025-01-13 00:31:42,cust_9549461,DEHE,mortgage,234567,180,521,medium,rejected,0,atm,false,176
app_20250113_00002698,2025-01-13 12:36:29,cust_8640686,AUTR,education_loan,27951,12,705,low,approved,27951,partner,false,785
app_20250113_00002699,2025-01-13 16:55:44,cust_1250172,ATVI,auto_loan,18095,48,609,medium,rejected,0,mobile_app,false,9
app_20250113_00002700,2025-01-13 02:19:57,cust_595512,ITMI,personal_loan,47855,12,558,medium,approved,47855,online_banking,true,369
app_20250113_00002701,2025-01-13 18:00:34,cust_9983619,PORP,refinance,444515,300,785,low,approved,444515,partner,true,500
app_20250113_00002702,2025-01-13 10:26:17,cust_4249164,GRRE,education_loan,10273,36,545,medium,rejected,0,partner,false,14
app_20250113_00002703,2025-01-13 04:48:25,cust_4174196,SESV,auto_loan,51180,60,715,low,approved,51180,mobile_app,true,505
app_20250113_00002704,2025-01-13 04:51:11,cust_2814251,BENL,auto_loan,36889,36,601,medium,approved,36889,atm,true,463
app_20250113_00002705,2025-01-13 11:32:08,cust_7765973,UKLO,credit_card,30820,18,634,medium,approved,30820,online_banking,false,292
app_20250113_00002706,2025-01-13 13:21:41,cust_4742768,AUTR,personal_loan,35577,48,803,low,approved,35577,atm,true,318
app_20250113_00002707,2025-01-13 16:56:41,cust_3746279,SESV,mortgage,170880,240,795,low,approved,170880,online_banking,true,164
app_20250113_00002708,2025-01-13 14:39:00,cust_9747492,PLWA,auto_loan,27520,48,553,medium,approved,27520,mobile,true,156
app_20250113_00002709,2025-01-13 21:41:03,cust_9611295,ATVI,education_loan,10509,24,471,high,approved,10509,atm,true,336
app_20250113_00002710,2025-01-13 17:52:56,cust_7624089,BENL,credit_card,12526,12,708,low,approved,12526,branch,false,241
app_20250113_00002711,2025-01-13 01:09:43,cust_6333912,FRID,auto_loan,27659,72,805,low,approved,27659,mobile_app,true,767
app_20250113_00002712,2025-01-13 02:18:52,cust_909821,ATVI,personal_loan,38928,48,770,low,approved,38928,mobile,false,884
app_20250113_00002713,2025-01-13 20:04:12,cust_3007043,DEHE,mortgage,253278,360,658,medium,approved,253278,web,true,689
app_20250113_00002714,2025-01-13 19:05:35,cust_9139269,BENL,auto_loan,32496,60,709,low,approved,32496,web,false,491
app_20250113_00002715,2025-01-13 00:20:20,cust_2045197,ATVI,refinance,218564,300,733,low,approved,218564,atm,true,795
app_20250113_00002716,2025-01-13 11:34:15,cust_3659759,UKLO,refinance,415561,240,520,medium,approved,415561,online_banking,false,670
app_20250113_00002717,2025-01-13 18:46:13,cust_3750298,CZPR,mortgage,478388,300,654,medium,approved,478388,mobile,false,701
app_20250113_00002718,2025-01-13 16:07:02,cust_1261705,ATVI,business_loan,27477,48,850,low,approved,27477,web,true,202
app_20250113_00002719,2025-01-13 22:12:17,cust_4095708,UKLO,auto_loan,42947,48,620,medium,approved,42947,partner,true,250
app_20250113_00002720,2025-01-13 00:50:38,cust_521542,CHBE,mortgage,250814,240,415,high,rejected,0,mobile_app,false,155
app_20250113_00002721,2025-01-13 21:53:55,cust_995771,UKLO,auto_loan,44045,36,574,medium,rejected,0,mobile,false,148
app_20250113_00002722,2025-01-13 07:04:16,cust_7892624,UKLO,cash_loan,9725,42,836,low,rejected,0,call_center,true,119
app_20250113_00002723,2025-01-13 18:41:19,cust_6288147,DEHE,auto_loan,26902,48,646,medium,approved,26902,branch,false,398
app_20250113_00002724,2025-01-13 15:08:20,cust_147047,ESMA,mortgage,67612,360,616,medium,rejected,0,partner,false,127
app_20250113_00002725,2025-01-13 13:57:32,cust_1408095,ATVI,auto_loan,18427,60,701,low,approved,18427,branch,false,144
app_20250113_00002726,2025-01-13 13:05:25,cust_5284810,CZPR,education_loan,31821,12,730,low,approved,31821,branch,false,639
app_20250113_00002727,2025-01-13 09:41:51,cust_4675510,NLAM,auto_loan,50830,48,563,medium,approved,50830,call_center,false,621
app_20250113_00002728,2025-01-13 11:26:34,cust_7681675,FRID,auto_loan,6891,48,584,medium,rejected,0,mobile,true,117
app_20250113_00002729,2025-01-13 21:37:02,cust_5665757,UKLO,refinance,278357,300,734,low,approved,278357,online_banking,true,207
app_20250113_00002730,2025-01-13 17:21:51,cust_3132184,FRID,personal_loan,30382,36,682,medium,approved,30382,call_center,true,677
app_20250113_00002731,2025-01-13 16:40:20,cust_3529075,ITMI,cash_loan,37052,18,560,medium,approved,37052,mobile,false,392
app_20250113_00002732,2025-01-13 18:23:34,cust_5712045,CHBE,refinance,60959,120,654,medium,rejected,0,branch,false,95
app_20250113_00002733,2025-01-13 01:02:08,cust_2751146,ATVI,credit_card,40429,48,446,high,rejected,0,web,false,110
app_20250113_00002734,2025-01-13 18:12:42,cust_6097698,DEHE,cash_loan,23987,12,604,medium,approved,23987,call_center,false,187
app_20250113_00002735,2025-01-13 20:31:39,cust_7246834,BENL,auto_loan,34235,24,817,low,approved,34235,partner,false,700
app_20250113_00002736,2025-01-13 19:22:03,cust_6321509,PLWA,auto_loan,45083,72,714,low,approved,45083,online_banking,true,171
app_20250113_00002737,2025-01-13 14:43:56,cust_5486548,SESV,personal_loan,37976,36,817,low,approved,37976,atm,false,266
app_20250113_00002738,2025-01-13 12:43:51,cust_4078474,NLAM,mortgage,321571,300,787,low,approved,321571,atm,false,734
app_20250113_00002739,2025-01-13 02:04:42,cust_925704,UKLO,credit_card,22737,18,672,medium,rejected,0,online_banking,false,137
app_20250113_00002740,2025-01-13 20:57:27,cust_8616999,ESMA,education_loan,33875,60,850,low,approved,33875,mobile_app,true,544
app_20250113_00002741,2025-01-13 19:53:17,cust_9315525,ATVI,refinance,441699,180,432,high,rejected,0,branch,false,15
app_20250113_00002742,2025-01-13 07:02:17,cust_1816576,CZPR,business_loan,24899,60,665,medium,rejected,0,branch,false,126
app_20250113_00002743,2025-01-13 04:48:47,cust_5891451,UKLO,cash_loan,29669,42,791,low,approved,29669,partner,true,469
app_20250113_00002744,2025-01-13 10:36:10,cust_2224410,PORP,cash_loan,21525,36,629,medium,approved,21525,online_banking,false,324
app_20250113_00002745,2025-01-13 08:55:48,cust_6034951,CZPR,personal_loan,42092,18,752,low,approved,42092,call_center,true,133
app_20250113_00002746,2025-01-13 13:27:40,cust_5162194,DEHE,business_loan,38772,60,628,medium,approved,38772,mobile,false,75
app_20250113_00002747,2025-01-13 06:45:24,cust_4303791,BENL,education_loan,29993,36,786,low,approved,29993,web,true,464
app_20250113_00002748,2025-01-13 17:40:32,cust_4946070,NLAM,credit_card,14934,30,572,medium,approved,14934,atm,true,41
app_20250113_00002749,2025-01-13 04:07:38,cust_3566910,BENL,business_loan,27027,36,666,medium,approved,27027,mobile_app,false,129
app_20250113_00002750,2025-01-13 14:02:41,cust_2884789,ATVI,business_loan,6408,60,718,low,approved,6408,branch,false,406
app_20250113_00002751,2025-01-13 17:56:06,cust_5246373,SESV,auto_loan,16775,36,644,medium,approved,16775,web,true,640
app_20250113_00002752,2025-01-13 20:28:09,cust_508639,SESV,refinance,431975,240,623,medium,approved,431975,call_center,false,611
app_20250113_00002753,2025-01-13 22:51:08,cust_5492465,ITMI,education_loan,23844,36,680,medium,rejected,0,atm,true,11
app_20250113_00002754,2025-01-13 08:41:30,cust_1290907,PORP,credit_card,22655,36,656,medium,approved,22655,partner,false,191
app_20250113_00002755,2025-01-13 00:24:55,cust_5834405,FRID,personal_loan,6085,36,627,medium,approved,6085,web,false,353
app_20250113_00002756,2025-01-13 19:28:31,cust_8534656,BENL,auto_loan,15062,48,677,medium,approved,15062,mobile,false,175
app_20250113_00002757,2025-01-13 22:17:08,cust_1613630,ESMA,credit_card,32638,24,705,low,approved,32638,branch,true,668
app_20250113_00002758,2025-01-13 08:17:38,cust_1004360,AUTR,auto_loan,26406,48,850,low,approved,26406,branch,true,60
app_20250113_00002759,2025-01-13 09:39:44,cust_2619826,GRRE,mortgage,91754,120,421,high,rejected,0,atm,true,106
app_20250113_00002760,2025-01-13 15:32:40,cust_4037290,DEHE,auto_loan,13903,48,533,medium,rejected,0,web,true,18
app_20250113_00002761,2025-01-13 23:06:55,cust_3726133,ESMA,credit_card,37290,24,582,medium,rejected,0,mobile_app,true,142
app_20250113_00002762,2025-01-13 05:36:22,cust_7924207,PLWA,refinance,168027,360,656,medium,approved,168027,atm,false,610
app_20250113_00002763,2025-01-13 23:08:28,cust_5543594,SESV,business_loan,21082,48,603,medium,rejected,0,atm,false,106
app_20250113_00002764,2025-01-13 05:09:57,cust_881175,BENL,refinance,88932,360,654,medium,rejected,0,mobile_app,true,70
app_20250113_00002765,2025-01-13 04:46:30,cust_7159643,CHBE,auto_loan,36210,24,716,low,approved,36210,call_center,true,44
app_20250113_00002766,2025-01-13 08:41:56,cust_7465644,ITMI,business_loan,11470,60,747,low,approved,11470,partner,true,626
app_20250113_00002767,2025-01-13 03:22:28,cust_8677001,NLAM,education_loan,9955,24,607,medium,approved,9955,call_center,true,452
app_20250113_00002768,2025-01-13 02:04:11,cust_9091073,UKLO,education_loan,31418,36,796,low,approved,31418,partner,false,36
app_20250113_00002769,2025-01-13 04:10:30,cust_160003,BENL,cash_loan,22422,18,587,medium,rejected,0,branch,false,145
app_20250113_00002770,2025-01-13 03:56:16,cust_603024,ESMA,refinance,285435,300,691,medium,approved,285435,web,true,59
app_20250113_00002771,2025-01-13 16:03:49,cust_6892052,FRID,personal_loan,24755,12,751,low,approved,24755,mobile,false,885
app_20250113_00002772,2025-01-13 00:55:43,cust_3782991,PORP,refinance,141454,120,684,medium,approved,141454,partner,false,537
app_20250113_00002773,2025-01-13 11:02:24,cust_4747886,PLWA,credit_card,30329,18,693,medium,approved,30329,mobile_app,false,426
app_20250113_00002774,2025-01-13 09:49:42,cust_3046332,DEHE,cash_loan,11393,24,566,medium,rejected,0,call_center,true,162
app_20250113_00002775,2025-01-13 22:00:01,cust_5222159,ESMA,credit_card,47821,30,776,low,approved,47821,atm,true,630
app_20250113_00002776,2025-01-13 17:45:44,cust_5031106,UKLO,auto_loan,38291,72,725,low,approved,38291,online_banking,false,395
app_20250113_00002777,2025-01-13 05:47:25,cust_5098162,PLWA,credit_card,46883,36,770,low,approved,46883,mobile,true,511
app_20250113_00002778,2025-01-13 10:05:23,cust_6255244,CZPR,personal_loan,15956,12,660,medium,rejected,0,atm,true,128
app_20250113_00002779,2025-01-13 13:40:21,cust_364334,ITMI,personal_loan,18725,12,654,medium,rejected,0,partner,false,157
app_20250113_00002780,2025-01-13 01:01:03,cust_3547050,AUTR,refinance,58892,300,804,low,approved,58892,web,false,113
app_20250113_00002781,2025-01-13 22:52:48,cust_3244517,PORP,cash_loan,28731,18,794,low,approved,28731,branch,false,754
app_20250113_00002782,2025-01-13 11:05:12,cust_2909185,FRID,refinance,406032,120,517,medium,rejected,0,call_center,true,29
app_20250113_00002783,2025-01-13 17:35:02,cust_2121859,CZPR,refinance,68375,120,559,medium,approved,68375,online_banking,false,642
app_20250113_00002784,2025-01-13 11:57:28,cust_4939453,ATVI,mortgage,186635,240,567,medium,rejected,0,online_banking,false,138
app_20250113_00002785,2025-01-13 04:31:35,cust_2673142,NLAM,mortgage,489129,120,657,medium,approved,489129,mobile,false,353
app_20250113_00002786,2025-01-13 08:49:33,cust_7812339,DEHE,business_loan,10572,12,629,medium,approved,10572,branch,false,732
app_20250113_00002787,2025-01-13 13:00:36,cust_1008416,UKLO,refinance,106661,120,644,medium,approved,106661,partner,false,746
app_20250113_00002788,2025-01-13 13:42:58,cust_6471608,CHBE,refinance,372333,240,645,medium,approved,372333,partner,false,583
app_20250113_00002789,2025-01-13 18:31:43,cust_6387458,ATVI,personal_loan,20789,18,735,low,approved,20789,online_banking,false,180
app_20250113_00002790,2025-01-13 08:04:39,cust_4520942,NLAM,mortgage,450691,360,615,medium,approved,450691,atm,false,206
app_20250113_00002791,2025-01-13 02:41:19,cust_2052967,PORP,cash_loan,33345,30,578,medium,rejected,0,call_center,true,130
app_20250113_00002792,2025-01-13 07:15:48,cust_7218976,AUTR,refinance,295267,240,541,medium,rejected,0,atm,true,166
app_20250113_00002793,2025-01-13 11:09:47,cust_4944866,ITMI,auto_loan,25490,60,419,high,rejected,0,mobile_app,false,142
app_20250113_00002794,2025-01-13 16:43:23,cust_3432865,CZPR,credit_card,39689,12,743,low,approved,39689,web,false,353
app_20250113_00002795,2025-01-13 15:27:25,cust_3618225,SESV,auto_loan,15504,24,690,medium,approved,15504,branch,true,658
app_20250113_00002796,2025-01-13 19:26:32,cust_1695899,CZPR,mortgage,385729,180,768,low,approved,385729,branch,false,712
app_20250113_00002797,2025-01-13 16:00:19,cust_1472193,ITMI,cash_loan,9968,48,570,medium,rejected,0,web,true,33
app_20250113_00002798,2025-01-13 23:41:55,cust_954513,PORP,education_loan,21159,12,735,low,approved,21159,atm,false,476
app_20250113_00002799,2025-01-13 03:36:01,cust_1369140,NLAM,cash_loan,29226,42,775,low,approved,29226,mobile_app,true,473
app_20250113_00002800,2025-01-13 15:03:33,cust_3652504,CZPR,refinance,357204,360,718,low,approved,357204,partner,false,555
app_20250113_00002801,2025-01-13 09:47:43,cust_1342671,CHBE,business_loan,16202,24,625,medium,rejected,0,online_banking,false,99
app_20250113_00002802,2025-01-13 04:48:22,cust_7380048,SESV,credit_card,47757,36,798,low,approved,47757,online_banking,true,533
app_20250113_00002803,2025-01-13 04:59:10,cust_5532716,DEHE,auto_loan,34582,48,456,high,rejected,0,branch,false,105
app_20250113_00002804,2025-01-13 20:23:34,cust_1463295,DEHE,mortgage,303839,300,592,medium,rejected,0,web,false,117
app_20250113_00002805,2025-01-13 18:35:21,cust_9463253,PORP,auto_loan,12163,36,765,low,rejected,0,partner,false,78
app_20250113_00002806,2025-01-13 13:59:11,cust_4142756,UKLO,business_loan,2343,60,825,low,approved,2343,online_banking,true,495
app_20250113_00002807,2025-01-13 19:31:39,cust_585562,PORP,auto_loan,19964,24,834,low,approved,19964,mobile,false,881
app_20250113_00002808,2025-01-13 18:53:13,cust_419911,GRRE,refinance,141509,360,532,medium,approved,141509,mobile,true,481
app_20250113_00002809,2025-01-13 20:01:33,cust_6681428,PORP,credit_card,23121,42,798,low,approved,23121,branch,false,416
app_20250113_00002810,2025-01-13 23:25:34,cust_983284,ESMA,credit_card,8237,36,611,medium,approved,8237,partner,true,794
app_20250113_00002811,2025-01-13 04:01:05,cust_4362269,ESMA,personal_loan,26373,18,428,high,approved,26373,branch,true,190
app_20250113_00002812,2025-01-13 12:14:33,cust_4248002,BENL,refinance,450027,300,777,low,approved,450027,mobile,false,748
app_20250113_00002813,2025-01-13 15:52:44,cust_746090,ITMI,credit_card,3001,48,591,medium,approved,3001,partner,false,478
app_20250113_00002814,2025-01-13 06:39:15,cust_2280353,UKLO,education_loan,30856,60,548,medium,rejected,0,mobile,true,22
app_20250113_00002815,2025-01-13 02:21:46,cust_356067,AUTR,credit_card,42358,48,624,medium,approved,42358,web,false,849
app_20250113_00002816,2025-01-13 10:11:50,cust_7004366,UKLO,credit_card,4972,12,661,medium,approved,4972,atm,false,354
app_20250113_00002817,2025-01-13 18:40:28,cust_8293706,PORP,education_loan,9275,60,749,low,approved,9275,mobile_app,false,761
app_20250113_00002818,2025-01-13 18:39:40,cust_1824409,PLWA,auto_loan,13132,60,559,medium,rejected,0,atm,false,129
app_20250113_00002819,2025-01-13 07:21:36,cust_4316164,GRRE,auto_loan,27244,48,542,medium,rejected,0,call_center,true,175
app_20250113_00002820,2025-01-13 03:36:58,cust_7789947,ITMI,refinance,358521,360,678,medium,rejected,0,online_banking,true,179
app_20250113_00002821,2025-01-13 01:31:29,cust_6448015,UKLO,credit_card,15949,36,613,medium,approved,15949,web,true,822
app_20250113_00002822,2025-01-13 04:00:23,cust_8819976,CHBE,cash_loan,19401,30,496,high,rejected,0,call_center,true,17
app_20250113_00002823,2025-01-13 05:05:22,cust_6112396,SESV,cash_loan,33436,36,567,medium,rejected,0,partner,true,70
app_20250113_00002824,2025-01-13 22:32:16,cust_8076969,ESMA,personal_loan,43132,24,498,high,rejected,0,branch,true,76
app_20250113_00002825,2025-01-13 11:20:08,cust_1261310,CZPR,cash_loan,37560,24,697,medium,approved,37560,mobile_app,false,129
app_20250113_00002826,2025-01-13 14:30:24,cust_5097763,CHBE,auto_loan,59962,48,561,medium,rejected,0,web,true,131
app_20250113_00002827,2025-01-13 21:55:44,cust_6026956,PORP,auto_loan,56052,72,483,high,rejected,0,branch,false,151
app_20250113_00002828,2025-01-13 15:25:45,cust_9545328,SESV,personal_loan,14124,18,583,medium,rejected,0,mobile_app,false,33
app_20250113_00002829,2025-01-13 11:07:35,cust_214405,FRID,credit_card,6248,48,663,medium,approved,6248,branch,true,618
app_20250113_00002830,2025-01-13 02:09:34,cust_4474231,PORP,business_loan,27005,36,667,medium,rejected,0,call_center,false,53
app_20250113_00002831,2025-01-13 04:37:02,cust_5927637,FRID,personal_loan,47150,36,592,medium,approved,47150,mobile_app,false,675
app_20250113_00002832,2025-01-13 18:05:28,cust_1310950,ITMI,mortgage,177642,240,701,low,approved,177642,mobile_app,true,151
app_20250113_00002833,2025-01-13 14:06:40,cust_2411810,BENL,refinance,453902,300,625,medium,approved,453902,web,true,603
app_20250113_00002834,2025-01-13 20:51:33,cust_7109057,DEHE,auto_loan,32905,60,630,medium,approved,32905,web,false,39
app_20250113_00002835,2025-01-13 22:56:48,cust_2581503,NLAM,mortgage,314108,180,691,medium,approved,314108,web,false,183
app_20250113_00002836,2025-01-13 11:04:18,cust_3324058,NLAM,refinance,183842,360,397,high,rejected,0,mobile_app,false,47
app_20250113_00002837,2025-01-13 04:54:35,cust_8572880,DEHE,personal_loan,34486,48,647,medium,rejected,0,mobile_app,true,38
app_20250113_00002838,2025-01-13 03:12:46,cust_3896016,CZPR,cash_loan,2009,24,614,medium,rejected,0,online_banking,false,139
app_20250113_00002839,2025-01-13 02:06:05,cust_7437318,ITMI,mortgage,296838,300,532,medium,rejected,0,branch,true,9
app_20250113_00002840,2025-01-13 18:22:30,cust_4082822,NLAM,credit_card,22693,30,704,low,approved,22693,web,true,258
app_20250113_00002841,2025-01-13 20:41:46,cust_3181159,ITMI,education_loan,24784,48,697,medium,approved,24784,partner,true,129
app_20250113_00002842,2025-01-13 06:57:44,cust_5138426,BENL,cash_loan,40048,30,850,low,approved,40048,branch,false,443
app_20250113_00002843,2025-01-13 03:30:54,cust_8383675,DEHE,cash_loan,23283,36,670,medium,approved,23283,mobile_app,false,367
app_20250113_00002844,2025-01-13 01:12:22,cust_2781571,PLWA,refinance,201772,300,591,medium,approved,201772,online_banking,true,735
app_20250113_00002845,2025-01-13 07:50:50,cust_849931,CZPR,auto_loan,41900,24,752,low,approved,41900,online_banking,true,80
app_20250113_00002846,2025-01-13 13:56:19,cust_7372850,CHBE,cash_loan,9185,36,694,medium,approved,9185,online_banking,true,76
app_20250113_00002847,2025-01-13 09:05:05,cust_9434425,DEHE,business_loan,35889,12,565,medium,approved,35889,partner,true,178
app_20250113_00002848,2025-01-13 21:27:04,cust_3126982,ESMA,mortgage,316818,360,783,low,approved,316818,online_banking,true,205
app_20250113_00002849,2025-01-13 14:25:33,cust_6572434,ITMI,refinance,155505,300,644,medium,approved,155505,call_center,true,681
app_20250113_00002850,2025-01-13 13:35:35,cust_8649429,PORP,refinance,65699,240,712,low,approved,65699,mobile_app,false,334
app_20250113_00002851,2025-01-13 09:59:35,cust_417626,ATVI,business_loan,22756,24,673,medium,rejected,0,atm,true,158
app_20250113_00002852,2025-01-13 04:58:03,cust_7497455,GRRE,business_loan,11003,48,575,medium,rejected,0,web,false,7
app_20250113_00002853,2025-01-13 17:43:29,cust_6026085,PORP,auto_loan,23785,60,746,low,approved,23785,online_banking,true,86
app_20250113_00002854,2025-01-13 15:20:01,cust_5666974,PLWA,personal_loan,45077,24,651,medium,rejected,0,partner,true,67
app_20250113_00002855,2025-01-13 10:26:13,cust_6394278,ITMI,refinance,456616,360,621,medium,rejected,0,call_center,true,71
app_20250113_00002856,2025-01-13 01:31:22,cust_1934134,ESMA,personal_loan,44156,48,753,low,approved,44156,web,true,771
app_20250113_00002857,2025-01-13 14:41:05,cust_5967363,GRRE,mortgage,53090,180,825,low,approved,53090,web,true,865
app_20250113_00002858,2025-01-13 12:58:40,cust_372209,NLAM,business_loan,34869,48,438,high,rejected,0,call_center,true,33
app_20250113_00002859,2025-01-13 23:51:51,cust_4835980,AUTR,education_loan,4857,12,765,low,approved,4857,mobile_app,false,449
app_20250113_00002860,2025-01-13 10:10:21,cust_6251799,NLAM,mortgage,467428,120,728,low,approved,467428,call_center,false,261
app_20250113_00002861,2025-01-13 04:14:48,cust_3733714,PORP,auto_loan,49055,72,527,medium,rejected,0,partner,false,115
app_20250113_00002862,2025-01-13 03:29:44,cust_7769237,ATVI,auto_loan,47021,48,708,low,approved,47021,partner,true,166
app_20250113_00002863,2025-01-13 10:25:31,cust_7958365,UKLO,mortgage,268116,300,734,low,approved,268116,mobile_app,false,502
app_20250113_00002864,2025-01-13 17:32:06,cust_7940559,ATVI,education_loan,2395,60,609,medium,approved,2395,partner,false,191
app_20250113_00002865,2025-01-13 08:51:20,cust_8593950,NLAM,education_loan,29921,60,510,medium,rejected,0,mobile,true,61
app_20250113_00002866,2025-01-13 13:10:28,cust_8603755,PLWA,auto_loan,48755,60,722,low,approved,48755,mobile_app,true,580
app_20250113_00002867,2025-01-13 19:06:07,cust_4023976,NLAM,cash_loan,44804,30,493,high,rejected,0,branch,false,62
app_20250113_00002868,2025-01-13 12:43:18,cust_9614475,NLAM,cash_loan,5237,48,767,low,approved,5237,mobile_app,false,402
app_20250113_00002869,2025-01-13 10:50:26,cust_1256614,PORP,personal_loan,7022,36,785,low,approved,7022,branch,true,377
app_20250113_00002870,2025-01-13 13:11:33,cust_4921408,BENL,education_loan,31369,12,596,medium,rejected,0,web,true,111
app_20250113_00002871,2025-01-13 05:59:01,cust_4239374,NLAM,personal_loan,37270,12,609,medium,approved,37270,call_center,false,60
app_20250113_00002872,2025-01-13 23:45:16,cust_954098,CHBE,credit_card,33884,30,631,medium,approved,33884,branch,false,457
app_20250113_00002873,2025-01-13 20:33:07,cust_1469789,ESMA,mortgage,164944,120,529,medium,rejected,0,online_banking,true,42
app_20250113_00002874,2025-01-13 07:22:46,cust_2036516,CHBE,mortgage,281623,240,770,low,approved,281623,partner,true,899
app_20250113_00002875,2025-01-13 06:48:42,cust_1880660,ATVI,cash_loan,25674,30,482,high,approved,25674,online_banking,false,383
app_20250113_00002876,2025-01-13 12:26:27,cust_2735593,PORP,mortgage,178617,360,470,high,rejected,0,mobile_app,true,13
app_20250113_00002877,2025-01-13 04:44:06,cust_9550184,BENL,cash_loan,24191,36,582,medium,approved,24191,atm,true,64
app_20250113_00002878,2025-01-13 20:51:32,cust_6769978,ESMA,business_loan,22561,48,608,medium,approved,22561,atm,false,607
app_20250113_00002879,2025-01-13 21:48:14,cust_2253763,NLAM,credit_card,18185,18,582,medium,rejected,0,web,false,12
app_20250113_00002880,2025-01-13 04:57:35,cust_6111143,ATVI,mortgage,349274,120,662,medium,rejected,0,mobile_app,true,5
app_20250113_00002881,2025-01-13 13:47:07,cust_622567,ATVI,cash_loan,23058,12,719,low,approved,23058,mobile,false,833
app_20250113_00002882,2025-01-13 01:54:19,cust_786254,ESMA,refinance,143753,120,803,low,approved,143753,atm,true,734
app_20250113_00002883,2025-01-13 20:00:09,cust_9249466,CZPR,cash_loan,18215,24,522,medium,rejected,0,branch,false,102
app_20250113_00002884,2025-01-13 14:13:40,cust_3527504,ITMI,credit_card,28353,24,632,medium,rejected,0,web,false,167
app_20250113_00002885,2025-01-13 10:43:07,cust_9393515,FRID,mortgage,407960,240,793,low,approved,407960,call_center,false,173
app_20250113_00002886,2025-01-13 21:13:27,cust_5456226,SESV,personal_loan,2963,48,608,medium,rejected,0,online_banking,true,104
app_20250113_00002887,2025-01-13 13:59:04,cust_9430804,CHBE,refinance,157123,180,664,medium,rejected,0,mobile,false,6
app_20250113_00002888,2025-01-13 15:30:24,cust_5916519,CHBE,mortgage,210268,300,425,high,approved,210268,mobile,false,303
app_20250113_00002889,2025-01-13 09:31:50,cust_3220070,PLWA,personal_loan,41659,24,696,medium,approved,41659,web,true,740
app_20250113_00002890,2025-01-13 21:27:45,cust_779004,FRID,auto_loan,50954,60,415,high,rejected,0,mobile_app,true,131
app_20250113_00002891,2025-01-13 05:09:47,cust_5722846,ATVI,credit_card,35851,24,693,medium,rejected,0,call_center,true,160
app_20250113_00002892,2025-01-13 13:59:08,cust_8082070,SESV,cash_loan,27445,36,793,low,approved,27445,mobile,false,42
app_20250113_00002893,2025-01-13 11:24:52,cust_4808285,CHBE,cash_loan,42814,36,635,medium,approved,42814,call_center,true,257
app_20250113_00002894,2025-01-13 15:30:47,cust_2942524,PORP,credit_card,31236,18,632,medium,approved,31236,partner,true,698
app_20250113_00002895,2025-01-13 08:49:12,cust_4161372,FRID,education_loan,38953,24,740,low,approved,38953,call_center,false,94
app_20250113_00002896,2025-01-13 16:12:05,cust_3516802,PORP,education_loan,21178,48,697,medium,rejected,0,web,false,80
app_20250113_00002897,2025-01-13 06:04:14,cust_7248403,FRID,auto_loan,44273,36,489,high,approved,44273,atm,true,856
app_20250113_00002898,2025-01-13 20:32:27,cust_5860532,ATVI,business_loan,30127,36,691,medium,approved,30127,partner,true,899
app_20250113_00002899,2025-01-13 21:38:36,cust_5587358,NLAM,education_loan,17451,48,546,medium,rejected,0,atm,false,147
app_20250113_00002900,2025-01-13 03:28:37,cust_9119340,AUTR,business_loan,26187,24,773,low,approved,26187,online_banking,true,738
app_20250113_00002901,2025-01-13 15:03:45,cust_234598,UKLO,refinance,316522,180,531,medium,approved,316522,web,false,357
app_20250113_00002902,2025-01-13 21:30:30,cust_8686605,ESMA,education_loan,24809,36,461,high,rejected,0,mobile,false,9
app_20250113_00002903,2025-01-13 23:19:13,cust_741901,UKLO,mortgage,309657,240,612,medium,approved,309657,branch,true,109
app_20250113_00002904,2025-01-13 00:32:59,cust_9324881,PORP,business_loan,28688,24,814,low,approved,28688,mobile,true,610
app_20250113_00002905,2025-01-13 04:59:15,cust_279195,GRRE,education_loan,8881,48,742,low,approved,8881,call_center,false,721
app_20250113_00002906,2025-01-13 07:39:09,cust_6763974,FRID,mortgage,265034,180,590,medium,approved,265034,call_center,true,234
app_20250113_00002907,2025-01-13 17:16:04,cust_6768344,SESV,business_loan,4817,12,537,medium,approved,4817,mobile_app,true,515
app_20250113_00002908,2025-01-13 11:33:41,cust_6186571,ITMI,refinance,396989,120,468,high,rejected,0,atm,true,180
app_20250113_00002909,2025-01-13 01:00:55,cust_8482642,AUTR,business_loan,33029,36,667,medium,approved,33029,online_banking,true,293
app_20250113_00002910,2025-01-13 19:59:25,cust_8942730,PORP,refinance,419176,240,624,medium,approved,419176,mobile,false,258
app_20250113_00002911,2025-01-13 22:57:19,cust_8998985,ITMI,credit_card,22169,36,700,low,approved,22169,mobile,false,405
app_20250113_00002912,2025-01-13 00:39:14,cust_6491313,FRID,auto_loan,48597,60,592,medium,rejected,0,call_center,true,151
app_20250113_00002913,2025-01-13 02:49:20,cust_9253538,SESV,personal_loan,23742,12,575,medium,rejected,0,atm,true,77
app_20250113_00002914,2025-01-13 20:37:37,cust_913989,CZPR,business_loan,26074,36,689,medium,rejected,0,atm,true,5
app_20250113_00002915,2025-01-13 05:57:22,cust_1599902,AUTR,business_loan,9494,36,680,medium,approved,9494,call_center,true,253
app_20250113_00002916,2025-01-13 14:48:52,cust_1727422,UKLO,credit_card,44520,48,781,low,rejected,0,partner,false,71
app_20250113_00002917,2025-01-13 14:29:54,cust_727967,UKLO,cash_loan,31625,30,479,high,rejected,0,mobile,false,43
app_20250113_00002918,2025-01-13 21:55:04,cust_5123091,AUTR,refinance,73807,360,524,medium,rejected,0,mobile_app,false,69
app_20250113_00002919,2025-01-13 12:20:01,cust_1683110,SESV,mortgage,267323,360,661,medium,approved,267323,mobile_app,false,48
app_20250113_00002920,2025-01-13 22:10:02,cust_7382380,FRID,auto_loan,24222,60,646,medium,rejected,0,branch,true,122
app_20250113_00002921,2025-01-13 04:11:20,cust_8771301,FRID,credit_card,42867,48,466,high,rejected,0,online_banking,true,83
app_20250113_00002922,2025-01-13 09:42:28,cust_8522313,AUTR,refinance,293344,240,663,medium,approved,293344,mobile,false,520
app_20250113_00002923,2025-01-13 01:48:09,cust_9198025,GRRE,mortgage,234657,300,816,low,approved,234657,online_banking,true,586
app_20250113_00002924,2025-01-13 01:11:59,cust_2924440,GRRE,refinance,159360,180,464,high,approved,159360,call_center,false,61
app_20250113_00002925,2025-01-13 12:16:12,cust_3367088,DEHE,refinance,185011,240,691,medium,approved,185011,atm,true,688
app_20250113_00002926,2025-01-13 15:12:25,cust_245941,ATVI,auto_loan,25357,36,409,high,rejected,0,mobile_app,false,156
app_20250113_00002927,2025-01-13 22:52:26,cust_4258661,CZPR,credit_card,40070,48,560,medium,rejected,0,web,false,170
app_20250113_00002928,2025-01-13 22:12:52,cust_5117800,DEHE,education_loan,36344,60,482,high,rejected,0,call_center,true,57
app_20250113_00002929,2025-01-13 01:04:46,cust_2277405,AUTR,credit_card,25389,24,690,medium,rejected,0,call_center,true,91
app_20250113_00002930,2025-01-13 08:08:18,cust_505205,CHBE,education_loan,9047,36,711,low,rejected,0,partner,true,124
app_20250113_00002931,2025-01-13 14:59:06,cust_2152795,PLWA,cash_loan,26731,24,507,medium,approved,26731,branch,false,110
app_20250113_00002932,2025-01-13 16:46:37,cust_6641963,PLWA,personal_loan,14167,18,569,medium,approved,14167,branch,false,533
app_20250113_00002933,2025-01-13 20:34:01,cust_2550719,DEHE,business_loan,2926,12,623,medium,approved,2926,web,true,104
app_20250113_00002934,2025-01-13 16:10:14,cust_5483296,ESMA,refinance,216256,360,492,high,approved,216256,mobile,true,884
app_20250113_00002935,2025-01-13 15:04:38,cust_2915528,SESV,cash_loan,32327,48,612,medium,rejected,0,mobile,false,23
app_20250113_00002936,2025-01-13 11:02:41,cust_6205745,ATVI,auto_loan,27720,48,674,medium,approved,27720,online_banking,true,341
app_20250113_00002937,2025-01-13 11:34:30,cust_9007911,PORP,mortgage,416837,300,566,medium,approved,416837,atm,true,200
app_20250113_00002938,2025-01-13 13:05:15,cust_3218198,BENL,auto_loan,13915,24,608,medium,approved,13915,mobile,true,371
app_20250113_00002939,2025-01-13 20:41:50,cust_9238519,NLAM,business_loan,4176,24,594,medium,rejected,0,mobile,true,170
app_20250113_00002940,2025-01-13 09:00:07,cust_3276832,PORP,business_loan,14599,48,694,medium,approved,14599,mobile,true,375
app_20250113_00002941,2025-01-13 15:16:21,cust_8738130,AUTR,refinance,421758,240,727,low,approved,421758,online_banking,true,588
app_20250113_00002942,2025-01-13 18:38:20,cust_7272193,FRID,cash_loan,31064,42,831,low,approved,31064,web,false,94
app_20250113_00002943,2025-01-13 22:23:14,cust_3400217,NLAM,personal_loan,20270,18,680,medium,approved,20270,partner,false,536
app_20250113_00002944,2025-01-13 17:09:38,cust_4915137,CZPR,refinance,151155,240,537,medium,approved,151155,web,false,537
app_20250113_00002945,2025-01-13 08:53:50,cust_6748838,NLAM,education_loan,16099,48,604,medium,approved,16099,atm,true,538
app_20250113_00002946,2025-01-13 14:54:57,cust_7831307,NLAM,refinance,155186,240,751,low,approved,155186,partner,true,827
app_20250113_00002947,2025-01-13 10:57:22,cust_2776245,GRRE,cash_loan,44638,48,755,low,approved,44638,call_center,true,270
app_20250113_00002948,2025-01-13 18:46:57,cust_8830095,FRID,education_loan,10350,60,758,low,approved,10350,atm,true,758
app_20250113_00002949,2025-01-13 22:10:00,cust_5084863,GRRE,personal_loan,34663,36,635,medium,rejected,0,branch,false,128
app_20250113_00002950,2025-01-13 11:36:48,cust_2970213,DEHE,mortgage,369162,120,581,medium,rejected,0,mobile_app,false,138
app_20250113_00002951,2025-01-13 20:59:14,cust_3371969,UKLO,business_loan,35614,24,696,medium,rejected,0,atm,true,177
app_20250113_00002952,2025-01-13 12:18:51,cust_6472641,CZPR,business_loan,8785,36,679,medium,rejected,0,online_banking,false,18
app_20250113_00002953,2025-01-13 07:40:15,cust_7170723,AUTR,personal_loan,36540,18,494,high,approved,36540,web,true,738
app_20250113_00002954,2025-01-13 16:36:44,cust_8545376,CHBE,education_loan,14936,60,595,medium,rejected,0,mobile,false,131
app_20250113_00002955,2025-01-13 03:05:20,cust_8530002,NLAM,cash_loan,4991,18,609,medium,approved,4991,mobile,true,35
app_20250113_00002956,2025-01-13 16:47:00,cust_543599,GRRE,personal_loan,41311,36,700,low,approved,41311,branch,false,683
app_20250113_00002957,2025-01-13 15:53:07,cust_930183,FRID,mortgage,297861,240,669,medium,rejected,0,atm,false,22
app_20250113_00002958,2025-01-13 17:45:19,cust_8366177,CZPR,auto_loan,46169,72,622,medium,approved,46169,branch,true,891
app_20250113_00002959,2025-01-13 15:06:05,cust_4161308,ATVI,mortgage,236172,120,665,medium,rejected,0,mobile,false,114
app_20250113_00002960,2025-01-13 10:00:19,cust_1270753,GRRE,education_loan,39933,48,733,low,approved,39933,web,false,192
app_20250113_00002961,2025-01-13 21:06:31,cust_9248770,PORP,refinance,139120,300,736,low,approved,139120,online_banking,true,186
app_20250113_00002962,2025-01-13 04:37:17,cust_8341441,FRID,cash_loan,39512,24,637,medium,approved,39512,online_banking,false,634
app_20250113_00002963,2025-01-13 07:36:58,cust_964460,AUTR,credit_card,39751,30,746,low,approved,39751,mobile,false,198
app_20250113_00002964,2025-01-13 04:40:21,cust_3795993,DEHE,personal_loan,44043,30,567,medium,rejected,0,atm,false,115
app_20250113_00002965,2025-01-13 08:14:07,cust_9463033,CHBE,credit_card,46743,18,649,medium,approved,46743,online_banking,false,595
app_20250113_00002966,2025-01-13 09:58:50,cust_8952902,FRID,education_loan,3145,60,485,high,rejected,0,branch,true,150
app_20250113_00002967,2025-01-13 07:59:58,cust_196731,ESMA,personal_loan,7923,42,546,medium,rejected,0,atm,false,126
app_20250113_00002968,2025-01-13 20:12:13,cust_5280514,ITMI,mortgage,380315,240,645,medium,rejected,0,atm,false,140
app_20250113_00002969,2025-01-13 10:30:20,cust_6184453,UKLO,mortgage,365233,240,718,low,rejected,0,mobile,true,11
app_20250113_00002970,2025-01-13 21:40:20,cust_8320570,SESV,personal_loan,8988,12,688,medium,approved,8988,partner,true,469
app_20250113_00002971,2025-01-13 17:59:56,cust_9211602,ATVI,business_loan,28492,60,679,medium,rejected,0,atm,true,12
app_20250113_00002972,2025-01-13 12:09:29,cust_8580372,GRRE,education_loan,34571,24,706,low,approved,34571,mobile,true,444
app_20250113_00002973,2025-01-13 15:53:38,cust_6341985,DEHE,mortgage,347753,240,712,low,rejected,0,branch,true,30
app_20250113_00002974,2025-01-13 12:56:22,cust_6467578,DEHE,credit_card,2754,30,584,medium,rejected,0,mobile_app,true,42
app_20250113_00002975,2025-01-13 14:27:43,cust_9070917,SESV,business_loan,35987,48,504,medium,approved,35987,branch,false,415
app_20250113_00002976,2025-01-13 23:21:58,cust_8620385,PLWA,refinance,252747,180,571,medium,approved,252747,call_center,false,514
app_20250113_00002977,2025-01-13 08:18:50,cust_5480334,AUTR,personal_loan,3526,30,436,high,rejected,0,web,true,11
app_20250113_00002978,2025-01-13 14:40:22,cust_2857989,NLAM,credit_card,1349,36,560,medium,approved,1349,mobile_app,false,431
app_20250113_00002979,2025-01-13 20:28:36,cust_2366775,ITMI,mortgage,464752,300,544,medium,rejected,0,mobile_app,false,143
app_20250113_00002980,2025-01-13 15:39:37,cust_2770186,ITMI,refinance,395014,300,500,medium,approved,395014,mobile_app,false,815
app_20250113_00002981,2025-01-13 11:17:46,cust_9637628,CHBE,cash_loan,21539,30,661,medium,approved,21539,web,true,663
app_20250113_00002982,2025-01-13 14:58:06,cust_6310375,CZPR,cash_loan,30033,30,792,low,approved,30033,web,true,509
app_20250113_00002983,2025-01-13 08:30:28,cust_1355586,PLWA,refinance,50776,240,823,low,approved,50776,branch,false,786
app_20250113_00002984,2025-01-13 15:33:58,cust_1749384,ATVI,credit_card,13777,24,623,medium,approved,13777,mobile_app,true,804
app_20250113_00002985,2025-01-13 05:22:15,cust_7482266,NLAM,business_loan,18744,36,622,medium,approved,18744,call_center,true,526
app_20250113_00002986,2025-01-13 04:49:53,cust_6736138,AUTR,refinance,198347,360,733,low,approved,198347,mobile_app,false,487
app_20250113_00002987,2025-01-13 04:51:24,cust_9644796,ESMA,personal_loan,6439,24,630,medium,approved,6439,partner,true,854
app_20250113_00002988,2025-01-13 22:12:43,cust_1133137,BENL,mortgage,435270,240,650,medium,approved,435270,atm,true,550
app_20250113_00002989,2025-01-13 14:10:45,cust_1620732,UKLO,business_loan,38917,12,709,low,approved,38917,call_center,false,378
app_20250113_00002990,2025-01-13 23:17:51,cust_384526,CHBE,business_loan,13657,24,742,low,approved,13657,partner,true,61
app_20250113_00002991,2025-01-13 10:10:30,cust_1037306,SESV,credit_card,29168,30,607,medium,approved,29168,mobile,false,381
app_20250113_00002992,2025-01-13 11:08:31,cust_7892145,CHBE,personal_loan,6837,24,771,low,approved,6837,mobile_app,true,749
app_20250113_00002993,2025-01-13 11:49:45,cust_7512249,DEHE,refinance,157532,120,832,low,approved,157532,partner,true,313
app_20250113_00002994,2025-01-13 13:39:11,cust_160202,GRRE,auto_loan,16184,60,665,medium,approved,16184,call_center,true,383
app_20250113_00002995,2025-01-13 23:42:54,cust_318704,BENL,mortgage,129812,180,701,low,approved,129812,web,false,858
app_20250113_00002996,2025-01-13 14:07:10,cust_4505470,FRID,cash_loan,42131,48,543,medium,rejected,0,atm,true,95
app_20250113_00002997,2025-01-13 01:20:45,cust_938710,UKLO,credit_card,28083,30,518,medium,rejected,0,mobile,true,90
app_20250113_00002998,2025-01-13 14:16:54,cust_986205,PORP,personal_loan,42494,36,484,high,rejected,0,atm,false,35
app_20250113_00002999,2025-01-13 07:59:01,cust_8727185,ESMA,personal_loan,7404,30,602,medium,rejected,0,call_center,true,154
app_20250113_00003000,2025-01-13 20:39:21,cust_2946663,ESMA,education_loan,28032,24,548,medium,rejected,0,mobile_app,true,80
app_20250113_00003001,2025-01-13 23:21:55,cust_3954787,NLAM,auto_loan,35025,72,760,low,approved,35025,atm,true,557
app_20250113_00003002,2025-01-13 03:02:31,cust_6002555,NLAM,auto_loan,51222,24,566,medium,rejected,0,online_banking,true,49
app_20250113_00003003,2025-01-13 20:25:07,cust_5816567,ESMA,education_loan,32165,12,713,low,approved,32165,mobile,true,81
app_20250113_00003004,2025-01-13 09:21:06,cust_3981389,GRRE,education_loan,28001,60,654,medium,approved,28001,partner,false,710
app_20250113_00003005,2025-01-13 19:18:25,cust_8902171,BENL,cash_loan,40948,36,570,medium,rejected,0,call_center,true,140
app_20250113_00003006,2025-01-13 05:27:51,cust_9649053,NLAM,auto_loan,46473,36,778,low,approved,46473,atm,false,163
app_20250113_00003007,2025-01-13 05:49:52,cust_2676408,AUTR,auto_loan,40427,24,511,medium,rejected,0,mobile_app,false,130
app_20250113_00003008,2025-01-13 11:52:05,cust_9499772,SESV,mortgage,118943,300,645,medium,rejected,0,branch,false,29
app_20250113_00003009,2025-01-13 01:35:43,cust_1055665,PLWA,credit_card,6522,30,685,medium,approved,6522,call_center,true,576
app_20250113_00003010,2025-01-13 11:49:04,cust_7823374,ESMA,refinance,450535,360,577,medium,approved,450535,partner,true,673
app_20250113_00003011,2025-01-13 09:02:36,cust_1880106,CHBE,refinance,107980,240,638,medium,approved,107980,online_banking,true,800
app_20250113_00003012,2025-01-13 02:20:32,cust_9682615,ATVI,cash_loan,11422,48,819,low,approved,11422,call_center,true,547
app_20250113_00003013,2025-01-13 21:01:05,cust_8491310,DEHE,personal_loan,10113,30,614,medium,rejected,0,web,true,12
app_20250113_00003014,2025-01-13 02:57:53,cust_2605669,AUTR,business_loan,12515,24,666,medium,approved,12515,atm,false,708
app_20250113_00003015,2025-01-13 09:22:39,cust_5070416,PLWA,personal_loan,17693,24,693,medium,rejected,0,web,false,145
app_20250113_00003016,2025-01-13 23:33:34,cust_5473885,BENL,credit_card,4899,42,708,low,approved,4899,atm,true,464
app_20250113_00003017,2025-01-13 00:44:49,cust_2231054,FRID,auto_loan,18545,24,596,medium,rejected,0,atm,true,43
app_20250113_00003018,2025-01-13 22:51:46,cust_7333788,AUTR,auto_loan,30728,36,595,medium,rejected,0,online_banking,true,115
app_20250113_00003019,2025-01-13 08:33:40,cust_7572614,PLWA,refinance,491392,120,683,medium,approved,491392,online_banking,false,383
app_20250113_00003020,2025-01-13 00:31:02,cust_8673792,SESV,credit_card,47680,30,559,medium,approved,47680,mobile,false,454
app_20250113_00003021,2025-01-13 18:43:52,cust_205339,ESMA,business_loan,39898,24,588,medium,approved,39898,call_center,true,600
app_20250113_00003022,2025-01-13 02:48:39,cust_4633490,PORP,mortgage,199826,180,545,medium,approved,199826,call_center,true,670
app_20250113_00003023,2025-01-13 10:38:00,cust_1618763,UKLO,education_loan,30963,12,567,medium,rejected,0,branch,false,157
app_20250113_00003024,2025-01-13 19:57:33,cust_9219463,PORP,credit_card,32124,30,611,medium,approved,32124,partner,true,143
app_20250113_00003025,2025-01-13 13:25:30,cust_882875,CHBE,auto_loan,26103,36,557,medium,approved,26103,mobile_app,false,98
app_20250113_00003026,2025-01-13 16:30:17,cust_3861148,CZPR,auto_loan,46877,72,570,medium,rejected,0,mobile_app,true,16
app_20250113_00003027,2025-01-13 07:38:40,cust_1244718,PLWA,auto_loan,36807,72,538,medium,approved,36807,web,true,412
app_20250113_00003028,2025-01-13 10:56:20,cust_4027944,ATVI,education_loan,27750,12,646,medium,approved,27750,mobile,true,104
app_20250113_00003029,2025-01-13 17:35:09,cust_1713159,BENL,credit_card,39049,30,633,medium,approved,39049,atm,true,195
app_20250113_00003030,2025-01-13 13:21:16,cust_8895617,DEHE,auto_loan,21418,36,603,medium,rejected,0,web,true,152
app_20250113_00003031,2025-01-13 18:17:57,cust_4739910,NLAM,refinance,117930,240,713,low,approved,117930,branch,false,238
app_20250113_00003032,2025-01-13 15:02:26,cust_2796045,UKLO,education_loan,12108,60,692,medium,approved,12108,atm,true,710
app_20250113_00003033,2025-01-13 00:04:06,cust_2494180,CHBE,auto_loan,14403,72,598,medium,rejected,0,mobile_app,false,168
app_20250113_00003034,2025-01-13 00:00:25,cust_1180670,DEHE,personal_loan,10960,42,736,low,rejected,0,online_banking,true,168
app_20250113_00003035,2025-01-13 23:45:19,cust_4867659,GRRE,mortgage,204050,360,662,medium,approved,204050,web,false,61
app_20250113_00003036,2025-01-13 11:24:53,cust_101910,DEHE,business_loan,20499,12,698,medium,rejected,0,atm,true,150
app_20250113_00003037,2025-01-13 09:15:27,cust_6279001,CZPR,mortgage,287809,300,537,medium,approved,287809,web,true,201
app_20250113_00003038,2025-01-13 17:29:09,cust_6092990,GRRE,mortgage,120652,300,603,medium,rejected,0,call_center,true,26
app_20250113_00003039,2025-01-13 06:39:01,cust_348599,ATVI,refinance,312741,360,682,medium,approved,312741,atm,true,564
app_20250113_00003040,2025-01-13 10:45:54,cust_2345764,PORP,refinance,69106,300,675,medium,rejected,0,mobile_app,false,104
app_20250113_00003041,2025-01-13 22:44:16,cust_4792020,NLAM,education_loan,37563,12,583,medium,rejected,0,online_banking,false,128
app_20250113_00003042,2025-01-13 13:58:59,cust_457510,ESMA,credit_card,28360,42,684,medium,approved,28360,atm,false,130
app_20250113_00003043,2025-01-13 20:32:25,cust_3836191,ESMA,refinance,245817,240,633,medium,approved,245817,mobile_app,true,856
app_20250113_00003044,2025-01-13 12:41:35,cust_6695740,FRID,auto_loan,35913,24,626,medium,rejected,0,branch,true,32
app_20250113_00003045,2025-01-13 11:11:04,cust_3600390,UKLO,business_loan,16145,48,529,medium,rejected,0,mobile,false,49
app_20250113_00003046,2025-01-13 09:19:24,cust_2336144,PLWA,business_loan,39173,36,651,medium,approved,39173,online_banking,false,743
app_20250113_00003047,2025-01-13 19:37:00,cust_8424834,GRRE,business_loan,11708,36,737,low,approved,11708,branch,false,258
app_20250113_00003048,2025-01-13 03:58:14,cust_1049905,UKLO,business_loan,35827,36,485,high,rejected,0,mobile_app,true,43
app_20250113_00003049,2025-01-13 19:13:27,cust_190569,AUTR,business_loan,9562,12,650,medium,approved,9562,online_banking,false,892
app_20250113_00003050,2025-01-13 12:09:09,cust_6660774,AUTR,business_loan,37131,60,705,low,approved,37131,web,true,631
app_20250113_00003051,2025-01-13 02:53:06,cust_3472747,SESV,business_loan,36672,48,843,low,approved,36672,call_center,true,343
app_20250113_00003052,2025-01-13 20:45:09,cust_8067541,ESMA,auto_loan,17653,24,524,medium,approved,17653,atm,false,231
app_20250113_00003053,2025-01-13 12:35:13,cust_8145527,GRRE,mortgage,233587,120,808,low,rejected,0,call_center,true,109
app_20250113_00003054,2025-01-13 08:13:04,cust_3135236,CHBE,mortgage,208684,360,742,low,approved,208684,atm,true,387
app_20250113_00003055,2025-01-13 07:19:57,cust_9757468,DEHE,credit_card,23290,36,665,medium,approved,23290,web,true,164
app_20250113_00003056,2025-01-13 10:26:43,cust_3837662,CHBE,credit_card,9557,24,630,medium,approved,9557,web,true,622
app_20250113_00003057,2025-01-13 03:32:33,cust_4749089,UKLO,auto_loan,35219,60,641,medium,approved,35219,mobile,false,392
app_20250113_00003058,2025-01-13 07:35:31,cust_2807220,CZPR,credit_card,49973,12,625,medium,approved,49973,online_banking,true,856
app_20250113_00003059,2025-01-13 21:43:40,cust_6715218,GRRE,cash_loan,47965,36,650,medium,approved,47965,mobile,true,287
app_20250113_00003060,2025-01-13 12:43:44,cust_7085320,DEHE,business_loan,8888,60,620,medium,rejected,0,web,false,59
app_20250113_00003061,2025-01-13 16:11:04,cust_5581629,BENL,business_loan,25444,48,850,low,approved,25444,atm,false,479
app_20250113_00003062,2025-01-13 22:16:27,cust_399971,NLAM,credit_card,31229,18,572,medium,approved,31229,call_center,true,323
app_20250113_00003063,2025-01-13 17:22:14,cust_999975,PORP,education_loan,30284,12,693,medium,approved,30284,call_center,false,357
app_20250113_00003064,2025-01-13 03:17:52,cust_3003675,PORP,education_loan,39917,36,633,medium,rejected,0,atm,true,65
app_20250113_00003065,2025-01-13 22:06:58,cust_4814857,AUTR,personal_loan,11948,18,641,medium,approved,11948,branch,false,648
app_20250113_00003066,2025-01-13 22:26:40,cust_2251388,DEHE,cash_loan,28817,30,685,medium,rejected,0,mobile,true,44
app_20250113_00003067,2025-01-13 05:24:12,cust_9408004,CHBE,personal_loan,13504,42,806,low,approved,13504,online_banking,true,711
app_20250113_00003068,2025-01-13 01:51:23,cust_7564097,AUTR,education_loan,13776,24,728,low,approved,13776,mobile,false,620
app_20250113_00003069,2025-01-13 02:48:57,cust_5489273,PORP,mortgage,128042,240,620,medium,approved,128042,partner,false,559
app_20250113_00003070,2025-01-13 08:29:49,cust_6009918,DEHE,refinance,168208,360,493,high,rejected,0,partner,true,85
app_20250113_00003071,2025-01-13 07:43:12,cust_6979395,ITMI,credit_card,49531,12,551,medium,approved,49531,call_center,false,117
app_20250113_00003072,2025-01-13 02:32:19,cust_2069939,ITMI,business_loan,5104,60,519,medium,approved,5104,mobile,false,485
app_20250113_00003073,2025-01-13 14:03:21,cust_7092924,ESMA,mortgage,429022,180,548,medium,approved,429022,mobile,false,549
app_20250113_00003074,2025-01-13 17:24:43,cust_6645115,DEHE,mortgage,52591,240,846,low,approved,52591,branch,true,811
app_20250113_00003075,2025-01-13 02:37:07,cust_6698882,CHBE,credit_card,36535,30,543,medium,rejected,0,mobile,false,68
app_20250113_00003076,2025-01-13 21:04:51,cust_4430953,PORP,business_loan,13523,48,704,low,approved,13523,atm,true,588
app_20250113_00003077,2025-01-13 02:51:25,cust_7646047,ESMA,cash_loan,37927,30,557,medium,rejected,0,mobile_app,false,147
app_20250113_00003078,2025-01-13 14:54:55,cust_9874962,ESMA,refinance,396433,120,383,high,rejected,0,online_banking,false,125
app_20250113_00003079,2025-01-13 04:14:26,cust_4037316,CHBE,business_loan,39505,60,693,medium,approved,39505,mobile,true,812
app_20250113_00003080,2025-01-13 04:14:50,cust_5432873,ESMA,mortgage,310339,360,560,medium,rejected,0,call_center,true,78
app_20250113_00003081,2025-01-13 10:56:29,cust_3644194,SESV,personal_loan,24232,36,773,low,approved,24232,online_banking,false,361
app_20250113_00003082,2025-01-13 16:46:42,cust_5470829,BENL,refinance,59326,240,451,high,rejected,0,branch,false,65
app_20250113_00003083,2025-01-13 04:56:33,cust_5715330,NLAM,credit_card,4942,36,498,high,rejected,0,call_center,false,94
app_20250113_00003084,2025-01-13 16:51:36,cust_4415946,PORP,education_loan,10075,24,737,low,approved,10075,online_banking,true,423
app_20250113_00003085,2025-01-13 01:41:16,cust_137488,FRID,cash_loan,1165,36,695,medium,approved,1165,branch,false,146
app_20250113_00003086,2025-01-13 17:12:40,cust_9008676,CHBE,auto_loan,56568,48,683,medium,approved,56568,branch,false,538
app_20250113_00003087,2025-01-13 14:42:51,cust_4947630,GRRE,cash_loan,7446,18,725,low,approved,7446,atm,false,547
app_20250113_00003088,2025-01-13 04:06:22,cust_6463065,CHBE,auto_loan,57891,36,550,medium,rejected,0,online_banking,true,110
app_20250113_00003089,2025-01-13 16:02:55,cust_3783551,FRID,business_loan,22802,48,786,low,approved,22802,call_center,true,759
app_20250113_00003090,2025-01-13 03:31:09,cust_5874281,BENL,personal_loan,8890,30,440,high,rejected,0,mobile,true,90
app_20250113_00003091,2025-01-13 20:59:38,cust_9274170,FRID,education_loan,17825,36,741,low,approved,17825,partner,false,98
app_20250113_00003092,2025-01-13 19:43:07,cust_8463841,ATVI,refinance,69971,300,560,medium,rejected,0,mobile_app,true,83
app_20250113_00003093,2025-01-13 01:45:11,cust_5203501,FRID,mortgage,287232,240,790,low,approved,287232,partner,true,416
app_20250113_00003094,2025-01-13 12:23:56,cust_4871143,CHBE,education_loan,23788,60,589,medium,approved,23788,branch,false,882
app_20250113_00003095,2025-01-13 06:36:56,cust_5895126,PORP,auto_loan,24186,72,424,high,rejected,0,atm,false,34
app_20250113_00003096,2025-01-13 17:13:23,cust_617872,NLAM,personal_loan,41142,12,679,medium,approved,41142,mobile,false,161
app_20250113_00003097,2025-01-13 12:41:32,cust_6763504,CHBE,cash_loan,40803,30,543,medium,rejected,0,mobile_app,false,16
app_20250113_00003098,2025-01-13 15:16:16,cust_4982773,ATVI,cash_loan,24678,18,527,medium,rejected,0,mobile_app,false,31
app_20250113_00003099,2025-01-13 14:11:25,cust_3232661,UKLO,personal_loan,4474,18,773,low,approved,4474,branch,false,687
app_20250113_00003100,2025-01-13 00:31:41,cust_2122784,ATVI,credit_card,12390,48,640,medium,rejected,0,mobile_app,false,51
app_20250113_00003101,2025-01-13 02:32:51,cust_2601668,UKLO,education_loan,8855,12,612,medium,rejected,0,branch,true,60
app_20250113_00003102,2025-01-13 18:58:59,cust_4803094,ESMA,credit_card,26277,12,374,high,approved,26277,atm,false,83
app_20250113_00003103,2025-01-13 08:44:49,cust_4541708,AUTR,mortgage,219779,240,664,medium,approved,219779,mobile,true,425
app_20250113_00003104,2025-01-13 11:22:20,cust_177224,CHBE,mortgage,104108,240,770,low,approved,104108,call_center,false,373
app_20250113_00003105,2025-01-13 18:43:37,cust_7137015,FRID,refinance,373061,180,799,low,approved,373061,atm,true,87
app_20250113_00003106,2025-01-13 11:47:30,cust_6945399,NLAM,personal_loan,49589,18,652,medium,approved,49589,atm,true,476
app_20250113_00003107,2025-01-13 07:15:33,cust_5650474,BENL,personal_loan,49535,36,712,low,approved,49535,mobile_app,false,676
app_20250113_00003108,2025-01-13 00:29:31,cust_6315749,PORP,credit_card,6102,42,652,medium,approved,6102,web,true,428
app_20250113_00003109,2025-01-13 02:15:19,cust_6285402,PORP,mortgage,484655,120,682,medium,approved,484655,partner,true,801
app_20250113_00003110,2025-01-13 10:35:34,cust_5919667,CZPR,auto_loan,51896,36,630,medium,rejected,0,online_banking,false,62
app_20250113_00003111,2025-01-13 12:27:30,cust_9627078,SESV,cash_loan,12047,24,698,medium,approved,12047,call_center,false,50
app_20250113_00003112,2025-01-13 18:17:42,cust_654288,BENL,education_loan,38836,24,646,medium,approved,38836,online_banking,true,709
app_20250113_00003113,2025-01-13 00:28:10,cust_7529647,AUTR,refinance,461451,120,714,low,approved,461451,call_center,false,820
app_20250113_00003114,2025-01-13 13:02:00,cust_5510462,CZPR,education_loan,11497,12,600,medium,approved,11497,mobile_app,false,524
app_20250113_00003115,2025-01-13 05:54:21,cust_3852449,CHBE,auto_loan,44023,48,624,medium,approved,44023,mobile_app,true,776
app_20250113_00003116,2025-01-13 06:09:45,cust_3197460,NLAM,credit_card,16084,24,549,medium,approved,16084,mobile,false,463
app_20250113_00003117,2025-01-13 12:20:07,cust_2806656,DEHE,cash_loan,13981,12,559,medium,approved,13981,mobile_app,true,891
app_20250113_00003118,2025-01-13 00:45:51,cust_864365,ESMA,cash_loan,42149,48,850,low,approved,42149,online_banking,true,349
app_20250113_00003119,2025-01-13 04:46:02,cust_7510299,GRRE,business_loan,7600,60,786,low,approved,7600,atm,false,683
app_20250113_00003120,2025-01-13 21:14:17,cust_8094127,UKLO,cash_loan,11948,18,741,low,approved,11948,partner,true,270
app_20250113_00003121,2025-01-13 21:44:48,cust_6118706,DEHE,cash_loan,9195,36,501,medium,approved,9195,call_center,false,264
app_20250113_00003122,2025-01-13 07:18:54,cust_1830604,CHBE,credit_card,13407,18,621,medium,approved,13407,mobile_app,false,586
app_20250113_00003123,2025-01-13 07:01:58,cust_7140346,PORP,cash_loan,33419,30,567,medium,rejected,0,online_banking,false,106
app_20250113_00003124,2025-01-13 04:56:25,cust_7330050,GRRE,cash_loan,26785,36,662,medium,approved,26785,branch,true,283
app_20250113_00003125,2025-01-13 10:08:09,cust_8298733,PLWA,credit_card,47883,24,744,low,approved,47883,branch,false,292
app_20250113_00003126,2025-01-13 10:49:42,cust_3223161,PORP,business_loan,8256,12,728,low,approved,8256,partner,true,586
app_20250113_00003127,2025-01-13 00:14:31,cust_5758824,GRRE,credit_card,28915,24,698,medium,approved,28915,atm,true,557
app_20250113_00003128,2025-01-13 04:26:16,cust_7880461,ESMA,refinance,186769,180,687,medium,rejected,0,web,false,108
app_20250113_00003129,2025-01-13 06:53:37,cust_6984980,CHBE,credit_card,22187,36,668,medium,rejected,0,mobile_app,true,22
app_20250113_00003130,2025-01-13 06:27:43,cust_8867026,AUTR,credit_card,33254,42,613,medium,approved,33254,atm,false,521
app_20250113_00003131,2025-01-13 08:40:17,cust_9862971,ESMA,refinance,110403,240,462,high,rejected,0,branch,false,117
app_20250113_00003132,2025-01-13 09:46:18,cust_2879615,GRRE,credit_card,47505,30,837,low,approved,47505,mobile_app,true,149
app_20250113_00003133,2025-01-13 05:08:56,cust_1335822,ESMA,business_loan,39224,12,812,low,approved,39224,mobile_app,false,516
app_20250113_00003134,2025-01-13 16:41:38,cust_3677310,NLAM,mortgage,390547,360,638,medium,rejected,0,online_banking,true,67
app_20250113_00003135,2025-01-13 10:06:37,cust_127651,BENL,credit_card,38970,48,651,medium,rejected,0,atm,false,5
app_20250113_00003136,2025-01-13 13:48:42,cust_7747750,UKLO,education_loan,24928,36,705,low,approved,24928,mobile_app,false,598
app_20250113_00003137,2025-01-13 20:14:17,cust_7524353,PORP,education_loan,29885,24,648,medium,rejected,0,call_center,false,54
app_20250113_00003138,2025-01-13 11:39:17,cust_3406566,ESMA,auto_loan,27402,60,489,high,rejected,0,branch,true,145
app_20250113_00003139,2025-01-13 07:37:44,cust_7534263,SESV,auto_loan,52584,36,680,medium,approved,52584,atm,false,622
app_20250113_00003140,2025-01-13 11:59:07,cust_9325221,ESMA,education_loan,13627,24,698,medium,approved,13627,call_center,false,622
app_20250113_00003141,2025-01-13 07:26:42,cust_5032569,PORP,cash_loan,2013,18,361,high,rejected,0,online_banking,false,16
app_20250113_00003142,2025-01-13 10:20:22,cust_444098,GRRE,business_loan,18602,60,695,medium,rejected,0,mobile,true,34
app_20250113_00003143,2025-01-13 17:10:42,cust_9961346,SESV,personal_loan,43120,24,687,medium,approved,43120,online_banking,false,230
app_20250113_00003144,2025-01-13 14:17:37,cust_1157993,PORP,cash_loan,36269,42,626,medium,rejected,0,mobile,true,86
app_20250113_00003145,2025-01-13 15:53:47,cust_4469218,AUTR,cash_loan,47404,18,552,medium,rejected,0,atm,false,50
app_20250113_00003146,2025-01-13 02:01:34,cust_619454,ITMI,mortgage,474696,180,562,medium,rejected,0,call_center,false,167
app_20250113_00003147,2025-01-13 04:00:43,cust_1493737,AUTR,business_loan,6789,48,671,medium,approved,6789,atm,false,831
app_20250113_00003148,2025-01-13 10:50:03,cust_7459393,FRID,personal_loan,40538,18,642,medium,approved,40538,branch,true,657
app_20250113_00003149,2025-01-13 00:39:25,cust_7666912,BENL,auto_loan,26054,48,706,low,approved,26054,online_banking,false,70
app_20250113_00003150,2025-01-13 15:17:43,cust_9776635,DEHE,auto_loan,27421,60,492,high,rejected,0,web,false,25
app_20250113_00003151,2025-01-13 16:27:26,cust_1478645,AUTR,education_loan,14984,48,625,medium,approved,14984,web,false,473
app_20250113_00003152,2025-01-13 23:34:06,cust_7186019,DEHE,education_loan,24190,12,541,medium,rejected,0,mobile_app,true,105
app_20250113_00003153,2025-01-13 15:55:08,cust_8874631,CZPR,mortgage,486041,300,813,low,approved,486041,online_banking,false,285
app_20250113_00003154,2025-01-13 17:50:17,cust_5812174,CZPR,cash_loan,23066,42,680,medium,approved,23066,mobile_app,false,666
app_20250113_00003155,2025-01-13 15:06:30,cust_1206903,ITMI,education_loan,10221,12,850,low,approved,10221,mobile_app,false,382
app_20250113_00003156,2025-01-13 05:46:30,cust_1318642,PORP,business_loan,39234,48,565,medium,rejected,0,atm,true,70
app_20250113_00003157,2025-01-13 04:03:00,cust_1313619,CZPR,business_loan,8351,60,850,low,approved,8351,atm,false,653
app_20250113_00003158,2025-01-13 09:03:54,cust_3280379,BENL,refinance,185452,360,669,medium,approved,185452,mobile,false,98
app_20250113_00003159,2025-01-13 02:07:11,cust_5927954,ATVI,auto_loan,24935,24,695,medium,approved,24935,branch,false,852
app_20250113_00003160,2025-01-13 15:57:44,cust_2707961,BENL,refinance,62398,180,524,medium,rejected,0,online_banking,true,16
app_20250113_00003161,2025-01-13 15:11:29,cust_9718919,CHBE,cash_loan,14008,24,715,low,rejected,0,mobile,false,45
app_20250113_00003162,2025-01-13 08:48:30,cust_2134041,ATVI,refinance,413948,180,724,low,approved,413948,atm,false,451
app_20250113_00003163,2025-01-13 19:39:58,cust_5017565,CHBE,cash_loan,12776,48,623,medium,rejected,0,branch,false,156
app_20250113_00003164,2025-01-13 07:01:07,cust_8343032,DEHE,auto_loan,20745,24,727,low,rejected,0,partner,false,77
app_20250113_00003165,2025-01-13 08:57:08,cust_9676675,AUTR,cash_loan,1732,48,613,medium,approved,1732,online_banking,false,292
app_20250113_00003166,2025-01-13 13:31:43,cust_3079592,CHBE,refinance,332712,360,850,low,approved,332712,branch,true,137
app_20250113_00003167,2025-01-13 09:44:39,cust_5575869,PLWA,business_loan,6929,12,678,medium,rejected,0,call_center,true,139
app_20250113_00003168,2025-01-13 01:22:48,cust_6540613,BENL,business_loan,7281,60,850,low,approved,7281,partner,true,69
app_20250113_00003169,2025-01-13 16:58:34,cust_1806652,FRID,credit_card,41287,12,437,high,rejected,0,atm,false,28
app_20250113_00003170,2025-01-13 03:07:33,cust_7014694,NLAM,mortgage,414945,180,850,low,approved,414945,call_center,false,778
app_20250113_00003171,2025-01-13 00:20:43,cust_9685501,SESV,education_loan,22210,48,590,medium,rejected,0,web,false,112
app_20250113_00003172,2025-01-13 07:32:56,cust_407450,DEHE,education_loan,19420,48,641,medium,approved,19420,atm,false,141
app_20250113_00003173,2025-01-13 18:39:56,cust_8954510,UKLO,auto_loan,16341,24,484,high,rejected,0,mobile_app,true,73
app_20250113_00003174,2025-01-13 01:19:51,cust_3567543,ATVI,education_loan,26165,60,633,medium,rejected,0,mobile_app,false,125
app_20250113_00003175,2025-01-13 04:50:14,cust_6176370,PLWA,personal_loan,15177,30,612,medium,approved,15177,web,false,496
app_20250113_00003176,2025-01-13 20:03:56,cust_2999512,AUTR,mortgage,400492,120,765,low,rejected,0,mobile_app,false,65
app_20250113_00003177,2025-01-13 05:25:08,cust_2925616,FRID,business_loan,6953,24,627,medium,approved,6953,call_center,true,529
app_20250113_00003178,2025-01-13 18:14:14,cust_5011908,ATVI,business_loan,35940,36,604,medium,rejected,0,branch,true,150
app_20250113_00003179,2025-01-13 09:24:16,cust_6111102,SESV,business_loan,26160,36,579,medium,rejected,0,mobile,true,146
app_20250113_00003180,2025-01-13 19:56:33,cust_369996,ITMI,refinance,280083,360,542,medium,rejected,0,call_center,true,62
app_20250113_00003181,2025-01-13 19:31:58,cust_6669398,CZPR,refinance,386406,240,791,low,approved,386406,call_center,false,715
app_20250113_00003182,2025-01-13 15:28:22,cust_282371,FRID,refinance,212690,180,744,low,approved,212690,online_banking,false,456
app_20250113_00003183,2025-01-13 18:00:32,cust_2938342,GRRE,credit_card,44206,42,573,medium,rejected,0,call_center,true,19
app_20250113_00003184,2025-01-13 00:57:25,cust_5941879,CHBE,education_loan,18265,60,689,medium,rejected,0,online_banking,false,180
app_20250113_00003185,2025-01-13 20:30:12,cust_5208091,NLAM,cash_loan,3221,48,782,low,approved,3221,web,false,593
app_20250113_00003186,2025-01-13 00:26:03,cust_4138895,GRRE,mortgage,118007,360,735,low,approved,118007,branch,true,790
app_20250113_00003187,2025-01-13 09:37:02,cust_5517736,BENL,credit_card,46450,24,674,medium,approved,46450,call_center,true,273
app_20250113_00003188,2025-01-13 06:02:53,cust_3076466,CHBE,credit_card,34630,18,525,medium,rejected,0,online_banking,true,141
app_20250113_00003189,2025-01-13 18:22:06,cust_7001303,CHBE,business_loan,13088,24,644,medium,approved,13088,online_banking,true,55
app_20250113_00003190,2025-01-13 05:58:23,cust_4299809,DEHE,refinance,162459,360,818,low,approved,162459,call_center,false,711
app_20250113_00003191,2025-01-13 17:20:28,cust_7704510,SESV,personal_loan,2418,24,701,low,rejected,0,call_center,true,22
app_20250113_00003192,2025-01-13 05:56:33,cust_3275754,PORP,cash_loan,21530,24,612,medium,rejected,0,web,true,71
app_20250113_00003193,2025-01-13 12:36:00,cust_2076297,AUTR,education_loan,15770,48,405,high,rejected,0,atm,false,36
app_20250113_00003194,2025-01-13 19:50:48,cust_9649280,PLWA,education_loan,30862,60,820,low,approved,30862,atm,true,784
app_20250113_00003195,2025-01-13 17:40:54,cust_4024754,FRID,business_loan,3168,36,850,low,approved,3168,online_banking,false,751
app_20250113_00003196,2025-01-13 15:35:08,cust_3691666,ITMI,personal_loan,34599,42,715,low,approved,34599,mobile,true,485
app_20250113_00003197,2025-01-13 12:08:57,cust_1829361,DEHE,auto_loan,28017,24,687,medium,approved,28017,partner,false,860
app_20250113_00003198,2025-01-13 20:23:06,cust_4256348,CZPR,mortgage,370694,300,819,low,approved,370694,branch,true,145
app_20250113_00003199,2025-01-13 09:53:44,cust_3537224,ITMI,cash_loan,23719,48,669,medium,approved,23719,online_banking,false,828
app_20250113_00003200,2025-01-13 10:16:47,cust_9462159,NLAM,cash_loan,29384,18,531,medium,rejected,0,branch,false,133
app_20250113_00003201,2025-01-13 06:12:29,cust_9979178,CZPR,credit_card,25992,42,751,low,approved,25992,mobile_app,true,745
app_20250113_00003202,2025-01-13 21:57:25,cust_3051402,BENL,refinance,434710,180,593,medium,rejected,0,branch,true,142
app_20250113_00003203,2025-01-13 05:49:38,cust_3350282,PORP,cash_loan,10151,12,456,high,rejected,0,mobile_app,false,64
app_20250113_00003204,2025-01-13 09:20:24,cust_5704674,DEHE,personal_loan,29029,30,709,low,approved,29029,atm,true,43
app_20250113_00003205,2025-01-13 05:03:27,cust_7217339,CZPR,cash_loan,42350,42,647,medium,approved,42350,online_banking,false,471
app_20250113_00003206,2025-01-13 14:27:36,cust_2341327,DEHE,auto_loan,49781,48,729,low,approved,49781,mobile,false,220
app_20250113_00003207,2025-01-13 08:00:43,cust_5606425,UKLO,education_loan,35839,12,553,medium,rejected,0,online_banking,false,90
app_20250113_00003208,2025-01-13 04:35:49,cust_1191102,ESMA,refinance,189103,360,754,low,approved,189103,call_center,true,673
app_20250113_00003209,2025-01-13 08:01:34,cust_8526713,SESV,business_loan,3869,60,649,medium,approved,3869,mobile_app,false,153
app_20250113_00003210,2025-01-13 21:25:07,cust_8759537,GRRE,education_loan,33824,24,749,low,approved,33824,partner,false,675
app_20250113_00003211,2025-01-13 04:09:45,cust_5215927,CZPR,business_loan,39700,36,725,low,approved,39700,mobile,false,531
app_20250113_00003212,2025-01-13 14:38:41,cust_2247659,DEHE,mortgage,324962,300,793,low,approved,324962,branch,false,834
app_20250113_00003213,2025-01-13 05:50:13,cust_4414131,CZPR,education_loan,20282,60,619,medium,approved,20282,online_banking,true,589
app_20250113_00003214,2025-01-13 17:54:36,cust_9463978,CHBE,mortgage,116996,360,634,medium,approved,116996,call_center,false,738
app_20250113_00003215,2025-01-13 15:04:59,cust_4975363,BENL,business_loan,17401,48,559,medium,rejected,0,web,true,15
app_20250113_00003216,2025-01-13 11:30:36,cust_4899572,ITMI,education_loan,38108,24,639,medium,approved,38108,online_banking,false,558
app_20250113_00003217,2025-01-13 02:40:50,cust_2094823,AUTR,refinance,134785,240,745,low,approved,134785,online_banking,true,402
app_20250113_00003218,2025-01-13 06:52:29,cust_7550011,CZPR,credit_card,8718,24,495,high,approved,8718,partner,false,216
app_20250113_00003219,2025-01-13 11:42:21,cust_9472968,CZPR,cash_loan,6839,12,726,low,approved,6839,online_banking,true,845
app_20250113_00003220,2025-01-13 02:22:12,cust_3422959,CZPR,education_loan,4197,60,606,medium,rejected,0,mobile,true,22
app_20250113_00003221,2025-01-13 07:13:39,cust_1424822,UKLO,auto_loan,20694,36,490,high,rejected,0,call_center,false,155
app_20250113_00003222,2025-01-13 11:31:47,cust_3775799,DEHE,business_loan,8507,48,578,medium,approved,8507,partner,false,362
app_20250113_00003223,2025-01-13 15:01:08,cust_699232,ITMI,education_loan,3876,12,810,low,approved,3876,web,true,225
app_20250113_00003224,2025-01-13 03:19:52,cust_5508992,UKLO,credit_card,4954,24,573,medium,rejected,0,partner,false,124
app_20250113_00003225,2025-01-13 23:40:01,cust_7389529,AUTR,business_loan,36031,48,628,medium,rejected,0,mobile,false,117
app_20250113_00003226,2025-01-13 20:51:46,cust_1683276,BENL,refinance,429911,120,790,low,approved,429911,online_banking,true,696
app_20250113_00003227,2025-01-13 10:39:28,cust_1325691,SESV,mortgage,347869,300,684,medium,approved,347869,mobile,true,693
app_20250113_00003228,2025-01-13 06:39:07,cust_5625529,GRRE,education_loan,18541,24,535,medium,rejected,0,mobile_app,true,37
app_20250113_00003229,2025-01-13 12:11:19,cust_4964287,CHBE,cash_loan,4153,12,600,medium,approved,4153,web,false,38
app_20250113_00003230,2025-01-13 20:01:13,cust_4407410,SESV,refinance,149094,180,585,medium,rejected,0,branch,true,89
app_20250113_00003231,2025-01-13 07:09:30,cust_2964175,GRRE,business_loan,7898,60,641,medium,approved,7898,mobile,false,800
app_20250113_00003232,2025-01-13 22:15:49,cust_5316529,DEHE,auto_loan,47370,36,666,medium,approved,47370,atm,true,611
app_20250113_00003233,2025-01-13 10:41:50,cust_9067581,AUTR,credit_card,35941,48,633,medium,rejected,0,mobile_app,false,51
app_20250113_00003234,2025-01-13 22:35:25,cust_2239423,SESV,auto_loan,32038,36,675,medium,approved,32038,partner,true,640
app_20250113_00003235,2025-01-13 06:28:04,cust_9370139,CHBE,auto_loan,37855,24,761,low,approved,37855,call_center,true,417
app_20250113_00003236,2025-01-13 20:16:06,cust_675776,ESMA,auto_loan,43865,72,675,medium,approved,43865,atm,true,136
app_20250113_00003237,2025-01-13 18:19:20,cust_1641493,NLAM,refinance,260368,120,764,low,approved,260368,branch,true,635
app_20250113_00003238,2025-01-13 23:30:31,cust_5045186,GRRE,mortgage,414815,240,702,low,rejected,0,call_center,true,99
app_20250113_00003239,2025-01-13 02:17:49,cust_3914693,PORP,business_loan,11924,60,554,medium,approved,11924,partner,true,756
app_20250113_00003240,2025-01-13 00:22:26,cust_4052748,PORP,refinance,248971,180,677,medium,approved,248971,call_center,true,719
app_20250113_00003241,2025-01-13 03:23:42,cust_622956,ITMI,business_loan,28072,24,499,high,rejected,0,atm,true,86
app_20250113_00003242,2025-01-13 21:07:58,cust_5384530,BENL,credit_card,23017,24,541,medium,approved,23017,web,false,714
app_20250113_00003243,2025-01-13 05:50:58,cust_6388392,UKLO,credit_card,30074,18,774,low,approved,30074,atm,false,689
app_20250113_00003244,2025-01-13 07:50:13,cust_4256506,BENL,education_loan,6837,48,524,medium,rejected,0,call_center,true,122
app_20250113_00003245,2025-01-13 12:02:39,cust_7683811,GRRE,auto_loan,43417,36,520,medium,rejected,0,atm,true,56
app_20250113_00003246,2025-01-13 06:51:50,cust_8599592,ATVI,business_loan,13350,12,646,medium,rejected,0,branch,false,154
app_20250113_00003247,2025-01-13 23:15:07,cust_6668900,UKLO,education_loan,36314,48,705,low,approved,36314,partner,true,582
app_20250113_00003248,2025-01-13 11:29:38,cust_7599550,NLAM,refinance,481994,300,723,low,approved,481994,mobile_app,false,780
app_20250113_00003249,2025-01-13 07:35:07,cust_6944341,DEHE,education_loan,18699,60,777,low,approved,18699,mobile,true,399
app_20250113_00003250,2025-01-13 18:35:18,cust_8864058,ATVI,personal_loan,43814,18,655,medium,approved,43814,online_banking,true,136
app_20250113_00003251,2025-01-13 10:55:55,cust_8949521,PLWA,auto_loan,31561,72,687,medium,approved,31561,web,true,509
app_20250113_00003252,2025-01-13 19:53:48,cust_371487,CHBE,personal_loan,35397,24,760,low,approved,35397,atm,true,397
app_20250113_00003253,2025-01-13 08:33:42,cust_3211186,PORP,refinance,219624,360,752,low,approved,219624,partner,false,628
app_20250113_00003254,2025-01-13 04:05:22,cust_282579,PLWA,education_loan,17315,12,737,low,approved,17315,mobile,true,312
app_20250113_00003255,2025-01-13 07:32:51,cust_178543,UKLO,refinance,325018,240,538,medium,approved,325018,online_banking,true,420
app_20250113_00003256,2025-01-13 06:19:34,cust_4507987,PLWA,cash_loan,20443,18,795,low,approved,20443,online_banking,true,198
app_20250113_00003257,2025-01-13 13:45:58,cust_5855072,NLAM,auto_loan,12875,48,726,low,approved,12875,branch,false,487
app_20250113_00003258,2025-01-13 15:09:59,cust_7266355,FRID,personal_loan,22363,30,626,medium,approved,22363,call_center,true,583
app_20250113_00003259,2025-01-13 18:06:04,cust_1502025,ATVI,personal_loan,8116,18,761,low,approved,8116,online_banking,false,114
app_20250113_00003260,2025-01-13 12:36:55,cust_5425270,AUTR,business_loan,32666,48,770,low,approved,32666,partner,true,109
app_20250113_00003261,2025-01-13 13:28:37,cust_4589265,BENL,education_loan,17583,24,735,low,approved,17583,mobile_app,true,709
app_20250113_00003262,2025-01-13 05:04:50,cust_3379087,DEHE,auto_loan,19709,72,708,low,approved,19709,partner,false,573
app_20250113_00003263,2025-01-13 11:15:53,cust_9781098,SESV,credit_card,16620,24,741,low,approved,16620,partner,true,319
app_20250113_00003264,2025-01-13 18:39:27,cust_8110148,PLWA,education_loan,19917,12,835,low,approved,19917,web,false,340
app_20250113_00003265,2025-01-13 11:16:32,cust_2934831,DEHE,refinance,355861,180,648,medium,approved,355861,mobile,false,517
app_20250113_00003266,2025-01-13 18:49:48,cust_4080252,CHBE,auto_loan,53158,72,671,medium,approved,53158,mobile,true,192
app_20250113_00003267,2025-01-13 08:32:34,cust_5307070,ITMI,refinance,346792,180,670,medium,approved,346792,atm,true,68
app_20250113_00003268,2025-01-13 17:41:36,cust_5333976,DEHE,mortgage,471936,120,589,medium,approved,471936,branch,true,878
app_20250113_00003269,2025-01-13 03:26:09,cust_5685763,GRRE,business_loan,30607,36,646,medium,rejected,0,call_center,false,13
app_20250113_00003270,2025-01-13 23:59:31,cust_336493,UKLO,education_loan,27905,60,519,medium,rejected,0,branch,true,175
app_20250113_00003271,2025-01-13 10:05:24,cust_272304,BENL,education_loan,11296,24,757,low,approved,11296,branch,true,137
app_20250113_00003272,2025-01-13 11:50:43,cust_7953004,AUTR,auto_loan,31925,72,661,medium,approved,31925,call_center,true,653
app_20250113_00003273,2025-01-13 23:36:03,cust_8905558,CZPR,credit_card,3254,12,682,medium,approved,3254,branch,true,550
app_20250113_00003274,2025-01-13 21:05:01,cust_2042278,CZPR,cash_loan,9881,42,514,medium,approved,9881,partner,true,311
app_20250113_00003275,2025-01-13 02:33:28,cust_3301000,ATVI,credit_card,42165,30,670,medium,rejected,0,mobile_app,false,174
app_20250113_00003276,2025-01-13 10:21:05,cust_6224441,ESMA,mortgage,328626,120,479,high,rejected,0,online_banking,true,156
app_20250113_00003277,2025-01-13 18:32:28,cust_5158011,DEHE,refinance,430738,360,588,medium,rejected,0,partner,true,32
app_20250113_00003278,2025-01-13 18:59:08,cust_978316,SESV,cash_loan,46079,36,732,low,approved,46079,atm,true,434
app_20250113_00003279,2025-01-13 13:51:40,cust_1996175,CZPR,cash_loan,39488,48,838,low,approved,39488,mobile_app,true,339
app_20250113_00003280,2025-01-13 01:35:09,cust_3495175,GRRE,refinance,127065,300,619,medium,approved,127065,partner,true,713
app_20250113_00003281,2025-01-13 18:16:49,cust_8945894,PLWA,credit_card,47501,48,594,medium,rejected,0,web,false,35
app_20250113_00003282,2025-01-13 22:50:18,cust_7658485,UKLO,cash_loan,37975,36,829,low,approved,37975,mobile_app,true,166
app_20250113_00003283,2025-01-13 14:20:21,cust_8874831,CHBE,credit_card,43664,36,707,low,approved,43664,mobile_app,true,310
app_20250113_00003284,2025-01-13 18:18:43,cust_8370902,PORP,personal_loan,24755,24,581,medium,rejected,0,mobile,false,134
app_20250113_00003285,2025-01-13 22:15:59,cust_3855353,NLAM,credit_card,13107,18,838,low,approved,13107,call_center,false,748
app_20250113_00003286,2025-01-13 02:15:55,cust_609345,UKLO,education_loan,38522,36,534,medium,rejected,0,atm,false,131
app_20250113_00003287,2025-01-13 23:00:41,cust_9601333,PLWA,cash_loan,37480,18,655,medium,rejected,0,partner,false,82
app_20250113_00003288,2025-01-13 21:47:11,cust_5992466,UKLO,cash_loan,40765,18,572,medium,rejected,0,partner,true,6
app_20250113_00003289,2025-01-13 01:53:32,cust_5201117,CHBE,education_loan,17512,48,459,high,rejected,0,atm,false,87
app_20250113_00003290,2025-01-13 02:26:59,cust_9285692,PLWA,business_loan,14068,24,598,medium,approved,14068,mobile_app,true,130
app_20250113_00003291,2025-01-13 09:07:15,cust_704770,SESV,auto_loan,25381,24,667,medium,approved,25381,branch,true,486
app_20250113_00003292,2025-01-13 07:09:29,cust_6234596,ATVI,education_loan,30136,12,577,medium,rejected,0,call_center,false,129
app_20250113_00003293,2025-01-13 15:50:51,cust_3598512,SESV,cash_loan,10189,18,585,medium,approved,10189,partner,true,52
app_20250113_00003294,2025-01-13 18:59:51,cust_114497,CHBE,cash_loan,46108,24,535,medium,approved,46108,mobile,false,488
app_20250113_00003295,2025-01-13 01:57:29,cust_3548535,UKLO,mortgage,51086,240,611,medium,approved,51086,web,false,722
app_20250113_00003296,2025-01-13 11:19:14,cust_3827298,ITMI,business_loan,16732,60,700,low,approved,16732,mobile_app,false,318
app_20250113_00003297,2025-01-13 23:13:32,cust_8647573,DEHE,personal_loan,5273,30,703,low,approved,5273,call_center,true,507
app_20250113_00003298,2025-01-13 00:43:56,cust_8272334,PLWA,credit_card,24930,24,542,medium,rejected,0,web,true,162
app_20250113_00003299,2025-01-13 03:31:17,cust_9070901,ESMA,auto_loan,52274,60,455,high,rejected,0,atm,false,84
app_20250113_00003300,2025-01-13 02:32:49,cust_9458404,UKLO,mortgage,414391,360,537,medium,approved,414391,call_center,false,478
app_20250113_00003301,2025-01-13 20:10:32,cust_7447174,NLAM,education_loan,25956,60,626,medium,approved,25956,mobile_app,false,723
app_20250113_00003302,2025-01-13 02:24:50,cust_1710732,BENL,credit_card,39655,36,774,low,approved,39655,branch,false,488
app_20250113_00003303,2025-01-13 17:06:21,cust_3372707,PLWA,cash_loan,14699,36,831,low,approved,14699,partner,true,251
app_20250113_00003304,2025-01-13 06:39:07,cust_1777768,PLWA,business_loan,9505,60,750,low,approved,9505,call_center,true,422
app_20250113_00003305,2025-01-13 19:04:10,cust_9867887,CZPR,auto_loan,47593,60,605,medium,approved,47593,branch,false,505
app_20250113_00003306,2025-01-13 06:12:50,cust_4362568,FRID,cash_loan,4989,36,711,low,approved,4989,web,true,437
app_20250113_00003307,2025-01-13 14:27:57,cust_2000793,PORP,business_loan,36683,36,612,medium,approved,36683,web,false,78
app_20250113_00003308,2025-01-13 05:17:57,cust_9109953,GRRE,education_loan,29955,24,793,low,approved,29955,web,true,94
app_20250113_00003309,2025-01-13 15:29:58,cust_3001728,DEHE,refinance,283883,180,745,low,approved,283883,mobile,true,449
app_20250113_00003310,2025-01-13 23:02:04,cust_4512405,ESMA,auto_loan,21853,72,688,medium,approved,21853,web,true,869
app_20250113_00003311,2025-01-13 23:10:53,cust_7931880,ITMI,cash_loan,21438,18,649,medium,approved,21438,web,true,862
app_20250113_00003312,2025-01-13 12:59:53,cust_4309465,GRRE,business_loan,24267,60,770,low,approved,24267,atm,false,311
app_20250113_00003313,2025-01-13 07:04:49,cust_3510544,BENL,refinance,108202,180,669,medium,rejected,0,mobile_app,false,164
app_20250113_00003314,2025-01-13 15:18:11,cust_8695339,ATVI,auto_loan,46311,48,733,low,approved,46311,branch,true,284
app_20250113_00003315,2025-01-13 23:18:34,cust_4377048,DEHE,refinance,488368,120,646,medium,approved,488368,partner,true,878
app_20250113_00003316,2025-01-13 11:58:58,cust_8375342,ITMI,personal_loan,11750,30,517,medium,approved,11750,partner,false,82
app_20250113_00003317,2025-01-13 09:01:54,cust_7381946,PLWA,mortgage,395909,360,580,medium,rejected,0,branch,false,154
app_20250113_00003318,2025-01-13 08:47:51,cust_3821709,NLAM,refinance,388975,360,659,medium,rejected,0,partner,false,34
app_20250113_00003319,2025-01-13 01:01:10,cust_5970353,CZPR,education_loan,35890,60,812,low,approved,35890,online_banking,false,673
app_20250113_00003320,2025-01-13 18:19:36,cust_3757016,ESMA,personal_loan,22072,48,624,medium,approved,22072,partner,true,764
app_20250113_00003321,2025-01-13 01:40:16,cust_2504501,ITMI,auto_loan,37033,48,847,low,approved,37033,call_center,false,103
app_20250113_00003322,2025-01-13 11:59:24,cust_1073671,CHBE,personal_loan,3405,36,506,medium,approved,3405,mobile_app,false,779
app_20250113_00003323,2025-01-13 20:00:00,cust_2226621,GRRE,education_loan,15830,24,779,low,approved,15830,atm,false,80
app_20250113_00003324,2025-01-13 16:57:37,cust_8074600,GRRE,personal_loan,9952,48,625,medium,approved,9952,mobile,true,624
app_20250113_00003325,2025-01-13 18:04:36,cust_9796455,PLWA,credit_card,32267,42,850,low,approved,32267,branch,true,331
app_20250113_00003326,2025-01-13 05:38:41,cust_6139256,CZPR,business_loan,12269,24,497,high,approved,12269,call_center,true,463
app_20250113_00003327,2025-01-13 15:21:57,cust_5458847,ITMI,mortgage,64529,240,621,medium,approved,64529,mobile,false,37
app_20250113_00003328,2025-01-13 10:37:50,cust_5085808,DEHE,business_loan,29364,12,515,medium,rejected,0,web,true,77
app_20250113_00003329,2025-01-13 07:58:45,cust_2984117,PLWA,credit_card,2265,24,480,high,rejected,0,partner,false,64
app_20250113_00003330,2025-01-13 04:35:45,cust_9567669,FRID,cash_loan,39392,18,726,low,approved,39392,web,false,705
app_20250113_00003331,2025-01-13 22:20:58,cust_325424,PORP,auto_loan,7941,48,532,medium,rejected,0,partner,true,28
app_20250113_00003332,2025-01-13 06:28:26,cust_1974473,CHBE,personal_loan,42385,12,667,medium,rejected,0,mobile_app,false,63
app_20250113_00003333,2025-01-13 19:54:23,cust_8356937,CZPR,personal_loan,45875,12,700,low,approved,45875,mobile_app,false,657
app_20250113_00003334,2025-01-13 19:22:18,cust_7079113,AUTR,personal_loan,12926,24,686,medium,approved,12926,online_banking,true,326
app_20250113_00003335,2025-01-13 10:57:48,cust_8167629,ESMA,mortgage,196413,180,461,high,rejected,0,call_center,true,57
app_20250113_00003336,2025-01-13 06:40:38,cust_9490191,ESMA,business_loan,4463,60,631,medium,approved,4463,partner,true,658
app_20250113_00003337,2025-01-13 02:46:53,cust_274922,NLAM,auto_loan,46282,72,623,medium,rejected,0,call_center,true,119
app_20250113_00003338,2025-01-13 08:22:39,cust_8714556,AUTR,education_loan,4228,24,798,low,approved,4228,online_banking,false,552
app_20250113_00003339,2025-01-13 22:45:55,cust_6187423,CHBE,mortgage,296585,120,593,medium,approved,296585,branch,true,432
app_20250113_00003340,2025-01-13 01:21:32,cust_4114406,CHBE,credit_card,47633,18,555,medium,rejected,0,mobile_app,false,159
app_20250113_00003341,2025-01-13 13:35:41,cust_1853605,NLAM,auto_loan,29168,48,775,low,approved,29168,atm,false,341
app_20250113_00003342,2025-01-13 00:13:59,cust_2629757,AUTR,cash_loan,11035,42,613,medium,approved,11035,mobile,false,133
app_20250113_00003343,2025-01-13 15:37:01,cust_1954412,UKLO,business_loan,38701,36,406,high,rejected,0,branch,false,13
app_20250113_00003344,2025-01-13 00:57:26,cust_7244827,NLAM,credit_card,13872,24,667,medium,rejected,0,atm,false,13
app_20250113_00003345,2025-01-13 16:25:34,cust_6854100,GRRE,refinance,64892,120,634,medium,rejected,0,call_center,false,59
app_20250113_00003346,2025-01-13 07:34:18,cust_501599,ITMI,personal_loan,19259,12,790,low,approved,19259,call_center,false,367
app_20250113_00003347,2025-01-13 14:24:49,cust_6493050,ESMA,business_loan,11396,48,612,medium,rejected,0,online_banking,true,159
app_20250113_00003348,2025-01-13 21:40:52,cust_9634057,BENL,education_loan,18994,36,645,medium,rejected,0,online_banking,false,132
app_20250113_00003349,2025-01-13 06:10:07,cust_3298123,PLWA,business_loan,6810,36,579,medium,approved,6810,mobile,true,296
app_20250113_00003350,2025-01-13 04:05:45,cust_5745123,UKLO,mortgage,329311,360,675,medium,rejected,0,mobile,true,85
app_20250113_00003351,2025-01-13 07:46:14,cust_2750921,ATVI,credit_card,28358,30,662,medium,rejected,0,branch,false,17
app_20250113_00003352,2025-01-13 02:50:14,cust_886722,SESV,mortgage,434027,300,665,medium,approved,434027,call_center,true,749
app_20250113_00003353,2025-01-13 18:16:22,cust_7009147,AUTR,personal_loan,8793,12,729,low,approved,8793,mobile,true,70
app_20250113_00003354,2025-01-13 13:53:37,cust_7076463,PORP,education_loan,26153,24,508,medium,rejected,0,mobile_app,true,14
app_20250113_00003355,2025-01-13 07:23:06,cust_2474212,NLAM,cash_loan,14204,18,604,medium,approved,14204,mobile,true,678
app_20250113_00003356,2025-01-13 20:17:21,cust_5994003,DEHE,refinance,207984,360,717,low,approved,207984,web,false,188
app_20250113_00003357,2025-01-13 23:26:49,cust_1561745,DEHE,education_loan,17082,48,734,low,approved,17082,online_banking,false,729
app_20250113_00003358,2025-01-13 23:28:38,cust_7472029,ITMI,education_loan,3364,48,552,medium,rejected,0,call_center,true,9
app_20250113_00003359,2025-01-13 19:57:35,cust_154440,ATVI,auto_loan,31712,60,562,medium,rejected,0,partner,true,12
app_20250113_00003360,2025-01-13 16:56:58,cust_8721791,AUTR,mortgage,287874,300,594,medium,rejected,0,mobile_app,false,157
app_20250113_00003361,2025-01-13 22:34:12,cust_6058302,PLWA,business_loan,27353,36,726,low,approved,27353,partner,true,423
app_20250113_00003362,2025-01-13 13:55:26,cust_3577695,GRRE,credit_card,1329,42,666,medium,rejected,0,partner,true,12
app_20250113_00003363,2025-01-13 13:41:48,cust_5853807,SESV,education_loan,31822,24,640,medium,rejected,0,partner,false,110
app_20250113_00003364,2025-01-13 19:59:25,cust_7825238,GRRE,credit_card,40085,12,532,medium,rejected,0,mobile_app,true,5
app_20250113_00003365,2025-01-13 13:49:14,cust_3315036,DEHE,mortgage,272644,360,388,high,rejected,0,online_banking,false,80
app_20250113_00003366,2025-01-13 00:16:21,cust_6221453,ITMI,credit_card,15172,30,532,medium,approved,15172,call_center,true,219
app_20250113_00003367,2025-01-13 03:44:30,cust_9456877,CZPR,personal_loan,46571,36,594,medium,rejected,0,call_center,true,85
app_20250113_00003368,2025-01-13 21:56:02,cust_3792862,PLWA,credit_card,29805,18,671,medium,approved,29805,call_center,false,504
app_20250113_00003369,2025-01-13 22:12:48,cust_1715060,ITMI,auto_loan,15741,24,585,medium,rejected,0,branch,true,112
app_20250113_00003370,2025-01-13 21:12:55,cust_650937,SESV,auto_loan,36029,36,568,medium,rejected,0,branch,true,114
app_20250113_00003371,2025-01-13 01:50:14,cust_2290277,ITMI,refinance,182437,300,650,medium,rejected,0,atm,true,65
app_20250113_00003372,2025-01-13 08:52:38,cust_4880379,BENL,business_loan,21986,24,604,medium,approved,21986,branch,false,310
app_20250113_00003373,2025-01-13 07:03:58,cust_7322502,FRID,education_loan,36851,60,626,medium,approved,36851,partner,false,827
app_20250113_00003374,2025-01-13 08:31:58,cust_8733110,PORP,cash_loan,28494,12,615,medium,approved,28494,mobile_app,false,429
app_20250113_00003375,2025-01-13 21:32:08,cust_8829314,UKLO,mortgage,365040,240,666,medium,approved,365040,partner,true,887
app_20250113_00003376,2025-01-13 06:23:17,cust_9524913,UKLO,refinance,158728,360,707,low,approved,158728,web,true,688
app_20250113_00003377,2025-01-13 05:09:54,cust_3516885,AUTR,business_loan,29133,12,654,medium,rejected,0,call_center,false,61
app_20250113_00003378,2025-01-13 14:12:37,cust_6998266,FRID,cash_loan,9989,30,747,low,approved,9989,branch,true,589
app_20250113_00003379,2025-01-13 22:49:28,cust_8021481,PORP,credit_card,12516,48,666,medium,approved,12516,mobile,false,655
app_20250113_00003380,2025-01-13 10:14:50,cust_5774661,ITMI,auto_loan,22357,48,562,medium,approved,22357,call_center,false,269
app_20250113_00003381,2025-01-13 04:08:18,cust_4628096,ESMA,mortgage,73821,180,710,low,approved,73821,partner,false,251
app_20250113_00003382,2025-01-13 22:14:34,cust_7788176,PORP,cash_loan,19819,48,663,medium,rejected,0,partner,true,101
app_20250113_00003383,2025-01-13 13:32:13,cust_2496473,ITMI,business_loan,37341,48,601,medium,rejected,0,atm,true,18
app_20250113_00003384,2025-01-13 13:49:11,cust_3319236,CHBE,business_loan,38763,60,700,low,approved,38763,atm,true,522
app_20250113_00003385,2025-01-13 17:39:25,cust_2496239,ATVI,education_loan,20827,60,651,medium,approved,20827,mobile_app,false,685
app_20250113_00003386,2025-01-13 18:26:23,cust_8561070,SESV,refinance,336606,120,701,low,approved,336606,online_banking,false,205
app_20250113_00003387,2025-01-13 19:20:49,cust_8119738,PLWA,cash_loan,27118,24,594,medium,rejected,0,atm,true,36
app_20250113_00003388,2025-01-13 06:00:21,cust_9456298,CHBE,auto_loan,9597,48,655,medium,rejected,0,online_banking,false,85
app_20250113_00003389,2025-01-13 07:19:41,cust_9590651,AUTR,refinance,333648,300,608,medium,approved,333648,online_banking,true,130
app_20250113_00003390,2025-01-13 02:12:56,cust_6787297,ATVI,cash_loan,45277,36,472,high,approved,45277,web,false,878
app_20250113_00003391,2025-01-13 08:06:54,cust_4655326,PORP,refinance,347349,360,571,medium,rejected,0,atm,true,68
app_20250113_00003392,2025-01-13 17:35:30,cust_9606335,FRID,credit_card,27645,18,578,medium,rejected,0,partner,false,93
app_20250113_00003393,2025-01-13 01:10:11,cust_6570377,BENL,cash_loan,17598,42,478,high,rejected,0,online_banking,true,32
app_20250113_00003394,2025-01-13 13:39:37,cust_1045191,NLAM,business_loan,4795,36,585,medium,rejected,0,branch,false,175
app_20250113_00003395,2025-01-13 02:05:08,cust_2464238,PORP,auto_loan,22199,36,710,low,approved,22199,partner,false,702
app_20250113_00003396,2025-01-13 13:05:43,cust_3598770,CHBE,refinance,435415,360,772,low,approved,435415,mobile_app,true,431
app_20250113_00003397,2025-01-13 21:34:19,cust_6385959,ITMI,mortgage,77992,120,654,medium,approved,77992,mobile_app,true,160
app_20250113_00003398,2025-01-13 09:54:46,cust_4892482,BENL,refinance,137847,300,638,medium,approved,137847,mobile,false,254
app_20250113_00003399,2025-01-13 07:34:35,cust_8762391,GRRE,refinance,53855,240,850,low,approved,53855,web,true,833
app_20250113_00003400,2025-01-13 02:54:09,cust_7195814,AUTR,business_loan,2596,12,755,low,approved,2596,mobile_app,false,496
app_20250113_00003401,2025-01-13 22:35:04,cust_3935354,PLWA,credit_card,8088,48,725,low,approved,8088,online_banking,false,48
app_20250113_00003402,2025-01-13 20:20:01,cust_7938313,SESV,personal_loan,33971,18,728,low,approved,33971,partner,true,459
app_20250113_00003403,2025-01-13 08:41:29,cust_1908402,FRID,personal_loan,40228,30,703,low,approved,40228,mobile_app,true,534
app_20250113_00003404,2025-01-13 01:28:40,cust_5590111,NLAM,education_loan,6524,48,628,medium,rejected,0,call_center,false,131
app_20250113_00003405,2025-01-13 14:01:14,cust_3945038,CZPR,mortgage,401696,360,718,low,approved,401696,mobile,false,469
app_20250113_00003406,2025-01-13 13:21:01,cust_9304718,SESV,business_loan,39541,48,695,medium,rejected,0,online_banking,true,110
app_20250113_00003407,2025-01-13 11:29:21,cust_3030882,CHBE,business_loan,25029,48,735,low,approved,25029,mobile_app,false,487
app_20250113_00003408,2025-01-13 21:57:02,cust_6588124,FRID,education_loan,37505,36,682,medium,approved,37505,web,true,446
app_20250113_00003409,2025-01-13 11:11:42,cust_8892150,CZPR,cash_loan,35024,12,571,medium,approved,35024,branch,true,240
app_20250113_00003410,2025-01-13 05:38:16,cust_2700964,SESV,business_loan,13679,12,806,low,approved,13679,mobile,true,882
app_20250113_00003411,2025-01-13 16:03:31,cust_2917462,ITMI,business_loan,27033,12,797,low,approved,27033,branch,false,385
app_20250113_00003412,2025-01-13 04:57:10,cust_3932034,PORP,cash_loan,11115,36,600,medium,approved,11115,mobile_app,false,663
app_20250113_00003413,2025-01-13 22:10:14,cust_2906214,PLWA,personal_loan,11592,36,704,low,approved,11592,branch,false,320
app_20250113_00003414,2025-01-13 15:22:33,cust_5116446,GRRE,mortgage,253841,360,835,low,approved,253841,mobile,false,244
app_20250113_00003415,2025-01-13 11:59:31,cust_8523795,ESMA,business_loan,34437,12,597,medium,rejected,0,mobile_app,false,105
app_20250113_00003416,2025-01-13 09:49:02,cust_8794052,PORP,refinance,147334,300,424,high,rejected,0,mobile,true,161
app_20250113_00003417,2025-01-13 12:53:29,cust_9514348,FRID,auto_loan,8599,36,581,medium,rejected,0,online_banking,true,163
app_20250113_00003418,2025-01-13 00:56:02,cust_5401274,CZPR,cash_loan,25856,12,775,low,approved,25856,online_banking,true,246
app_20250113_00003419,2025-01-13 01:12:02,cust_1306064,FRID,refinance,137531,360,477,high,rejected,0,partner,true,69
app_20250113_00003420,2025-01-13 15:54:13,cust_6555699,NLAM,auto_loan,35046,36,545,medium,rejected,0,mobile_app,true,53
app_20250113_00003421,2025-01-13 02:12:43,cust_7274405,BENL,auto_loan,19720,36,634,medium,approved,19720,mobile,false,39
app_20250113_00003422,2025-01-13 03:17:59,cust_9095222,NLAM,refinance,159799,360,591,medium,rejected,0,web,true,78
app_20250113_00003423,2025-01-13 10:54:34,cust_7557287,ITMI,credit_card,11179,42,687,medium,approved,11179,web,true,680
app_20250113_00003424,2025-01-13 23:23:12,cust_8352304,ITMI,cash_loan,15174,42,635,medium,rejected,0,mobile,false,124
app_20250113_00003425,2025-01-13 22:20:20,cust_2088001,FRID,business_loan,15590,24,731,low,approved,15590,mobile,true,639
app_20250113_00003426,2025-01-13 01:00:21,cust_9014890,ITMI,mortgage,346207,120,539,medium,rejected,0,mobile,true,10
app_20250113_00003427,2025-01-13 03:22:10,cust_3055183,CZPR,business_loan,27367,48,597,medium,rejected,0,mobile,false,51
app_20250113_00003428,2025-01-13 09:00:47,cust_4961625,CZPR,refinance,206521,360,685,medium,approved,206521,partner,true,544
app_20250113_00003429,2025-01-13 11:03:09,cust_7601683,GRRE,personal_loan,21910,12,599,medium,approved,21910,branch,false,250
app_20250113_00003430,2025-01-13 12:27:15,cust_4154490,FRID,mortgage,90975,360,632,medium,rejected,0,mobile,false,167
app_20250113_00003431,2025-01-13 09:19:51,cust_3608368,UKLO,business_loan,14015,60,524,medium,rejected,0,partner,false,112
app_20250113_00003432,2025-01-13 15:54:11,cust_6745667,AUTR,cash_loan,44749,24,643,medium,approved,44749,call_center,false,111
app_20250113_00003433,2025-01-13 01:33:28,cust_9045135,DEHE,credit_card,21192,24,640,medium,rejected,0,branch,false,32
app_20250113_00003434,2025-01-13 21:08:03,cust_1493490,AUTR,education_loan,31456,12,420,high,rejected,0,online_banking,true,100
app_20250113_00003435,2025-01-13 14:05:08,cust_9864994,CHBE,auto_loan,48901,60,600,medium,rejected,0,call_center,true,18
app_20250113_00003436,2025-01-13 02:36:12,cust_2302295,PLWA,credit_card,17188,24,806,low,approved,17188,mobile,false,550
app_20250113_00003437,2025-01-13 06:44:56,cust_2689541,AUTR,mortgage,339635,120,797,low,approved,339635,mobile_app,true,823
app_20250113_00003438,2025-01-13 07:59:18,cust_7968936,CHBE,mortgage,304046,120,607,medium,approved,304046,partner,false,642
app_20250113_00003439,2025-01-13 22:28:06,cust_9892713,PLWA,personal_loan,4144,42,527,medium,approved,4144,online_banking,false,548
app_20250113_00003440,2025-01-13 15:49:21,cust_416181,NLAM,mortgage,291463,180,580,medium,approved,291463,call_center,false,433
app_20250113_00003441,2025-01-13 00:33:41,cust_3999473,SESV,credit_card,19492,48,691,medium,approved,19492,mobile,true,70
app_20250113_00003442,2025-01-13 02:48:30,cust_3188751,CZPR,cash_loan,35262,42,639,medium,approved,35262,call_center,true,169
app_20250113_00003443,2025-01-13 09:44:34,cust_769549,BENL,auto_loan,22980,48,825,low,approved,22980,call_center,false,738
app_20250113_00003444,2025-01-13 20:22:19,cust_6107376,ATVI,personal_loan,47885,30,594,medium,rejected,0,mobile_app,true,8
app_20250113_00003445,2025-01-13 02:12:47,cust_3878671,FRID,auto_loan,56687,72,434,high,rejected,0,online_banking,true,37
app_20250113_00003446,2025-01-13 07:30:20,cust_1434563,DEHE,business_loan,24526,12,652,medium,rejected,0,atm,false,112
app_20250113_00003447,2025-01-13 13:53:41,cust_2370661,ESMA,credit_card,44624,12,732,low,approved,44624,mobile_app,true,356
app_20250113_00003448,2025-01-13 14:55:45,cust_3813379,FRID,education_loan,22051,36,443,high,rejected,0,atm,true,80
app_20250113_00003449,2025-01-13 23:09:11,cust_8716610,DEHE,auto_loan,22347,60,680,medium,approved,22347,mobile,false,64
app_20250113_00003450,2025-01-13 14:21:41,cust_329065,PORP,cash_loan,39863,24,576,medium,rejected,0,call_center,false,16
app_20250113_00003451,2025-01-13 14:48:24,cust_7803418,SESV,cash_loan,23874,18,596,medium,rejected,0,online_banking,true,72
app_20250113_00003452,2025-01-13 14:26:17,cust_7620409,CHBE,auto_loan,57565,60,665,medium,rejected,0,online_banking,false,170
app_20250113_00003453,2025-01-13 14:06:48,cust_4143585,GRRE,auto_loan,18840,36,677,medium,approved,18840,atm,false,788
app_20250113_00003454,2025-01-13 17:54:58,cust_441667,UKLO,education_loan,3469,36,676,medium,approved,3469,mobile,true,79
app_20250113_00003455,2025-01-13 19:39:05,cust_8690686,CHBE,credit_card,3744,30,613,medium,rejected,0,atm,false,19
app_20250113_00003456,2025-01-13 08:16:44,cust_6324367,FRID,auto_loan,29932,60,559,medium,approved,29932,online_banking,true,128
app_20250113_00003457,2025-01-13 01:06:03,cust_7712636,CZPR,cash_loan,11107,24,618,medium,approved,11107,partner,false,320
app_20250113_00003458,2025-01-13 12:49:35,cust_3278542,ESMA,credit_card,33698,18,661,medium,rejected,0,mobile_app,false,21
app_20250113_00003459,2025-01-13 16:13:45,cust_245293,BENL,refinance,400558,120,668,medium,approved,400558,branch,false,418
app_20250113_00003460,2025-01-13 12:02:13,cust_9553449,CZPR,cash_loan,32807,30,708,low,approved,32807,atm,true,757
app_20250113_00003461,2025-01-13 05:24:21,cust_2517218,UKLO,auto_loan,14467,24,499,high,rejected,0,branch,true,80
app_20250113_00003462,2025-01-13 03:56:46,cust_2556512,GRRE,mortgage,79228,360,669,medium,approved,79228,call_center,false,699
app_20250113_00003463,2025-01-13 03:11:53,cust_2169912,NLAM,cash_loan,10985,18,574,medium,approved,10985,web,false,385
app_20250113_00003464,2025-01-13 13:11:40,cust_2248818,SESV,credit_card,47493,30,722,low,rejected,0,branch,false,180
app_20250113_00003465,2025-01-13 07:56:06,cust_5408472,CHBE,refinance,400495,180,674,medium,rejected,0,mobile,true,91
app_20250113_00003466,2025-01-13 19:49:39,cust_3741898,FRID,auto_loan,46870,24,850,low,approved,46870,online_banking,false,40
app_20250113_00003467,2025-01-13 09:53:53,cust_2690077,CHBE,credit_card,46882,42,665,medium,approved,46882,atm,false,64
app_20250113_00003468,2025-01-13 00:19:01,cust_131571,DEHE,mortgage,487951,120,751,low,approved,487951,call_center,true,252
app_20250113_00003469,2025-01-13 01:06:02,cust_9881176,DEHE,credit_card,30115,48,734,low,approved,30115,online_banking,true,165
app_20250113_00003470,2025-01-13 21:55:04,cust_4873170,CZPR,education_loan,16220,12,740,low,approved,16220,web,false,282
app_20250113_00003471,2025-01-13 11:40:54,cust_4689450,FRID,education_loan,7945,60,627,medium,approved,7945,web,true,271
app_20250113_00003472,2025-01-13 21:00:42,cust_9573711,NLAM,cash_loan,16383,18,723,low,approved,16383,atm,false,504
app_20250113_00003473,2025-01-13 08:27:39,cust_428066,UKLO,education_loan,30847,12,684,medium,approved,30847,web,true,242
app_20250113_00003474,2025-01-13 09:08:57,cust_8174809,BENL,refinance,361399,300,640,medium,approved,361399,branch,true,556
app_20250113_00003475,2025-01-13 10:09:38,cust_8163008,GRRE,education_loan,28027,48,647,medium,approved,28027,partner,true,592
app_20250113_00003476,2025-01-13 18:59:40,cust_239904,CZPR,personal_loan,4871,30,751,low,approved,4871,partner,true,527
app_20250113_00003477,2025-01-13 13:14:57,cust_8090136,ATVI,business_loan,16996,36,810,low,approved,16996,branch,true,88
app_20250113_00003478,2025-01-13 17:21:40,cust_7509218,ATVI,mortgage,130507,240,707,low,approved,130507,partner,true,881
app_20250113_00003479,2025-01-13 16:51:59,cust_2698757,CHBE,mortgage,309851,180,685,medium,rejected,0,web,false,61
app_20250113_00003480,2025-01-13 19:18:15,cust_4265886,PORP,refinance,188152,360,725,low,rejected,0,atm,false,169
app_20250113_00003481,2025-01-13 14:08:08,cust_420959,DEHE,education_loan,2646,36,733,low,approved,2646,mobile,false,39
app_20250113_00003482,2025-01-13 21:04:20,cust_8310780,UKLO,credit_card,34203,48,591,medium,approved,34203,mobile,true,417
app_20250113_00003483,2025-01-13 03:54:08,cust_4490234,UKLO,auto_loan,59219,36,567,medium,rejected,0,branch,false,23
app_20250113_00003484,2025-01-13 06:57:12,cust_3689175,PLWA,education_loan,28515,12,560,medium,approved,28515,mobile_app,true,744
app_20250113_00003485,2025-01-13 04:05:36,cust_8298047,ATVI,business_loan,36550,36,411,high,rejected,0,call_center,false,115
app_20250113_00003486,2025-01-13 07:28:41,cust_4155243,ATVI,auto_loan,43426,48,610,medium,approved,43426,partner,true,646
app_20250113_00003487,2025-01-13 22:16:34,cust_7370409,DEHE,refinance,132651,240,602,medium,approved,132651,mobile_app,true,344
app_20250113_00003488,2025-01-13 04:05:43,cust_8842741,SESV,cash_loan,32039,42,725,low,approved,32039,mobile,false,835
app_20250113_00003489,2025-01-13 22:25:09,cust_7451815,AUTR,education_loan,29547,24,592,medium,approved,29547,partner,false,665
app_20250113_00003490,2025-01-13 04:05:06,cust_864599,AUTR,education_loan,7772,12,526,medium,rejected,0,online_banking,false,29
app_20250113_00003491,2025-01-13 06:04:45,cust_7375683,NLAM,business_loan,5961,48,814,low,approved,5961,mobile,false,846
app_20250113_00003492,2025-01-13 08:14:49,cust_2739422,ESMA,personal_loan,44955,42,698,medium,approved,44955,partner,true,564
app_20250113_00003493,2025-01-13 18:23:49,cust_3714798,BENL,auto_loan,21311,24,788,low,approved,21311,atm,true,392
app_20250113_00003494,2025-01-13 10:09:47,cust_1435605,CHBE,personal_loan,8741,24,618,medium,rejected,0,online_banking,false,130
app_20250113_00003495,2025-01-13 23:21:55,cust_7750707,FRID,cash_loan,42500,30,641,medium,approved,42500,atm,false,532
app_20250113_00003496,2025-01-13 20:33:12,cust_3115750,ESMA,education_loan,17279,12,574,medium,approved,17279,atm,false,538
app_20250113_00003497,2025-01-13 02:56:00,cust_6069735,DEHE,cash_loan,35932,36,636,medium,approved,35932,call_center,true,843
app_20250113_00003498,2025-01-13 11:32:45,cust_656012,GRRE,mortgage,440325,240,684,medium,approved,440325,call_center,true,64
app_20250113_00003499,2025-01-13 14:09:02,cust_352480,ATVI,auto_loan,57481,60,696,medium,approved,57481,call_center,true,437
app_20250113_00003500,2025-01-13 09:19:30,cust_7796448,ITMI,mortgage,76334,360,675,medium,rejected,0,atm,false,153
app_20250113_00003501,2025-01-13 23:54:45,cust_4580984,GRRE,business_loan,22276,24,589,medium,approved,22276,branch,true,181
app_20250113_00003502,2025-01-13 11:53:54,cust_731120,NLAM,mortgage,328468,180,710,low,approved,328468,branch,false,544
app_20250113_00003503,2025-01-13 14:00:48,cust_4962118,UKLO,cash_loan,41638,24,776,low,approved,41638,partner,false,784
app_20250113_00003504,2025-01-13 21:06:50,cust_7404694,ATVI,credit_card,3515,48,545,medium,rejected,0,branch,true,70
app_20250113_00003505,2025-01-13 11:40:36,cust_1897585,DEHE,mortgage,439754,300,696,medium,approved,439754,mobile_app,true,128
app_20250113_00003506,2025-01-13 20:41:34,cust_3804684,PORP,cash_loan,17191,48,850,low,approved,17191,partner,false,850
app_20250113_00003507,2025-01-13 03:32:52,cust_846935,CHBE,personal_loan,25391,12,625,medium,approved,25391,mobile,false,630
app_20250113_00003508,2025-01-13 05:06:44,cust_9567871,PLWA,cash_loan,9195,12,614,medium,approved,9195,partner,true,888
app_20250113_00003509,2025-01-13 12:46:19,cust_1520467,GRRE,refinance,338465,360,524,medium,rejected,0,online_banking,true,103
app_20250113_00003510,2025-01-13 06:27:56,cust_2112945,NLAM,cash_loan,5666,30,613,medium,rejected,0,mobile_app,false,102
app_20250113_00003511,2025-01-13 13:56:07,cust_7453234,SESV,business_loan,35914,36,497,high,rejected,0,web,true,84
app_20250113_00003512,2025-01-13 07:22:02,cust_1609521,PLWA,cash_loan,11154,18,781,low,approved,11154,branch,true,37
app_20250113_00003513,2025-01-13 03:10:51,cust_5700836,NLAM,education_loan,3187,48,580,medium,approved,3187,mobile,false,380
app_20250113_00003514,2025-01-13 05:39:28,cust_3234642,SESV,personal_loan,46863,42,629,medium,approved,46863,web,true,507
app_20250113_00003515,2025-01-13 11:30:35,cust_9763884,CZPR,personal_loan,3814,48,691,medium,rejected,0,branch,true,75
app_20250113_00003516,2025-01-13 06:35:56,cust_7590639,AUTR,auto_loan,26575,24,760,low,approved,26575,branch,true,865
app_20250113_00003517,2025-01-13 11:24:21,cust_8004089,NLAM,education_loan,11380,36,850,low,approved,11380,branch,true,854
app_20250113_00003518,2025-01-13 10:55:48,cust_5883882,DEHE,personal_loan,26650,42,535,medium,approved,26650,call_center,false,498
app_20250113_00003519,2025-01-13 04:52:38,cust_267070,GRRE,auto_loan,57812,48,552,medium,approved,57812,mobile,true,594
app_20250113_00003520,2025-01-13 22:19:33,cust_630492,UKLO,mortgage,363974,180,470,high,approved,363974,mobile_app,true,894
app_20250113_00003521,2025-01-13 04:28:55,cust_8934151,AUTR,mortgage,401481,120,694,medium,approved,401481,mobile_app,true,607
app_20250113_00003522,2025-01-13 04:42:43,cust_6551795,SESV,cash_loan,18981,36,511,medium,rejected,0,partner,true,21
app_20250113_00003523,2025-01-13 14:46:00,cust_1326891,PORP,personal_loan,13572,12,722,low,approved,13572,online_banking,true,185
app_20250113_00003524,2025-01-13 13:32:19,cust_1099416,PLWA,refinance,484707,180,608,medium,approved,484707,branch,false,266
app_20250113_00003525,2025-01-13 17:47:25,cust_2780517,FRID,cash_loan,9611,42,577,medium,rejected,0,atm,false,82
app_20250113_00003526,2025-01-13 19:40:00,cust_3164314,FRID,cash_loan,27205,30,593,medium,rejected,0,mobile,true,123
app_20250113_00003527,2025-01-13 18:53:07,cust_9601832,CZPR,education_loan,28762,12,633,medium,approved,28762,online_banking,true,873
app_20250113_00003528,2025-01-13 13:22:52,cust_4170979,NLAM,business_loan,3698,24,632,medium,rejected,0,call_center,true,9
app_20250113_00003529,2025-01-13 06:40:56,cust_8131490,ESMA,mortgage,79623,180,686,medium,rejected,0,mobile,false,94
app_20250113_00003530,2025-01-13 10:21:57,cust_2817175,PORP,auto_loan,8012,60,633,medium,approved,8012,mobile,true,351
app_20250113_00003531,2025-01-13 04:18:37,cust_7365445,CZPR,auto_loan,54409,60,736,low,approved,54409,mobile_app,false,270
app_20250113_00003532,2025-01-13 12:54:28,cust_3886688,CHBE,auto_loan,40161,24,708,low,approved,40161,atm,true,551
app_20250113_00003533,2025-01-13 05:20:15,cust_7469076,UKLO,cash_loan,1646,12,549,medium,rejected,0,atm,true,85
app_20250113_00003534,2025-01-13 18:19:41,cust_8145251,PORP,personal_loan,17226,24,644,medium,rejected,0,branch,false,63
app_20250113_00003535,2025-01-13 18:50:18,cust_5541542,PORP,personal_loan,9298,30,620,medium,approved,9298,atm,true,681
app_20250113_00003536,2025-01-13 09:20:22,cust_5742377,ATVI,refinance,284419,360,719,low,approved,284419,partner,false,521
app_20250113_00003537,2025-01-13 16:23:21,cust_7630376,PORP,credit_card,17952,24,672,medium,rejected,0,mobile_app,true,149
app_20250113_00003538,2025-01-13 00:53:04,cust_8372824,ATVI,personal_loan,47681,36,673,medium,approved,47681,branch,false,620
app_20250113_00003539,2025-01-13 08:08:37,cust_7873486,CZPR,education_loan,10870,48,599,medium,approved,10870,web,true,44
app_20250113_00003540,2025-01-13 04:21:41,cust_8481657,PORP,cash_loan,41962,24,579,medium,approved,41962,mobile,false,250
app_20250113_00003541,2025-01-13 01:59:59,cust_2352631,ESMA,cash_loan,19708,42,698,medium,rejected,0,mobile_app,true,74
app_20250113_00003542,2025-01-13 10:00:24,cust_8248955,DEHE,cash_loan,35298,42,553,medium,approved,35298,partner,false,628
app_20250113_00003543,2025-01-13 16:35:22,cust_7432475,PLWA,cash_loan,6171,24,617,medium,approved,6171,branch,false,410
app_20250113_00003544,2025-01-13 07:15:48,cust_4464699,BENL,education_loan,5175,60,712,low,approved,5175,mobile,false,357
app_20250113_00003545,2025-01-13 20:50:15,cust_3380333,DEHE,refinance,275907,240,588,medium,approved,275907,call_center,false,501
app_20250113_00003546,2025-01-13 19:45:52,cust_990827,AUTR,cash_loan,37636,24,774,low,approved,37636,mobile_app,true,35
app_20250113_00003547,2025-01-13 12:47:38,cust_8636287,AUTR,personal_loan,30105,12,610,medium,approved,30105,online_banking,true,442
app_20250113_00003548,2025-01-13 17:01:14,cust_6914409,GRRE,refinance,185757,240,607,medium,approved,185757,branch,false,542
app_20250113_00003549,2025-01-13 01:14:31,cust_7557274,SESV,auto_loan,15351,72,626,medium,approved,15351,mobile,true,678
app_20250113_00003550,2025-01-13 17:30:04,cust_2401986,NLAM,personal_loan,21530,36,829,low,approved,21530,mobile,true,430
app_20250113_00003551,2025-01-13 21:50:29,cust_3112863,FRID,cash_loan,4674,24,737,low,approved,4674,partner,false,566
app_20250113_00003552,2025-01-13 10:13:42,cust_3345182,GRRE,business_loan,4833,24,657,medium,rejected,0,web,false,127
app_20250113_00003553,2025-01-13 05:34:56,cust_2200404,ITMI,mortgage,232435,300,677,medium,approved,232435,branch,false,794
app_20250113_00003554,2025-01-13 23:19:40,cust_4011256,UKLO,personal_loan,49581,36,618,medium,approved,49581,mobile,false,39
app_20250113_00003555,2025-01-13 21:21:54,cust_7559511,BENL,credit_card,26598,30,705,low,approved,26598,partner,false,225
app_20250113_00003556,2025-01-13 03:29:23,cust_2083079,CHBE,auto_loan,24955,72,710,low,approved,24955,atm,false,807
app_20250113_00003557,2025-01-13 10:17:35,cust_6498367,BENL,cash_loan,17242,42,763,low,approved,17242,mobile,true,102
app_20250113_00003558,2025-01-13 09:50:31,cust_2801996,PORP,education_loan,18131,12,606,medium,approved,18131,mobile_app,false,220
app_20250113_00003559,2025-01-13 08:27:05,cust_4543842,CHBE,personal_loan,44497,24,850,low,approved,44497,web,true,258
app_20250113_00003560,2025-01-13 10:11:28,cust_468718,PORP,refinance,413448,180,732,low,approved,413448,partner,false,227
app_20250113_00003561,2025-01-13 06:28:00,cust_7799291,ITMI,refinance,293377,240,628,medium,approved,293377,web,false,213
app_20250113_00003562,2025-01-13 02:16:15,cust_2546295,NLAM,personal_loan,37288,30,785,low,approved,37288,atm,true,282
app_20250113_00003563,2025-01-13 09:22:15,cust_6782080,CZPR,education_loan,12012,48,697,medium,approved,12012,branch,false,214
app_20250113_00003564,2025-01-13 11:04:47,cust_9116628,FRID,mortgage,431222,180,658,medium,approved,431222,branch,false,311
app_20250113_00003565,2025-01-13 14:37:46,cust_3876032,ITMI,personal_loan,9434,24,556,medium,approved,9434,mobile,false,33
app_20250113_00003566,2025-01-13 00:45:37,cust_1017023,ATVI,cash_loan,45806,42,691,medium,approved,45806,mobile_app,false,720
app_20250113_00003567,2025-01-13 00:01:18,cust_5359143,PLWA,refinance,227746,300,786,low,approved,227746,mobile_app,false,870
app_20250113_00003568,2025-01-13 06:19:42,cust_1265340,NLAM,auto_loan,49390,72,553,medium,rejected,0,partner,true,177
app_20250113_00003569,2025-01-13 13:12:45,cust_2961309,SESV,auto_loan,26316,24,715,low,rejected,0,call_center,true,61
app_20250113_00003570,2025-01-13 21:36:13,cust_8400354,BENL,refinance,396280,240,606,medium,approved,396280,web,true,679
app_20250113_00003571,2025-01-13 02:05:41,cust_595959,ESMA,personal_loan,45793,48,780,low,approved,45793,mobile_app,false,111
app_20250113_00003572,2025-01-13 07:14:59,cust_7909516,DEHE,credit_card,10119,36,717,low,approved,10119,online_banking,true,358
app_20250113_00003573,2025-01-13 10:08:07,cust_7103086,UKLO,refinance,244729,360,532,medium,approved,244729,call_center,false,180
app_20250113_00003574,2025-01-13 20:36:40,cust_1934580,ATVI,cash_loan,26362,48,553,medium,rejected,0,atm,false,127
app_20250113_00003575,2025-01-13 09:51:56,cust_9006700,PORP,refinance,303213,300,764,low,approved,303213,online_banking,true,356
app_20250113_00003576,2025-01-13 13:30:21,cust_159034,BENL,education_loan,33161,36,683,medium,approved,33161,web,false,628
app_20250113_00003577,2025-01-13 01:52:09,cust_9544446,NLAM,business_loan,18524,36,562,medium,approved,18524,web,true,816
app_20250113_00003578,2025-01-13 04:09:23,cust_8243894,DEHE,refinance,118489,240,601,medium,approved,118489,call_center,true,439
app_20250113_00003579,2025-01-13 05:28:22,cust_4629390,CHBE,credit_card,38993,12,843,low,approved,38993,partner,true,123
app_20250113_00003580,2025-01-13 16:46:56,cust_6163124,DEHE,cash_loan,1728,30,568,medium,rejected,0,mobile,false,148
app_20250113_00003581,2025-01-13 18:10:19,cust_1661414,UKLO,business_loan,13622,12,621,medium,approved,13622,web,true,79
app_20250113_00003582,2025-01-13 01:54:02,cust_8936119,ESMA,refinance,99921,360,673,medium,approved,99921,mobile,false,434
app_20250113_00003583,2025-01-13 15:48:28,cust_3568193,NLAM,refinance,311409,300,762,low,approved,311409,call_center,true,471
app_20250113_00003584,2025-01-13 09:45:33,cust_6731286,AUTR,refinance,235157,240,682,medium,approved,235157,branch,true,624
app_20250113_00003585,2025-01-13 13:06:19,cust_9768046,GRRE,education_loan,9814,12,641,medium,rejected,0,atm,true,95
app_20250113_00003586,2025-01-13 08:37:38,cust_9265539,ATVI,business_loan,27601,12,850,low,approved,27601,branch,false,684
app_20250113_00003587,2025-01-13 15:37:35,cust_7527383,PLWA,refinance,403129,120,677,medium,approved,403129,web,true,430
app_20250113_00003588,2025-01-13 23:38:07,cust_504800,DEHE,mortgage,389560,240,699,medium,approved,389560,web,false,600
app_20250113_00003589,2025-01-13 11:58:28,cust_4143202,CZPR,auto_loan,24039,24,765,low,rejected,0,online_banking,false,152
app_20250113_00003590,2025-01-13 17:02:59,cust_3986977,CZPR,education_loan,27119,60,653,medium,approved,27119,call_center,false,898
app_20250113_00003591,2025-01-13 14:12:29,cust_2899315,ESMA,auto_loan,12330,36,575,medium,rejected,0,mobile_app,false,118
app_20250113_00003592,2025-01-13 18:28:21,cust_863357,ATVI,mortgage,240713,360,775,low,approved,240713,mobile,true,35
app_20250113_00003593,2025-01-13 07:03:28,cust_3682647,PLWA,cash_loan,6598,18,797,low,approved,6598,mobile_app,true,645
app_20250113_00003594,2025-01-13 20:25:57,cust_9062006,UKLO,personal_loan,3910,48,582,medium,rejected,0,online_banking,false,60
app_20250113_00003595,2025-01-13 02:08:13,cust_2171987,ESMA,education_loan,24575,24,685,medium,rejected,0,mobile,true,75
app_20250113_00003596,2025-01-13 12:06:05,cust_6441886,NLAM,credit_card,38690,12,681,medium,approved,38690,branch,false,468
app_20250113_00003597,2025-01-13 13:58:17,cust_2543562,PLWA,credit_card,37639,36,696,medium,rejected,0,online_banking,false,40
app_20250113_00003598,2025-01-13 18:35:33,cust_6881340,AUTR,personal_loan,15740,24,692,medium,approved,15740,mobile,true,396
app_20250113_00003599,2025-01-13 08:28:37,cust_219660,UKLO,personal_loan,7968,30,300,high,rejected,0,call_center,false,30
app_20250113_00003600,2025-01-13 15:02:16,cust_2994017,PORP,refinance,419497,120,454,high,approved,419497,web,true,685
app_20250113_00003601,2025-01-13 14:14:03,cust_401239,FRID,personal_loan,19239,12,790,low,approved,19239,mobile,true,149
app_20250113_00003602,2025-01-13 21:34:11,cust_9773100,BENL,cash_loan,24662,18,673,medium,approved,24662,atm,false,398
app_20250113_00003603,2025-01-13 09:07:24,cust_6568570,CHBE,personal_loan,8324,12,588,medium,approved,8324,partner,true,454
app_20250113_00003604,2025-01-13 09:19:17,cust_6415781,UKLO,credit_card,4698,30,539,medium,approved,4698,atm,true,414
app_20250113_00003605,2025-01-13 01:01:23,cust_3893673,BENL,personal_loan,11967,36,602,medium,rejected,0,partner,true,61
app_20250113_00003606,2025-01-13 06:30:08,cust_6802662,NLAM,mortgage,55288,180,613,medium,approved,55288,mobile,false,413
app_20250113_00003607,2025-01-13 22:49:53,cust_1965580,UKLO,cash_loan,6729,36,656,medium,rejected,0,partner,false,176
app_20250113_00003608,2025-01-13 16:01:18,cust_8807516,ESMA,credit_card,44318,42,791,low,approved,44318,atm,false,41
app_20250113_00003609,2025-01-13 21:48:14,cust_4933939,GRRE,refinance,273629,360,585,medium,rejected,0,web,true,156
app_20250113_00003610,2025-01-13 23:51:09,cust_1155736,BENL,auto_loan,41352,36,543,medium,approved,41352,atm,true,631
app_20250113_00003611,2025-01-13 02:02:33,cust_221934,DEHE,education_loan,6525,36,549,medium,rejected,0,branch,true,56
app_20250113_00003612,2025-01-13 11:52:13,cust_105344,ATVI,refinance,367052,180,694,medium,approved,367052,mobile,false,846
app_20250113_00003613,2025-01-13 08:59:32,cust_1799946,GRRE,personal_loan,19162,48,729,low,rejected,0,web,true,95
app_20250113_00003614,2025-01-13 22:16:45,cust_8890507,ESMA,credit_card,5332,12,721,low,approved,5332,web,true,472
app_20250113_00003615,2025-01-13 19:32:20,cust_3121395,UKLO,personal_loan,6226,42,532,medium,approved,6226,web,false,870
app_20250113_00003616,2025-01-13 16:51:07,cust_1064720,CHBE,cash_loan,46248,12,809,low,approved,46248,atm,true,587
app_20250113_00003617,2025-01-13 22:55:06,cust_7323866,CHBE,business_loan,36349,60,619,medium,rejected,0,atm,false,164
app_20250113_00003618,2025-01-13 10:36:51,cust_3422233,ITMI,business_loan,8281,48,627,medium,approved,8281,call_center,true,59
app_20250113_00003619,2025-01-13 23:17:58,cust_2246319,GRRE,auto_loan,39515,72,721,low,approved,39515,partner,false,54
app_20250113_00003620,2025-01-13 02:10:17,cust_2383865,ITMI,mortgage,105469,300,746,low,approved,105469,branch,false,692
app_20250113_00003621,2025-01-13 14:54:58,cust_9872188,GRRE,mortgage,298472,120,793,low,approved,298472,call_center,true,368
app_20250113_00003622,2025-01-13 02:53:36,cust_5048356,NLAM,refinance,417266,360,666,medium,approved,417266,partner,true,335
app_20250113_00003623,2025-01-13 16:38:56,cust_1079433,AUTR,education_loan,26530,12,608,medium,approved,26530,call_center,true,50
app_20250113_00003624,2025-01-13 09:29:44,cust_700342,FRID,auto_loan,31242,24,527,medium,rejected,0,call_center,true,104
app_20250113_00003625,2025-01-13 18:02:27,cust_6820208,CHBE,mortgage,348175,300,826,low,approved,348175,call_center,false,660
app_20250113_00003626,2025-01-13 18:25:44,cust_9764889,BENL,auto_loan,15032,24,510,medium,rejected,0,atm,false,117
app_20250113_00003627,2025-01-13 14:13:51,cust_8974243,FRID,auto_loan,25179,36,521,medium,rejected,0,partner,true,5
app_20250113_00003628,2025-01-13 08:10:28,cust_7115326,FRID,cash_loan,8592,12,460,high,rejected,0,branch,true,58
app_20250113_00003629,2025-01-13 19:10:55,cust_4767535,CZPR,personal_loan,28955,42,539,medium,rejected,0,web,true,52
app_20250113_00003630,2025-01-13 15:18:28,cust_2397642,GRRE,business_loan,9523,24,593,medium,approved,9523,mobile,true,178
app_20250113_00003631,2025-01-13 05:00:48,cust_2636399,UKLO,auto_loan,28741,72,555,medium,approved,28741,call_center,true,349
app_20250113_00003632,2025-01-13 14:48:01,cust_6929553,ESMA,auto_loan,11598,24,563,medium,approved,11598,partner,false,345
app_20250113_00003633,2025-01-13 20:10:29,cust_7198806,ESMA,mortgage,366317,300,637,medium,approved,366317,call_center,false,461
app_20250113_00003634,2025-01-13 10:17:02,cust_8435691,PORP,education_loan,24946,36,630,medium,approved,24946,branch,false,205
app_20250113_00003635,2025-01-13 09:28:45,cust_673142,GRRE,refinance,494972,120,571,medium,approved,494972,call_center,true,323
app_20250113_00003636,2025-01-13 00:25:20,cust_9613039,PLWA,auto_loan,30303,24,769,low,approved,30303,online_banking,true,533
app_20250113_00003637,2025-01-13 08:45:35,cust_3370720,FRID,business_loan,6879,12,561,medium,approved,6879,atm,true,110
app_20250113_00003638,2025-01-13 23:58:21,cust_9516833,ITMI,personal_loan,14873,30,541,medium,rejected,0,partner,false,106
app_20250113_00003639,2025-01-13 02:36:32,cust_3534151,CZPR,education_loan,32541,60,481,high,rejected,0,mobile_app,false,59
app_20250113_00003640,2025-01-13 02:27:23,cust_3189638,SESV,credit_card,44979,42,679,medium,rejected,0,atm,true,55
app_20250113_00003641,2025-01-13 22:30:23,cust_9831760,PORP,education_loan,20978,36,636,medium,approved,20978,web,true,895
app_20250113_00003642,2025-01-13 12:36:38,cust_2408909,GRRE,education_loan,19150,48,585,medium,rejected,0,web,true,147
app_20250113_00003643,2025-01-13 01:15:01,cust_2844623,ATVI,refinance,157631,300,650,medium,rejected,0,web,true,134
app_20250113_00003644,2025-01-13 05:17:51,cust_8022256,PLWA,personal_loan,40359,36,476,high,rejected,0,call_center,true,58
app_20250113_00003645,2025-01-13 19:12:44,cust_8245454,SESV,refinance,470479,240,764,low,approved,470479,mobile_app,true,236
app_20250113_00003646,2025-01-13 23:32:32,cust_8424992,ITMI,mortgage,357253,180,587,medium,approved,357253,branch,true,715
app_20250113_00003647,2025-01-13 22:41:31,cust_4617574,ATVI,education_loan,23216,48,847,low,approved,23216,partner,true,872
app_20250113_00003648,2025-01-13 13:51:20,cust_9636638,UKLO,mortgage,328432,180,582,medium,rejected,0,branch,true,132
app_20250113_00003649,2025-01-13 17:59:24,cust_8798769,ESMA,refinance,173535,120,584,medium,approved,173535,mobile,false,535
app_20250113_00003650,2025-01-13 01:08:02,cust_1219965,AUTR,education_loan,33078,12,674,medium,approved,33078,call_center,false,72
app_20250113_00003651,2025-01-13 15:22:42,cust_2182741,SESV,refinance,398971,240,755,low,approved,398971,call_center,false,65
app_20250113_00003652,2025-01-13 09:32:01,cust_2183808,FRID,mortgage,139711,120,639,medium,approved,139711,mobile_app,true,571
app_20250113_00003653,2025-01-13 21:04:28,cust_1499608,PLWA,education_loan,39950,48,710,low,approved,39950,call_center,true,241
app_20250113_00003654,2025-01-13 18:52:58,cust_3895139,ATVI,business_loan,35821,24,545,medium,approved,35821,mobile_app,true,230
app_20250113_00003655,2025-01-13 04:59:04,cust_1369872,ITMI,refinance,453546,240,468,high,rejected,0,branch,true,49
app_20250113_00003656,2025-01-13 02:34:55,cust_8636991,ESMA,personal_loan,25192,24,729,low,approved,25192,online_banking,true,68
app_20250113_00003657,2025-01-13 07:55:25,cust_7613715,CZPR,auto_loan,15243,36,716,low,approved,15243,mobile,true,592
app_20250113_00003658,2025-01-13 17:21:55,cust_1622346,FRID,cash_loan,17319,48,650,medium,rejected,0,mobile_app,true,156
app_20250113_00003659,2025-01-13 16:36:50,cust_9716326,BENL,auto_loan,16953,48,566,medium,approved,16953,call_center,false,283
app_20250113_00003660,2025-01-13 02:37:28,cust_5764491,ATVI,refinance,192895,240,743,low,approved,192895,online_banking,false,173
app_20250113_00003661,2025-01-13 23:49:25,cust_2905014,PORP,cash_loan,2988,18,684,medium,approved,2988,atm,false,576
app_20250113_00003662,2025-01-13 09:34:10,cust_3959268,ITMI,business_loan,23753,12,798,low,approved,23753,web,false,532
app_20250113_00003663,2025-01-13 16:52:10,cust_7484004,SESV,credit_card,12798,30,790,low,approved,12798,partner,false,249
app_20250113_00003664,2025-01-13 05:14:51,cust_9012460,SESV,personal_loan,13895,30,715,low,approved,13895,atm,false,645
app_20250113_00003665,2025-01-13 13:23:39,cust_7583016,CHBE,refinance,406591,180,691,medium,approved,406591,web,true,142
app_20250113_00003666,2025-01-13 18:09:50,cust_4132777,ATVI,education_loan,8550,36,685,medium,approved,8550,call_center,false,212
app_20250113_00003667,2025-01-13 21:21:48,cust_6147258,GRRE,mortgage,226473,360,466,high,rejected,0,mobile_app,false,8
app_20250113_00003668,2025-01-13 10:32:44,cust_2632545,CHBE,refinance,471362,180,739,low,approved,471362,mobile,true,366
app_20250113_00003669,2025-01-13 22:49:56,cust_6923124,FRID,cash_loan,37774,12,669,medium,approved,37774,call_center,true,771
app_20250113_00003670,2025-01-13 13:21:28,cust_9907424,ITMI,personal_loan,29499,48,662,medium,approved,29499,mobile_app,false,419
app_20250113_00003671,2025-01-13 23:12:06,cust_6590397,AUTR,credit_card,27694,30,577,medium,rejected,0,call_center,false,33
app_20250113_00003672,2025-01-13 04:34:13,cust_7857254,BENL,education_loan,31499,24,597,medium,approved,31499,online_banking,false,390
app_20250113_00003673,2025-01-13 15:55:10,cust_4362424,SESV,mortgage,168977,180,739,low,approved,168977,branch,false,314
app_20250113_00003674,2025-01-13 11:53:29,cust_8264908,AUTR,personal_loan,24896,48,850,low,approved,24896,partner,false,162
app_20250113_00003675,2025-01-13 06:41:18,cust_2204121,ITMI,cash_loan,7417,12,721,low,approved,7417,call_center,false,854
app_20250113_00003676,2025-01-13 15:49:10,cust_794912,DEHE,refinance,76234,240,524,medium,rejected,0,online_banking,false,86
app_20250113_00003677,2025-01-13 15:02:21,cust_5744162,PLWA,credit_card,28374,36,504,medium,rejected,0,mobile_app,true,167
app_20250113_00003678,2025-01-13 08:23:12,cust_9226508,FRID,cash_loan,18553,30,649,medium,approved,18553,branch,true,464
app_20250113_00003679,2025-01-13 18:07:25,cust_2162346,GRRE,education_loan,8145,24,723,low,approved,8145,atm,false,84
app_20250113_00003680,2025-01-13 23:59:45,cust_8266075,ESMA,mortgage,152788,240,728,low,rejected,0,mobile_app,true,5
app_20250113_00003681,2025-01-13 07:58:05,cust_5286897,BENL,education_loan,30018,60,673,medium,rejected,0,mobile_app,true,60
app_20250113_00003682,2025-01-13 14:02:14,cust_246767,NLAM,mortgage,346192,120,644,medium,approved,346192,atm,true,139
app_20250113_00003683,2025-01-13 20:56:08,cust_8692529,PLWA,business_loan,3790,36,647,medium,approved,3790,web,false,209
app_20250113_00003684,2025-01-13 10:54:45,cust_8802321,FRID,mortgage,373700,300,692,medium,approved,373700,partner,true,635
app_20250113_00003685,2025-01-13 10:59:15,cust_3877759,ESMA,personal_loan,41540,48,594,medium,approved,41540,mobile,false,679
app_20250113_00003686,2025-01-13 11:12:01,cust_6423280,CHBE,mortgage,144636,240,584,medium,rejected,0,branch,false,151
app_20250113_00003687,2025-01-13 20:56:13,cust_3124039,UKLO,business_loan,33979,36,756,low,approved,33979,branch,false,408
app_20250113_00003688,2025-01-13 03:31:48,cust_5620307,DEHE,business_loan,33157,36,616,medium,rejected,0,online_banking,true,62
app_20250113_00003689,2025-01-13 08:40:44,cust_7470135,ESMA,education_loan,33405,48,714,low,approved,33405,mobile_app,true,161
app_20250113_00003690,2025-01-13 17:58:15,cust_533076,SESV,education_loan,4307,24,729,low,approved,4307,partner,false,223
app_20250113_00003691,2025-01-13 21:11:32,cust_739255,FRID,credit_card,5050,12,730,low,rejected,0,mobile_app,true,71
app_20250113_00003692,2025-01-13 13:37:21,cust_5081207,ATVI,personal_loan,35393,24,664,medium,approved,35393,branch,true,613
app_20250113_00003693,2025-01-13 03:49:13,cust_1527188,DEHE,personal_loan,47924,24,595,medium,approved,47924,online_banking,false,592
app_20250113_00003694,2025-01-13 23:12:49,cust_5580353,CZPR,education_loan,10582,60,727,low,approved,10582,partner,false,883
app_20250113_00003695,2025-01-13 21:30:52,cust_5797869,CHBE,credit_card,30958,12,523,medium,approved,30958,atm,true,801
app_20250113_00003696,2025-01-13 12:40:31,cust_8761615,FRID,business_loan,32727,24,631,medium,approved,32727,mobile,true,777
app_20250113_00003697,2025-01-13 11:57:22,cust_610424,PLWA,business_loan,39085,24,594,medium,approved,39085,mobile_app,false,767
app_20250113_00003698,2025-01-13 10:39:41,cust_1468545,GRRE,education_loan,14042,24,373,high,approved,14042,mobile,true,862
app_20250113_00003699,2025-01-13 06:58:53,cust_8047639,PORP,personal_loan,2110,48,664,medium,rejected,0,online_banking,false,165
app_20250113_00003700,2025-01-13 16:18:38,cust_5866663,SESV,cash_loan,41368,48,664,medium,rejected,0,mobile_app,false,170
app_20250113_00003701,2025-01-13 05:06:33,cust_1318669,FRID,education_loan,12003,24,637,medium,rejected,0,call_center,true,63
app_20250113_00003702,2025-01-13 22:25:31,cust_1832155,FRID,business_loan,23780,12,554,medium,rejected,0,branch,false,71
app_20250113_00003703,2025-01-13 19:11:24,cust_2383628,FRID,auto_loan,8822,72,560,medium,approved,8822,mobile,false,229
app_20250113_00003704,2025-01-13 00:01:12,cust_3134605,ESMA,cash_loan,1345,18,560,medium,rejected,0,web,false,36
app_20250113_00003705,2025-01-13 11:04:01,cust_4502359,GRRE,education_loan,8831,36,693,medium,approved,8831,mobile,true,167
app_20250113_00003706,2025-01-13 07:29:26,cust_6616199,DEHE,business_loan,4880,60,565,medium,rejected,0,partner,false,172
app_20250113_00003707,2025-01-13 12:23:51,cust_618079,CZPR,auto_loan,23023,60,680,medium,rejected,0,mobile_app,true,146
app_20250113_00003708,2025-01-13 18:27:55,cust_5177273,SESV,credit_card,37114,24,659,medium,approved,37114,atm,false,498
app_20250113_00003709,2025-01-13 23:24:36,cust_7275230,DEHE,refinance,255110,240,548,medium,rejected,0,atm,false,80
app_20250113_00003710,2025-01-13 00:49:47,cust_946974,CHBE,mortgage,149952,180,581,medium,rejected,0,partner,false,162
app_20250113_00003711,2025-01-13 18:56:28,cust_9098732,GRRE,business_loan,23681,48,744,low,rejected,0,partner,true,60
app_20250113_00003712,2025-01-13 02:12:54,cust_4413202,SESV,cash_loan,14377,30,691,medium,rejected,0,mobile,false,20
app_20250113_00003713,2025-01-13 02:30:26,cust_1723794,ESMA,mortgage,188135,120,593,medium,approved,188135,call_center,true,414
app_20250113_00003714,2025-01-13 08:54:31,cust_6416702,CHBE,auto_loan,26352,24,849,low,approved,26352,mobile,true,640
app_20250113_00003715,2025-01-13 00:26:16,cust_7030011,CZPR,credit_card,7762,48,802,low,approved,7762,branch,true,34
app_20250113_00003716,2025-01-13 17:01:25,cust_9122366,ITMI,cash_loan,7069,18,622,medium,rejected,0,web,false,74
app_20250113_00003717,2025-01-13 06:28:15,cust_1912974,ITMI,personal_loan,4044,42,745,low,approved,4044,call_center,false,371
app_20250113_00003718,2025-01-13 01:02:27,cust_2340184,ITMI,refinance,221786,120,647,medium,approved,221786,online_banking,true,855
app_20250113_00003719,2025-01-13 16:51:18,cust_6411837,ATVI,auto_loan,29063,48,586,medium,rejected,0,web,false,14
app_20250113_00003720,2025-01-13 10:51:09,cust_971570,ESMA,personal_loan,14509,24,550,medium,rejected,0,online_banking,false,120
app_20250113_00003721,2025-01-13 17:09:24,cust_6860595,PORP,education_loan,33580,12,850,low,approved,33580,partner,true,666
app_20250113_00003722,2025-01-13 08:11:26,cust_8747793,SESV,personal_loan,22596,18,819,low,approved,22596,web,true,569
app_20250113_00003723,2025-01-13 10:19:21,cust_7503135,UKLO,business_loan,29305,48,662,medium,rejected,0,online_banking,false,178
app_20250113_00003724,2025-01-13 16:50:40,cust_5187198,PORP,cash_loan,34776,30,751,low,approved,34776,call_center,false,822
app_20250113_00003725,2025-01-13 23:55:38,cust_1532824,PORP,personal_loan,20411,48,638,medium,approved,20411,partner,false,31
app_20250113_00003726,2025-01-13 11:45:43,cust_5172755,NLAM,personal_loan,39782,12,718,low,approved,39782,call_center,true,663
app_20250113_00003727,2025-01-13 22:55:15,cust_3555150,GRRE,personal_loan,10243,18,399,high,rejected,0,atm,true,63
app_20250113_00003728,2025-01-13 13:23:38,cust_9974319,ATVI,business_loan,34247,48,615,medium,rejected,0,atm,false,95
app_20250113_00003729,2025-01-13 22:42:19,cust_2346700,ESMA,personal_loan,39076,30,570,medium,rejected,0,call_center,true,145
app_20250113_00003730,2025-01-13 04:02:08,cust_3434565,PORP,education_loan,8899,24,731,low,approved,8899,web,false,566
app_20250113_00003731,2025-01-13 22:25:25,cust_9849104,FRID,business_loan,17031,24,786,low,approved,17031,branch,false,543
app_20250113_00003732,2025-01-13 21:24:33,cust_7497520,DEHE,education_loan,4763,24,528,medium,approved,4763,mobile_app,true,485
app_20250113_00003733,2025-01-13 21:37:30,cust_6413894,ATVI,personal_loan,13163,42,691,medium,approved,13163,atm,false,566
app_20250113_00003734,2025-01-13 05:49:52,cust_6598934,ITMI,auto_loan,9593,48,846,low,approved,9593,mobile_app,true,763
app_20250113_00003735,2025-01-13 04:47:14,cust_5439229,CZPR,refinance,173388,240,707,low,approved,173388,mobile,false,755
app_20250113_00003736,2025-01-13 23:30:51,cust_1900032,ITMI,personal_loan,6364,36,690,medium,rejected,0,call_center,true,5
app_20250113_00003737,2025-01-13 13:18:51,cust_4758765,ESMA,cash_loan,28202,12,664,medium,approved,28202,mobile_app,false,272
app_20250113_00003738,2025-01-13 08:31:10,cust_624913,BENL,mortgage,258470,180,615,medium,rejected,0,mobile_app,true,154
app_20250113_00003739,2025-01-13 15:12:30,cust_4134999,PORP,auto_loan,44929,36,678,medium,approved,44929,mobile_app,false,542
app_20250113_00003740,2025-01-13 13:53:23,cust_3338756,NLAM,cash_loan,34402,30,621,medium,approved,34402,call_center,true,893
app_20250113_00003741,2025-01-13 21:57:02,cust_4695287,ESMA,education_loan,38166,36,395,high,rejected,0,partner,true,34
app_20250113_00003742,2025-01-13 04:02:58,cust_398707,FRID,business_loan,33880,48,533,medium,approved,33880,mobile,true,58
app_20250113_00003743,2025-01-13 05:22:20,cust_2843104,ITMI,credit_card,39534,30,756,low,approved,39534,atm,true,888
app_20250113_00003744,2025-01-13 03:49:09,cust_6188753,AUTR,auto_loan,57620,24,636,medium,rejected,0,branch,true,61
app_20250113_00003745,2025-01-13 20:31:51,cust_4884631,BENL,mortgage,453613,180,552,medium,rejected,0,online_banking,true,157
app_20250113_00003746,2025-01-13 15:48:52,cust_1933010,CZPR,cash_loan,46982,24,564,medium,rejected,0,online_banking,false,170
app_20250113_00003747,2025-01-13 08:17:10,cust_8151001,AUTR,mortgage,108880,120,779,low,approved,108880,mobile,false,255
app_20250113_00003748,2025-01-13 08:46:23,cust_7822984,UKLO,personal_loan,31792,12,760,low,approved,31792,branch,false,875
app_20250113_00003749,2025-01-13 03:37:29,cust_8375831,PORP,personal_loan,5541,30,632,medium,approved,5541,mobile_app,true,110
app_20250113_00003750,2025-01-13 03:39:06,cust_9278286,FRID,credit_card,21876,48,647,medium,approved,21876,web,false,357
app_20250113_00003751,2025-01-13 03:08:39,cust_1850782,CHBE,business_loan,7409,24,752,low,approved,7409,atm,false,864
app_20250113_00003752,2025-01-13 00:01:13,cust_2975499,CHBE,refinance,438743,240,717,low,approved,438743,online_banking,false,66
app_20250113_00003753,2025-01-13 01:30:54,cust_5894730,PORP,credit_card,41301,12,618,medium,rejected,0,partner,false,102
app_20250113_00003754,2025-01-13 00:45:49,cust_6075005,PORP,credit_card,24122,24,572,medium,approved,24122,mobile_app,true,86
app_20250113_00003755,2025-01-13 16:58:08,cust_2231088,PORP,cash_loan,40110,12,459,high,rejected,0,web,true,154
app_20250113_00003756,2025-01-13 13:14:24,cust_9486389,BENL,refinance,346079,180,692,medium,rejected,0,mobile_app,true,124
app_20250113_00003757,2025-01-13 08:12:26,cust_9479704,BENL,refinance,356089,120,656,medium,rejected,0,call_center,true,42
app_20250113_00003758,2025-01-13 06:28:54,cust_2102444,FRID,auto_loan,59920,72,555,medium,rejected,0,online_banking,false,122
app_20250113_00003759,2025-01-13 15:37:31,cust_2608567,AUTR,auto_loan,28580,60,746,low,approved,28580,web,false,388
app_20250113_00003760,2025-01-13 12:52:21,cust_6391629,DEHE,business_loan,30328,48,733,low,approved,30328,mobile,true,885
app_20250113_00003761,2025-01-13 12:11:00,cust_6194144,ESMA,auto_loan,56626,60,614,medium,approved,56626,atm,true,408
app_20250113_00003762,2025-01-13 04:53:39,cust_779081,ATVI,credit_card,30164,48,632,medium,rejected,0,mobile_app,false,130
app_20250113_00003763,2025-01-13 07:50:15,cust_1087325,GRRE,business_loan,38834,12,704,low,approved,38834,atm,false,336
app_20250113_00003764,2025-01-13 09:13:22,cust_2064876,ESMA,business_loan,24153,36,539,medium,rejected,0,online_banking,false,24
app_20250113_00003765,2025-01-13 06:11:28,cust_4921418,ITMI,mortgage,304125,120,656,medium,approved,304125,online_banking,false,258
app_20250113_00003766,2025-01-13 13:04:06,cust_1574796,FRID,personal_loan,11722,18,464,high,rejected,0,partner,true,44
app_20250113_00003767,2025-01-13 07:05:46,cust_5519979,NLAM,personal_loan,4564,12,675,medium,rejected,0,call_center,true,43
app_20250113_00003768,2025-01-13 21:55:07,cust_3812542,GRRE,refinance,451688,360,570,medium,rejected,0,mobile,false,169
app_20250113_00003769,2025-01-13 21:07:15,cust_1312988,PORP,cash_loan,42061,42,850,low,approved,42061,partner,true,403
app_20250113_00003770,2025-01-13 03:40:47,cust_4589518,UKLO,refinance,466458,300,727,low,approved,466458,online_banking,false,801
app_20250113_00003771,2025-01-13 02:31:42,cust_3084315,ITMI,education_loan,4992,12,650,medium,approved,4992,online_banking,true,182
app_20250113_00003772,2025-01-13 06:18:00,cust_3416484,UKLO,refinance,373297,120,780,low,approved,373297,call_center,true,657
app_20250113_00003773,2025-01-13 18:24:47,cust_9082821,UKLO,credit_card,45233,24,618,medium,rejected,0,mobile,false,47
app_20250113_00003774,2025-01-13 22:43:24,cust_1958515,ESMA,cash_loan,14670,36,751,low,approved,14670,online_banking,true,194
app_20250113_00003775,2025-01-13 01:28:00,cust_6513651,NLAM,mortgage,104488,240,666,medium,approved,104488,mobile_app,true,696
app_20250113_00003776,2025-01-13 19:49:24,cust_8433887,PLWA,credit_card,3778,48,594,medium,rejected,0,partner,false,65
app_20250113_00003777,2025-01-13 05:05:59,cust_2654181,ATVI,refinance,485934,360,809,low,approved,485934,mobile,false,203
app_20250113_00003778,2025-01-13 08:53:40,cust_8725845,ATVI,education_loan,12772,12,553,medium,rejected,0,partner,true,139
app_20250113_00003779,2025-01-13 23:52:46,cust_1799525,AUTR,cash_loan,27760,42,833,low,approved,27760,atm,false,655
app_20250113_00003780,2025-01-13 01:10:55,cust_8476055,ESMA,cash_loan,32492,36,778,low,approved,32492,partner,false,243
app_20250113_00003781,2025-01-13 17:03:41,cust_7223524,PLWA,credit_card,24256,42,611,medium,approved,24256,mobile_app,true,621
app_20250113_00003782,2025-01-13 05:17:10,cust_8738039,ITMI,auto_loan,30183,48,745,low,approved,30183,atm,true,528
app_20250113_00003783,2025-01-13 06:11:07,cust_7857523,ESMA,cash_loan,43745,24,718,low,approved,43745,web,true,614
app_20250113_00003784,2025-01-13 05:57:38,cust_5564836,PORP,auto_loan,43396,72,572,medium,rejected,0,partner,false,172
app_20250113_00003785,2025-01-13 17:11:55,cust_6467838,CZPR,education_loan,24722,36,603,medium,approved,24722,mobile_app,false,552
app_20250113_00003786,2025-01-13 10:52:23,cust_2430799,CZPR,mortgage,353367,240,748,low,approved,353367,mobile_app,false,115
app_20250113_00003787,2025-01-13 04:08:08,cust_4246296,ATVI,business_loan,24720,48,689,medium,approved,24720,branch,false,392
app_20250113_00003788,2025-01-13 12:39:23,cust_859900,SESV,mortgage,228548,120,463,high,approved,228548,online_banking,false,757
app_20250113_00003789,2025-01-13 08:59:28,cust_9453750,SESV,education_loan,5427,60,630,medium,approved,5427,mobile,false,31
app_20250113_00003790,2025-01-13 04:10:40,cust_1503627,PLWA,refinance,88157,360,648,medium,approved,88157,mobile,true,161
app_20250113_00003791,2025-01-13 05:21:29,cust_2127108,UKLO,mortgage,78349,120,521,medium,approved,78349,partner,false,405
app_20250113_00003792,2025-01-13 06:17:26,cust_7509501,SESV,personal_loan,27684,30,684,medium,approved,27684,atm,false,40
app_20250113_00003793,2025-01-13 14:51:33,cust_471938,BENL,auto_loan,17110,72,639,medium,approved,17110,call_center,true,877
app_20250113_00003794,2025-01-13 18:59:12,cust_333599,ESMA,mortgage,193872,240,674,medium,rejected,0,mobile,true,108
app_20250113_00003795,2025-01-13 12:13:01,cust_5665280,FRID,personal_loan,9112,12,528,medium,rejected,0,online_banking,false,155
app_20250113_00003796,2025-01-13 21:16:29,cust_5783048,DEHE,business_loan,28392,12,553,medium,rejected,0,call_center,false,78
app_20250113_00003797,2025-01-13 05:36:37,cust_9472565,DEHE,mortgage,166559,120,568,medium,rejected,0,partner,true,137
app_20250113_00003798,2025-01-13 23:41:42,cust_359057,UKLO,refinance,122561,180,637,medium,approved,122561,mobile,false,222
app_20250113_00003799,2025-01-13 08:49:29,cust_3567082,AUTR,business_loan,29522,36,697,medium,approved,29522,partner,false,530
app_20250113_00003800,2025-01-13 08:22:46,cust_2960597,ESMA,mortgage,54814,240,701,low,approved,54814,atm,false,350
app_20250113_00003801,2025-01-13 19:38:18,cust_8627407,UKLO,credit_card,44310,42,618,medium,rejected,0,mobile,true,79
app_20250113_00003802,2025-01-13 11:56:09,cust_2664296,CHBE,personal_loan,33458,42,685,medium,approved,33458,mobile_app,false,839
app_20250113_00003803,2025-01-13 20:19:00,cust_839482,GRRE,auto_loan,38730,36,693,medium,rejected,0,mobile,false,57
app_20250113_00003804,2025-01-13 13:08:00,cust_6047866,PLWA,cash_loan,26118,18,694,medium,rejected,0,mobile_app,true,75
app_20250113_00003805,2025-01-13 09:02:46,cust_5175183,CHBE,refinance,302398,240,666,medium,rejected,0,branch,true,48
app_20250113_00003806,2025-01-13 11:13:02,cust_6090073,PLWA,credit_card,37175,42,590,medium,approved,37175,atm,true,188
app_20250113_00003807,2025-01-13 20:47:20,cust_5845373,CHBE,refinance,170961,120,673,medium,approved,170961,atm,false,815
app_20250113_00003808,2025-01-13 05:52:42,cust_3155811,UKLO,business_loan,7870,24,558,medium,rejected,0,mobile_app,true,134
app_20250113_00003809,2025-01-13 19:03:03,cust_3406329,CHBE,education_loan,9854,24,850,low,approved,9854,branch,true,358
app_20250113_00003810,2025-01-13 19:13:21,cust_5043868,PORP,personal_loan,9193,42,706,low,approved,9193,mobile_app,true,646
app_20250113_00003811,2025-01-13 07:45:46,cust_9910551,DEHE,business_loan,25726,36,716,low,approved,25726,branch,true,514
app_20250113_00003812,2025-01-13 19:47:26,cust_187711,CHBE,personal_loan,1628,18,434,high,rejected,0,web,true,101
app_20250113_00003813,2025-01-13 03:29:17,cust_1390747,PORP,cash_loan,34174,12,521,medium,approved,34174,mobile,false,160
app_20250113_00003814,2025-01-13 23:01:59,cust_2807042,FRID,cash_loan,11410,42,850,low,approved,11410,call_center,false,535
app_20250113_00003815,2025-01-13 07:24:58,cust_7610289,ATVI,education_loan,29599,12,702,low,approved,29599,mobile,true,273
app_20250113_00003816,2025-01-13 23:07:16,cust_4404039,UKLO,business_loan,29850,60,561,medium,rejected,0,mobile,true,142
app_20250113_00003817,2025-01-13 17:02:39,cust_7165145,SESV,auto_loan,37437,48,761,low,approved,37437,web,true,757
app_20250113_00003818,2025-01-13 05:05:52,cust_4807503,PLWA,auto_loan,21224,72,623,medium,rejected,0,web,false,111
app_20250113_00003819,2025-01-13 02:27:07,cust_6054233,ITMI,credit_card,37818,36,643,medium,rejected,0,web,false,94
app_20250113_00003820,2025-01-13 07:12:26,cust_9811681,BENL,auto_loan,49161,36,776,low,approved,49161,web,false,473
app_20250113_00003821,2025-01-13 01:25:21,cust_9116157,FRID,cash_loan,39788,48,585,medium,rejected,0,branch,false,148
app_20250113_00003822,2025-01-13 11:44:45,cust_7024753,CZPR,education_loan,12896,12,546,medium,approved,12896,web,true,699
app_20250113_00003823,2025-01-13 16:27:39,cust_7960412,BENL,credit_card,11807,42,759,low,approved,11807,mobile,false,731
app_20250113_00003824,2025-01-13 11:54:58,cust_9190237,ITMI,auto_loan,34747,24,682,medium,rejected,0,mobile_app,true,35
app_20250113_00003825,2025-01-13 06:41:54,cust_5605029,SESV,refinance,347970,360,565,medium,rejected,0,mobile_app,true,70
app_20250113_00003826,2025-01-13 22:29:54,cust_1017715,ESMA,mortgage,54286,240,673,medium,approved,54286,branch,true,62
app_20250113_00003827,2025-01-13 09:56:28,cust_3377944,AUTR,credit_card,11571,48,563,medium,approved,11571,partner,false,267
app_20250113_00003828,2025-01-13 07:56:48,cust_1251868,CHBE,education_loan,9071,24,707,low,approved,9071,mobile_app,true,472
app_20250113_00003829,2025-01-13 00:02:19,cust_9489791,PLWA,personal_loan,36600,42,625,medium,approved,36600,mobile_app,false,459
app_20250113_00003830,2025-01-13 20:45:46,cust_4419884,PORP,personal_loan,42924,30,617,medium,approved,42924,atm,true,140
app_20250113_00003831,2025-01-13 18:25:09,cust_6650315,DEHE,refinance,168211,180,708,low,approved,168211,partner,false,763
app_20250113_00003832,2025-01-13 22:10:38,cust_6665244,ATVI,mortgage,371358,120,727,low,rejected,0,branch,true,116
app_20250113_00003833,2025-01-13 12:03:41,cust_866748,GRRE,business_loan,27196,36,778,low,approved,27196,web,true,130
app_20250113_00003834,2025-01-13 04:30:45,cust_3791014,PLWA,cash_loan,39647,24,750,low,approved,39647,web,true,387
app_20250113_00003835,2025-01-13 18:16:44,cust_3189192,PORP,mortgage,468996,300,530,medium,approved,468996,mobile,true,314
app_20250113_00003836,2025-01-13 03:53:38,cust_2323479,BENL,business_loan,3142,24,626,medium,rejected,0,branch,true,114
app_20250113_00003837,2025-01-13 20:31:07,cust_6668424,NLAM,cash_loan,1710,48,698,medium,rejected,0,mobile_app,false,163
app_20250113_00003838,2025-01-13 06:38:59,cust_7543659,AUTR,refinance,241627,240,725,low,approved,241627,online_banking,true,140
app_20250113_00003839,2025-01-13 02:47:31,cust_3321619,PLWA,auto_loan,56852,24,612,medium,rejected,0,mobile,false,17
app_20250113_00003840,2025-01-13 18:56:51,cust_7043769,ATVI,credit_card,44329,18,445,high,rejected,0,partner,false,95
app_20250113_00003841,2025-01-13 15:45:21,cust_9682647,NLAM,refinance,305001,180,613,medium,approved,305001,mobile,false,465
app_20250113_00003842,2025-01-13 09:02:10,cust_7060131,PLWA,business_loan,27765,36,771,low,approved,27765,branch,true,378
app_20250113_00003843,2025-01-13 23:42:09,cust_6362359,NLAM,cash_loan,28808,48,657,medium,rejected,0,atm,true,11
app_20250113_00003844,2025-01-13 00:33:23,cust_6131466,NLAM,credit_card,24354,42,766,low,approved,24354,mobile,false,45
app_20250113_00003845,2025-01-13 13:44:27,cust_9257196,PLWA,business_loan,31338,48,730,low,approved,31338,branch,true,882
app_20250113_00003846,2025-01-13 13:33:32,cust_2927663,GRRE,education_loan,38299,60,821,low,approved,38299,partner,false,501
app_20250113_00003847,2025-01-13 19:04:30,cust_2599781,FRID,refinance,186659,360,645,medium,approved,186659,web,true,422
app_20250113_00003848,2025-01-13 19:55:01,cust_6328506,ESMA,cash_loan,32784,36,611,medium,rejected,0,atm,true,85
app_20250113_00003849,2025-01-13 18:14:26,cust_8656382,CZPR,personal_loan,17942,36,695,medium,approved,17942,mobile,true,194
app_20250113_00003850,2025-01-13 12:32:25,cust_4863207,AUTR,auto_loan,42568,72,701,low,approved,42568,online_banking,false,466
app_20250113_00003851,2025-01-13 22:47:51,cust_7751598,FRID,business_loan,38199,36,725,low,approved,38199,call_center,false,178
app_20250113_00003852,2025-01-13 10:13:53,cust_4016562,CZPR,mortgage,497056,180,678,medium,rejected,0,web,true,173
app_20250113_00003853,2025-01-13 07:04:00,cust_1843136,DEHE,cash_loan,19793,12,559,medium,rejected,0,web,true,15
app_20250113_00003854,2025-01-13 17:07:05,cust_8263191,FRID,business_loan,6848,60,528,medium,rejected,0,atm,false,49
app_20250113_00003855,2025-01-13 17:56:06,cust_8678739,NLAM,auto_loan,24676,48,537,medium,approved,24676,call_center,false,557
app_20250113_00003856,2025-01-13 21:51:25,cust_5557564,UKLO,credit_card,40749,36,680,medium,approved,40749,web,false,73
app_20250113_00003857,2025-01-13 01:29:34,cust_8949690,PORP,business_loan,5350,36,668,medium,rejected,0,mobile_app,false,35
app_20250113_00003858,2025-01-13 23:32:04,cust_8298896,NLAM,auto_loan,21837,36,733,low,approved,21837,mobile,false,671
app_20250113_00003859,2025-01-13 22:30:53,cust_7668513,FRID,education_loan,22687,48,631,medium,rejected,0,web,true,25
app_20250113_00003860,2025-01-13 10:17:30,cust_5002847,ITMI,education_loan,25268,48,583,medium,rejected,0,mobile,false,40
app_20250113_00003861,2025-01-13 00:35:38,cust_6441869,AUTR,education_loan,12326,36,459,high,rejected,0,online_banking,true,8
app_20250113_00003862,2025-01-13 02:25:20,cust_5619498,ATVI,mortgage,99566,180,617,medium,rejected,0,atm,false,69
app_20250113_00003863,2025-01-13 11:47:03,cust_6088772,ITMI,personal_loan,41499,18,504,medium,rejected,0,call_center,false,47
app_20250113_00003864,2025-01-13 20:48:12,cust_4857618,ITMI,refinance,470533,360,546,medium,rejected,0,mobile,true,52
app_20250113_00003865,2025-01-13 06:57:57,cust_6213180,CZPR,refinance,188016,300,545,medium,approved,188016,partner,true,341
app_20250113_00003866,2025-01-13 22:20:51,cust_8854191,AUTR,personal_loan,17862,24,634,medium,approved,17862,online_banking,true,273
app_20250113_00003867,2025-01-13 11:36:48,cust_9443509,DEHE,mortgage,462098,240,483,high,rejected,0,mobile_app,true,163
app_20250113_00003868,2025-01-13 18:51:51,cust_1142815,ITMI,business_loan,32584,12,508,medium,rejected,0,online_banking,true,109
app_20250113_00003869,2025-01-13 15:25:36,cust_1902597,CHBE,education_loan,15578,48,605,medium,approved,15578,partner,false,610
app_20250113_00003870,2025-01-13 21:12:28,cust_2930303,DEHE,credit_card,40044,12,780,low,approved,40044,atm,true,377
app_20250113_00003871,2025-01-13 02:13:54,cust_3363739,NLAM,business_loan,22713,24,602,medium,approved,22713,online_banking,true,614
app_20250113_00003872,2025-01-13 06:36:43,cust_4666007,DEHE,auto_loan,45196,48,520,medium,rejected,0,call_center,true,42
app_20250113_00003873,2025-01-13 22:40:49,cust_7866996,ATVI,credit_card,17188,24,378,high,approved,17188,web,false,223
app_20250113_00003874,2025-01-13 18:58:04,cust_5721891,PLWA,education_loan,12285,60,576,medium,rejected,0,call_center,false,104
app_20250113_00003875,2025-01-13 06:52:18,cust_7603724,PORP,cash_loan,48300,48,631,medium,approved,48300,mobile_app,true,179
app_20250113_00003876,2025-01-13 07:54:39,cust_4777256,ATVI,education_loan,29087,60,746,low,approved,29087,web,false,466
app_20250113_00003877,2025-01-13 05:35:03,cust_1695488,NLAM,mortgage,344007,180,752,low,rejected,0,mobile_app,true,52
app_20250113_00003878,2025-01-13 14:42:03,cust_9964099,ITMI,refinance,433680,120,703,low,approved,433680,mobile,false,84
app_20250113_00003879,2025-01-13 23:51:24,cust_2356571,CHBE,credit_card,18474,42,835,low,approved,18474,branch,false,437
app_20250113_00003880,2025-01-13 09:21:53,cust_3587322,FRID,refinance,128373,120,702,low,approved,128373,atm,true,743
app_20250113_00003881,2025-01-13 21:56:26,cust_920075,NLAM,business_loan,18431,48,535,medium,rejected,0,atm,true,110
app_20250113_00003882,2025-01-13 23:16:51,cust_8498479,GRRE,credit_card,30910,30,794,low,rejected,0,partner,false,18
app_20250113_00003883,2025-01-13 19:25:17,cust_9078262,PLWA,personal_loan,21521,48,642,medium,approved,21521,web,true,559
app_20250113_00003884,2025-01-13 15:53:09,cust_2112065,GRRE,auto_loan,6724,36,563,medium,approved,6724,atm,false,337
app_20250113_00003885,2025-01-13 10:26:23,cust_9497759,NLAM,mortgage,116005,180,666,medium,approved,116005,online_banking,false,243
app_20250113_00003886,2025-01-13 18:10:31,cust_9635758,NLAM,education_loan,37820,24,615,medium,approved,37820,call_center,false,625
app_20250113_00003887,2025-01-13 07:59:24,cust_9234390,ESMA,refinance,491532,180,473,high,rejected,0,partner,true,85
app_20250113_00003888,2025-01-13 18:19:04,cust_4804168,CZPR,credit_card,35283,18,535,medium,rejected,0,partner,true,172
app_20250113_00003889,2025-01-13 11:35:11,cust_2087544,GRRE,business_loan,4079,24,615,medium,rejected,0,branch,false,97
app_20250113_00003890,2025-01-13 15:53:47,cust_2001345,CHBE,mortgage,116435,180,639,medium,rejected,0,online_banking,false,30
app_20250113_00003891,2025-01-13 10:01:55,cust_8610339,FRID,business_loan,34876,48,758,low,approved,34876,web,false,403
app_20250113_00003892,2025-01-13 04:22:48,cust_9099252,ESMA,education_loan,33760,12,726,low,approved,33760,mobile,true,655
app_20250113_00003893,2025-01-13 13:25:23,cust_583624,PORP,cash_loan,49705,18,525,medium,rejected,0,branch,false,43
app_20250113_00003894,2025-01-13 13:10:06,cust_4573180,SESV,auto_loan,20748,72,620,medium,approved,20748,web,true,885
app_20250113_00003895,2025-01-13 06:11:43,cust_9118237,PORP,cash_loan,40192,12,520,medium,approved,40192,call_center,false,896
app_20250113_00003896,2025-01-13 16:44:20,cust_3232511,ITMI,business_loan,17868,24,573,medium,rejected,0,mobile,true,130
app_20250113_00003897,2025-01-13 21:33:27,cust_4834777,PLWA,auto_loan,15401,60,850,low,approved,15401,web,true,658
app_20250113_00003898,2025-01-13 06:05:36,cust_7536257,BENL,business_loan,13157,48,616,medium,approved,13157,mobile,true,80
app_20250113_00003899,2025-01-13 14:23:57,cust_5452466,SESV,education_loan,31068,12,469,high,rejected,0,online_banking,true,93
app_20250113_00003900,2025-01-13 01:18:49,cust_7314287,PLWA,personal_loan,23446,42,759,low,approved,23446,branch,false,846
app_20250113_00003901,2025-01-13 18:06:16,cust_9459281,BENL,mortgage,341941,300,626,medium,approved,341941,call_center,false,742
app_20250113_00003902,2025-01-13 09:33:42,cust_2675040,FRID,refinance,335689,360,702,low,approved,335689,mobile_app,false,671
app_20250113_00003903,2025-01-13 20:21:46,cust_1747919,CHBE,education_loan,22185,60,603,medium,rejected,0,web,true,123
app_20250113_00003904,2025-01-13 01:50:51,cust_9560335,ATVI,mortgage,279792,240,618,medium,approved,279792,atm,false,254
app_20250113_00003905,2025-01-13 21:43:52,cust_5509048,PLWA,cash_loan,7279,30,621,medium,approved,7279,atm,false,96
app_20250113_00003906,2025-01-13 04:43:31,cust_9766765,DEHE,refinance,88306,240,547,medium,rejected,0,mobile,true,135
app_20250113_00003907,2025-01-13 18:39:29,cust_548737,CZPR,auto_loan,42614,36,670,medium,rejected,0,web,false,109
app_20250113_00003908,2025-01-13 15:12:56,cust_1420924,BENL,education_loan,30995,12,671,medium,approved,30995,branch,false,373
app_20250113_00003909,2025-01-13 19:58:18,cust_9165479,PLWA,mortgage,88929,360,719,low,approved,88929,web,false,144
app_20250113_00003910,2025-01-13 22:06:17,cust_9506916,ESMA,cash_loan,42418,12,657,medium,approved,42418,mobile_app,true,899
app_20250113_00003911,2025-01-13 18:41:46,cust_8861320,DEHE,refinance,450898,300,571,medium,rejected,0,atm,true,92
app_20250113_00003912,2025-01-13 08:54:34,cust_1327132,GRRE,credit_card,31107,18,456,high,rejected,0,call_center,true,32
app_20250113_00003913,2025-01-13 16:21:49,cust_2325275,CZPR,personal_loan,15969,12,647,medium,approved,15969,mobile_app,true,56
app_20250113_00003914,2025-01-13 12:55:58,cust_8445024,ESMA,auto_loan,31280,24,671,medium,approved,31280,mobile,false,238
app_20250113_00003915,2025-01-13 00:13:38,cust_3740973,FRID,education_loan,4341,60,644,medium,approved,4341,web,true,59
app_20250113_00003916,2025-01-13 16:05:38,cust_2836617,NLAM,auto_loan,41019,36,606,medium,approved,41019,online_banking,true,231
app_20250113_00003917,2025-01-13 18:28:12,cust_4670109,UKLO,refinance,427567,240,740,low,approved,427567,mobile,true,707
app_20250113_00003918,2025-01-13 18:55:00,cust_1014149,ESMA,cash_loan,40899,48,850,low,approved,40899,mobile,true,286
app_20250113_00003919,2025-01-13 09:22:50,cust_9223554,PLWA,education_loan,18826,24,850,low,approved,18826,mobile,true,683
app_20250113_00003920,2025-01-13 10:22:31,cust_6794322,PLWA,auto_loan,19169,48,505,medium,rejected,0,call_center,false,81
app_20250113_00003921,2025-01-13 16:27:52,cust_6400583,ATVI,business_loan,8181,12,616,medium,approved,8181,mobile,false,882
app_20250113_00003922,2025-01-13 08:39:56,cust_8389855,AUTR,mortgage,486446,240,850,low,approved,486446,branch,false,92
app_20250113_00003923,2025-01-13 09:06:19,cust_1511875,FRID,refinance,477521,300,850,low,approved,477521,partner,false,567
app_20250113_00003924,2025-01-13 22:14:30,cust_3391012,ATVI,business_loan,13198,24,641,medium,rejected,0,mobile,false,135
app_20250113_00003925,2025-01-13 06:39:58,cust_6765283,AUTR,personal_loan,15600,24,624,medium,approved,15600,online_banking,true,810
app_20250113_00003926,2025-01-13 14:16:59,cust_9717796,ATVI,cash_loan,26813,12,599,medium,approved,26813,online_banking,true,129
app_20250113_00003927,2025-01-13 23:41:44,cust_1862738,CHBE,refinance,383303,300,672,medium,rejected,0,online_banking,false,123
app_20250113_00003928,2025-01-13 04:07:08,cust_7537945,NLAM,cash_loan,37073,18,512,medium,approved,37073,partner,true,552
app_20250113_00003929,2025-01-13 11:20:40,cust_2641086,GRRE,education_loan,8345,36,666,medium,approved,8345,branch,false,764
app_20250113_00003930,2025-01-13 15:08:12,cust_1404581,ESMA,business_loan,30040,48,657,medium,approved,30040,partner,false,810
app_20250113_00003931,2025-01-13 03:44:49,cust_8467555,ITMI,credit_card,42871,24,706,low,approved,42871,partner,false,205
app_20250113_00003932,2025-01-13 14:27:35,cust_6387351,NLAM,education_loan,20390,36,631,medium,approved,20390,mobile,true,651
app_20250113_00003933,2025-01-13 23:22:38,cust_1971155,AUTR,credit_card,34703,12,687,medium,approved,34703,mobile_app,false,898
app_20250113_00003934,2025-01-13 10:00:47,cust_5013655,BENL,refinance,486981,120,682,medium,rejected,0,online_banking,false,65
app_20250113_00003935,2025-01-13 21:03:39,cust_1320708,CHBE,education_loan,28102,24,665,medium,rejected,0,atm,false,122
app_20250113_00003936,2025-01-13 17:16:25,cust_8516285,UKLO,refinance,360976,120,517,medium,rejected,0,call_center,true,97
app_20250113_00003937,2025-01-13 03:00:20,cust_9248709,CZPR,personal_loan,38700,42,563,medium,approved,38700,mobile,false,864
app_20250113_00003938,2025-01-13 10:15:36,cust_4356944,CHBE,cash_loan,10847,12,803,low,approved,10847,branch,true,775
app_20250113_00003939,2025-01-13 05:25:42,cust_3422937,CZPR,auto_loan,28084,48,649,medium,rejected,0,call_center,false,75
app_20250113_00003940,2025-01-13 06:08:40,cust_9844682,PLWA,auto_loan,34955,36,658,medium,rejected,0,mobile_app,false,136
app_20250113_00003941,2025-01-13 01:54:33,cust_2499854,CHBE,business_loan,25532,24,551,medium,approved,25532,mobile_app,false,713
app_20250113_00003942,2025-01-13 15:05:46,cust_9870623,ATVI,cash_loan,30914,18,624,medium,rejected,0,online_banking,false,36
app_20250113_00003943,2025-01-13 13:42:24,cust_1830339,SESV,auto_loan,56605,48,577,medium,rejected,0,atm,false,175
app_20250113_00003944,2025-01-13 06:54:33,cust_2075364,UKLO,auto_loan,18598,60,676,medium,rejected,0,web,true,173
app_20250113_00003945,2025-01-13 02:44:31,cust_1537306,GRRE,education_loan,4864,60,720,low,approved,4864,online_banking,true,289
app_20250113_00003946,2025-01-13 02:54:14,cust_7212282,CHBE,personal_loan,5602,24,515,medium,rejected,0,partner,true,36
app_20250113_00003947,2025-01-13 15:23:13,cust_1406786,GRRE,cash_loan,13136,12,691,medium,approved,13136,branch,true,300
app_20250113_00003948,2025-01-13 19:15:49,cust_4468080,NLAM,auto_loan,43281,48,761,low,approved,43281,atm,false,661
app_20250113_00003949,2025-01-13 02:24:43,cust_3352607,FRID,cash_loan,42793,42,563,medium,approved,42793,web,true,737
app_20250113_00003950,2025-01-13 11:59:12,cust_9337339,UKLO,cash_loan,41478,12,776,low,approved,41478,mobile_app,false,78
app_20250113_00003951,2025-01-13 07:18:10,cust_1586771,BENL,refinance,215315,120,722,low,approved,215315,web,false,175
app_20250113_00003952,2025-01-13 17:50:48,cust_410498,ITMI,credit_card,24140,48,640,medium,rejected,0,call_center,false,35
app_20250113_00003953,2025-01-13 14:59:14,cust_6622663,FRID,education_loan,27058,24,739,low,approved,27058,atm,false,148
app_20250113_00003954,2025-01-13 01:35:11,cust_1006438,PORP,credit_card,5203,24,628,medium,rejected,0,mobile_app,true,20
app_20250113_00003955,2025-01-13 09:19:30,cust_1173586,ATVI,credit_card,14646,24,728,low,approved,14646,branch,true,86
app_20250113_00003956,2025-01-13 15:34:19,cust_4515810,CHBE,credit_card,5304,30,695,medium,approved,5304,call_center,true,293
app_20250113_00003957,2025-01-13 14:56:54,cust_303576,UKLO,mortgage,140785,360,707,low,approved,140785,online_banking,true,433
app_20250113_00003958,2025-01-13 14:40:31,cust_5116058,GRRE,education_loan,26932,60,622,medium,rejected,0,call_center,true,83
app_20250113_00003959,2025-01-13 05:51:16,cust_5771525,PORP,personal_loan,16204,30,662,medium,rejected,0,mobile_app,true,108
app_20250113_00003960,2025-01-13 01:55:10,cust_1867934,ITMI,credit_card,46549,42,581,medium,approved,46549,call_center,true,45
app_20250113_00003961,2025-01-13 20:44:40,cust_110370,FRID,cash_loan,35123,30,586,medium,approved,35123,mobile_app,false,475
app_20250113_00003962,2025-01-13 06:36:25,cust_9798518,SESV,education_loan,9823,48,670,medium,approved,9823,online_banking,true,589
app_20250113_00003963,2025-01-13 13:06:16,cust_5860996,ESMA,cash_loan,49407,36,602,medium,rejected,0,partner,false,40
app_20250113_00003964,2025-01-13 01:33:59,cust_3956849,SESV,personal_loan,16010,24,488,high,rejected,0,mobile_app,true,85
app_20250113_00003965,2025-01-13 09:22:57,cust_3401226,DEHE,cash_loan,47511,24,656,medium,approved,47511,mobile_app,false,786
app_20250113_00003966,2025-01-13 17:04:11,cust_1987834,ATVI,cash_loan,49334,30,582,medium,approved,49334,mobile,false,359
app_20250113_00003967,2025-01-13 03:46:11,cust_8781949,PLWA,cash_loan,43907,42,692,medium,approved,43907,mobile_app,true,443
app_20250113_00003968,2025-01-13 17:52:46,cust_839273,SESV,refinance,279348,240,595,medium,rejected,0,mobile_app,true,56
app_20250113_00003969,2025-01-13 17:03:36,cust_5940691,PLWA,mortgage,226927,360,579,medium,approved,226927,atm,false,202
app_20250113_00003970,2025-01-13 18:27:25,cust_2774736,ATVI,cash_loan,17644,48,725,low,approved,17644,online_banking,true,172
app_20250113_00003971,2025-01-13 01:07:37,cust_695442,CHBE,education_loan,22185,36,770,low,approved,22185,call_center,true,548
app_20250113_00003972,2025-01-13 16:21:46,cust_8031165,ITMI,credit_card,47859,48,724,low,approved,47859,partner,false,404
app_20250113_00003973,2025-01-13 19:41:03,cust_9794273,ATVI,cash_loan,6987,48,625,medium,approved,6987,atm,false,186
app_20250113_00003974,2025-01-13 02:17:00,cust_1642974,DEHE,business_loan,11011,60,721,low,approved,11011,mobile_app,true,718
app_20250113_00003975,2025-01-13 21:57:01,cust_6496223,ITMI,refinance,427910,360,676,medium,rejected,0,mobile,false,135
app_20250113_00003976,2025-01-13 00:49:30,cust_6390898,ITMI,mortgage,324899,300,715,low,approved,324899,partner,true,37
app_20250113_00003977,2025-01-13 03:11:32,cust_3613790,UKLO,mortgage,184126,360,673,medium,approved,184126,mobile_app,true,91
app_20250113_00003978,2025-01-13 05:04:06,cust_6412453,NLAM,auto_loan,41271,48,760,low,approved,41271,web,false,56
app_20250113_00003979,2025-01-13 14:02:46,cust_6089565,NLAM,credit_card,47995,48,431,high,rejected,0,mobile_app,false,43
app_20250113_00003980,2025-01-13 17:02:57,cust_942058,ITMI,credit_card,6558,30,691,medium,approved,6558,web,true,193
app_20250113_00003981,2025-01-13 07:26:09,cust_4317917,PLWA,business_loan,33368,24,676,medium,approved,33368,mobile_app,true,870
app_20250113_00003982,2025-01-13 05:57:22,cust_3475098,SESV,mortgage,437239,180,712,low,approved,437239,partner,false,409
app_20250113_00003983,2025-01-13 10:55:08,cust_5584883,FRID,refinance,283744,240,607,medium,approved,283744,online_banking,false,541
app_20250113_00003984,2025-01-13 10:53:55,cust_3453654,UKLO,refinance,108189,360,718,low,approved,108189,web,true,239
app_20250113_00003985,2025-01-13 04:44:51,cust_1610198,PORP,personal_loan,33045,42,678,medium,rejected,0,call_center,false,84
app_20250113_00003986,2025-01-13 20:38:44,cust_5074563,ITMI,credit_card,22660,42,601,medium,approved,22660,atm,false,258
app_20250113_00003987,2025-01-13 11:19:53,cust_3754264,DEHE,auto_loan,12494,60,509,medium,rejected,0,branch,false,155
app_20250113_00003988,2025-01-13 00:22:54,cust_6522112,AUTR,personal_loan,11191,30,850,low,approved,11191,atm,false,789
app_20250113_00003989,2025-01-13 10:32:41,cust_3299286,PORP,auto_loan,32200,36,675,medium,approved,32200,mobile,false,888
app_20250113_00003990,2025-01-13 18:58:32,cust_5026448,BENL,business_loan,37362,12,565,medium,rejected,0,branch,true,24
app_20250113_00003991,2025-01-13 01:13:30,cust_5738870,GRRE,auto_loan,30972,72,715,low,approved,30972,call_center,true,720
app_20250113_00003992,2025-01-13 07:33:12,cust_2093736,UKLO,education_loan,8051,12,754,low,approved,8051,mobile_app,false,734
app_20250113_00003993,2025-01-13 10:41:46,cust_5958370,BENL,credit_card,38348,42,598,medium,approved,38348,branch,true,186
app_20250113_00003994,2025-01-13 19:27:27,cust_1679796,CHBE,mortgage,55679,240,850,low,approved,55679,partner,true,674
app_20250113_00003995,2025-01-13 23:21:25,cust_4331663,CHBE,refinance,409555,180,674,medium,rejected,0,call_center,true,97
app_20250113_00003996,2025-01-13 14:53:18,cust_8772748,ESMA,business_loan,27401,24,661,medium,approved,27401,online_banking,true,365
app_20250113_00003997,2025-01-13 23:37:14,cust_8552202,FRID,business_loan,18277,60,725,low,approved,18277,branch,false,607
app_20250113_00003998,2025-01-13 17:48:24,cust_6344734,NLAM,education_loan,10569,12,760,low,approved,10569,mobile_app,false,291
app_20250113_00003999,2025-01-13 07:15:49,cust_6670491,ITMI,refinance,238382,180,812,low,approved,238382,mobile_app,true,421
app_20250113_00004000,2025-01-13 09:26:41,cust_8212769,PLWA,business_loan,6050,36,626,medium,rejected,0,mobile_app,false,108
app_20250113_00004001,2025-01-13 21:54:10,cust_8263371,ESMA,personal_loan,13790,24,594,medium,rejected,0,partner,false,92
app_20250113_00004002,2025-01-13 10:47:34,cust_3020078,ITMI,mortgage,119986,300,788,low,approved,119986,mobile_app,true,356
app_20250113_00004003,2025-01-13 07:04:24,cust_5256320,AUTR,personal_loan,13748,24,561,medium,rejected,0,call_center,true,139
app_20250113_00004004,2025-01-13 15:11:15,cust_9844268,GRRE,cash_loan,35593,18,615,medium,approved,35593,atm,false,389
app_20250113_00004005,2025-01-13 06:57:14,cust_5091518,GRRE,credit_card,33388,12,613,medium,approved,33388,partner,false,605
app_20250113_00004006,2025-01-13 12:52:56,cust_602481,CZPR,education_loan,3298,36,492,high,rejected,0,online_banking,false,18
app_20250113_00004007,2025-01-13 13:19:05,cust_4011661,AUTR,business_loan,8312,60,642,medium,approved,8312,mobile_app,false,797
app_20250113_00004008,2025-01-13 08:53:32,cust_9444839,ATVI,education_loan,38139,36,631,medium,rejected,0,branch,false,154
app_20250113_00004009,2025-01-13 05:04:20,cust_3196975,BENL,education_loan,13940,36,806,low,approved,13940,atm,true,563
app_20250113_00004010,2025-01-13 10:21:10,cust_5657086,ITMI,personal_loan,37851,48,800,low,approved,37851,web,false,151
app_20250113_00004011,2025-01-13 17:28:58,cust_3585096,ITMI,credit_card,14059,18,790,low,approved,14059,online_banking,true,206
app_20250113_00004012,2025-01-13 05:05:53,cust_5664187,CHBE,mortgage,269961,120,446,high,rejected,0,mobile_app,true,94
app_20250113_00004013,2025-01-13 15:54:04,cust_944536,ESMA,cash_loan,24720,12,508,medium,rejected,0,branch,true,111
app_20250113_00004014,2025-01-13 10:36:44,cust_2993184,CZPR,education_loan,17324,60,533,medium,approved,17324,online_banking,false,669
app_20250113_00004015,2025-01-13 08:05:08,cust_7014258,ESMA,credit_card,11720,48,619,medium,rejected,0,atm,false,31
app_20250113_00004016,2025-01-13 12:26:55,cust_8134846,UKLO,mortgage,205050,240,795,low,rejected,0,mobile_app,true,56
app_20250113_00004017,2025-01-13 10:27:01,cust_678278,CZPR,mortgage,150366,300,586,medium,rejected,0,online_banking,false,137
app_20250113_00004018,2025-01-13 11:36:43,cust_1212748,BENL,personal_loan,40187,42,646,medium,approved,40187,web,false,94
app_20250113_00004019,2025-01-13 02:45:09,cust_4554076,ATVI,credit_card,35815,30,775,low,approved,35815,partner,true,152
app_20250113_00004020,2025-01-13 17:33:05,cust_7492892,FRID,cash_loan,25046,48,692,medium,approved,25046,mobile_app,false,86
app_20250113_00004021,2025-01-13 13:07:42,cust_6513402,AUTR,personal_loan,25913,24,601,medium,approved,25913,branch,true,697
app_20250113_00004022,2025-01-13 07:33:28,cust_703116,FRID,refinance,370218,360,661,medium,rejected,0,call_center,true,62
app_20250113_00004023,2025-01-13 19:27:56,cust_8408594,SESV,auto_loan,50720,72,746,low,approved,50720,mobile_app,false,850
app_20250113_00004024,2025-01-13 02:22:30,cust_4633934,CZPR,business_loan,30554,48,741,low,approved,30554,mobile,false,452
app_20250113_00004025,2025-01-13 02:51:19,cust_3729683,UKLO,personal_loan,44089,30,400,high,rejected,0,call_center,true,78
app_20250113_00004026,2025-01-13 05:48:00,cust_7358732,ESMA,auto_loan,43514,36,705,low,approved,43514,call_center,true,72
app_20250113_00004027,2025-01-13 03:26:38,cust_5188628,CHBE,auto_loan,39527,48,615,medium,rejected,0,web,false,5
app_20250113_00004028,2025-01-13 19:30:23,cust_1461215,GRRE,credit_card,5523,12,653,medium,rejected,0,branch,false,69
app_20250113_00004029,2025-01-13 20:02:51,cust_3905611,SESV,cash_loan,43042,42,674,medium,approved,43042,mobile,true,192
app_20250113_00004030,2025-01-13 18:04:51,cust_6114360,AUTR,credit_card,21566,12,809,low,approved,21566,mobile,true,272
app_20250113_00004031,2025-01-13 01:03:09,cust_596571,PLWA,personal_loan,38694,12,555,medium,rejected,0,mobile,true,158
app_20250113_00004032,2025-01-13 04:47:26,cust_7138406,NLAM,business_loan,19961,24,522,medium,rejected,0,web,true,177
app_20250113_00004033,2025-01-13 15:44:18,cust_6413550,CZPR,business_loan,16140,48,564,medium,rejected,0,mobile_app,false,44
app_20250113_00004034,2025-01-13 07:07:56,cust_7720147,NLAM,auto_loan,44747,36,623,medium,rejected,0,web,false,177
app_20250113_00004035,2025-01-13 03:41:34,cust_4691274,ESMA,credit_card,13043,42,850,low,approved,13043,call_center,true,142
app_20250113_00004036,2025-01-13 21:56:25,cust_8499316,PORP,auto_loan,6348,72,606,medium,approved,6348,web,false,557
app_20250113_00004037,2025-01-13 21:40:56,cust_4498488,FRID,refinance,461098,240,601,medium,rejected,0,branch,false,146
app_20250113_00004038,2025-01-13 01:44:30,cust_5390562,ATVI,business_loan,36364,48,458,high,approved,36364,partner,true,146
app_20250113_00004039,2025-01-13 20:26:44,cust_4094499,GRRE,education_loan,35615,12,625,medium,approved,35615,branch,true,150
app_20250113_00004040,2025-01-13 10:14:06,cust_4913935,NLAM,cash_loan,44900,18,637,medium,approved,44900,online_banking,false,331
app_20250113_00004041,2025-01-13 23:46:19,cust_4292700,AUTR,business_loan,2000,24,697,medium,approved,2000,online_banking,true,43
app_20250113_00004042,2025-01-13 02:17:19,cust_239286,DEHE,credit_card,48986,36,580,medium,rejected,0,mobile,true,86
app_20250113_00004043,2025-01-13 01:32:04,cust_1241866,ITMI,auto_loan,41113,60,700,low,approved,41113,online_banking,false,436
app_20250113_00004044,2025-01-13 11:24:19,cust_8418281,FRID,education_loan,34800,48,628,medium,rejected,0,partner,false,153
app_20250113_00004045,2025-01-13 22:33:47,cust_6649236,NLAM,credit_card,24483,42,509,medium,rejected,0,atm,true,166
app_20250113_00004046,2025-01-13 17:47:36,cust_1833088,SESV,cash_loan,41654,30,734,low,approved,41654,atm,false,750
app_20250113_00004047,2025-01-13 08:44:06,cust_8635096,CHBE,auto_loan,51960,24,454,high,rejected,0,partner,true,116
app_20250113_00004048,2025-01-13 14:21:20,cust_4803537,CHBE,personal_loan,19664,24,548,medium,rejected,0,atm,true,128
app_20250113_00004049,2025-01-13 18:47:54,cust_9890731,CZPR,credit_card,39022,30,644,medium,rejected,0,branch,false,119
app_20250113_00004050,2025-01-13 17:19:00,cust_4223757,AUTR,cash_loan,4413,36,752,low,approved,4413,mobile_app,false,864
app_20250113_00004051,2025-01-13 02:40:19,cust_8046558,CZPR,mortgage,89999,300,673,medium,approved,89999,online_banking,false,242
app_20250113_00004052,2025-01-13 20:24:09,cust_6205669,GRRE,cash_loan,12034,24,645,medium,approved,12034,partner,true,887
app_20250113_00004053,2025-01-13 18:36:03,cust_4218829,ITMI,credit_card,25177,12,526,medium,rejected,0,call_center,false,103
app_20250113_00004054,2025-01-13 03:35:48,cust_5366810,BENL,credit_card,28012,42,520,medium,approved,28012,mobile,true,113
app_20250113_00004055,2025-01-13 10:51:34,cust_4580401,FRID,auto_loan,15076,24,528,medium,approved,15076,branch,true,162
app_20250113_00004056,2025-01-13 05:27:59,cust_8865489,AUTR,refinance,457047,180,578,medium,rejected,0,mobile,true,144
app_20250113_00004057,2025-01-13 17:28:11,cust_7230178,ESMA,credit_card,15806,24,743,low,approved,15806,branch,false,700
app_20250113_00004058,2025-01-13 21:58:52,cust_6374961,ITMI,mortgage,130433,120,532,medium,rejected,0,atm,false,150
app_20250113_00004059,2025-01-13 09:33:38,cust_5568333,AUTR,education_loan,25245,12,642,medium,approved,25245,branch,false,156
app_20250113_00004060,2025-01-13 15:25:29,cust_7000219,GRRE,mortgage,329005,180,767,low,approved,329005,mobile_app,true,498
app_20250113_00004061,2025-01-13 09:13:26,cust_1172983,ESMA,cash_loan,1510,42,719,low,approved,1510,atm,true,857
app_20250113_00004062,2025-01-13 12:21:36,cust_3425453,UKLO,mortgage,325269,300,753,low,approved,325269,atm,true,684
app_20250113_00004063,2025-01-13 16:18:54,cust_786741,CHBE,refinance,406959,240,718,low,approved,406959,partner,true,601
app_20250113_00004064,2025-01-13 19:28:29,cust_2622408,CZPR,credit_card,2663,42,623,medium,rejected,0,branch,false,59
app_20250113_00004065,2025-01-13 03:45:06,cust_3573758,PORP,cash_loan,28783,24,850,low,approved,28783,atm,true,398
app_20250113_00004066,2025-01-13 04:15:25,cust_6400631,PORP,business_loan,19684,48,679,medium,approved,19684,branch,false,211
app_20250113_00004067,2025-01-13 09:16:51,cust_2965896,ATVI,mortgage,52752,360,674,medium,approved,52752,online_banking,false,476
app_20250113_00004068,2025-01-13 03:50:27,cust_6656348,ESMA,mortgage,289004,360,762,low,approved,289004,atm,true,365
app_20250113_00004069,2025-01-13 07:57:13,cust_2863933,CHBE,business_loan,7233,24,553,medium,approved,7233,branch,true,556
app_20250113_00004070,2025-01-13 18:51:50,cust_5545664,GRRE,personal_loan,3732,30,650,medium,rejected,0,mobile,true,118
app_20250113_00004071,2025-01-13 09:37:44,cust_9458260,PORP,credit_card,24788,12,579,medium,approved,24788,partner,false,434
app_20250113_00004072,2025-01-13 03:13:28,cust_5687647,GRRE,personal_loan,19048,36,474,high,approved,19048,mobile_app,true,609
app_20250113_00004073,2025-01-13 16:11:26,cust_5220381,CHBE,business_loan,20368,24,651,medium,approved,20368,atm,false,267
app_20250113_00004074,2025-01-13 11:56:16,cust_5282879,ESMA,business_loan,39030,60,641,medium,approved,39030,atm,true,605
app_20250113_00004075,2025-01-13 17:03:46,cust_4431549,AUTR,business_loan,39292,48,635,medium,approved,39292,partner,false,396
app_20250113_00004076,2025-01-13 07:20:54,cust_8883769,AUTR,credit_card,7703,18,664,medium,approved,7703,web,false,662
app_20250113_00004077,2025-01-13 19:33:46,cust_439986,NLAM,cash_loan,29547,36,689,medium,approved,29547,partner,false,735
app_20250113_00004078,2025-01-13 12:24:00,cust_160123,SESV,refinance,446394,300,509,medium,rejected,0,mobile_app,true,29
app_20250113_00004079,2025-01-13 04:10:53,cust_8675404,FRID,business_loan,23662,36,697,medium,approved,23662,web,true,381
app_20250113_00004080,2025-01-13 21:20:58,cust_7167452,ESMA,business_loan,7814,12,499,high,rejected,0,call_center,false,53
app_20250113_00004081,2025-01-13 04:17:44,cust_9039629,DEHE,cash_loan,23079,30,600,medium,rejected,0,web,false,158
app_20250113_00004082,2025-01-13 05:08:11,cust_2444228,BENL,credit_card,49148,18,539,medium,approved,49148,atm,true,376
app_20250113_00004083,2025-01-13 14:43:27,cust_8624517,CHBE,cash_loan,14834,42,613,medium,approved,14834,branch,false,464
app_20250113_00004084,2025-01-13 15:48:51,cust_9846549,UKLO,business_loan,3137,24,549,medium,approved,3137,atm,true,335
app_20250113_00004085,2025-01-13 11:22:39,cust_1120935,CHBE,business_loan,4246,36,693,medium,approved,4246,mobile,false,329
app_20250113_00004086,2025-01-13 08:11:19,cust_1661149,ESMA,business_loan,30613,24,831,low,approved,30613,mobile,false,275
app_20250113_00004087,2025-01-13 07:38:17,cust_6977679,DEHE,business_loan,19227,60,664,medium,approved,19227,partner,true,653
app_20250113_00004088,2025-01-13 22:47:32,cust_7663856,DEHE,personal_loan,17055,42,752,low,approved,17055,atm,true,802
app_20250113_00004089,2025-01-13 06:42:26,cust_6936611,PLWA,personal_loan,18101,36,782,low,approved,18101,web,true,571
app_20250113_00004090,2025-01-13 04:52:28,cust_7621015,SESV,business_loan,39496,36,544,medium,rejected,0,branch,true,134
app_20250113_00004091,2025-01-13 09:36:04,cust_9641177,PORP,credit_card,42932,24,685,medium,approved,42932,mobile,false,558
app_20250113_00004092,2025-01-13 02:39:27,cust_954545,UKLO,business_loan,32922,48,568,medium,approved,32922,online_banking,false,515
app_20250113_00004093,2025-01-13 06:13:02,cust_7341363,DEHE,refinance,269283,300,564,medium,approved,269283,web,false,605
app_20250113_00004094,2025-01-13 08:13:21,cust_8522101,CHBE,education_loan,22910,24,503,medium,rejected,0,branch,false,175
app_20250113_00004095,2025-01-13 20:48:46,cust_9638249,CHBE,personal_loan,41928,18,673,medium,approved,41928,partner,false,824
app_20250113_00004096,2025-01-13 03:31:56,cust_6247911,FRID,education_loan,29188,48,641,medium,rejected,0,online_banking,true,50
app_20250113_00004097,2025-01-13 17:34:09,cust_4287845,ATVI,business_loan,8614,36,822,low,approved,8614,online_banking,true,194
app_20250113_00004098,2025-01-13 18:00:38,cust_1286986,UKLO,education_loan,13167,36,723,low,approved,13167,partner,true,766
app_20250113_00004099,2025-01-13 12:55:01,cust_718956,UKLO,auto_loan,23832,72,706,low,approved,23832,web,false,804
app_20250113_00004100,2025-01-13 06:23:35,cust_3516018,ATVI,auto_loan,47963,24,767,low,approved,47963,mobile_app,true,609
app_20250113_00004101,2025-01-13 16:20:17,cust_1748989,CHBE,auto_loan,38447,60,645,medium,rejected,0,web,false,126
app_20250113_00004102,2025-01-13 00:50:39,cust_7684129,ATVI,auto_loan,23124,24,546,medium,rejected,0,partner,false,63
app_20250113_00004103,2025-01-13 13:23:46,cust_4943359,FRID,business_loan,37218,60,702,low,approved,37218,mobile_app,true,861
app_20250113_00004104,2025-01-13 06:16:07,cust_7422613,ESMA,refinance,483526,300,723,low,approved,483526,partner,false,803
app_20250113_00004105,2025-01-13 09:18:00,cust_2354472,SESV,refinance,148919,300,670,medium,approved,148919,partner,false,642
app_20250113_00004106,2025-01-13 05:03:11,cust_1805428,SESV,credit_card,16798,36,532,medium,approved,16798,mobile,false,667
app_20250113_00004107,2025-01-13 18:34:16,cust_8434677,DEHE,refinance,108124,360,839,low,approved,108124,branch,false,231
app_20250113_00004108,2025-01-13 17:52:34,cust_9997661,GRRE,auto_loan,30166,72,582,medium,approved,30166,atm,true,744
app_20250113_00004109,2025-01-13 21:38:18,cust_3229621,ESMA,mortgage,268921,360,566,medium,rejected,0,call_center,true,104
app_20250113_00004110,2025-01-13 07:31:12,cust_8694723,BENL,refinance,435842,240,616,medium,approved,435842,mobile,true,363
app_20250113_00004111,2025-01-13 12:39:22,cust_924969,FRID,refinance,340455,240,583,medium,rejected,0,atm,false,119
app_20250113_00004112,2025-01-13 10:28:30,cust_3498092,DEHE,credit_card,11915,30,730,low,approved,11915,call_center,true,665
app_20250113_00004113,2025-01-13 08:58:20,cust_6098123,DEHE,refinance,388780,240,615,medium,approved,388780,web,true,517
app_20250113_00004114,2025-01-13 13:03:12,cust_8333302,ITMI,cash_loan,15380,36,507,medium,rejected,0,branch,true,94
app_20250113_00004115,2025-01-13 14:06:52,cust_6222310,ATVI,mortgage,137691,300,712,low,approved,137691,mobile,true,349
app_20250113_00004116,2025-01-13 21:28:06,cust_5562810,SESV,business_loan,28604,48,538,medium,rejected,0,mobile,false,15
app_20250113_00004117,2025-01-13 01:54:13,cust_2308560,NLAM,auto_loan,46838,48,503,medium,rejected,0,online_banking,false,85
app_20250113_00004118,2025-01-13 13:01:10,cust_2648728,GRRE,credit_card,31580,42,409,high,rejected,0,online_banking,true,169
app_20250113_00004119,2025-01-13 23:12:17,cust_5124483,ITMI,cash_loan,22637,30,850,low,approved,22637,web,false,643
app_20250113_00004120,2025-01-13 01:02:50,cust_7058361,FRID,business_loan,11353,48,528,medium,rejected,0,call_center,true,14
app_20250113_00004121,2025-01-13 03:39:06,cust_416903,PORP,business_loan,12613,24,684,medium,rejected,0,mobile,false,27
app_20250113_00004122,2025-01-13 05:41:37,cust_1229498,AUTR,personal_loan,38939,36,609,medium,approved,38939,atm,false,720
app_20250113_00004123,2025-01-13 16:40:14,cust_784048,ATVI,personal_loan,4115,12,711,low,approved,4115,online_banking,true,205
app_20250113_00004124,2025-01-13 11:34:17,cust_9192873,CHBE,auto_loan,25842,72,601,medium,approved,25842,atm,false,706
app_20250113_00004125,2025-01-13 17:40:58,cust_1264523,UKLO,personal_loan,43869,18,763,low,approved,43869,mobile,false,616
app_20250113_00004126,2025-01-13 11:11:37,cust_6778970,CZPR,personal_loan,43162,42,638,medium,approved,43162,mobile_app,false,323
app_20250113_00004127,2025-01-13 03:44:02,cust_3922848,ESMA,auto_loan,38457,48,592,medium,rejected,0,online_banking,false,70
app_20250113_00004128,2025-01-13 07:19:04,cust_4845381,NLAM,personal_loan,10982,12,675,medium,approved,10982,branch,false,688
app_20250113_00004129,2025-01-13 02:24:42,cust_4775632,ATVI,mortgage,441289,300,650,medium,rejected,0,branch,false,82
app_20250113_00004130,2025-01-13 11:21:02,cust_5286293,DEHE,credit_card,9469,36,773,low,approved,9469,partner,false,368
app_20250113_00004131,2025-01-13 17:39:14,cust_1655087,ITMI,credit_card,1002,24,616,medium,rejected,0,atm,false,121
app_20250113_00004132,2025-01-13 05:00:53,cust_2067422,ATVI,mortgage,430134,180,529,medium,rejected,0,mobile,false,141
app_20250113_00004133,2025-01-13 01:12:23,cust_4883554,PLWA,refinance,66352,120,589,medium,approved,66352,mobile_app,true,180
app_20250113_00004134,2025-01-13 18:44:46,cust_2242040,UKLO,auto_loan,27413,72,605,medium,approved,27413,mobile,false,660
app_20250113_00004135,2025-01-13 08:03:43,cust_8262073,ATVI,cash_loan,31962,48,475,high,approved,31962,branch,true,602
app_20250113_00004136,2025-01-13 00:31:20,cust_5013875,DEHE,mortgage,325074,240,800,low,approved,325074,online_banking,false,708
app_20250113_00004137,2025-01-13 20:18:32,cust_1558498,SESV,cash_loan,39913,24,774,low,approved,39913,online_banking,true,686
app_20250113_00004138,2025-01-13 10:01:16,cust_9044435,GRRE,auto_loan,31096,36,566,medium,approved,31096,online_banking,false,673
app_20250113_00004139,2025-01-13 09:31:34,cust_1850264,CHBE,mortgage,174121,120,670,medium,rejected,0,web,false,58
app_20250113_00004140,2025-01-13 20:39:49,cust_1487784,NLAM,business_loan,10947,48,685,medium,approved,10947,mobile,true,535
app_20250113_00004141,2025-01-13 07:44:18,cust_730087,FRID,cash_loan,9895,42,514,medium,approved,9895,web,false,113
app_20250113_00004142,2025-01-13 21:10:34,cust_3799634,UKLO,refinance,363191,180,722,low,approved,363191,partner,true,424
app_20250113_00004143,2025-01-13 05:56:46,cust_3921245,PLWA,credit_card,17045,24,441,high,rejected,0,call_center,true,96
app_20250113_00004144,2025-01-13 03:11:22,cust_9136893,GRRE,personal_loan,30053,18,700,low,approved,30053,web,false,192
app_20250113_00004145,2025-01-13 18:24:54,cust_272994,UKLO,business_loan,26623,48,523,medium,approved,26623,mobile_app,true,145
app_20250113_00004146,2025-01-13 05:49:23,cust_924271,FRID,refinance,124012,360,656,medium,approved,124012,branch,true,259
app_20250113_00004147,2025-01-13 11:54:09,cust_5132101,BENL,credit_card,22581,18,850,low,rejected,0,partner,true,112
app_20250113_00004148,2025-01-13 08:37:30,cust_9755992,SESV,credit_card,37403,42,683,medium,approved,37403,mobile,false,654
app_20250113_00004149,2025-01-13 01:09:09,cust_6514689,ESMA,personal_loan,36118,48,742,low,approved,36118,call_center,false,386
app_20250113_00004150,2025-01-13 10:32:32,cust_8371652,PORP,mortgage,484384,120,573,medium,rejected,0,partner,false,52
app_20250113_00004151,2025-01-13 17:16:21,cust_9702404,PORP,education_loan,8538,60,707,low,approved,8538,call_center,true,335
app_20250113_00004152,2025-01-13 01:31:50,cust_3862311,CHBE,credit_card,36747,42,810,low,approved,36747,call_center,true,295
app_20250113_00004153,2025-01-13 06:28:31,cust_461979,SESV,education_loan,37880,48,484,high,approved,37880,online_banking,false,279
app_20250113_00004154,2025-01-13 00:27:23,cust_1803341,SESV,personal_loan,18332,30,746,low,approved,18332,branch,false,372
app_20250113_00004155,2025-01-13 10:18:50,cust_9670579,ITMI,education_loan,27895,36,771,low,approved,27895,web,false,801
app_20250113_00004156,2025-01-13 08:26:24,cust_6275644,AUTR,education_loan,2858,36,807,low,approved,2858,web,false,392
app_20250113_00004157,2025-01-13 10:30:20,cust_5413314,AUTR,auto_loan,29264,60,679,medium,approved,29264,web,false,487
app_20250113_00004158,2025-01-13 00:50:41,cust_5783660,NLAM,cash_loan,19528,36,549,medium,approved,19528,partner,false,381
app_20250113_00004159,2025-01-13 18:28:27,cust_580832,AUTR,refinance,137073,240,789,low,approved,137073,call_center,true,635
app_20250113_00004160,2025-01-13 02:15:01,cust_7078585,GRRE,personal_loan,2433,18,659,medium,approved,2433,partner,false,558
app_20250113_00004161,2025-01-13 16:38:00,cust_1423718,CHBE,refinance,257422,360,688,medium,approved,257422,mobile_app,false,526
app_20250113_00004162,2025-01-13 18:51:15,cust_9268097,ATVI,education_loan,21563,24,572,medium,approved,21563,web,true,303
app_20250113_00004163,2025-01-13 10:08:10,cust_7935631,FRID,business_loan,17263,12,598,medium,approved,17263,mobile_app,false,75
app_20250113_00004164,2025-01-13 10:27:49,cust_8108814,UKLO,business_loan,34296,48,635,medium,approved,34296,mobile_app,false,553
app_20250113_00004165,2025-01-13 04:49:14,cust_3416212,AUTR,auto_loan,14459,72,701,low,approved,14459,call_center,true,231
app_20250113_00004166,2025-01-13 05:16:22,cust_4976539,UKLO,refinance,485142,180,465,high,rejected,0,partner,true,88
app_20250113_00004167,2025-01-13 03:51:26,cust_5661375,CHBE,business_loan,8593,24,608,medium,approved,8593,mobile_app,false,623
app_20250113_00004168,2025-01-13 17:56:59,cust_2576349,SESV,business_loan,36837,48,804,low,approved,36837,atm,false,97
app_20250113_00004169,2025-01-13 15:02:10,cust_3301227,CHBE,personal_loan,9406,12,551,medium,approved,9406,web,true,448
app_20250113_00004170,2025-01-13 21:53:11,cust_1997266,PORP,refinance,79789,240,747,low,approved,79789,mobile_app,true,207
app_20250113_00004171,2025-01-13 04:58:50,cust_6321701,DEHE,cash_loan,41652,12,671,medium,approved,41652,mobile_app,true,501
app_20250113_00004172,2025-01-13 05:04:07,cust_7953188,SESV,business_loan,21178,12,672,medium,approved,21178,call_center,true,83
app_20250113_00004173,2025-01-13 11:21:35,cust_5563449,SESV,refinance,50824,300,355,high,rejected,0,branch,true,63
app_20250113_00004174,2025-01-13 20:16:52,cust_8576859,CZPR,personal_loan,7252,24,568,medium,approved,7252,mobile,false,740
app_20250113_00004175,2025-01-13 16:53:32,cust_7459305,PLWA,education_loan,6077,24,604,medium,approved,6077,mobile_app,false,639
app_20250113_00004176,2025-01-13 04:19:55,cust_9205912,DEHE,personal_loan,37254,30,746,low,approved,37254,online_banking,false,266
app_20250113_00004177,2025-01-13 02:04:30,cust_8151789,FRID,business_loan,21855,48,809,low,approved,21855,call_center,true,668
app_20250113_00004178,2025-01-13 03:14:24,cust_7378783,UKLO,business_loan,21983,60,614,medium,approved,21983,call_center,true,39
app_20250113_00004179,2025-01-13 06:49:59,cust_4827979,BENL,personal_loan,36001,48,657,medium,rejected,0,branch,false,117
app_20250113_00004180,2025-01-13 03:12:42,cust_9922700,CHBE,personal_loan,10403,12,804,low,approved,10403,call_center,false,100
app_20250113_00004181,2025-01-13 13:08:17,cust_5284117,PLWA,personal_loan,19466,30,730,low,approved,19466,call_center,false,793
app_20250113_00004182,2025-01-13 19:35:51,cust_9475626,PLWA,cash_loan,23530,48,746,low,approved,23530,web,false,881
app_20250113_00004183,2025-01-13 00:12:11,cust_3846848,ITMI,refinance,256956,240,687,medium,approved,256956,mobile,false,260
app_20250113_00004184,2025-01-13 16:31:37,cust_564611,NLAM,personal_loan,45170,18,642,medium,rejected,0,online_banking,true,24
app_20250113_00004185,2025-01-13 20:00:46,cust_6971692,ITMI,credit_card,27085,48,773,low,approved,27085,atm,false,638
app_20250113_00004186,2025-01-13 07:59:10,cust_3713100,FRID,mortgage,437057,360,738,low,approved,437057,mobile,true,552
app_20250113_00004187,2025-01-13 03:09:53,cust_2635708,CZPR,business_loan,7626,12,567,medium,approved,7626,online_banking,false,248
app_20250113_00004188,2025-01-13 06:04:50,cust_1010929,NLAM,education_loan,25672,24,742,low,approved,25672,mobile_app,true,655
app_20250113_00004189,2025-01-13 23:28:50,cust_4980736,ATVI,mortgage,408170,240,719,low,approved,408170,mobile,true,599
app_20250113_00004190,2025-01-13 02:42:28,cust_3433188,UKLO,auto_loan,49920,60,603,medium,approved,49920,mobile_app,true,273
app_20250113_00004191,2025-01-13 00:22:11,cust_8804195,SESV,credit_card,17636,24,584,medium,rejected,0,atm,false,81
app_20250113_00004192,2025-01-13 17:40:06,cust_5836225,PLWA,credit_card,27873,42,785,low,rejected,0,online_banking,true,5
app_20250113_00004193,2025-01-13 06:34:38,cust_4505061,CHBE,auto_loan,17101,48,688,medium,rejected,0,mobile,true,25
app_20250113_00004194,2025-01-13 09:47:43,cust_8935282,DEHE,cash_loan,41373,24,631,medium,rejected,0,partner,true,163
app_20250113_00004195,2025-01-13 08:41:10,cust_3966151,AUTR,business_loan,9992,24,680,medium,approved,9992,atm,true,182
app_20250113_00004196,2025-01-13 02:05:34,cust_2742428,FRID,auto_loan,56730,36,569,medium,approved,56730,atm,true,294
app_20250113_00004197,2025-01-13 01:41:01,cust_2492651,BENL,education_loan,29881,60,534,medium,rejected,0,mobile,true,60
app_20250113_00004198,2025-01-13 11:33:43,cust_3133527,FRID,education_loan,5806,60,558,medium,rejected,0,call_center,true,53
app_20250113_00004199,2025-01-13 01:27:52,cust_1205689,ESMA,mortgage,89115,120,738,low,approved,89115,web,false,834
app_20250113_00004200,2025-01-13 18:03:43,cust_6691940,UKLO,refinance,59593,240,709,low,approved,59593,mobile,true,657
app_20250113_00004201,2025-01-13 16:27:15,cust_9327305,BENL,refinance,191827,180,723,low,approved,191827,mobile,false,300
app_20250113_00004202,2025-01-13 03:09:37,cust_7977660,ATVI,mortgage,452652,300,506,medium,approved,452652,web,true,155
app_20250113_00004203,2025-01-13 19:19:03,cust_1497017,UKLO,education_loan,7288,48,850,low,rejected,0,online_banking,true,139
app_20250113_00004204,2025-01-13 03:43:40,cust_2901554,FRID,mortgage,200900,180,469,high,rejected,0,atm,false,30
app_20250113_00004205,2025-01-13 16:58:58,cust_8760127,PLWA,personal_loan,16747,36,536,medium,approved,16747,atm,true,529
app_20250113_00004206,2025-01-13 17:15:16,cust_7861818,ATVI,credit_card,48126,48,481,high,rejected,0,mobile_app,true,99
app_20250113_00004207,2025-01-13 03:14:37,cust_5449943,CZPR,mortgage,127356,240,715,low,approved,127356,mobile_app,true,121
app_20250113_00004208,2025-01-13 14:35:53,cust_5270978,GRRE,auto_loan,42748,60,459,high,rejected,0,atm,false,160
app_20250113_00004209,2025-01-13 21:57:27,cust_6030931,PLWA,credit_card,9632,12,657,medium,approved,9632,mobile_app,true,429
app_20250113_00004210,2025-01-13 14:17:39,cust_9842042,ESMA,mortgage,219317,360,561,medium,rejected,0,branch,false,164
app_20250113_00004211,2025-01-13 10:56:15,cust_7239568,GRRE,credit_card,18735,36,828,low,approved,18735,web,false,718
app_20250113_00004212,2025-01-13 08:10:02,cust_4506503,CHBE,personal_loan,47507,12,544,medium,approved,47507,call_center,true,294
app_20250113_00004213,2025-01-13 18:14:15,cust_2431585,ATVI,credit_card,21297,42,672,medium,approved,21297,atm,true,54
app_20250113_00004214,2025-01-13 22:47:10,cust_8927415,UKLO,refinance,400183,360,645,medium,approved,400183,mobile,true,778
app_20250113_00004215,2025-01-13 08:14:05,cust_5551177,CHBE,cash_loan,24521,42,461,high,approved,24521,atm,true,208
app_20250113_00004216,2025-01-13 11:05:54,cust_1499761,CZPR,refinance,384547,360,589,medium,rejected,0,call_center,true,57
app_20250113_00004217,2025-01-13 21:41:35,cust_7189350,CHBE,mortgage,350263,120,737,low,approved,350263,web,false,797
app_20250113_00004218,2025-01-13 15:54:55,cust_5148593,FRID,mortgage,204103,360,687,medium,approved,204103,web,true,867
app_20250113_00004219,2025-01-13 20:29:36,cust_6589011,PLWA,credit_card,45505,36,551,medium,approved,45505,mobile,false,820
app_20250113_00004220,2025-01-13 06:33:08,cust_1708241,FRID,business_loan,25462,60,457,high,rejected,0,mobile_app,false,104
app_20250113_00004221,2025-01-13 20:22:04,cust_8813847,ESMA,refinance,495830,240,527,medium,rejected,0,online_banking,true,90
app_20250113_00004222,2025-01-13 23:57:27,cust_4972422,PLWA,cash_loan,33328,42,505,medium,approved,33328,call_center,true,102
app_20250113_00004223,2025-01-13 02:03:24,cust_6762524,GRRE,refinance,338422,300,736,low,approved,338422,online_banking,false,436
app_20250113_00004224,2025-01-13 22:19:45,cust_4282764,DEHE,mortgage,346734,180,761,low,approved,346734,mobile,true,342
app_20250113_00004225,2025-01-13 02:23:37,cust_3098387,NLAM,education_loan,19697,36,703,low,approved,19697,branch,false,688
app_20250113_00004226,2025-01-13 22:58:49,cust_9313087,PLWA,cash_loan,18333,30,602,medium,rejected,0,mobile,true,123
app_20250113_00004227,2025-01-13 01:02:26,cust_4352467,FRID,credit_card,16286,42,606,medium,rejected,0,call_center,true,116
app_20250113_00004228,2025-01-13 22:17:37,cust_5241569,CZPR,education_loan,26447,36,725,low,approved,26447,mobile,false,104
app_20250113_00004229,2025-01-13 19:34:18,cust_1375934,GRRE,auto_loan,33367,36,731,low,rejected,0,mobile_app,true,27
app_20250113_00004230,2025-01-13 01:06:46,cust_5201827,UKLO,education_loan,31667,12,505,medium,approved,31667,mobile_app,false,41
app_20250113_00004231,2025-01-13 22:16:07,cust_2790196,ITMI,business_loan,31531,60,640,medium,rejected,0,atm,false,93
app_20250113_00004232,2025-01-13 13:12:24,cust_7632957,BENL,cash_loan,43810,36,850,low,approved,43810,web,false,143
app_20250113_00004233,2025-01-13 02:41:08,cust_6989073,PORP,education_loan,6525,24,639,medium,approved,6525,partner,false,785
app_20250113_00004234,2025-01-13 10:47:03,cust_5353643,ATVI,education_loan,17163,48,539,medium,rejected,0,partner,true,124
app_20250113_00004235,2025-01-13 01:53:32,cust_9126193,CHBE,mortgage,138124,120,603,medium,approved,138124,atm,true,267
app_20250113_00004236,2025-01-13 14:30:32,cust_5153590,AUTR,business_loan,12888,48,624,medium,rejected,0,web,true,173
app_20250113_00004237,2025-01-13 18:06:51,cust_6170892,CHBE,refinance,115885,120,452,high,approved,115885,partner,true,803
app_20250113_00004238,2025-01-13 16:14:53,cust_791356,ITMI,personal_loan,21869,36,604,medium,rejected,0,partner,false,163
app_20250113_00004239,2025-01-13 18:05:11,cust_1681925,UKLO,personal_loan,3913,12,696,medium,rejected,0,mobile,true,84
app_20250113_00004240,2025-01-13 21:22:00,cust_7515039,SESV,mortgage,474016,300,666,medium,rejected,0,web,true,77
app_20250113_00004241,2025-01-13 03:03:02,cust_3066317,BENL,credit_card,40242,18,691,medium,approved,40242,online_banking,false,47
app_20250113_00004242,2025-01-13 11:51:40,cust_5627783,ATVI,refinance,164821,300,697,medium,rejected,0,branch,false,143
app_20250113_00004243,2025-01-13 21:53:58,cust_9184715,ITMI,auto_loan,30435,36,769,low,approved,30435,call_center,false,479
app_20250113_00004244,2025-01-13 15:02:44,cust_3356824,ESMA,cash_loan,19286,30,687,medium,approved,19286,atm,false,577
app_20250113_00004245,2025-01-13 15:26:04,cust_3104114,AUTR,credit_card,14958,30,702,low,approved,14958,branch,true,699
app_20250113_00004246,2025-01-13 06:49:24,cust_5903076,AUTR,personal_loan,35903,18,838,low,approved,35903,mobile_app,false,88
app_20250113_00004247,2025-01-13 06:39:18,cust_395588,ITMI,auto_loan,6414,72,850,low,approved,6414,web,false,274
app_20250113_00004248,2025-01-13 07:19:53,cust_5511846,CZPR,business_loan,18854,36,585,medium,rejected,0,mobile_app,true,60
app_20250113_00004249,2025-01-13 12:35:14,cust_4887734,CZPR,education_loan,34936,60,578,medium,approved,34936,partner,false,872
app_20250113_00004250,2025-01-13 09:05:38,cust_1577218,SESV,refinance,236255,360,565,medium,approved,236255,call_center,false,244
app_20250113_00004251,2025-01-13 01:16:45,cust_8729795,CHBE,business_loan,27164,60,538,medium,rejected,0,online_banking,false,54
app_20250113_00004252,2025-01-13 17:42:25,cust_6663109,AUTR,auto_loan,48179,24,584,medium,rejected,0,partner,true,112
app_20250113_00004253,2025-01-13 07:44:49,cust_7222652,ATVI,mortgage,175984,120,717,low,approved,175984,partner,false,887
app_20250113_00004254,2025-01-13 20:28:35,cust_6938799,FRID,refinance,303947,240,693,medium,approved,303947,online_banking,true,679
app_20250113_00004255,2025-01-13 14:36:17,cust_8780717,CZPR,mortgage,345819,240,721,low,approved,345819,call_center,true,46
app_20250113_00004256,2025-01-13 07:22:53,cust_8843775,ATVI,mortgage,331804,300,646,medium,rejected,0,web,false,70
app_20250113_00004257,2025-01-13 21:40:54,cust_6815167,PLWA,cash_loan,23291,36,581,medium,rejected,0,partner,true,116
app_20250113_00004258,2025-01-13 02:52:06,cust_6793978,FRID,credit_card,32804,30,543,medium,rejected,0,web,true,115
app_20250113_00004259,2025-01-13 16:14:33,cust_8408285,PLWA,refinance,102009,300,541,medium,approved,102009,partner,true,103
app_20250113_00004260,2025-01-13 17:58:43,cust_4203870,ATVI,cash_loan,48870,30,850,low,approved,48870,branch,false,88
app_20250113_00004261,2025-01-13 15:36:36,cust_5478571,ESMA,credit_card,46731,42,636,medium,rejected,0,mobile,true,114
app_20250113_00004262,2025-01-13 14:58:05,cust_9488894,AUTR,business_loan,32053,36,753,low,rejected,0,online_banking,true,98
app_20250113_00004263,2025-01-13 00:50:43,cust_6111949,NLAM,mortgage,437956,120,822,low,approved,437956,web,false,144
app_20250113_00004264,2025-01-13 19:27:06,cust_2418262,UKLO,business_loan,36623,24,753,low,rejected,0,call_center,false,138
app_20250113_00004265,2025-01-13 08:48:35,cust_5258024,UKLO,personal_loan,10300,48,669,medium,approved,10300,call_center,true,812
app_20250113_00004266,2025-01-13 08:16:36,cust_1306698,CHBE,mortgage,172625,180,731,low,approved,172625,atm,false,179
app_20250113_00004267,2025-01-13 17:10:29,cust_1808279,ITMI,education_loan,23209,24,606,medium,approved,23209,mobile,false,374
app_20250113_00004268,2025-01-13 17:05:40,cust_3883609,CHBE,cash_loan,36340,24,748,low,approved,36340,online_banking,true,249
app_20250113_00004269,2025-01-13 19:00:31,cust_3842363,FRID,auto_loan,22251,48,455,high,rejected,0,call_center,true,48
app_20250113_00004270,2025-01-13 19:04:17,cust_8722790,ESMA,auto_loan,40573,48,732,low,approved,40573,branch,true,642
app_20250113_00004271,2025-01-13 22:22:02,cust_5951948,ATVI,mortgage,204144,240,514,medium,rejected,0,call_center,false,111
app_20250113_00004272,2025-01-13 21:19:32,cust_7445580,ATVI,credit_card,38322,12,702,low,approved,38322,mobile,true,270
app_20250113_00004273,2025-01-13 19:40:00,cust_1635251,ESMA,personal_loan,32407,48,529,medium,approved,32407,mobile_app,true,125
app_20250113_00004274,2025-01-13 12:36:52,cust_1497271,UKLO,refinance,414544,300,644,medium,approved,414544,atm,true,320
app_20250113_00004275,2025-01-13 07:58:10,cust_4032762,PORP,personal_loan,23477,48,640,medium,approved,23477,call_center,true,578
app_20250113_00004276,2025-01-13 18:41:49,cust_5031167,SESV,business_loan,39928,60,541,medium,rejected,0,call_center,false,124
app_20250113_00004277,2025-01-13 19:37:44,cust_1312147,AUTR,education_loan,34607,48,654,medium,rejected,0,mobile,true,9
app_20250113_00004278,2025-01-13 22:36:43,cust_6753093,ESMA,refinance,287761,300,493,high,approved,287761,online_banking,true,289
app_20250113_00004279,2025-01-13 20:03:41,cust_440861,PLWA,credit_card,22661,30,647,medium,rejected,0,mobile,true,71
app_20250113_00004280,2025-01-13 00:27:19,cust_6761070,PORP,business_loan,34158,36,581,medium,rejected,0,web,true,73
app_20250113_00004281,2025-01-13 14:43:18,cust_7528496,NLAM,auto_loan,7454,72,704,low,approved,7454,online_banking,true,541
app_20250113_00004282,2025-01-13 02:32:17,cust_3003391,GRRE,business_loan,37267,12,511,medium,rejected,0,partner,true,50
app_20250113_00004283,2025-01-13 19:14:25,cust_3636204,AUTR,cash_loan,43090,18,708,low,approved,43090,call_center,true,716
app_20250113_00004284,2025-01-13 00:39:48,cust_9127751,ESMA,auto_loan,34738,60,492,high,rejected,0,mobile,true,169
app_20250113_00004285,2025-01-13 09:30:37,cust_2840395,ESMA,refinance,318513,300,850,low,approved,318513,mobile,true,536
app_20250113_00004286,2025-01-13 12:21:27,cust_8830751,PLWA,personal_loan,37102,12,525,medium,rejected,0,branch,true,67
app_20250113_00004287,2025-01-13 10:00:03,cust_9413336,CHBE,personal_loan,12302,36,528,medium,rejected,0,branch,false,16
app_20250113_00004288,2025-01-13 01:40:59,cust_7837682,BENL,education_loan,15210,60,519,medium,rejected,0,mobile_app,false,118
app_20250113_00004289,2025-01-13 14:21:47,cust_5084824,UKLO,education_loan,8117,12,407,high,rejected,0,mobile,false,147
app_20250113_00004290,2025-01-13 19:11:53,cust_9562731,PORP,credit_card,31217,48,658,medium,approved,31217,mobile,true,861
app_20250113_00004291,2025-01-13 23:15:39,cust_1719610,DEHE,personal_loan,33001,48,560,medium,approved,33001,web,false,552
app_20250113_00004292,2025-01-13 22:20:07,cust_2639413,DEHE,mortgage,116719,240,703,low,approved,116719,web,true,518
app_20250113_00004293,2025-01-13 11:13:46,cust_8950060,CHBE,education_loan,29197,36,547,medium,rejected,0,branch,false,26
app_20250113_00004294,2025-01-13 23:18:19,cust_3314731,NLAM,personal_loan,46960,36,703,low,approved,46960,mobile,true,101
app_20250113_00004295,2025-01-13 09:07:04,cust_6279041,PLWA,cash_loan,29595,36,605,medium,rejected,0,mobile_app,true,154
app_20250113_00004296,2025-01-13 20:47:21,cust_3002864,NLAM,refinance,393561,240,780,low,approved,393561,mobile,false,170
app_20250113_00004297,2025-01-13 10:57:51,cust_7723969,ATVI,credit_card,26756,48,850,low,approved,26756,mobile_app,false,608
app_20250113_00004298,2025-01-13 17:35:51,cust_1367441,AUTR,cash_loan,1665,12,581,medium,rejected,0,partner,true,97
app_20250113_00004299,2025-01-13 01:06:35,cust_3589504,BENL,personal_loan,33167,48,686,medium,approved,33167,online_banking,false,516
app_20250113_00004300,2025-01-13 21:52:08,cust_9557185,BENL,personal_loan,46345,24,630,medium,approved,46345,mobile,false,579
app_20250113_00004301,2025-01-13 10:09:31,cust_7613096,PLWA,mortgage,107966,240,601,medium,approved,107966,mobile_app,true,36
app_20250113_00004302,2025-01-13 17:38:53,cust_717997,SESV,business_loan,34365,60,747,low,approved,34365,call_center,false,456
app_20250113_00004303,2025-01-13 20:49:25,cust_9627691,UKLO,auto_loan,58130,24,608,medium,approved,58130,mobile_app,false,466
app_20250113_00004304,2025-01-13 19:30:36,cust_3609778,NLAM,cash_loan,40119,18,666,medium,approved,40119,call_center,true,488
app_20250113_00004305,2025-01-13 11:55:37,cust_929579,DEHE,business_loan,35053,60,726,low,approved,35053,partner,false,43
app_20250113_00004306,2025-01-13 13:05:08,cust_9185844,GRRE,auto_loan,58289,24,591,medium,rejected,0,partner,false,143
app_20250113_00004307,2025-01-13 09:16:03,cust_7487435,DEHE,personal_loan,24286,42,546,medium,rejected,0,call_center,true,151
app_20250113_00004308,2025-01-13 05:00:22,cust_8623067,ESMA,refinance,479063,360,660,medium,approved,479063,online_banking,true,730
app_20250113_00004309,2025-01-13 09:13:18,cust_6095080,AUTR,credit_card,18926,18,631,medium,approved,18926,mobile,false,886
app_20250113_00004310,2025-01-13 07:01:44,cust_2934917,PLWA,education_loan,18033,48,702,low,approved,18033,branch,true,818
app_20250113_00004311,2025-01-13 20:39:56,cust_3761736,DEHE,auto_loan,35787,48,616,medium,approved,35787,online_banking,false,307
app_20250113_00004312,2025-01-13 01:06:23,cust_414786,PORP,education_loan,8924,12,674,medium,approved,8924,mobile,true,184
app_20250113_00004313,2025-01-13 22:40:47,cust_6357395,PLWA,auto_loan,18995,36,430,high,approved,18995,mobile,true,828
app_20250113_00004314,2025-01-13 17:42:58,cust_4506243,PORP,personal_loan,27407,42,625,medium,approved,27407,branch,true,575
app_20250113_00004315,2025-01-13 14:24:18,cust_2730033,FRID,refinance,166605,180,445,high,rejected,0,atm,true,43
app_20250113_00004316,2025-01-13 13:45:01,cust_4306121,ATVI,mortgage,175741,120,448,high,rejected,0,mobile_app,false,167
app_20250113_00004317,2025-01-13 09:27:40,cust_983222,ITMI,mortgage,460108,300,706,low,approved,460108,mobile,true,733
app_20250113_00004318,2025-01-13 12:37:16,cust_9427530,CZPR,credit_card,17900,24,733,low,approved,17900,web,false,574
app_20250113_00004319,2025-01-13 08:20:46,cust_8704586,PLWA,refinance,364038,120,652,medium,approved,364038,web,false,758
app_20250113_00004320,2025-01-13 21:42:16,cust_5616918,FRID,education_loan,34769,24,638,medium,approved,34769,mobile,false,447
app_20250113_00004321,2025-01-13 08:57:24,cust_9897960,BENL,auto_loan,59173,72,676,medium,approved,59173,atm,true,52
app_20250113_00004322,2025-01-13 17:37:41,cust_8942576,CHBE,mortgage,119115,180,681,medium,approved,119115,web,false,634
app_20250113_00004323,2025-01-13 00:34:48,cust_6773597,CZPR,mortgage,481311,120,414,high,approved,481311,partner,false,678
app_20250113_00004324,2025-01-13 02:18:02,cust_1358690,DEHE,mortgage,171245,360,648,medium,approved,171245,call_center,true,657
app_20250113_00004325,2025-01-13 23:51:47,cust_3922907,DEHE,personal_loan,13191,24,693,medium,approved,13191,online_banking,true,779
app_20250113_00004326,2025-01-13 23:37:53,cust_5865725,ESMA,cash_loan,23479,36,557,medium,approved,23479,mobile_app,true,669
app_20250113_00004327,2025-01-13 12:32:56,cust_608938,ITMI,education_loan,35717,48,822,low,approved,35717,atm,true,396
app_20250113_00004328,2025-01-13 04:44:13,cust_3217014,ITMI,cash_loan,14020,18,626,medium,approved,14020,call_center,true,853
app_20250113_00004329,2025-01-13 23:37:17,cust_3333646,ATVI,business_loan,35021,36,526,medium,rejected,0,atm,false,81
app_20250113_00004330,2025-01-13 02:02:54,cust_8034253,ATVI,mortgage,132283,300,631,medium,rejected,0,call_center,true,141
app_20250113_00004331,2025-01-13 07:56:52,cust_1364124,SESV,education_loan,22960,60,771,low,approved,22960,atm,false,572
app_20250113_00004332,2025-01-13 13:28:13,cust_8737928,SESV,education_loan,12626,36,846,low,approved,12626,mobile,true,840
app_20250113_00004333,2025-01-13 11:58:45,cust_2659628,FRID,personal_loan,22376,24,772,low,approved,22376,mobile,false,236
app_20250113_00004334,2025-01-13 05:50:50,cust_2094672,GRRE,education_loan,3848,60,838,low,approved,3848,online_banking,true,564
app_20250113_00004335,2025-01-13 18:33:26,cust_796912,CZPR,mortgage,239712,120,632,medium,approved,239712,mobile_app,false,141
app_20250113_00004336,2025-01-13 12:44:53,cust_8990101,PORP,cash_loan,33167,24,594,medium,rejected,0,atm,false,83
app_20250113_00004337,2025-01-13 07:09:45,cust_1423155,FRID,cash_loan,29367,24,348,high,rejected,0,branch,false,39
app_20250113_00004338,2025-01-13 07:54:43,cust_4970880,AUTR,business_loan,27719,60,847,low,approved,27719,atm,true,478
app_20250113_00004339,2025-01-13 11:32:00,cust_1890515,ESMA,cash_loan,37547,12,758,low,approved,37547,call_center,false,783
app_20250113_00004340,2025-01-13 03:20:50,cust_7840200,FRID,personal_loan,37327,36,582,medium,rejected,0,mobile_app,true,55
app_20250113_00004341,2025-01-13 00:38:22,cust_2161764,CHBE,business_loan,19857,60,623,medium,rejected,0,online_banking,false,106
app_20250113_00004342,2025-01-13 21:20:22,cust_8283535,ATVI,credit_card,37357,12,641,medium,approved,37357,online_banking,true,886
app_20250113_00004343,2025-01-13 07:46:08,cust_2325062,GRRE,personal_loan,23526,48,477,high,rejected,0,mobile_app,true,156
app_20250113_00004344,2025-01-13 00:06:49,cust_5708322,ATVI,credit_card,43607,12,635,medium,approved,43607,call_center,true,144
app_20250113_00004345,2025-01-13 22:09:34,cust_3576334,CHBE,personal_loan,17104,30,572,medium,rejected,0,branch,false,66
app_20250113_00004346,2025-01-13 04:27:39,cust_1370411,UKLO,mortgage,273289,240,649,medium,rejected,0,atm,true,78
app_20250113_00004347,2025-01-13 07:54:04,cust_5180251,FRID,mortgage,387944,240,636,medium,approved,387944,mobile,false,677
app_20250113_00004348,2025-01-13 10:25:33,cust_9778223,DEHE,business_loan,10670,36,850,low,approved,10670,online_banking,true,49
app_20250113_00004349,2025-01-13 16:43:08,cust_6880934,AUTR,refinance,296561,360,756,low,approved,296561,mobile,false,818
app_20250113_00004350,2025-01-13 08:50:05,cust_2619528,BENL,refinance,382861,120,632,medium,rejected,0,online_banking,false,86
app_20250113_00004351,2025-01-13 14:25:22,cust_3461961,PLWA,cash_loan,43272,18,822,low,approved,43272,partner,false,469
app_20250113_00004352,2025-01-13 11:21:49,cust_4160991,FRID,auto_loan,18710,24,676,medium,approved,18710,online_banking,false,520
app_20250113_00004353,2025-01-13 20:48:59,cust_7246127,DEHE,refinance,241947,360,604,medium,approved,241947,partner,true,280
app_20250113_00004354,2025-01-13 12:32:37,cust_5851723,DEHE,education_loan,8182,48,517,medium,rejected,0,mobile_app,true,26
app_20250113_00004355,2025-01-13 01:14:19,cust_1257521,BENL,cash_loan,1455,30,620,medium,approved,1455,call_center,true,579
app_20250113_00004356,2025-01-13 19:11:53,cust_5536042,DEHE,business_loan,36264,24,760,low,approved,36264,partner,false,633
app_20250113_00004357,2025-01-13 13:05:48,cust_9944729,GRRE,mortgage,264126,360,577,medium,rejected,0,atm,false,118
app_20250113_00004358,2025-01-13 14:44:00,cust_8169260,NLAM,cash_loan,21533,48,600,medium,rejected,0,branch,false,123
app_20250113_00004359,2025-01-13 10:34:46,cust_2032037,UKLO,credit_card,18073,30,347,high,approved,18073,online_banking,false,541
app_20250113_00004360,2025-01-13 10:08:53,cust_7177731,ATVI,education_loan,6211,48,359,high,rejected,0,web,false,40
app_20250113_00004361,2025-01-13 12:42:26,cust_5133841,PORP,mortgage,109642,300,584,medium,approved,109642,partner,true,748
app_20250113_00004362,2025-01-13 11:06:47,cust_2159159,NLAM,business_loan,32357,24,764,low,approved,32357,branch,true,191
app_20250113_00004363,2025-01-13 12:18:11,cust_7363901,GRRE,refinance,227632,240,536,medium,approved,227632,mobile,false,136
app_20250113_00004364,2025-01-13 08:06:11,cust_3368130,CZPR,auto_loan,23892,24,808,low,approved,23892,online_banking,false,400
app_20250113_00004365,2025-01-13 04:29:05,cust_1239198,FRID,education_loan,13045,60,697,medium,approved,13045,web,false,674
app_20250113_00004366,2025-01-13 17:12:38,cust_6813370,PORP,mortgage,474982,180,809,low,approved,474982,mobile,false,550
app_20250113_00004367,2025-01-13 19:40:26,cust_5202965,FRID,auto_loan,39744,36,663,medium,approved,39744,partner,false,625
app_20250113_00004368,2025-01-13 18:53:12,cust_8240490,ATVI,auto_loan,50478,60,569,medium,approved,50478,web,true,806
app_20250113_00004369,2025-01-13 18:11:28,cust_5854697,DEHE,cash_loan,31619,48,490,high,approved,31619,atm,true,226
app_20250113_00004370,2025-01-13 20:32:45,cust_1596039,GRRE,education_loan,17491,36,728,low,approved,17491,mobile_app,true,840
app_20250113_00004371,2025-01-13 08:22:33,cust_6259569,CZPR,mortgage,93405,300,684,medium,approved,93405,mobile_app,false,666
app_20250113_00004372,2025-01-13 13:50:15,cust_7198682,FRID,business_loan,11262,60,712,low,approved,11262,atm,false,613
app_20250113_00004373,2025-01-13 12:36:01,cust_205686,FRID,refinance,384235,300,808,low,rejected,0,atm,true,89
app_20250113_00004374,2025-01-13 05:47:47,cust_6254498,SESV,credit_card,2936,24,612,medium,rejected,0,mobile_app,true,162
app_20250113_00004375,2025-01-13 04:55:38,cust_6590602,GRRE,cash_loan,24795,42,685,medium,approved,24795,partner,true,500
app_20250113_00004376,2025-01-13 15:30:35,cust_2962190,SESV,refinance,374995,240,601,medium,rejected,0,mobile_app,false,171
app_20250113_00004377,2025-01-13 10:53:51,cust_4884565,PLWA,education_loan,27861,36,501,medium,approved,27861,web,false,438
app_20250113_00004378,2025-01-13 06:22:59,cust_5287394,AUTR,education_loan,31555,60,705,low,approved,31555,web,true,303
app_20250113_00004379,2025-01-13 20:34:03,cust_6670794,UKLO,personal_loan,6261,18,532,medium,approved,6261,web,false,482
app_20250113_00004380,2025-01-13 03:00:03,cust_4215258,ATVI,personal_loan,13551,18,705,low,approved,13551,mobile_app,false,634
app_20250113_00004381,2025-01-13 18:31:15,cust_2854291,FRID,business_loan,16687,60,778,low,approved,16687,online_banking,true,617
app_20250113_00004382,2025-01-13 23:58:26,cust_6045576,ATVI,mortgage,304034,180,694,medium,approved,304034,web,true,566
app_20250113_00004383,2025-01-13 12:20:39,cust_6181812,ESMA,credit_card,2938,12,692,medium,approved,2938,atm,false,313
app_20250113_00004384,2025-01-13 00:33:40,cust_8279561,FRID,cash_loan,40386,36,662,medium,approved,40386,atm,false,305
app_20250113_00004385,2025-01-13 02:31:28,cust_9811835,ATVI,personal_loan,10161,30,637,medium,approved,10161,mobile,false,554
app_20250113_00004386,2025-01-13 14:11:23,cust_6227607,DEHE,auto_loan,18648,36,809,low,approved,18648,mobile,false,881
app_20250113_00004387,2025-01-13 10:34:06,cust_2954532,UKLO,auto_loan,50151,72,654,medium,approved,50151,partner,true,335
app_20250113_00004388,2025-01-13 23:04:47,cust_6075172,AUTR,mortgage,209234,120,656,medium,approved,209234,partner,true,750
app_20250113_00004389,2025-01-13 10:35:21,cust_2461264,SESV,credit_card,31303,12,619,medium,approved,31303,mobile_app,true,607
app_20250113_00004390,2025-01-13 00:02:26,cust_8504053,BENL,mortgage,256633,360,608,medium,rejected,0,branch,true,58
app_20250113_00004391,2025-01-13 12:44:26,cust_764552,ATVI,education_loan,5907,24,734,low,approved,5907,branch,false,65
app_20250113_00004392,2025-01-13 19:45:52,cust_4537732,FRID,cash_loan,24826,42,707,low,approved,24826,partner,false,364
app_20250113_00004393,2025-01-13 07:41:56,cust_7118543,NLAM,credit_card,42135,12,624,medium,rejected,0,branch,true,166
app_20250113_00004394,2025-01-13 06:49:24,cust_2373435,NLAM,mortgage,280250,300,812,low,approved,280250,branch,false,178
app_20250113_00004395,2025-01-13 14:11:33,cust_1365397,GRRE,credit_card,3092,18,726,low,approved,3092,mobile,true,429
app_20250113_00004396,2025-01-13 11:12:16,cust_5648726,ATVI,credit_card,23212,30,514,medium,rejected,0,partner,false,45
app_20250113_00004397,2025-01-13 04:28:39,cust_5327542,AUTR,auto_loan,7602,60,589,medium,approved,7602,atm,false,229
app_20250113_00004398,2025-01-13 11:40:46,cust_6007287,ATVI,personal_loan,3556,12,558,medium,rejected,0,mobile,false,61
app_20250113_00004399,2025-01-13 00:25:50,cust_5807800,BENL,refinance,381722,360,667,medium,rejected,0,atm,false,171
app_20250113_00004400,2025-01-13 10:29:56,cust_7640201,SESV,auto_loan,34606,48,608,medium,rejected,0,branch,false,91
app_20250113_00004401,2025-01-13 10:49:49,cust_9328500,ATVI,personal_loan,33757,30,700,low,approved,33757,web,true,244
app_20250113_00004402,2025-01-13 16:12:22,cust_3531599,FRID,cash_loan,23040,36,850,low,approved,23040,mobile,true,621
app_20250113_00004403,2025-01-13 16:06:24,cust_5188202,UKLO,business_loan,14838,48,720,low,approved,14838,call_center,false,184
app_20250113_00004404,2025-01-13 06:57:14,cust_8959835,UKLO,credit_card,30709,24,603,medium,approved,30709,partner,true,84
app_20250113_00004405,2025-01-13 17:22:03,cust_492146,CZPR,auto_loan,38952,72,608,medium,rejected,0,web,true,88
app_20250113_00004406,2025-01-13 22:35:12,cust_5305185,FRID,credit_card,4492,18,780,low,approved,4492,call_center,true,876
app_20250113_00004407,2025-01-13 21:08:46,cust_1469666,DEHE,mortgage,433612,240,608,medium,approved,433612,web,true,183
app_20250113_00004408,2025-01-13 14:51:44,cust_4892668,AUTR,cash_loan,47377,24,769,low,approved,47377,atm,true,56
app_20250113_00004409,2025-01-13 02:54:51,cust_5248053,AUTR,education_loan,37247,24,558,medium,approved,37247,mobile_app,false,741
app_20250113_00004410,2025-01-13 10:40:15,cust_1717770,AUTR,auto_loan,24035,36,594,medium,rejected,0,online_banking,false,99
app_20250113_00004411,2025-01-13 14:45:18,cust_286495,DEHE,refinance,232888,240,678,medium,approved,232888,mobile,false,95
app_20250113_00004412,2025-01-13 02:02:27,cust_6477657,ITMI,auto_loan,7494,36,646,medium,rejected,0,online_banking,true,7
app_20250113_00004413,2025-01-13 11:16:19,cust_9860402,FRID,business_loan,10274,24,675,medium,approved,10274,atm,true,625
app_20250113_00004414,2025-01-13 04:04:33,cust_5223609,ESMA,business_loan,16016,48,553,medium,rejected,0,mobile_app,true,33
app_20250113_00004415,2025-01-13 12:49:49,cust_9341545,ESMA,personal_loan,5040,48,741,low,approved,5040,online_banking,false,300
app_20250113_00004416,2025-01-13 16:35:38,cust_7636639,ATVI,personal_loan,49760,36,487,high,rejected,0,web,false,126
app_20250113_00004417,2025-01-13 22:46:03,cust_9699776,UKLO,refinance,230718,300,724,low,approved,230718,atm,false,417
app_20250113_00004418,2025-01-13 16:47:22,cust_9580789,ITMI,credit_card,46362,18,471,high,rejected,0,call_center,false,164
app_20250113_00004419,2025-01-13 21:23:59,cust_2100274,BENL,education_loan,35739,24,750,low,approved,35739,online_banking,true,309
app_20250113_00004420,2025-01-13 05:59:03,cust_4176871,NLAM,refinance,443691,180,674,medium,approved,443691,branch,false,865
app_20250113_00004421,2025-01-13 18:25:14,cust_8748539,PLWA,business_loan,38712,36,716,low,approved,38712,web,false,114
app_20250113_00004422,2025-01-13 23:07:33,cust_4463703,CHBE,personal_loan,9128,12,765,low,rejected,0,branch,false,76
app_20250113_00004423,2025-01-13 18:35:56,cust_3095105,BENL,cash_loan,19398,36,734,low,approved,19398,atm,true,857
app_20250113_00004424,2025-01-13 15:14:16,cust_3092146,UKLO,credit_card,44022,42,592,medium,rejected,0,partner,true,104
app_20250113_00004425,2025-01-13 09:01:41,cust_6401628,NLAM,cash_loan,23053,36,753,low,approved,23053,branch,true,587
app_20250113_00004426,2025-01-13 15:00:30,cust_4225667,DEHE,refinance,221770,300,563,medium,rejected,0,atm,true,101
app_20250113_00004427,2025-01-13 08:46:41,cust_9304621,PLWA,mortgage,166096,360,619,medium,rejected,0,online_banking,false,96
app_20250113_00004428,2025-01-13 14:30:02,cust_7123006,BENL,personal_loan,26963,42,650,medium,approved,26963,call_center,true,772
app_20250113_00004429,2025-01-13 15:57:41,cust_6086820,UKLO,credit_card,1517,18,643,medium,rejected,0,call_center,false,168
app_20250113_00004430,2025-01-13 13:47:45,cust_7943636,ITMI,credit_card,41756,12,769,low,approved,41756,online_banking,true,850
app_20250113_00004431,2025-01-13 19:19:30,cust_4358533,ATVI,credit_card,35750,18,489,high,rejected,0,branch,true,127
app_20250113_00004432,2025-01-13 17:36:44,cust_3799213,CZPR,cash_loan,2195,30,727,low,approved,2195,web,false,875
app_20250113_00004433,2025-01-13 18:39:51,cust_5071963,ATVI,cash_loan,15039,30,850,low,approved,15039,online_banking,true,253
app_20250113_00004434,2025-01-13 13:14:35,cust_6618627,SESV,business_loan,9846,60,777,low,approved,9846,call_center,true,515
app_20250113_00004435,2025-01-13 13:43:22,cust_222024,AUTR,auto_loan,50177,24,663,medium,approved,50177,mobile,true,247
app_20250113_00004436,2025-01-13 10:06:31,cust_9712415,AUTR,credit_card,39133,30,649,medium,approved,39133,branch,false,209
app_20250113_00004437,2025-01-13 10:09:55,cust_4400337,FRID,auto_loan,13999,24,564,medium,approved,13999,call_center,false,614
app_20250113_00004438,2025-01-13 15:33:06,cust_7449947,BENL,auto_loan,16266,36,512,medium,rejected,0,call_center,true,164
app_20250113_00004439,2025-01-13 12:11:06,cust_462531,CHBE,auto_loan,27133,60,599,medium,rejected,0,mobile,false,81
app_20250113_00004440,2025-01-13 16:36:06,cust_1707232,CHBE,personal_loan,18667,42,727,low,approved,18667,call_center,true,250
app_20250113_00004441,2025-01-13 04:11:36,cust_3736769,NLAM,education_loan,13686,12,439,high,rejected,0,mobile,false,52
app_20250113_00004442,2025-01-13 12:56:02,cust_8655665,FRID,credit_card,24986,36,667,medium,approved,24986,branch,true,489
app_20250113_00004443,2025-01-13 04:17:01,cust_164322,GRRE,mortgage,216280,180,628,medium,approved,216280,partner,true,394
app_20250113_00004444,2025-01-13 13:22:27,cust_8274426,NLAM,personal_loan,11646,24,558,medium,rejected,0,call_center,false,130
app_20250113_00004445,2025-01-13 08:52:38,cust_9190163,AUTR,credit_card,13820,36,645,medium,rejected,0,branch,false,47
app_20250113_00004446,2025-01-13 03:24:31,cust_7815253,UKLO,credit_card,8110,42,600,medium,rejected,0,mobile_app,false,105
app_20250113_00004447,2025-01-13 06:58:31,cust_5373564,FRID,education_loan,39315,12,710,low,approved,39315,branch,false,518
app_20250113_00004448,2025-01-13 00:23:40,cust_9748728,DEHE,cash_loan,19201,42,633,medium,rejected,0,call_center,true,70
app_20250113_00004449,2025-01-13 18:09:43,cust_8394376,DEHE,credit_card,18778,24,783,low,approved,18778,partner,false,888
app_20250113_00004450,2025-01-13 10:11:50,cust_8594854,BENL,personal_loan,21911,36,605,medium,approved,21911,partner,true,609
app_20250113_00004451,2025-01-13 21:43:25,cust_1979101,NLAM,cash_loan,8843,12,375,high,rejected,0,web,true,118
app_20250113_00004452,2025-01-13 07:13:14,cust_8083944,CZPR,mortgage,478514,360,831,low,approved,478514,partner,true,144
app_20250113_00004453,2025-01-13 14:50:30,cust_4195749,UKLO,business_loan,26860,12,549,medium,rejected,0,branch,true,171
app_20250113_00004454,2025-01-13 16:07:55,cust_9910797,PORP,business_loan,16546,48,718,low,approved,16546,mobile,false,172
app_20250113_00004455,2025-01-13 12:33:38,cust_9610272,GRRE,cash_loan,19188,12,544,medium,rejected,0,atm,true,81
app_20250113_00004456,2025-01-13 21:19:01,cust_5570146,AUTR,auto_loan,43761,48,568,medium,rejected,0,mobile_app,false,26
app_20250113_00004457,2025-01-13 21:37:31,cust_7928728,SESV,cash_loan,44490,30,640,medium,approved,44490,atm,false,734
app_20250113_00004458,2025-01-13 09:30:42,cust_3110148,ESMA,mortgage,486844,300,547,medium,rejected,0,online_banking,false,155
app_20250113_00004459,2025-01-13 11:14:32,cust_230847,ESMA,refinance,218633,300,685,medium,rejected,0,mobile,false,163
app_20250113_00005248,2025-01-13 02:00:48,cust_1722778,PLWA,credit_card,41279,42,634,medium,approved,41279,online_banking,false,593
app_20250113_00006037,2025-01-13 12:25:42,cust_1548013,SESV,credit_card,3082,48,675,medium,rejected,0,mobile,false,83
app_20250113_00006826,2025-01-13 06:53:53,cust_2148736,NLAM,business_loan,21118,24,604,medium,rejected,0,call_center,false,104
app_20250113_00007615,2025-01-13 07:17:47,cust_8134352,CHBE,mortgage,242775,180,783,low,approved,242775,call_center,false,33
app_20250113_00008404,2025-01-13 08:47:54,cust_6731373,DEHE,education_loan,35162,48,763,low,approved,35162,partner,true,655
app_20250113_00009193,2025-01-13 20:44:49,cust_894029,ATVI,refinance,202896,300,551,medium,rejected,0,mobile_app,false,172
app_20250113_00009982,2025-01-13 15:16:10,cust_7527934,AUTR,mortgage,397914,300,610,medium,approved,397914,atm,false,383
app_20250113_00010771,2025-01-13 14:17:31,cust_486700,NLAM,mortgage,432589,360,527,medium,approved,432589,branch,false,285
app_20250113_00011560,2025-01-13 02:39:23,cust_3006795,CZPR,business_loan,3034,48,687,medium,approved,3034,branch,false,684
app_20250113_00012349,2025-01-13 06:16:07,cust_3400906,SESV,refinance,490831,240,698,medium,approved,490831,branch,true,755
app_20250113_00013138,2025-01-13 13:01:31,cust_3690085,CZPR,refinance,117629,180,751,low,approved,117629,call_center,true,720
app_20250113_00013927,2025-01-13 10:04:21,cust_8676418,CHBE,personal_loan,49884,24,715,low,approved,49884,partner,true,492
app_20250113_00014716,2025-01-13 07:11:10,cust_9263482,PLWA,credit_card,31954,30,667,medium,rejected,0,branch,true,146
app_20250113_00015505,2025-01-13 13:18:23,cust_6944887,PORP,education_loan,30182,48,631,medium,approved,30182,call_center,false,828
app_20250113_00016294,2025-01-13 08:10:40,cust_2811070,NLAM,mortgage,257135,240,750,low,approved,257135,web,false,713
app_20250113_00017083,2025-01-13 17:58:04,cust_6229494,PLWA,mortgage,293103,180,668,medium,rejected,0,mobile,true,151
app_20250113_00017872,2025-01-13 14:50:47,cust_7432681,BENL,refinance,380058,120,497,high,approved,380058,call_center,true,694
app_20250113_00018661,2025-01-13 11:03:01,cust_6266907,AUTR,personal_loan,20356,18,605,medium,rejected,0,branch,false,86
app_20250113_00019450,2025-01-13 16:16:20,cust_2425399,ATVI,personal_loan,17778,18,739,low,approved,17778,online_banking,true,768
app_20250113_00020239,2025-01-13 22:17:29,cust_7268320,NLAM,personal_loan,1649,42,639,medium,approved,1649,mobile,true,556
app_20250113_00021028,2025-01-13 23:51:03,cust_3804595,ESMA,credit_card,47052,24,501,medium,rejected,0,branch,true,149
app_20250113_00021817,2025-01-13 00:11:45,cust_1877396,ATVI,auto_loan,26880,24,659,medium,rejected,0,web,false,25
app_20250113_00022606,2025-01-13 18:23:14,cust_8294307,SESV,auto_loan,38608,24,727,low,approved,38608,call_center,true,594
app_20250113_00023395,2025-01-13 00:09:29,cust_8648252,PLWA,education_loan,32941,48,693,medium,rejected,0,atm,true,88
app_20250113_00024184,2025-01-13 15:58:32,cust_4118054,ATVI,refinance,55473,360,758,low,rejected,0,branch,true,127
app_20250113_00024973,2025-01-13 08:30:16,cust_4048131,GRRE,cash_loan,48633,42,723,low,approved,48633,call_center,false,281
app_20250113_00025762,2025-01-13 16:51:51,cust_5102407,CZPR,credit_card,24844,48,637,medium,rejected,0,online_banking,true,48
app_20250113_00026551,2025-01-13 14:25:53,cust_8627789,CZPR,mortgage,126266,300,601,medium,approved,126266,branch,true,181
app_20250113_00027340,2025-01-13 18:33:09,cust_8938745,ATVI,mortgage,178524,180,663,medium,approved,178524,online_banking,true,171
app_20250113_00028129,2025-01-13 16:38:48,cust_6257941,CHBE,refinance,87794,180,434,high,rejected,0,atm,true,104
app_20250113_00028918,2025-01-13 19:58:49,cust_2385340,ESMA,personal_loan,10627,18,725,low,approved,10627,atm,false,741
app_20250113_00029707,2025-01-13 21:25:22,cust_5102448,ATVI,cash_loan,33396,12,622,medium,approved,33396,mobile_app,true,537
app_20250113_00030496,2025-01-13 21:30:17,cust_5966550,ITMI,personal_loan,24053,30,499,high,rejected,0,partner,false,126
app_20250113_00031285,2025-01-13 16:17:15,cust_159129,ITMI,cash_loan,35338,18,559,medium,rejected,0,partner,true,140
app_20250113_00032074,2025-01-13 07:00:42,cust_3144525,BENL,credit_card,20980,36,690,medium,rejected,0,mobile_app,true,49
app_20250113_00032863,2025-01-13 08:11:25,cust_2031630,NLAM,refinance,339140,300,642,medium,approved,339140,web,false,503
app_20250113_00033652,2025-01-13 05:02:46,cust_2615393,AUTR,education_loan,22429,24,648,medium,rejected,0,call_center,false,148
app_20250113_00034441,2025-01-13 22:27:14,cust_3130808,AUTR,refinance,413878,120,634,medium,rejected,0,web,false,56
app_20250113_00035230,2025-01-13 01:48:00,cust_4537514,ESMA,refinance,396673,240,601,medium,approved,396673,web,false,186
app_20250113_00036019,2025-01-13 03:00:58,cust_7242746,CHBE,refinance,435256,180,741,low,approved,435256,atm,false,504
app_20250113_00036808,2025-01-13 12:55:25,cust_1734688,BENL,refinance,436797,120,654,medium,approved,436797,branch,true,844
app_20250113_00037597,2025-01-13 01:17:27,cust_3624157,AUTR,business_loan,33140,48,605,medium,approved,33140,mobile_app,false,749
app_20250113_00038386,2025-01-13 12:42:27,cust_7589127,BENL,credit_card,37764,18,559,medium,rejected,0,web,true,67
app_20250113_00039175,2025-01-13 09:05:12,cust_1397657,BENL,mortgage,185716,180,608,medium,approved,185716,partner,true,699
app_20250113_00039964,2025-01-13 22:55:48,cust_2673424,NLAM,mortgage,191265,360,711,low,approved,191265,partner,false,568
app_20250113_00040753,2025-01-13 10:04:58,cust_5965345,ESMA,credit_card,3237,36,707,low,approved,3237,atm,false,76
app_20250113_00041542,2025-01-13 09:50:31,cust_3428107,AUTR,credit_card,45454,42,570,medium,rejected,0,branch,false,119
app_20250113_00042331,2025-01-13 08:22:36,cust_9855821,BENL,education_loan,36650,24,816,low,approved,36650,atm,true,361
app_20250113_00043120,2025-01-13 11:02:36,cust_3210194,CHBE,mortgage,483689,360,601,medium,approved,483689,web,false,828
app_20250113_00043909,2025-01-13 01:55:02,cust_6873208,PORP,mortgage,237971,120,587,medium,approved,237971,mobile,true,893
app_20250113_00044698,2025-01-13 03:48:23,cust_459477,DEHE,auto_loan,16997,60,593,medium,approved,16997,call_center,false,265
app_20250113_00045487,2025-01-13 03:57:53,cust_841462,GRRE,business_loan,10308,48,718,low,approved,10308,mobile_app,false,521
app_20250113_00046276,2025-01-13 19:14:58,cust_1329151,AUTR,mortgage,403010,240,644,medium,rejected,0,partner,true,37
app_20250113_00047065,2025-01-13 23:59:50,cust_5340333,BENL,cash_loan,13385,42,652,medium,approved,13385,partner,false,719
app_20250113_00047854,2025-01-13 18:18:18,cust_7523417,PLWA,credit_card,7120,48,664,medium,approved,7120,web,false,455
app_20250113_00048643,2025-01-13 07:57:37,cust_7793140,CZPR,business_loan,27312,60,614,medium,rejected,0,mobile_app,true,42
app_20250113_00049432,2025-01-13 11:42:08,cust_3302124,ATVI,business_loan,35692,12,593,medium,approved,35692,mobile,true,802
app_20250113_00050221,2025-01-13 00:18:05,cust_3696068,AUTR,personal_loan,31530,48,814,low,approved,31530,online_banking,true,209
app_20250113_00051010,2025-01-13 22:27:18,cust_2447807,ESMA,auto_loan,13574,72,483,high,rejected,0,online_banking,false,81
app_20250113_00051799,2025-01-13 20:42:38,cust_236847,DEHE,refinance,325067,360,665,medium,approved,325067,online_banking,true,495
app_20250113_00052588,2025-01-13 18:33:36,cust_978669,CZPR,mortgage,464896,360,695,medium,approved,464896,call_center,false,209
app_20250113_00053377,2025-01-13 01:22:04,cust_4701341,GRRE,credit_card,33294,36,679,medium,approved,33294,atm,true,471
app_20250113_00054166,2025-01-13 20:42:30,cust_9239455,DEHE,business_loan,38313,60,708,low,approved,38313,atm,true,568
app_20250113_00054955,2025-01-13 13:45:13,cust_1963685,CZPR,refinance,155844,120,626,medium,approved,155844,mobile_app,true,177
app_20250113_00055744,2025-01-13 18:35:01,cust_6426443,ATVI,cash_loan,24775,36,501,medium,rejected,0,web,false,48
app_20250113_00056533,2025-01-13 19:51:31,cust_6695594,SESV,mortgage,344526,300,674,medium,approved,344526,online_banking,false,628
app_20250113_00057322,2025-01-13 03:51:07,cust_8139932,ITMI,refinance,146328,180,530,medium,approved,146328,branch,true,403
app_20250113_00058111,2025-01-13 23:28:16,cust_4138616,NLAM,mortgage,325364,120,703,low,approved,325364,online_banking,true,482
app_20250113_00058900,2025-01-13 20:17:25,cust_8666573,BENL,education_loan,31140,12,850,low,approved,31140,atm,false,522
app_20250113_00059689,2025-01-13 22:35:31,cust_3766161,FRID,personal_loan,2462,48,707,low,approved,2462,atm,true,597
app_20250113_00060478,2025-01-13 15:16:21,cust_6245365,PORP,cash_loan,2459,48,768,low,approved,2459,online_banking,true,528
app_20250113_00061267,2025-01-13 16:42:32,cust_6566058,PORP,credit_card,5004,48,794,low,approved,5004,call_center,true,484
app_20250113_00062056,2025-01-13 05:42:03,cust_729870,AUTR,cash_loan,35336,48,752,low,approved,35336,mobile,false,506
app_20250113_00062845,2025-01-13 08:50:10,cust_6883419,UKLO,credit_card,42324,42,566,medium,rejected,0,partner,true,96
app_20250113_00063634,2025-01-13 16:21:15,cust_1988878,CHBE,cash_loan,33097,30,628,medium,approved,33097,branch,true,861
app_20250113_00064423,2025-01-13 02:54:37,cust_7362333,BENL,cash_loan,41182,30,514,medium,rejected,0,mobile,false,76
app_20250113_00065212,2025-01-13 01:09:22,cust_1243267,GRRE,business_loan,21261,12,653,medium,approved,21261,online_banking,true,222
app_20250113_00066001,2025-01-13 08:43:59,cust_7077737,PLWA,refinance,227679,300,691,medium,rejected,0,web,true,131
app_20250113_00066790,2025-01-13 11:39:10,cust_7670619,PORP,cash_loan,46317,48,641,medium,rejected,0,mobile,true,166
app_20250113_00067579,2025-01-13 18:56:03,cust_3622967,AUTR,mortgage,461129,240,599,medium,approved,461129,mobile,false,866
app_20250113_00068368,2025-01-13 18:31:56,cust_9169480,DEHE,cash_loan,28847,12,701,low,approved,28847,partner,true,406
app_20250113_00069157,2025-01-13 09:32:15,cust_434356,PORP,credit_card,29072,36,733,low,approved,29072,atm,false,467
app_20250113_00069946,2025-01-13 15:10:40,cust_2559301,AUTR,refinance,190701,180,444,high,rejected,0,mobile_app,true,15
app_20250113_00070735,2025-01-13 07:10:34,cust_9155518,FRID,personal_loan,11262,42,717,low,approved,11262,online_banking,true,390
app_20250113_00071524,2025-01-13 07:34:22,cust_2505228,CZPR,education_loan,10458,12,626,medium,approved,10458,branch,false,176
app_20250113_00072313,2025-01-13 07:57:12,cust_280214,FRID,mortgage,299421,180,777,low,approved,299421,atm,false,579
app_20250113_00073102,2025-01-13 18:39:21,cust_6837304,PLWA,refinance,324745,120,662,medium,rejected,0,online_banking,true,93
app_20250113_00073891,2025-01-13 11:55:53,cust_6289125,FRID,cash_loan,29367,30,603,medium,approved,29367,web,true,68
app_20250113_00074680,2025-01-13 00:57:44,cust_3182867,CHBE,refinance,86881,120,709,low,approved,86881,atm,false,529
app_20250113_00075469,2025-01-13 15:41:20,cust_695362,ESMA,credit_card,13516,48,625,medium,approved,13516,branch,true,513
app_20250113_00076258,2025-01-13 09:24:27,cust_7399645,AUTR,cash_loan,1907,36,731,low,approved,1907,partner,true,310
app_20250113_00077047,2025-01-13 00:48:18,cust_7003805,ATVI,business_loan,10384,48,731,low,approved,10384,web,false,184
app_20250113_00077836,2025-01-13 21:08:43,cust_3530220,ESMA,personal_loan,28264,48,716,low,approved,28264,web,true,86
app_20250113_00078625,2025-01-13 17:26:16,cust_6694749,DEHE,mortgage,136889,120,725,low,approved,136889,mobile,false,884
app_20250113_00079414,2025-01-13 14:33:38,cust_9433028,PLWA,cash_loan,5483,36,685,medium,approved,5483,mobile_app,false,103
app_20250113_00080203,2025-01-13 07:34:09,cust_4301790,NLAM,cash_loan,5970,30,703,low,approved,5970,mobile,true,684
app_20250113_00080992,2025-01-13 03:04:42,cust_3127315,CHBE,auto_loan,12969,72,850,low,approved,12969,online_banking,true,836
app_20250113_00081781,2025-01-13 17:35:12,cust_7547412,AUTR,refinance,239904,300,606,medium,approved,239904,call_center,false,771
app_20250113_00082570,2025-01-13 11:43:50,cust_363599,FRID,education_loan,29735,36,636,medium,approved,29735,call_center,true,627
app_20250113_00083359,2025-01-13 04:47:53,cust_6301476,GRRE,cash_loan,18689,36,562,medium,rejected,0,mobile_app,false,174
app_20250113_00084148,2025-01-13 05:10:00,cust_3840222,GRRE,education_loan,30115,24,803,low,approved,30115,branch,true,227
app_20250113_00084937,2025-01-13 00:18:10,cust_9247840,PORP,personal_loan,39115,42,840,low,approved,39115,branch,false,692
app_20250113_00085726,2025-01-13 16:00:06,cust_2875497,ESMA,business_loan,23853,36,566,medium,rejected,0,partner,false,142
app_20250113_00086515,2025-01-13 03:41:54,cust_2314375,PORP,cash_loan,41808,12,581,medium,rejected,0,web,false,140
app_20250113_00087304,2025-01-13 19:46:32,cust_6487740,AUTR,mortgage,118724,300,741,low,approved,118724,web,false,362
app_20250113_00088093,2025-01-13 00:45:31,cust_7284950,CHBE,cash_loan,25783,18,568,medium,approved,25783,web,true,368
app_20250113_00088882,2025-01-13 18:48:45,cust_5038194,ESMA,cash_loan,34958,36,698,medium,approved,34958,mobile_app,false,611
app_20250113_00089671,2025-01-13 16:39:04,cust_6398302,ESMA,education_loan,13261,24,339,high,rejected,0,call_center,false,25
app_20250113_00090460,2025-01-13 13:21:32,cust_6921932,ATVI,personal_loan,30549,24,561,medium,rejected,0,online_banking,true,56
app_20250113_00091249,2025-01-13 17:18:06,cust_8895125,FRID,mortgage,290786,300,719,low,approved,290786,mobile_app,true,332
app_20250113_00092038,2025-01-13 14:57:06,cust_6086220,NLAM,business_loan,7637,60,650,medium,approved,7637,atm,false,242
app_20250113_00092827,2025-01-13 10:44:31,cust_1300739,ATVI,personal_loan,19241,30,633,medium,rejected,0,mobile_app,false,94
app_20250113_00093616,2025-01-13 00:16:17,cust_2426984,SESV,credit_card,49393,42,774,low,approved,49393,call_center,false,583
app_20250113_00094405,2025-01-13 03:36:40,cust_9582739,FRID,credit_card,11430,18,571,medium,rejected,0,branch,false,151
app_20250113_00095194,2025-01-13 12:01:27,cust_5216478,BENL,business_loan,32634,60,699,medium,approved,32634,atm,true,653
app_20250113_00095983,2025-01-13 16:02:34,cust_4357038,FRID,cash_loan,47684,36,530,medium,approved,47684,mobile_app,true,562
app_20250113_00096772,2025-01-13 03:56:12,cust_1676921,BENL,cash_loan,31793,12,580,medium,approved,31793,mobile,false,897
app_20250113_00097561,2025-01-13 11:14:56,cust_6065642,PLWA,cash_loan,26798,48,695,medium,approved,26798,mobile,true,159
app_20250113_00098350,2025-01-13 10:36:47,cust_1255453,NLAM,cash_loan,10690,18,732,low,rejected,0,online_banking,false,73
app_20250113_00099139,2025-01-13 01:27:34,cust_2727523,ESMA,personal_loan,9083,36,682,medium,approved,9083,online_banking,true,439
app_20250113_00099928,2025-01-13 09:48:10,cust_3448096,ATVI,credit_card,47241,18,831,low,approved,47241,call_center,false,67
app_20250113_00100717,2025-01-13 10:12:56,cust_8080519,UKLO,business_loan,4026,60,742,low,approved,4026,web,false,591
app_20250113_00101506,2025-01-13 13:03:45,cust_3021836,CZPR,refinance,344824,180,827,low,approved,344824,mobile,true,364
app_20250113_00102295,2025-01-13 23:31:44,cust_9669236,CZPR,refinance,411221,180,515,medium,approved,411221,mobile,false,399
app_20250113_00103084,2025-01-13 09:14:15,cust_4782058,FRID,auto_loan,6224,24,672,medium,approved,6224,branch,true,585
app_20250113_00103873,2025-01-13 05:35:08,cust_7209291,CHBE,credit_card,11321,30,673,medium,approved,11321,atm,false,296
app_20250113_00104662,2025-01-13 22:43:30,cust_1570927,UKLO,refinance,254665,120,840,low,approved,254665,call_center,false,500
app_20250113_00105451,2025-01-13 10:05:21,cust_8702465,ESMA,business_loan,37890,48,700,low,approved,37890,atm,false,565
app_20250113_00106240,2025-01-13 05:37:33,cust_7807151,BENL,auto_loan,49064,72,413,high,rejected,0,mobile,false,120
app_20250113_00107029,2025-01-13 13:24:05,cust_2154943,PLWA,auto_loan,27313,72,693,medium,approved,27313,online_banking,false,735
app_20250113_00107818,2025-01-13 13:51:37,cust_1162201,CHBE,cash_loan,13049,24,705,low,approved,13049,mobile,true,531
app_20250113_00108607,2025-01-13 14:23:48,cust_1109252,FRID,cash_loan,48969,18,607,medium,approved,48969,online_banking,false,69
app_20250113_00109396,2025-01-13 09:36:20,cust_3211845,CZPR,auto_loan,19289,72,668,medium,approved,19289,atm,false,509
app_20250113_00110185,2025-01-13 13:49:51,cust_3396774,SESV,cash_loan,7047,36,622,medium,approved,7047,branch,false,139
app_20250113_00110974,2025-01-13 05:54:43,cust_399351,CZPR,business_loan,38149,60,655,medium,approved,38149,call_center,true,392
app_20250113_00111763,2025-01-13 01:25:13,cust_2277572,PORP,cash_loan,6393,30,658,medium,rejected,0,branch,true,39
app_20250113_00112552,2025-01-13 10:11:04,cust_3622347,ITMI,mortgage,250597,180,648,medium,approved,250597,web,true,52
app_20250113_00113341,2025-01-13 18:01:27,cust_7515097,CHBE,credit_card,37999,18,649,medium,approved,37999,call_center,true,884
app_20250113_00114130,2025-01-13 10:56:27,cust_8033551,BENL,business_loan,30156,36,529,medium,rejected,0,atm,true,117
app_20250113_00114919,2025-01-13 23:04:51,cust_6286791,CHBE,credit_card,34899,36,622,medium,approved,34899,call_center,true,567
app_20250113_00115708,2025-01-13 01:06:00,cust_6624484,DEHE,auto_loan,53440,36,574,medium,approved,53440,branch,false,720
app_20250113_00116497,2025-01-13 09:47:34,cust_4146948,ATVI,credit_card,37326,48,597,medium,rejected,0,mobile,false,108
app_20250113_00117286,2025-01-13 00:21:22,cust_3670091,ATVI,business_loan,10799,48,603,medium,approved,10799,online_banking,false,506
app_20250113_00118075,2025-01-13 20:32:31,cust_8309617,CZPR,auto_loan,12072,60,669,medium,approved,12072,atm,true,325
app_20250113_00118864,2025-01-13 23:34:16,cust_8770283,CHBE,personal_loan,22863,48,645,medium,approved,22863,mobile,true,274
app_20250113_00119653,2025-01-13 01:50:15,cust_2305460,PLWA,credit_card,4389,42,850,low,approved,4389,partner,true,258
app_20250113_00120442,2025-01-13 18:55:43,cust_1567217,AUTR,business_loan,9960,48,773,low,approved,9960,branch,false,659
app_20250113_00121231,2025-01-13 08:07:02,cust_1007869,BENL,personal_loan,32535,48,600,medium,approved,32535,mobile,true,734
app_20250113_00122020,2025-01-13 06:34:25,cust_9055703,UKLO,auto_loan,45134,36,608,medium,approved,45134,web,false,81
app_20250113_00122809,2025-01-13 21:32:48,cust_8204325,AUTR,personal_loan,16206,18,597,medium,approved,16206,mobile_app,false,660
app_20250113_00123598,2025-01-13 15:57:09,cust_4365806,SESV,credit_card,15621,12,641,medium,approved,15621,mobile,true,234
app_20250113_00124387,2025-01-13 14:48:57,cust_857476,BENL,cash_loan,9506,18,607,medium,approved,9506,partner,true,341
app_20250113_00125176,2025-01-13 16:03:09,cust_9195711,PORP,business_loan,36075,24,822,low,approved,36075,branch,false,497
app_20250113_00125965,2025-01-13 03:09:09,cust_6506549,PORP,cash_loan,33162,42,663,medium,rejected,0,online_banking,false,33
app_20250113_00126754,2025-01-13 22:19:05,cust_3883200,GRRE,personal_loan,7928,24,621,medium,approved,7928,mobile,false,359
app_20250113_00127543,2025-01-13 09:21:01,cust_555329,NLAM,business_loan,23254,24,667,medium,approved,23254,mobile,true,420
app_20250113_00128332,2025-01-13 15:30:47,cust_6054556,FRID,cash_loan,39269,12,707,low,approved,39269,branch,false,819
app_20250113_00129121,2025-01-13 09:44:17,cust_4331244,NLAM,credit_card,7543,48,477,high,rejected,0,branch,false,19
app_20250113_00129910,2025-01-13 17:36:55,cust_3651802,DEHE,refinance,258152,120,678,medium,approved,258152,atm,true,332
app_20250113_00130699,2025-01-13 12:18:24,cust_7774972,CHBE,business_loan,24504,36,746,low,approved,24504,atm,true,199
app_20250113_00131488,2025-01-13 05:47:30,cust_7389587,PLWA,business_loan,25267,12,442,high,rejected,0,web,true,69
app_20250113_00132277,2025-01-13 00:03:10,cust_5834584,GRRE,education_loan,6971,36,511,medium,approved,6971,branch,false,36
app_20250113_00133066,2025-01-13 09:17:56,cust_3553022,UKLO,mortgage,353365,120,835,low,approved,353365,mobile_app,true,517
app_20250113_00133855,2025-01-13 07:38:49,cust_7902408,UKLO,mortgage,261798,180,627,medium,approved,261798,partner,true,401
app_20250113_00134644,2025-01-13 03:02:48,cust_295261,GRRE,credit_card,32746,42,549,medium,rejected,0,web,true,55
app_20250113_00135433,2025-01-13 21:05:32,cust_6388145,CHBE,personal_loan,49417,48,698,medium,approved,49417,atm,false,793
app_20250113_00136222,2025-01-13 02:02:51,cust_7179836,ATVI,auto_loan,18372,36,714,low,approved,18372,partner,true,376
app_20250113_00137011,2025-01-13 14:55:32,cust_5290737,ESMA,personal_loan,12541,42,752,low,approved,12541,mobile,true,247
app_20250113_00137800,2025-01-13 23:23:07,cust_2125117,PLWA,refinance,460146,120,698,medium,approved,460146,partner,true,600
app_20250113_00138589,2025-01-13 14:29:26,cust_165606,PORP,refinance,457227,360,770,low,approved,457227,atm,false,535
app_20250113_00139378,2025-01-13 15:11:24,cust_3176015,AUTR,auto_loan,56689,72,695,medium,rejected,0,mobile,false,14
app_20250113_00140167,2025-01-13 22:53:28,cust_5450807,SESV,refinance,171242,300,697,medium,approved,171242,partner,false,811
app_20250113_00140956,2025-01-13 11:56:19,cust_5295683,FRID,personal_loan,6476,42,733,low,approved,6476,atm,true,568
app_20250113_00141745,2025-01-13 04:29:10,cust_2760623,SESV,cash_loan,5688,18,564,medium,rejected,0,mobile_app,true,118
app_20250113_00142534,2025-01-13 11:20:07,cust_7103049,SESV,auto_loan,25082,24,589,medium,rejected,0,mobile_app,true,51
app_20250113_00143323,2025-01-13 01:41:02,cust_4584064,PORP,refinance,294664,120,572,medium,rejected,0,partner,true,48
app_20250113_00144112,2025-01-13 20:58:01,cust_478645,DEHE,personal_loan,10748,48,594,medium,rejected,0,partner,false,123
app_20250113_00144901,2025-01-13 12:21:47,cust_3768506,DEHE,credit_card,49481,36,597,medium,approved,49481,partner,false,342
app_20250113_00145690,2025-01-13 18:02:33,cust_6274064,PORP,auto_loan,14217,48,795,low,rejected,0,mobile,true,133
app_20250113_00146479,2025-01-13 17:10:56,cust_9878495,PORP,refinance,441808,300,495,high,rejected,0,call_center,true,122
app_20250113_00147268,2025-01-13 09:47:19,cust_5213862,GRRE,cash_loan,14976,30,513,medium,rejected,0,partner,true,37
app_20250113_00148057,2025-01-13 14:46:20,cust_892829,BENL,credit_card,12739,24,626,medium,approved,12739,atm,false,575
app_20250113_00148846,2025-01-13 10:34:30,cust_8864131,PLWA,refinance,83097,180,617,medium,approved,83097,atm,true,590
app_20250113_00149635,2025-01-13 17:23:08,cust_3742627,ESMA,personal_loan,24190,48,655,medium,approved,24190,call_center,false,388
app_20250113_00150424,2025-01-13 09:08:06,cust_4600531,ITMI,business_loan,13940,12,555,medium,approved,13940,mobile,true,786
app_20250113_00151213,2025-01-13 16:41:06,cust_7465469,ITMI,education_loan,33520,60,705,low,approved,33520,mobile,false,409
app_20250113_00152002,2025-01-13 12:56:31,cust_1597204,NLAM,business_loan,25981,48,712,low,approved,25981,call_center,true,823
app_20250113_00152791,2025-01-13 03:01:28,cust_889306,GRRE,education_loan,19971,48,786,low,approved,19971,atm,false,390
app_20250113_00153580,2025-01-13 00:00:53,cust_5349367,ESMA,education_loan,21276,12,712,low,approved,21276,branch,false,593
app_20250113_00154369,2025-01-13 05:36:50,cust_8788341,DEHE,auto_loan,59747,72,709,low,approved,59747,mobile,true,815
app_20250113_00155158,2025-01-13 23:15:52,cust_5120927,UKLO,credit_card,20615,18,701,low,approved,20615,atm,true,381
app_20250113_00155947,2025-01-13 20:41:36,cust_4688274,GRRE,refinance,485045,300,771,low,approved,485045,web,false,766
app_20250113_00156736,2025-01-13 20:57:49,cust_1532087,UKLO,credit_card,46157,24,663,medium,approved,46157,partner,true,566
app_20250113_00157525,2025-01-13 11:47:29,cust_9212669,PLWA,cash_loan,19201,42,818,low,approved,19201,atm,true,441
app_20250113_00158314,2025-01-13 01:55:02,cust_8008522,SESV,credit_card,37400,24,680,medium,approved,37400,call_center,true,883
app_20250113_00159103,2025-01-13 08:24:01,cust_2474497,CHBE,auto_loan,23860,24,663,medium,rejected,0,mobile_app,false,57
app_20250113_00159892,2025-01-13 00:58:06,cust_3485149,PLWA,education_loan,11409,24,748,low,approved,11409,call_center,false,713
app_20250113_00160681,2025-01-13 18:05:58,cust_3796033,UKLO,refinance,173714,240,654,medium,rejected,0,call_center,false,28
app_20250113_00161470,2025-01-13 21:08:01,cust_7560654,SESV,mortgage,477873,120,705,low,approved,477873,partner,false,877
app_20250113_00162259,2025-01-13 12:34:10,cust_6249144,PORP,refinance,257494,300,738,low,rejected,0,call_center,false,106
app_20250113_00163048,2025-01-13 20:17:25,cust_7258847,PLWA,personal_loan,43041,42,605,medium,rejected,0,atm,true,152
app_20250113_00163837,2025-01-13 03:44:21,cust_7086423,CHBE,auto_loan,56313,72,736,low,approved,56313,web,true,517
app_20250113_00164626,2025-01-13 01:46:22,cust_2832778,CHBE,business_loan,8378,36,582,medium,approved,8378,call_center,true,230
app_20250113_00165415,2025-01-13 12:23:08,cust_159615,FRID,education_loan,21704,60,667,medium,approved,21704,call_center,true,567
app_20250113_00166204,2025-01-13 17:43:36,cust_5782870,ESMA,credit_card,34790,18,780,low,approved,34790,atm,false,830
app_20250113_00166993,2025-01-13 22:13:38,cust_7057853,ITMI,refinance,303407,300,536,medium,rejected,0,mobile,true,30
app_20250113_00167782,2025-01-13 04:33:33,cust_8590607,PLWA,personal_loan,47735,30,716,low,approved,47735,mobile,true,438
app_20250113_00168571,2025-01-13 08:51:02,cust_4331648,AUTR,personal_loan,2499,24,576,medium,rejected,0,call_center,true,73
app_20250113_00169360,2025-01-13 00:06:38,cust_3753032,ITMI,personal_loan,32273,18,762,low,approved,32273,call_center,false,195
app_20250113_00170149,2025-01-13 05:02:42,cust_4200620,CZPR,auto_loan,13171,36,722,low,approved,13171,mobile_app,true,705
app_20250113_00170938,2025-01-13 10:30:25,cust_5175955,ITMI,business_loan,13163,48,782,low,approved,13163,mobile,true,105
app_20250113_00171727,2025-01-13 09:15:38,cust_7128441,ATVI,auto_loan,6894,48,738,low,approved,6894,partner,false,680
app_20250113_00172516,2025-01-13 12:20:08,cust_6649481,SESV,education_loan,9511,48,607,medium,rejected,0,atm,false,175
app_20250113_00173305,2025-01-13 17:19:37,cust_1300745,BENL,business_loan,27508,24,680,medium,approved,27508,branch,false,573
app_20250113_00174094,2025-01-13 21:24:47,cust_3766346,PORP,mortgage,264868,120,776,low,approved,264868,web,true,385
app_20250113_00174883,2025-01-13 06:30:55,cust_5803145,SESV,auto_loan,10990,60,634,medium,approved,10990,call_center,true,634
app_20250113_00175672,2025-01-13 15:58:51,cust_8779351,SESV,education_loan,15747,12,609,medium,rejected,0,branch,false,88
app_20250113_00176461,2025-01-13 10:17:35,cust_5882727,CHBE,education_loan,37455,36,697,medium,approved,37455,atm,false,358
app_20250113_00177250,2025-01-13 11:29:07,cust_9577926,BENL,auto_loan,51603,72,689,medium,approved,51603,atm,true,696
app_20250113_00178039,2025-01-13 20:48:13,cust_1614103,BENL,auto_loan,7381,60,669,medium,approved,7381,mobile_app,true,800
app_20250113_00178828,2025-01-13 13:50:00,cust_3197633,GRRE,cash_loan,21594,42,650,medium,approved,21594,atm,false,80
app_20250113_00179617,2025-01-13 10:24:15,cust_4427604,AUTR,auto_loan,33567,36,657,medium,rejected,0,mobile_app,true,97
app_20250113_00180406,2025-01-13 23:59:04,cust_160830,CHBE,cash_loan,5496,12,753,low,approved,5496,mobile,false,184
app_20250113_00181195,2025-01-13 18:33:59,cust_4067241,BENL,refinance,232212,180,630,medium,approved,232212,web,false,590
app_20250113_00181984,2025-01-13 12:40:44,cust_4132907,GRRE,business_loan,19752,24,480,high,rejected,0,mobile_app,false,126
app_20250113_00182773,2025-01-13 08:27:54,cust_1639184,FRID,cash_loan,6123,24,653,medium,approved,6123,partner,true,790
app_20250113_00183562,2025-01-13 06:31:17,cust_295128,BENL,refinance,130710,360,591,medium,approved,130710,partner,false,118
app_20250113_00184351,2025-01-13 12:53:05,cust_3231213,AUTR,mortgage,104884,120,609,medium,approved,104884,online_banking,false,452
app_20250113_00185140,2025-01-13 14:20:31,cust_2403500,BENL,auto_loan,11168,48,699,medium,rejected,0,online_banking,false,32
app_20250113_00185929,2025-01-13 21:04:27,cust_2694770,GRRE,refinance,359913,300,612,medium,approved,359913,partner,true,342
app_20250113_00186718,2025-01-13 16:05:44,cust_7529070,ITMI,refinance,147790,240,748,low,approved,147790,online_banking,false,606
app_20250113_00187507,2025-01-13 17:15:16,cust_1386880,CHBE,education_loan,12352,36,725,low,approved,12352,branch,true,300
app_20250113_00188296,2025-01-13 17:34:22,cust_6438196,ESMA,mortgage,347077,360,557,medium,rejected,0,mobile_app,true,31
app_20250113_00189085,2025-01-13 15:55:48,cust_1514773,FRID,credit_card,16797,42,603,medium,rejected,0,partner,true,103
app_20250113_00189874,2025-01-13 15:08:43,cust_3226355,BENL,personal_loan,34085,30,664,medium,approved,34085,online_banking,false,870
app_20250113_00190663,2025-01-13 16:29:53,cust_3589119,DEHE,cash_loan,43526,36,692,medium,approved,43526,atm,true,359
app_20250113_00191452,2025-01-13 20:33:17,cust_2081967,UKLO,auto_loan,42010,48,660,medium,approved,42010,partner,true,759
app_20250113_00192241,2025-01-13 11:01:35,cust_2832773,NLAM,auto_loan,10887,24,648,medium,approved,10887,web,false,859
app_20250113_00193030,2025-01-13 12:56:04,cust_9549063,PORP,business_loan,35371,12,763,low,approved,35371,mobile,true,517
app_20250113_00193819,2025-01-13 13:25:54,cust_3074840,ATVI,cash_loan,3110,36,560,medium,rejected,0,web,false,125
app_20250113_00194608,2025-01-13 13:17:45,cust_6698034,FRID,education_loan,9478,60,583,medium,approved,9478,partner,false,477
app_20250113_00195397,2025-01-13 00:06:45,cust_310444,PORP,personal_loan,45701,36,677,medium,rejected,0,online_banking,true,121
app_20250113_00196186,2025-01-13 04:25:52,cust_1750052,NLAM,business_loan,17308,12,710,low,approved,17308,partner,false,584
app_20250113_00196975,2025-01-13 05:07:11,cust_5405480,ESMA,refinance,262412,300,634,medium,approved,262412,mobile,false,403
app_20250113_00197764,2025-01-13 09:07:52,cust_9859976,NLAM,credit_card,1199,30,461,high,rejected,0,online_banking,true,119
app_20250113_00198553,2025-01-13 02:33:17,cust_8141605,FRID,refinance,485189,180,518,medium,approved,485189,mobile_app,true,307
app_20250113_00199342,2025-01-13 08:51:09,cust_1415766,DEHE,auto_loan,37821,36,807,low,approved,37821,online_banking,true,814
app_20250113_00200131,2025-01-13 01:23:24,cust_9027912,CHBE,mortgage,482007,120,600,medium,approved,482007,call_center,true,312
app_20250113_00200920,2025-01-13 19:55:27,cust_2016270,PORP,credit_card,5043,12,610,medium,approved,5043,online_banking,true,623
app_20250113_00201709,2025-01-13 02:27:06,cust_6131189,ESMA,credit_card,44450,42,697,medium,approved,44450,online_banking,true,882
app_20250113_00202498,2025-01-13 14:28:23,cust_7322270,CZPR,business_loan,13076,12,661,medium,approved,13076,partner,true,614
app_20250113_00203287,2025-01-13 17:08:48,cust_7746717,UKLO,credit_card,20892,48,761,low,approved,20892,mobile_app,false,636
app_20250113_00204076,2025-01-13 09:38:15,cust_7836039,CZPR,education_loan,25453,48,771,low,approved,25453,online_banking,false,79
app_20250113_00204865,2025-01-13 19:34:53,cust_9494933,PLWA,education_loan,13254,60,688,medium,approved,13254,call_center,true,416
app_20250113_00205654,2025-01-13 10:07:39,cust_6878218,ATVI,personal_loan,10666,24,703,low,rejected,0,partner,true,38
app_20250113_00206443,2025-01-13 07:57:06,cust_5030168,PORP,cash_loan,46294,24,664,medium,rejected,0,atm,true,164
app_20250113_00207232,2025-01-13 11:06:02,cust_9312737,ATVI,refinance,246050,300,622,medium,approved,246050,mobile_app,false,236
app_20250113_00208021,2025-01-13 16:09:34,cust_9927844,NLAM,mortgage,310791,180,678,medium,approved,310791,web,false,731
app_20250113_00208810,2025-01-13 18:46:18,cust_9091408,DEHE,education_loan,26471,36,628,medium,approved,26471,mobile,true,74
app_20250113_00209599,2025-01-13 03:15:51,cust_4344354,CHBE,education_loan,10205,12,658,medium,approved,10205,mobile_app,false,703
app_20250113_00210388,2025-01-13 02:18:50,cust_3952302,ITMI,business_loan,2436,12,801,low,approved,2436,atm,true,767
app_20250113_00211177,2025-01-13 08:07:24,cust_3807526,ESMA,auto_loan,52258,60,834,low,approved,52258,web,false,371
app_20250113_00211966,2025-01-13 05:49:16,cust_6884501,PLWA,personal_loan,21548,42,641,medium,approved,21548,online_banking,false,630
app_20250113_00212755,2025-01-13 19:20:23,cust_6607405,NLAM,education_loan,12174,60,660,medium,approved,12174,web,false,630
app_20250113_00213544,2025-01-13 04:17:21,cust_4084355,DEHE,personal_loan,29148,30,682,medium,rejected,0,online_banking,false,142
app_20250113_00214333,2025-01-13 20:15:40,cust_1637899,SESV,business_loan,11636,48,670,medium,rejected,0,web,true,6
app_20250113_00215122,2025-01-13 19:51:51,cust_2194230,ATVI,cash_loan,35170,42,427,high,rejected,0,call_center,true,29
app_20250113_00215911,2025-01-13 06:21:53,cust_4764825,GRRE,credit_card,41105,48,632,medium,rejected,0,partner,false,140
app_20250113_00216700,2025-01-13 14:57:58,cust_1154865,ATVI,business_loan,6040,36,499,high,rejected,0,web,true,109
app_20250113_00217489,2025-01-13 20:18:55,cust_1885643,UKLO,refinance,100022,360,657,medium,approved,100022,online_banking,true,198
app_20250113_00218278,2025-01-13 07:13:24,cust_7623280,PLWA,refinance,475624,360,716,low,approved,475624,web,true,804
app_20250113_00219067,2025-01-13 04:44:18,cust_3331989,ESMA,auto_loan,51253,60,571,medium,rejected,0,mobile_app,true,139
app_20250113_00219856,2025-01-13 16:32:55,cust_1832365,PLWA,mortgage,105095,120,607,medium,approved,105095,mobile,false,786
app_20250113_00220645,2025-01-13 04:37:02,cust_6182220,GRRE,credit_card,25078,24,643,medium,approved,25078,atm,true,427
app_20250113_00221434,2025-01-13 12:14:31,cust_4311275,CZPR,business_loan,23248,24,752,low,approved,23248,mobile_app,true,422
app_20250113_00222223,2025-01-13 22:35:34,cust_2650807,CZPR,business_loan,27849,24,721,low,approved,27849,partner,true,272
app_20250113_00223012,2025-01-13 00:23:26,cust_3516919,NLAM,education_loan,18109,60,778,low,approved,18109,mobile_app,false,125
app_20250113_00223801,2025-01-13 14:38:48,cust_9238065,ITMI,refinance,442624,360,797,low,rejected,0,online_banking,true,117
app_20250113_00224590,2025-01-13 15:09:21,cust_578671,BENL,auto_loan,9126,60,612,medium,approved,9126,web,false,491
app_20250113_00225379,2025-01-13 23:57:16,cust_1746503,ITMI,cash_loan,23854,30,592,medium,rejected,0,partner,true,12
app_20250113_00226168,2025-01-13 15:11:17,cust_6873293,CHBE,personal_loan,10291,36,821,low,approved,10291,atm,false,578
app_20250113_00226957,2025-01-13 18:47:52,cust_3480096,PLWA,refinance,316641,120,629,medium,approved,316641,web,false,343
app_20250113_00227746,2025-01-13 05:14:47,cust_524632,ITMI,credit_card,12846,24,520,medium,approved,12846,online_banking,true,499
app_20250113_00228535,2025-01-13 15:55:01,cust_815236,DEHE,personal_loan,37497,42,637,medium,approved,37497,mobile,false,777
app_20250113_00229324,2025-01-13 07:26:07,cust_4631996,PORP,business_loan,16438,36,815,low,approved,16438,atm,true,719
app_20250113_00230113,2025-01-13 05:47:35,cust_5618064,ITMI,cash_loan,3209,24,785,low,approved,3209,mobile_app,true,863
app_20250113_00230902,2025-01-13 22:58:15,cust_9029305,AUTR,mortgage,426891,240,440,high,rejected,0,branch,false,117
app_20250113_00231691,2025-01-13 17:07:57,cust_5732889,CZPR,auto_loan,35230,72,773,low,approved,35230,branch,true,176
app_20250113_00232480,2025-01-13 22:06:05,cust_5152504,GRRE,mortgage,291691,360,577,medium,approved,291691,call_center,true,418
app_20250113_00233269,2025-01-13 03:05:19,cust_8471571,FRID,personal_loan,44469,18,547,medium,rejected,0,mobile,false,178
app_20250113_00234058,2025-01-13 14:47:33,cust_5080818,AUTR,personal_loan,14573,12,656,medium,approved,14573,call_center,true,348
app_20250113_00234847,2025-01-13 09:17:23,cust_4387619,NLAM,mortgage,97866,360,535,medium,approved,97866,mobile,false,698
app_20250113_00235636,2025-01-13 19:30:34,cust_7118392,BENL,mortgage,330236,120,684,medium,approved,330236,mobile,true,43
app_20250113_00236425,2025-01-13 17:32:28,cust_5686023,AUTR,refinance,222995,180,566,medium,approved,222995,atm,true,595
app_20250113_00237214,2025-01-13 04:48:58,cust_4821219,NLAM,business_loan,9178,36,628,medium,rejected,0,mobile,false,169
app_20250113_00238003,2025-01-13 09:38:13,cust_4337043,AUTR,education_loan,10614,12,552,medium,approved,10614,atm,false,297
app_20250113_00238792,2025-01-13 10:55:52,cust_871514,AUTR,personal_loan,13816,18,645,medium,approved,13816,branch,true,536
app_20250113_00239581,2025-01-13 01:55:26,cust_1470920,BENL,education_loan,32131,24,752,low,approved,32131,mobile_app,false,813
app_20250113_00240370,2025-01-13 02:48:56,cust_4006362,GRRE,mortgage,227738,240,614,medium,approved,227738,call_center,true,687
app_20250113_00241159,2025-01-13 21:37:40,cust_4753847,DEHE,refinance,110873,360,641,medium,approved,110873,online_banking,false,285
app_20250113_00241948,2025-01-13 03:10:11,cust_4332676,CHBE,personal_loan,25627,24,637,medium,approved,25627,call_center,false,368
app_20250113_00242737,2025-01-13 10:00:56,cust_9367217,FRID,refinance,428917,240,719,low,approved,428917,call_center,true,63
app_20250113_00243526,2025-01-13 11:40:28,cust_1679191,CHBE,education_loan,7218,60,635,medium,approved,7218,partner,true,225
app_20250113_00244315,2025-01-13 16:59:39,cust_4429711,ITMI,refinance,230719,240,528,medium,approved,230719,online_banking,false,610
app_20250113_00245104,2025-01-13 19:42:56,cust_6156158,ATVI,education_loan,26726,48,620,medium,approved,26726,mobile_app,false,39
app_20250113_00245893,2025-01-13 19:00:26,cust_3029927,NLAM,credit_card,11725,24,609,medium,approved,11725,mobile_app,false,418
app_20250113_00246682,2025-01-13 14:47:37,cust_682690,FRID,credit_card,40025,18,714,low,approved,40025,web,false,283
app_20250113_00247471,2025-01-13 05:53:43,cust_8068891,CHBE,refinance,188746,180,588,medium,rejected,0,branch,true,110
app_20250113_00248260,2025-01-13 04:50:44,cust_1946797,CHBE,business_loan,28131,24,804,low,approved,28131,mobile_app,true,570
app_20250113_00249049,2025-01-13 17:50:34,cust_9369963,PLWA,credit_card,5433,42,722,low,rejected,0,atm,true,109
app_20250113_00249838,2025-01-13 02:21:11,cust_5797500,ITMI,business_loan,22726,48,605,medium,rejected,0,call_center,false,48
app_20250113_00250627,2025-01-13 21:40:12,cust_1742974,ATVI,refinance,420944,360,719,low,approved,420944,branch,false,247
app_20250113_00251416,2025-01-13 12:32:21,cust_2670551,FRID,personal_loan,43936,48,548,medium,approved,43936,mobile,false,844
app_20250113_00252205,2025-01-13 06:58:47,cust_116096,CHBE,auto_loan,34534,60,586,medium,rejected,0,call_center,false,11
app_20250113_00252994,2025-01-13 03:25:42,cust_7705133,ITMI,education_loan,39789,12,670,medium,approved,39789,mobile_app,true,561
app_20250113_00253783,2025-01-13 15:15:24,cust_8322731,CZPR,business_loan,20219,48,751,low,approved,20219,atm,false,381
app_20250113_00254572,2025-01-13 04:23:40,cust_6269750,ATVI,business_loan,30278,36,620,medium,approved,30278,mobile_app,true,421
app_20250113_00255361,2025-01-13 23:52:16,cust_8346155,CZPR,credit_card,24731,48,697,medium,approved,24731,partner,false,30
app_20250113_00256150,2025-01-13 21:13:23,cust_2779399,PORP,business_loan,9058,60,695,medium,rejected,0,mobile_app,true,20
app_20250113_00256939,2025-01-13 01:08:45,cust_2502545,CHBE,education_loan,36852,48,671,medium,rejected,0,branch,false,176
app_20250113_00257728,2025-01-13 22:59:26,cust_845545,PLWA,education_loan,16037,36,553,medium,approved,16037,atm,true,536
app_20250113_00258517,2025-01-13 12:45:59,cust_1298519,ITMI,personal_loan,6368,30,538,medium,rejected,0,web,false,59
app_20250113_00259306,2025-01-13 22:48:29,cust_6050750,NLAM,education_loan,34350,36,800,low,approved,34350,mobile_app,false,79
app_20250113_00260095,2025-01-13 06:29:04,cust_6999075,DEHE,business_loan,3905,48,626,medium,approved,3905,atm,true,88
app_20250113_00260884,2025-01-13 01:40:07,cust_8089624,CHBE,refinance,152213,180,624,medium,approved,152213,partner,true,337
app_20250113_00261673,2025-01-13 16:18:22,cust_9961060,ESMA,personal_loan,23656,24,544,medium,approved,23656,atm,false,280
app_20250113_00262462,2025-01-13 08:53:09,cust_2540034,PLWA,cash_loan,41824,12,718,low,approved,41824,mobile_app,false,814
app_20250113_00263251,2025-01-13 23:11:16,cust_2026032,AUTR,credit_card,19300,24,753,low,approved,19300,mobile_app,false,90
app_20250113_00264040,2025-01-13 22:04:21,cust_245701,GRRE,refinance,328653,120,660,medium,rejected,0,mobile,true,69
app_20250113_00264829,2025-01-13 13:42:15,cust_5455272,CZPR,education_loan,6972,48,516,medium,approved,6972,online_banking,false,134
app_20250113_00265618,2025-01-13 02:55:50,cust_3482022,DEHE,business_loan,35712,48,781,low,approved,35712,partner,false,509
app_20250113_00266407,2025-01-13 13:42:15,cust_6153248,ATVI,business_loan,18400,24,480,high,rejected,0,mobile,false,25
app_20250113_00267196,2025-01-13 05:05:27,cust_2894549,UKLO,education_loan,24026,48,613,medium,rejected,0,branch,false,150
app_20250113_00267985,2025-01-13 04:13:33,cust_3522210,NLAM,credit_card,16305,30,690,medium,rejected,0,call_center,true,136
app_20250113_00268774,2025-01-13 20:03:29,cust_5586276,NLAM,cash_loan,35508,18,658,medium,approved,35508,branch,true,123
app_20250113_00269563,2025-01-13 17:59:08,cust_8669316,CZPR,personal_loan,36448,12,577,medium,approved,36448,mobile_app,true,225
app_20250113_00270352,2025-01-13 05:58:52,cust_6640037,BENL,cash_loan,21105,12,541,medium,rejected,0,branch,false,127
app_20250113_00271141,2025-01-13 13:05:36,cust_3916475,CZPR,business_loan,19676,12,850,low,approved,19676,mobile,false,498
app_20250113_00271930,2025-01-13 04:49:18,cust_4587635,ATVI,refinance,111263,180,662,medium,rejected,0,partner,false,81
app_20250113_00272719,2025-01-13 19:02:28,cust_3028048,NLAM,personal_loan,8094,48,704,low,approved,8094,web,false,224
app_20250113_00273508,2025-01-13 04:23:58,cust_5686730,GRRE,mortgage,301208,240,635,medium,rejected,0,mobile,false,140
app_20250113_00274297,2025-01-13 18:56:39,cust_5989765,CHBE,education_loan,13003,12,724,low,approved,13003,branch,true,813
app_20250113_00275086,2025-01-13 11:56:32,cust_1991555,CHBE,cash_loan,3142,24,649,medium,approved,3142,partner,false,772
app_20250113_00275875,2025-01-13 01:43:27,cust_2776269,GRRE,credit_card,7014,42,589,medium,approved,7014,mobile_app,false,153
app_20250113_00276664,2025-01-13 21:25:01,cust_8799946,SESV,auto_loan,38895,36,726,low,approved,38895,web,false,780
app_20250113_00277453,2025-01-13 06:52:44,cust_6667011,FRID,personal_loan,25437,12,647,medium,approved,25437,partner,true,819
app_20250113_00278242,2025-01-13 01:38:40,cust_5621385,FRID,personal_loan,6073,30,693,medium,rejected,0,mobile,false,84
app_20250113_00279031,2025-01-13 23:28:36,cust_4108703,ATVI,auto_loan,48217,48,512,medium,approved,48217,partner,false,298
app_20250113_00279820,2025-01-13 12:44:46,cust_7245146,DEHE,credit_card,46057,48,477,high,rejected,0,atm,false,25
app_20250113_00280609,2025-01-13 00:54:47,cust_6951105,CZPR,auto_loan,20769,36,690,medium,rejected,0,mobile,true,158
app_20250113_00281398,2025-01-13 06:39:55,cust_281727,PLWA,mortgage,270157,360,807,low,approved,270157,atm,false,859
app_20250113_00282187,2025-01-13 21:54:37,cust_1423111,NLAM,mortgage,244785,180,434,high,approved,244785,partner,true,153
app_20250113_00282976,2025-01-13 00:21:04,cust_5490468,ITMI,personal_loan,12395,42,598,medium,rejected,0,branch,false,164
app_20250113_00283765,2025-01-13 22:24:35,cust_1597762,ESMA,mortgage,71118,180,816,low,approved,71118,mobile_app,false,816
app_20250113_00284554,2025-01-13 03:28:35,cust_8284885,DEHE,cash_loan,13778,24,649,medium,approved,13778,atm,true,415
app_20250113_00285343,2025-01-13 06:50:18,cust_1361693,FRID,business_loan,27120,48,657,medium,approved,27120,online_banking,false,447
app_20250113_00286132,2025-01-13 07:46:35,cust_1010580,DEHE,education_loan,24651,12,417,high,rejected,0,web,false,15
app_20250113_00286921,2025-01-13 11:01:07,cust_8312934,BENL,credit_card,39911,42,561,medium,rejected,0,partner,true,54
app_20250113_00287710,2025-01-13 09:19:52,cust_7028685,FRID,business_loan,17630,60,584,medium,approved,17630,call_center,false,581
app_20250113_00288499,2025-01-13 07:02:19,cust_6718205,PORP,business_loan,14764,60,590,medium,rejected,0,atm,false,42
app_20250113_00289288,2025-01-13 23:01:02,cust_7962577,GRRE,business_loan,10579,12,525,medium,rejected,0,partner,true,112
app_20250113_00290077,2025-01-13 15:20:09,cust_8606289,CHBE,cash_loan,44584,30,627,medium,approved,44584,atm,false,274
app_20250113_00290866,2025-01-13 12:34:46,cust_8947354,CZPR,refinance,209619,300,580,medium,approved,209619,call_center,true,832
app_20250113_00291655,2025-01-13 06:59:16,cust_5632177,UKLO,business_loan,8412,12,570,medium,approved,8412,partner,true,97
app_20250113_00292444,2025-01-13 15:25:04,cust_9922025,AUTR,auto_loan,58207,60,755,low,approved,58207,call_center,false,815
app_20250113_00293233,2025-01-13 10:37:13,cust_9643726,CHBE,auto_loan,9423,24,491,high,rejected,0,mobile_app,false,98
app_20250113_00294022,2025-01-13 09:27:00,cust_5911393,BENL,personal_loan,36699,12,561,medium,rejected,0,mobile,false,85
app_20250113_00294811,2025-01-13 03:48:56,cust_1983012,ITMI,credit_card,5406,42,655,medium,approved,5406,atm,false,559
app_20250113_00295600,2025-01-13 05:21:04,cust_1559525,UKLO,personal_loan,31268,42,605,medium,approved,31268,call_center,false,790
app_20250113_00296389,2025-01-13 03:09:26,cust_3381075,SESV,mortgage,257450,240,491,high,approved,257450,atm,true,325
app_20250113_00297178,2025-01-13 09:58:00,cust_5614231,ATVI,auto_loan,6522,72,533,medium,rejected,0,online_banking,true,25
app_20250113_00297967,2025-01-13 09:43:05,cust_728174,NLAM,personal_loan,35087,18,619,medium,rejected,0,online_banking,true,109
app_20250113_00298756,2025-01-13 15:08:41,cust_5185401,NLAM,mortgage,270629,360,810,low,approved,270629,web,true,495
app_20250113_00299545,2025-01-13 10:11:59,cust_329974,AUTR,cash_loan,31611,42,674,medium,approved,31611,online_banking,true,470
app_20250113_00300334,2025-01-13 23:22:15,cust_6846534,DEHE,education_loan,34686,12,667,medium,rejected,0,mobile,true,81
app_20250113_00301123,2025-01-13 08:05:24,cust_7353977,ITMI,cash_loan,31663,42,760,low,approved,31663,call_center,true,360
app_20250113_00301912,2025-01-13 20:23:48,cust_9827295,PORP,cash_loan,48773,30,487,high,rejected,0,online_banking,false,55
app_20250113_00302701,2025-01-13 20:20:19,cust_7598127,ESMA,education_loan,8339,36,824,low,approved,8339,branch,false,133
app_20250113_00303490,2025-01-13 03:16:43,cust_9726589,CZPR,refinance,400340,300,538,medium,approved,400340,online_banking,true,836
app_20250113_00304279,2025-01-13 16:31:34,cust_5043402,GRRE,education_loan,22833,24,738,low,approved,22833,partner,true,693
app_20250113_00305068,2025-01-13 06:22:06,cust_2362780,PORP,business_loan,26773,60,564,medium,rejected,0,call_center,true,65
app_20250113_00305857,2025-01-13 09:59:15,cust_5839731,NLAM,mortgage,355267,180,741,low,approved,355267,mobile,true,491
app_20250113_00306646,2025-01-13 20:21:44,cust_1868965,PLWA,business_loan,23155,24,677,medium,approved,23155,partner,true,512
app_20250113_00307435,2025-01-13 01:23:06,cust_4658590,UKLO,refinance,363116,300,648,medium,rejected,0,online_banking,true,28
app_20250113_00308224,2025-01-13 20:31:32,cust_2837543,ESMA,auto_loan,38261,72,639,medium,approved,38261,branch,false,308
app_20250113_00309013,2025-01-13 02:10:08,cust_9948948,PORP,mortgage,287614,180,643,medium,approved,287614,online_banking,true,821
app_20250113_00309802,2025-01-13 16:53:48,cust_2796162,AUTR,cash_loan,13233,42,674,medium,rejected,0,mobile,false,61
app_20250113_00310591,2025-01-13 08:00:51,cust_4328041,ESMA,mortgage,239759,300,643,medium,approved,239759,call_center,false,647
app_20250113_00311380,2025-01-13 03:07:37,cust_7403740,ESMA,refinance,114055,240,615,medium,rejected,0,mobile,false,54
app_20250113_00312169,2025-01-13 20:47:14,cust_2564563,GRRE,business_loan,12018,24,814,low,approved,12018,mobile,false,35
app_20250113_00312958,2025-01-13 14:10:51,cust_3494554,NLAM,cash_loan,39571,36,554,medium,approved,39571,call_center,false,545
app_20250113_00313747,2025-01-13 22:34:03,cust_9590584,SESV,credit_card,14486,18,588,medium,rejected,0,web,true,99
app_20250113_00314536,2025-01-13 23:32:48,cust_1824390,NLAM,business_loan,6294,24,619,medium,approved,6294,online_banking,false,555
app_20250113_00315325,2025-01-13 19:50:08,cust_8203855,DEHE,credit_card,17310,36,747,low,approved,17310,atm,false,674
app_20250113_00316114,2025-01-13 10:27:04,cust_9228101,PORP,mortgage,376889,180,696,medium,approved,376889,mobile,true,617
app_20250113_00316903,2025-01-13 16:29:43,cust_4427446,ITMI,education_loan,14534,60,712,low,approved,14534,partner,true,690
app_20250113_00317692,2025-01-13 07:21:18,cust_8105616,FRID,personal_loan,3055,24,710,low,approved,3055,atm,true,455
app_20250113_00318481,2025-01-13 11:55:00,cust_4326660,SESV,personal_loan,48798,24,499,high,rejected,0,atm,true,49
app_20250113_00319270,2025-01-13 04:38:04,cust_3156777,CHBE,auto_loan,32764,48,660,medium,approved,32764,web,true,211
app_20250113_00320059,2025-01-13 17:39:49,cust_6475143,AUTR,education_loan,18941,48,654,medium,approved,18941,partner,true,881
app_20250113_00320848,2025-01-13 15:43:04,cust_2174106,ESMA,personal_loan,16184,18,583,medium,rejected,0,online_banking,true,62
app_20250113_00321637,2025-01-13 00:49:54,cust_6192646,PORP,personal_loan,11972,36,725,low,approved,11972,mobile,true,244
app_20250113_00322426,2025-01-13 01:19:07,cust_1482231,SESV,mortgage,338640,120,642,medium,approved,338640,branch,false,313
app_20250113_00323215,2025-01-13 17:05:21,cust_3813220,PORP,refinance,290666,360,670,medium,approved,290666,branch,false,114
app_20250113_00324004,2025-01-13 10:59:25,cust_7203175,SESV,mortgage,239911,120,802,low,approved,239911,branch,true,660
app_20250113_00324793,2025-01-13 01:25:30,cust_4875327,ATVI,mortgage,484884,180,750,low,approved,484884,call_center,false,88
app_20250113_00325582,2025-01-13 17:45:54,cust_7276570,DEHE,credit_card,30735,12,536,medium,rejected,0,online_banking,false,139
app_20250113_00326371,2025-01-13 04:15:13,cust_6258410,CHBE,mortgage,377357,360,461,high,rejected,0,partner,true,60
app_20250113_00327160,2025-01-13 11:50:26,cust_2076407,PLWA,credit_card,45006,48,567,medium,rejected,0,mobile,true,47
app_20250113_00327949,2025-01-13 19:32:21,cust_3147714,PLWA,refinance,132502,180,782,low,rejected,0,call_center,false,78
app_20250113_00328738,2025-01-13 08:52:01,cust_4060166,ITMI,mortgage,236810,120,642,medium,approved,236810,online_banking,true,522
app_20250113_00329527,2025-01-13 14:35:03,cust_4988947,CHBE,cash_loan,38402,48,534,medium,approved,38402,mobile,false,174
app_20250113_00330316,2025-01-13 10:40:18,cust_127577,NLAM,education_loan,38594,60,774,low,approved,38594,branch,true,205
app_20250113_00331105,2025-01-13 12:06:06,cust_8729793,PLWA,refinance,157246,180,734,low,approved,157246,branch,false,282
app_20250113_00331894,2025-01-13 13:27:23,cust_4434474,NLAM,personal_loan,27360,36,677,medium,approved,27360,partner,false,206
app_20250113_00332683,2025-01-13 21:03:19,cust_8231543,UKLO,auto_loan,55046,24,655,medium,approved,55046,mobile_app,false,788
app_20250113_00333472,2025-01-13 11:38:24,cust_506699,BENL,mortgage,119573,300,737,low,approved,119573,mobile_app,false,662
app_20250113_00334261,2025-01-13 14:59:32,cust_5169815,CHBE,business_loan,34515,60,643,medium,approved,34515,online_banking,true,649
app_20250113_00335050,2025-01-13 07:36:16,cust_8456049,BENL,mortgage,312924,360,606,medium,approved,312924,mobile_app,false,384
app_20250113_00335839,2025-01-13 06:58:26,cust_5529570,CHBE,refinance,90880,240,658,medium,approved,90880,mobile_app,false,205
app_20250113_00336628,2025-01-13 17:35:39,cust_4327952,PLWA,education_loan,20711,48,505,medium,rejected,0,atm,true,10
app_20250113_00337417,2025-01-13 19:19:51,cust_2809852,BENL,cash_loan,45369,48,706,low,approved,45369,atm,true,873
app_20250113_00338206,2025-01-13 13:59:28,cust_646381,PORP,mortgage,192934,120,659,medium,approved,192934,online_banking,true,403
app_20250113_00338995,2025-01-13 01:53:20,cust_829356,PORP,education_loan,37655,36,694,medium,approved,37655,web,false,462
app_20250113_00339784,2025-01-13 19:26:54,cust_4136413,CZPR,mortgage,382850,300,750,low,approved,382850,atm,true,67
app_20250113_00340573,2025-01-13 02:36:55,cust_9639373,UKLO,auto_loan,5957,72,573,medium,approved,5957,partner,true,134
app_20250113_00341362,2025-01-13 04:11:36,cust_8126834,UKLO,credit_card,20955,30,603,medium,rejected,0,web,true,129
app_20250113_00342151,2025-01-13 18:12:01,cust_4628857,FRID,education_loan,11572,60,438,high,rejected,0,mobile_app,false,133
app_20250113_00342940,2025-01-13 03:58:47,cust_1066856,NLAM,education_loan,26579,60,759,low,approved,26579,online_banking,false,686
app_20250113_00343729,2025-01-13 20:05:29,cust_5298802,DEHE,refinance,183630,120,560,medium,rejected,0,mobile_app,false,68
app_20250113_00344518,2025-01-13 12:07:06,cust_8715721,UKLO,auto_loan,25451,24,506,medium,approved,25451,online_banking,false,771
app_20250113_00345307,2025-01-13 15:38:47,cust_3776480,CZPR,credit_card,17386,36,556,medium,rejected,0,online_banking,false,164
app_20250113_00346096,2025-01-13 20:53:03,cust_7408886,CZPR,personal_loan,48228,18,703,low,rejected,0,web,true,62
app_20250113_00346885,2025-01-13 19:35:20,cust_7217383,UKLO,personal_loan,38882,42,467,high,rejected,0,partner,false,101
app_20250113_00347674,2025-01-13 18:39:34,cust_2910464,AUTR,mortgage,451803,360,567,medium,approved,451803,mobile_app,true,663
app_20250113_00348463,2025-01-13 03:19:13,cust_3645440,PORP,auto_loan,7172,60,592,medium,rejected,0,call_center,false,159
app_20250113_00349252,2025-01-13 23:08:30,cust_8962272,CZPR,personal_loan,14019,18,548,medium,rejected,0,mobile,false,36
app_20250113_00350041,2025-01-13 01:21:25,cust_5953922,UKLO,refinance,286335,180,634,medium,approved,286335,partner,true,681
app_20250113_00350830,2025-01-13 17:13:49,cust_2434623,NLAM,cash_loan,46294,24,639,medium,rejected,0,call_center,false,116
app_20250113_00351619,2025-01-13 15:37:12,cust_7821598,ATVI,cash_loan,39835,12,419,high,approved,39835,mobile_app,true,511
app_20250113_00352408,2025-01-13 16:56:58,cust_716549,UKLO,cash_loan,41145,12,665,medium,approved,41145,mobile,true,115
app_20250113_00353197,2025-01-13 07:31:59,cust_8007003,UKLO,mortgage,310704,240,657,medium,rejected,0,web,false,93
app_20250113_00353986,2025-01-13 11:09:42,cust_6671604,NLAM,auto_loan,45881,60,697,medium,approved,45881,atm,false,508
app_20250113_00354775,2025-01-13 02:05:49,cust_5904394,CHBE,personal_loan,27859,30,614,medium,approved,27859,online_banking,false,303
app_20250113_00355564,2025-01-13 12:00:01,cust_1173552,CHBE,education_loan,25974,24,769,low,rejected,0,atm,false,171
app_20250113_00356353,2025-01-13 02:14:05,cust_2250681,ITMI,credit_card,3666,12,755,low,approved,3666,web,false,292
app_20250113_00357142,2025-01-13 01:21:01,cust_6348407,ATVI,personal_loan,25361,36,707,low,approved,25361,atm,false,701
app_20250113_00357931,2025-01-13 00:20:34,cust_7222443,BENL,cash_loan,24444,30,574,medium,approved,24444,online_banking,true,199
app_20250113_00358720,2025-01-13 00:05:12,cust_6186022,NLAM,mortgage,410252,180,693,medium,approved,410252,online_banking,false,34
app_20250113_00359509,2025-01-13 08:53:55,cust_1641451,CHBE,auto_loan,32726,60,816,low,approved,32726,mobile_app,false,885
app_20250113_00360298,2025-01-13 01:49:24,cust_6712509,CHBE,education_loan,32455,12,665,medium,approved,32455,mobile,true,344
app_20250113_00361087,2025-01-13 06:44:41,cust_2778104,BENL,refinance,80997,120,641,medium,approved,80997,branch,true,755
app_20250113_00361876,2025-01-13 14:16:31,cust_6155756,ITMI,credit_card,17990,18,727,low,approved,17990,mobile_app,false,72
app_20250113_00362665,2025-01-13 00:36:04,cust_2282257,GRRE,personal_loan,17041,24,820,low,approved,17041,call_center,false,78
app_20250113_00363454,2025-01-13 20:21:22,cust_7982513,ITMI,mortgage,156794,120,689,medium,approved,156794,atm,false,628
app_20250113_00364243,2025-01-13 21:07:55,cust_2300039,AUTR,auto_loan,18562,60,748,low,approved,18562,branch,false,161
app_20250113_00365032,2025-01-13 05:13:10,cust_7421226,ESMA,personal_loan,42648,30,740,low,approved,42648,atm,false,501
app_20250113_00365821,2025-01-13 21:34:21,cust_1129821,FRID,cash_loan,11030,12,721,low,approved,11030,partner,true,119
app_20250113_00366610,2025-01-13 14:00:47,cust_464452,FRID,refinance,353301,180,672,medium,rejected,0,branch,true,83
app_20250113_00367399,2025-01-13 10:30:04,cust_692415,ITMI,personal_loan,6937,12,540,medium,approved,6937,partner,false,440
app_20250113_00368188,2025-01-13 03:49:07,cust_9290487,PLWA,auto_loan,35707,72,595,medium,approved,35707,partner,false,871
app_20250113_00368977,2025-01-13 14:55:07,cust_2247902,FRID,auto_loan,30401,60,613,medium,approved,30401,branch,false,41
app_20250113_00369766,2025-01-13 23:48:59,cust_6553418,ATVI,refinance,84779,300,648,medium,approved,84779,online_banking,false,854
app_20250113_00370555,2025-01-13 02:41:16,cust_8148278,BENL,auto_loan,37881,72,777,low,approved,37881,web,false,817
app_20250113_00371344,2025-01-13 17:27:54,cust_6290819,SESV,auto_loan,54239,36,559,medium,approved,54239,partner,false,315
app_20250113_00372133,2025-01-13 10:15:25,cust_7626621,UKLO,auto_loan,5847,48,509,medium,rejected,0,partner,false,13
app_20250113_00372922,2025-01-13 01:30:51,cust_9737619,CHBE,personal_loan,38357,24,815,low,approved,38357,online_banking,true,80
app_20250113_00373711,2025-01-13 02:27:22,cust_1506575,ESMA,business_loan,15373,36,730,low,approved,15373,call_center,false,208
app_20250113_00374500,2025-01-13 11:19:54,cust_7257641,DEHE,personal_loan,6316,12,766,low,rejected,0,partner,true,126
app_20250113_00375289,2025-01-13 09:08:10,cust_2994828,UKLO,personal_loan,36713,18,760,low,approved,36713,mobile,true,390
app_20250113_00376078,2025-01-13 05:08:55,cust_6049881,NLAM,auto_loan,34750,48,703,low,approved,34750,web,true,658
app_20250113_00376867,2025-01-13 03:51:32,cust_8964820,DEHE,mortgage,305598,120,666,medium,approved,305598,mobile,false,499
app_20250113_00377656,2025-01-13 23:07:30,cust_9840242,UKLO,auto_loan,46743,36,470,high,rejected,0,online_banking,false,18
app_20250113_00378445,2025-01-13 14:08:01,cust_9583346,FRID,education_loan,7718,24,665,medium,rejected,0,mobile_app,true,5
app_20250113_00379234,2025-01-13 00:25:54,cust_3191160,ESMA,business_loan,17911,48,687,medium,approved,17911,mobile_app,false,143
app_20250113_00380023,2025-01-13 04:18:48,cust_8989967,NLAM,refinance,270075,180,761,low,approved,270075,atm,true,799
app_20250113_00380812,2025-01-13 15:54:28,cust_970594,DEHE,personal_loan,3657,24,656,medium,approved,3657,web,false,889
app_20250113_00381601,2025-01-13 22:53:50,cust_9417216,BENL,refinance,79509,300,745,low,approved,79509,call_center,false,798
app_20250113_00382390,2025-01-13 05:08:36,cust_5889543,SESV,business_loan,32752,24,711,low,approved,32752,web,true,567
app_20250113_00383179,2025-01-13 01:32:36,cust_9776293,CZPR,mortgage,422406,180,644,medium,approved,422406,mobile,false,432
app_20250113_00383968,2025-01-13 15:02:23,cust_4248576,DEHE,auto_loan,22693,36,480,high,rejected,0,partner,true,38
app_20250113_00384757,2025-01-13 05:55:48,cust_6673870,CHBE,cash_loan,21662,48,664,medium,approved,21662,call_center,true,197
app_20250113_00385546,2025-01-13 05:16:18,cust_5890676,AUTR,cash_loan,11849,48,707,low,approved,11849,call_center,true,636
app_20250113_00386335,2025-01-13 23:35:08,cust_6628150,ESMA,education_loan,12277,48,638,medium,approved,12277,branch,true,343
app_20250113_00387124,2025-01-13 23:52:34,cust_6697893,PLWA,auto_loan,8422,24,576,medium,approved,8422,mobile_app,true,217
app_20250113_00387913,2025-01-13 05:14:36,cust_4578611,GRRE,auto_loan,9907,36,762,low,approved,9907,call_center,true,771
app_20250113_00388702,2025-01-13 17:16:03,cust_996034,ESMA,cash_loan,41728,24,521,medium,approved,41728,branch,false,377
app_20250113_00389491,2025-01-13 17:54:04,cust_4479286,PORP,auto_loan,53188,48,538,medium,approved,53188,web,false,854
app_20250113_00390280,2025-01-13 09:52:21,cust_391650,FRID,education_loan,23031,60,809,low,approved,23031,partner,false,589
app_20250113_00391069,2025-01-13 00:16:45,cust_8990749,PORP,business_loan,36283,36,567,medium,rejected,0,branch,true,26
app_20250113_00391858,2025-01-13 20:41:05,cust_4645120,CHBE,personal_loan,28630,12,656,medium,rejected,0,call_center,false,133
app_20250113_00392647,2025-01-13 06:18:29,cust_7329451,ESMA,personal_loan,46449,24,692,medium,approved,46449,online_banking,true,605
app_20250113_00393436,2025-01-13 09:20:26,cust_4061754,UKLO,cash_loan,8225,30,509,medium,rejected,0,call_center,true,140
app_20250113_00394225,2025-01-13 16:57:00,cust_6321992,DEHE,cash_loan,36840,42,711,low,approved,36840,partner,true,570
app_20250113_00395014,2025-01-13 18:30:39,cust_1430344,CZPR,business_loan,9284,12,627,medium,approved,9284,call_center,true,189
app_20250113_00395803,2025-01-13 06:34:13,cust_3939633,ITMI,mortgage,294494,120,536,medium,approved,294494,call_center,false,304
app_20250113_00396592,2025-01-13 10:49:17,cust_5667425,ESMA,refinance,88823,180,783,low,approved,88823,branch,false,257
app_20250113_00397381,2025-01-13 15:46:25,cust_5587542,ESMA,cash_loan,36591,36,677,medium,rejected,0,branch,false,115
app_20250113_00398170,2025-01-13 08:37:22,cust_3731386,CZPR,auto_loan,34021,36,726,low,approved,34021,mobile_app,false,692
app_20250113_00398959,2025-01-13 04:01:15,cust_313847,SESV,personal_loan,9269,30,644,medium,approved,9269,mobile,true,375
app_20250113_00399748,2025-01-13 16:55:07,cust_4739296,ITMI,refinance,330742,360,577,medium,rejected,0,atm,false,25
app_20250113_00400537,2025-01-13 21:45:23,cust_6735479,SESV,personal_loan,29809,36,503,medium,rejected,0,online_banking,true,127
app_20250113_00401326,2025-01-13 04:20:26,cust_9826056,AUTR,refinance,256342,240,594,medium,rejected,0,mobile_app,true,156
app_20250113_00402115,2025-01-13 12:08:00,cust_1194327,BENL,auto_loan,42816,60,548,medium,approved,42816,online_banking,true,297
app_20250113_00402904,2025-01-13 12:16:53,cust_7540799,ATVI,personal_loan,6587,48,620,medium,rejected,0,mobile,true,178
app_20250113_00403693,2025-01-13 02:25:49,cust_5192514,NLAM,education_loan,18249,60,589,medium,rejected,0,web,true,19
app_20250113_00404482,2025-01-13 13:14:03,cust_4161779,DEHE,credit_card,25815,42,617,medium,approved,25815,branch,false,205
app_20250113_00405271,2025-01-13 11:18:15,cust_4152458,DEHE,credit_card,24189,36,607,medium,approved,24189,mobile_app,false,520
app_20250113_00406060,2025-01-13 00:46:21,cust_6695706,SESV,personal_loan,31120,42,695,medium,rejected,0,web,true,51
app_20250113_00406849,2025-01-13 08:53:26,cust_6796765,AUTR,personal_loan,23830,18,766,low,approved,23830,web,true,798
app_20250113_00407638,2025-01-13 15:53:46,cust_2017266,AUTR,credit_card,29831,18,713,low,approved,29831,branch,true,367
app_20250113_00408427,2025-01-13 01:53:10,cust_635311,PORP,cash_loan,6078,42,672,medium,approved,6078,branch,false,45
app_20250113_00409216,2025-01-13 00:24:55,cust_9013981,ATVI,auto_loan,6421,24,538,medium,approved,6421,branch,true,302
app_20250113_00410005,2025-01-13 17:06:43,cust_1134021,PLWA,mortgage,99002,300,610,medium,approved,99002,mobile,false,222
app_20250113_00410794,2025-01-13 01:36:01,cust_7049234,ITMI,credit_card,21809,24,646,medium,rejected,0,atm,true,111
app_20250113_00411583,2025-01-13 22:29:56,cust_2079078,PORP,auto_loan,53739,72,645,medium,rejected,0,atm,false,112
app_20250113_00412372,2025-01-13 07:52:52,cust_2453183,DEHE,business_loan,16093,60,597,medium,approved,16093,mobile_app,false,576
app_20250113_00413161,2025-01-13 18:12:32,cust_2904598,GRRE,personal_loan,8967,36,679,medium,approved,8967,branch,true,556
app_20250113_00413950,2025-01-13 13:32:56,cust_3427926,BENL,education_loan,24406,36,546,medium,rejected,0,mobile,true,56
app_20250113_00414739,2025-01-13 15:01:36,cust_1094488,PLWA,refinance,322640,240,609,medium,approved,322640,branch,false,547
app_20250113_00415528,2025-01-13 19:40:40,cust_8639213,AUTR,business_loan,11244,24,780,low,approved,11244,mobile,false,693
app_20250113_00416317,2025-01-13 08:30:48,cust_6966317,CHBE,credit_card,39646,30,509,medium,rejected,0,mobile,false,39
app_20250113_00417106,2025-01-13 14:07:09,cust_8422090,NLAM,credit_card,18188,30,554,medium,approved,18188,partner,true,100
app_20250113_00417895,2025-01-13 18:19:34,cust_617284,FRID,education_loan,15045,60,468,high,rejected,0,branch,false,177
app_20250113_00418684,2025-01-13 11:41:15,cust_3715562,FRID,education_loan,25384,48,665,medium,approved,25384,mobile,false,395
app_20250113_00419473,2025-01-13 18:06:05,cust_6407805,DEHE,business_loan,3176,24,644,medium,approved,3176,mobile,true,388
app_20250113_00420262,2025-01-13 23:37:01,cust_8330612,BENL,mortgage,186022,180,722,low,approved,186022,online_banking,true,861
app_20250113_00421051,2025-01-13 11:52:56,cust_8485278,PLWA,personal_loan,6205,30,633,medium,approved,6205,call_center,true,378
app_20250113_00421840,2025-01-13 02:56:56,cust_8197298,CHBE,education_loan,36985,48,739,low,rejected,0,mobile_app,true,8
app_20250113_00422629,2025-01-13 02:27:36,cust_5633005,NLAM,auto_loan,21172,48,491,high,approved,21172,mobile,true,584
app_20250113_00423418,2025-01-13 01:54:56,cust_8388407,NLAM,personal_loan,21939,36,545,medium,rejected,0,online_banking,false,36
app_20250113_00424207,2025-01-13 10:53:53,cust_1572849,CHBE,business_loan,8099,48,718,low,approved,8099,mobile,false,381
app_20250113_00424996,2025-01-13 02:15:31,cust_2224090,AUTR,business_loan,12549,60,674,medium,rejected,0,mobile_app,true,129
app_20250113_00425785,2025-01-13 01:20:53,cust_6815811,ESMA,business_loan,32315,36,617,medium,approved,32315,partner,true,432
app_20250113_00426574,2025-01-13 05:48:26,cust_330776,DEHE,cash_loan,2757,18,581,medium,approved,2757,branch,true,464
app_20250113_00427363,2025-01-13 14:17:16,cust_8953798,BENL,personal_loan,13235,48,444,high,rejected,0,mobile_app,true,78
app_20250113_00428152,2025-01-13 20:18:23,cust_9040330,PLWA,cash_loan,2402,12,561,medium,approved,2402,mobile_app,true,183
app_20250113_00428941,2025-01-13 02:24:27,cust_3863720,GRRE,auto_loan,21678,72,762,low,approved,21678,online_banking,true,309
app_20250113_00429730,2025-01-13 12:54:16,cust_4241524,CZPR,business_loan,23235,24,689,medium,approved,23235,mobile_app,true,209
app_20250113_00430519,2025-01-13 22:28:04,cust_8046534,CHBE,cash_loan,35926,24,720,low,approved,35926,mobile,false,673
app_20250113_00431308,2025-01-13 04:10:50,cust_3540195,ITMI,personal_loan,6186,12,545,medium,rejected,0,web,false,100
app_20250113_00432097,2025-01-13 23:15:00,cust_634178,PORP,mortgage,303732,180,732,low,approved,303732,mobile,true,317
app_20250113_00432886,2025-01-13 18:54:16,cust_7160561,CHBE,business_loan,19392,24,660,medium,rejected,0,call_center,true,23
app_20250113_00433675,2025-01-13 23:17:37,cust_3700362,PLWA,auto_loan,35514,24,647,medium,approved,35514,call_center,false,822
app_20250113_00434464,2025-01-13 15:25:43,cust_9254833,CZPR,education_loan,9732,36,507,medium,approved,9732,online_banking,false,558
app_20250113_00435253,2025-01-13 10:29:18,cust_3041919,CZPR,refinance,224343,300,582,medium,approved,224343,branch,true,803
app_20250113_00436042,2025-01-13 12:43:12,cust_5645830,ITMI,business_loan,16845,60,586,medium,approved,16845,web,true,243
app_20250113_00436831,2025-01-13 04:19:00,cust_8637985,SESV,personal_loan,9380,48,708,low,approved,9380,branch,false,760
app_20250113_00437620,2025-01-13 14:59:59,cust_369371,CZPR,personal_loan,33177,30,796,low,approved,33177,atm,false,778
app_20250113_00438409,2025-01-13 12:55:50,cust_5862480,GRRE,mortgage,475093,120,641,medium,approved,475093,mobile,false,766
app_20250113_00439198,2025-01-13 06:08:08,cust_8641522,SESV,cash_loan,31265,42,691,medium,approved,31265,branch,false,251
app_20250113_00439987,2025-01-13 05:55:59,cust_4921218,PLWA,auto_loan,42154,72,665,medium,rejected,0,partner,false,139
app_20250113_00440776,2025-01-13 02:37:34,cust_5176724,NLAM,credit_card,17079,18,823,low,rejected,0,partner,true,146
app_20250113_00441565,2025-01-13 17:57:43,cust_706618,SESV,cash_loan,49914,42,643,medium,rejected,0,web,false,109
app_20250113_00442354,2025-01-13 05:57:50,cust_2498696,GRRE,refinance,224989,240,613,medium,approved,224989,call_center,true,830
app_20250113_00443143,2025-01-13 22:35:24,cust_1622285,SESV,credit_card,1605,30,807,low,approved,1605,branch,false,688
app_20250113_00443932,2025-01-13 01:09:40,cust_9908273,ATVI,mortgage,51202,180,639,medium,rejected,0,call_center,false,86
app_20250113_00444721,2025-01-13 09:16:30,cust_5074698,NLAM,business_loan,35761,48,636,medium,rejected,0,partner,true,126
app_20250113_00445510,2025-01-13 19:53:28,cust_9829599,AUTR,refinance,324102,180,614,medium,approved,324102,call_center,true,651
app_20250113_00446299,2025-01-13 13:33:58,cust_8663001,CZPR,credit_card,16640,42,648,medium,approved,16640,branch,true,270
app_20250113_00447088,2025-01-13 20:26:47,cust_6000809,UKLO,education_loan,38671,36,520,medium,approved,38671,branch,false,48
app_20250113_00447877,2025-01-13 13:19:33,cust_1616115,CHBE,mortgage,362891,240,650,medium,approved,362891,branch,true,775
app_20250113_00448666,2025-01-13 14:38:40,cust_7591815,FRID,cash_loan,38147,48,535,medium,rejected,0,branch,true,123
app_20250113_00449455,2025-01-13 01:36:01,cust_8823781,ATVI,auto_loan,37361,48,592,medium,approved,37361,web,false,670
app_20250113_00450244,2025-01-13 12:08:32,cust_7089491,DEHE,refinance,390460,240,639,medium,approved,390460,mobile_app,true,280
app_20250113_00451033,2025-01-13 23:53:15,cust_4445918,NLAM,auto_loan,58253,72,728,low,approved,58253,call_center,true,900
app_20250113_00451822,2025-01-13 00:40:37,cust_9148526,PORP,cash_loan,37747,48,769,low,approved,37747,web,true,329
app_20250113_00452611,2025-01-13 11:58:33,cust_2660869,BENL,mortgage,160696,240,517,medium,rejected,0,atm,true,160
app_20250113_00453400,2025-01-13 20:00:28,cust_9185977,PORP,auto_loan,52566,36,631,medium,approved,52566,call_center,false,627
app_20250113_00454189,2025-01-13 01:19:28,cust_270249,ESMA,cash_loan,29511,24,669,medium,rejected,0,branch,false,82
app_20250113_00454978,2025-01-13 16:30:41,cust_9205119,GRRE,personal_loan,11495,18,573,medium,rejected,0,mobile_app,true,130
app_20250113_00455767,2025-01-13 17:17:38,cust_6520096,DEHE,business_loan,37081,36,599,medium,rejected,0,web,true,115
app_20250113_00456556,2025-01-13 18:04:59,cust_9477599,CZPR,cash_loan,22406,48,568,medium,approved,22406,call_center,false,474
app_20250113_00457345,2025-01-13 08:20:22,cust_5675526,AUTR,mortgage,295752,240,568,medium,approved,295752,call_center,true,598
app_20250113_00458134,2025-01-13 05:20:55,cust_8829318,NLAM,personal_loan,8557,24,646,medium,approved,8557,mobile_app,true,604
app_20250113_00458923,2025-01-13 04:33:28,cust_8100232,DEHE,personal_loan,27146,24,627,medium,approved,27146,branch,true,862
app_20250113_00459712,2025-01-13 18:04:56,cust_4349478,AUTR,auto_loan,16176,72,722,low,approved,16176,atm,true,215
app_20250113_00460501,2025-01-13 10:42:10,cust_9023645,BENL,personal_loan,22913,18,663,medium,approved,22913,atm,true,521
app_20250113_00461290,2025-01-13 01:02:09,cust_5850677,PORP,refinance,113348,360,551,medium,rejected,0,mobile_app,false,124
app_20250113_00462079,2025-01-13 03:21:49,cust_7362342,CZPR,business_loan,9259,48,599,medium,approved,9259,branch,true,184
app_20250113_00462868,2025-01-13 23:30:23,cust_7956012,ATVI,personal_loan,32351,36,504,medium,rejected,0,atm,false,61
app_20250113_00463657,2025-01-13 21:14:01,cust_8280882,GRRE,auto_loan,49175,48,712,low,approved,49175,online_banking,true,684
app_20250113_00464446,2025-01-13 21:51:36,cust_4637704,FRID,cash_loan,43902,24,632,medium,approved,43902,online_banking,true,90
app_20250113_00465235,2025-01-13 05:58:54,cust_3892903,SESV,personal_loan,12054,18,729,low,approved,12054,mobile,true,664
app_20250113_00466024,2025-01-13 20:28:38,cust_6723553,FRID,cash_loan,37228,24,657,medium,rejected,0,mobile,false,149
app_20250113_00466813,2025-01-13 23:10:06,cust_5017000,PORP,cash_loan,44075,48,624,medium,approved,44075,partner,true,498
app_20250113_00467602,2025-01-13 03:33:16,cust_8361872,FRID,business_loan,6806,36,712,low,approved,6806,atm,true,469
app_20250113_00468391,2025-01-13 01:06:23,cust_6344943,ATVI,cash_loan,12391,24,680,medium,approved,12391,call_center,true,217
app_20250113_00469180,2025-01-13 02:06:12,cust_4671501,SESV,mortgage,438223,240,589,medium,approved,438223,partner,false,539
app_20250113_00469969,2025-01-13 01:01:12,cust_2636160,AUTR,cash_loan,29565,48,700,low,approved,29565,partner,false,167
app_20250113_00470758,2025-01-13 00:24:21,cust_1809841,BENL,business_loan,8018,12,732,low,approved,8018,mobile,true,599
app_20250113_00471547,2025-01-13 23:38:49,cust_3179214,ESMA,business_loan,13321,24,661,medium,approved,13321,partner,true,528
app_20250113_00472336,2025-01-13 08:13:42,cust_944191,CHBE,personal_loan,8837,42,548,medium,rejected,0,call_center,true,36
app_20250113_00473125,2025-01-13 13:57:18,cust_9196902,GRRE,business_loan,39324,24,750,low,approved,39324,web,false,230
app_20250113_00473914,2025-01-13 07:42:58,cust_860726,DEHE,personal_loan,38261,42,555,medium,approved,38261,call_center,true,795
app_20250113_00474703,2025-01-13 22:59:13,cust_9569717,SESV,education_loan,13860,12,719,low,approved,13860,atm,false,426
app_20250113_00475492,2025-01-13 19:10:19,cust_3632152,SESV,personal_loan,23487,48,522,medium,approved,23487,online_banking,false,249
app_20250113_00476281,2025-01-13 20:23:54,cust_3121085,ESMA,personal_loan,49266,12,649,medium,approved,49266,web,true,41
app_20250113_00477070,2025-01-13 12:43:50,cust_6066595,PLWA,personal_loan,19745,42,559,medium,rejected,0,partner,true,164
app_20250113_00477859,2025-01-13 17:42:53,cust_5816954,BENL,mortgage,414740,120,821,low,approved,414740,partner,false,774
app_20250113_00478648,2025-01-13 23:32:11,cust_5912799,ATVI,refinance,154450,360,666,medium,approved,154450,partner,true,41
app_20250113_00479437,2025-01-13 12:17:25,cust_1455547,ESMA,cash_loan,20247,42,715,low,approved,20247,web,false,119
app_20250113_00480226,2025-01-13 03:43:33,cust_6816750,PLWA,business_loan,9822,48,534,medium,approved,9822,atm,false,382
app_20250113_00481015,2025-01-13 18:50:54,cust_8098153,ITMI,refinance,289636,300,636,medium,approved,289636,web,true,778
app_20250113_00481804,2025-01-13 22:08:21,cust_5997072,BENL,education_loan,12223,60,618,medium,approved,12223,mobile_app,false,624
app_20250113_00482593,2025-01-13 19:42:54,cust_9722997,BENL,business_loan,13062,12,745,low,approved,13062,call_center,true,590
app_20250113_00483382,2025-01-13 19:03:19,cust_8879647,SESV,business_loan,16722,24,817,low,approved,16722,atm,false,170
app_20250113_00484171,2025-01-13 23:45:34,cust_9079902,DEHE,refinance,235019,360,512,medium,approved,235019,partner,false,680
app_20250113_00484960,2025-01-13 07:14:10,cust_8791678,AUTR,mortgage,428587,360,850,low,approved,428587,partner,false,616
app_20250113_00485749,2025-01-13 15:38:24,cust_2265966,ATVI,auto_loan,50627,48,604,medium,rejected,0,mobile_app,true,63
app_20250113_00486538,2025-01-13 17:30:29,cust_2952614,AUTR,personal_loan,15833,48,459,high,rejected,0,online_banking,true,96
app_20250113_00487327,2025-01-13 20:58:03,cust_7198038,DEHE,refinance,307614,120,588,medium,rejected,0,online_banking,true,47
app_20250113_00488116,2025-01-13 14:14:04,cust_8645351,CZPR,credit_card,48420,12,694,medium,rejected,0,atm,true,138
app_20250113_00488905,2025-01-13 12:53:30,cust_2465328,GRRE,mortgage,442811,300,619,medium,rejected,0,partner,false,76
app_20250113_00489694,2025-01-13 02:56:26,cust_5475796,ATVI,business_loan,27143,60,742,low,approved,27143,partner,true,435
app_20250113_00490483,2025-01-13 12:57:59,cust_9794310,CZPR,personal_loan,33095,12,648,medium,rejected,0,online_banking,true,178
app_20250113_00491272,2025-01-13 00:21:27,cust_6027819,CZPR,education_loan,39690,24,490,high,rejected,0,mobile_app,true,67
app_20250113_00492061,2025-01-13 23:26:34,cust_669323,DEHE,mortgage,99849,360,447,high,rejected,0,branch,true,86
app_20250113_00492850,2025-01-13 09:58:10,cust_1168080,SESV,mortgage,489964,120,578,medium,rejected,0,mobile_app,true,124
app_20250113_00493639,2025-01-13 02:02:40,cust_4342957,PORP,education_loan,28697,60,633,medium,approved,28697,mobile_app,true,427
app_20250113_00494428,2025-01-13 21:37:15,cust_6687081,NLAM,personal_loan,48768,36,556,medium,rejected,0,call_center,true,52
app_20250113_00495217,2025-01-13 20:47:21,cust_9738995,ATVI,credit_card,11685,12,573,medium,rejected,0,mobile,false,50
app_20250113_00496006,2025-01-13 02:35:37,cust_8741260,DEHE,credit_card,48087,30,707,low,approved,48087,call_center,false,688
app_20250113_00496795,2025-01-13 18:08:55,cust_8454442,PLWA,auto_loan,40999,72,523,medium,approved,40999,call_center,true,877
app_20250113_00497584,2025-01-13 19:29:08,cust_3665040,BENL,education_loan,29695,24,747,low,approved,29695,web,false,785
app_20250113_00498373,2025-01-13 04:55:18,cust_6422131,CZPR,education_loan,3879,12,850,low,approved,3879,call_center,true,460
app_20250113_00499162,2025-01-13 15:59:05,cust_3311423,GRRE,credit_card,8989,30,786,low,approved,8989,mobile_app,true,819
app_20250113_00499951,2025-01-13 01:26:04,cust_5926451,ITMI,credit_card,23567,42,611,medium,approved,23567,mobile,true,138
app_20250113_00500740,2025-01-13 17:20:09,cust_4405354,PLWA,mortgage,347318,240,576,medium,approved,347318,online_banking,true,319
app_20250113_00501529,2025-01-13 01:21:39,cust_8947963,GRRE,refinance,495340,180,620,medium,approved,495340,mobile_app,true,611
app_20250113_00502318,2025-01-13 05:43:06,cust_4620982,PLWA,refinance,405046,180,553,medium,rejected,0,mobile,true,177
app_20250113_00503107,2025-01-13 19:19:00,cust_3828737,UKLO,personal_loan,15799,36,662,medium,approved,15799,mobile,true,367
app_20250113_00503896,2025-01-13 07:04:43,cust_9638322,ESMA,business_loan,10889,36,659,medium,approved,10889,web,true,744
app_20250113_00504685,2025-01-13 21:39:28,cust_2658645,BENL,education_loan,5413,60,704,low,approved,5413,mobile,false,674
app_20250113_00505474,2025-01-13 04:08:00,cust_5213132,ITMI,auto_loan,11955,60,711,low,approved,11955,web,false,81
app_20250113_00506263,2025-01-13 15:51:07,cust_228882,CHBE,auto_loan,27515,36,653,medium,approved,27515,mobile_app,true,500
app_20250113_00507052,2025-01-13 13:21:54,cust_9006950,UKLO,mortgage,391454,240,554,medium,rejected,0,partner,false,42
app_20250113_00507841,2025-01-13 19:52:10,cust_5532417,CHBE,mortgage,161973,180,529,medium,rejected,0,mobile,false,70
app_20250113_00508630,2025-01-13 07:08:02,cust_6608187,PLWA,personal_loan,3605,12,537,medium,rejected,0,partner,false,176
app_20250113_00509419,2025-01-13 18:10:23,cust_2061213,ESMA,cash_loan,45832,36,848,low,approved,45832,mobile,true,232
app_20250113_00510208,2025-01-13 03:46:11,cust_3953607,UKLO,cash_loan,11677,12,675,medium,approved,11677,call_center,true,126
app_20250113_00510997,2025-01-13 09:40:16,cust_6741147,DEHE,refinance,468079,180,450,high,rejected,0,mobile_app,true,114
app_20250113_00511786,2025-01-13 18:52:56,cust_7132734,BENL,cash_loan,34478,24,452,high,rejected,0,atm,true,69
app_20250113_00512575,2025-01-13 05:46:21,cust_166637,PORP,credit_card,37086,30,568,medium,rejected,0,mobile,true,169
app_20250113_00513364,2025-01-13 15:52:31,cust_3717461,DEHE,business_loan,32522,24,691,medium,approved,32522,mobile_app,false,385
app_20250113_00514153,2025-01-13 10:59:48,cust_5107200,GRRE,personal_loan,13849,42,642,medium,approved,13849,mobile_app,false,684
app_20250113_00514942,2025-01-13 12:39:07,cust_1342159,ITMI,education_loan,28691,60,596,medium,rejected,0,mobile_app,true,169
app_20250113_00515731,2025-01-13 03:33:14,cust_5865599,NLAM,business_loan,8809,36,750,low,approved,8809,online_banking,false,604
app_20250113_00516520,2025-01-13 12:56:09,cust_8983697,NLAM,cash_loan,19832,18,699,medium,approved,19832,mobile,true,517
app_20250113_00517309,2025-01-13 08:16:42,cust_9876340,PLWA,business_loan,24461,60,506,medium,rejected,0,mobile,false,47
app_20250113_00518098,2025-01-13 11:58:48,cust_8825937,CHBE,auto_loan,7636,24,790,low,approved,7636,call_center,true,334
app_20250113_00518887,2025-01-13 17:39:13,cust_7597401,CHBE,business_loan,9081,24,615,medium,approved,9081,online_banking,false,94
app_20250113_00519676,2025-01-13 07:40:01,cust_7338019,CHBE,mortgage,431490,180,726,low,approved,431490,call_center,false,304
app_20250113_00520465,2025-01-13 18:42:34,cust_8591255,AUTR,cash_loan,45367,12,478,high,rejected,0,web,false,177
app_20250113_00521254,2025-01-13 14:24:28,cust_7365128,BENL,business_loan,6946,12,708,low,approved,6946,web,true,675
app_20250113_00522043,2025-01-13 03:32:50,cust_7649957,UKLO,personal_loan,48932,42,691,medium,rejected,0,partner,false,61
app_20250113_00522832,2025-01-13 17:42:10,cust_3754067,GRRE,cash_loan,30853,42,495,high,rejected,0,web,false,143
app_20250113_00523621,2025-01-13 21:45:28,cust_8806516,AUTR,business_loan,17655,12,790,low,approved,17655,branch,false,777
app_20250113_00524410,2025-01-13 03:04:24,cust_3329458,DEHE,business_loan,12143,12,684,medium,approved,12143,partner,false,381
app_20250113_00525199,2025-01-13 06:48:41,cust_8948652,PLWA,refinance,308986,180,516,medium,approved,308986,atm,true,340
app_20250113_00525988,2025-01-13 12:47:41,cust_1073668,FRID,auto_loan,47315,24,548,medium,rejected,0,call_center,false,167
app_20250113_00526777,2025-01-13 14:56:17,cust_2142315,DEHE,personal_loan,39323,18,576,medium,approved,39323,mobile_app,true,675
app_20250113_00527566,2025-01-13 12:35:06,cust_9979829,PLWA,refinance,437035,240,766,low,approved,437035,mobile,false,396
app_20250113_00528355,2025-01-13 20:21:33,cust_4856517,PLWA,auto_loan,22987,60,680,medium,approved,22987,web,true,450
app_20250113_00529144,2025-01-13 12:32:15,cust_296673,NLAM,personal_loan,23282,24,711,low,approved,23282,atm,true,50
app_20250113_00529933,2025-01-13 05:24:26,cust_735687,PLWA,cash_loan,12699,18,576,medium,approved,12699,online_banking,false,152
app_20250113_00530722,2025-01-13 11:31:51,cust_1874248,ATVI,cash_loan,35427,48,715,low,approved,35427,partner,false,205
app_20250113_00531511,2025-01-13 10:01:52,cust_5812352,DEHE,personal_loan,23644,48,681,medium,rejected,0,mobile_app,true,113
app_20250113_00532300,2025-01-13 01:02:41,cust_6610479,CHBE,credit_card,4875,36,537,medium,rejected,0,mobile,true,19
app_20250113_00533089,2025-01-13 20:09:23,cust_8674137,ESMA,business_loan,17672,24,661,medium,approved,17672,partner,false,783
app_20250113_00533878,2025-01-13 16:06:37,cust_1544605,PLWA,credit_card,36978,24,569,medium,rejected,0,web,true,64
app_20250113_00534667,2025-01-13 23:55:41,cust_3215521,NLAM,business_loan,32883,36,619,medium,approved,32883,mobile,true,182
app_20250113_00535456,2025-01-13 12:40:43,cust_8048314,AUTR,cash_loan,33762,18,772,low,approved,33762,mobile,false,446
app_20250113_00536245,2025-01-13 16:02:19,cust_5299556,DEHE,refinance,375397,300,699,medium,rejected,0,call_center,true,115
app_20250113_00537034,2025-01-13 11:09:58,cust_4319283,UKLO,auto_loan,51888,60,632,medium,approved,51888,partner,true,421
app_20250113_00537823,2025-01-13 11:04:15,cust_4116768,SESV,mortgage,164703,120,565,medium,rejected,0,call_center,true,138
app_20250113_00538612,2025-01-13 20:48:28,cust_4207852,ESMA,refinance,482473,360,850,low,approved,482473,web,false,525
app_20250113_00539401,2025-01-13 03:10:36,cust_6838913,UKLO,auto_loan,27408,72,691,medium,approved,27408,online_banking,true,59
app_20250113_00540190,2025-01-13 07:25:22,cust_3010996,ITMI,credit_card,12273,48,806,low,approved,12273,atm,true,637
app_20250113_00540979,2025-01-13 14:05:09,cust_2369757,UKLO,auto_loan,44932,24,833,low,approved,44932,call_center,false,592
app_20250113_00541768,2025-01-13 20:35:27,cust_6227021,BENL,auto_loan,31507,36,702,low,approved,31507,atm,false,416
app_20250113_00542557,2025-01-13 01:38:29,cust_3364073,PLWA,auto_loan,58901,60,647,medium,approved,58901,partner,false,287
app_20250113_00543346,2025-01-13 06:17:08,cust_4728473,GRRE,cash_loan,31356,30,586,medium,rejected,0,mobile,true,180
app_20250113_00544135,2025-01-13 10:34:05,cust_7231617,ATVI,auto_loan,48886,60,575,medium,approved,48886,web,false,855
app_20250113_00544924,2025-01-13 12:26:59,cust_600920,GRRE,personal_loan,45836,24,599,medium,approved,45836,web,true,663
app_20250113_00545713,2025-01-13 07:58:48,cust_3081132,CHBE,education_loan,23083,24,763,low,approved,23083,web,false,269
app_20250113_00546502,2025-01-13 11:40:12,cust_8930211,PLWA,auto_loan,33985,36,611,medium,rejected,0,mobile_app,false,64
app_20250113_00547291,2025-01-13 08:40:17,cust_3473953,CZPR,education_loan,38754,12,691,medium,approved,38754,mobile,true,229
app_20250113_00548080,2025-01-13 08:25:41,cust_6131962,ESMA,business_loan,19547,24,686,medium,approved,19547,mobile,true,490
app_20250113_00548869,2025-01-13 06:32:20,cust_2639246,ESMA,cash_loan,8685,30,727,low,approved,8685,web,false,739
app_20250113_00549658,2025-01-13 03:48:16,cust_7333489,CZPR,refinance,485074,240,633,medium,approved,485074,atm,true,181
app_20250113_00550447,2025-01-13 02:23:08,cust_6118902,ITMI,refinance,420904,120,825,low,approved,420904,call_center,false,664
app_20250113_00551236,2025-01-13 12:17:06,cust_5737840,PLWA,personal_loan,31462,36,599,medium,approved,31462,branch,true,851
app_20250113_00552025,2025-01-13 23:47:21,cust_3933031,CZPR,business_loan,34665,12,648,medium,approved,34665,branch,true,823
app_20250113_00552814,2025-01-13 01:31:01,cust_8954150,NLAM,business_loan,16408,36,551,medium,approved,16408,mobile_app,false,812
app_20250113_00553603,2025-01-13 03:31:17,cust_8586120,PLWA,education_loan,27227,12,668,medium,approved,27227,branch,false,711
app_20250113_00554392,2025-01-13 18:16:01,cust_9984146,FRID,cash_loan,27193,48,841,low,approved,27193,web,true,682
app_20250113_00555181,2025-01-13 14:41:46,cust_2269395,PORP,education_loan,2872,36,635,medium,rejected,0,atm,true,179
app_20250113_00555970,2025-01-13 00:04:56,cust_2613191,UKLO,mortgage,147250,360,679,medium,rejected,0,online_banking,true,67
app_20250113_00556759,2025-01-13 18:39:34,cust_1005711,AUTR,credit_card,36057,36,685,medium,approved,36057,branch,false,500
app_20250113_00557548,2025-01-13 03:14:07,cust_372905,ITMI,auto_loan,38021,48,564,medium,rejected,0,mobile_app,false,49
app_20250113_00558337,2025-01-13 00:49:25,cust_8327629,AUTR,auto_loan,19146,48,700,low,approved,19146,atm,false,480
app_20250113_00559126,2025-01-13 20:36:00,cust_5225381,CZPR,refinance,286392,360,636,medium,approved,286392,atm,false,466
app_20250113_00559915,2025-01-13 17:20:55,cust_1993945,PLWA,personal_loan,22273,30,486,high,rejected,0,mobile,true,49
app_20250113_00560704,2025-01-13 14:36:24,cust_9902231,ESMA,auto_loan,48368,24,810,low,approved,48368,web,false,670
app_20250113_00561493,2025-01-13 02:32:25,cust_3294942,DEHE,mortgage,330247,360,733,low,approved,330247,partner,true,841
app_20250113_00562282,2025-01-13 00:55:23,cust_3180546,PORP,credit_card,42433,30,576,medium,approved,42433,online_banking,false,534
app_20250113_00563071,2025-01-13 17:15:58,cust_9166636,PORP,refinance,332993,180,692,medium,approved,332993,atm,false,316
app_20250113_00563860,2025-01-13 01:12:07,cust_9091367,ATVI,refinance,245180,180,558,medium,rejected,0,partner,false,160
app_20250113_00564649,2025-01-13 13:30:36,cust_4528597,PLWA,credit_card,17907,12,796,low,rejected,0,partner,false,113
app_20250113_00565438,2025-01-13 09:10:52,cust_7514466,PLWA,mortgage,110292,180,518,medium,approved,110292,mobile_app,false,268
app_20250113_00566227,2025-01-13 13:12:21,cust_6525047,NLAM,education_loan,38607,12,687,medium,approved,38607,mobile,true,610
app_20250113_00567016,2025-01-13 17:29:20,cust_1318854,NLAM,refinance,345410,240,825,low,approved,345410,web,false,498
app_20250113_00567805,2025-01-13 05:51:15,cust_6824410,AUTR,auto_loan,56075,72,681,medium,rejected,0,partner,false,125
app_20250113_00568594,2025-01-13 00:46:31,cust_9950372,ATVI,cash_loan,24334,30,806,low,approved,24334,partner,false,266
app_20250113_00569383,2025-01-13 16:49:41,cust_4747691,UKLO,refinance,343530,180,534,medium,approved,343530,atm,true,456
app_20250113_00570172,2025-01-13 07:16:02,cust_2927114,PORP,business_loan,27240,12,787,low,approved,27240,mobile,true,621
app_20250113_00570961,2025-01-13 21:09:20,cust_5065319,GRRE,cash_loan,22603,24,649,medium,rejected,0,partner,true,150
app_20250113_00571750,2025-01-13 12:39:15,cust_7438692,FRID,personal_loan,7044,48,762,low,approved,7044,online_banking,false,464
app_20250113_00572539,2025-01-13 19:33:43,cust_9459578,ESMA,cash_loan,49546,12,676,medium,approved,49546,branch,true,254
app_20250113_00573328,2025-01-13 11:44:37,cust_5825394,PORP,auto_loan,8492,24,554,medium,rejected,0,online_banking,false,128
app_20250113_00574117,2025-01-13 23:30:41,cust_8528194,PORP,auto_loan,49182,60,818,low,approved,49182,call_center,false,347
app_20250113_00574906,2025-01-13 06:37:23,cust_8225201,FRID,mortgage,290431,300,598,medium,approved,290431,mobile,true,540
app_20250113_00575695,2025-01-13 21:14:23,cust_5602666,PLWA,auto_loan,24708,60,685,medium,approved,24708,online_banking,true,140
app_20250113_00576484,2025-01-13 01:51:10,cust_8986018,DEHE,mortgage,182809,120,541,medium,approved,182809,atm,false,882
app_20250113_00577273,2025-01-13 10:54:48,cust_2185879,GRRE,refinance,185429,360,768,low,approved,185429,atm,true,177
app_20250113_00578062,2025-01-13 18:30:17,cust_4421885,CHBE,refinance,392785,180,678,medium,rejected,0,atm,true,27
app_20250113_00578851,2025-01-13 16:54:45,cust_8099245,PLWA,mortgage,75897,300,673,medium,approved,75897,web,true,218
app_20250113_00579640,2025-01-13 07:06:07,cust_1746446,ESMA,refinance,52020,300,470,high,rejected,0,branch,true,41
app_20250113_00580429,2025-01-13 11:10:44,cust_5333285,SESV,refinance,352191,300,518,medium,approved,352191,branch,true,812
app_20250113_00581218,2025-01-13 09:16:35,cust_9075344,ITMI,refinance,269427,360,557,medium,approved,269427,mobile,true,264
app_20250113_00582007,2025-01-13 07:45:38,cust_7603270,NLAM,education_loan,19287,24,475,high,rejected,0,atm,true,113
app_20250113_00582796,2025-01-13 10:25:34,cust_852602,CZPR,credit_card,4535,48,741,low,approved,4535,mobile,true,616
app_20250113_00583585,2025-01-13 20:00:33,cust_7917288,PORP,credit_card,17617,48,850,low,approved,17617,mobile_app,true,38
app_20250113_00584374,2025-01-13 12:42:09,cust_505284,PORP,credit_card,36106,48,565,medium,rejected,0,mobile,false,128
app_20250113_00585163,2025-01-13 21:21:31,cust_7219182,NLAM,business_loan,22842,48,796,low,approved,22842,partner,false,158
app_20250113_00585952,2025-01-13 04:57:40,cust_5250790,PORP,personal_loan,4951,12,627,medium,rejected,0,mobile,true,52
app_20250113_00586741,2025-01-13 19:09:33,cust_1673551,DEHE,mortgage,311293,120,695,medium,approved,311293,mobile,true,46
app_20250113_00587530,2025-01-13 17:04:38,cust_6125772,CHBE,auto_loan,52001,72,744,low,approved,52001,atm,false,636
app_20250113_00588319,2025-01-13 20:51:45,cust_3752766,CHBE,personal_loan,15252,18,779,low,approved,15252,online_banking,true,207
app_20250113_00589108,2025-01-13 03:45:42,cust_1135928,CZPR,auto_loan,31331,60,676,medium,rejected,0,online_banking,false,101
app_20250113_00589897,2025-01-13 05:55:57,cust_2355413,ITMI,business_loan,14262,48,579,medium,rejected,0,mobile_app,true,44
app_20250113_00590686,2025-01-13 02:44:00,cust_1566969,ATVI,education_loan,7490,48,713,low,approved,7490,atm,true,582
app_20250113_00591475,2025-01-13 08:02:44,cust_8998045,ITMI,business_loan,15083,36,712,low,approved,15083,branch,false,249
app_20250113_00592264,2025-01-13 18:22:32,cust_4564730,PLWA,cash_loan,48950,36,811,low,approved,48950,call_center,true,421
app_20250113_00593053,2025-01-13 14:18:53,cust_188235,ATVI,auto_loan,33818,60,615,medium,approved,33818,call_center,true,691
app_20250113_00593842,2025-01-13 09:34:51,cust_8542872,UKLO,credit_card,12286,12,508,medium,approved,12286,branch,false,195
app_20250113_00594631,2025-01-13 03:04:56,cust_4334187,BENL,education_loan,35708,48,658,medium,approved,35708,mobile,false,251
app_20250113_00595420,2025-01-13 16:26:31,cust_3008890,GRRE,cash_loan,22166,48,850,low,approved,22166,branch,true,740
app_20250113_00596209,2025-01-13 17:30:41,cust_8823780,PORP,credit_card,2262,24,606,medium,approved,2262,partner,false,365
app_20250113_00596998,2025-01-13 08:56:40,cust_9828787,AUTR,business_loan,10319,24,608,medium,approved,10319,atm,true,162
app_20250113_00597787,2025-01-13 14:52:35,cust_8055381,ESMA,auto_loan,29672,48,523,medium,approved,29672,branch,true,218
app_20250113_00598576,2025-01-13 03:58:45,cust_5041979,ESMA,business_loan,30170,24,850,low,approved,30170,call_center,false,732
app_20250113_00599365,2025-01-13 12:36:58,cust_6585573,DEHE,mortgage,125144,240,850,low,approved,125144,mobile_app,true,888
app_20250113_00600154,2025-01-13 07:28:20,cust_7295920,FRID,personal_loan,7605,42,582,medium,approved,7605,branch,false,167
app_20250113_00600943,2025-01-13 06:10:34,cust_5256523,PLWA,auto_loan,35678,48,528,medium,rejected,0,online_banking,false,164
app_20250113_00601732,2025-01-13 23:41:25,cust_1425097,CZPR,refinance,240238,300,675,medium,approved,240238,atm,true,655
app_20250113_00602521,2025-01-13 13:41:58,cust_2744101,SESV,credit_card,47360,18,850,low,approved,47360,mobile,false,874
app_20250113_00603310,2025-01-13 01:10:32,cust_9823547,FRID,personal_loan,39002,12,632,medium,approved,39002,branch,true,824
app_20250113_00604099,2025-01-13 11:55:48,cust_2403287,PLWA,business_loan,8196,48,546,medium,approved,8196,mobile,true,335
app_20250113_00604888,2025-01-13 12:33:16,cust_9599271,FRID,refinance,157021,240,436,high,rejected,0,branch,true,90
app_20250113_00605677,2025-01-13 07:47:25,cust_7575148,BENL,business_loan,5342,36,618,medium,approved,5342,web,true,736
app_20250113_00606466,2025-01-13 22:35:21,cust_4307078,PORP,mortgage,64630,360,475,high,approved,64630,mobile,true,743
app_20250113_00607255,2025-01-13 05:02:03,cust_3761528,PORP,personal_loan,8578,48,680,medium,approved,8578,atm,false,52
app_20250113_00608044,2025-01-13 22:20:05,cust_2114385,DEHE,education_loan,18839,24,641,medium,approved,18839,web,true,763
app_20250113_00608833,2025-01-13 10:56:02,cust_7161752,CZPR,auto_loan,13872,60,694,medium,approved,13872,atm,true,434
app_20250113_00609622,2025-01-13 17:17:42,cust_1086598,AUTR,credit_card,9449,18,481,high,rejected,0,mobile,true,52
app_20250113_00610411,2025-01-13 19:09:45,cust_3026227,BENL,business_loan,9559,36,583,medium,rejected,0,partner,true,76
app_20250113_00611200,2025-01-13 00:11:08,cust_9902828,FRID,credit_card,7713,48,546,medium,approved,7713,online_banking,true,706
app_20250113_00611989,2025-01-13 11:06:39,cust_3406838,CZPR,mortgage,193185,240,745,low,approved,193185,online_banking,true,292
app_20250113_00612778,2025-01-13 14:43:37,cust_7331040,DEHE,mortgage,132071,300,651,medium,approved,132071,web,false,582
app_20250113_00613567,2025-01-13 02:50:45,cust_6284811,NLAM,mortgage,410113,120,665,medium,rejected,0,branch,false,126
app_20250113_00614356,2025-01-13 05:46:34,cust_1683216,FRID,business_loan,22552,36,748,low,approved,22552,mobile_app,true,615
app_20250113_00615145,2025-01-13 02:16:12,cust_7464612,NLAM,personal_loan,23371,36,514,medium,rejected,0,partner,true,58
app_20250113_00615934,2025-01-13 10:08:16,cust_2230194,ESMA,business_loan,11213,36,700,low,approved,11213,branch,true,542
app_20250113_00616723,2025-01-13 01:16:02,cust_1332561,GRRE,education_loan,8897,60,774,low,approved,8897,online_banking,false,232
app_20250113_00617512,2025-01-13 18:42:40,cust_1632266,AUTR,refinance,66117,120,639,medium,approved,66117,partner,true,871
app_20250113_00618301,2025-01-13 14:16:21,cust_9230607,BENL,education_loan,18836,60,609,medium,approved,18836,mobile,true,32
app_20250113_00619090,2025-01-13 08:30:37,cust_7318822,UKLO,refinance,403958,240,625,medium,approved,403958,mobile_app,false,732
app_20250113_00619879,2025-01-13 08:57:23,cust_6283337,AUTR,mortgage,104935,180,572,medium,rejected,0,mobile_app,false,57
app_20250113_00620668,2025-01-13 22:49:22,cust_4205388,ESMA,cash_loan,18442,18,415,high,rejected,0,mobile_app,false,164
app_20250113_00621457,2025-01-13 03:23:36,cust_1881362,ESMA,refinance,330869,120,604,medium,rejected,0,online_banking,true,55
app_20250113_00622246,2025-01-13 07:20:49,cust_6283905,CZPR,cash_loan,21522,12,369,high,rejected,0,web,false,159
app_20250113_00623035,2025-01-13 16:19:41,cust_3667020,PORP,credit_card,20282,48,719,low,approved,20282,online_banking,true,440
app_20250113_00623824,2025-01-13 01:40:02,cust_4616301,GRRE,personal_loan,13770,24,549,medium,approved,13770,branch,false,540
app_20250113_00624613,2025-01-13 02:41:23,cust_5167942,PORP,auto_loan,41754,48,540,medium,rejected,0,branch,false,81
app_20250113_00625402,2025-01-13 05:56:10,cust_1605100,SESV,business_loan,34940,36,664,medium,rejected,0,atm,false,17
