application_id,event_time,customer_id,region_code,product_type,requested_amount,term_months,credit_score,risk_level,decision_status,approved_amount,channel,employee_review_flag,processing_time_sec
app_20250128_00000000,2025-01-28 06:19:21,cust_5413173,FRID,business_loan,19210,48,642,medium,approved,19210,atm,false,317
app_20250128_00000001,2025-01-28 11:31:23,cust_4442195,PLWA,mortgage,243058,120,571,medium,rejected,0,call_center,true,95
app_20250128_00000002,2025-01-28 19:45:21,cust_452799,UKLO,business_loan,38206,60,587,medium,approved,38206,branch,true,214
app_20250128_00000003,2025-01-28 02:40:29,cust_3292004,BENL,refinance,416525,180,592,medium,approved,416525,mobile,true,431
app_20250128_00000004,2025-01-28 15:23:45,cust_9335966,FRID,refinance,337703,360,764,low,approved,337703,mobile_app,true,466
app_20250128_00000005,2025-01-28 00:04:52,cust_7637038,GRRE,auto_loan,6215,72,543,medium,rejected,0,call_center,false,92
app_20250128_00000006,2025-01-28 06:25:46,cust_9418655,ATVI,business_loan,34414,48,647,medium,approved,34414,online_banking,true,668
app_20250128_00000007,2025-01-28 17:56:00,cust_2654103,UKLO,mortgage,447649,120,734,low,approved,447649,web,false,72
app_20250128_00000008,2025-01-28 23:19:01,cust_8493181,CZPR,credit_card,13099,18,673,medium,rejected,0,atm,true,29
app_20250128_00000009,2025-01-28 21:46:34,cust_4125366,GRRE,business_loan,13485,60,609,medium,approved,13485,mobile_app,true,99
app_20250128_00000010,2025-01-28 05:40:25,cust_9639295,CHBE,credit_card,29296,42,595,medium,rejected,0,atm,true,17
app_20250128_00000011,2025-01-28 06:58:57,cust_8078606,CZPR,business_loan,16557,24,537,medium,rejected,0,web,false,138
app_20250128_00000012,2025-01-28 12:33:07,cust_777593,ITMI,personal_loan,39237,42,580,medium,approved,39237,atm,false,314
app_20250128_00000013,2025-01-28 14:17:33,cust_3783538,PORP,auto_loan,10769,36,560,medium,rejected,0,online_banking,true,40
app_20250128_00000014,2025-01-28 17:47:09,cust_8803294,CZPR,cash_loan,25721,30,656,medium,approved,25721,call_center,false,549
app_20250128_00000015,2025-01-28 03:02:57,cust_657115,DEHE,auto_loan,18969,48,826,low,approved,18969,mobile_app,false,665
app_20250128_00000016,2025-01-28 15:19:50,cust_9785949,GRRE,refinance,432085,360,627,medium,rejected,0,branch,true,72
app_20250128_00000017,2025-01-28 14:03:25,cust_7933263,NLAM,education_loan,12054,60,613,medium,approved,12054,branch,false,431
app_20250128_00000018,2025-01-28 09:58:42,cust_6210499,NLAM,personal_loan,20668,24,587,medium,approved,20668,online_banking,false,178
app_20250128_00000019,2025-01-28 03:01:23,cust_9337035,SESV,mortgage,378530,300,767,low,approved,378530,partner,true,805
app_20250128_00000020,2025-01-28 01:31:15,cust_9873217,ESMA,credit_card,35193,12,546,medium,rejected,0,mobile_app,true,85
app_20250128_00000021,2025-01-28 08:09:01,cust_6977465,AUTR,education_loan,36417,48,850,low,approved,36417,partner,true,655
app_20250128_00000022,2025-01-28 23:58:20,cust_1999658,UKLO,refinance,366647,300,752,low,approved,366647,branch,true,195
app_20250128_00000023,2025-01-28 15:31:35,cust_7095146,AUTR,mortgage,333154,120,791,low,approved,333154,atm,true,411
app_20250128_00000024,2025-01-28 14:32:11,cust_2897699,AUTR,business_loan,32137,24,688,medium,rejected,0,web,false,110
app_20250128_00000025,2025-01-28 05:05:22,cust_3955921,BENL,education_loan,18104,12,850,low,rejected,0,branch,false,82
app_20250128_00000026,2025-01-28 17:01:25,cust_1469389,PLWA,cash_loan,36436,36,448,high,rejected,0,mobile_app,false,165
app_20250128_00000027,2025-01-28 21:50:03,cust_8731185,BENL,personal_loan,44970,18,670,medium,approved,44970,mobile_app,false,88
app_20250128_00000028,2025-01-28 15:10:12,cust_1856819,SESV,refinance,136352,300,575,medium,rejected,0,partner,true,22
app_20250128_00000029,2025-01-28 04:18:47,cust_1533015,FRID,auto_loan,20991,36,607,medium,approved,20991,mobile,true,122
app_20250128_00000030,2025-01-28 18:09:04,cust_7265983,PLWA,refinance,306661,180,628,medium,rejected,0,partner,true,57
app_20250128_00000031,2025-01-28 07:18:41,cust_3521665,DEHE,education_loan,28221,36,668,medium,approved,28221,branch,true,684
app_20250128_00000032,2025-01-28 09:03:10,cust_9454625,UKLO,personal_loan,5341,36,715,low,approved,5341,branch,true,234
app_20250128_00000033,2025-01-28 19:51:56,cust_2973931,BENL,personal_loan,39104,30,805,low,approved,39104,mobile_app,false,721
app_20250128_00000034,2025-01-28 01:24:41,cust_5219854,ATVI,cash_loan,30655,18,727,low,approved,30655,online_banking,true,363
app_20250128_00000035,2025-01-28 01:50:23,cust_5672228,CZPR,business_loan,30164,12,591,medium,approved,30164,partner,false,175
app_20250128_00000036,2025-01-28 22:35:04,cust_3045687,PORP,auto_loan,52196,24,682,medium,approved,52196,mobile_app,true,381
app_20250128_00000037,2025-01-28 17:27:26,cust_5228733,AUTR,credit_card,12292,42,485,high,rejected,0,mobile,false,52
app_20250128_00000038,2025-01-28 20:59:50,cust_7186200,BENL,personal_loan,35782,18,592,medium,approved,35782,atm,true,630
app_20250128_00000039,2025-01-28 01:03:57,cust_2445638,DEHE,refinance,265035,120,746,low,approved,265035,branch,true,749
app_20250128_00000040,2025-01-28 14:48:52,cust_751615,ITMI,cash_loan,39788,42,785,low,approved,39788,atm,false,814
app_20250128_00000041,2025-01-28 17:53:13,cust_7779771,ATVI,business_loan,18806,12,615,medium,approved,18806,call_center,true,628
app_20250128_00000042,2025-01-28 12:20:44,cust_2674213,ITMI,business_loan,11368,12,667,medium,approved,11368,call_center,false,398
app_20250128_00000043,2025-01-28 23:23:02,cust_2847388,SESV,refinance,475038,180,644,medium,approved,475038,call_center,false,235
app_20250128_00000044,2025-01-28 19:36:23,cust_2444632,CHBE,credit_card,8529,42,669,medium,approved,8529,partner,false,257
app_20250128_00000045,2025-01-28 08:11:40,cust_9415614,GRRE,auto_loan,40468,60,680,medium,approved,40468,atm,true,530
app_20250128_00000046,2025-01-28 09:16:50,cust_5970864,CZPR,auto_loan,25765,48,636,medium,approved,25765,branch,true,531
app_20250128_00000047,2025-01-28 10:43:56,cust_1364190,FRID,auto_loan,41755,24,589,medium,approved,41755,online_banking,true,673
app_20250128_00000048,2025-01-28 08:52:46,cust_5248034,ATVI,cash_loan,38392,12,578,medium,rejected,0,web,false,172
app_20250128_00000049,2025-01-28 17:48:07,cust_7018741,SESV,auto_loan,11565,36,654,medium,approved,11565,branch,false,525
app_20250128_00000050,2025-01-28 14:11:32,cust_1238970,BENL,personal_loan,30114,24,602,medium,approved,30114,atm,false,209
app_20250128_00000051,2025-01-28 03:24:37,cust_3511115,PLWA,mortgage,213427,360,583,medium,approved,213427,partner,false,129
app_20250128_00000052,2025-01-28 13:16:37,cust_3905160,PLWA,education_loan,18773,60,781,low,approved,18773,atm,true,857
app_20250128_00000053,2025-01-28 01:03:44,cust_8290980,GRRE,auto_loan,33473,60,609,medium,approved,33473,web,true,495
app_20250128_00000054,2025-01-28 06:15:58,cust_7626126,DEHE,refinance,355528,300,628,medium,rejected,0,call_center,true,110
app_20250128_00000055,2025-01-28 02:01:07,cust_8021698,NLAM,mortgage,327481,240,548,medium,rejected,0,call_center,true,92
app_20250128_00000056,2025-01-28 01:51:30,cust_8618106,DEHE,auto_loan,21393,48,713,low,approved,21393,mobile_app,false,190
app_20250128_00000057,2025-01-28 22:49:55,cust_7895220,BENL,credit_card,11163,18,581,medium,approved,11163,web,true,412
app_20250128_00000058,2025-01-28 05:13:22,cust_6061500,UKLO,refinance,279459,300,659,medium,approved,279459,branch,false,462
app_20250128_00000059,2025-01-28 15:26:18,cust_6598331,AUTR,cash_loan,25803,18,636,medium,approved,25803,web,true,743
app_20250128_00000060,2025-01-28 10:12:24,cust_9128888,PORP,business_loan,27185,60,573,medium,rejected,0,web,true,151
app_20250128_00000061,2025-01-28 11:31:38,cust_888623,ITMI,refinance,299482,360,388,high,approved,299482,branch,true,284
app_20250128_00000062,2025-01-28 05:01:49,cust_8144282,NLAM,credit_card,40990,30,850,low,approved,40990,branch,false,264
app_20250128_00000063,2025-01-28 18:52:49,cust_4599925,CHBE,education_loan,9127,24,728,low,approved,9127,branch,false,510
app_20250128_00000064,2025-01-28 18:57:53,cust_2421475,ATVI,cash_loan,12573,12,627,medium,approved,12573,online_banking,true,858
app_20250128_00000065,2025-01-28 04:50:19,cust_705501,BENL,personal_loan,20038,18,657,medium,rejected,0,atm,true,112
app_20250128_00000066,2025-01-28 16:50:55,cust_9604802,CHBE,business_loan,28682,24,620,medium,approved,28682,mobile_app,false,497
app_20250128_00000067,2025-01-28 19:05:22,cust_5697831,SESV,mortgage,330459,120,634,medium,rejected,0,web,true,82
app_20250128_00000068,2025-01-28 17:38:46,cust_2200008,ITMI,education_loan,25948,60,602,medium,approved,25948,call_center,true,739
app_20250128_00000069,2025-01-28 08:19:26,cust_9031153,FRID,personal_loan,32282,12,710,low,approved,32282,call_center,true,284
app_20250128_00000070,2025-01-28 09:39:24,cust_2515120,CZPR,cash_loan,24607,48,627,medium,approved,24607,mobile_app,false,214
app_20250128_00000071,2025-01-28 14:12:18,cust_6293262,GRRE,cash_loan,42964,36,638,medium,approved,42964,call_center,false,790
app_20250128_00000072,2025-01-28 14:31:35,cust_3308265,SESV,business_loan,17213,12,744,low,approved,17213,mobile,true,750
app_20250128_00000073,2025-01-28 23:57:09,cust_1318625,ATVI,business_loan,13724,12,561,medium,approved,13724,mobile,true,85
app_20250128_00000074,2025-01-28 04:27:15,cust_7229483,CZPR,credit_card,31444,42,623,medium,approved,31444,branch,true,557
app_20250128_00000075,2025-01-28 10:14:19,cust_5430568,CHBE,business_loan,9319,24,643,medium,approved,9319,atm,false,801
app_20250128_00000076,2025-01-28 23:50:13,cust_4498855,FRID,mortgage,253718,240,372,high,rejected,0,online_banking,true,17
app_20250128_00000077,2025-01-28 19:37:43,cust_4756267,UKLO,credit_card,3515,12,584,medium,approved,3515,call_center,false,160
app_20250128_00000078,2025-01-28 04:25:24,cust_6257637,CHBE,cash_loan,43838,24,472,high,rejected,0,online_banking,false,14
app_20250128_00000079,2025-01-28 08:23:00,cust_4983268,CZPR,refinance,84633,240,622,medium,approved,84633,call_center,true,744
app_20250128_00000080,2025-01-28 09:09:58,cust_8059567,DEHE,auto_loan,38365,24,583,medium,approved,38365,call_center,false,876
app_20250128_00000081,2025-01-28 04:00:06,cust_7941960,CZPR,auto_loan,35236,24,783,low,approved,35236,atm,false,799
app_20250128_00000082,2025-01-28 00:01:44,cust_7904745,ATVI,auto_loan,6068,24,599,medium,rejected,0,call_center,true,90
app_20250128_00000083,2025-01-28 19:12:19,cust_4532409,PORP,education_loan,23923,36,661,medium,approved,23923,mobile_app,true,120
app_20250128_00000084,2025-01-28 00:52:58,cust_5988192,CZPR,refinance,171395,300,556,medium,rejected,0,atm,false,172
app_20250128_00000085,2025-01-28 19:07:02,cust_8820471,PORP,business_loan,34701,36,557,medium,approved,34701,atm,true,104
app_20250128_00000086,2025-01-28 19:58:05,cust_6491742,BENL,auto_loan,8956,72,447,high,rejected,0,atm,false,130
app_20250128_00000087,2025-01-28 11:02:12,cust_8217958,DEHE,mortgage,187888,180,540,medium,rejected,0,mobile_app,true,153
app_20250128_00000088,2025-01-28 05:54:08,cust_3604556,FRID,education_loan,14681,36,596,medium,approved,14681,partner,false,254
app_20250128_00000089,2025-01-28 00:40:54,cust_4227746,AUTR,auto_loan,22569,24,730,low,approved,22569,mobile_app,false,867
app_20250128_00000090,2025-01-28 20:42:18,cust_4315820,DEHE,education_loan,9208,12,737,low,approved,9208,call_center,false,370
app_20250128_00000091,2025-01-28 01:37:28,cust_8410852,UKLO,cash_loan,1392,12,754,low,approved,1392,web,true,863
app_20250128_00000092,2025-01-28 15:27:30,cust_8302809,FRID,personal_loan,45590,42,702,low,approved,45590,online_banking,true,893
app_20250128_00000093,2025-01-28 15:06:07,cust_1002203,CHBE,refinance,418803,120,787,low,approved,418803,mobile_app,false,592
app_20250128_00000094,2025-01-28 04:36:26,cust_663853,ESMA,refinance,476633,240,506,medium,approved,476633,mobile_app,true,532
app_20250128_00000095,2025-01-28 11:37:40,cust_9239082,UKLO,education_loan,2609,24,620,medium,approved,2609,branch,true,130
app_20250128_00000096,2025-01-28 05:26:46,cust_4559289,ATVI,auto_loan,33754,60,667,medium,approved,33754,mobile_app,false,127
app_20250128_00000097,2025-01-28 19:37:01,cust_845193,ESMA,personal_loan,37347,18,456,high,rejected,0,mobile_app,false,55
app_20250128_00000098,2025-01-28 22:45:30,cust_3072415,PLWA,mortgage,363397,240,662,medium,approved,363397,mobile_app,false,381
app_20250128_00000099,2025-01-28 19:02:00,cust_1703817,BENL,refinance,87562,240,672,medium,rejected,0,branch,false,29
app_20250128_00000100,2025-01-28 21:44:25,cust_1134236,GRRE,auto_loan,13141,48,691,medium,approved,13141,mobile_app,true,207
app_20250128_00000101,2025-01-28 23:07:51,cust_4289589,PLWA,cash_loan,28112,42,756,low,approved,28112,atm,true,507
app_20250128_00000102,2025-01-28 04:36:42,cust_4119719,CZPR,business_loan,30159,36,436,high,rejected,0,mobile,true,11
app_20250128_00000103,2025-01-28 14:33:13,cust_5918709,DEHE,auto_loan,7287,36,694,medium,approved,7287,partner,false,654
app_20250128_00000104,2025-01-28 22:56:15,cust_7482061,DEHE,mortgage,76666,300,682,medium,approved,76666,branch,true,416
app_20250128_00000105,2025-01-28 16:31:41,cust_9800476,CHBE,business_loan,6818,48,730,low,approved,6818,atm,false,586
app_20250128_00000106,2025-01-28 10:51:54,cust_7116251,DEHE,mortgage,499944,240,639,medium,rejected,0,mobile_app,true,28
app_20250128_00000107,2025-01-28 00:50:52,cust_3019801,PLWA,cash_loan,33043,42,667,medium,rejected,0,mobile,true,169
app_20250128_00000108,2025-01-28 13:17:27,cust_8059304,PORP,business_loan,18649,12,633,medium,approved,18649,partner,true,183
app_20250128_00000109,2025-01-28 16:21:40,cust_3118914,NLAM,business_loan,7907,60,678,medium,rejected,0,web,true,28
app_20250128_00000110,2025-01-28 14:06:12,cust_4703420,PLWA,education_loan,28438,24,700,low,approved,28438,atm,false,559
app_20250128_00000111,2025-01-28 13:53:08,cust_9378645,UKLO,cash_loan,48448,24,643,medium,rejected,0,mobile_app,false,65
app_20250128_00000112,2025-01-28 07:10:40,cust_8106872,FRID,credit_card,18480,18,544,medium,rejected,0,mobile_app,false,18
app_20250128_00000113,2025-01-28 14:17:16,cust_4400600,FRID,mortgage,171213,120,650,medium,rejected,0,atm,false,164
app_20250128_00000114,2025-01-28 23:50:46,cust_5575655,ATVI,cash_loan,48289,24,754,low,approved,48289,atm,false,55
app_20250128_00000115,2025-01-28 12:04:22,cust_1184842,PLWA,personal_loan,24077,18,715,low,approved,24077,branch,true,315
app_20250128_00000116,2025-01-28 12:49:08,cust_277200,CZPR,business_loan,33926,48,533,medium,approved,33926,online_banking,true,673
app_20250128_00000117,2025-01-28 19:46:06,cust_8865607,ESMA,credit_card,26351,12,713,low,approved,26351,mobile_app,false,187
app_20250128_00000118,2025-01-28 14:12:22,cust_5709062,GRRE,credit_card,41511,42,795,low,approved,41511,mobile,false,59
app_20250128_00000119,2025-01-28 10:28:00,cust_420722,CHBE,cash_loan,13281,48,568,medium,rejected,0,mobile_app,false,124
app_20250128_00000120,2025-01-28 15:11:12,cust_3262030,GRRE,cash_loan,19943,24,632,medium,approved,19943,partner,true,878
app_20250128_00000121,2025-01-28 14:36:44,cust_6012159,NLAM,cash_loan,33434,24,706,low,rejected,0,mobile,true,7
app_20250128_00000122,2025-01-28 14:54:10,cust_4360850,SESV,personal_loan,22728,48,779,low,approved,22728,mobile,true,315
app_20250128_00000123,2025-01-28 22:56:30,cust_1815528,ESMA,auto_loan,5538,24,672,medium,rejected,0,branch,true,29
app_20250128_00000124,2025-01-28 08:44:53,cust_5357618,PLWA,refinance,264185,240,753,low,approved,264185,online_banking,false,493
app_20250128_00000125,2025-01-28 08:29:09,cust_8861507,UKLO,refinance,201667,180,710,low,approved,201667,online_banking,true,229
app_20250128_00000126,2025-01-28 07:25:57,cust_8270554,CHBE,business_loan,8078,48,762,low,rejected,0,web,true,17
app_20250128_00000127,2025-01-28 05:52:48,cust_7934357,CHBE,personal_loan,35492,30,722,low,approved,35492,mobile_app,true,237
app_20250128_00000128,2025-01-28 20:35:16,cust_319845,CHBE,auto_loan,30946,36,589,medium,rejected,0,partner,false,15
app_20250128_00000129,2025-01-28 05:49:15,cust_5103764,PLWA,education_loan,5776,36,677,medium,rejected,0,mobile_app,false,39
app_20250128_00000130,2025-01-28 01:49:39,cust_5168712,DEHE,credit_card,41093,18,734,low,approved,41093,call_center,false,842
app_20250128_00000131,2025-01-28 10:59:58,cust_2044330,ATVI,personal_loan,42807,30,737,low,rejected,0,atm,true,54
app_20250128_00000132,2025-01-28 00:00:19,cust_1536280,GRRE,auto_loan,50858,24,665,medium,approved,50858,mobile_app,false,232
app_20250128_00000133,2025-01-28 22:41:32,cust_3725061,UKLO,refinance,489579,180,839,low,approved,489579,mobile_app,true,73
app_20250128_00000134,2025-01-28 17:23:34,cust_1008685,ITMI,mortgage,251127,180,682,medium,rejected,0,partner,true,161
app_20250128_00000135,2025-01-28 19:53:11,cust_6135690,ITMI,credit_card,22617,36,745,low,approved,22617,branch,false,487
app_20250128_00000136,2025-01-28 18:16:47,cust_8472516,ATVI,refinance,134416,240,647,medium,approved,134416,atm,true,708
app_20250128_00000137,2025-01-28 10:22:39,cust_9523884,AUTR,personal_loan,25854,18,721,low,approved,25854,atm,true,363
app_20250128_00000138,2025-01-28 23:45:01,cust_9489169,ATVI,education_loan,10281,60,610,medium,approved,10281,web,true,164
app_20250128_00000139,2025-01-28 13:53:44,cust_4488541,GRRE,personal_loan,47168,12,760,low,approved,47168,mobile,true,87
app_20250128_00000140,2025-01-28 19:23:21,cust_4005073,ATVI,cash_loan,39834,42,674,medium,approved,39834,online_banking,false,900
app_20250128_00000141,2025-01-28 05:11:56,cust_2516435,ESMA,business_loan,6903,60,679,medium,approved,6903,branch,true,66
app_20250128_00000142,2025-01-28 20:56:59,cust_2541541,FRID,mortgage,120332,300,605,medium,approved,120332,partner,false,226
app_20250128_00000143,2025-01-28 13:25:24,cust_5108885,SESV,cash_loan,15037,30,605,medium,approved,15037,mobile,false,226
app_20250128_00000144,2025-01-28 16:14:59,cust_3266739,ITMI,credit_card,11380,48,550,medium,rejected,0,web,false,60
app_20250128_00000145,2025-01-28 18:40:44,cust_9834093,AUTR,refinance,71917,360,476,high,rejected,0,online_banking,false,9
app_20250128_00000146,2025-01-28 00:06:22,cust_4528586,NLAM,education_loan,12944,36,714,low,approved,12944,mobile_app,false,50
app_20250128_00000147,2025-01-28 18:50:17,cust_174626,UKLO,cash_loan,22500,12,609,medium,approved,22500,partner,true,609
app_20250128_00000148,2025-01-28 13:17:13,cust_2789085,NLAM,credit_card,2593,42,611,medium,approved,2593,web,true,491
app_20250128_00000149,2025-01-28 15:26:04,cust_5448790,ESMA,mortgage,407477,300,799,low,approved,407477,online_banking,false,632
app_20250128_00000150,2025-01-28 07:11:33,cust_1996641,GRRE,education_loan,24399,12,678,medium,approved,24399,branch,true,567
app_20250128_00000151,2025-01-28 15:23:57,cust_9885261,PLWA,mortgage,487185,240,653,medium,approved,487185,atm,true,595
app_20250128_00000152,2025-01-28 17:26:25,cust_2637863,NLAM,auto_loan,11594,72,632,medium,rejected,0,mobile_app,false,128
app_20250128_00000153,2025-01-28 02:24:07,cust_7917963,ESMA,credit_card,31791,48,562,medium,approved,31791,mobile,true,856
app_20250128_00000154,2025-01-28 16:06:00,cust_9800274,DEHE,business_loan,9881,36,545,medium,approved,9881,mobile,false,165
app_20250128_00000155,2025-01-28 04:59:58,cust_919043,SESV,personal_loan,17304,48,733,low,approved,17304,branch,false,245
app_20250128_00000156,2025-01-28 11:00:27,cust_7695892,BENL,education_loan,39621,36,617,medium,approved,39621,web,true,66
app_20250128_00000157,2025-01-28 05:14:21,cust_2948169,ATVI,business_loan,15866,12,710,low,approved,15866,mobile,false,645
app_20250128_00000158,2025-01-28 07:46:55,cust_6103528,ITMI,cash_loan,41901,12,670,medium,approved,41901,web,true,111
app_20250128_00000159,2025-01-28 22:59:03,cust_8384553,FRID,auto_loan,52182,72,602,medium,approved,52182,call_center,true,226
app_20250128_00000160,2025-01-28 15:27:54,cust_7638158,DEHE,credit_card,12457,24,689,medium,approved,12457,partner,false,830
app_20250128_00000161,2025-01-28 03:32:36,cust_8418906,DEHE,refinance,297280,180,593,medium,rejected,0,web,false,138
app_20250128_00000162,2025-01-28 11:06:33,cust_6870357,CZPR,cash_loan,12916,18,850,low,approved,12916,online_banking,true,362
app_20250128_00000163,2025-01-28 09:53:52,cust_6375071,AUTR,personal_loan,21347,24,669,medium,approved,21347,mobile,false,700
app_20250128_00000164,2025-01-28 13:54:45,cust_5923158,PLWA,business_loan,3346,60,611,medium,rejected,0,atm,false,83
app_20250128_00000165,2025-01-28 09:48:33,cust_524718,CHBE,business_loan,20187,48,728,low,approved,20187,mobile_app,true,364
app_20250128_00000166,2025-01-28 18:58:02,cust_6001070,DEHE,education_loan,32000,36,700,low,approved,32000,mobile,true,870
app_20250128_00000167,2025-01-28 14:09:52,cust_4881926,PLWA,auto_loan,48198,60,622,medium,approved,48198,atm,true,271
app_20250128_00000168,2025-01-28 18:21:45,cust_2114240,AUTR,education_loan,25600,36,672,medium,approved,25600,call_center,true,63
app_20250128_00000169,2025-01-28 20:47:53,cust_3113651,ESMA,refinance,478260,180,700,low,approved,478260,web,true,486
app_20250128_00000170,2025-01-28 20:46:56,cust_3821578,UKLO,refinance,138972,240,579,medium,approved,138972,branch,false,276
app_20250128_00000171,2025-01-28 11:49:39,cust_6470863,BENL,mortgage,256581,120,775,low,approved,256581,mobile_app,false,439
app_20250128_00000172,2025-01-28 01:55:49,cust_1045038,FRID,business_loan,5481,12,476,high,rejected,0,atm,true,161
app_20250128_00000173,2025-01-28 09:07:40,cust_7776900,AUTR,credit_card,47475,42,699,medium,approved,47475,branch,false,872
app_20250128_00000174,2025-01-28 12:12:46,cust_5122354,AUTR,credit_card,21764,48,737,low,approved,21764,mobile,false,430
app_20250128_00000175,2025-01-28 03:48:59,cust_1785291,ESMA,credit_card,47359,24,630,medium,rejected,0,mobile,false,69
app_20250128_00000176,2025-01-28 12:33:36,cust_4292284,CZPR,refinance,481646,180,672,medium,approved,481646,web,true,875
app_20250128_00000177,2025-01-28 05:51:38,cust_656533,FRID,credit_card,12406,24,804,low,approved,12406,mobile_app,false,84
app_20250128_00000178,2025-01-28 09:06:46,cust_8838210,ESMA,credit_card,24241,42,736,low,approved,24241,web,true,697
app_20250128_00000179,2025-01-28 06:21:42,cust_5244338,CHBE,personal_loan,5672,18,616,medium,approved,5672,call_center,true,491
app_20250128_00000180,2025-01-28 08:00:24,cust_3236450,NLAM,credit_card,3022,48,712,low,approved,3022,mobile_app,false,452
app_20250128_00000181,2025-01-28 17:35:42,cust_3587588,UKLO,auto_loan,7928,36,767,low,approved,7928,atm,false,780
app_20250128_00000182,2025-01-28 17:31:24,cust_4869196,ESMA,mortgage,267058,300,689,medium,rejected,0,mobile,false,22
app_20250128_00000183,2025-01-28 15:11:48,cust_1754154,BENL,business_loan,25501,12,696,medium,approved,25501,mobile_app,true,611
app_20250128_00000184,2025-01-28 19:14:09,cust_884032,GRRE,business_loan,39038,12,751,low,approved,39038,web,true,262
app_20250128_00000185,2025-01-28 06:54:55,cust_7644551,ATVI,auto_loan,8009,36,601,medium,approved,8009,branch,false,417
app_20250128_00000186,2025-01-28 19:50:16,cust_9318998,CZPR,personal_loan,6506,12,595,medium,rejected,0,partner,false,100
app_20250128_00000187,2025-01-28 04:47:47,cust_7638260,FRID,refinance,130641,120,642,medium,approved,130641,call_center,false,87
app_20250128_00000188,2025-01-28 13:47:27,cust_2943298,PORP,credit_card,40424,18,582,medium,rejected,0,atm,false,134
app_20250128_00000189,2025-01-28 17:13:29,cust_8334375,NLAM,business_loan,12691,36,701,low,approved,12691,atm,true,188
app_20250128_00000190,2025-01-28 02:45:55,cust_6458966,FRID,cash_loan,37654,42,791,low,rejected,0,mobile,true,105
app_20250128_00000191,2025-01-28 05:12:52,cust_1553366,BENL,personal_loan,17815,30,476,high,rejected,0,online_banking,false,154
app_20250128_00000192,2025-01-28 02:23:14,cust_7387105,BENL,mortgage,231726,360,565,medium,approved,231726,web,false,734
app_20250128_00000193,2025-01-28 12:55:56,cust_4692380,BENL,business_loan,4264,60,850,low,approved,4264,mobile_app,false,865
app_20250128_00000194,2025-01-28 19:08:05,cust_9704946,AUTR,refinance,471900,360,533,medium,rejected,0,online_banking,false,121
app_20250128_00000195,2025-01-28 08:34:43,cust_3306357,DEHE,cash_loan,4537,12,771,low,approved,4537,mobile_app,false,156
app_20250128_00000196,2025-01-28 23:32:42,cust_5397130,PORP,credit_card,3984,12,778,low,approved,3984,mobile,false,429
app_20250128_00000197,2025-01-28 05:52:25,cust_8374269,UKLO,cash_loan,32548,18,527,medium,approved,32548,web,false,814
app_20250128_00000198,2025-01-28 18:22:51,cust_2498262,UKLO,cash_loan,2385,36,585,medium,approved,2385,branch,false,882
app_20250128_00000199,2025-01-28 15:28:51,cust_3857392,ITMI,mortgage,73664,120,757,low,approved,73664,atm,true,828
app_20250128_00000200,2025-01-28 12:09:52,cust_9318786,BENL,education_loan,17670,60,689,medium,approved,17670,branch,true,754
app_20250128_00000201,2025-01-28 10:03:37,cust_1168196,UKLO,personal_loan,2527,30,607,medium,rejected,0,branch,false,174
app_20250128_00000202,2025-01-28 19:50:54,cust_2019369,BENL,business_loan,39727,36,544,medium,approved,39727,call_center,true,325
app_20250128_00000203,2025-01-28 22:35:29,cust_1272924,PORP,personal_loan,1347,24,673,medium,approved,1347,partner,false,303
app_20250128_00000204,2025-01-28 05:48:16,cust_3811757,CHBE,credit_card,23051,36,655,medium,approved,23051,mobile,false,554
app_20250128_00000205,2025-01-28 14:15:49,cust_8338615,PORP,education_loan,4796,24,677,medium,rejected,0,branch,false,122
app_20250128_00000206,2025-01-28 00:27:29,cust_2304687,CZPR,cash_loan,49998,30,674,medium,approved,49998,online_banking,false,364
app_20250128_00000207,2025-01-28 22:01:27,cust_3830830,PORP,credit_card,24175,42,505,medium,rejected,0,call_center,true,84
app_20250128_00000208,2025-01-28 15:39:22,cust_4130956,CZPR,mortgage,370820,120,548,medium,rejected,0,partner,false,22
app_20250128_00000209,2025-01-28 18:20:27,cust_9006353,FRID,education_loan,20782,48,521,medium,approved,20782,web,true,667
app_20250128_00000210,2025-01-28 21:11:35,cust_6312203,UKLO,mortgage,377151,120,703,low,approved,377151,atm,true,362
app_20250128_00000211,2025-01-28 00:24:32,cust_9781153,FRID,business_loan,30135,12,614,medium,approved,30135,web,true,530
app_20250128_00000212,2025-01-28 21:40:18,cust_1900095,GRRE,education_loan,32587,24,691,medium,approved,32587,web,true,402
app_20250128_00000213,2025-01-28 04:22:27,cust_4600720,UKLO,personal_loan,47824,12,745,low,approved,47824,call_center,true,211
app_20250128_00000214,2025-01-28 16:08:12,cust_7299984,PORP,education_loan,25873,12,690,medium,rejected,0,atm,false,88
app_20250128_00000215,2025-01-28 00:37:45,cust_221528,SESV,cash_loan,14888,12,711,low,approved,14888,call_center,true,713
app_20250128_00000216,2025-01-28 11:07:49,cust_6892194,NLAM,business_loan,16452,36,701,low,approved,16452,online_banking,false,196
app_20250128_00000217,2025-01-28 13:44:41,cust_5071866,BENL,personal_loan,36684,42,766,low,approved,36684,partner,false,872
app_20250128_00000218,2025-01-28 00:30:34,cust_5939797,CZPR,mortgage,92405,240,736,low,approved,92405,branch,true,329
app_20250128_00000219,2025-01-28 07:03:05,cust_1052647,AUTR,refinance,157409,180,767,low,approved,157409,partner,false,753
app_20250128_00000220,2025-01-28 09:32:16,cust_4218961,FRID,cash_loan,4786,18,666,medium,approved,4786,call_center,true,634
app_20250128_00000221,2025-01-28 04:30:46,cust_6254372,ESMA,cash_loan,47979,12,754,low,approved,47979,mobile_app,true,790
app_20250128_00000222,2025-01-28 07:50:27,cust_8090210,DEHE,education_loan,38345,12,552,medium,rejected,0,partner,false,147
app_20250128_00000223,2025-01-28 06:55:50,cust_9366808,PLWA,education_loan,25542,36,645,medium,rejected,0,mobile_app,false,57
app_20250128_00000224,2025-01-28 01:30:22,cust_1695747,DEHE,mortgage,390182,180,715,low,approved,390182,web,false,436
app_20250128_00000225,2025-01-28 19:06:01,cust_8660910,AUTR,credit_card,17739,36,399,high,rejected,0,mobile_app,false,77
app_20250128_00000226,2025-01-28 15:04:02,cust_3562746,DEHE,refinance,330211,300,654,medium,approved,330211,mobile,true,264
app_20250128_00000227,2025-01-28 10:11:56,cust_7719655,PORP,mortgage,402056,120,653,medium,approved,402056,mobile,true,659
app_20250128_00000228,2025-01-28 18:32:55,cust_956541,AUTR,personal_loan,17321,42,472,high,rejected,0,online_banking,true,169
app_20250128_00000229,2025-01-28 19:24:48,cust_3067879,PLWA,credit_card,30680,42,591,medium,approved,30680,atm,false,75
app_20250128_00000230,2025-01-28 13:13:23,cust_4941987,FRID,auto_loan,52575,24,461,high,approved,52575,branch,false,45
app_20250128_00000231,2025-01-28 00:55:27,cust_439605,FRID,mortgage,208775,240,520,medium,approved,208775,mobile,true,515
app_20250128_00000232,2025-01-28 21:45:45,cust_1978396,AUTR,cash_loan,40480,48,704,low,approved,40480,online_banking,true,169
app_20250128_00000233,2025-01-28 11:23:39,cust_746334,NLAM,education_loan,23882,24,538,medium,rejected,0,mobile_app,false,50
app_20250128_00000234,2025-01-28 20:06:24,cust_5099175,CHBE,mortgage,270521,120,638,medium,rejected,0,online_banking,false,149
app_20250128_00000235,2025-01-28 07:49:04,cust_6785992,BENL,mortgage,423313,300,742,low,approved,423313,web,false,636
app_20250128_00000236,2025-01-28 21:41:28,cust_2613986,PORP,mortgage,297600,240,565,medium,approved,297600,mobile,false,495
app_20250128_00000237,2025-01-28 09:26:25,cust_9694290,CZPR,credit_card,2108,12,746,low,approved,2108,partner,false,622
app_20250128_00000238,2025-01-28 06:13:29,cust_9319136,ITMI,refinance,185616,120,703,low,approved,185616,call_center,false,441
app_20250128_00000239,2025-01-28 17:21:57,cust_3412962,CHBE,cash_loan,23956,12,618,medium,rejected,0,atm,true,163
app_20250128_00000240,2025-01-28 15:01:21,cust_151618,ATVI,credit_card,34577,36,639,medium,approved,34577,atm,true,117
app_20250128_00000241,2025-01-28 05:17:24,cust_9145314,ESMA,education_loan,20341,60,757,low,approved,20341,online_banking,false,181
app_20250128_00000242,2025-01-28 22:14:23,cust_5458880,CHBE,refinance,224242,240,833,low,approved,224242,branch,true,733
app_20250128_00000243,2025-01-28 23:21:17,cust_3856090,ITMI,business_loan,26711,60,631,medium,approved,26711,web,false,353
app_20250128_00000244,2025-01-28 18:59:17,cust_1850971,DEHE,cash_loan,30636,48,551,medium,approved,30636,online_banking,false,577
app_20250128_00000245,2025-01-28 01:45:53,cust_7637093,PLWA,mortgage,447296,360,566,medium,rejected,0,call_center,true,16
app_20250128_00000246,2025-01-28 21:10:18,cust_6062798,PLWA,mortgage,444761,120,540,medium,rejected,0,mobile_app,false,18
app_20250128_00000247,2025-01-28 19:00:26,cust_6360169,PORP,credit_card,35867,12,677,medium,approved,35867,mobile,false,621
app_20250128_00000248,2025-01-28 22:19:14,cust_6797103,PORP,refinance,71411,300,612,medium,rejected,0,online_banking,true,106
app_20250128_00000249,2025-01-28 19:05:35,cust_5215233,CZPR,refinance,312602,120,526,medium,rejected,0,atm,false,59
app_20250128_00000250,2025-01-28 01:31:13,cust_7458716,PORP,auto_loan,42083,60,676,medium,approved,42083,online_banking,false,461
app_20250128_00000251,2025-01-28 19:59:00,cust_8614211,CHBE,personal_loan,42730,48,532,medium,rejected,0,online_banking,true,179
app_20250128_00000252,2025-01-28 12:23:28,cust_5807958,ATVI,credit_card,24496,48,498,high,rejected,0,branch,false,137
app_20250128_00000253,2025-01-28 00:10:48,cust_3311811,ESMA,auto_loan,44005,36,598,medium,rejected,0,mobile,true,49
app_20250128_00000254,2025-01-28 02:53:49,cust_798713,DEHE,business_loan,8942,60,691,medium,rejected,0,call_center,false,160
app_20250128_00000255,2025-01-28 16:12:38,cust_7072364,CHBE,education_loan,28507,12,567,medium,approved,28507,partner,true,327
app_20250128_00000256,2025-01-28 14:02:39,cust_7296553,CZPR,auto_loan,31806,48,787,low,rejected,0,call_center,false,127
app_20250128_00000257,2025-01-28 05:08:02,cust_1366161,NLAM,mortgage,139812,180,561,medium,approved,139812,web,true,886
app_20250128_00000258,2025-01-28 19:51:32,cust_3120790,ITMI,business_loan,37101,60,758,low,approved,37101,call_center,true,837
app_20250128_00000259,2025-01-28 09:12:12,cust_1953150,BENL,mortgage,293267,180,574,medium,approved,293267,mobile,false,385
app_20250128_00000260,2025-01-28 20:51:36,cust_8245513,ATVI,education_loan,35789,12,660,medium,rejected,0,web,true,165
app_20250128_00000261,2025-01-28 13:53:49,cust_289697,SESV,education_loan,38804,24,728,low,approved,38804,partner,false,561
app_20250128_00000262,2025-01-28 07:30:37,cust_762885,UKLO,refinance,89720,360,648,medium,rejected,0,online_banking,true,28
app_20250128_00000263,2025-01-28 07:10:48,cust_3815673,ATVI,mortgage,209244,180,674,medium,approved,209244,call_center,false,519
app_20250128_00000264,2025-01-28 18:09:13,cust_8394187,PORP,refinance,466192,360,561,medium,rejected,0,mobile_app,true,13
app_20250128_00000265,2025-01-28 03:29:42,cust_8468193,DEHE,credit_card,12999,30,568,medium,approved,12999,online_banking,false,692
app_20250128_00000266,2025-01-28 00:07:06,cust_3786303,PORP,credit_card,47957,12,559,medium,rejected,0,mobile,true,88
app_20250128_00000267,2025-01-28 08:29:40,cust_609842,ATVI,mortgage,381192,360,642,medium,rejected,0,call_center,true,71
app_20250128_00000268,2025-01-28 19:02:52,cust_2675953,AUTR,credit_card,47939,42,687,medium,approved,47939,partner,true,510
app_20250128_00000269,2025-01-28 06:22:04,cust_3102187,FRID,auto_loan,14419,24,804,low,approved,14419,branch,false,273
app_20250128_00000270,2025-01-28 01:17:00,cust_6206950,ESMA,personal_loan,32528,12,660,medium,approved,32528,atm,false,560
app_20250128_00000271,2025-01-28 05:51:21,cust_1425656,BENL,business_loan,34246,24,698,medium,approved,34246,mobile,false,323
app_20250128_00000272,2025-01-28 15:45:13,cust_6344018,AUTR,personal_loan,41972,36,694,medium,approved,41972,mobile_app,true,79
app_20250128_00000273,2025-01-28 06:26:14,cust_4929656,GRRE,credit_card,39714,36,698,medium,approved,39714,atm,true,111
app_20250128_00000274,2025-01-28 12:39:24,cust_6075956,NLAM,personal_loan,3242,24,563,medium,rejected,0,branch,true,117
app_20250128_00000275,2025-01-28 06:13:09,cust_1134680,CZPR,personal_loan,20283,42,561,medium,approved,20283,atm,true,325
app_20250128_00000276,2025-01-28 16:53:42,cust_1137475,PORP,credit_card,11695,42,678,medium,rejected,0,mobile,false,15
app_20250128_00000277,2025-01-28 16:46:08,cust_2886205,GRRE,education_loan,36578,12,647,medium,approved,36578,mobile,true,111
app_20250128_00000278,2025-01-28 14:36:32,cust_8818696,GRRE,mortgage,195390,360,596,medium,approved,195390,mobile,true,578
app_20250128_00000279,2025-01-28 02:28:35,cust_2566815,GRRE,mortgage,106811,180,693,medium,approved,106811,mobile,true,812
app_20250128_00000280,2025-01-28 15:49:45,cust_9842857,DEHE,personal_loan,17873,42,513,medium,approved,17873,mobile,false,466
app_20250128_00000281,2025-01-28 21:20:51,cust_8160664,PLWA,mortgage,270525,300,731,low,approved,270525,atm,true,375
app_20250128_00000282,2025-01-28 05:02:38,cust_1275443,CZPR,refinance,482177,240,682,medium,approved,482177,mobile,true,882
app_20250128_00000283,2025-01-28 14:37:06,cust_3143887,GRRE,cash_loan,10709,36,503,medium,approved,10709,web,false,549
app_20250128_00000284,2025-01-28 06:53:14,cust_4331885,ATVI,personal_loan,43313,36,772,low,approved,43313,call_center,true,462
app_20250128_00000285,2025-01-28 04:58:27,cust_7983168,CZPR,auto_loan,51132,48,693,medium,approved,51132,call_center,true,659
app_20250128_00000286,2025-01-28 01:25:53,cust_9205392,AUTR,business_loan,30533,36,835,low,approved,30533,call_center,true,332
app_20250128_00000287,2025-01-28 08:18:29,cust_9278055,PORP,personal_loan,40370,12,578,medium,approved,40370,mobile,false,244
app_20250128_00000288,2025-01-28 09:57:47,cust_5485290,SESV,refinance,128160,120,575,medium,rejected,0,web,false,9
app_20250128_00000289,2025-01-28 14:29:37,cust_9258455,ATVI,cash_loan,26524,12,850,low,approved,26524,mobile_app,true,830
app_20250128_00000290,2025-01-28 20:02:17,cust_1119752,NLAM,mortgage,144193,120,633,medium,rejected,0,call_center,false,11
app_20250128_00000291,2025-01-28 14:11:04,cust_2947932,PLWA,personal_loan,30504,18,549,medium,approved,30504,mobile,true,442
app_20250128_00000292,2025-01-28 00:13:10,cust_1724987,SESV,mortgage,279447,180,592,medium,approved,279447,branch,false,600
app_20250128_00000293,2025-01-28 02:21:14,cust_2771119,CHBE,auto_loan,9726,36,661,medium,approved,9726,branch,true,350
app_20250128_00000294,2025-01-28 12:33:53,cust_6393166,ITMI,refinance,348476,300,573,medium,approved,348476,atm,false,335
app_20250128_00000295,2025-01-28 16:37:41,cust_668806,UKLO,mortgage,78619,300,680,medium,approved,78619,partner,true,532
app_20250128_00000296,2025-01-28 11:07:33,cust_9295779,GRRE,education_loan,9195,60,664,medium,approved,9195,branch,false,81
app_20250128_00000297,2025-01-28 19:52:58,cust_9697327,PLWA,personal_loan,19378,42,724,low,approved,19378,branch,true,208
app_20250128_00000298,2025-01-28 08:08:34,cust_3637623,SESV,education_loan,9049,36,419,high,rejected,0,mobile_app,false,84
app_20250128_00000299,2025-01-28 16:34:50,cust_4595053,ESMA,refinance,414099,180,508,medium,rejected,0,mobile,false,104
app_20250128_00000300,2025-01-28 14:17:41,cust_2765866,ITMI,personal_loan,38658,24,656,medium,approved,38658,mobile_app,false,784
app_20250128_00000301,2025-01-28 10:26:43,cust_7426150,GRRE,personal_loan,12734,30,540,medium,rejected,0,call_center,true,63
app_20250128_00000302,2025-01-28 16:34:56,cust_1351837,BENL,education_loan,24937,24,793,low,approved,24937,call_center,true,434
app_20250128_00000303,2025-01-28 06:05:52,cust_3912928,AUTR,auto_loan,5932,48,554,medium,rejected,0,partner,false,52
app_20250128_00000304,2025-01-28 21:00:07,cust_3590770,ESMA,business_loan,5602,60,747,low,approved,5602,online_banking,false,192
app_20250128_00000305,2025-01-28 12:24:11,cust_1631919,NLAM,cash_loan,10025,30,630,medium,rejected,0,call_center,true,43
app_20250128_00000306,2025-01-28 16:03:48,cust_3326456,ITMI,refinance,177648,240,588,medium,rejected,0,web,false,81
app_20250128_00000307,2025-01-28 21:53:13,cust_8988094,UKLO,education_loan,16502,36,693,medium,approved,16502,online_banking,true,182
app_20250128_00000308,2025-01-28 23:47:17,cust_317559,DEHE,refinance,440499,180,626,medium,rejected,0,atm,false,14
app_20250128_00000309,2025-01-28 08:53:05,cust_8958496,AUTR,refinance,456637,240,745,low,approved,456637,web,false,547
app_20250128_00000310,2025-01-28 13:09:13,cust_9362904,UKLO,auto_loan,43070,24,730,low,approved,43070,web,false,364
app_20250128_00000311,2025-01-28 10:10:53,cust_8829434,CHBE,business_loan,18453,12,534,medium,approved,18453,web,true,698
app_20250128_00000312,2025-01-28 03:33:56,cust_5422388,PORP,credit_card,32351,18,819,low,approved,32351,online_banking,false,637
app_20250128_00000313,2025-01-28 08:44:38,cust_7348284,SESV,personal_loan,34047,36,627,medium,approved,34047,branch,true,739
app_20250128_00000314,2025-01-28 19:13:38,cust_7983905,SESV,credit_card,24368,36,708,low,approved,24368,mobile,false,695
app_20250128_00000315,2025-01-28 06:01:10,cust_3918508,ATVI,mortgage,386635,300,672,medium,rejected,0,partner,false,125
app_20250128_00000316,2025-01-28 19:14:24,cust_5093463,ITMI,auto_loan,5639,72,625,medium,approved,5639,atm,false,54
app_20250128_00000317,2025-01-28 20:59:26,cust_1223765,DEHE,refinance,326902,360,625,medium,approved,326902,mobile,true,73
app_20250128_00000318,2025-01-28 18:40:13,cust_4124095,AUTR,credit_card,37098,24,600,medium,rejected,0,mobile,false,35
app_20250128_00000319,2025-01-28 19:28:50,cust_7830386,PORP,mortgage,282386,180,850,low,approved,282386,partner,false,867
app_20250128_00000320,2025-01-28 00:10:26,cust_9162183,BENL,credit_card,12004,30,487,high,rejected,0,web,false,108
app_20250128_00000321,2025-01-28 05:41:47,cust_3961580,DEHE,business_loan,15661,48,485,high,rejected,0,branch,true,81
app_20250128_00000322,2025-01-28 05:03:57,cust_6496613,GRRE,education_loan,26375,48,840,low,approved,26375,atm,true,568
app_20250128_00000323,2025-01-28 05:37:59,cust_8296466,SESV,mortgage,250134,360,667,medium,approved,250134,mobile,true,899
app_20250128_00000324,2025-01-28 12:39:29,cust_8118775,FRID,credit_card,18911,36,590,medium,approved,18911,mobile_app,true,166
app_20250128_00000325,2025-01-28 00:49:58,cust_286459,GRRE,mortgage,63865,300,774,low,approved,63865,call_center,true,302
app_20250128_00000326,2025-01-28 09:42:36,cust_5556583,ATVI,cash_loan,47357,30,533,medium,rejected,0,online_banking,true,159
app_20250128_00000327,2025-01-28 06:17:06,cust_3633747,DEHE,business_loan,24803,36,691,medium,approved,24803,online_banking,true,594
app_20250128_00000328,2025-01-28 06:58:50,cust_7050227,PORP,cash_loan,32391,36,651,medium,approved,32391,mobile,false,172
app_20250128_00000329,2025-01-28 15:39:33,cust_6409952,ATVI,mortgage,465200,180,600,medium,approved,465200,branch,false,831
app_20250128_00000330,2025-01-28 11:28:23,cust_4018765,FRID,education_loan,27179,36,731,low,rejected,0,web,true,44
app_20250128_00000331,2025-01-28 15:11:02,cust_6431457,NLAM,credit_card,19464,30,516,medium,rejected,0,partner,false,141
app_20250128_00000332,2025-01-28 11:03:17,cust_7038845,BENL,cash_loan,48846,42,542,medium,rejected,0,online_banking,false,96
app_20250128_00000333,2025-01-28 21:11:41,cust_2351623,CHBE,personal_loan,44527,48,434,high,rejected,0,mobile_app,false,121
app_20250128_00000334,2025-01-28 11:44:52,cust_2943240,AUTR,education_loan,16214,36,654,medium,approved,16214,online_banking,true,889
app_20250128_00000335,2025-01-28 01:39:03,cust_8573210,PLWA,credit_card,10742,30,850,low,approved,10742,mobile_app,false,428
app_20250128_00000336,2025-01-28 01:30:08,cust_5182308,DEHE,personal_loan,39303,42,619,medium,approved,39303,partner,false,69
app_20250128_00000337,2025-01-28 18:08:22,cust_9667328,PLWA,cash_loan,33846,24,740,low,approved,33846,online_banking,true,344
app_20250128_00000338,2025-01-28 01:42:08,cust_1493824,ESMA,education_loan,38116,48,536,medium,approved,38116,mobile,false,236
app_20250128_00000339,2025-01-28 20:22:13,cust_3902614,SESV,personal_loan,35908,48,715,low,approved,35908,web,false,771
app_20250128_00000340,2025-01-28 06:36:01,cust_6221000,CZPR,refinance,150048,120,565,medium,rejected,0,mobile,false,146
app_20250128_00000341,2025-01-28 08:14:48,cust_8759800,CZPR,mortgage,126336,120,625,medium,rejected,0,partner,true,150
app_20250128_00000342,2025-01-28 01:55:55,cust_2423866,UKLO,education_loan,20239,24,516,medium,approved,20239,branch,false,147
app_20250128_00000343,2025-01-28 09:44:20,cust_6644472,ATVI,mortgage,441130,120,679,medium,rejected,0,mobile_app,false,131
app_20250128_00000344,2025-01-28 08:25:04,cust_555432,SESV,education_loan,17250,36,670,medium,approved,17250,mobile,true,544
app_20250128_00000345,2025-01-28 04:04:57,cust_6957867,ATVI,education_loan,36514,48,850,low,approved,36514,web,true,635
app_20250128_00000346,2025-01-28 11:33:44,cust_6940593,PLWA,cash_loan,44262,48,695,medium,approved,44262,call_center,false,697
app_20250128_00000347,2025-01-28 08:50:30,cust_3090648,PORP,auto_loan,44249,60,517,medium,rejected,0,web,false,72
app_20250128_00000348,2025-01-28 12:57:29,cust_7842008,CHBE,personal_loan,44277,12,680,medium,approved,44277,branch,false,399
app_20250128_00000349,2025-01-28 17:59:09,cust_9560602,NLAM,cash_loan,42066,42,536,medium,rejected,0,online_banking,false,13
app_20250128_00000350,2025-01-28 07:08:56,cust_174291,BENL,business_loan,27977,60,538,medium,rejected,0,web,false,125
app_20250128_00000351,2025-01-28 03:32:28,cust_8160288,UKLO,mortgage,453654,240,751,low,approved,453654,online_banking,true,420
app_20250128_00000352,2025-01-28 02:00:48,cust_7677886,ITMI,credit_card,33677,48,547,medium,approved,33677,mobile_app,true,126
app_20250128_00000353,2025-01-28 11:47:15,cust_7304700,ATVI,refinance,324202,360,759,low,approved,324202,atm,false,597
app_20250128_00000354,2025-01-28 04:59:59,cust_2790470,PORP,business_loan,22097,36,634,medium,rejected,0,partner,false,33
app_20250128_00000355,2025-01-28 05:14:58,cust_7828823,PORP,refinance,137380,240,571,medium,approved,137380,call_center,true,733
app_20250128_00000356,2025-01-28 22:48:28,cust_9541633,FRID,credit_card,39097,30,722,low,approved,39097,call_center,false,589
app_20250128_00000357,2025-01-28 13:40:13,cust_880943,CZPR,auto_loan,5224,24,676,medium,rejected,0,mobile_app,true,71
app_20250128_00000358,2025-01-28 21:52:48,cust_7996392,PORP,cash_loan,46168,30,714,low,approved,46168,web,true,442
app_20250128_00000359,2025-01-28 08:50:43,cust_4280728,AUTR,credit_card,24340,36,539,medium,rejected,0,atm,false,123
app_20250128_00000360,2025-01-28 07:42:27,cust_5456394,PORP,mortgage,438638,180,659,medium,approved,438638,mobile_app,true,46
app_20250128_00000361,2025-01-28 03:27:29,cust_3077468,ATVI,business_loan,26039,60,520,medium,approved,26039,web,true,734
app_20250128_00000362,2025-01-28 04:24:16,cust_5858904,ESMA,education_loan,11772,48,785,low,approved,11772,partner,false,378
app_20250128_00000363,2025-01-28 12:02:59,cust_803452,CHBE,mortgage,61286,180,543,medium,approved,61286,call_center,true,408
app_20250128_00000364,2025-01-28 09:59:42,cust_7952209,GRRE,mortgage,391896,180,699,medium,rejected,0,branch,true,25
app_20250128_00000365,2025-01-28 23:03:15,cust_7533187,ITMI,education_loan,12061,36,696,medium,approved,12061,partner,false,69
app_20250128_00000366,2025-01-28 21:27:33,cust_9170158,SESV,auto_loan,17348,60,731,low,approved,17348,mobile,false,304
app_20250128_00000367,2025-01-28 09:06:44,cust_9592981,AUTR,cash_loan,11815,42,541,medium,rejected,0,mobile_app,true,152
app_20250128_00000368,2025-01-28 15:53:07,cust_5006836,UKLO,refinance,225621,300,712,low,approved,225621,web,true,662
app_20250128_00000369,2025-01-28 14:33:54,cust_459137,AUTR,refinance,403301,240,712,low,approved,403301,call_center,false,580
app_20250128_00000370,2025-01-28 09:52:36,cust_1190374,CZPR,credit_card,22673,18,604,medium,approved,22673,web,true,239
app_20250128_00000371,2025-01-28 21:04:18,cust_7450622,CZPR,personal_loan,37595,24,427,high,rejected,0,web,true,33
app_20250128_00000372,2025-01-28 18:28:10,cust_4965578,DEHE,mortgage,180054,360,841,low,approved,180054,partner,true,564
app_20250128_00000373,2025-01-28 18:35:54,cust_8453400,FRID,education_loan,24153,48,757,low,approved,24153,partner,false,497
app_20250128_00000374,2025-01-28 19:31:29,cust_2905997,SESV,personal_loan,33475,30,762,low,approved,33475,call_center,false,826
app_20250128_00000375,2025-01-28 05:39:34,cust_101945,DEHE,credit_card,12342,24,659,medium,approved,12342,online_banking,true,900
app_20250128_00000376,2025-01-28 18:14:39,cust_742911,DEHE,refinance,103581,180,656,medium,approved,103581,partner,true,753
app_20250128_00000377,2025-01-28 21:08:56,cust_7797442,GRRE,cash_loan,27580,18,554,medium,rejected,0,online_banking,true,37
app_20250128_00000378,2025-01-28 17:23:28,cust_6820731,BENL,personal_loan,24943,36,638,medium,approved,24943,atm,true,831
app_20250128_00000379,2025-01-28 05:32:00,cust_9953411,DEHE,refinance,261890,300,549,medium,rejected,0,online_banking,false,23
app_20250128_00000380,2025-01-28 00:39:17,cust_4029670,NLAM,cash_loan,15939,18,734,low,approved,15939,atm,false,424
app_20250128_00000381,2025-01-28 19:12:39,cust_3123978,ITMI,cash_loan,46592,24,760,low,approved,46592,mobile,false,512
app_20250128_00000382,2025-01-28 19:59:27,cust_9839628,AUTR,education_loan,2216,60,729,low,approved,2216,mobile,false,485
app_20250128_00000383,2025-01-28 12:22:20,cust_138001,ITMI,personal_loan,49736,36,632,medium,approved,49736,atm,true,241
app_20250128_00000384,2025-01-28 16:39:01,cust_8085375,ATVI,refinance,455527,120,550,medium,rejected,0,web,true,9
app_20250128_00000385,2025-01-28 14:49:44,cust_1644900,UKLO,cash_loan,39744,48,698,medium,rejected,0,call_center,true,108
app_20250128_00000386,2025-01-28 19:48:30,cust_136347,DEHE,credit_card,40935,30,449,high,rejected,0,call_center,false,83
app_20250128_00000387,2025-01-28 14:53:56,cust_7354578,NLAM,personal_loan,16129,24,665,medium,rejected,0,atm,false,98
app_20250128_00000388,2025-01-28 16:00:47,cust_7869686,AUTR,personal_loan,24943,12,750,low,approved,24943,online_banking,true,569
app_20250128_00000389,2025-01-28 20:11:45,cust_8507029,ATVI,business_loan,29921,60,631,medium,rejected,0,partner,true,55
app_20250128_00000390,2025-01-28 16:27:11,cust_6937383,SESV,auto_loan,15906,48,503,medium,approved,15906,mobile_app,false,671
app_20250128_00000391,2025-01-28 11:53:40,cust_873475,ATVI,credit_card,38653,12,630,medium,approved,38653,mobile_app,true,671
app_20250128_00000392,2025-01-28 10:03:28,cust_6968193,PORP,business_loan,25720,60,634,medium,approved,25720,web,false,778
app_20250128_00000393,2025-01-28 18:17:55,cust_7711346,SESV,auto_loan,20024,24,371,high,rejected,0,atm,true,97
app_20250128_00000394,2025-01-28 06:37:39,cust_8166021,FRID,credit_card,12931,18,605,medium,approved,12931,mobile_app,true,192
app_20250128_00000395,2025-01-28 07:53:30,cust_4341509,SESV,education_loan,36220,60,728,low,approved,36220,call_center,false,384
app_20250128_00000396,2025-01-28 02:30:13,cust_9416438,GRRE,personal_loan,18515,48,665,medium,approved,18515,web,false,371
app_20250128_00000397,2025-01-28 07:53:23,cust_2205531,DEHE,mortgage,394876,360,570,medium,rejected,0,web,false,88
app_20250128_00000398,2025-01-28 06:30:39,cust_5160098,CHBE,auto_loan,27958,48,725,low,approved,27958,partner,true,401
app_20250128_00000399,2025-01-28 20:42:30,cust_4009274,BENL,auto_loan,16910,36,704,low,approved,16910,online_banking,false,97
app_20250128_00000400,2025-01-28 10:25:24,cust_684010,BENL,refinance,208381,120,518,medium,rejected,0,call_center,true,159
app_20250128_00000401,2025-01-28 22:50:00,cust_8048039,PLWA,credit_card,3958,36,602,medium,approved,3958,atm,false,364
app_20250128_00000402,2025-01-28 21:00:43,cust_5014398,FRID,business_loan,6941,48,625,medium,approved,6941,call_center,true,736
app_20250128_00000403,2025-01-28 17:31:49,cust_2924780,UKLO,refinance,370516,120,654,medium,rejected,0,atm,false,37
app_20250128_00000404,2025-01-28 22:00:43,cust_6545758,DEHE,refinance,130455,180,603,medium,approved,130455,web,true,750
app_20250128_00000405,2025-01-28 19:03:59,cust_6955391,UKLO,education_loan,4782,48,640,medium,approved,4782,mobile_app,false,233
app_20250128_00000406,2025-01-28 13:08:19,cust_297222,PLWA,auto_loan,10903,24,652,medium,approved,10903,mobile_app,false,499
app_20250128_00000407,2025-01-28 21:15:25,cust_5153285,ATVI,credit_card,22989,24,454,high,rejected,0,atm,true,41
app_20250128_00000408,2025-01-28 23:48:49,cust_4727782,PORP,cash_loan,10151,30,720,low,approved,10151,web,true,606
app_20250128_00000409,2025-01-28 15:20:34,cust_1789691,NLAM,auto_loan,21163,60,652,medium,rejected,0,online_banking,true,52
app_20250128_00000410,2025-01-28 20:08:24,cust_911687,SESV,education_loan,38944,60,850,low,approved,38944,branch,false,258
app_20250128_00000411,2025-01-28 14:14:25,cust_9421435,SESV,credit_card,32581,18,611,medium,approved,32581,online_banking,true,593
app_20250128_00000412,2025-01-28 23:19:07,cust_7608057,ITMI,personal_loan,14462,18,734,low,approved,14462,mobile_app,true,117
app_20250128_00000413,2025-01-28 03:41:43,cust_3062460,PORP,business_loan,9030,36,765,low,approved,9030,branch,true,575
app_20250128_00000414,2025-01-28 22:21:09,cust_4464820,CZPR,education_loan,7061,48,519,medium,approved,7061,web,true,207
app_20250128_00000415,2025-01-28 15:25:17,cust_1977755,FRID,cash_loan,44109,12,789,low,approved,44109,atm,true,561
app_20250128_00000416,2025-01-28 03:02:01,cust_2940286,GRRE,education_loan,18178,60,850,low,approved,18178,branch,true,805
app_20250128_00000417,2025-01-28 11:27:08,cust_6387343,AUTR,auto_loan,28453,60,607,medium,approved,28453,mobile,false,161
app_20250128_00000418,2025-01-28 23:31:10,cust_4265286,CHBE,mortgage,192763,300,552,medium,rejected,0,mobile,false,179
app_20250128_00000419,2025-01-28 00:51:37,cust_6753478,ESMA,mortgage,478306,360,634,medium,approved,478306,partner,true,445
app_20250128_00000420,2025-01-28 16:27:35,cust_6233477,AUTR,refinance,404970,300,568,medium,approved,404970,mobile_app,true,82
app_20250128_00000421,2025-01-28 08:51:02,cust_8766266,BENL,refinance,136845,120,711,low,approved,136845,mobile_app,true,879
app_20250128_00000422,2025-01-28 23:54:38,cust_3143467,GRRE,cash_loan,10810,24,702,low,approved,10810,mobile,true,33
app_20250128_00000423,2025-01-28 17:40:58,cust_2722914,GRRE,mortgage,265019,300,510,medium,approved,265019,branch,false,733
app_20250128_00000424,2025-01-28 09:43:04,cust_231963,FRID,refinance,404271,300,563,medium,rejected,0,mobile_app,true,80
app_20250128_00000425,2025-01-28 01:34:10,cust_879438,GRRE,refinance,286842,240,649,medium,rejected,0,call_center,false,31
app_20250128_00000426,2025-01-28 04:01:19,cust_440881,GRRE,refinance,493828,180,658,medium,rejected,0,online_banking,true,57
app_20250128_00000427,2025-01-28 00:22:06,cust_3736249,PLWA,personal_loan,12356,12,631,medium,approved,12356,mobile_app,false,773
app_20250128_00000428,2025-01-28 07:43:23,cust_4327239,CZPR,business_loan,8439,24,585,medium,approved,8439,atm,true,270
app_20250128_00000429,2025-01-28 15:29:35,cust_4503196,PLWA,business_loan,17489,60,680,medium,approved,17489,online_banking,false,339
app_20250128_00000430,2025-01-28 10:40:12,cust_6879169,UKLO,credit_card,32260,18,503,medium,rejected,0,branch,false,148
app_20250128_00000431,2025-01-28 09:16:48,cust_3132319,ATVI,cash_loan,37795,48,428,high,approved,37795,mobile,true,607
app_20250128_00000432,2025-01-28 11:11:59,cust_7037265,ITMI,auto_loan,45772,36,766,low,approved,45772,mobile_app,true,574
app_20250128_00000433,2025-01-28 18:39:51,cust_6038753,FRID,refinance,133710,120,609,medium,approved,133710,web,false,499
app_20250128_00000434,2025-01-28 09:20:47,cust_5286773,PLWA,auto_loan,19098,24,531,medium,approved,19098,web,true,758
app_20250128_00000435,2025-01-28 14:42:40,cust_6236450,SESV,education_loan,11706,12,546,medium,approved,11706,web,true,869
app_20250128_00000436,2025-01-28 21:56:08,cust_717830,NLAM,cash_loan,15460,36,496,high,rejected,0,mobile_app,true,110
app_20250128_00000437,2025-01-28 23:28:14,cust_9950997,CHBE,business_loan,26071,24,749,low,approved,26071,mobile_app,true,726
app_20250128_00000438,2025-01-28 09:22:23,cust_9487560,ESMA,cash_loan,45760,30,745,low,approved,45760,online_banking,false,458
app_20250128_00000439,2025-01-28 10:01:14,cust_3978443,NLAM,cash_loan,34619,12,549,medium,approved,34619,atm,false,30
app_20250128_00000440,2025-01-28 13:01:34,cust_5993959,BENL,mortgage,417538,120,522,medium,rejected,0,mobile_app,false,35
app_20250128_00000441,2025-01-28 05:12:40,cust_5331630,ITMI,auto_loan,59583,60,778,low,approved,59583,partner,false,853
app_20250128_00000442,2025-01-28 08:39:53,cust_1131202,PORP,credit_card,39758,36,621,medium,approved,39758,online_banking,true,868
app_20250128_00000443,2025-01-28 03:06:38,cust_8360989,PORP,personal_loan,17291,30,788,low,approved,17291,partner,false,435
app_20250128_00000444,2025-01-28 02:02:00,cust_1462644,AUTR,credit_card,15166,30,507,medium,rejected,0,branch,true,133
app_20250128_00000445,2025-01-28 12:53:31,cust_8724012,PLWA,personal_loan,18396,12,768,low,approved,18396,branch,false,206
app_20250128_00000446,2025-01-28 21:24:15,cust_4277366,GRRE,credit_card,47183,42,542,medium,approved,47183,branch,false,768
app_20250128_00000447,2025-01-28 17:14:52,cust_2101012,ATVI,refinance,153368,300,482,high,rejected,0,partner,true,105
app_20250128_00000448,2025-01-28 00:41:40,cust_6832503,BENL,education_loan,22906,12,733,low,approved,22906,atm,false,397
app_20250128_00000449,2025-01-28 18:43:18,cust_267899,ITMI,credit_card,38188,36,544,medium,approved,38188,mobile,false,382
app_20250128_00000450,2025-01-28 09:08:16,cust_7692241,UKLO,mortgage,489223,180,850,low,approved,489223,partner,false,341
app_20250128_00000451,2025-01-28 21:04:52,cust_7684831,NLAM,cash_loan,34811,30,537,medium,rejected,0,atm,false,15
app_20250128_00000452,2025-01-28 09:35:07,cust_7185719,GRRE,education_loan,4538,36,530,medium,rejected,0,mobile,true,8
app_20250128_00000453,2025-01-28 04:13:59,cust_4282154,NLAM,credit_card,41880,24,640,medium,approved,41880,partner,false,794
app_20250128_00000454,2025-01-28 09:28:49,cust_2008291,ESMA,mortgage,309155,180,643,medium,approved,309155,online_banking,true,248
app_20250128_00000455,2025-01-28 11:08:54,cust_8779304,ATVI,cash_loan,29773,36,689,medium,approved,29773,mobile_app,true,190
app_20250128_00000456,2025-01-28 07:32:59,cust_5625537,DEHE,personal_loan,29419,18,671,medium,approved,29419,call_center,false,112
app_20250128_00000457,2025-01-28 14:15:42,cust_6701003,PORP,credit_card,2686,30,745,low,rejected,0,web,false,76
app_20250128_00000458,2025-01-28 17:33:51,cust_5804791,BENL,mortgage,214440,120,719,low,approved,214440,online_banking,true,827
app_20250128_00000459,2025-01-28 18:11:13,cust_1775149,ITMI,business_loan,25667,36,801,low,approved,25667,branch,false,539
app_20250128_00000460,2025-01-28 21:55:40,cust_7213994,ATVI,auto_loan,54737,48,512,medium,rejected,0,mobile_app,false,137
app_20250128_00000461,2025-01-28 09:45:50,cust_701758,DEHE,personal_loan,46697,36,655,medium,approved,46697,branch,true,80
app_20250128_00000462,2025-01-28 17:55:45,cust_715075,UKLO,cash_loan,30552,30,443,high,rejected,0,branch,false,180
app_20250128_00000463,2025-01-28 03:55:52,cust_7184312,FRID,business_loan,29699,48,720,low,approved,29699,mobile,true,782
app_20250128_00000464,2025-01-28 16:04:20,cust_4372937,PORP,auto_loan,51998,48,462,high,rejected,0,online_banking,false,79
app_20250128_00000465,2025-01-28 15:48:09,cust_1013271,CZPR,business_loan,8493,36,703,low,rejected,0,mobile,true,88
app_20250128_00000466,2025-01-28 02:09:53,cust_2032045,DEHE,education_loan,10738,24,692,medium,rejected,0,mobile,false,153
app_20250128_00000467,2025-01-28 23:53:19,cust_202662,ESMA,business_loan,2755,12,837,low,approved,2755,branch,false,36
app_20250128_00000468,2025-01-28 15:52:20,cust_2084910,GRRE,business_loan,19637,36,669,medium,approved,19637,mobile,true,803
app_20250128_00000469,2025-01-28 07:52:36,cust_8927962,ITMI,business_loan,35090,36,603,medium,approved,35090,web,false,383
app_20250128_00000470,2025-01-28 08:52:13,cust_4240022,ESMA,mortgage,67720,240,729,low,approved,67720,mobile_app,false,373
app_20250128_00000471,2025-01-28 23:06:16,cust_2758132,CZPR,education_loan,33792,36,587,medium,rejected,0,partner,true,29
app_20250128_00000472,2025-01-28 15:23:40,cust_1813694,GRRE,mortgage,131179,240,699,medium,rejected,0,call_center,true,54
app_20250128_00000473,2025-01-28 22:51:33,cust_8726728,BENL,refinance,127549,180,811,low,approved,127549,branch,true,609
app_20250128_00000474,2025-01-28 15:55:34,cust_9378328,UKLO,education_loan,26953,24,739,low,approved,26953,mobile_app,false,54
app_20250128_00000475,2025-01-28 10:39:42,cust_497461,CZPR,mortgage,242532,180,476,high,approved,242532,branch,true,720
app_20250128_00000476,2025-01-28 04:26:24,cust_1749402,UKLO,education_loan,24608,60,723,low,rejected,0,branch,true,142
app_20250128_00000477,2025-01-28 10:19:04,cust_5444754,NLAM,business_loan,27561,36,632,medium,rejected,0,web,true,166
app_20250128_00000478,2025-01-28 18:58:50,cust_3294991,CHBE,mortgage,212143,300,645,medium,approved,212143,mobile,true,357
app_20250128_00000479,2025-01-28 08:56:28,cust_9334504,ITMI,personal_loan,20545,36,563,medium,approved,20545,online_banking,false,103
app_20250128_00000480,2025-01-28 13:57:31,cust_4402810,BENL,personal_loan,17604,36,372,high,rejected,0,web,true,58
app_20250128_00000481,2025-01-28 22:57:42,cust_8496194,PLWA,business_loan,29419,12,635,medium,approved,29419,web,true,125
app_20250128_00000482,2025-01-28 22:40:34,cust_1217631,BENL,education_loan,16529,48,496,high,rejected,0,web,true,161
app_20250128_00000483,2025-01-28 07:19:48,cust_4091101,CZPR,business_loan,14786,36,511,medium,approved,14786,call_center,false,617
app_20250128_00000484,2025-01-28 18:41:58,cust_341370,ITMI,mortgage,470276,240,705,low,approved,470276,atm,true,569
app_20250128_00000485,2025-01-28 11:35:10,cust_6270943,AUTR,education_loan,31162,24,723,low,approved,31162,call_center,true,306
app_20250128_00000486,2025-01-28 02:47:37,cust_3169880,UKLO,business_loan,2261,24,703,low,approved,2261,call_center,true,684
app_20250128_00000487,2025-01-28 16:47:42,cust_8336537,SESV,cash_loan,39865,18,622,medium,approved,39865,web,true,649
app_20250128_00000488,2025-01-28 03:13:28,cust_5360558,BENL,mortgage,318722,300,517,medium,approved,318722,mobile,true,411
app_20250128_00000489,2025-01-28 10:19:37,cust_5423531,ATVI,education_loan,19836,48,652,medium,approved,19836,mobile,false,580
app_20250128_00000490,2025-01-28 08:58:08,cust_2082045,FRID,business_loan,12581,24,574,medium,rejected,0,partner,false,66
app_20250128_00000491,2025-01-28 20:39:37,cust_7440191,CHBE,refinance,448415,240,743,low,approved,448415,partner,false,80
app_20250128_00000492,2025-01-28 09:10:25,cust_6371616,DEHE,mortgage,262911,120,761,low,approved,262911,web,true,476
app_20250128_00000493,2025-01-28 13:08:42,cust_4787679,GRRE,education_loan,36488,36,659,medium,rejected,0,call_center,true,56
app_20250128_00000494,2025-01-28 01:33:11,cust_4134421,DEHE,personal_loan,42669,24,633,medium,rejected,0,partner,false,48
app_20250128_00000495,2025-01-28 17:55:48,cust_2116702,FRID,mortgage,171364,360,680,medium,rejected,0,mobile,false,90
app_20250128_00000496,2025-01-28 09:37:31,cust_4534678,SESV,refinance,447278,180,690,medium,approved,447278,partner,true,764
app_20250128_00000497,2025-01-28 09:37:02,cust_8305189,SESV,auto_loan,38601,36,537,medium,approved,38601,mobile,false,806
app_20250128_00000498,2025-01-28 23:50:08,cust_7207519,CHBE,auto_loan,31117,24,653,medium,rejected,0,mobile_app,false,34
app_20250128_00000499,2025-01-28 03:06:26,cust_9258362,UKLO,mortgage,282617,360,575,medium,rejected,0,web,false,108
app_20250128_00000500,2025-01-28 14:15:21,cust_5954584,CZPR,auto_loan,29418,24,523,medium,approved,29418,branch,false,611
app_20250128_00000501,2025-01-28 07:37:08,cust_589418,ITMI,auto_loan,49166,72,617,medium,approved,49166,mobile_app,false,616
app_20250128_00000502,2025-01-28 06:30:11,cust_8716876,DEHE,education_loan,29768,60,645,medium,rejected,0,partner,false,137
app_20250128_00000503,2025-01-28 13:22:39,cust_3448692,PLWA,business_loan,29889,60,592,medium,rejected,0,online_banking,true,58
app_20250128_00000504,2025-01-28 07:49:18,cust_210233,PLWA,business_loan,11667,48,631,medium,approved,11667,online_banking,false,798
app_20250128_00000505,2025-01-28 00:02:50,cust_7018248,PLWA,mortgage,240010,180,677,medium,rejected,0,online_banking,true,163
app_20250128_00000506,2025-01-28 16:30:57,cust_1254373,DEHE,credit_card,41183,12,629,medium,approved,41183,partner,false,888
app_20250128_00000507,2025-01-28 16:47:13,cust_9194660,FRID,education_loan,27663,12,674,medium,approved,27663,mobile_app,true,491
app_20250128_00000508,2025-01-28 18:59:25,cust_5466252,DEHE,business_loan,21564,24,790,low,approved,21564,web,false,794
app_20250128_00000509,2025-01-28 23:13:29,cust_4762629,AUTR,refinance,77764,300,755,low,approved,77764,mobile,true,639
app_20250128_00000510,2025-01-28 10:31:14,cust_1525921,CZPR,education_loan,37840,48,486,high,approved,37840,mobile,true,138
app_20250128_00000511,2025-01-28 12:51:24,cust_9811799,GRRE,cash_loan,24360,48,439,high,rejected,0,mobile,false,117
app_20250128_00000512,2025-01-28 18:43:06,cust_5491309,SESV,credit_card,16598,18,703,low,rejected,0,partner,false,104
app_20250128_00000513,2025-01-28 02:12:37,cust_8162698,GRRE,mortgage,453751,240,575,medium,approved,453751,atm,true,431
app_20250128_00000514,2025-01-28 22:21:02,cust_9304946,PLWA,credit_card,7422,36,699,medium,approved,7422,branch,false,216
app_20250128_00000515,2025-01-28 21:07:47,cust_2422861,BENL,refinance,195129,180,617,medium,rejected,0,partner,true,72
app_20250128_00000516,2025-01-28 16:38:59,cust_9473831,AUTR,education_loan,33681,24,628,medium,approved,33681,web,true,544
app_20250128_00000517,2025-01-28 08:42:38,cust_2065013,UKLO,mortgage,116217,180,517,medium,rejected,0,online_banking,true,34
app_20250128_00000518,2025-01-28 18:51:12,cust_2411430,UKLO,business_loan,11020,12,467,high,rejected,0,partner,true,32
app_20250128_00000519,2025-01-28 00:58:22,cust_6857694,UKLO,business_loan,4212,48,646,medium,rejected,0,mobile_app,true,122
app_20250128_00000520,2025-01-28 04:37:49,cust_882729,ITMI,business_loan,35091,60,667,medium,approved,35091,online_banking,false,583
app_20250128_00000521,2025-01-28 13:35:34,cust_5361563,SESV,cash_loan,7161,12,641,medium,rejected,0,mobile_app,true,129
app_20250128_00000522,2025-01-28 14:25:26,cust_4267052,PORP,education_loan,35574,48,748,low,rejected,0,web,false,173
app_20250128_00000523,2025-01-28 05:14:44,cust_1875600,CZPR,credit_card,3726,30,700,low,approved,3726,atm,true,410
app_20250128_00000524,2025-01-28 23:08:14,cust_5439212,NLAM,auto_loan,34898,72,696,medium,approved,34898,atm,false,242
app_20250128_00000525,2025-01-28 15:47:30,cust_7454500,NLAM,business_loan,36700,48,724,low,approved,36700,atm,true,254
app_20250128_00000526,2025-01-28 07:24:29,cust_1439368,CZPR,credit_card,1646,42,703,low,approved,1646,call_center,true,227
app_20250128_00000527,2025-01-28 17:47:12,cust_7045730,FRID,auto_loan,23043,36,701,low,approved,23043,partner,false,759
app_20250128_00000528,2025-01-28 03:42:55,cust_9332518,SESV,business_loan,23419,12,612,medium,rejected,0,web,true,44
app_20250128_00000529,2025-01-28 11:56:13,cust_6538833,DEHE,business_loan,8351,24,801,low,rejected,0,atm,true,162
app_20250128_00000530,2025-01-28 19:10:59,cust_3606559,DEHE,education_loan,19535,12,784,low,approved,19535,call_center,true,804
app_20250128_00000531,2025-01-28 10:48:31,cust_9324364,GRRE,mortgage,62574,360,583,medium,rejected,0,mobile,false,77
app_20250128_00000532,2025-01-28 04:31:29,cust_1049608,ESMA,personal_loan,29562,36,626,medium,approved,29562,partner,true,678
app_20250128_00000533,2025-01-28 05:01:39,cust_5379264,SESV,business_loan,5447,24,611,medium,approved,5447,mobile_app,false,75
app_20250128_00000534,2025-01-28 21:53:09,cust_2347913,ESMA,mortgage,348219,240,552,medium,approved,348219,web,true,462
app_20250128_00000535,2025-01-28 02:02:48,cust_2522044,UKLO,business_loan,25795,60,615,medium,rejected,0,partner,false,139
app_20250128_00000536,2025-01-28 12:34:42,cust_1542172,CZPR,refinance,268201,120,683,medium,approved,268201,partner,false,726
app_20250128_00000537,2025-01-28 05:41:57,cust_1984201,SESV,credit_card,33418,18,614,medium,approved,33418,mobile_app,false,772
app_20250128_00000538,2025-01-28 06:30:28,cust_1803323,GRRE,mortgage,151102,300,664,medium,rejected,0,mobile,true,149
app_20250128_00000539,2025-01-28 21:35:43,cust_534473,UKLO,refinance,174290,360,534,medium,approved,174290,online_banking,true,117
app_20250128_00000540,2025-01-28 02:08:27,cust_1432871,CHBE,education_loan,29220,12,676,medium,approved,29220,web,false,859
app_20250128_00000541,2025-01-28 17:12:47,cust_7144158,AUTR,education_loan,32536,60,501,medium,approved,32536,web,false,439
app_20250128_00000542,2025-01-28 18:16:02,cust_9249584,UKLO,auto_loan,46940,60,602,medium,approved,46940,mobile,true,356
app_20250128_00000543,2025-01-28 06:42:28,cust_6010816,AUTR,refinance,115564,180,593,medium,rejected,0,atm,true,103
app_20250128_00000544,2025-01-28 12:45:56,cust_6993147,PLWA,business_loan,28206,48,613,medium,approved,28206,partner,false,806
app_20250128_00000545,2025-01-28 05:48:06,cust_5543429,BENL,education_loan,15051,60,566,medium,approved,15051,web,true,617
app_20250128_00000546,2025-01-28 16:52:28,cust_2041744,NLAM,education_loan,9589,48,723,low,approved,9589,partner,true,542
app_20250128_00000547,2025-01-28 04:51:48,cust_1196915,PORP,personal_loan,43366,42,656,medium,rejected,0,web,true,125
app_20250128_00000548,2025-01-28 06:26:19,cust_7306245,FRID,cash_loan,47695,24,850,low,approved,47695,atm,true,848
app_20250128_00000549,2025-01-28 05:20:00,cust_9007913,FRID,cash_loan,37338,48,595,medium,rejected,0,web,true,19
app_20250128_00000550,2025-01-28 17:55:40,cust_3193166,PORP,refinance,333135,300,642,medium,approved,333135,call_center,false,616
app_20250128_00000551,2025-01-28 02:08:59,cust_1464678,DEHE,personal_loan,35034,30,848,low,approved,35034,mobile,false,682
app_20250128_00000552,2025-01-28 11:12:25,cust_5494593,DEHE,mortgage,118351,180,655,medium,rejected,0,mobile,true,153
app_20250128_00000553,2025-01-28 00:12:10,cust_5663704,ESMA,cash_loan,45513,12,617,medium,approved,45513,branch,false,329
app_20250128_00000554,2025-01-28 10:57:10,cust_6661868,NLAM,auto_loan,58206,72,564,medium,approved,58206,web,true,743
app_20250128_00000555,2025-01-28 10:57:42,cust_5128392,CHBE,education_loan,32405,24,730,low,approved,32405,branch,true,771
app_20250128_00000556,2025-01-28 02:27:33,cust_293257,CZPR,mortgage,136183,360,594,medium,rejected,0,partner,false,144
app_20250128_00000557,2025-01-28 06:48:28,cust_2810438,GRRE,business_loan,17123,12,614,medium,rejected,0,mobile_app,false,113
app_20250128_00000558,2025-01-28 14:22:27,cust_6427634,BENL,education_loan,27331,60,641,medium,approved,27331,mobile,false,457
app_20250128_00000559,2025-01-28 08:10:40,cust_3628102,ATVI,personal_loan,32213,36,642,medium,approved,32213,partner,true,441
app_20250128_00000560,2025-01-28 05:45:50,cust_7752137,ATVI,education_loan,19831,36,581,medium,approved,19831,atm,true,40
app_20250128_00000561,2025-01-28 10:49:43,cust_7779668,PLWA,auto_loan,31229,24,611,medium,rejected,0,partner,true,17
app_20250128_00000562,2025-01-28 09:37:15,cust_4633476,NLAM,mortgage,348260,300,600,medium,approved,348260,partner,false,255
app_20250128_00000563,2025-01-28 00:42:34,cust_8565112,FRID,credit_card,26691,30,630,medium,approved,26691,branch,true,534
app_20250128_00000564,2025-01-28 03:47:01,cust_4834354,ITMI,mortgage,420055,300,430,high,rejected,0,mobile,false,176
app_20250128_00000565,2025-01-28 11:53:16,cust_3836199,ESMA,personal_loan,16839,24,625,medium,rejected,0,online_banking,false,50
app_20250128_00000566,2025-01-28 04:50:06,cust_8053602,BENL,mortgage,245671,240,731,low,approved,245671,atm,false,693
app_20250128_00000567,2025-01-28 20:53:31,cust_1720164,ITMI,refinance,316711,120,556,medium,approved,316711,web,true,164
app_20250128_00000568,2025-01-28 23:20:46,cust_1228232,FRID,refinance,409372,180,632,medium,approved,409372,branch,false,122
app_20250128_00000569,2025-01-28 19:50:42,cust_1975776,DEHE,education_loan,8868,24,609,medium,approved,8868,mobile_app,false,151
app_20250128_00000570,2025-01-28 05:32:04,cust_7321336,PORP,auto_loan,53684,36,722,low,approved,53684,online_banking,false,173
app_20250128_00000571,2025-01-28 02:11:57,cust_1011484,FRID,auto_loan,50976,48,552,medium,rejected,0,online_banking,false,115
app_20250128_00000572,2025-01-28 04:09:08,cust_7266976,BENL,auto_loan,26908,36,750,low,rejected,0,partner,true,90
app_20250128_00000573,2025-01-28 11:43:46,cust_2006909,PLWA,mortgage,86417,360,682,medium,approved,86417,atm,true,239
app_20250128_00000574,2025-01-28 19:48:29,cust_5201701,PORP,cash_loan,47016,42,568,medium,rejected,0,online_banking,true,46
app_20250128_00000575,2025-01-28 02:20:49,cust_2423197,AUTR,education_loan,14722,24,675,medium,approved,14722,mobile,false,681
app_20250128_00000576,2025-01-28 07:19:07,cust_7309475,PORP,mortgage,56253,300,737,low,approved,56253,branch,false,181
app_20250128_00000577,2025-01-28 09:18:56,cust_7850686,PLWA,personal_loan,47224,36,648,medium,rejected,0,call_center,false,170
app_20250128_00000578,2025-01-28 22:15:47,cust_738417,CZPR,credit_card,4630,24,624,medium,approved,4630,mobile_app,false,713
app_20250128_00000579,2025-01-28 16:48:23,cust_9651090,BENL,refinance,80959,240,657,medium,rejected,0,partner,false,61
app_20250128_00000580,2025-01-28 10:44:14,cust_5613297,PLWA,mortgage,414461,180,671,medium,approved,414461,mobile_app,false,129
app_20250128_00000581,2025-01-28 11:46:02,cust_7896971,NLAM,personal_loan,31838,24,743,low,approved,31838,mobile_app,false,62
app_20250128_00000582,2025-01-28 17:31:07,cust_8493965,PORP,cash_loan,15412,48,589,medium,approved,15412,call_center,false,254
app_20250128_00000583,2025-01-28 05:39:04,cust_2683784,SESV,business_loan,31372,36,646,medium,approved,31372,online_banking,false,312
app_20250128_00000584,2025-01-28 12:21:06,cust_8858395,DEHE,personal_loan,47348,12,431,high,rejected,0,call_center,true,78
app_20250128_00000585,2025-01-28 14:00:42,cust_5016458,PORP,cash_loan,33666,18,761,low,approved,33666,branch,true,337
app_20250128_00000586,2025-01-28 06:35:43,cust_8359667,NLAM,business_loan,11057,12,788,low,approved,11057,mobile,true,482
app_20250128_00000587,2025-01-28 08:25:48,cust_1450367,BENL,refinance,209505,120,731,low,approved,209505,call_center,true,886
app_20250128_00000588,2025-01-28 15:00:14,cust_9980443,UKLO,mortgage,151310,360,839,low,approved,151310,online_banking,true,154
app_20250128_00000589,2025-01-28 22:30:07,cust_8821731,DEHE,mortgage,129823,180,686,medium,approved,129823,mobile,false,534
app_20250128_00000590,2025-01-28 20:19:33,cust_8927407,PLWA,credit_card,8280,18,565,medium,approved,8280,web,true,896
app_20250128_00000591,2025-01-28 08:05:09,cust_7062305,ESMA,cash_loan,43137,12,607,medium,approved,43137,atm,false,378
app_20250128_00000592,2025-01-28 21:36:03,cust_5141501,ATVI,refinance,258179,180,511,medium,approved,258179,mobile_app,false,362
app_20250128_00000593,2025-01-28 15:41:41,cust_3864480,UKLO,cash_loan,13763,12,491,high,approved,13763,mobile,true,443
app_20250128_00000594,2025-01-28 16:51:57,cust_2203025,UKLO,personal_loan,20427,30,636,medium,approved,20427,web,true,780
app_20250128_00000595,2025-01-28 02:30:40,cust_3966242,CHBE,refinance,131979,240,782,low,approved,131979,atm,true,339
app_20250128_00000596,2025-01-28 09:19:25,cust_3509084,UKLO,auto_loan,50585,72,782,low,approved,50585,atm,true,271
app_20250128_00000597,2025-01-28 05:13:58,cust_7574345,ATVI,auto_loan,28410,72,737,low,approved,28410,online_banking,false,90
app_20250128_00000598,2025-01-28 05:58:38,cust_6847364,CHBE,education_loan,25469,36,653,medium,approved,25469,partner,true,843
app_20250128_00000599,2025-01-28 08:18:05,cust_4106180,ATVI,credit_card,28502,18,666,medium,approved,28502,call_center,true,627
app_20250128_00000600,2025-01-28 12:26:10,cust_508804,PLWA,cash_loan,36651,24,640,medium,rejected,0,web,false,31
app_20250128_00000601,2025-01-28 23:27:57,cust_8986764,ESMA,personal_loan,29504,30,582,medium,rejected,0,web,true,166
app_20250128_00000602,2025-01-28 06:10:42,cust_760531,ITMI,education_loan,6209,48,674,medium,approved,6209,branch,true,758
app_20250128_00000603,2025-01-28 21:58:28,cust_6120442,PLWA,education_loan,18294,36,711,low,approved,18294,web,true,855
app_20250128_00000604,2025-01-28 08:28:53,cust_4378595,ESMA,education_loan,33406,60,489,high,approved,33406,mobile_app,true,630
app_20250128_00000605,2025-01-28 23:18:44,cust_9307057,SESV,credit_card,12012,42,787,low,approved,12012,atm,true,880
app_20250128_00000606,2025-01-28 14:49:15,cust_2085106,CZPR,auto_loan,23735,60,540,medium,approved,23735,mobile_app,false,707
app_20250128_00000607,2025-01-28 04:40:03,cust_2998247,ITMI,auto_loan,38776,60,553,medium,approved,38776,atm,true,758
app_20250128_00000608,2025-01-28 00:11:16,cust_6691704,CZPR,business_loan,27757,60,549,medium,approved,27757,atm,false,557
app_20250128_00000609,2025-01-28 06:01:28,cust_8706748,PLWA,refinance,172990,360,673,medium,approved,172990,mobile_app,true,136
app_20250128_00000610,2025-01-28 02:45:45,cust_1465442,ITMI,auto_loan,23913,24,756,low,approved,23913,mobile,true,131
app_20250128_00000611,2025-01-28 01:51:02,cust_2532850,SESV,credit_card,40036,48,657,medium,approved,40036,online_banking,false,86
app_20250128_00000612,2025-01-28 02:10:15,cust_3045808,ITMI,personal_loan,18154,24,655,medium,approved,18154,mobile_app,true,588
app_20250128_00000613,2025-01-28 02:16:09,cust_8347503,CZPR,auto_loan,36379,60,715,low,approved,36379,partner,true,893
app_20250128_00000614,2025-01-28 04:06:45,cust_5363986,GRRE,cash_loan,28257,36,667,medium,approved,28257,web,false,365
app_20250128_00000615,2025-01-28 09:47:53,cust_7448312,GRRE,refinance,305523,180,763,low,approved,305523,mobile,true,829
app_20250128_00000616,2025-01-28 01:22:33,cust_3528304,UKLO,education_loan,33926,36,763,low,approved,33926,web,true,899
app_20250128_00000617,2025-01-28 18:13:03,cust_6263605,PORP,education_loan,31032,60,698,medium,approved,31032,atm,true,264
app_20250128_00000618,2025-01-28 13:24:17,cust_1770388,BENL,personal_loan,12569,18,729,low,approved,12569,partner,true,416
app_20250128_00000619,2025-01-28 23:29:12,cust_7215417,ESMA,refinance,309951,180,725,low,approved,309951,online_banking,true,768
app_20250128_00000620,2025-01-28 16:03:30,cust_5691644,CZPR,cash_loan,41122,12,676,medium,approved,41122,web,true,118
app_20250128_00000621,2025-01-28 18:54:49,cust_374140,ATVI,education_loan,37686,24,718,low,approved,37686,branch,true,696
app_20250128_00000622,2025-01-28 22:28:58,cust_7157603,CZPR,refinance,219990,120,741,low,approved,219990,online_banking,true,496
app_20250128_00000623,2025-01-28 03:23:06,cust_8430785,ITMI,credit_card,6505,18,682,medium,approved,6505,web,true,643
app_20250128_00000624,2025-01-28 19:30:02,cust_8692929,PORP,mortgage,307573,300,602,medium,approved,307573,mobile,true,471
app_20250128_00000625,2025-01-28 22:53:11,cust_5463767,PLWA,personal_loan,12192,30,627,medium,approved,12192,mobile,true,823
app_20250128_00000626,2025-01-28 03:26:12,cust_1948056,CHBE,cash_loan,31732,36,554,medium,rejected,0,branch,false,82
app_20250128_00000627,2025-01-28 21:17:18,cust_7943162,ITMI,cash_loan,17868,18,640,medium,rejected,0,online_banking,true,94
app_20250128_00000628,2025-01-28 19:14:46,cust_5521156,SESV,credit_card,14439,18,556,medium,approved,14439,call_center,false,821
app_20250128_00000629,2025-01-28 10:28:14,cust_1797195,UKLO,personal_loan,24278,24,704,low,approved,24278,atm,false,549
app_20250128_00000630,2025-01-28 16:21:35,cust_6061188,FRID,cash_loan,24934,24,689,medium,approved,24934,atm,false,193
app_20250128_00000631,2025-01-28 02:02:09,cust_1655116,PORP,business_loan,9751,48,850,low,approved,9751,web,true,181
app_20250128_00000632,2025-01-28 07:02:14,cust_4560784,ITMI,education_loan,34544,36,630,medium,approved,34544,online_banking,false,324
app_20250128_00000633,2025-01-28 10:46:29,cust_567430,PLWA,credit_card,16569,30,583,medium,rejected,0,call_center,false,42
app_20250128_00000634,2025-01-28 17:58:17,cust_7969273,CZPR,auto_loan,40352,48,603,medium,approved,40352,branch,true,492
app_20250128_00000635,2025-01-28 23:15:28,cust_2347648,BENL,cash_loan,36475,48,544,medium,rejected,0,mobile_app,true,133
app_20250128_00000636,2025-01-28 00:03:34,cust_8660240,GRRE,education_loan,26637,48,580,medium,approved,26637,mobile,false,571
app_20250128_00000637,2025-01-28 22:44:19,cust_7978322,UKLO,refinance,492030,360,779,low,rejected,0,online_banking,true,18
app_20250128_00000638,2025-01-28 08:45:42,cust_3215610,ESMA,refinance,202559,240,556,medium,rejected,0,call_center,false,136
app_20250128_00000639,2025-01-28 09:37:01,cust_7905325,UKLO,auto_loan,46219,36,465,high,approved,46219,atm,false,304
app_20250128_00000640,2025-01-28 01:26:42,cust_478718,ATVI,personal_loan,8020,42,679,medium,approved,8020,call_center,false,892
app_20250128_00000641,2025-01-28 08:15:48,cust_9109752,DEHE,education_loan,26006,36,695,medium,rejected,0,partner,false,20
app_20250128_00000642,2025-01-28 20:01:44,cust_6322984,DEHE,credit_card,5406,30,543,medium,rejected,0,online_banking,true,116
app_20250128_00000643,2025-01-28 21:58:42,cust_4164745,ITMI,mortgage,257684,240,819,low,approved,257684,call_center,false,459
app_20250128_00000644,2025-01-28 21:22:43,cust_9098053,GRRE,mortgage,165154,240,730,low,approved,165154,branch,true,858
app_20250128_00000645,2025-01-28 23:42:04,cust_8735233,PLWA,credit_card,39787,30,602,medium,approved,39787,online_banking,true,32
app_20250128_00000646,2025-01-28 14:36:45,cust_5986745,GRRE,business_loan,9305,12,641,medium,approved,9305,branch,true,322
app_20250128_00000647,2025-01-28 05:33:29,cust_9913866,BENL,auto_loan,22993,60,679,medium,approved,22993,branch,false,822
app_20250128_00000648,2025-01-28 17:39:17,cust_8042668,ESMA,cash_loan,9730,36,850,low,approved,9730,web,true,531
app_20250128_00000649,2025-01-28 16:06:41,cust_7687278,AUTR,personal_loan,6068,36,606,medium,approved,6068,mobile_app,false,678
app_20250128_00000650,2025-01-28 11:30:22,cust_6284592,BENL,credit_card,25603,42,606,medium,rejected,0,mobile,true,64
app_20250128_00000651,2025-01-28 03:49:19,cust_4095127,NLAM,auto_loan,16043,36,538,medium,rejected,0,atm,true,9
app_20250128_00000652,2025-01-28 21:51:30,cust_2283983,BENL,business_loan,15777,60,633,medium,rejected,0,mobile_app,true,164
app_20250128_00000653,2025-01-28 13:01:44,cust_1683409,ITMI,credit_card,18892,42,675,medium,rejected,0,atm,false,86
app_20250128_00000654,2025-01-28 12:42:20,cust_4158298,NLAM,personal_loan,34112,18,656,medium,approved,34112,partner,false,893
app_20250128_00000655,2025-01-28 09:47:58,cust_3839784,FRID,personal_loan,10406,12,523,medium,rejected,0,branch,true,121
app_20250128_00000656,2025-01-28 13:51:06,cust_5730079,GRRE,refinance,467960,300,584,medium,rejected,0,call_center,true,95
app_20250128_00000657,2025-01-28 10:15:32,cust_9431885,CHBE,auto_loan,57240,36,850,low,approved,57240,atm,false,389
app_20250128_00000658,2025-01-28 17:11:52,cust_9657149,GRRE,personal_loan,3284,12,549,medium,approved,3284,partner,true,228
app_20250128_00000659,2025-01-28 20:57:56,cust_6946138,BENL,personal_loan,35429,24,761,low,approved,35429,call_center,false,601
app_20250128_00000660,2025-01-28 15:26:03,cust_4337005,CHBE,credit_card,25156,30,741,low,approved,25156,call_center,true,890
app_20250128_00000661,2025-01-28 05:00:53,cust_7745713,NLAM,business_loan,13963,48,699,medium,approved,13963,online_banking,true,814
app_20250128_00000662,2025-01-28 06:37:50,cust_5477605,DEHE,credit_card,6593,12,623,medium,rejected,0,call_center,false,36
app_20250128_00000663,2025-01-28 09:24:39,cust_2455123,ESMA,personal_loan,22588,48,485,high,rejected,0,partner,false,42
app_20250128_00000664,2025-01-28 07:50:17,cust_2954468,FRID,personal_loan,37373,30,621,medium,approved,37373,atm,true,264
app_20250128_00000665,2025-01-28 21:02:32,cust_1308921,ITMI,education_loan,38170,48,661,medium,approved,38170,web,true,754
app_20250128_00000666,2025-01-28 04:17:51,cust_9124955,CHBE,business_loan,23587,60,628,medium,rejected,0,call_center,false,100
app_20250128_00000667,2025-01-28 08:12:22,cust_5215384,BENL,refinance,473793,240,726,low,approved,473793,atm,false,140
app_20250128_00000668,2025-01-28 05:28:30,cust_5323240,SESV,personal_loan,20517,12,447,high,rejected,0,call_center,false,26
app_20250128_00000669,2025-01-28 06:15:07,cust_7737789,NLAM,education_loan,26530,12,759,low,rejected,0,mobile_app,false,20
app_20250128_00000670,2025-01-28 21:36:46,cust_6681356,ATVI,personal_loan,16969,36,763,low,rejected,0,call_center,false,46
app_20250128_00000671,2025-01-28 03:50:06,cust_6094889,BENL,refinance,210792,120,555,medium,approved,210792,web,false,307
app_20250128_00000672,2025-01-28 17:08:11,cust_2869884,SESV,education_loan,11518,48,638,medium,rejected,0,mobile_app,false,9
app_20250128_00000673,2025-01-28 07:06:15,cust_7478102,ATVI,business_loan,28132,36,808,low,approved,28132,web,true,47
app_20250128_00000674,2025-01-28 12:22:29,cust_1518393,FRID,auto_loan,9943,48,705,low,approved,9943,mobile,true,171
app_20250128_00000675,2025-01-28 08:14:46,cust_842138,UKLO,credit_card,22476,36,814,low,approved,22476,mobile,true,249
app_20250128_00000676,2025-01-28 07:42:22,cust_6962696,PORP,mortgage,347150,300,850,low,approved,347150,call_center,false,512
app_20250128_00000677,2025-01-28 18:59:35,cust_7666610,CHBE,auto_loan,34339,24,596,medium,rejected,0,mobile,true,148
app_20250128_00000678,2025-01-28 14:58:04,cust_2527132,NLAM,personal_loan,10661,18,642,medium,approved,10661,mobile_app,false,342
app_20250128_00000679,2025-01-28 10:02:17,cust_3272454,PORP,education_loan,2177,12,716,low,approved,2177,online_banking,true,138
app_20250128_00000680,2025-01-28 03:45:59,cust_5079251,ATVI,credit_card,24570,48,654,medium,approved,24570,atm,true,559
app_20250128_00000681,2025-01-28 14:35:50,cust_1950771,ITMI,education_loan,36563,24,517,medium,approved,36563,branch,false,249
app_20250128_00000682,2025-01-28 23:21:51,cust_5685673,UKLO,mortgage,199584,240,635,medium,rejected,0,branch,false,93
app_20250128_00000683,2025-01-28 22:44:47,cust_6367809,CZPR,credit_card,17868,30,753,low,approved,17868,atm,true,722
app_20250128_00000684,2025-01-28 08:20:15,cust_988714,CZPR,refinance,329530,120,659,medium,approved,329530,partner,true,880
app_20250128_00000685,2025-01-28 07:49:06,cust_3067838,UKLO,refinance,182682,240,692,medium,approved,182682,web,true,182
app_20250128_00000686,2025-01-28 19:23:17,cust_3645076,PLWA,credit_card,40811,42,471,high,rejected,0,mobile_app,false,13
app_20250128_00000687,2025-01-28 17:45:36,cust_9877791,ESMA,refinance,63063,360,760,low,rejected,0,online_banking,true,152
app_20250128_00000688,2025-01-28 13:26:31,cust_1419912,BENL,auto_loan,29073,72,466,high,rejected,0,web,true,115
app_20250128_00000689,2025-01-28 14:21:04,cust_4736840,AUTR,mortgage,135186,120,707,low,approved,135186,call_center,true,737
app_20250128_00000690,2025-01-28 15:08:42,cust_9269566,PORP,credit_card,28785,24,671,medium,approved,28785,atm,false,866
app_20250128_00000691,2025-01-28 18:01:53,cust_3638366,ATVI,business_loan,15380,12,683,medium,approved,15380,mobile,false,590
app_20250128_00000692,2025-01-28 15:13:12,cust_9497926,CZPR,business_loan,27851,48,790,low,approved,27851,mobile_app,false,219
app_20250128_00000693,2025-01-28 07:06:57,cust_9995217,PLWA,auto_loan,39201,72,587,medium,rejected,0,web,true,144
app_20250128_00000694,2025-01-28 12:45:05,cust_8251957,FRID,education_loan,21636,24,442,high,approved,21636,branch,false,97
app_20250128_00000695,2025-01-28 14:35:25,cust_4115612,ESMA,personal_loan,38762,30,775,low,approved,38762,atm,false,37
app_20250128_00000696,2025-01-28 06:22:46,cust_6431837,BENL,auto_loan,54016,60,621,medium,approved,54016,mobile_app,true,142
app_20250128_00000697,2025-01-28 21:35:47,cust_5593014,SESV,refinance,279443,120,733,low,approved,279443,mobile_app,true,794
app_20250128_00000698,2025-01-28 04:49:31,cust_2179256,NLAM,business_loan,26114,48,704,low,approved,26114,branch,true,710
app_20250128_00000699,2025-01-28 06:56:23,cust_5389923,PORP,auto_loan,11298,72,635,medium,approved,11298,atm,true,772
app_20250128_00000700,2025-01-28 14:52:12,cust_3898100,NLAM,personal_loan,16238,36,633,medium,approved,16238,branch,false,689
app_20250128_00000701,2025-01-28 09:37:00,cust_9670012,BENL,auto_loan,6209,36,544,medium,rejected,0,mobile,true,27
app_20250128_00000702,2025-01-28 21:57:13,cust_5422595,CZPR,mortgage,324366,120,693,medium,approved,324366,branch,true,320
app_20250128_00000703,2025-01-28 22:23:56,cust_1972732,CZPR,business_loan,22354,12,558,medium,approved,22354,partner,true,170
app_20250128_00000704,2025-01-28 07:29:07,cust_9302602,DEHE,business_loan,37943,12,624,medium,approved,37943,branch,false,649
app_20250128_00000705,2025-01-28 10:55:58,cust_1572906,UKLO,cash_loan,27528,18,736,low,approved,27528,call_center,true,555
app_20250128_00000706,2025-01-28 10:56:17,cust_234123,NLAM,cash_loan,8334,36,676,medium,rejected,0,partner,true,165
app_20250128_00000707,2025-01-28 15:49:01,cust_787073,PLWA,personal_loan,5783,24,584,medium,approved,5783,online_banking,true,732
app_20250128_00000708,2025-01-28 01:16:25,cust_4702086,PLWA,mortgage,289104,300,612,medium,approved,289104,mobile,false,49
app_20250128_00000709,2025-01-28 13:53:57,cust_8371008,ITMI,credit_card,21556,48,687,medium,rejected,0,web,false,77
app_20250128_00000710,2025-01-28 06:46:44,cust_4558809,UKLO,cash_loan,45450,24,612,medium,approved,45450,partner,false,54
app_20250128_00000711,2025-01-28 11:43:17,cust_4509852,PLWA,mortgage,301056,180,637,medium,approved,301056,atm,true,486
app_20250128_00000712,2025-01-28 04:21:10,cust_632515,CZPR,personal_loan,15232,36,733,low,approved,15232,branch,false,287
app_20250128_00000713,2025-01-28 10:11:46,cust_2957296,ATVI,refinance,227453,300,792,low,approved,227453,call_center,false,501
app_20250128_00000714,2025-01-28 22:38:13,cust_4395143,ATVI,credit_card,19676,30,627,medium,rejected,0,online_banking,false,123
app_20250128_00000715,2025-01-28 07:56:49,cust_3983345,BENL,credit_card,15987,48,657,medium,approved,15987,online_banking,false,662
app_20250128_00000716,2025-01-28 10:02:10,cust_6988769,SESV,auto_loan,43346,24,624,medium,rejected,0,branch,false,161
app_20250128_00000717,2025-01-28 11:16:22,cust_6876477,PLWA,education_loan,21960,12,771,low,rejected,0,partner,false,146
app_20250128_00000718,2025-01-28 11:41:39,cust_5281808,FRID,cash_loan,17432,42,564,medium,approved,17432,mobile_app,false,212
app_20250128_00000719,2025-01-28 10:55:36,cust_6405164,AUTR,mortgage,132627,240,582,medium,rejected,0,mobile_app,true,45
app_20250128_00000720,2025-01-28 01:20:21,cust_8563282,CZPR,business_loan,28047,12,634,medium,rejected,0,branch,false,160
app_20250128_00000721,2025-01-28 06:38:04,cust_5477534,SESV,business_loan,38924,36,707,low,approved,38924,call_center,true,498
app_20250128_00000722,2025-01-28 14:45:13,cust_1486122,DEHE,cash_loan,9254,30,592,medium,approved,9254,web,true,851
app_20250128_00000723,2025-01-28 13:12:03,cust_6047969,ATVI,refinance,324433,360,546,medium,rejected,0,mobile_app,false,140
app_20250128_00000724,2025-01-28 16:37:50,cust_3972577,ATVI,refinance,141354,120,849,low,approved,141354,atm,true,605
app_20250128_00000725,2025-01-28 06:09:15,cust_2624711,PLWA,credit_card,48482,48,674,medium,approved,48482,mobile,true,474
app_20250128_00000726,2025-01-28 00:37:48,cust_7904384,NLAM,auto_loan,58602,36,717,low,rejected,0,mobile,false,42
app_20250128_00000727,2025-01-28 15:58:00,cust_8249189,ESMA,mortgage,427848,240,810,low,approved,427848,web,true,500
app_20250128_00000728,2025-01-28 04:59:10,cust_7639905,ESMA,auto_loan,25360,48,549,medium,rejected,0,web,true,61
app_20250128_00000729,2025-01-28 13:59:30,cust_5345569,BENL,education_loan,21155,36,840,low,approved,21155,branch,true,116
app_20250128_00000730,2025-01-28 11:18:50,cust_6623718,ITMI,cash_loan,23092,24,607,medium,approved,23092,mobile_app,true,68
app_20250128_00000731,2025-01-28 17:43:55,cust_8486521,ESMA,education_loan,4158,36,742,low,approved,4158,web,true,592
app_20250128_00000732,2025-01-28 05:16:23,cust_8258481,ESMA,business_loan,9336,12,611,medium,rejected,0,branch,false,100
app_20250128_00000733,2025-01-28 12:30:29,cust_9701817,NLAM,credit_card,16012,30,571,medium,rejected,0,mobile,true,22
app_20250128_00000734,2025-01-28 23:08:18,cust_3081908,GRRE,personal_loan,41689,30,790,low,approved,41689,online_banking,true,210
app_20250128_00000735,2025-01-28 20:45:41,cust_9330844,UKLO,business_loan,6897,12,646,medium,approved,6897,mobile_app,false,613
app_20250128_00000736,2025-01-28 09:50:26,cust_6951863,NLAM,refinance,138125,180,837,low,approved,138125,mobile_app,false,288
app_20250128_00000737,2025-01-28 19:51:14,cust_2338953,DEHE,auto_loan,43159,36,739,low,approved,43159,atm,false,725
app_20250128_00000738,2025-01-28 10:58:47,cust_9262163,GRRE,credit_card,43904,30,603,medium,approved,43904,atm,true,359
app_20250128_00000739,2025-01-28 22:42:51,cust_9046469,ATVI,cash_loan,27076,18,555,medium,approved,27076,atm,false,455
app_20250128_00000740,2025-01-28 16:05:45,cust_2992545,DEHE,auto_loan,13149,24,626,medium,approved,13149,atm,true,384
app_20250128_00000741,2025-01-28 14:38:48,cust_435182,SESV,refinance,77298,360,621,medium,approved,77298,partner,false,593
app_20250128_00000742,2025-01-28 22:35:30,cust_4149592,AUTR,personal_loan,13035,30,847,low,approved,13035,web,false,101
app_20250128_00000743,2025-01-28 18:41:19,cust_3332648,CZPR,cash_loan,29782,36,646,medium,approved,29782,mobile,false,700
app_20250128_00000744,2025-01-28 06:34:36,cust_1294522,SESV,personal_loan,22453,36,440,high,approved,22453,mobile_app,true,783
app_20250128_00000745,2025-01-28 18:26:25,cust_4900936,ITMI,refinance,421896,120,696,medium,approved,421896,web,true,804
app_20250128_00000746,2025-01-28 10:12:03,cust_5934500,DEHE,personal_loan,31167,42,769,low,approved,31167,branch,false,742
app_20250128_00000747,2025-01-28 18:08:58,cust_7646856,ESMA,mortgage,69296,360,789,low,approved,69296,branch,true,147
app_20250128_00000748,2025-01-28 20:06:52,cust_7286585,ITMI,business_loan,31505,24,783,low,approved,31505,atm,false,276
app_20250128_00000749,2025-01-28 14:03:08,cust_665362,DEHE,business_loan,19465,60,639,medium,approved,19465,web,false,180
app_20250128_00000750,2025-01-28 17:15:00,cust_410351,CHBE,business_loan,22850,24,581,medium,approved,22850,mobile,true,198
app_20250128_00000751,2025-01-28 09:34:14,cust_2085896,ESMA,mortgage,372461,300,495,high,rejected,0,online_banking,true,114
app_20250128_00000752,2025-01-28 12:04:11,cust_6008370,AUTR,mortgage,140947,120,599,medium,rejected,0,partner,false,118
app_20250128_00000753,2025-01-28 18:10:24,cust_6279517,UKLO,refinance,452202,300,620,medium,rejected,0,call_center,true,140
app_20250128_00000754,2025-01-28 08:07:07,cust_3174438,ITMI,cash_loan,46813,18,543,medium,approved,46813,branch,false,573
app_20250128_00000755,2025-01-28 06:43:13,cust_4825116,DEHE,credit_card,31022,48,796,low,approved,31022,atm,false,577
app_20250128_00000756,2025-01-28 22:42:13,cust_2780925,ESMA,personal_loan,4603,12,545,medium,rejected,0,partner,false,62
app_20250128_00000757,2025-01-28 00:46:46,cust_3251758,AUTR,cash_loan,16059,36,474,high,rejected,0,branch,true,143
app_20250128_00000758,2025-01-28 01:50:57,cust_2603063,ESMA,credit_card,11378,30,715,low,approved,11378,web,false,213
app_20250128_00000759,2025-01-28 21:22:26,cust_9506480,UKLO,personal_loan,25667,36,536,medium,rejected,0,branch,true,165
app_20250128_00000760,2025-01-28 11:07:22,cust_2328151,CHBE,personal_loan,17481,24,531,medium,rejected,0,mobile,true,74
app_20250128_00000761,2025-01-28 11:57:13,cust_397093,NLAM,auto_loan,32385,60,624,medium,approved,32385,web,true,87
app_20250128_00000762,2025-01-28 09:06:20,cust_1288989,AUTR,mortgage,244778,360,565,medium,rejected,0,atm,true,5
app_20250128_00000763,2025-01-28 23:13:24,cust_382585,UKLO,education_loan,3234,36,613,medium,approved,3234,atm,false,449
app_20250128_00000764,2025-01-28 15:28:56,cust_154279,NLAM,mortgage,172525,300,584,medium,approved,172525,call_center,true,729
app_20250128_00000765,2025-01-28 13:46:10,cust_5499190,CZPR,credit_card,40959,48,597,medium,approved,40959,partner,false,63
app_20250128_00000766,2025-01-28 05:03:45,cust_4836331,ITMI,refinance,87649,360,508,medium,rejected,0,mobile_app,true,42
app_20250128_00000767,2025-01-28 01:37:10,cust_5993786,CZPR,mortgage,160274,240,755,low,approved,160274,call_center,false,523
app_20250128_00000768,2025-01-28 18:23:46,cust_8250975,CZPR,business_loan,25203,12,758,low,approved,25203,online_banking,false,629
app_20250128_00000769,2025-01-28 21:16:59,cust_287203,FRID,cash_loan,21100,30,645,medium,rejected,0,call_center,true,45
app_20250128_00000770,2025-01-28 13:18:13,cust_7883663,ESMA,education_loan,19307,48,543,medium,rejected,0,atm,true,163
app_20250128_00000771,2025-01-28 07:21:46,cust_7195127,NLAM,refinance,205670,180,848,low,approved,205670,call_center,true,878
app_20250128_00000772,2025-01-28 19:54:40,cust_9775556,ESMA,refinance,127774,120,830,low,approved,127774,mobile_app,true,366
app_20250128_00000773,2025-01-28 08:30:03,cust_5910641,DEHE,personal_loan,25458,30,579,medium,rejected,0,partner,true,14
app_20250128_00000774,2025-01-28 00:07:42,cust_7260184,UKLO,refinance,240298,240,615,medium,approved,240298,mobile_app,true,461
app_20250128_00000775,2025-01-28 10:17:39,cust_4005035,PLWA,personal_loan,10234,48,676,medium,rejected,0,mobile_app,false,174
app_20250128_00000776,2025-01-28 23:09:20,cust_696561,AUTR,cash_loan,43025,24,683,medium,approved,43025,mobile,true,780
app_20250128_00000777,2025-01-28 20:08:24,cust_2076966,CZPR,refinance,218887,240,544,medium,approved,218887,mobile_app,false,282
app_20250128_00000778,2025-01-28 17:27:14,cust_4655889,DEHE,education_loan,14869,60,850,low,approved,14869,atm,false,835
app_20250128_00000779,2025-01-28 23:02:38,cust_8200885,PLWA,personal_loan,21148,12,698,medium,approved,21148,mobile_app,false,575
app_20250128_00000780,2025-01-28 07:11:03,cust_1076316,GRRE,mortgage,387402,360,659,medium,rejected,0,mobile,true,57
app_20250128_00000781,2025-01-28 18:17:44,cust_2066167,SESV,refinance,86848,120,661,medium,approved,86848,mobile_app,true,312
app_20250128_00000782,2025-01-28 02:22:05,cust_1097989,SESV,business_loan,39802,60,533,medium,approved,39802,branch,true,195
app_20250128_00000783,2025-01-28 20:41:51,cust_4678583,ESMA,business_loan,39996,36,733,low,rejected,0,call_center,false,38
app_20250128_00000784,2025-01-28 02:59:28,cust_4891978,PORP,education_loan,8212,60,830,low,approved,8212,mobile,false,492
app_20250128_00000785,2025-01-28 14:05:34,cust_4090468,SESV,cash_loan,23531,12,756,low,approved,23531,mobile,true,261
app_20250128_00000786,2025-01-28 02:02:10,cust_2526832,DEHE,business_loan,39514,36,684,medium,approved,39514,online_banking,false,55
app_20250128_00000787,2025-01-28 00:06:11,cust_3372268,ITMI,auto_loan,41694,24,596,medium,approved,41694,atm,false,160
app_20250128_00000788,2025-01-28 14:49:24,cust_3317852,CZPR,refinance,234280,120,649,medium,rejected,0,partner,false,84
app_20250128_00000789,2025-01-28 21:19:20,cust_1623673,BENL,auto_loan,17667,60,729,low,approved,17667,online_banking,false,319
app_20250128_00000790,2025-01-28 11:29:11,cust_2068562,ITMI,mortgage,494727,300,753,low,approved,494727,web,false,819
app_20250128_00000791,2025-01-28 11:10:44,cust_3781622,PLWA,credit_card,2804,24,708,low,approved,2804,mobile,true,446
app_20250128_00000792,2025-01-28 07:33:59,cust_9728969,AUTR,personal_loan,24846,12,518,medium,rejected,0,branch,false,55
app_20250128_00000793,2025-01-28 05:14:37,cust_2584367,SESV,education_loan,39133,48,486,high,rejected,0,mobile_app,false,26
app_20250128_00000794,2025-01-28 12:40:38,cust_2088214,CZPR,personal_loan,8098,30,607,medium,approved,8098,branch,false,594
app_20250128_00000795,2025-01-28 14:50:32,cust_5249552,PORP,mortgage,493597,360,540,medium,rejected,0,mobile_app,true,179
app_20250128_00000796,2025-01-28 22:43:06,cust_3996700,GRRE,education_loan,25942,60,775,low,approved,25942,mobile_app,true,758
app_20250128_00000797,2025-01-28 20:42:20,cust_4300700,ESMA,business_loan,13741,12,640,medium,approved,13741,branch,true,758
app_20250128_00000798,2025-01-28 06:38:57,cust_2559365,ATVI,credit_card,4915,36,775,low,approved,4915,mobile,false,690
app_20250128_00000799,2025-01-28 14:12:37,cust_6066035,UKLO,mortgage,338714,240,551,medium,rejected,0,atm,false,26
app_20250128_00000800,2025-01-28 22:41:03,cust_4876461,CHBE,education_loan,18850,24,567,medium,approved,18850,online_banking,false,336
app_20250128_00000801,2025-01-28 23:43:59,cust_1381817,SESV,personal_loan,45555,36,701,low,approved,45555,atm,true,763
app_20250128_00000802,2025-01-28 07:43:15,cust_5936038,CHBE,refinance,457517,360,673,medium,rejected,0,mobile,true,141
app_20250128_00000803,2025-01-28 02:21:32,cust_8482604,UKLO,auto_loan,56681,24,532,medium,approved,56681,partner,true,449
app_20250128_00000804,2025-01-28 19:28:23,cust_8960697,AUTR,mortgage,72148,120,683,medium,rejected,0,branch,false,12
app_20250128_00000805,2025-01-28 07:34:41,cust_3159720,DEHE,refinance,85947,300,650,medium,rejected,0,mobile_app,false,70
app_20250128_00000806,2025-01-28 18:14:59,cust_9841823,CHBE,refinance,407016,360,565,medium,rejected,0,online_banking,true,51
app_20250128_00000807,2025-01-28 04:07:28,cust_7986702,ESMA,education_loan,26175,60,558,medium,rejected,0,mobile,false,25
app_20250128_00000808,2025-01-28 15:10:55,cust_464242,CZPR,business_loan,18265,12,600,medium,approved,18265,web,true,368
app_20250128_00000809,2025-01-28 22:06:16,cust_9327038,CHBE,mortgage,386210,300,545,medium,approved,386210,online_banking,true,712
app_20250128_00000810,2025-01-28 09:08:52,cust_7904831,PLWA,credit_card,39694,18,657,medium,rejected,0,partner,true,49
app_20250128_00000811,2025-01-28 01:30:55,cust_6782266,PLWA,mortgage,355628,180,568,medium,rejected,0,mobile,false,157
app_20250128_00000812,2025-01-28 21:27:53,cust_6615491,DEHE,auto_loan,8836,48,836,low,approved,8836,web,false,806
app_20250128_00000813,2025-01-28 04:58:12,cust_855699,CHBE,credit_card,39639,24,637,medium,rejected,0,branch,true,7
app_20250128_00000814,2025-01-28 01:18:27,cust_2536349,DEHE,education_loan,27315,36,597,medium,rejected,0,mobile_app,false,90
app_20250128_00000815,2025-01-28 22:36:01,cust_9531770,GRRE,business_loan,15763,60,761,low,approved,15763,mobile_app,true,639
app_20250128_00000816,2025-01-28 10:25:57,cust_7267478,CZPR,mortgage,465252,240,714,low,approved,465252,branch,false,604
app_20250128_00000817,2025-01-28 19:11:16,cust_6382450,CZPR,education_loan,19121,12,626,medium,approved,19121,atm,true,523
app_20250128_00000818,2025-01-28 17:24:15,cust_8119413,SESV,credit_card,39807,12,435,high,approved,39807,branch,false,331
app_20250128_00000819,2025-01-28 01:45:32,cust_1265197,CZPR,refinance,477794,300,807,low,approved,477794,mobile_app,true,419
app_20250128_00000820,2025-01-28 21:38:23,cust_4646954,ESMA,personal_loan,46676,36,797,low,approved,46676,call_center,false,542
app_20250128_00000821,2025-01-28 09:01:42,cust_9587805,ATVI,cash_loan,20248,24,625,medium,approved,20248,call_center,false,622
app_20250128_00000822,2025-01-28 01:54:04,cust_1814924,CHBE,credit_card,39080,36,535,medium,rejected,0,mobile,true,162
app_20250128_00000823,2025-01-28 03:02:33,cust_1252356,GRRE,refinance,184315,120,581,medium,rejected,0,web,false,167
app_20250128_00000824,2025-01-28 19:19:48,cust_3639938,DEHE,auto_loan,33963,48,435,high,rejected,0,call_center,false,165
app_20250128_00000825,2025-01-28 05:39:25,cust_8079129,FRID,credit_card,4561,48,655,medium,approved,4561,online_banking,true,259
app_20250128_00000826,2025-01-28 00:51:10,cust_9591077,CZPR,mortgage,210584,180,563,medium,rejected,0,mobile_app,false,61
app_20250128_00000827,2025-01-28 11:14:39,cust_2845940,PLWA,mortgage,149977,360,727,low,approved,149977,online_banking,true,439
app_20250128_00000828,2025-01-28 19:18:51,cust_8833124,BENL,refinance,298530,180,720,low,approved,298530,partner,true,156
app_20250128_00000829,2025-01-28 07:33:45,cust_5355993,BENL,education_loan,3230,60,497,high,rejected,0,atm,false,52
app_20250128_00000830,2025-01-28 03:50:28,cust_4583037,CZPR,business_loan,37686,24,612,medium,approved,37686,call_center,false,224
app_20250128_00000831,2025-01-28 11:32:25,cust_6563961,UKLO,mortgage,412804,300,607,medium,approved,412804,web,false,362
app_20250128_00000832,2025-01-28 15:41:27,cust_6003757,AUTR,personal_loan,37225,30,801,low,approved,37225,partner,true,45
app_20250128_00000833,2025-01-28 01:40:39,cust_6298428,ESMA,business_loan,24825,12,645,medium,approved,24825,mobile_app,false,99
app_20250128_00000834,2025-01-28 07:18:36,cust_5988693,SESV,refinance,321006,180,759,low,approved,321006,branch,true,523
app_20250128_00000835,2025-01-28 00:51:37,cust_284681,DEHE,auto_loan,19332,60,704,low,approved,19332,mobile,true,658
app_20250128_00000836,2025-01-28 19:13:27,cust_8519081,NLAM,personal_loan,16132,12,670,medium,approved,16132,atm,false,613
app_20250128_00000837,2025-01-28 17:08:09,cust_6955877,FRID,mortgage,273414,360,674,medium,approved,273414,mobile_app,true,871
app_20250128_00000838,2025-01-28 23:06:42,cust_9509506,SESV,mortgage,434029,300,677,medium,approved,434029,web,false,894
app_20250128_00000839,2025-01-28 02:31:40,cust_1931085,DEHE,education_loan,38961,12,690,medium,approved,38961,online_banking,true,219
app_20250128_00000840,2025-01-28 23:01:02,cust_8320586,ESMA,business_loan,23869,60,840,low,approved,23869,mobile_app,false,807
app_20250128_00000841,2025-01-28 18:41:41,cust_7674673,AUTR,auto_loan,31534,72,681,medium,approved,31534,call_center,false,254
app_20250128_00000842,2025-01-28 13:22:31,cust_8149248,ATVI,auto_loan,35175,36,678,medium,approved,35175,mobile,true,33
app_20250128_00000843,2025-01-28 02:50:35,cust_5301920,UKLO,mortgage,429308,240,754,low,approved,429308,partner,false,218
app_20250128_00000844,2025-01-28 19:41:08,cust_2248271,DEHE,education_loan,23586,24,711,low,rejected,0,partner,false,11
app_20250128_00000845,2025-01-28 14:42:57,cust_602500,UKLO,business_loan,10772,36,550,medium,approved,10772,online_banking,true,90
app_20250128_00000846,2025-01-28 20:48:49,cust_4432885,PORP,refinance,277204,180,677,medium,rejected,0,online_banking,true,54
app_20250128_00000847,2025-01-28 10:48:05,cust_388580,UKLO,auto_loan,27819,60,725,low,approved,27819,atm,true,53
app_20250128_00000848,2025-01-28 05:03:30,cust_7551834,DEHE,mortgage,398791,120,686,medium,approved,398791,web,true,887
app_20250128_00000849,2025-01-28 19:54:44,cust_6677065,NLAM,education_loan,23836,60,628,medium,approved,23836,mobile,true,446
app_20250128_00000850,2025-01-28 08:47:19,cust_3334728,PORP,refinance,483449,120,544,medium,rejected,0,partner,false,153
app_20250128_00000851,2025-01-28 02:30:56,cust_8675443,ESMA,personal_loan,33494,42,734,low,approved,33494,call_center,false,82
app_20250128_00000852,2025-01-28 06:46:55,cust_8218462,UKLO,mortgage,363807,240,734,low,approved,363807,call_center,true,203
app_20250128_00000853,2025-01-28 17:45:14,cust_3628676,CHBE,auto_loan,48875,48,633,medium,approved,48875,partner,true,542
app_20250128_00000854,2025-01-28 07:38:58,cust_3037674,GRRE,personal_loan,33297,24,646,medium,rejected,0,call_center,true,141
app_20250128_00000855,2025-01-28 06:47:51,cust_9641756,ITMI,auto_loan,30023,72,762,low,approved,30023,branch,true,562
app_20250128_00000856,2025-01-28 06:50:35,cust_2781064,BENL,refinance,282314,300,751,low,approved,282314,mobile_app,false,537
app_20250128_00000857,2025-01-28 16:28:04,cust_4985733,CZPR,education_loan,36415,12,620,medium,approved,36415,web,false,347
app_20250128_00000858,2025-01-28 17:31:39,cust_3875544,CZPR,refinance,320854,180,513,medium,approved,320854,mobile,false,98
app_20250128_00000859,2025-01-28 09:05:22,cust_8879697,FRID,credit_card,8229,42,610,medium,rejected,0,call_center,false,19
app_20250128_00000860,2025-01-28 02:07:41,cust_5696870,DEHE,education_loan,15953,36,684,medium,approved,15953,partner,false,236
app_20250128_00000861,2025-01-28 05:20:30,cust_7223621,AUTR,cash_loan,5196,18,770,low,approved,5196,online_banking,false,171
app_20250128_00000862,2025-01-28 00:34:34,cust_6935656,CHBE,education_loan,8106,12,574,medium,rejected,0,online_banking,false,23
app_20250128_00000863,2025-01-28 06:10:56,cust_3293643,FRID,auto_loan,23347,36,751,low,approved,23347,partner,false,315
app_20250128_00000864,2025-01-28 01:01:36,cust_1018409,FRID,business_loan,17015,60,840,low,approved,17015,online_banking,true,576
app_20250128_00000865,2025-01-28 06:25:46,cust_612787,ESMA,business_loan,6648,36,679,medium,approved,6648,partner,true,30
app_20250128_00000866,2025-01-28 20:05:56,cust_6413819,DEHE,cash_loan,3221,30,642,medium,rejected,0,branch,false,17
app_20250128_00000867,2025-01-28 23:35:25,cust_270959,PORP,refinance,357217,180,599,medium,rejected,0,mobile,true,156
app_20250128_00000868,2025-01-28 02:18:06,cust_4064470,PORP,business_loan,31363,36,637,medium,approved,31363,partner,false,887
app_20250128_00000869,2025-01-28 02:08:14,cust_1300847,FRID,refinance,221808,360,485,high,rejected,0,branch,true,167
app_20250128_00000870,2025-01-28 00:17:54,cust_5005921,NLAM,education_loan,4866,48,483,high,rejected,0,branch,false,146
app_20250128_00000871,2025-01-28 19:38:26,cust_247370,PORP,cash_loan,35101,18,525,medium,rejected,0,atm,true,130
app_20250128_00000872,2025-01-28 04:40:26,cust_7093547,UKLO,personal_loan,31649,48,779,low,approved,31649,call_center,true,863
app_20250128_00000873,2025-01-28 14:03:06,cust_6471244,BENL,personal_loan,23415,48,802,low,approved,23415,call_center,false,886
app_20250128_00000874,2025-01-28 02:22:34,cust_1892966,SESV,business_loan,7024,60,717,low,approved,7024,web,false,378
app_20250128_00000875,2025-01-28 22:35:18,cust_2614920,ATVI,mortgage,287723,240,698,medium,approved,287723,web,true,246
app_20250128_00000876,2025-01-28 04:10:08,cust_8247853,CZPR,cash_loan,5719,12,599,medium,approved,5719,call_center,false,730
app_20250128_00000877,2025-01-28 08:16:19,cust_8054882,CHBE,education_loan,22038,36,649,medium,approved,22038,mobile_app,false,698
app_20250128_00000878,2025-01-28 04:29:50,cust_5172856,ATVI,mortgage,313707,300,655,medium,approved,313707,web,true,99
app_20250128_00000879,2025-01-28 22:48:24,cust_9851984,UKLO,business_loan,5947,36,830,low,approved,5947,branch,false,499
app_20250128_00000880,2025-01-28 15:19:13,cust_9919108,FRID,mortgage,367724,180,737,low,approved,367724,mobile_app,true,321
app_20250128_00000881,2025-01-28 08:31:10,cust_9431433,NLAM,auto_loan,27420,72,669,medium,approved,27420,web,true,407
app_20250128_00000882,2025-01-28 14:47:14,cust_8145825,DEHE,auto_loan,45142,48,686,medium,approved,45142,branch,false,252
app_20250128_00000883,2025-01-28 11:01:32,cust_9115447,CHBE,credit_card,31657,30,524,medium,rejected,0,partner,false,47
app_20250128_00000884,2025-01-28 19:19:54,cust_8238912,NLAM,cash_loan,24969,42,607,medium,rejected,0,web,true,125
app_20250128_00000885,2025-01-28 23:35:34,cust_6327736,ESMA,cash_loan,40718,36,850,low,approved,40718,partner,false,565
app_20250128_00000886,2025-01-28 07:55:11,cust_9414093,DEHE,education_loan,32163,24,532,medium,approved,32163,branch,true,279
app_20250128_00000887,2025-01-28 20:53:27,cust_2287622,NLAM,business_loan,23442,36,535,medium,approved,23442,partner,true,687
app_20250128_00000888,2025-01-28 08:24:35,cust_8370419,SESV,refinance,128763,240,682,medium,rejected,0,web,true,161
app_20250128_00000889,2025-01-28 20:16:55,cust_5872052,PLWA,personal_loan,40610,48,763,low,rejected,0,online_banking,true,125
app_20250128_00000890,2025-01-28 04:56:10,cust_7160559,ATVI,personal_loan,31657,24,505,medium,approved,31657,call_center,false,451
app_20250128_00000891,2025-01-28 07:31:22,cust_3228847,ESMA,personal_loan,1515,12,618,medium,rejected,0,partner,false,130
app_20250128_00000892,2025-01-28 09:19:20,cust_7291468,DEHE,mortgage,416331,240,732,low,approved,416331,web,false,463
app_20250128_00000893,2025-01-28 11:35:04,cust_8398550,ATVI,refinance,475029,360,729,low,approved,475029,online_banking,true,656
app_20250128_00000894,2025-01-28 08:38:43,cust_5834988,UKLO,mortgage,470016,240,754,low,approved,470016,mobile,false,672
app_20250128_00000895,2025-01-28 23:47:53,cust_2731745,UKLO,credit_card,40171,24,672,medium,approved,40171,online_banking,false,581
app_20250128_00000896,2025-01-28 06:29:40,cust_1943878,UKLO,education_loan,30632,36,740,low,approved,30632,branch,true,589
app_20250128_00000897,2025-01-28 22:33:58,cust_7625856,SESV,cash_loan,11948,12,581,medium,rejected,0,atm,false,18
app_20250128_00000898,2025-01-28 12:52:12,cust_2686979,DEHE,auto_loan,21296,36,668,medium,approved,21296,mobile,false,551
app_20250128_00000899,2025-01-28 16:42:00,cust_699685,ESMA,refinance,385301,360,589,medium,approved,385301,web,true,148
app_20250128_00000900,2025-01-28 01:09:24,cust_3642957,DEHE,cash_loan,6066,12,613,medium,approved,6066,call_center,true,96
app_20250128_00000901,2025-01-28 16:19:02,cust_7366894,AUTR,personal_loan,24886,36,480,high,rejected,0,web,true,23
app_20250128_00000902,2025-01-28 13:57:07,cust_6789181,PLWA,education_loan,33763,60,628,medium,approved,33763,branch,false,489
app_20250128_00000903,2025-01-28 16:20:30,cust_541288,DEHE,business_loan,4066,12,708,low,approved,4066,partner,true,170
app_20250128_00000904,2025-01-28 17:52:48,cust_3654640,DEHE,auto_loan,14636,36,654,medium,rejected,0,branch,false,27
app_20250128_00000905,2025-01-28 03:55:14,cust_875422,AUTR,personal_loan,5186,48,647,medium,rejected,0,web,false,102
app_20250128_00000906,2025-01-28 22:14:38,cust_1579751,AUTR,auto_loan,7269,72,616,medium,rejected,0,partner,true,125
app_20250128_00000907,2025-01-28 08:18:32,cust_9250145,CHBE,personal_loan,40212,12,599,medium,approved,40212,partner,true,627
app_20250128_00000908,2025-01-28 00:32:25,cust_884486,ATVI,education_loan,31826,36,736,low,approved,31826,branch,true,80
app_20250128_00000909,2025-01-28 05:12:52,cust_3801920,PLWA,education_loan,2785,60,692,medium,approved,2785,mobile,false,535
app_20250128_00000910,2025-01-28 11:29:52,cust_6446400,GRRE,cash_loan,13708,42,572,medium,approved,13708,branch,true,574
app_20250128_00000911,2025-01-28 13:05:56,cust_1399213,CHBE,business_loan,19353,60,739,low,approved,19353,online_banking,true,608
app_20250128_00000912,2025-01-28 18:24:39,cust_747573,AUTR,education_loan,2266,60,777,low,approved,2266,online_banking,true,512
app_20250128_00000913,2025-01-28 22:01:53,cust_8315010,DEHE,credit_card,45181,36,548,medium,approved,45181,mobile,true,309
app_20250128_00000914,2025-01-28 22:51:08,cust_9073470,AUTR,mortgage,247511,300,593,medium,rejected,0,mobile,true,76
app_20250128_00000915,2025-01-28 23:03:19,cust_2556956,ITMI,auto_loan,10155,60,553,medium,approved,10155,web,true,713
app_20250128_00000916,2025-01-28 01:32:42,cust_6913724,AUTR,credit_card,33854,18,665,medium,approved,33854,mobile,false,407
app_20250128_00000917,2025-01-28 13:51:02,cust_919757,ITMI,mortgage,200032,180,565,medium,rejected,0,online_banking,true,133
app_20250128_00000918,2025-01-28 04:39:45,cust_7763876,AUTR,business_loan,14982,24,565,medium,approved,14982,web,true,892
app_20250128_00000919,2025-01-28 07:39:58,cust_1008030,GRRE,refinance,447831,180,576,medium,approved,447831,atm,false,418
app_20250128_00000920,2025-01-28 00:32:17,cust_2240544,ITMI,personal_loan,33592,30,647,medium,rejected,0,online_banking,true,118
app_20250128_00000921,2025-01-28 19:46:14,cust_9183029,CZPR,business_loan,12935,24,849,low,approved,12935,call_center,false,281
app_20250128_00000922,2025-01-28 13:52:00,cust_5735168,ESMA,business_loan,37538,48,602,medium,approved,37538,partner,true,284
app_20250128_00000923,2025-01-28 02:18:00,cust_1732489,UKLO,auto_loan,39901,36,747,low,approved,39901,partner,false,329
app_20250128_00000924,2025-01-28 09:17:29,cust_8327432,UKLO,mortgage,469056,240,634,medium,rejected,0,call_center,true,32
app_20250128_00000925,2025-01-28 03:55:08,cust_3601926,FRID,business_loan,19200,60,799,low,approved,19200,mobile_app,true,505
app_20250128_00000926,2025-01-28 20:59:04,cust_2657399,ITMI,credit_card,3679,36,672,medium,approved,3679,mobile,true,128
app_20250128_00000927,2025-01-28 19:26:08,cust_4408783,PLWA,mortgage,160473,120,721,low,approved,160473,mobile_app,true,262
app_20250128_00000928,2025-01-28 03:40:11,cust_2079478,ATVI,business_loan,36518,60,503,medium,rejected,0,branch,true,114
app_20250128_00000929,2025-01-28 01:07:10,cust_3515592,AUTR,education_loan,2945,12,631,medium,approved,2945,web,true,859
app_20250128_00000930,2025-01-28 08:19:05,cust_2401204,ATVI,business_loan,36167,60,850,low,approved,36167,partner,true,344
app_20250128_00000931,2025-01-28 14:58:03,cust_9792438,NLAM,mortgage,450225,300,689,medium,approved,450225,online_banking,true,583
app_20250128_00000932,2025-01-28 03:40:29,cust_5688035,GRRE,mortgage,356288,360,703,low,approved,356288,mobile_app,true,288
app_20250128_00000933,2025-01-28 13:12:43,cust_1768038,UKLO,business_loan,2442,48,644,medium,approved,2442,atm,true,278
app_20250128_00000934,2025-01-28 17:26:18,cust_5777834,PLWA,credit_card,7496,30,669,medium,approved,7496,call_center,true,316
app_20250128_00000935,2025-01-28 20:11:27,cust_8548259,CHBE,business_loan,16101,60,648,medium,rejected,0,mobile_app,false,72
app_20250128_00000936,2025-01-28 15:44:29,cust_4139330,UKLO,refinance,213113,300,529,medium,approved,213113,call_center,false,563
app_20250128_00000937,2025-01-28 18:41:12,cust_2882557,AUTR,credit_card,9267,18,577,medium,approved,9267,mobile_app,false,546
app_20250128_00000938,2025-01-28 11:29:44,cust_1585533,FRID,education_loan,16261,60,850,low,approved,16261,mobile,true,464
app_20250128_00000939,2025-01-28 17:04:18,cust_9045062,BENL,personal_loan,44664,24,585,medium,approved,44664,mobile_app,false,249
app_20250128_00000940,2025-01-28 08:09:42,cust_3769305,NLAM,refinance,149733,120,466,high,rejected,0,mobile_app,false,176
app_20250128_00000941,2025-01-28 09:03:53,cust_7316233,PORP,business_loan,9361,24,494,high,rejected,0,mobile,false,76
app_20250128_00000942,2025-01-28 10:33:27,cust_2338205,UKLO,auto_loan,29932,24,667,medium,approved,29932,atm,true,480
app_20250128_00000943,2025-01-28 19:41:20,cust_1254135,SESV,education_loan,32935,12,635,medium,approved,32935,mobile,false,359
app_20250128_00000944,2025-01-28 21:38:05,cust_6010031,GRRE,auto_loan,25033,60,713,low,approved,25033,partner,false,792
app_20250128_00000945,2025-01-28 23:40:05,cust_3674670,FRID,refinance,479843,180,656,medium,approved,479843,mobile_app,false,623
app_20250128_00000946,2025-01-28 18:13:13,cust_6821821,ESMA,education_loan,30020,36,493,high,rejected,0,branch,true,42
app_20250128_00000947,2025-01-28 14:42:39,cust_3716320,ESMA,mortgage,288444,300,850,low,approved,288444,web,false,90
app_20250128_00000948,2025-01-28 05:41:41,cust_4021556,DEHE,mortgage,73222,240,467,high,rejected,0,mobile,false,164
app_20250128_00000949,2025-01-28 21:30:27,cust_675330,BENL,personal_loan,37887,36,596,medium,rejected,0,branch,false,49
app_20250128_00000950,2025-01-28 20:41:53,cust_6364968,ITMI,refinance,379586,360,567,medium,rejected,0,mobile_app,true,42
app_20250128_00000951,2025-01-28 09:26:57,cust_2381385,UKLO,auto_loan,12025,60,571,medium,approved,12025,online_banking,false,101
app_20250128_00000952,2025-01-28 07:46:02,cust_5559162,DEHE,education_loan,5016,24,714,low,approved,5016,partner,false,508
app_20250128_00000953,2025-01-28 22:35:34,cust_3721327,BENL,mortgage,271253,120,850,low,approved,271253,call_center,false,691
app_20250128_00000954,2025-01-28 11:48:48,cust_4657773,PORP,refinance,402162,120,840,low,approved,402162,web,false,702
app_20250128_00000955,2025-01-28 13:21:21,cust_9554638,AUTR,mortgage,414135,180,605,medium,rejected,0,online_banking,false,33
app_20250128_00000956,2025-01-28 13:30:20,cust_955133,CHBE,business_loan,8928,36,665,medium,approved,8928,mobile_app,true,125
app_20250128_00000957,2025-01-28 09:37:53,cust_7413555,GRRE,cash_loan,29156,36,694,medium,approved,29156,partner,false,800
app_20250128_00000958,2025-01-28 20:43:24,cust_9420997,ESMA,credit_card,9748,12,690,medium,rejected,0,atm,false,171
app_20250128_00000959,2025-01-28 11:02:46,cust_8193592,AUTR,auto_loan,16788,60,464,high,rejected,0,atm,true,105
app_20250128_00000960,2025-01-28 01:50:40,cust_4241566,CHBE,business_loan,24801,60,716,low,approved,24801,call_center,false,121
app_20250128_00000961,2025-01-28 23:27:43,cust_641220,ATVI,credit_card,16876,18,732,low,approved,16876,branch,false,790
app_20250128_00000962,2025-01-28 01:57:51,cust_4710080,DEHE,auto_loan,50343,36,850,low,approved,50343,mobile_app,true,171
app_20250128_00000963,2025-01-28 09:52:52,cust_7840127,ITMI,cash_loan,36582,12,732,low,approved,36582,atm,false,759
app_20250128_00000964,2025-01-28 23:57:03,cust_1316676,BENL,education_loan,16158,24,583,medium,rejected,0,atm,true,29
app_20250128_00000965,2025-01-28 18:07:34,cust_4097476,AUTR,personal_loan,45803,48,584,medium,rejected,0,call_center,false,72
app_20250128_00000966,2025-01-28 05:37:49,cust_6157755,ATVI,auto_loan,17793,36,751,low,approved,17793,mobile_app,true,577
app_20250128_00000967,2025-01-28 11:13:48,cust_9620102,NLAM,cash_loan,16876,24,673,medium,approved,16876,mobile_app,true,484
app_20250128_00000968,2025-01-28 02:12:25,cust_6406321,ATVI,refinance,305276,360,694,medium,approved,305276,mobile,true,242
app_20250128_00000969,2025-01-28 06:54:05,cust_3113746,PLWA,mortgage,150952,240,668,medium,rejected,0,mobile,false,173
app_20250128_00000970,2025-01-28 17:43:55,cust_8767193,NLAM,mortgage,328776,240,445,high,rejected,0,web,false,52
app_20250128_00000971,2025-01-28 04:17:23,cust_2989883,BENL,refinance,141043,360,581,medium,rejected,0,branch,false,52
app_20250128_00000972,2025-01-28 14:23:19,cust_2621839,CHBE,credit_card,49548,12,656,medium,rejected,0,partner,true,81
app_20250128_00000973,2025-01-28 08:40:57,cust_2464441,ESMA,auto_loan,12081,60,773,low,approved,12081,call_center,true,753
app_20250128_00000974,2025-01-28 10:19:57,cust_6425921,AUTR,business_loan,32576,36,707,low,rejected,0,partner,true,60
app_20250128_00000975,2025-01-28 14:11:08,cust_7546016,BENL,business_loan,25341,60,428,high,rejected,0,call_center,false,146
app_20250128_00000976,2025-01-28 07:06:35,cust_1375900,PORP,personal_loan,26256,36,568,medium,approved,26256,web,true,220
app_20250128_00000977,2025-01-28 14:22:27,cust_1846963,BENL,cash_loan,8983,42,723,low,approved,8983,mobile,false,179
app_20250128_00000978,2025-01-28 19:58:36,cust_8879500,PORP,refinance,186768,240,819,low,approved,186768,partner,true,506
app_20250128_00000979,2025-01-28 10:31:41,cust_4031174,AUTR,business_loan,36253,24,742,low,approved,36253,atm,true,539
app_20250128_00000980,2025-01-28 17:16:37,cust_712981,BENL,credit_card,30294,36,590,medium,rejected,0,web,true,93
app_20250128_00000981,2025-01-28 02:21:20,cust_378756,FRID,refinance,238993,180,574,medium,approved,238993,branch,false,615
app_20250128_00000982,2025-01-28 06:17:27,cust_1712980,BENL,auto_loan,52419,60,667,medium,approved,52419,online_banking,true,86
app_20250128_00000983,2025-01-28 00:20:57,cust_6050749,UKLO,refinance,207890,180,582,medium,rejected,0,partner,false,82
app_20250128_00000984,2025-01-28 06:53:37,cust_4285423,CHBE,cash_loan,43755,24,484,high,approved,43755,mobile,false,628
app_20250128_00000985,2025-01-28 08:53:03,cust_5535314,UKLO,auto_loan,30582,72,654,medium,approved,30582,mobile,true,739
app_20250128_00000986,2025-01-28 17:58:29,cust_1394650,NLAM,auto_loan,31349,24,588,medium,rejected,0,mobile_app,true,10
app_20250128_00000987,2025-01-28 01:16:52,cust_7504102,AUTR,credit_card,34670,42,743,low,approved,34670,mobile,true,237
app_20250128_00000988,2025-01-28 14:31:30,cust_9036324,GRRE,mortgage,69963,120,430,high,rejected,0,partner,true,113
app_20250128_00000989,2025-01-28 20:25:22,cust_8292543,UKLO,auto_loan,7629,48,546,medium,rejected,0,call_center,true,44
app_20250128_00000990,2025-01-28 00:37:15,cust_2112183,BENL,credit_card,31691,18,717,low,approved,31691,partner,true,306
app_20250128_00000991,2025-01-28 02:32:50,cust_4700157,AUTR,credit_card,25191,42,578,medium,approved,25191,partner,false,737
app_20250128_00000992,2025-01-28 22:26:25,cust_1853298,GRRE,personal_loan,15761,36,733,low,approved,15761,call_center,true,263
app_20250128_00000993,2025-01-28 06:23:48,cust_6048247,ESMA,auto_loan,14586,72,734,low,approved,14586,mobile_app,true,484
app_20250128_00000994,2025-01-28 16:27:25,cust_300119,CHBE,credit_card,36528,30,570,medium,rejected,0,call_center,false,39
app_20250128_00000995,2025-01-28 13:42:55,cust_1233852,ITMI,education_loan,28740,48,687,medium,approved,28740,branch,true,501
app_20250128_00000996,2025-01-28 18:16:13,cust_1277237,SESV,personal_loan,28021,12,671,medium,approved,28021,online_banking,false,92
app_20250128_00000997,2025-01-28 04:52:05,cust_3666301,GRRE,mortgage,456983,300,545,medium,rejected,0,mobile_app,false,80
app_20250128_00000998,2025-01-28 17:01:06,cust_1799310,ATVI,cash_loan,6104,42,673,medium,approved,6104,online_banking,true,577
app_20250128_00000999,2025-01-28 20:55:02,cust_8022932,DEHE,cash_loan,23841,24,519,medium,approved,23841,branch,true,787
app_20250128_00001000,2025-01-28 17:44:14,cust_3528501,ATVI,credit_card,9193,30,476,high,rejected,0,mobile_app,false,62
app_20250128_00001001,2025-01-28 13:17:05,cust_2893930,UKLO,education_loan,38265,24,671,medium,approved,38265,atm,true,318
app_20250128_00001002,2025-01-28 22:40:36,cust_3667034,BENL,cash_loan,32957,18,766,low,approved,32957,web,true,720
app_20250128_00001003,2025-01-28 05:53:05,cust_1550604,PLWA,education_loan,4786,24,791,low,approved,4786,online_banking,true,510
app_20250128_00001004,2025-01-28 11:08:49,cust_8113855,UKLO,refinance,128551,360,605,medium,approved,128551,atm,false,614
app_20250128_00001005,2025-01-28 11:12:35,cust_4222208,ATVI,refinance,403579,360,557,medium,rejected,0,atm,true,149
app_20250128_00001006,2025-01-28 22:49:45,cust_1129161,AUTR,education_loan,36084,48,741,low,approved,36084,mobile_app,false,869
app_20250128_00001007,2025-01-28 12:12:24,cust_7846489,FRID,cash_loan,1911,48,573,medium,rejected,0,web,false,149
app_20250128_00001008,2025-01-28 11:18:36,cust_7518853,PORP,business_loan,14748,12,644,medium,approved,14748,atm,false,598
app_20250128_00001009,2025-01-28 00:25:56,cust_332889,CHBE,business_loan,24385,48,580,medium,approved,24385,mobile_app,true,516
app_20250128_00001010,2025-01-28 14:41:57,cust_8474137,PORP,business_loan,5688,24,733,low,approved,5688,online_banking,false,791
app_20250128_00001011,2025-01-28 20:40:40,cust_7320813,PORP,auto_loan,20037,48,739,low,rejected,0,call_center,false,14
app_20250128_00001012,2025-01-28 15:24:20,cust_9126565,ITMI,business_loan,18051,12,817,low,approved,18051,atm,false,108
app_20250128_00001013,2025-01-28 10:42:34,cust_8423365,NLAM,personal_loan,30327,24,617,medium,approved,30327,mobile_app,true,662
app_20250128_00001014,2025-01-28 01:30:59,cust_9828860,DEHE,business_loan,31970,48,665,medium,rejected,0,call_center,false,18
app_20250128_00001015,2025-01-28 01:10:45,cust_9855669,UKLO,refinance,268006,120,702,low,approved,268006,mobile_app,true,77
app_20250128_00001016,2025-01-28 07:16:22,cust_6164360,CZPR,refinance,362441,360,700,low,approved,362441,mobile,false,165
app_20250128_00001017,2025-01-28 18:11:22,cust_3299619,AUTR,credit_card,49343,12,631,medium,rejected,0,partner,true,154
app_20250128_00001018,2025-01-28 15:10:38,cust_2543816,SESV,refinance,119429,240,467,high,rejected,0,partner,false,119
app_20250128_00001019,2025-01-28 08:41:14,cust_6514419,ITMI,education_loan,34343,36,748,low,approved,34343,online_banking,true,760
app_20250128_00001020,2025-01-28 21:50:31,cust_9729504,AUTR,personal_loan,21142,48,653,medium,rejected,0,call_center,true,27
app_20250128_00001021,2025-01-28 17:04:45,cust_1802873,FRID,credit_card,37119,12,667,medium,rejected,0,call_center,true,104
app_20250128_00001022,2025-01-28 00:43:54,cust_195299,FRID,mortgage,325563,240,547,medium,rejected,0,atm,true,89
app_20250128_00001023,2025-01-28 20:40:17,cust_4955403,DEHE,personal_loan,4248,30,667,medium,approved,4248,online_banking,false,547
app_20250128_00001024,2025-01-28 06:04:08,cust_4880017,AUTR,education_loan,13838,60,595,medium,approved,13838,web,false,402
app_20250128_00001025,2025-01-28 16:36:43,cust_4105533,CZPR,personal_loan,6586,36,683,medium,approved,6586,mobile_app,false,68
app_20250128_00001026,2025-01-28 13:15:42,cust_2736615,PORP,personal_loan,22534,42,455,high,approved,22534,web,true,478
app_20250128_00001027,2025-01-28 19:03:27,cust_1561778,GRRE,education_loan,38303,12,523,medium,approved,38303,mobile_app,true,749
app_20250128_00001028,2025-01-28 13:01:56,cust_7512199,NLAM,cash_loan,26916,24,706,low,approved,26916,atm,false,256
app_20250128_00001029,2025-01-28 19:05:44,cust_9731827,FRID,mortgage,272824,240,353,high,rejected,0,mobile,false,92
app_20250128_00001030,2025-01-28 11:05:04,cust_9756872,ESMA,personal_loan,24641,30,725,low,approved,24641,web,true,765
app_20250128_00001031,2025-01-28 23:48:43,cust_3207229,BENL,cash_loan,6262,12,643,medium,approved,6262,partner,false,899
app_20250128_00001032,2025-01-28 04:50:44,cust_8203837,CZPR,business_loan,2568,12,634,medium,approved,2568,partner,true,404
app_20250128_00001033,2025-01-28 13:57:45,cust_1994756,DEHE,auto_loan,30440,48,510,medium,rejected,0,online_banking,true,161
app_20250128_00001034,2025-01-28 01:39:59,cust_1122683,BENL,refinance,452777,180,600,medium,approved,452777,atm,true,205
app_20250128_00001035,2025-01-28 06:36:53,cust_6786845,SESV,cash_loan,13177,36,500,medium,approved,13177,web,false,177
app_20250128_00001036,2025-01-28 13:49:00,cust_2457637,PORP,mortgage,321311,300,850,low,approved,321311,partner,false,369
app_20250128_00001037,2025-01-28 12:24:20,cust_7742938,ESMA,credit_card,39742,12,782,low,approved,39742,branch,false,178
app_20250128_00001038,2025-01-28 17:10:10,cust_8596236,CHBE,auto_loan,43761,72,571,medium,approved,43761,online_banking,true,710
app_20250128_00001039,2025-01-28 01:45:27,cust_5137684,BENL,education_loan,6896,60,564,medium,rejected,0,mobile,false,141
app_20250128_00001040,2025-01-28 10:42:47,cust_4367183,CHBE,auto_loan,46601,72,657,medium,approved,46601,atm,false,753
app_20250128_00001041,2025-01-28 02:19:46,cust_3147355,PORP,business_loan,28428,24,731,low,approved,28428,mobile_app,false,367
app_20250128_00001042,2025-01-28 00:11:08,cust_2237405,PLWA,cash_loan,30642,18,685,medium,rejected,0,partner,true,164
app_20250128_00001043,2025-01-28 18:59:02,cust_7327678,UKLO,credit_card,41396,36,704,low,approved,41396,branch,true,415
app_20250128_00001044,2025-01-28 08:11:37,cust_4451170,CHBE,business_loan,11516,48,654,medium,approved,11516,mobile,false,557
app_20250128_00001045,2025-01-28 12:00:15,cust_1455661,FRID,business_loan,15611,36,631,medium,approved,15611,call_center,true,422
app_20250128_00001046,2025-01-28 07:10:49,cust_1792408,GRRE,credit_card,1481,12,602,medium,approved,1481,mobile,true,304
app_20250128_00001047,2025-01-28 09:25:52,cust_3519847,BENL,credit_card,10944,18,587,medium,approved,10944,partner,false,120
app_20250128_00001048,2025-01-28 17:05:32,cust_5794751,CHBE,auto_loan,24049,48,605,medium,approved,24049,web,true,678
app_20250128_00001049,2025-01-28 12:29:02,cust_8117554,AUTR,business_loan,3862,60,587,medium,rejected,0,mobile_app,true,56
app_20250128_00001050,2025-01-28 10:26:24,cust_1334875,SESV,cash_loan,28194,36,656,medium,approved,28194,branch,true,118
app_20250128_00001051,2025-01-28 17:37:30,cust_159692,SESV,cash_loan,42302,30,610,medium,approved,42302,atm,true,423
app_20250128_00001052,2025-01-28 04:15:23,cust_7644139,FRID,refinance,426378,240,678,medium,rejected,0,mobile_app,true,41
app_20250128_00001053,2025-01-28 03:55:42,cust_5967700,GRRE,cash_loan,3773,30,525,medium,approved,3773,branch,false,250
app_20250128_00001054,2025-01-28 05:43:34,cust_6279277,SESV,mortgage,176062,180,707,low,approved,176062,partner,false,35
app_20250128_00001055,2025-01-28 12:03:01,cust_314967,ITMI,education_loan,15764,48,679,medium,rejected,0,mobile_app,true,139
app_20250128_00001056,2025-01-28 05:09:15,cust_3382194,FRID,personal_loan,19935,12,631,medium,approved,19935,mobile_app,false,760
app_20250128_00001057,2025-01-28 09:50:16,cust_9696202,AUTR,auto_loan,25898,48,774,low,approved,25898,online_banking,true,308
app_20250128_00001058,2025-01-28 02:36:30,cust_1961938,ATVI,business_loan,35768,60,782,low,approved,35768,mobile_app,false,614
app_20250128_00001059,2025-01-28 03:21:01,cust_585815,PLWA,mortgage,418603,300,613,medium,rejected,0,online_banking,false,135
app_20250128_00001060,2025-01-28 07:22:33,cust_7299943,GRRE,business_loan,11968,24,673,medium,approved,11968,branch,false,730
app_20250128_00001061,2025-01-28 18:02:08,cust_5584777,UKLO,personal_loan,15970,12,579,medium,rejected,0,mobile,true,137
app_20250128_00001062,2025-01-28 22:34:55,cust_7485967,PORP,education_loan,14208,48,641,medium,approved,14208,branch,false,734
app_20250128_00001063,2025-01-28 15:46:07,cust_3111152,CZPR,auto_loan,42597,60,715,low,approved,42597,partner,true,550
app_20250128_00001064,2025-01-28 12:38:55,cust_5123555,FRID,cash_loan,32779,48,759,low,approved,32779,atm,true,613
app_20250128_00001065,2025-01-28 01:47:42,cust_2754132,UKLO,refinance,236607,180,755,low,approved,236607,web,true,143
app_20250128_00001066,2025-01-28 20:46:59,cust_5891638,PORP,personal_loan,38220,42,602,medium,approved,38220,web,true,537
app_20250128_00001067,2025-01-28 16:19:25,cust_9654706,UKLO,business_loan,27870,60,635,medium,approved,27870,mobile,false,698
app_20250128_00001068,2025-01-28 09:12:17,cust_9933281,BENL,personal_loan,15849,24,664,medium,approved,15849,branch,false,535
app_20250128_00001069,2025-01-28 04:48:12,cust_2825786,AUTR,business_loan,35828,48,514,medium,approved,35828,partner,false,726
app_20250128_00001070,2025-01-28 15:51:45,cust_9846429,ITMI,credit_card,38640,12,850,low,approved,38640,call_center,false,578
app_20250128_00001071,2025-01-28 00:05:48,cust_1248009,AUTR,cash_loan,29429,12,764,low,approved,29429,atm,false,106
app_20250128_00001072,2025-01-28 15:01:02,cust_2208238,NLAM,education_loan,2614,36,643,medium,approved,2614,mobile_app,true,694
app_20250128_00001073,2025-01-28 01:39:45,cust_765550,FRID,education_loan,18160,48,663,medium,approved,18160,web,true,265
app_20250128_00001074,2025-01-28 11:24:59,cust_7176438,BENL,credit_card,9499,18,822,low,approved,9499,mobile,false,328
app_20250128_00001075,2025-01-28 23:30:07,cust_1443357,BENL,refinance,136633,240,591,medium,rejected,0,atm,true,16
app_20250128_00001076,2025-01-28 15:38:22,cust_3481401,CZPR,credit_card,45111,12,662,medium,approved,45111,atm,true,174
app_20250128_00001077,2025-01-28 04:10:27,cust_6577035,CZPR,refinance,290502,180,732,low,approved,290502,mobile_app,true,463
app_20250128_00001078,2025-01-28 22:55:39,cust_4779263,CHBE,mortgage,175558,180,704,low,approved,175558,mobile,true,529
app_20250128_00001079,2025-01-28 23:37:46,cust_5650889,PLWA,refinance,307900,300,544,medium,approved,307900,call_center,true,116
app_20250128_00001080,2025-01-28 23:02:23,cust_8588072,CHBE,personal_loan,26357,12,706,low,approved,26357,mobile,false,864
app_20250128_00001081,2025-01-28 23:07:43,cust_8144256,CHBE,auto_loan,28037,60,580,medium,rejected,0,atm,false,51
app_20250128_00001082,2025-01-28 07:44:14,cust_8086679,DEHE,credit_card,37902,36,838,low,approved,37902,atm,true,44
app_20250128_00001083,2025-01-28 02:28:59,cust_349923,NLAM,education_loan,7643,48,494,high,approved,7643,partner,false,39
app_20250128_00001084,2025-01-28 16:27:06,cust_2063200,SESV,auto_loan,15109,36,645,medium,rejected,0,online_banking,true,19
app_20250128_00001085,2025-01-28 10:41:40,cust_2866043,ITMI,auto_loan,53249,48,727,low,approved,53249,mobile,true,769
app_20250128_00001086,2025-01-28 19:13:18,cust_6716807,ATVI,education_loan,2333,60,724,low,approved,2333,call_center,false,533
app_20250128_00001087,2025-01-28 21:51:36,cust_8741989,ATVI,cash_loan,4427,48,619,medium,approved,4427,call_center,false,667
app_20250128_00001088,2025-01-28 13:24:55,cust_9483312,UKLO,business_loan,3873,60,435,high,rejected,0,partner,true,94
app_20250128_00001089,2025-01-28 07:26:12,cust_2299990,UKLO,personal_loan,16971,36,695,medium,approved,16971,web,true,774
app_20250128_00001090,2025-01-28 23:29:25,cust_9135541,NLAM,personal_loan,14301,18,689,medium,rejected,0,online_banking,true,169
app_20250128_00001091,2025-01-28 23:35:16,cust_1687321,PORP,credit_card,2156,24,576,medium,rejected,0,mobile_app,true,70
app_20250128_00001092,2025-01-28 01:29:07,cust_9658555,AUTR,refinance,382546,360,654,medium,approved,382546,online_banking,false,764
app_20250128_00001093,2025-01-28 03:53:38,cust_8846870,SESV,mortgage,272502,240,621,medium,rejected,0,mobile,false,96
app_20250128_00001094,2025-01-28 03:41:20,cust_8329599,NLAM,auto_loan,31557,24,709,low,approved,31557,online_banking,true,82
app_20250128_00001095,2025-01-28 16:30:26,cust_121249,SESV,credit_card,47063,42,603,medium,rejected,0,atm,false,49
app_20250128_00001096,2025-01-28 16:32:17,cust_9355797,PORP,cash_loan,15693,42,623,medium,rejected,0,atm,true,58
app_20250128_00001097,2025-01-28 16:19:10,cust_5460653,CZPR,mortgage,293505,180,703,low,approved,293505,online_banking,false,350
app_20250128_00001098,2025-01-28 13:37:37,cust_3384125,DEHE,credit_card,33967,42,850,low,approved,33967,mobile_app,true,470
app_20250128_00001099,2025-01-28 14:51:17,cust_6383408,CZPR,business_loan,3350,24,797,low,approved,3350,partner,false,639
app_20250128_00001100,2025-01-28 17:44:41,cust_9208720,CZPR,refinance,288430,120,598,medium,approved,288430,online_banking,false,40
app_20250128_00001101,2025-01-28 08:43:18,cust_117621,PORP,business_loan,30950,60,606,medium,approved,30950,call_center,true,103
app_20250128_00001102,2025-01-28 09:34:54,cust_8712179,FRID,credit_card,44359,18,636,medium,rejected,0,atm,true,158
app_20250128_00001103,2025-01-28 22:39:27,cust_4117870,GRRE,business_loan,10300,48,704,low,approved,10300,call_center,false,570
app_20250128_00001104,2025-01-28 12:19:11,cust_863496,ESMA,business_loan,30063,36,814,low,approved,30063,mobile_app,false,393
app_20250128_00001105,2025-01-28 09:24:12,cust_354126,ITMI,mortgage,320776,120,609,medium,approved,320776,branch,false,650
app_20250128_00001106,2025-01-28 06:53:42,cust_4345615,SESV,business_loan,8384,12,649,medium,approved,8384,mobile,false,671
app_20250128_00001107,2025-01-28 04:54:45,cust_9365187,FRID,cash_loan,38072,24,761,low,approved,38072,partner,true,349
app_20250128_00001108,2025-01-28 09:25:27,cust_7443423,ITMI,personal_loan,40004,36,631,medium,approved,40004,branch,false,628
app_20250128_00001109,2025-01-28 12:55:48,cust_7402353,CZPR,education_loan,35899,24,609,medium,rejected,0,online_banking,false,131
app_20250128_00001110,2025-01-28 06:24:41,cust_2334207,UKLO,education_loan,23042,48,726,low,approved,23042,call_center,false,259
app_20250128_00001111,2025-01-28 22:17:34,cust_1263379,CZPR,refinance,374650,300,697,medium,approved,374650,call_center,false,307
app_20250128_00001112,2025-01-28 07:59:23,cust_2124965,GRRE,auto_loan,37987,72,672,medium,approved,37987,mobile_app,false,876
app_20250128_00001113,2025-01-28 03:53:00,cust_6077661,SESV,mortgage,482405,120,685,medium,rejected,0,partner,false,112
app_20250128_00001114,2025-01-28 00:14:04,cust_4401704,AUTR,education_loan,27823,48,438,high,rejected,0,branch,true,50
app_20250128_00001115,2025-01-28 06:27:17,cust_5559122,SESV,education_loan,37538,24,621,medium,approved,37538,mobile,true,66
app_20250128_00001116,2025-01-28 23:50:00,cust_4975631,ATVI,refinance,274956,180,461,high,rejected,0,branch,false,177
app_20250128_00001117,2025-01-28 00:02:01,cust_4894174,GRRE,education_loan,3957,12,512,medium,rejected,0,atm,true,66
app_20250128_00001118,2025-01-28 15:16:39,cust_8198768,CZPR,cash_loan,37113,18,634,medium,approved,37113,branch,true,629
app_20250128_00001119,2025-01-28 19:44:36,cust_5611944,PORP,credit_card,20524,24,584,medium,rejected,0,web,false,8
app_20250128_00001120,2025-01-28 02:21:42,cust_7733728,AUTR,credit_card,6032,48,850,low,approved,6032,mobile,true,652
app_20250128_00001121,2025-01-28 11:30:04,cust_3396000,PORP,mortgage,134633,180,436,high,rejected,0,web,true,115
app_20250128_00001122,2025-01-28 14:13:26,cust_8602172,ATVI,education_loan,9389,48,522,medium,approved,9389,atm,true,441
app_20250128_00001123,2025-01-28 12:59:59,cust_4610338,BENL,mortgage,66443,120,558,medium,approved,66443,call_center,false,465
app_20250128_00001124,2025-01-28 22:08:40,cust_5845979,BENL,credit_card,8354,12,701,low,approved,8354,branch,true,461
app_20250128_00001125,2025-01-28 02:26:28,cust_5818786,BENL,mortgage,414370,180,678,medium,approved,414370,atm,true,377
app_20250128_00001126,2025-01-28 14:55:36,cust_8095108,GRRE,refinance,406282,180,561,medium,approved,406282,branch,true,248
app_20250128_00001127,2025-01-28 20:34:56,cust_5798595,NLAM,personal_loan,2545,24,618,medium,rejected,0,mobile_app,false,69
app_20250128_00001128,2025-01-28 13:37:53,cust_8821864,SESV,business_loan,16017,24,616,medium,approved,16017,web,true,48
app_20250128_00001129,2025-01-28 03:33:51,cust_1302549,BENL,credit_card,27562,12,554,medium,approved,27562,atm,true,857
app_20250128_00001130,2025-01-28 20:55:34,cust_6283006,DEHE,cash_loan,49644,30,770,low,approved,49644,atm,false,416
app_20250128_00001131,2025-01-28 11:24:06,cust_9101322,CHBE,cash_loan,18920,18,608,medium,approved,18920,atm,true,544
app_20250128_00001132,2025-01-28 07:51:22,cust_5460343,SESV,auto_loan,8592,36,559,medium,approved,8592,atm,true,804
app_20250128_00001133,2025-01-28 02:04:13,cust_4472997,FRID,cash_loan,23763,48,612,medium,approved,23763,mobile,true,860
app_20250128_00001134,2025-01-28 16:47:36,cust_766509,NLAM,mortgage,442233,360,646,medium,rejected,0,online_banking,true,66
app_20250128_00001135,2025-01-28 11:24:55,cust_8160439,ITMI,cash_loan,27672,12,702,low,approved,27672,branch,false,620
app_20250128_00001136,2025-01-28 21:03:21,cust_3203103,ITMI,education_loan,13436,12,458,high,rejected,0,branch,true,146
app_20250128_00001137,2025-01-28 13:48:23,cust_6883637,NLAM,education_loan,31559,36,625,medium,approved,31559,mobile,true,530
app_20250128_00001138,2025-01-28 00:06:34,cust_2098424,BENL,refinance,172179,360,584,medium,approved,172179,online_banking,true,612
app_20250128_00001139,2025-01-28 09:24:24,cust_6614805,GRRE,business_loan,25855,24,672,medium,rejected,0,call_center,false,131
app_20250128_00001140,2025-01-28 16:04:36,cust_3204244,FRID,education_loan,38886,36,507,medium,approved,38886,mobile,true,478
app_20250128_00001141,2025-01-28 17:05:25,cust_9562944,FRID,refinance,172618,360,826,low,approved,172618,partner,true,155
app_20250128_00001142,2025-01-28 19:07:37,cust_1110710,DEHE,auto_loan,6723,72,597,medium,approved,6723,web,false,69
app_20250128_00001143,2025-01-28 21:19:06,cust_884884,GRRE,credit_card,32741,42,701,low,rejected,0,web,true,111
app_20250128_00001144,2025-01-28 02:15:10,cust_5461561,ATVI,business_loan,15558,12,678,medium,approved,15558,partner,false,409
app_20250128_00001145,2025-01-28 07:11:55,cust_2554453,ITMI,mortgage,175437,240,610,medium,approved,175437,web,true,627
app_20250128_00001146,2025-01-28 16:44:58,cust_1568418,AUTR,credit_card,15806,48,575,medium,rejected,0,call_center,true,68
app_20250128_00001147,2025-01-28 11:09:25,cust_4838897,PORP,credit_card,9855,42,514,medium,rejected,0,call_center,false,32
app_20250128_00001148,2025-01-28 04:09:13,cust_8164066,DEHE,cash_loan,35626,18,592,medium,rejected,0,branch,true,46
app_20250128_00001149,2025-01-28 03:41:45,cust_6093751,PLWA,cash_loan,42202,30,724,low,approved,42202,call_center,false,85
app_20250128_00001150,2025-01-28 23:27:16,cust_5784588,ESMA,credit_card,9561,36,605,medium,approved,9561,mobile,true,418
app_20250128_00001151,2025-01-28 08:41:25,cust_2269059,CHBE,personal_loan,34605,42,623,medium,rejected,0,web,false,162
app_20250128_00001152,2025-01-28 10:46:55,cust_7430650,FRID,auto_loan,41635,24,469,high,rejected,0,online_banking,false,109
app_20250128_00001153,2025-01-28 19:39:11,cust_707343,GRRE,auto_loan,48516,36,814,low,approved,48516,online_banking,false,144
app_20250128_00001154,2025-01-28 18:06:19,cust_3020292,UKLO,business_loan,26101,24,685,medium,approved,26101,web,false,752
app_20250128_00001155,2025-01-28 14:29:40,cust_3321752,GRRE,personal_loan,29269,30,498,high,rejected,0,partner,false,94
app_20250128_00001156,2025-01-28 23:04:55,cust_7056145,ESMA,mortgage,204138,180,587,medium,rejected,0,partner,false,52
app_20250128_00001157,2025-01-28 11:13:00,cust_6261773,DEHE,business_loan,35452,60,668,medium,approved,35452,web,false,613
app_20250128_00001158,2025-01-28 06:52:00,cust_9827698,DEHE,refinance,453128,180,517,medium,approved,453128,call_center,true,204
app_20250128_00001159,2025-01-28 23:29:47,cust_4177757,CHBE,education_loan,3642,60,662,medium,approved,3642,mobile_app,false,358
app_20250128_00001160,2025-01-28 03:43:37,cust_9851226,ATVI,refinance,428564,300,713,low,approved,428564,branch,true,525
app_20250128_00001161,2025-01-28 10:44:23,cust_8080077,PORP,credit_card,43937,48,571,medium,approved,43937,mobile_app,false,175
app_20250128_00001162,2025-01-28 18:48:43,cust_3169665,CZPR,auto_loan,59047,60,509,medium,rejected,0,partner,false,73
app_20250128_00001163,2025-01-28 21:01:49,cust_2543918,ITMI,education_loan,39841,48,645,medium,approved,39841,mobile,true,343
app_20250128_00001164,2025-01-28 18:39:02,cust_6692602,PORP,credit_card,25946,24,677,medium,rejected,0,call_center,true,36
app_20250128_00001165,2025-01-28 19:51:45,cust_2619937,CZPR,auto_loan,27253,24,638,medium,rejected,0,atm,false,32
app_20250128_00001166,2025-01-28 23:10:17,cust_9737722,UKLO,personal_loan,34447,36,449,high,rejected,0,call_center,false,121
app_20250128_00001167,2025-01-28 16:49:50,cust_2666226,UKLO,education_loan,35101,24,850,low,approved,35101,web,true,219
app_20250128_00001168,2025-01-28 12:32:51,cust_2894643,FRID,credit_card,39946,36,644,medium,approved,39946,partner,false,482
app_20250128_00001169,2025-01-28 21:50:23,cust_4292547,AUTR,auto_loan,23330,24,465,high,rejected,0,atm,true,59
app_20250128_00001170,2025-01-28 09:06:56,cust_3950216,ATVI,auto_loan,43731,48,554,medium,approved,43731,atm,false,226
app_20250128_00001171,2025-01-28 07:07:08,cust_1668156,FRID,education_loan,16990,60,736,low,approved,16990,partner,true,794
app_20250128_00001172,2025-01-28 13:21:02,cust_1685870,AUTR,cash_loan,39763,18,526,medium,rejected,0,atm,false,38
app_20250128_00001173,2025-01-28 08:05:13,cust_3805900,CZPR,auto_loan,14047,48,617,medium,approved,14047,atm,true,102
app_20250128_00001174,2025-01-28 03:47:18,cust_1656723,ITMI,education_loan,30069,36,694,medium,approved,30069,branch,true,878
app_20250128_00001175,2025-01-28 07:04:07,cust_4064187,FRID,personal_loan,46148,36,756,low,approved,46148,mobile_app,true,211
app_20250128_00001176,2025-01-28 21:30:50,cust_9295090,CZPR,refinance,498548,120,514,medium,rejected,0,atm,true,127
app_20250128_00001177,2025-01-28 06:19:54,cust_3479526,GRRE,auto_loan,11129,24,763,low,approved,11129,online_banking,true,504
app_20250128_00001178,2025-01-28 18:53:48,cust_761256,CZPR,mortgage,388124,240,850,low,approved,388124,web,false,155
app_20250128_00001179,2025-01-28 16:45:00,cust_2838842,CHBE,education_loan,17405,48,659,medium,approved,17405,mobile,false,418
app_20250128_00001180,2025-01-28 20:12:05,cust_3622253,AUTR,education_loan,16716,48,443,high,rejected,0,mobile,false,159
app_20250128_00001181,2025-01-28 16:21:56,cust_9360521,BENL,cash_loan,10190,18,604,medium,approved,10190,partner,false,800
app_20250128_00001182,2025-01-28 13:45:22,cust_5468662,AUTR,personal_loan,10378,36,493,high,approved,10378,partner,false,141
app_20250128_00001183,2025-01-28 00:40:27,cust_8122698,AUTR,business_loan,5046,48,603,medium,approved,5046,partner,true,727
app_20250128_00001184,2025-01-28 13:29:19,cust_2782571,DEHE,personal_loan,22061,42,660,medium,approved,22061,online_banking,false,864
app_20250128_00001185,2025-01-28 10:28:46,cust_3496591,SESV,credit_card,39736,42,840,low,approved,39736,mobile,false,214
app_20250128_00001186,2025-01-28 06:44:37,cust_4611819,CZPR,business_loan,37317,12,615,medium,rejected,0,partner,true,174
app_20250128_00001187,2025-01-28 17:01:48,cust_1802423,ITMI,auto_loan,15622,60,719,low,approved,15622,call_center,false,538
app_20250128_00001188,2025-01-28 23:51:09,cust_4013921,UKLO,refinance,399434,360,649,medium,approved,399434,atm,true,291
app_20250128_00001189,2025-01-28 16:05:57,cust_9979731,PLWA,mortgage,255943,180,710,low,approved,255943,online_banking,true,736
app_20250128_00001190,2025-01-28 18:57:36,cust_428743,CHBE,auto_loan,54599,72,700,low,approved,54599,mobile,false,175
app_20250128_00001191,2025-01-28 10:03:53,cust_1045945,UKLO,personal_loan,17630,48,656,medium,approved,17630,partner,false,112
app_20250128_00001192,2025-01-28 19:54:03,cust_7302329,CZPR,personal_loan,38773,48,626,medium,rejected,0,mobile_app,false,56
app_20250128_00001193,2025-01-28 10:17:30,cust_8274786,ITMI,education_loan,13606,12,681,medium,approved,13606,branch,true,773
app_20250128_00001194,2025-01-28 09:05:39,cust_6301462,CHBE,credit_card,43374,18,850,low,approved,43374,partner,true,156
app_20250128_00001195,2025-01-28 08:29:12,cust_4714334,FRID,education_loan,21005,24,677,medium,approved,21005,atm,true,101
app_20250128_00001196,2025-01-28 17:30:40,cust_3145575,GRRE,personal_loan,33315,12,616,medium,approved,33315,mobile_app,true,188
app_20250128_00001197,2025-01-28 13:27:34,cust_2699607,ITMI,auto_loan,29788,60,608,medium,rejected,0,mobile_app,true,165
app_20250128_00001198,2025-01-28 22:07:27,cust_8123812,CHBE,refinance,169991,240,628,medium,approved,169991,atm,true,334
app_20250128_00001199,2025-01-28 06:42:52,cust_5892408,ESMA,cash_loan,45337,30,816,low,approved,45337,atm,true,270
app_20250128_00001200,2025-01-28 11:38:28,cust_5282035,FRID,credit_card,37464,18,691,medium,approved,37464,mobile,false,705
app_20250128_00001201,2025-01-28 04:25:26,cust_8303423,CZPR,mortgage,469005,120,716,low,approved,469005,partner,false,198
app_20250128_00001202,2025-01-28 17:16:46,cust_630707,ATVI,mortgage,444577,180,610,medium,approved,444577,atm,true,660
app_20250128_00001203,2025-01-28 11:28:52,cust_9827719,ITMI,education_loan,26275,24,680,medium,approved,26275,branch,true,414
app_20250128_00001204,2025-01-28 00:33:59,cust_6565664,ITMI,business_loan,31169,48,655,medium,rejected,0,partner,false,60
app_20250128_00001205,2025-01-28 10:08:49,cust_7486840,ESMA,cash_loan,49695,42,785,low,approved,49695,mobile_app,true,771
app_20250128_00001206,2025-01-28 10:20:08,cust_5330727,DEHE,credit_card,40960,42,729,low,approved,40960,call_center,false,666
app_20250128_00001207,2025-01-28 16:07:51,cust_6456699,AUTR,personal_loan,35097,12,553,medium,rejected,0,partner,false,174
app_20250128_00001208,2025-01-28 06:28:06,cust_242713,DEHE,business_loan,21791,36,557,medium,rejected,0,web,false,133
app_20250128_00001209,2025-01-28 16:36:40,cust_8632824,UKLO,refinance,472363,120,693,medium,approved,472363,partner,true,349
app_20250128_00001210,2025-01-28 15:27:14,cust_8206635,CHBE,mortgage,385039,360,507,medium,rejected,0,atm,false,147
app_20250128_00001211,2025-01-28 09:53:49,cust_761476,AUTR,credit_card,11927,48,581,medium,rejected,0,partner,false,15
app_20250128_00001212,2025-01-28 00:17:40,cust_6276996,ATVI,personal_loan,5877,36,722,low,approved,5877,mobile_app,true,884
app_20250128_00001213,2025-01-28 11:46:21,cust_6742760,NLAM,credit_card,40065,24,676,medium,rejected,0,mobile_app,false,103
app_20250128_00001214,2025-01-28 21:52:20,cust_9001910,ESMA,mortgage,245384,240,710,low,approved,245384,web,true,362
app_20250128_00001215,2025-01-28 22:21:57,cust_1995216,SESV,education_loan,22736,24,682,medium,approved,22736,call_center,true,559
app_20250128_00001216,2025-01-28 07:19:08,cust_3880670,DEHE,cash_loan,45929,42,602,medium,approved,45929,call_center,true,44
app_20250128_00001217,2025-01-28 03:44:49,cust_9227164,FRID,mortgage,185786,360,565,medium,rejected,0,atm,false,84
app_20250128_00001218,2025-01-28 04:23:32,cust_3125226,NLAM,refinance,115881,240,559,medium,approved,115881,web,true,791
app_20250128_00001219,2025-01-28 00:19:52,cust_9834056,CHBE,auto_loan,55900,48,457,high,rejected,0,web,false,55
app_20250128_00001220,2025-01-28 16:08:53,cust_6397258,GRRE,credit_card,15400,24,620,medium,rejected,0,branch,false,32
app_20250128_00001221,2025-01-28 10:03:21,cust_3833729,SESV,auto_loan,14479,72,570,medium,rejected,0,branch,false,51
app_20250128_00001222,2025-01-28 07:57:23,cust_8552058,ITMI,personal_loan,39091,12,772,low,approved,39091,web,true,489
app_20250128_00001223,2025-01-28 21:16:23,cust_7479758,AUTR,education_loan,5078,12,664,medium,rejected,0,mobile_app,false,59
app_20250128_00001224,2025-01-28 04:44:59,cust_5287680,DEHE,personal_loan,14912,12,581,medium,approved,14912,atm,true,86
app_20250128_00001225,2025-01-28 15:54:27,cust_2616697,UKLO,refinance,329595,300,770,low,approved,329595,mobile,true,369
app_20250128_00001226,2025-01-28 07:17:13,cust_554808,ESMA,business_loan,24858,12,630,medium,approved,24858,partner,true,546
app_20250128_00001227,2025-01-28 20:49:58,cust_9261353,ITMI,personal_loan,22150,30,479,high,rejected,0,web,false,105
app_20250128_00001228,2025-01-28 08:35:54,cust_1573844,ESMA,education_loan,16744,48,773,low,approved,16744,atm,true,400
app_20250128_00001229,2025-01-28 07:56:36,cust_1798631,AUTR,auto_loan,22784,48,618,medium,approved,22784,partner,false,246
app_20250128_00001230,2025-01-28 07:15:15,cust_6670122,CZPR,personal_loan,48022,24,722,low,approved,48022,call_center,true,77
app_20250128_00001231,2025-01-28 06:30:33,cust_7196257,PORP,refinance,269221,300,552,medium,rejected,0,atm,true,166
app_20250128_00001232,2025-01-28 10:10:20,cust_5100133,SESV,business_loan,17350,24,581,medium,rejected,0,branch,true,16
app_20250128_00001233,2025-01-28 14:59:38,cust_325305,SESV,education_loan,38683,24,685,medium,approved,38683,atm,false,257
app_20250128_00001234,2025-01-28 03:18:43,cust_289025,ITMI,cash_loan,31076,12,617,medium,rejected,0,mobile_app,true,93
app_20250128_00001235,2025-01-28 14:03:00,cust_9360186,PLWA,education_loan,20064,60,643,medium,approved,20064,call_center,false,897
app_20250128_00001236,2025-01-28 12:42:54,cust_9684291,AUTR,mortgage,169563,240,734,low,approved,169563,atm,true,352
app_20250128_00001237,2025-01-28 10:43:56,cust_8915339,NLAM,education_loan,11563,12,515,medium,rejected,0,mobile,true,176
app_20250128_00001238,2025-01-28 18:33:36,cust_227344,BENL,mortgage,467118,180,745,low,approved,467118,mobile_app,false,558
app_20250128_00001239,2025-01-28 14:59:32,cust_2078015,PORP,personal_loan,36487,24,558,medium,approved,36487,online_banking,false,45
app_20250128_00001240,2025-01-28 21:43:32,cust_3306026,SESV,auto_loan,12387,48,561,medium,approved,12387,mobile,false,507
app_20250128_00001241,2025-01-28 23:20:04,cust_1176047,PORP,mortgage,229718,240,694,medium,approved,229718,partner,false,542
app_20250128_00001242,2025-01-28 21:06:35,cust_4337410,ATVI,mortgage,478559,360,616,medium,approved,478559,atm,true,408
app_20250128_00001243,2025-01-28 11:56:10,cust_779518,GRRE,mortgage,123216,120,562,medium,rejected,0,atm,false,96
app_20250128_00001244,2025-01-28 07:35:25,cust_5236551,CHBE,cash_loan,29050,30,567,medium,rejected,0,mobile,false,78
app_20250128_00001245,2025-01-28 22:17:21,cust_6195989,FRID,personal_loan,4749,36,564,medium,rejected,0,call_center,false,13
app_20250128_00001246,2025-01-28 11:03:07,cust_3533664,ATVI,credit_card,12259,36,497,high,rejected,0,atm,false,96
app_20250128_00001247,2025-01-28 21:16:13,cust_9667856,NLAM,refinance,226276,300,750,low,approved,226276,branch,true,447
app_20250128_00001248,2025-01-28 02:51:02,cust_7450848,AUTR,auto_loan,43943,48,767,low,approved,43943,online_banking,false,895
app_20250128_00001249,2025-01-28 13:11:40,cust_6646450,NLAM,auto_loan,49695,24,636,medium,approved,49695,online_banking,true,500
app_20250128_00001250,2025-01-28 12:19:17,cust_1777471,DEHE,personal_loan,33568,36,671,medium,rejected,0,branch,false,32
app_20250128_00001251,2025-01-28 01:26:38,cust_571084,PLWA,cash_loan,47463,48,659,medium,approved,47463,mobile,true,622
app_20250128_00001252,2025-01-28 21:44:18,cust_1569130,ITMI,personal_loan,17813,42,739,low,approved,17813,atm,false,798
app_20250128_00001253,2025-01-28 14:42:34,cust_893182,CHBE,personal_loan,3392,24,595,medium,rejected,0,mobile_app,false,97
app_20250128_00001254,2025-01-28 11:17:10,cust_7938391,BENL,auto_loan,59180,24,495,high,rejected,0,partner,true,159
app_20250128_00001255,2025-01-28 17:28:14,cust_447180,CZPR,education_loan,3863,12,808,low,approved,3863,mobile,false,436
app_20250128_00001256,2025-01-28 13:17:50,cust_6215773,AUTR,education_loan,17294,48,637,medium,approved,17294,partner,true,212
app_20250128_00001257,2025-01-28 07:47:53,cust_602328,NLAM,personal_loan,1478,42,673,medium,approved,1478,web,true,534
app_20250128_00001258,2025-01-28 06:21:11,cust_9466651,ESMA,mortgage,68827,120,590,medium,approved,68827,call_center,false,643
app_20250128_00001259,2025-01-28 08:42:20,cust_8695678,FRID,cash_loan,19396,18,772,low,rejected,0,mobile_app,true,118
app_20250128_00001260,2025-01-28 17:38:47,cust_2578066,DEHE,refinance,262197,360,479,high,rejected,0,online_banking,false,45
app_20250128_00001261,2025-01-28 08:16:23,cust_5562822,PLWA,refinance,341464,120,559,medium,rejected,0,call_center,true,167
app_20250128_00001262,2025-01-28 10:47:00,cust_507152,ITMI,auto_loan,8722,72,644,medium,approved,8722,online_banking,true,440
app_20250128_00001263,2025-01-28 11:44:09,cust_2881269,PORP,personal_loan,49725,48,652,medium,approved,49725,web,true,193
app_20250128_00001264,2025-01-28 09:43:48,cust_5248303,PLWA,auto_loan,16939,72,745,low,approved,16939,online_banking,false,296
app_20250128_00001265,2025-01-28 00:06:01,cust_4428627,CZPR,cash_loan,38194,30,572,medium,rejected,0,online_banking,false,26
app_20250128_00001266,2025-01-28 15:33:44,cust_9643526,BENL,business_loan,33837,12,553,medium,approved,33837,atm,true,287
app_20250128_00001267,2025-01-28 17:58:02,cust_2727836,ESMA,refinance,174194,180,642,medium,approved,174194,branch,true,886
app_20250128_00001268,2025-01-28 17:11:08,cust_7616161,DEHE,auto_loan,17078,48,526,medium,approved,17078,online_banking,true,493
app_20250128_00001269,2025-01-28 23:11:28,cust_1810101,ITMI,personal_loan,14555,24,523,medium,rejected,0,mobile,true,11
app_20250128_00001270,2025-01-28 07:49:24,cust_2017606,ESMA,cash_loan,39975,24,518,medium,approved,39975,call_center,true,322
app_20250128_00001271,2025-01-28 19:12:57,cust_675228,ITMI,auto_loan,46633,72,568,medium,approved,46633,atm,false,893
app_20250128_00001272,2025-01-28 05:53:28,cust_2448056,PORP,refinance,163111,180,664,medium,rejected,0,branch,false,62
app_20250128_00001273,2025-01-28 20:33:50,cust_3018975,GRRE,business_loan,6547,36,535,medium,approved,6547,online_banking,false,635
app_20250128_00001274,2025-01-28 18:29:29,cust_3362837,UKLO,education_loan,26812,48,552,medium,rejected,0,call_center,true,107
app_20250128_00001275,2025-01-28 13:32:42,cust_2245084,SESV,auto_loan,57436,72,661,medium,approved,57436,branch,true,638
app_20250128_00001276,2025-01-28 23:10:17,cust_6611017,PLWA,refinance,179008,180,597,medium,rejected,0,web,false,37
app_20250128_00001277,2025-01-28 17:43:42,cust_1098065,CZPR,mortgage,375592,180,594,medium,rejected,0,atm,false,171
app_20250128_00001278,2025-01-28 12:56:52,cust_6121310,GRRE,cash_loan,43831,12,560,medium,rejected,0,branch,false,100
app_20250128_00001279,2025-01-28 18:16:09,cust_6933949,CHBE,mortgage,417682,240,572,medium,approved,417682,atm,true,79
app_20250128_00001280,2025-01-28 03:50:58,cust_3402575,ATVI,cash_loan,47909,42,524,medium,rejected,0,mobile_app,true,100
app_20250128_00001281,2025-01-28 17:32:17,cust_3806204,CZPR,personal_loan,35176,12,533,medium,approved,35176,branch,false,522
app_20250128_00001282,2025-01-28 12:28:35,cust_2787920,AUTR,mortgage,59913,300,642,medium,approved,59913,atm,false,580
app_20250128_00001283,2025-01-28 20:20:16,cust_950507,CZPR,cash_loan,12656,24,504,medium,approved,12656,call_center,false,558
app_20250128_00001284,2025-01-28 02:26:28,cust_2050617,SESV,credit_card,20388,18,713,low,rejected,0,partner,true,118
app_20250128_00001285,2025-01-28 14:38:44,cust_7997591,AUTR,education_loan,39260,24,797,low,approved,39260,call_center,true,546
app_20250128_00001286,2025-01-28 23:40:35,cust_9277728,DEHE,auto_loan,13625,48,624,medium,approved,13625,branch,false,434
app_20250128_00001287,2025-01-28 01:07:56,cust_5105633,GRRE,mortgage,415642,240,814,low,approved,415642,mobile,true,584
app_20250128_00001288,2025-01-28 20:18:44,cust_9659481,ITMI,education_loan,25354,60,522,medium,rejected,0,atm,true,115
app_20250128_00001289,2025-01-28 21:15:53,cust_8673771,PORP,mortgage,381241,300,539,medium,rejected,0,atm,false,135
app_20250128_00001290,2025-01-28 20:26:15,cust_9654894,NLAM,auto_loan,48898,48,706,low,approved,48898,mobile_app,true,418
app_20250128_00001291,2025-01-28 04:18:41,cust_3162956,NLAM,business_loan,11803,48,513,medium,rejected,0,call_center,false,50
app_20250128_00001292,2025-01-28 23:57:43,cust_8760701,ITMI,personal_loan,34355,36,700,low,approved,34355,atm,true,749
app_20250128_00001293,2025-01-28 18:33:07,cust_2976320,NLAM,business_loan,8153,24,689,medium,approved,8153,partner,false,86
app_20250128_00001294,2025-01-28 23:24:30,cust_9386492,GRRE,mortgage,284218,240,735,low,approved,284218,atm,true,481
app_20250128_00001295,2025-01-28 10:12:26,cust_636577,NLAM,mortgage,146115,120,724,low,approved,146115,partner,true,359
app_20250128_00001296,2025-01-28 15:14:15,cust_3850360,FRID,credit_card,7975,12,649,medium,approved,7975,branch,false,803
app_20250128_00001297,2025-01-28 17:57:24,cust_9307784,CZPR,mortgage,215271,120,622,medium,rejected,0,mobile_app,false,134
app_20250128_00001298,2025-01-28 10:33:04,cust_2545761,NLAM,business_loan,11381,12,650,medium,approved,11381,branch,true,414
app_20250128_00001299,2025-01-28 09:50:30,cust_8762737,CHBE,credit_card,12719,30,621,medium,approved,12719,partner,false,239
app_20250128_00001300,2025-01-28 23:17:38,cust_4550719,PLWA,cash_loan,48694,18,629,medium,approved,48694,partner,false,526
app_20250128_00001301,2025-01-28 17:38:30,cust_489095,FRID,auto_loan,22497,48,692,medium,approved,22497,atm,false,421
app_20250128_00001302,2025-01-28 02:47:11,cust_9269513,PORP,education_loan,30253,48,666,medium,approved,30253,partner,false,599
app_20250128_00001303,2025-01-28 20:38:56,cust_8753348,PORP,credit_card,35280,42,612,medium,rejected,0,mobile,true,71
app_20250128_00001304,2025-01-28 13:37:30,cust_4573080,ESMA,refinance,493867,360,784,low,approved,493867,atm,false,185
app_20250128_00001305,2025-01-28 09:37:45,cust_1674221,PLWA,education_loan,28052,12,603,medium,approved,28052,atm,true,423
app_20250128_00001306,2025-01-28 15:43:26,cust_7541368,ITMI,refinance,202201,180,803,low,approved,202201,mobile,true,782
app_20250128_00001307,2025-01-28 15:27:14,cust_8747693,PORP,auto_loan,25831,36,534,medium,rejected,0,online_banking,false,167
app_20250128_00001308,2025-01-28 15:56:15,cust_2430629,FRID,education_loan,24993,36,717,low,approved,24993,call_center,false,750
app_20250128_00001309,2025-01-28 13:11:01,cust_629921,ATVI,cash_loan,42375,48,729,low,approved,42375,call_center,true,796
app_20250128_00001310,2025-01-28 04:27:28,cust_4450547,ATVI,credit_card,25345,12,612,medium,approved,25345,atm,true,656
app_20250128_00001311,2025-01-28 05:17:21,cust_8356098,PLWA,personal_loan,24768,30,794,low,approved,24768,web,true,34
app_20250128_00001312,2025-01-28 23:34:10,cust_6012214,NLAM,personal_loan,46374,30,557,medium,approved,46374,mobile,true,167
app_20250128_00001313,2025-01-28 22:18:37,cust_6369442,NLAM,business_loan,12028,60,643,medium,approved,12028,branch,false,297
app_20250128_00001314,2025-01-28 08:32:07,cust_5447930,ESMA,credit_card,23790,12,604,medium,rejected,0,call_center,true,22
app_20250128_00001315,2025-01-28 11:54:21,cust_4483608,PORP,personal_loan,4504,36,735,low,approved,4504,branch,false,202
app_20250128_00001316,2025-01-28 04:10:30,cust_2296171,ATVI,business_loan,13443,48,750,low,rejected,0,partner,false,161
app_20250128_00001317,2025-01-28 09:26:54,cust_2815513,NLAM,personal_loan,9669,30,620,medium,approved,9669,mobile,false,659
app_20250128_00001318,2025-01-28 09:20:27,cust_8669937,GRRE,refinance,280945,180,656,medium,approved,280945,partner,false,164
app_20250128_00001319,2025-01-28 02:55:42,cust_9708997,ATVI,mortgage,325223,120,738,low,rejected,0,atm,true,167
app_20250128_00001320,2025-01-28 02:32:49,cust_4931125,GRRE,education_loan,12261,36,850,low,approved,12261,mobile,true,229
app_20250128_00001321,2025-01-28 07:58:17,cust_7900059,AUTR,refinance,382156,180,519,medium,rejected,0,mobile,true,16
app_20250128_00001322,2025-01-28 13:54:10,cust_9285277,PLWA,credit_card,4023,24,611,medium,approved,4023,mobile,false,356
app_20250128_00001323,2025-01-28 15:16:52,cust_3184040,ITMI,education_loan,25557,60,637,medium,approved,25557,call_center,true,653
app_20250128_00001324,2025-01-28 17:01:02,cust_4099092,CHBE,refinance,417862,240,655,medium,approved,417862,atm,false,768
app_20250128_00001325,2025-01-28 22:57:30,cust_9053508,FRID,refinance,407765,360,568,medium,approved,407765,branch,false,117
app_20250128_00001326,2025-01-28 12:06:02,cust_902233,UKLO,personal_loan,38510,18,648,medium,approved,38510,web,false,225
app_20250128_00001327,2025-01-28 20:48:24,cust_2572436,GRRE,auto_loan,27528,36,509,medium,approved,27528,call_center,true,315
app_20250128_00001328,2025-01-28 18:33:47,cust_4357099,PLWA,education_loan,22875,60,696,medium,approved,22875,call_center,true,665
app_20250128_00001329,2025-01-28 12:37:07,cust_9403161,ITMI,credit_card,22888,42,850,low,approved,22888,mobile,true,730
app_20250128_00001330,2025-01-28 00:58:20,cust_9715331,SESV,cash_loan,40057,42,628,medium,approved,40057,mobile,false,767
app_20250128_00001331,2025-01-28 20:41:20,cust_3713516,GRRE,education_loan,18676,48,755,low,approved,18676,call_center,true,88
app_20250128_00001332,2025-01-28 08:53:21,cust_1964189,ATVI,credit_card,23873,12,608,medium,rejected,0,call_center,true,37
app_20250128_00001333,2025-01-28 01:41:28,cust_7347513,ITMI,mortgage,127578,360,804,low,rejected,0,branch,true,43
app_20250128_00001334,2025-01-28 06:58:37,cust_1506258,ESMA,business_loan,13677,60,598,medium,approved,13677,mobile,true,264
app_20250128_00001335,2025-01-28 02:00:01,cust_8792783,NLAM,refinance,132298,360,604,medium,approved,132298,web,false,188
app_20250128_00001336,2025-01-28 19:53:56,cust_1886344,BENL,refinance,100776,120,565,medium,approved,100776,branch,true,75
app_20250128_00001337,2025-01-28 20:37:57,cust_9488015,PORP,business_loan,11558,60,656,medium,rejected,0,mobile_app,true,136
app_20250128_00001338,2025-01-28 20:08:22,cust_4974131,PLWA,business_loan,7270,48,635,medium,approved,7270,mobile,false,365
app_20250128_00001339,2025-01-28 06:58:27,cust_5738958,BENL,cash_loan,6804,42,611,medium,rejected,0,branch,true,152
app_20250128_00001340,2025-01-28 07:40:33,cust_4181143,NLAM,business_loan,9002,48,625,medium,approved,9002,mobile_app,false,253
app_20250128_00001341,2025-01-28 15:09:43,cust_3164885,AUTR,credit_card,23567,48,729,low,approved,23567,partner,false,713
app_20250128_00001342,2025-01-28 10:03:01,cust_654633,UKLO,cash_loan,40516,48,713,low,approved,40516,atm,false,168
app_20250128_00001343,2025-01-28 14:31:52,cust_1653002,CHBE,personal_loan,15201,18,534,medium,rejected,0,call_center,true,121
app_20250128_00001344,2025-01-28 23:07:49,cust_1614218,CHBE,mortgage,98538,180,772,low,approved,98538,web,false,768
app_20250128_00001345,2025-01-28 02:39:40,cust_6645411,PORP,auto_loan,41845,60,819,low,approved,41845,online_banking,true,707
app_20250128_00001346,2025-01-28 03:04:04,cust_7351813,NLAM,auto_loan,57839,48,679,medium,approved,57839,branch,true,100
app_20250128_00001347,2025-01-28 03:15:55,cust_5796064,ESMA,cash_loan,46133,42,518,medium,rejected,0,branch,false,114
app_20250128_00001348,2025-01-28 07:57:08,cust_1586919,GRRE,auto_loan,17694,48,598,medium,approved,17694,online_banking,true,858
app_20250128_00001349,2025-01-28 08:05:05,cust_6149773,AUTR,education_loan,36550,24,740,low,approved,36550,mobile,true,32
app_20250128_00001350,2025-01-28 20:41:36,cust_949193,PLWA,credit_card,38293,18,697,medium,rejected,0,web,false,17
app_20250128_00001351,2025-01-28 18:07:46,cust_4722642,AUTR,auto_loan,51200,24,717,low,approved,51200,partner,true,475
app_20250128_00001352,2025-01-28 21:33:14,cust_857729,BENL,personal_loan,41829,18,676,medium,approved,41829,web,true,281
app_20250128_00001353,2025-01-28 23:26:23,cust_302261,NLAM,auto_loan,44719,24,660,medium,approved,44719,online_banking,true,489
app_20250128_00001354,2025-01-28 15:08:28,cust_9074975,AUTR,auto_loan,16303,72,509,medium,rejected,0,branch,false,22
app_20250128_00001355,2025-01-28 05:26:45,cust_3827361,FRID,business_loan,37206,36,492,high,rejected,0,mobile,false,135
app_20250128_00001356,2025-01-28 19:51:20,cust_7399023,ITMI,credit_card,36608,30,643,medium,rejected,0,call_center,false,65
app_20250128_00001357,2025-01-28 14:24:08,cust_1741631,GRRE,cash_loan,36889,30,645,medium,rejected,0,partner,false,112
app_20250128_00001358,2025-01-28 20:51:36,cust_5111787,CHBE,education_loan,28454,48,704,low,approved,28454,mobile,false,463
app_20250128_00001359,2025-01-28 01:06:59,cust_8264301,CZPR,business_loan,29447,24,574,medium,rejected,0,online_banking,true,119
app_20250128_00001360,2025-01-28 16:57:27,cust_9697574,UKLO,credit_card,35741,48,759,low,approved,35741,web,false,641
app_20250128_00001361,2025-01-28 16:54:53,cust_7705464,ESMA,refinance,121743,360,684,medium,approved,121743,mobile,false,141
app_20250128_00001362,2025-01-28 10:40:57,cust_4481595,AUTR,auto_loan,58807,60,695,medium,approved,58807,mobile_app,false,530
app_20250128_00001363,2025-01-28 03:57:23,cust_6566617,DEHE,mortgage,51046,120,472,high,rejected,0,atm,true,109
app_20250128_00001364,2025-01-28 00:16:38,cust_2132482,AUTR,refinance,90773,180,850,low,approved,90773,online_banking,true,132
app_20250128_00001365,2025-01-28 10:58:18,cust_1881672,DEHE,personal_loan,13888,36,848,low,approved,13888,mobile_app,false,534
app_20250128_00001366,2025-01-28 07:46:13,cust_5428544,AUTR,personal_loan,39761,30,626,medium,approved,39761,mobile_app,true,156
app_20250128_00001367,2025-01-28 14:44:01,cust_6727643,PORP,business_loan,4981,36,564,medium,approved,4981,online_banking,true,284
app_20250128_00001368,2025-01-28 05:21:30,cust_4409926,DEHE,business_loan,27228,12,543,medium,rejected,0,branch,true,105
app_20250128_00001369,2025-01-28 17:51:23,cust_7489796,AUTR,auto_loan,51649,36,662,medium,rejected,0,web,false,43
app_20250128_00001370,2025-01-28 16:19:14,cust_9403324,ATVI,refinance,164367,360,629,medium,approved,164367,partner,false,594
app_20250128_00001371,2025-01-28 04:36:22,cust_5337077,CZPR,refinance,372076,240,569,medium,approved,372076,mobile_app,true,307
app_20250128_00001372,2025-01-28 05:27:26,cust_9036398,FRID,auto_loan,21563,36,600,medium,approved,21563,partner,true,456
app_20250128_00001373,2025-01-28 22:09:19,cust_1992720,GRRE,education_loan,12848,36,677,medium,approved,12848,online_banking,true,467
app_20250128_00001374,2025-01-28 01:54:16,cust_3107356,DEHE,personal_loan,48624,42,690,medium,rejected,0,mobile,false,93
app_20250128_00001375,2025-01-28 14:10:38,cust_8470603,GRRE,refinance,365042,240,710,low,approved,365042,atm,true,289
app_20250128_00001376,2025-01-28 03:38:36,cust_8961815,CZPR,mortgage,348548,360,747,low,rejected,0,online_banking,false,117
app_20250128_00001377,2025-01-28 15:06:30,cust_6533920,NLAM,business_loan,23726,24,623,medium,approved,23726,mobile,true,886
app_20250128_00001378,2025-01-28 20:04:03,cust_9584930,ITMI,refinance,203383,300,777,low,rejected,0,online_banking,true,140
app_20250128_00001379,2025-01-28 03:23:34,cust_8751372,NLAM,refinance,191332,300,705,low,approved,191332,branch,true,686
app_20250128_00001380,2025-01-28 06:23:27,cust_6257742,CZPR,education_loan,26036,12,608,medium,approved,26036,mobile_app,false,234
app_20250128_00001381,2025-01-28 10:00:52,cust_8221268,ESMA,mortgage,424539,240,600,medium,approved,424539,online_banking,false,893
app_20250128_00001382,2025-01-28 03:46:50,cust_2207633,PORP,cash_loan,30286,42,503,medium,rejected,0,call_center,false,17
app_20250128_00001383,2025-01-28 12:08:33,cust_5602926,GRRE,auto_loan,20070,48,711,low,approved,20070,partner,true,471
app_20250128_00001384,2025-01-28 12:34:50,cust_1023169,ATVI,cash_loan,24434,18,618,medium,approved,24434,mobile_app,false,538
app_20250128_00001385,2025-01-28 16:31:36,cust_8415321,ATVI,personal_loan,13925,24,757,low,approved,13925,mobile,true,214
app_20250128_00001386,2025-01-28 11:21:07,cust_4598015,ESMA,mortgage,383583,180,691,medium,rejected,0,online_banking,false,146
app_20250128_00001387,2025-01-28 17:36:59,cust_1635165,ITMI,education_loan,11203,48,744,low,approved,11203,call_center,true,300
app_20250128_00001388,2025-01-28 05:25:43,cust_6064410,DEHE,refinance,363571,240,575,medium,rejected,0,partner,false,40
app_20250128_00001389,2025-01-28 21:06:02,cust_6871540,AUTR,business_loan,11829,36,693,medium,rejected,0,mobile,false,16
app_20250128_00001390,2025-01-28 13:45:42,cust_7186884,ATVI,education_loan,8053,24,644,medium,approved,8053,partner,false,216
app_20250128_00001391,2025-01-28 01:04:03,cust_4018937,GRRE,business_loan,28157,12,509,medium,approved,28157,mobile_app,true,375
app_20250128_00001392,2025-01-28 03:20:32,cust_210680,DEHE,credit_card,17904,12,653,medium,approved,17904,branch,false,513
app_20250128_00001393,2025-01-28 17:58:12,cust_239664,DEHE,business_loan,6203,48,653,medium,approved,6203,web,false,400
app_20250128_00001394,2025-01-28 11:01:16,cust_4883357,ATVI,personal_loan,41851,30,317,high,rejected,0,partner,false,84
app_20250128_00001395,2025-01-28 17:03:52,cust_7488582,ESMA,mortgage,132137,120,579,medium,approved,132137,online_banking,true,421
app_20250128_00001396,2025-01-28 08:40:16,cust_3606915,SESV,education_loan,34090,12,604,medium,rejected,0,online_banking,false,117
app_20250128_00001397,2025-01-28 21:46:03,cust_8095842,NLAM,education_loan,15818,48,506,medium,rejected,0,mobile,true,104
app_20250128_00001398,2025-01-28 18:30:00,cust_9985034,CZPR,education_loan,30673,12,424,high,rejected,0,web,true,158
app_20250128_00001399,2025-01-28 09:15:30,cust_270753,NLAM,refinance,383717,300,647,medium,rejected,0,branch,false,83
app_20250128_00001400,2025-01-28 11:09:59,cust_8599718,AUTR,refinance,110597,360,655,medium,approved,110597,web,true,576
app_20250128_00001401,2025-01-28 09:10:30,cust_2029127,ITMI,credit_card,9353,12,653,medium,rejected,0,online_banking,true,97
app_20250128_00001402,2025-01-28 06:52:22,cust_2041080,CHBE,personal_loan,7869,48,712,low,approved,7869,web,true,663
app_20250128_00001403,2025-01-28 23:00:17,cust_7028615,CHBE,business_loan,12947,24,795,low,approved,12947,call_center,true,571
app_20250128_00001404,2025-01-28 02:19:43,cust_1922216,AUTR,personal_loan,36907,30,605,medium,approved,36907,mobile_app,false,624
app_20250128_00001405,2025-01-28 07:32:05,cust_9173873,CHBE,credit_card,20158,24,517,medium,approved,20158,atm,true,219
app_20250128_00001406,2025-01-28 22:02:47,cust_9699737,PORP,personal_loan,26903,18,692,medium,approved,26903,online_banking,true,873
app_20250128_00001407,2025-01-28 07:15:49,cust_463279,UKLO,refinance,103090,120,554,medium,rejected,0,mobile_app,true,23
app_20250128_00001408,2025-01-28 16:00:29,cust_3858923,FRID,business_loan,8407,24,573,medium,rejected,0,partner,false,78
app_20250128_00001409,2025-01-28 18:50:53,cust_3781360,BENL,personal_loan,14957,30,658,medium,rejected,0,branch,true,96
app_20250128_00001410,2025-01-28 14:16:15,cust_4303486,UKLO,mortgage,367807,360,522,medium,approved,367807,atm,true,263
app_20250128_00001411,2025-01-28 06:39:43,cust_782143,PLWA,education_loan,24946,48,617,medium,rejected,0,mobile_app,true,104
app_20250128_00001412,2025-01-28 05:43:59,cust_8575479,CHBE,auto_loan,47806,60,658,medium,approved,47806,mobile,false,243
app_20250128_00001413,2025-01-28 23:30:35,cust_3571311,PORP,auto_loan,45792,60,659,medium,approved,45792,web,false,676
app_20250128_00001414,2025-01-28 16:56:56,cust_9161721,CHBE,refinance,337880,120,686,medium,approved,337880,mobile,true,336
app_20250128_00001415,2025-01-28 03:39:45,cust_6874570,CZPR,education_loan,34337,36,739,low,approved,34337,online_banking,false,659
app_20250128_00001416,2025-01-28 02:51:47,cust_8744720,DEHE,mortgage,428530,300,745,low,approved,428530,mobile,true,192
app_20250128_00001417,2025-01-28 17:50:33,cust_8027328,CHBE,mortgage,440748,360,485,high,rejected,0,mobile,true,133
app_20250128_00001418,2025-01-28 05:51:54,cust_776013,CHBE,business_loan,13433,60,677,medium,rejected,0,partner,false,51
app_20250128_00001419,2025-01-28 00:11:38,cust_9037792,CHBE,credit_card,28156,48,659,medium,approved,28156,call_center,false,763
app_20250128_00001420,2025-01-28 10:35:35,cust_4774234,CHBE,refinance,310579,180,445,high,rejected,0,online_banking,true,101
app_20250128_00001421,2025-01-28 22:34:01,cust_7774741,GRRE,cash_loan,42160,48,563,medium,rejected,0,mobile_app,false,157
app_20250128_00001422,2025-01-28 08:00:12,cust_2901946,DEHE,mortgage,225092,180,671,medium,approved,225092,online_banking,true,525
app_20250128_00001423,2025-01-28 08:41:29,cust_7314404,AUTR,business_loan,26364,60,620,medium,rejected,0,mobile,true,91
app_20250128_00001424,2025-01-28 14:48:28,cust_3023673,PLWA,credit_card,41315,30,570,medium,rejected,0,online_banking,true,18
app_20250128_00001425,2025-01-28 06:53:42,cust_1146543,PORP,mortgage,184940,240,842,low,approved,184940,partner,true,426
app_20250128_00001426,2025-01-28 20:35:58,cust_9411147,PLWA,personal_loan,42009,48,763,low,rejected,0,mobile_app,true,42
app_20250128_00001427,2025-01-28 10:40:29,cust_9469874,NLAM,mortgage,448432,300,721,low,approved,448432,web,false,132
app_20250128_00001428,2025-01-28 17:43:04,cust_579447,ESMA,education_loan,36784,36,660,medium,approved,36784,call_center,false,436
app_20250128_00001429,2025-01-28 09:15:38,cust_2370690,FRID,refinance,302554,180,604,medium,rejected,0,partner,false,137
app_20250128_00001430,2025-01-28 13:58:56,cust_2533299,CZPR,credit_card,31077,24,631,medium,approved,31077,mobile,true,348
app_20250128_00001431,2025-01-28 17:16:56,cust_2559857,GRRE,education_loan,20005,24,594,medium,approved,20005,atm,true,274
app_20250128_00001432,2025-01-28 03:13:11,cust_2688384,ATVI,credit_card,46069,36,700,low,approved,46069,atm,true,394
app_20250128_00001433,2025-01-28 03:59:35,cust_7733182,BENL,personal_loan,48796,24,531,medium,rejected,0,online_banking,false,180
app_20250128_00001434,2025-01-28 08:50:22,cust_5762998,ATVI,refinance,71989,180,521,medium,rejected,0,atm,true,128
app_20250128_00001435,2025-01-28 22:57:02,cust_5070268,DEHE,auto_loan,17615,48,607,medium,rejected,0,mobile_app,false,62
app_20250128_00001436,2025-01-28 12:48:09,cust_4670814,GRRE,refinance,100961,240,710,low,approved,100961,partner,true,53
app_20250128_00001437,2025-01-28 03:34:27,cust_4135116,AUTR,cash_loan,42759,30,827,low,approved,42759,mobile,true,513
app_20250128_00001438,2025-01-28 23:27:23,cust_803225,CHBE,refinance,198797,120,678,medium,approved,198797,partner,true,681
app_20250128_00001439,2025-01-28 11:52:02,cust_3130538,BENL,education_loan,5950,48,696,medium,approved,5950,online_banking,true,845
app_20250128_00001440,2025-01-28 10:19:39,cust_7770856,UKLO,auto_loan,26302,36,645,medium,approved,26302,mobile,false,404
app_20250128_00001441,2025-01-28 10:21:59,cust_9055289,ITMI,mortgage,351035,240,676,medium,approved,351035,web,false,714
app_20250128_00001442,2025-01-28 22:54:17,cust_8880048,ITMI,education_loan,7588,24,646,medium,approved,7588,web,false,279
app_20250128_00001443,2025-01-28 15:56:54,cust_8648495,PLWA,refinance,296118,240,530,medium,approved,296118,web,false,564
app_20250128_00001444,2025-01-28 00:03:39,cust_1849148,UKLO,mortgage,448893,240,621,medium,approved,448893,mobile_app,false,575
app_20250128_00001445,2025-01-28 12:34:18,cust_600144,UKLO,mortgage,108958,120,498,high,rejected,0,web,false,105
app_20250128_00001446,2025-01-28 14:44:28,cust_2059375,CZPR,refinance,367357,240,300,high,rejected,0,branch,true,127
app_20250128_00001447,2025-01-28 03:34:26,cust_8394849,NLAM,cash_loan,11734,36,675,medium,approved,11734,partner,false,398
app_20250128_00001448,2025-01-28 03:51:34,cust_2788500,UKLO,business_loan,32530,12,714,low,approved,32530,call_center,true,515
app_20250128_00001449,2025-01-28 23:48:14,cust_2931492,ESMA,business_loan,13889,60,663,medium,approved,13889,partner,false,543
app_20250128_00001450,2025-01-28 23:50:35,cust_5914934,CHBE,credit_card,38664,30,584,medium,rejected,0,mobile,false,40
app_20250128_00001451,2025-01-28 22:44:32,cust_5489768,CHBE,auto_loan,21673,60,714,low,approved,21673,mobile,true,202
app_20250128_00001452,2025-01-28 11:50:22,cust_1413621,ESMA,business_loan,31846,48,675,medium,approved,31846,atm,true,123
app_20250128_00001453,2025-01-28 13:09:40,cust_9732913,DEHE,credit_card,47808,48,722,low,approved,47808,mobile_app,false,100
app_20250128_00001454,2025-01-28 20:58:31,cust_1064183,GRRE,cash_loan,33106,12,350,high,rejected,0,mobile_app,false,120
app_20250128_00001455,2025-01-28 14:33:33,cust_8453957,DEHE,refinance,64396,180,714,low,approved,64396,web,true,176
app_20250128_00001456,2025-01-28 23:24:30,cust_331272,ATVI,education_loan,25492,48,579,medium,rejected,0,partner,false,44
app_20250128_00001457,2025-01-28 10:12:17,cust_9379954,CZPR,refinance,384509,180,840,low,approved,384509,mobile,false,866
app_20250128_00001458,2025-01-28 05:03:08,cust_1618761,AUTR,mortgage,426017,360,767,low,approved,426017,mobile_app,true,698
app_20250128_00001459,2025-01-28 02:11:27,cust_8232177,ATVI,cash_loan,26760,48,699,medium,approved,26760,web,true,309
app_20250128_00001460,2025-01-28 21:51:47,cust_4052368,CZPR,cash_loan,40453,30,742,low,approved,40453,call_center,false,851
app_20250128_00001461,2025-01-28 23:58:35,cust_8349670,CZPR,personal_loan,25986,12,730,low,approved,25986,mobile_app,true,877
app_20250128_00001462,2025-01-28 02:11:43,cust_6936399,ATVI,refinance,431615,240,673,medium,rejected,0,branch,false,11
app_20250128_00001463,2025-01-28 19:38:13,cust_563439,CZPR,mortgage,437832,300,475,high,rejected,0,mobile_app,false,68
app_20250128_00001464,2025-01-28 00:44:42,cust_3032028,UKLO,refinance,101694,240,661,medium,approved,101694,mobile,true,598
app_20250128_00001465,2025-01-28 06:26:31,cust_6507792,CHBE,mortgage,407081,360,660,medium,rejected,0,web,true,53
app_20250128_00001466,2025-01-28 08:33:08,cust_4576215,SESV,education_loan,36917,24,518,medium,approved,36917,call_center,false,60
app_20250128_00001467,2025-01-28 01:20:00,cust_3465981,DEHE,business_loan,30993,48,527,medium,approved,30993,web,false,497
app_20250128_00001468,2025-01-28 16:32:54,cust_2454476,NLAM,business_loan,29027,60,547,medium,approved,29027,mobile,false,374
app_20250128_00001469,2025-01-28 18:13:21,cust_6197284,FRID,refinance,275813,120,850,low,approved,275813,mobile,true,341
app_20250128_00001470,2025-01-28 05:12:44,cust_1628177,ITMI,refinance,492530,240,511,medium,rejected,0,partner,true,102
app_20250128_00001471,2025-01-28 09:58:29,cust_9178379,UKLO,credit_card,37848,48,638,medium,approved,37848,call_center,true,458
app_20250128_00001472,2025-01-28 17:14:00,cust_7387250,AUTR,auto_loan,24202,24,733,low,rejected,0,branch,false,19
app_20250128_00001473,2025-01-28 13:29:12,cust_769197,CHBE,refinance,69631,300,531,medium,rejected,0,partner,false,116
app_20250128_00001474,2025-01-28 04:30:29,cust_4810937,BENL,personal_loan,3729,48,587,medium,approved,3729,mobile_app,false,348
app_20250128_00001475,2025-01-28 12:49:09,cust_745689,GRRE,cash_loan,49016,18,850,low,approved,49016,branch,true,445
app_20250128_00001476,2025-01-28 02:04:04,cust_6709924,BENL,mortgage,275308,120,593,medium,rejected,0,atm,true,108
app_20250128_00001477,2025-01-28 06:21:15,cust_8109873,AUTR,credit_card,5723,30,519,medium,approved,5723,mobile,true,83
app_20250128_00001478,2025-01-28 13:51:18,cust_5506723,CZPR,refinance,422600,300,692,medium,approved,422600,mobile_app,true,666
app_20250128_00001479,2025-01-28 22:45:50,cust_6277983,AUTR,personal_loan,49798,42,504,medium,rejected,0,branch,true,135
app_20250128_00001480,2025-01-28 11:27:26,cust_9279405,ATVI,refinance,287559,120,491,high,rejected,0,mobile_app,false,14
app_20250128_00001481,2025-01-28 20:25:01,cust_6981849,UKLO,mortgage,375526,240,410,high,rejected,0,mobile_app,true,149
app_20250128_00001482,2025-01-28 23:00:58,cust_6301184,UKLO,refinance,403686,120,565,medium,rejected,0,atm,true,139
app_20250128_00001483,2025-01-28 11:36:15,cust_2946209,BENL,cash_loan,22683,36,803,low,approved,22683,branch,true,584
app_20250128_00001484,2025-01-28 20:25:47,cust_1076376,GRRE,auto_loan,15015,24,700,low,approved,15015,atm,false,519
app_20250128_00001485,2025-01-28 16:56:42,cust_3336993,CZPR,education_loan,18029,12,821,low,approved,18029,mobile,true,136
app_20250128_00001486,2025-01-28 21:41:40,cust_8917070,NLAM,business_loan,32122,36,441,high,approved,32122,partner,false,485
app_20250128_00001487,2025-01-28 21:49:48,cust_1828700,BENL,education_loan,21996,60,680,medium,approved,21996,online_banking,false,533
app_20250128_00001488,2025-01-28 23:09:43,cust_1387260,AUTR,auto_loan,50257,24,575,medium,rejected,0,web,true,179
app_20250128_00001489,2025-01-28 06:59:29,cust_4581776,ITMI,cash_loan,33529,24,724,low,approved,33529,call_center,true,321
app_20250128_00001490,2025-01-28 20:07:16,cust_6813785,FRID,personal_loan,1619,48,559,medium,rejected,0,call_center,true,85
app_20250128_00001491,2025-01-28 23:44:08,cust_1301262,FRID,refinance,430905,120,701,low,approved,430905,partner,false,161
app_20250128_00001492,2025-01-28 19:51:34,cust_2896449,BENL,education_loan,28716,48,496,high,rejected,0,call_center,true,162
app_20250128_00001493,2025-01-28 07:00:09,cust_8699399,UKLO,mortgage,264592,300,704,low,approved,264592,partner,false,899
app_20250128_00001494,2025-01-28 15:12:39,cust_1424800,SESV,refinance,83941,180,609,medium,approved,83941,call_center,true,308
app_20250128_00001495,2025-01-28 12:48:14,cust_3743026,CZPR,education_loan,30754,24,750,low,approved,30754,call_center,true,636
app_20250128_00001496,2025-01-28 01:25:45,cust_1060825,ESMA,refinance,200282,240,629,medium,approved,200282,online_banking,true,315
app_20250128_00001497,2025-01-28 07:59:10,cust_7780803,BENL,cash_loan,11510,36,664,medium,rejected,0,call_center,true,24
app_20250128_00001498,2025-01-28 22:38:07,cust_6321133,ESMA,credit_card,6957,18,669,medium,approved,6957,mobile_app,true,628
app_20250128_00001499,2025-01-28 10:59:11,cust_8305694,SESV,credit_card,17319,18,655,medium,approved,17319,call_center,false,898
app_20250128_00001500,2025-01-28 10:27:00,cust_6501256,GRRE,refinance,130389,360,650,medium,approved,130389,mobile_app,false,658
app_20250128_00001501,2025-01-28 16:28:31,cust_2321587,CHBE,auto_loan,30853,36,744,low,approved,30853,atm,true,522
app_20250128_00001502,2025-01-28 09:10:09,cust_5444284,UKLO,mortgage,59916,180,535,medium,rejected,0,partner,true,8
app_20250128_00001503,2025-01-28 14:55:19,cust_881558,ITMI,education_loan,20259,48,821,low,approved,20259,mobile_app,false,115
app_20250128_00001504,2025-01-28 23:37:21,cust_1110194,GRRE,personal_loan,22338,36,723,low,approved,22338,atm,false,247
app_20250128_00001505,2025-01-28 10:45:03,cust_1242881,AUTR,mortgage,432209,240,698,medium,approved,432209,call_center,true,865
app_20250128_00001506,2025-01-28 10:41:24,cust_2116855,FRID,business_loan,23719,60,686,medium,rejected,0,branch,false,13
app_20250128_00001507,2025-01-28 12:59:13,cust_4313739,AUTR,personal_loan,43432,12,614,medium,approved,43432,web,true,466
app_20250128_00001508,2025-01-28 20:02:23,cust_6054667,SESV,education_loan,3087,36,685,medium,approved,3087,mobile_app,true,311
app_20250128_00001509,2025-01-28 11:55:11,cust_1626925,UKLO,personal_loan,37499,30,473,high,rejected,0,mobile_app,true,41
app_20250128_00001510,2025-01-28 21:15:12,cust_634845,ATVI,refinance,50137,180,714,low,approved,50137,mobile_app,true,740
app_20250128_00001511,2025-01-28 23:48:43,cust_9694331,SESV,business_loan,5563,12,711,low,approved,5563,atm,true,191
app_20250128_00001512,2025-01-28 04:23:48,cust_2300511,CZPR,refinance,202347,120,707,low,approved,202347,online_banking,true,191
app_20250128_00001513,2025-01-28 23:43:55,cust_2672970,SESV,refinance,337270,120,725,low,approved,337270,partner,false,84
app_20250128_00001514,2025-01-28 00:04:51,cust_1894816,NLAM,personal_loan,26083,24,572,medium,rejected,0,call_center,false,40
app_20250128_00001515,2025-01-28 17:15:39,cust_9787371,SESV,business_loan,29678,24,340,high,rejected,0,mobile,false,68
app_20250128_00001516,2025-01-28 01:20:30,cust_4709337,BENL,refinance,371607,240,737,low,approved,371607,partner,false,84
app_20250128_00001517,2025-01-28 01:53:34,cust_4116506,BENL,cash_loan,35443,18,687,medium,approved,35443,atm,true,696
app_20250128_00001518,2025-01-28 21:55:34,cust_6925704,UKLO,mortgage,134930,360,588,medium,rejected,0,web,true,162
app_20250128_00001519,2025-01-28 04:43:45,cust_2451512,UKLO,personal_loan,49351,24,582,medium,rejected,0,web,false,59
app_20250128_00001520,2025-01-28 18:22:08,cust_5376128,NLAM,refinance,274661,120,724,low,rejected,0,online_banking,true,144
app_20250128_00001521,2025-01-28 01:18:54,cust_5108862,SESV,refinance,488526,120,679,medium,rejected,0,mobile,false,60
app_20250128_00001522,2025-01-28 01:26:28,cust_4567310,NLAM,credit_card,18757,42,754,low,approved,18757,atm,true,814
app_20250128_00001523,2025-01-28 11:58:58,cust_9216727,DEHE,refinance,78937,120,761,low,approved,78937,mobile_app,true,613
app_20250128_00001524,2025-01-28 03:27:35,cust_6856006,SESV,credit_card,49114,42,588,medium,approved,49114,mobile_app,true,328
app_20250128_00001525,2025-01-28 09:52:34,cust_1611189,PLWA,refinance,152918,180,501,medium,approved,152918,online_banking,true,580
app_20250128_00001526,2025-01-28 20:19:01,cust_7362429,PLWA,refinance,271758,240,759,low,approved,271758,partner,true,334
app_20250128_00001527,2025-01-28 16:04:49,cust_9022346,UKLO,refinance,457793,240,621,medium,approved,457793,partner,true,873
app_20250128_00001528,2025-01-28 03:34:08,cust_9234985,ITMI,education_loan,19306,60,571,medium,rejected,0,mobile,true,168
app_20250128_00001529,2025-01-28 06:26:57,cust_3389146,FRID,cash_loan,48875,42,850,low,approved,48875,atm,false,491
app_20250128_00001530,2025-01-28 19:52:13,cust_4562320,DEHE,education_loan,29867,36,663,medium,approved,29867,atm,false,393
app_20250128_00001531,2025-01-28 06:58:13,cust_4189084,ITMI,business_loan,21157,60,658,medium,rejected,0,web,true,117
app_20250128_00001532,2025-01-28 12:30:51,cust_4778305,GRRE,mortgage,159339,180,797,low,approved,159339,online_banking,false,414
app_20250128_00001533,2025-01-28 13:10:04,cust_8452237,ESMA,personal_loan,10704,30,850,low,approved,10704,mobile_app,false,706
app_20250128_00001534,2025-01-28 05:44:03,cust_3755400,ESMA,cash_loan,46674,42,479,high,rejected,0,atm,true,110
app_20250128_00001535,2025-01-28 21:25:08,cust_8229903,SESV,personal_loan,46900,30,716,low,approved,46900,online_banking,true,193
app_20250128_00001536,2025-01-28 00:03:21,cust_5751541,ESMA,credit_card,37664,42,693,medium,approved,37664,web,false,356
app_20250128_00001537,2025-01-28 06:14:36,cust_5712717,DEHE,education_loan,36729,36,589,medium,rejected,0,mobile,false,31
app_20250128_00001538,2025-01-28 13:29:05,cust_1028947,AUTR,personal_loan,21390,42,623,medium,approved,21390,call_center,false,319
app_20250128_00001539,2025-01-28 13:09:34,cust_1074292,PORP,education_loan,32180,60,649,medium,rejected,0,mobile_app,true,146
app_20250128_00001540,2025-01-28 02:37:31,cust_3428311,CHBE,mortgage,329670,300,790,low,approved,329670,atm,false,610
app_20250128_00001541,2025-01-28 14:27:43,cust_324828,NLAM,cash_loan,7035,24,701,low,approved,7035,atm,true,525
app_20250128_00001542,2025-01-28 11:23:49,cust_4019996,FRID,cash_loan,39610,12,637,medium,rejected,0,online_banking,false,65
app_20250128_00001543,2025-01-28 21:05:57,cust_7315108,AUTR,personal_loan,20562,30,489,high,rejected,0,web,true,63
app_20250128_00001544,2025-01-28 06:03:44,cust_7640768,ATVI,cash_loan,40446,30,727,low,approved,40446,web,true,420
app_20250128_00001545,2025-01-28 20:58:32,cust_8243944,AUTR,personal_loan,3592,24,743,low,approved,3592,online_banking,false,601
app_20250128_00001546,2025-01-28 13:55:40,cust_3863432,UKLO,refinance,421993,360,595,medium,rejected,0,call_center,false,122
app_20250128_00001547,2025-01-28 02:36:49,cust_3321124,BENL,refinance,417336,180,723,low,approved,417336,branch,true,477
app_20250128_00001548,2025-01-28 06:39:41,cust_1784354,BENL,business_loan,19677,24,671,medium,rejected,0,atm,true,72
app_20250128_00001549,2025-01-28 08:03:51,cust_9147902,PLWA,cash_loan,29261,12,784,low,approved,29261,mobile_app,true,518
app_20250128_00001550,2025-01-28 22:09:01,cust_6047583,FRID,cash_loan,35009,48,679,medium,approved,35009,mobile_app,false,646
app_20250128_00001551,2025-01-28 02:37:29,cust_978651,BENL,personal_loan,17748,42,677,medium,approved,17748,atm,true,150
app_20250128_00001552,2025-01-28 15:43:32,cust_7448743,PORP,auto_loan,24783,72,529,medium,approved,24783,mobile_app,false,696
app_20250128_00001553,2025-01-28 13:18:19,cust_9867242,PLWA,credit_card,44067,24,520,medium,rejected,0,online_banking,false,149
app_20250128_00001554,2025-01-28 09:19:19,cust_4763568,CHBE,cash_loan,11210,30,630,medium,approved,11210,call_center,true,250
app_20250128_00001555,2025-01-28 04:18:42,cust_7297625,UKLO,credit_card,1697,12,796,low,approved,1697,mobile_app,false,208
app_20250128_00001556,2025-01-28 00:26:55,cust_8683806,FRID,mortgage,220149,120,569,medium,rejected,0,partner,true,101
app_20250128_00001557,2025-01-28 23:35:31,cust_1606302,ITMI,education_loan,5696,60,605,medium,approved,5696,call_center,false,225
app_20250128_00001558,2025-01-28 03:27:41,cust_2966478,PORP,education_loan,25853,12,585,medium,approved,25853,online_banking,true,256
app_20250128_00001559,2025-01-28 22:16:21,cust_8198933,NLAM,cash_loan,28416,24,648,medium,approved,28416,branch,false,793
app_20250128_00001560,2025-01-28 23:23:14,cust_1743260,PORP,refinance,72783,240,566,medium,rejected,0,mobile_app,true,137
app_20250128_00001561,2025-01-28 16:31:46,cust_2724637,CHBE,cash_loan,28276,18,601,medium,rejected,0,atm,true,74
app_20250128_00001562,2025-01-28 23:53:03,cust_6568030,DEHE,credit_card,23091,24,681,medium,approved,23091,call_center,true,263
app_20250128_00001563,2025-01-28 13:41:32,cust_2446114,DEHE,personal_loan,49601,42,642,medium,approved,49601,mobile,false,114
app_20250128_00001564,2025-01-28 22:57:47,cust_2745757,CHBE,business_loan,5845,48,517,medium,approved,5845,mobile,true,343
app_20250128_00001565,2025-01-28 06:46:09,cust_7948752,ATVI,mortgage,263008,240,619,medium,rejected,0,mobile_app,false,91
app_20250128_00001566,2025-01-28 13:28:58,cust_6847263,CHBE,business_loan,27814,36,776,low,approved,27814,online_banking,true,267
app_20250128_00001567,2025-01-28 11:36:54,cust_1656504,PLWA,credit_card,5005,18,489,high,rejected,0,mobile,true,26
app_20250128_00001568,2025-01-28 00:48:53,cust_2281397,PORP,cash_loan,11196,30,468,high,rejected,0,partner,true,32
app_20250128_00001569,2025-01-28 13:52:54,cust_7229525,ESMA,credit_card,22906,36,606,medium,approved,22906,call_center,false,597
app_20250128_00001570,2025-01-28 23:09:06,cust_4059506,ESMA,business_loan,23525,60,684,medium,rejected,0,online_banking,false,142
app_20250128_00001571,2025-01-28 03:05:21,cust_4159538,CZPR,business_loan,36486,48,595,medium,rejected,0,call_center,false,129
app_20250128_00001572,2025-01-28 06:43:40,cust_9530981,ATVI,education_loan,38601,48,613,medium,approved,38601,online_banking,true,593
app_20250128_00001573,2025-01-28 12:08:31,cust_8963827,ESMA,personal_loan,39778,18,682,medium,rejected,0,partner,false,96
app_20250128_00001574,2025-01-28 23:24:23,cust_4703528,PLWA,cash_loan,33347,24,774,low,approved,33347,online_banking,false,216
app_20250128_00001575,2025-01-28 08:21:12,cust_8598189,ATVI,business_loan,11532,48,613,medium,rejected,0,call_center,true,80
app_20250128_00001576,2025-01-28 00:03:03,cust_5976617,CZPR,personal_loan,32175,24,645,medium,approved,32175,call_center,true,469
app_20250128_00001577,2025-01-28 20:09:10,cust_4696933,ESMA,credit_card,35978,30,403,high,rejected,0,online_banking,false,148
app_20250128_00001578,2025-01-28 06:34:55,cust_5508545,CHBE,auto_loan,39165,36,655,medium,approved,39165,call_center,false,386
app_20250128_00001579,2025-01-28 20:49:43,cust_6361981,NLAM,education_loan,28745,60,710,low,approved,28745,atm,true,698
app_20250128_00001580,2025-01-28 01:09:50,cust_2769814,DEHE,education_loan,37095,48,628,medium,approved,37095,web,false,853
app_20250128_00001581,2025-01-28 08:31:32,cust_9124628,NLAM,education_loan,12019,36,609,medium,approved,12019,call_center,true,397
app_20250128_00001582,2025-01-28 01:02:16,cust_6337628,FRID,mortgage,416056,300,710,low,approved,416056,online_banking,true,443
app_20250128_00001583,2025-01-28 02:11:01,cust_587396,ESMA,mortgage,220308,120,496,high,rejected,0,partner,true,139
app_20250128_00001584,2025-01-28 14:03:34,cust_8673852,NLAM,cash_loan,18769,48,550,medium,approved,18769,partner,true,479
app_20250128_00001585,2025-01-28 20:01:26,cust_7535969,ESMA,mortgage,151791,120,646,medium,approved,151791,branch,true,298
app_20250128_00001586,2025-01-28 17:13:40,cust_7220592,SESV,cash_loan,14983,12,510,medium,rejected,0,mobile_app,false,108
app_20250128_00001587,2025-01-28 16:34:13,cust_384828,AUTR,education_loan,20302,24,646,medium,approved,20302,call_center,true,838
app_20250128_00001588,2025-01-28 05:21:38,cust_9198411,NLAM,refinance,364773,240,725,low,approved,364773,web,false,346
app_20250128_00001589,2025-01-28 22:27:48,cust_4120118,NLAM,mortgage,261245,180,550,medium,approved,261245,atm,false,794
app_20250128_00001590,2025-01-28 17:30:44,cust_7651968,BENL,credit_card,26930,30,704,low,approved,26930,branch,false,261
app_20250128_00001591,2025-01-28 16:28:07,cust_8571176,ITMI,credit_card,31109,48,850,low,approved,31109,branch,false,386
app_20250128_00001592,2025-01-28 23:58:03,cust_9188949,CZPR,credit_card,48535,18,779,low,approved,48535,mobile_app,true,384
app_20250128_00001593,2025-01-28 11:43:23,cust_897659,BENL,cash_loan,4060,36,669,medium,rejected,0,mobile_app,false,19
app_20250128_00001594,2025-01-28 20:36:51,cust_9562292,ESMA,mortgage,126954,240,721,low,approved,126954,atm,true,151
app_20250128_00001595,2025-01-28 11:55:03,cust_7793534,ESMA,personal_loan,37636,36,699,medium,approved,37636,online_banking,false,776
app_20250128_00001596,2025-01-28 16:18:07,cust_565874,FRID,auto_loan,32853,24,617,medium,approved,32853,mobile,false,422
app_20250128_00001597,2025-01-28 01:15:17,cust_6424901,CHBE,education_loan,5670,36,705,low,approved,5670,mobile_app,false,721
app_20250128_00001598,2025-01-28 05:19:58,cust_2108700,SESV,auto_loan,43510,48,794,low,approved,43510,atm,false,527
app_20250128_00001599,2025-01-28 19:13:47,cust_8971604,CHBE,mortgage,295300,240,485,high,approved,295300,web,false,808
app_20250128_00001600,2025-01-28 22:22:53,cust_6723732,CHBE,refinance,480623,360,730,low,approved,480623,mobile,true,845
app_20250128_00001601,2025-01-28 22:06:22,cust_6591007,ITMI,cash_loan,29178,48,611,medium,approved,29178,atm,true,287
app_20250128_00001602,2025-01-28 11:39:05,cust_372042,PLWA,personal_loan,5805,42,598,medium,approved,5805,partner,false,812
app_20250128_00001603,2025-01-28 00:07:00,cust_8247763,SESV,credit_card,44540,12,707,low,approved,44540,atm,true,201
app_20250128_00001604,2025-01-28 15:43:54,cust_245904,CHBE,cash_loan,7679,12,768,low,approved,7679,call_center,false,286
app_20250128_00001605,2025-01-28 13:05:24,cust_2737234,BENL,credit_card,7570,12,734,low,approved,7570,online_banking,true,593
app_20250128_00001606,2025-01-28 14:56:32,cust_6427354,UKLO,refinance,419478,300,580,medium,approved,419478,mobile_app,true,55
app_20250128_00001607,2025-01-28 03:04:41,cust_3269397,GRRE,cash_loan,12339,48,540,medium,rejected,0,branch,false,111
app_20250128_00001608,2025-01-28 10:07:08,cust_3015002,CZPR,cash_loan,36624,30,659,medium,approved,36624,online_banking,true,778
app_20250128_00001609,2025-01-28 05:03:40,cust_259042,SESV,credit_card,20080,18,689,medium,approved,20080,call_center,true,57
app_20250128_00001610,2025-01-28 06:40:20,cust_2440971,FRID,cash_loan,1985,18,633,medium,approved,1985,atm,true,566
app_20250128_00001611,2025-01-28 03:32:59,cust_7683460,PLWA,credit_card,40724,24,742,low,approved,40724,online_banking,true,886
app_20250128_00001612,2025-01-28 01:16:50,cust_6319203,UKLO,refinance,113418,300,646,medium,approved,113418,mobile_app,true,145
app_20250128_00001613,2025-01-28 06:34:09,cust_9629568,UKLO,auto_loan,51707,72,685,medium,approved,51707,online_banking,true,370
app_20250128_00001614,2025-01-28 17:13:37,cust_804371,CZPR,education_loan,8868,48,640,medium,approved,8868,partner,true,463
app_20250128_00001615,2025-01-28 03:43:03,cust_3908022,ITMI,education_loan,20317,36,607,medium,rejected,0,atm,false,141
app_20250128_00001616,2025-01-28 15:05:01,cust_8647895,SESV,education_loan,32292,48,675,medium,approved,32292,mobile_app,true,98
app_20250128_00001617,2025-01-28 08:22:21,cust_296212,NLAM,mortgage,362331,120,754,low,approved,362331,web,false,894
app_20250128_00001618,2025-01-28 14:54:08,cust_5462804,ATVI,education_loan,23159,48,398,high,rejected,0,online_banking,false,59
app_20250128_00001619,2025-01-28 19:39:45,cust_7404703,AUTR,cash_loan,30809,36,636,medium,approved,30809,partner,false,303
app_20250128_00001620,2025-01-28 19:07:43,cust_8503362,AUTR,refinance,320626,300,742,low,approved,320626,online_banking,true,144
app_20250128_00001621,2025-01-28 01:56:24,cust_828356,DEHE,credit_card,43396,42,609,medium,rejected,0,mobile,true,138
app_20250128_00001622,2025-01-28 08:35:51,cust_2674285,NLAM,mortgage,426308,120,645,medium,rejected,0,online_banking,true,122
app_20250128_00001623,2025-01-28 05:49:30,cust_3807864,FRID,education_loan,11917,24,696,medium,rejected,0,web,true,95
app_20250128_00001624,2025-01-28 04:01:44,cust_5911149,UKLO,credit_card,44440,30,646,medium,approved,44440,web,true,845
app_20250128_00001625,2025-01-28 11:59:04,cust_5803555,ITMI,mortgage,203087,120,561,medium,rejected,0,mobile_app,true,28
app_20250128_00001626,2025-01-28 02:04:09,cust_7158399,ITMI,cash_loan,40708,12,614,medium,approved,40708,call_center,false,250
app_20250128_00001627,2025-01-28 03:54:36,cust_6153765,BENL,business_loan,28115,48,606,medium,approved,28115,branch,false,45
app_20250128_00001628,2025-01-28 04:08:01,cust_1310921,CZPR,credit_card,3635,18,619,medium,approved,3635,partner,true,530
app_20250128_00001629,2025-01-28 12:59:55,cust_3263335,FRID,credit_card,20526,12,688,medium,approved,20526,mobile,true,634
app_20250128_00001630,2025-01-28 15:43:15,cust_7740207,SESV,credit_card,18345,36,521,medium,rejected,0,mobile_app,false,100
app_20250128_00001631,2025-01-28 03:42:00,cust_1551076,AUTR,personal_loan,21548,48,587,medium,rejected,0,online_banking,false,71
app_20250128_00001632,2025-01-28 04:50:55,cust_4149722,UKLO,cash_loan,6000,12,745,low,approved,6000,mobile_app,false,698
app_20250128_00001633,2025-01-28 09:20:44,cust_7113147,GRRE,refinance,79000,180,584,medium,rejected,0,call_center,true,112
app_20250128_00001634,2025-01-28 09:50:41,cust_3331825,DEHE,credit_card,35794,24,641,medium,rejected,0,call_center,true,114
app_20250128_00001635,2025-01-28 05:37:12,cust_7812695,PLWA,refinance,72127,180,692,medium,approved,72127,web,true,567
app_20250128_00001636,2025-01-28 21:38:16,cust_2385736,ITMI,auto_loan,16104,24,734,low,approved,16104,atm,false,440
app_20250128_00001637,2025-01-28 20:10:05,cust_9356227,PORP,credit_card,43932,36,438,high,rejected,0,call_center,true,80
app_20250128_00001638,2025-01-28 09:56:41,cust_8230220,NLAM,mortgage,188762,120,683,medium,rejected,0,branch,true,121
app_20250128_00001639,2025-01-28 07:48:19,cust_1558618,AUTR,personal_loan,45827,36,669,medium,rejected,0,atm,false,73
app_20250128_00001640,2025-01-28 09:13:50,cust_7883203,SESV,cash_loan,39387,42,642,medium,approved,39387,online_banking,true,232
app_20250128_00001641,2025-01-28 15:01:19,cust_5104900,AUTR,mortgage,279210,360,485,high,rejected,0,online_banking,false,133
app_20250128_00001642,2025-01-28 09:24:49,cust_8387712,PORP,personal_loan,46876,12,699,medium,approved,46876,partner,false,465
app_20250128_00001643,2025-01-28 17:42:43,cust_3706149,SESV,mortgage,448517,180,652,medium,approved,448517,branch,true,741
app_20250128_00001644,2025-01-28 11:34:29,cust_7140188,NLAM,education_loan,4467,48,550,medium,approved,4467,call_center,true,147
app_20250128_00001645,2025-01-28 15:26:41,cust_4775675,ESMA,education_loan,15054,48,628,medium,approved,15054,online_banking,false,889
app_20250128_00001646,2025-01-28 12:27:01,cust_2498991,BENL,auto_loan,54572,48,840,low,approved,54572,call_center,true,705
app_20250128_00001647,2025-01-28 19:27:45,cust_4339823,DEHE,personal_loan,1546,18,573,medium,approved,1546,web,true,705
app_20250128_00001648,2025-01-28 12:31:52,cust_8645791,ATVI,mortgage,270268,240,670,medium,approved,270268,mobile_app,true,786
app_20250128_00001649,2025-01-28 22:13:07,cust_5899213,UKLO,credit_card,46618,36,744,low,approved,46618,web,true,361
app_20250128_00001650,2025-01-28 20:07:19,cust_3438776,GRRE,refinance,432777,300,712,low,approved,432777,mobile_app,true,419
app_20250128_00001651,2025-01-28 05:36:04,cust_6335033,PLWA,personal_loan,29360,12,634,medium,approved,29360,online_banking,false,822
app_20250128_00001652,2025-01-28 14:32:50,cust_418197,DEHE,personal_loan,2034,30,850,low,approved,2034,mobile,false,879
app_20250128_00001653,2025-01-28 14:15:47,cust_3971313,GRRE,mortgage,215765,360,727,low,approved,215765,web,false,870
app_20250128_00001654,2025-01-28 20:03:31,cust_3577653,SESV,refinance,418893,240,616,medium,rejected,0,partner,true,32
app_20250128_00001655,2025-01-28 22:24:52,cust_622144,PLWA,education_loan,12748,24,693,medium,rejected,0,partner,true,52
app_20250128_00001656,2025-01-28 01:27:03,cust_1497878,PLWA,cash_loan,25461,42,732,low,approved,25461,branch,true,573
app_20250128_00001657,2025-01-28 17:58:17,cust_1069650,BENL,education_loan,34814,60,665,medium,approved,34814,mobile,true,519
app_20250128_00001658,2025-01-28 09:46:14,cust_6167788,SESV,business_loan,32339,48,582,medium,rejected,0,online_banking,false,118
app_20250128_00001659,2025-01-28 20:28:32,cust_3069888,PORP,auto_loan,37046,24,755,low,approved,37046,online_banking,false,688
app_20250128_00001660,2025-01-28 21:37:18,cust_7007690,PORP,business_loan,3790,48,663,medium,approved,3790,web,false,437
app_20250128_00001661,2025-01-28 11:40:56,cust_3668581,ITMI,credit_card,49044,12,748,low,approved,49044,online_banking,true,460
app_20250128_00001662,2025-01-28 04:51:42,cust_3042376,ESMA,business_loan,8512,36,704,low,rejected,0,atm,false,91
app_20250128_00001663,2025-01-28 11:11:29,cust_7666923,SESV,education_loan,32677,36,526,medium,rejected,0,online_banking,true,165
app_20250128_00001664,2025-01-28 21:20:22,cust_2103244,DEHE,refinance,95279,120,850,low,approved,95279,mobile_app,false,336
app_20250128_00001665,2025-01-28 11:52:19,cust_8476081,DEHE,mortgage,454033,360,569,medium,approved,454033,branch,false,273
app_20250128_00001666,2025-01-28 02:54:04,cust_4757626,CHBE,business_loan,18955,12,804,low,approved,18955,web,false,536
app_20250128_00001667,2025-01-28 13:42:17,cust_4987599,SESV,personal_loan,28804,12,495,high,rejected,0,mobile_app,true,92
app_20250128_00001668,2025-01-28 22:49:57,cust_8094172,UKLO,auto_loan,40263,24,697,medium,rejected,0,atm,true,101
app_20250128_00001669,2025-01-28 21:10:49,cust_5986435,PORP,refinance,179591,360,829,low,approved,179591,partner,true,263
app_20250128_00001670,2025-01-28 03:37:15,cust_2665071,CZPR,mortgage,148006,120,545,medium,rejected,0,mobile_app,false,95
app_20250128_00001671,2025-01-28 06:13:38,cust_4327996,GRRE,auto_loan,37142,60,727,low,approved,37142,atm,true,796
app_20250128_00001672,2025-01-28 10:25:22,cust_843951,GRRE,credit_card,37837,18,698,medium,approved,37837,call_center,false,799
app_20250128_00001673,2025-01-28 00:37:53,cust_2215484,ESMA,personal_loan,18927,18,512,medium,rejected,0,web,true,23
app_20250128_00001674,2025-01-28 11:41:36,cust_6476494,AUTR,refinance,451827,120,736,low,approved,451827,call_center,true,539
app_20250128_00001675,2025-01-28 21:34:06,cust_913609,CHBE,credit_card,39928,30,673,medium,approved,39928,web,false,64
app_20250128_00001676,2025-01-28 19:37:45,cust_5158022,PLWA,mortgage,365018,240,669,medium,approved,365018,mobile_app,true,351
app_20250128_00001677,2025-01-28 11:35:01,cust_5938669,GRRE,credit_card,13627,12,817,low,approved,13627,web,true,811
app_20250128_00001678,2025-01-28 21:57:07,cust_8169011,ITMI,credit_card,25563,36,540,medium,rejected,0,partner,true,23
app_20250128_00001679,2025-01-28 10:20:21,cust_5302620,ITMI,credit_card,4738,42,671,medium,rejected,0,partner,true,28
app_20250128_00001680,2025-01-28 07:28:59,cust_2596017,CHBE,personal_loan,1283,42,643,medium,rejected,0,atm,true,155
app_20250128_00001681,2025-01-28 03:51:18,cust_4517010,BENL,auto_loan,11280,60,608,medium,rejected,0,atm,false,117
app_20250128_00001682,2025-01-28 00:32:05,cust_4329871,PLWA,auto_loan,10773,24,466,high,rejected,0,mobile,false,7
app_20250128_00001683,2025-01-28 19:10:48,cust_2796317,AUTR,cash_loan,41096,12,690,medium,approved,41096,mobile_app,false,60
app_20250128_00001684,2025-01-28 09:23:58,cust_6790694,PORP,mortgage,369650,180,755,low,approved,369650,web,false,463
app_20250128_00001685,2025-01-28 04:47:19,cust_6711248,BENL,cash_loan,8703,12,674,medium,approved,8703,atm,true,606
app_20250128_00001686,2025-01-28 23:48:50,cust_8051693,FRID,credit_card,30534,36,604,medium,approved,30534,mobile_app,false,357
app_20250128_00001687,2025-01-28 18:04:01,cust_4842955,BENL,cash_loan,35742,36,543,medium,approved,35742,call_center,false,282
app_20250128_00001688,2025-01-28 10:37:57,cust_8756943,CHBE,cash_loan,21203,12,748,low,approved,21203,mobile,false,320
app_20250128_00001689,2025-01-28 20:50:15,cust_5431102,CZPR,refinance,469525,360,656,medium,approved,469525,mobile_app,true,715
app_20250128_00001690,2025-01-28 10:36:00,cust_5239701,CZPR,business_loan,9932,36,725,low,approved,9932,mobile_app,false,760
app_20250128_00001691,2025-01-28 11:58:34,cust_2259138,PORP,mortgage,97726,300,720,low,approved,97726,web,true,55
app_20250128_00001692,2025-01-28 14:02:57,cust_3828918,CHBE,education_loan,24247,36,672,medium,approved,24247,mobile_app,false,665
app_20250128_00001693,2025-01-28 22:11:23,cust_4989653,NLAM,education_loan,32905,36,633,medium,approved,32905,mobile_app,true,427
app_20250128_00001694,2025-01-28 21:07:33,cust_8909624,CHBE,refinance,377542,120,707,low,approved,377542,call_center,true,722
app_20250128_00001695,2025-01-28 08:31:04,cust_1230411,AUTR,education_loan,9075,12,655,medium,approved,9075,mobile_app,false,107
app_20250128_00001696,2025-01-28 18:43:04,cust_7564611,CZPR,refinance,408341,180,812,low,approved,408341,online_banking,true,168
app_20250128_00001697,2025-01-28 04:46:15,cust_3798606,UKLO,education_loan,13924,60,719,low,approved,13924,call_center,false,106
app_20250128_00001698,2025-01-28 05:50:54,cust_8085315,AUTR,business_loan,20779,48,628,medium,rejected,0,mobile_app,false,136
app_20250128_00001699,2025-01-28 21:08:08,cust_9003823,ITMI,credit_card,47967,36,634,medium,approved,47967,web,false,391
app_20250128_00001700,2025-01-28 16:57:14,cust_2034716,GRRE,personal_loan,1367,12,705,low,approved,1367,mobile_app,true,477
app_20250128_00001701,2025-01-28 20:23:37,cust_6097651,UKLO,education_loan,21680,36,746,low,approved,21680,web,false,98
app_20250128_00001702,2025-01-28 22:47:32,cust_9749690,SESV,auto_loan,14878,36,563,medium,rejected,0,web,true,151
app_20250128_00001703,2025-01-28 13:47:56,cust_404609,ATVI,business_loan,34095,24,720,low,approved,34095,online_banking,true,862
app_20250128_00001704,2025-01-28 12:52:03,cust_2025059,ITMI,mortgage,222388,360,572,medium,rejected,0,atm,false,99
app_20250128_00001705,2025-01-28 05:08:42,cust_2604444,UKLO,refinance,481499,120,805,low,approved,481499,mobile_app,false,217
app_20250128_00001706,2025-01-28 01:26:18,cust_9541028,FRID,personal_loan,11579,18,662,medium,rejected,0,mobile,false,102
app_20250128_00001707,2025-01-28 08:48:38,cust_4402639,ITMI,business_loan,25287,36,575,medium,rejected,0,online_banking,true,173
app_20250128_00001708,2025-01-28 23:15:12,cust_1339431,FRID,cash_loan,25375,12,678,medium,approved,25375,atm,true,524
app_20250128_00001709,2025-01-28 04:05:30,cust_1733907,CHBE,refinance,352596,180,541,medium,approved,352596,mobile_app,true,270
app_20250128_00001710,2025-01-28 21:29:31,cust_3977939,GRRE,business_loan,17618,60,752,low,approved,17618,branch,true,791
app_20250128_00001711,2025-01-28 22:49:19,cust_4895689,PLWA,credit_card,38896,42,571,medium,approved,38896,mobile_app,false,547
app_20250128_00001712,2025-01-28 14:21:02,cust_7798693,NLAM,credit_card,27410,36,666,medium,approved,27410,mobile,true,381
app_20250128_00001713,2025-01-28 22:45:18,cust_1341788,UKLO,refinance,232484,240,620,medium,rejected,0,branch,true,119
app_20250128_00001714,2025-01-28 05:41:36,cust_8751492,FRID,refinance,461660,300,620,medium,approved,461660,web,false,486
app_20250128_00001715,2025-01-28 22:08:40,cust_1304504,PORP,refinance,202540,240,580,medium,rejected,0,branch,false,75
app_20250128_00001716,2025-01-28 00:26:48,cust_7850403,AUTR,auto_loan,12461,24,761,low,approved,12461,web,true,346
app_20250128_00001717,2025-01-28 01:42:56,cust_1754973,PLWA,cash_loan,16405,30,656,medium,approved,16405,call_center,false,418
app_20250128_00001718,2025-01-28 17:56:07,cust_8650003,PLWA,business_loan,6812,24,642,medium,approved,6812,web,false,515
app_20250128_00001719,2025-01-28 19:07:16,cust_3468129,PORP,refinance,264673,360,618,medium,approved,264673,mobile,true,272
app_20250128_00001720,2025-01-28 06:39:04,cust_8361533,ESMA,mortgage,206228,180,729,low,approved,206228,partner,false,613
app_20250128_00001721,2025-01-28 18:05:42,cust_2567267,BENL,business_loan,31371,24,565,medium,approved,31371,mobile_app,false,357
app_20250128_00001722,2025-01-28 12:39:45,cust_971673,DEHE,cash_loan,26908,48,704,low,approved,26908,branch,false,493
app_20250128_00001723,2025-01-28 08:20:05,cust_667800,NLAM,education_loan,6061,48,615,medium,approved,6061,mobile,false,203
app_20250128_00001724,2025-01-28 16:32:22,cust_9480707,SESV,refinance,89633,360,541,medium,rejected,0,mobile_app,false,107
app_20250128_00001725,2025-01-28 21:13:29,cust_4820317,BENL,business_loan,6408,12,525,medium,rejected,0,partner,false,161
app_20250128_00001726,2025-01-28 12:27:52,cust_378428,BENL,personal_loan,43420,24,639,medium,rejected,0,web,true,109
app_20250128_00001727,2025-01-28 01:59:04,cust_2138897,AUTR,credit_card,2225,36,582,medium,rejected,0,atm,true,157
app_20250128_00001728,2025-01-28 23:29:52,cust_2808334,NLAM,business_loan,25770,48,555,medium,approved,25770,web,false,791
app_20250128_00001729,2025-01-28 20:53:47,cust_9331924,PORP,credit_card,9832,24,800,low,approved,9832,atm,true,361
app_20250128_00001730,2025-01-28 17:22:09,cust_2447491,UKLO,cash_loan,38991,42,687,medium,rejected,0,online_banking,true,136
app_20250128_00001731,2025-01-28 13:09:43,cust_4803480,AUTR,refinance,383441,360,581,medium,rejected,0,branch,false,152
app_20250128_00001732,2025-01-28 10:26:29,cust_6982865,BENL,personal_loan,22053,30,698,medium,approved,22053,atm,false,709
app_20250128_00001733,2025-01-28 07:21:41,cust_3436335,UKLO,mortgage,277628,360,546,medium,rejected,0,mobile,false,79
app_20250128_00001734,2025-01-28 18:52:17,cust_3512025,ESMA,cash_loan,45719,48,673,medium,approved,45719,mobile_app,false,684
app_20250128_00001735,2025-01-28 14:12:34,cust_1776122,BENL,personal_loan,14029,24,670,medium,rejected,0,mobile_app,false,73
app_20250128_00001736,2025-01-28 08:11:17,cust_1970779,DEHE,cash_loan,48127,30,501,medium,approved,48127,web,false,767
app_20250128_00001737,2025-01-28 19:30:46,cust_239182,BENL,business_loan,8587,60,570,medium,approved,8587,mobile,true,458
app_20250128_00001738,2025-01-28 01:34:28,cust_759823,ESMA,education_loan,21209,36,611,medium,approved,21209,call_center,false,370
app_20250128_00001739,2025-01-28 12:43:13,cust_8415961,GRRE,credit_card,18432,48,632,medium,rejected,0,call_center,true,65
app_20250128_00001740,2025-01-28 05:41:34,cust_8182599,UKLO,business_loan,2686,12,687,medium,approved,2686,call_center,true,196
app_20250128_00001741,2025-01-28 14:03:32,cust_5622396,PLWA,credit_card,20007,12,643,medium,approved,20007,partner,true,691
app_20250128_00001742,2025-01-28 11:39:21,cust_3988997,PORP,cash_loan,6443,30,633,medium,approved,6443,call_center,true,772
app_20250128_00001743,2025-01-28 21:38:23,cust_8234419,ITMI,personal_loan,3175,36,626,medium,approved,3175,partner,false,332
app_20250128_00001744,2025-01-28 09:57:27,cust_7865239,UKLO,business_loan,20091,48,579,medium,rejected,0,atm,true,14
app_20250128_00001745,2025-01-28 06:30:00,cust_8565032,BENL,business_loan,23863,36,658,medium,rejected,0,atm,false,169
app_20250128_00001746,2025-01-28 04:10:57,cust_3214986,ATVI,mortgage,489523,120,473,high,rejected,0,web,false,51
app_20250128_00001747,2025-01-28 19:35:06,cust_6132377,NLAM,business_loan,14603,24,675,medium,rejected,0,online_banking,false,41
app_20250128_00001748,2025-01-28 18:12:13,cust_1838533,NLAM,refinance,487332,180,777,low,approved,487332,web,false,567
app_20250128_00001749,2025-01-28 19:20:33,cust_1781535,DEHE,personal_loan,5548,24,652,medium,approved,5548,branch,true,35
app_20250128_00001750,2025-01-28 07:20:43,cust_7935994,ESMA,education_loan,22260,12,759,low,approved,22260,call_center,true,291
app_20250128_00001751,2025-01-28 17:13:26,cust_8636392,CZPR,mortgage,173567,360,567,medium,rejected,0,online_banking,true,116
app_20250128_00001752,2025-01-28 05:21:03,cust_8376525,ITMI,business_loan,16794,12,648,medium,rejected,0,mobile,true,84
app_20250128_00001753,2025-01-28 11:51:44,cust_4291149,NLAM,credit_card,19926,48,767,low,approved,19926,web,true,818
app_20250128_00001754,2025-01-28 13:22:05,cust_8226778,PLWA,refinance,171268,240,816,low,approved,171268,atm,true,88
app_20250128_00001755,2025-01-28 14:42:38,cust_9867159,GRRE,refinance,432297,120,669,medium,approved,432297,web,true,862
app_20250128_00001756,2025-01-28 13:35:37,cust_1962451,FRID,personal_loan,9704,24,777,low,approved,9704,call_center,true,327
app_20250128_00001757,2025-01-28 07:13:06,cust_8324207,AUTR,education_loan,6906,60,647,medium,approved,6906,mobile,true,875
app_20250128_00001758,2025-01-28 19:28:42,cust_5525829,ITMI,business_loan,32249,60,695,medium,approved,32249,online_banking,true,59
app_20250128_00001759,2025-01-28 04:57:10,cust_2103415,ESMA,business_loan,8618,60,655,medium,rejected,0,branch,true,104
app_20250128_00001760,2025-01-28 21:24:37,cust_8367545,FRID,personal_loan,7311,18,607,medium,rejected,0,mobile_app,false,61
app_20250128_00001761,2025-01-28 21:54:50,cust_2195583,GRRE,refinance,252835,180,589,medium,approved,252835,atm,true,355
app_20250128_00001762,2025-01-28 12:05:59,cust_6531162,SESV,auto_loan,7363,48,500,medium,rejected,0,partner,true,13
app_20250128_00001763,2025-01-28 10:23:42,cust_2310558,ESMA,personal_loan,45145,12,698,medium,rejected,0,partner,true,14
app_20250128_00001764,2025-01-28 10:44:12,cust_2914286,DEHE,education_loan,31063,36,575,medium,approved,31063,call_center,false,314
app_20250128_00001765,2025-01-28 22:05:53,cust_8354842,BENL,auto_loan,31633,36,751,low,approved,31633,call_center,true,670
app_20250128_00001766,2025-01-28 19:44:30,cust_4466881,PLWA,personal_loan,4424,30,680,medium,approved,4424,online_banking,true,365
app_20250128_00001767,2025-01-28 21:49:23,cust_2357593,DEHE,education_loan,5848,60,718,low,approved,5848,call_center,false,414
app_20250128_00001768,2025-01-28 18:24:47,cust_3954691,NLAM,refinance,315002,360,620,medium,approved,315002,mobile,false,371
app_20250128_00001769,2025-01-28 10:41:39,cust_3107720,DEHE,credit_card,12359,12,653,medium,approved,12359,mobile,false,824
app_20250128_00001770,2025-01-28 04:00:50,cust_7926319,CZPR,auto_loan,39966,60,715,low,approved,39966,mobile,true,639
app_20250128_00001771,2025-01-28 16:07:06,cust_7929701,CHBE,business_loan,28986,48,798,low,approved,28986,branch,true,429
app_20250128_00001772,2025-01-28 06:41:32,cust_1022231,DEHE,auto_loan,20233,24,629,medium,approved,20233,partner,true,156
app_20250128_00001773,2025-01-28 22:22:53,cust_8927082,PLWA,cash_loan,30920,48,686,medium,rejected,0,branch,false,105
app_20250128_00001774,2025-01-28 06:37:13,cust_9256129,GRRE,refinance,365812,300,435,high,rejected,0,branch,false,167
app_20250128_00001775,2025-01-28 18:50:52,cust_8408339,UKLO,education_loan,18966,48,551,medium,rejected,0,online_banking,false,165
app_20250128_00001776,2025-01-28 01:52:31,cust_7364119,ESMA,mortgage,326144,240,806,low,approved,326144,web,false,119
app_20250128_00001777,2025-01-28 08:26:21,cust_5291087,GRRE,credit_card,46983,42,693,medium,approved,46983,mobile_app,true,448
app_20250128_00001778,2025-01-28 14:07:22,cust_8782061,GRRE,refinance,126931,180,653,medium,rejected,0,branch,false,8
app_20250128_00001779,2025-01-28 02:49:12,cust_9007743,SESV,refinance,494042,120,613,medium,approved,494042,web,true,239
app_20250128_00001780,2025-01-28 23:36:17,cust_8585713,SESV,cash_loan,29605,36,597,medium,approved,29605,mobile,true,217
app_20250128_00001781,2025-01-28 23:16:14,cust_7457557,AUTR,business_loan,30060,36,460,high,approved,30060,call_center,true,670
app_20250128_00001782,2025-01-28 23:52:55,cust_2018434,SESV,auto_loan,6443,48,721,low,rejected,0,web,true,60
app_20250128_00001783,2025-01-28 12:12:07,cust_6563684,PLWA,education_loan,12284,60,474,high,rejected,0,branch,false,6
app_20250128_00001784,2025-01-28 15:23:47,cust_1747074,PLWA,education_loan,19883,24,655,medium,approved,19883,branch,false,879
app_20250128_00001785,2025-01-28 11:57:05,cust_6865128,DEHE,business_loan,24141,60,655,medium,approved,24141,call_center,false,221
app_20250128_00001786,2025-01-28 17:51:22,cust_7515369,PORP,refinance,269874,120,800,low,approved,269874,mobile_app,false,680
app_20250128_00001787,2025-01-28 03:02:13,cust_5497404,ESMA,mortgage,264491,300,609,medium,approved,264491,branch,false,651
app_20250128_00001788,2025-01-28 05:56:31,cust_7221540,CHBE,refinance,230161,300,797,low,approved,230161,online_banking,true,446
app_20250128_00001789,2025-01-28 17:03:07,cust_536559,UKLO,auto_loan,42960,48,539,medium,approved,42960,call_center,true,725
app_20250128_00001790,2025-01-28 16:50:24,cust_2412189,UKLO,personal_loan,25199,12,841,low,approved,25199,mobile,false,845
app_20250128_00001791,2025-01-28 15:49:39,cust_4010313,CZPR,personal_loan,37145,48,505,medium,rejected,0,mobile,false,84
app_20250128_00001792,2025-01-28 04:12:06,cust_2041250,FRID,education_loan,3546,24,708,low,approved,3546,mobile,true,156
app_20250128_00001793,2025-01-28 09:34:35,cust_3569438,SESV,business_loan,27265,12,555,medium,rejected,0,mobile_app,true,17
app_20250128_00001794,2025-01-28 16:55:56,cust_9066436,SESV,cash_loan,38779,42,696,medium,approved,38779,call_center,false,827
app_20250128_00001795,2025-01-28 20:34:12,cust_8228883,CZPR,auto_loan,8154,48,716,low,approved,8154,mobile_app,true,315
app_20250128_00001796,2025-01-28 11:27:19,cust_2212057,ATVI,business_loan,27780,36,701,low,approved,27780,partner,true,572
app_20250128_00001797,2025-01-28 22:15:51,cust_9421475,NLAM,personal_loan,34431,12,437,high,rejected,0,mobile,true,79
app_20250128_00001798,2025-01-28 08:00:46,cust_2408058,PORP,cash_loan,14796,30,741,low,approved,14796,web,false,654
app_20250128_00001799,2025-01-28 08:43:44,cust_4622918,NLAM,cash_loan,29119,24,653,medium,rejected,0,partner,true,137
app_20250128_00001800,2025-01-28 10:20:36,cust_4123032,PLWA,auto_loan,14170,24,611,medium,rejected,0,branch,true,28
app_20250128_00001801,2025-01-28 22:59:44,cust_7463847,UKLO,personal_loan,41947,36,480,high,rejected,0,call_center,false,54
app_20250128_00001802,2025-01-28 16:45:27,cust_8305482,UKLO,mortgage,337680,180,507,medium,rejected,0,partner,true,72
app_20250128_00001803,2025-01-28 04:55:22,cust_2122102,NLAM,credit_card,10880,30,604,medium,approved,10880,web,false,118
app_20250128_00001804,2025-01-28 01:24:55,cust_6279590,ESMA,refinance,96850,120,453,high,rejected,0,online_banking,false,17
app_20250128_00001805,2025-01-28 21:19:25,cust_4204029,FRID,auto_loan,18492,24,755,low,approved,18492,mobile,true,687
app_20250128_00001806,2025-01-28 06:34:11,cust_5609838,PLWA,cash_loan,10434,30,744,low,approved,10434,web,false,377
app_20250128_00001807,2025-01-28 18:52:58,cust_6861182,BENL,personal_loan,29958,36,669,medium,rejected,0,atm,true,56
app_20250128_00001808,2025-01-28 17:53:31,cust_7395522,PLWA,mortgage,375650,240,725,low,approved,375650,mobile_app,true,295
app_20250128_00001809,2025-01-28 03:10:16,cust_4400766,ITMI,refinance,137520,180,732,low,approved,137520,partner,true,85
app_20250128_00001810,2025-01-28 23:01:32,cust_2652080,FRID,personal_loan,22802,36,622,medium,rejected,0,partner,false,127
app_20250128_00001811,2025-01-28 12:58:01,cust_6450100,CHBE,education_loan,17241,48,644,medium,rejected,0,online_banking,false,20
app_20250128_00001812,2025-01-28 12:32:40,cust_2552395,PLWA,personal_loan,18407,30,477,high,rejected,0,mobile_app,true,36
app_20250128_00001813,2025-01-28 06:51:56,cust_2054447,DEHE,business_loan,3107,12,661,medium,approved,3107,online_banking,false,261
app_20250128_00001814,2025-01-28 05:06:53,cust_4097443,PLWA,auto_loan,19973,24,500,medium,approved,19973,partner,false,102
app_20250128_00001815,2025-01-28 05:29:37,cust_5266452,ESMA,refinance,201459,180,774,low,approved,201459,mobile,true,683
app_20250128_00001816,2025-01-28 19:34:02,cust_887719,FRID,mortgage,201934,300,585,medium,rejected,0,web,true,149
app_20250128_00001817,2025-01-28 00:27:11,cust_4880355,CZPR,personal_loan,2569,30,684,medium,approved,2569,atm,true,160
app_20250128_00001818,2025-01-28 20:57:57,cust_3770449,UKLO,business_loan,16789,36,641,medium,approved,16789,mobile_app,true,729
app_20250128_00001819,2025-01-28 04:00:02,cust_3906202,CZPR,cash_loan,16424,42,666,medium,rejected,0,call_center,true,115
app_20250128_00001820,2025-01-28 22:36:57,cust_2343662,CHBE,cash_loan,2601,36,663,medium,approved,2601,online_banking,false,627
app_20250128_00001821,2025-01-28 03:01:43,cust_2490797,SESV,personal_loan,48257,30,770,low,approved,48257,call_center,false,458
app_20250128_00001822,2025-01-28 21:41:51,cust_8569610,AUTR,cash_loan,15241,30,593,medium,rejected,0,branch,false,128
app_20250128_00001823,2025-01-28 23:50:48,cust_2597719,ATVI,education_loan,17343,60,709,low,approved,17343,mobile,true,53
app_20250128_00001824,2025-01-28 23:19:26,cust_6184286,PLWA,business_loan,14971,60,655,medium,approved,14971,call_center,false,530
app_20250128_00001825,2025-01-28 01:09:17,cust_4881015,UKLO,credit_card,45746,12,719,low,approved,45746,atm,true,617
app_20250128_00001826,2025-01-28 18:57:20,cust_339588,NLAM,mortgage,410459,120,593,medium,approved,410459,branch,true,782
app_20250128_00001827,2025-01-28 21:06:47,cust_9571616,SESV,auto_loan,22716,60,701,low,rejected,0,branch,false,180
app_20250128_00001828,2025-01-28 00:08:57,cust_1460369,SESV,auto_loan,29060,36,721,low,approved,29060,mobile,true,684
app_20250128_00001829,2025-01-28 10:18:50,cust_6716488,UKLO,cash_loan,2013,12,731,low,approved,2013,mobile_app,false,58
app_20250128_00001830,2025-01-28 03:38:56,cust_1042210,CHBE,mortgage,282735,360,533,medium,approved,282735,call_center,false,885
app_20250128_00001831,2025-01-28 16:48:58,cust_4019311,PORP,personal_loan,15167,48,624,medium,approved,15167,mobile,false,827
app_20250128_00001832,2025-01-28 15:49:40,cust_1668201,CHBE,credit_card,18812,48,708,low,approved,18812,mobile_app,false,747
app_20250128_00001833,2025-01-28 06:17:30,cust_5716271,ITMI,mortgage,387255,300,568,medium,rejected,0,partner,false,89
app_20250128_00001834,2025-01-28 18:47:30,cust_7645159,ITMI,personal_loan,40291,36,849,low,approved,40291,atm,false,334
app_20250128_00001835,2025-01-28 08:18:02,cust_4039609,CZPR,auto_loan,49219,36,764,low,approved,49219,mobile,false,315
app_20250128_00001836,2025-01-28 01:14:49,cust_8919837,BENL,cash_loan,4742,42,713,low,approved,4742,mobile,true,816
app_20250128_00001837,2025-01-28 12:06:09,cust_8962334,ESMA,auto_loan,26041,48,678,medium,approved,26041,web,true,491
app_20250128_00001838,2025-01-28 07:27:09,cust_5296256,DEHE,mortgage,227318,180,502,medium,rejected,0,online_banking,true,115
app_20250128_00001839,2025-01-28 17:40:04,cust_3865769,BENL,mortgage,140386,120,807,low,rejected,0,web,false,31
app_20250128_00001840,2025-01-28 06:23:42,cust_8745713,ESMA,cash_loan,12817,24,643,medium,approved,12817,call_center,true,852
app_20250128_00001841,2025-01-28 15:08:39,cust_8355124,AUTR,personal_loan,24437,24,636,medium,approved,24437,branch,false,357
app_20250128_00001842,2025-01-28 00:42:18,cust_6930514,GRRE,credit_card,15771,24,850,low,approved,15771,online_banking,false,531
app_20250128_00001843,2025-01-28 14:21:36,cust_9573462,UKLO,business_loan,29992,12,698,medium,approved,29992,mobile_app,true,30
app_20250128_00001844,2025-01-28 20:00:55,cust_4991108,ATVI,personal_loan,30711,30,652,medium,rejected,0,mobile_app,false,106
app_20250128_00001845,2025-01-28 14:04:20,cust_2722705,CHBE,personal_loan,12818,36,691,medium,approved,12818,mobile_app,false,443
app_20250128_00001846,2025-01-28 23:28:56,cust_8245559,BENL,mortgage,343475,180,684,medium,rejected,0,web,false,115
app_20250128_00001847,2025-01-28 10:51:29,cust_877209,UKLO,auto_loan,44506,72,698,medium,rejected,0,partner,true,131
app_20250128_00001848,2025-01-28 07:44:11,cust_7363890,CHBE,personal_loan,2762,42,718,low,approved,2762,online_banking,false,188
app_20250128_00001849,2025-01-28 02:58:42,cust_6705844,NLAM,auto_loan,24776,72,580,medium,approved,24776,branch,false,143
app_20250128_00001850,2025-01-28 11:10:38,cust_8033487,PORP,business_loan,18849,12,726,low,approved,18849,branch,true,70
app_20250128_00001851,2025-01-28 05:00:12,cust_7729816,PLWA,cash_loan,22910,12,571,medium,approved,22910,call_center,true,582
app_20250128_00001852,2025-01-28 23:59:35,cust_331204,PORP,credit_card,2862,48,748,low,approved,2862,web,false,897
app_20250128_00001853,2025-01-28 05:56:35,cust_3668405,PORP,cash_loan,42649,12,729,low,approved,42649,call_center,false,590
app_20250128_00001854,2025-01-28 18:56:58,cust_9884749,UKLO,education_loan,24942,24,488,high,rejected,0,web,false,51
app_20250128_00001855,2025-01-28 01:38:47,cust_3817314,NLAM,personal_loan,27111,36,660,medium,approved,27111,web,false,347
app_20250128_00001856,2025-01-28 05:42:31,cust_1661737,AUTR,credit_card,14600,12,644,medium,approved,14600,atm,true,698
app_20250128_00001857,2025-01-28 17:43:01,cust_8500314,DEHE,cash_loan,44411,24,727,low,approved,44411,atm,true,313
app_20250128_00001858,2025-01-28 11:08:52,cust_5971306,ESMA,cash_loan,39459,48,735,low,rejected,0,branch,false,16
app_20250128_00001859,2025-01-28 19:40:23,cust_3110684,NLAM,personal_loan,7592,18,588,medium,approved,7592,call_center,false,722
app_20250128_00001860,2025-01-28 22:32:43,cust_856652,NLAM,cash_loan,45299,42,520,medium,approved,45299,call_center,false,683
app_20250128_00001861,2025-01-28 19:01:42,cust_7083594,NLAM,personal_loan,39223,18,608,medium,approved,39223,mobile_app,true,447
app_20250128_00001862,2025-01-28 11:30:05,cust_5408592,DEHE,education_loan,33353,12,685,medium,approved,33353,atm,false,827
app_20250128_00001863,2025-01-28 10:08:56,cust_5171581,CZPR,cash_loan,5827,30,694,medium,rejected,0,branch,false,19
app_20250128_00001864,2025-01-28 18:02:30,cust_8822605,AUTR,business_loan,10649,12,704,low,approved,10649,mobile,false,326
app_20250128_00001865,2025-01-28 19:22:00,cust_9898479,GRRE,personal_loan,9699,42,684,medium,rejected,0,web,false,159
app_20250128_00001866,2025-01-28 04:18:26,cust_8089086,BENL,business_loan,32663,60,781,low,approved,32663,call_center,true,405
app_20250128_00001867,2025-01-28 23:50:17,cust_8908405,GRRE,personal_loan,20629,12,704,low,approved,20629,atm,true,296
app_20250128_00001868,2025-01-28 06:54:26,cust_1585840,FRID,education_loan,23885,36,688,medium,rejected,0,mobile,false,39
app_20250128_00001869,2025-01-28 23:26:19,cust_6313425,ITMI,cash_loan,22781,12,536,medium,rejected,0,atm,true,151
app_20250128_00001870,2025-01-28 08:54:46,cust_7339547,PLWA,refinance,104124,180,691,medium,approved,104124,branch,true,825
app_20250128_00001871,2025-01-28 00:14:57,cust_9332607,FRID,refinance,368671,360,556,medium,rejected,0,branch,false,93
app_20250128_00001872,2025-01-28 14:02:14,cust_9964035,FRID,cash_loan,42963,42,728,low,approved,42963,call_center,false,778
app_20250128_00001873,2025-01-28 05:45:46,cust_9769053,PLWA,personal_loan,38882,18,816,low,approved,38882,mobile,false,900
app_20250128_00001874,2025-01-28 20:49:44,cust_2172431,DEHE,refinance,118129,300,725,low,approved,118129,web,false,277
app_20250128_00001875,2025-01-28 11:50:47,cust_4562460,NLAM,personal_loan,43111,12,681,medium,approved,43111,atm,true,566
app_20250128_00001876,2025-01-28 04:50:44,cust_5928055,AUTR,auto_loan,55163,72,685,medium,rejected,0,atm,false,132
app_20250128_00001877,2025-01-28 22:58:47,cust_3233518,DEHE,business_loan,27127,24,561,medium,rejected,0,atm,false,172
app_20250128_00001878,2025-01-28 14:04:39,cust_3131519,PLWA,business_loan,39974,36,731,low,approved,39974,web,false,594
app_20250128_00001879,2025-01-28 22:33:54,cust_8336500,ITMI,auto_loan,26722,60,577,medium,approved,26722,web,true,400
app_20250128_00001880,2025-01-28 06:23:42,cust_7214519,PLWA,refinance,67663,360,820,low,approved,67663,online_banking,true,895
app_20250128_00001881,2025-01-28 23:33:43,cust_7515580,FRID,education_loan,18367,12,698,medium,rejected,0,web,true,17
app_20250128_00001882,2025-01-28 17:15:31,cust_1163426,ESMA,mortgage,244540,120,498,high,rejected,0,web,true,158
app_20250128_00001883,2025-01-28 10:38:54,cust_1980832,FRID,cash_loan,11365,24,496,high,approved,11365,atm,true,129
app_20250128_00001884,2025-01-28 14:08:16,cust_7885909,PLWA,cash_loan,16806,48,787,low,approved,16806,call_center,false,591
app_20250128_00001885,2025-01-28 06:27:25,cust_9779697,SESV,business_loan,2360,36,694,medium,approved,2360,call_center,true,104
app_20250128_00001886,2025-01-28 17:41:13,cust_2220311,SESV,cash_loan,48426,42,573,medium,rejected,0,call_center,true,119
app_20250128_00001887,2025-01-28 22:29:39,cust_6412915,BENL,education_loan,29755,24,694,medium,approved,29755,branch,true,250
app_20250128_00001888,2025-01-28 19:51:58,cust_1268879,GRRE,personal_loan,46847,36,545,medium,rejected,0,call_center,false,131
app_20250128_00001889,2025-01-28 14:22:50,cust_9918329,NLAM,cash_loan,5444,30,579,medium,rejected,0,call_center,false,50
app_20250128_00001890,2025-01-28 06:02:29,cust_3533951,ESMA,cash_loan,26231,42,514,medium,rejected,0,call_center,true,67
app_20250128_00001891,2025-01-28 13:41:53,cust_9187816,ESMA,cash_loan,45445,24,675,medium,approved,45445,mobile,true,645
app_20250128_00001892,2025-01-28 11:05:43,cust_3453179,PLWA,mortgage,484641,240,850,low,approved,484641,mobile,true,95
app_20250128_00001893,2025-01-28 01:23:47,cust_6068811,AUTR,auto_loan,35540,72,514,medium,rejected,0,call_center,true,59
app_20250128_00001894,2025-01-28 01:08:14,cust_3028983,CHBE,auto_loan,32605,60,462,high,approved,32605,branch,true,122
app_20250128_00001895,2025-01-28 21:29:08,cust_6767760,ITMI,personal_loan,11187,18,530,medium,approved,11187,mobile_app,false,605
app_20250128_00001896,2025-01-28 23:56:01,cust_164050,ATVI,education_loan,38288,24,766,low,approved,38288,atm,true,796
app_20250128_00001897,2025-01-28 16:43:18,cust_9409940,BENL,cash_loan,2162,18,570,medium,rejected,0,mobile,false,32
app_20250128_00001898,2025-01-28 15:48:30,cust_6608007,ATVI,business_loan,28149,12,698,medium,approved,28149,mobile_app,false,338
app_20250128_00001899,2025-01-28 20:58:19,cust_4492084,CZPR,credit_card,7302,12,660,medium,approved,7302,mobile_app,false,668
app_20250128_00001900,2025-01-28 01:12:13,cust_9309266,ATVI,education_loan,9422,12,830,low,approved,9422,branch,true,304
app_20250128_00001901,2025-01-28 10:17:46,cust_9975552,ITMI,auto_loan,18696,48,668,medium,rejected,0,partner,true,167
app_20250128_00001902,2025-01-28 00:38:16,cust_7893947,AUTR,auto_loan,46545,36,850,low,approved,46545,mobile,false,648
app_20250128_00001903,2025-01-28 07:18:43,cust_7687966,CZPR,personal_loan,31134,30,574,medium,approved,31134,web,false,731
app_20250128_00001904,2025-01-28 14:52:51,cust_1538376,SESV,business_loan,5425,12,650,medium,rejected,0,call_center,false,21
app_20250128_00001905,2025-01-28 07:40:50,cust_3157393,CHBE,personal_loan,33793,30,525,medium,approved,33793,partner,true,846
app_20250128_00001906,2025-01-28 22:39:39,cust_5001654,PLWA,refinance,288629,120,533,medium,rejected,0,mobile_app,false,99
app_20250128_00001907,2025-01-28 00:02:31,cust_598463,ITMI,personal_loan,24360,30,731,low,approved,24360,online_banking,true,58
app_20250128_00001908,2025-01-28 07:55:03,cust_4038460,DEHE,credit_card,4580,12,590,medium,approved,4580,partner,false,329
app_20250128_00001909,2025-01-28 05:46:07,cust_3891561,ATVI,personal_loan,45499,18,697,medium,rejected,0,online_banking,false,113
app_20250128_00001910,2025-01-28 11:09:18,cust_3637609,ESMA,refinance,348466,300,708,low,approved,348466,online_banking,true,346
app_20250128_00001911,2025-01-28 08:50:14,cust_9928236,UKLO,education_loan,22178,48,605,medium,approved,22178,atm,true,288
app_20250128_00001912,2025-01-28 14:06:17,cust_8687153,NLAM,cash_loan,36176,36,492,high,rejected,0,partner,true,30
app_20250128_00001913,2025-01-28 18:50:08,cust_4282819,AUTR,education_loan,29334,36,747,low,approved,29334,partner,true,476
app_20250128_00001914,2025-01-28 19:40:39,cust_1188693,ITMI,auto_loan,40006,36,596,medium,rejected,0,mobile,false,173
app_20250128_00001915,2025-01-28 07:37:16,cust_4802037,ITMI,credit_card,17376,42,624,medium,approved,17376,branch,false,69
app_20250128_00001916,2025-01-28 05:32:36,cust_9708014,ATVI,business_loan,37216,60,649,medium,approved,37216,mobile_app,false,273
app_20250128_00001917,2025-01-28 13:09:04,cust_4156569,AUTR,mortgage,62283,120,615,medium,rejected,0,call_center,false,57
app_20250128_00001918,2025-01-28 10:28:54,cust_2070327,ATVI,business_loan,14979,48,578,medium,rejected,0,partner,true,143
app_20250128_00001919,2025-01-28 22:52:28,cust_4986469,PLWA,mortgage,230648,240,617,medium,rejected,0,web,false,10
app_20250128_00001920,2025-01-28 23:06:42,cust_6469965,CZPR,auto_loan,29511,72,596,medium,rejected,0,call_center,true,116
app_20250128_00001921,2025-01-28 06:09:24,cust_5841274,PLWA,education_loan,39911,36,700,low,approved,39911,atm,false,285
app_20250128_00001922,2025-01-28 07:47:54,cust_5478044,GRRE,cash_loan,14222,12,657,medium,approved,14222,atm,false,695
app_20250128_00001923,2025-01-28 13:08:24,cust_7704653,FRID,refinance,319575,360,704,low,rejected,0,partner,false,84
app_20250128_00001924,2025-01-28 22:54:42,cust_3386092,PORP,refinance,52703,120,614,medium,rejected,0,call_center,false,37
app_20250128_00001925,2025-01-28 08:19:28,cust_9339832,ESMA,personal_loan,21598,30,621,medium,rejected,0,atm,true,155
app_20250128_00001926,2025-01-28 17:31:08,cust_5868925,PLWA,credit_card,39186,24,545,medium,approved,39186,mobile,true,454
app_20250128_00001927,2025-01-28 15:09:42,cust_7614650,CZPR,credit_card,38703,48,617,medium,rejected,0,call_center,true,111
app_20250128_00001928,2025-01-28 19:11:02,cust_9370646,AUTR,auto_loan,40443,24,629,medium,approved,40443,online_banking,true,306
app_20250128_00001929,2025-01-28 00:06:35,cust_5334874,DEHE,auto_loan,56895,48,687,medium,rejected,0,call_center,true,144
app_20250128_00001930,2025-01-28 03:50:03,cust_6272639,UKLO,personal_loan,24419,24,684,medium,approved,24419,call_center,false,192
app_20250128_00001931,2025-01-28 09:09:17,cust_5893687,BENL,personal_loan,22135,36,711,low,approved,22135,web,false,121
app_20250128_00001932,2025-01-28 16:45:48,cust_2610543,SESV,credit_card,20490,12,709,low,approved,20490,branch,false,732
app_20250128_00001933,2025-01-28 08:06:52,cust_1632988,BENL,auto_loan,50198,60,563,medium,approved,50198,partner,true,783
app_20250128_00001934,2025-01-28 17:50:44,cust_6325167,PLWA,auto_loan,58016,60,706,low,approved,58016,online_banking,true,761
app_20250128_00001935,2025-01-28 13:56:30,cust_7877868,DEHE,business_loan,8518,36,588,medium,rejected,0,online_banking,true,10
app_20250128_00001936,2025-01-28 17:38:33,cust_3521525,ATVI,refinance,389263,120,585,medium,rejected,0,mobile,false,119
app_20250128_00001937,2025-01-28 11:58:27,cust_1571617,SESV,auto_loan,19811,36,729,low,approved,19811,call_center,true,437
app_20250128_00001938,2025-01-28 03:42:16,cust_2279780,PLWA,refinance,220976,240,619,medium,approved,220976,mobile,true,475
app_20250128_00001939,2025-01-28 21:04:30,cust_5308694,AUTR,mortgage,166424,300,584,medium,approved,166424,mobile_app,true,116
app_20250128_00001940,2025-01-28 00:18:03,cust_4962875,GRRE,business_loan,4030,12,613,medium,approved,4030,web,false,835
app_20250128_00001941,2025-01-28 08:25:35,cust_7136062,PORP,refinance,413235,240,505,medium,rejected,0,call_center,false,144
app_20250128_00001942,2025-01-28 10:31:35,cust_563924,GRRE,business_loan,28150,12,624,medium,approved,28150,web,true,716
app_20250128_00001943,2025-01-28 10:50:46,cust_1673457,SESV,cash_loan,24884,42,767,low,approved,24884,mobile_app,true,676
app_20250128_00001944,2025-01-28 13:24:03,cust_6856080,CZPR,personal_loan,24788,12,803,low,approved,24788,branch,true,451
app_20250128_00001945,2025-01-28 19:49:17,cust_1430946,UKLO,cash_loan,15040,30,546,medium,approved,15040,branch,false,271
app_20250128_00001946,2025-01-28 02:25:19,cust_6885236,ESMA,mortgage,226608,120,603,medium,approved,226608,mobile,true,262
app_20250128_00001947,2025-01-28 09:10:20,cust_5057397,NLAM,personal_loan,32092,30,606,medium,approved,32092,mobile,true,349
app_20250128_00001948,2025-01-28 18:20:00,cust_289282,DEHE,business_loan,34057,24,630,medium,approved,34057,mobile,true,55
app_20250128_00001949,2025-01-28 06:45:05,cust_1095282,UKLO,refinance,281175,180,651,medium,rejected,0,atm,true,45
app_20250128_00001950,2025-01-28 14:14:05,cust_598277,PLWA,auto_loan,31671,60,536,medium,rejected,0,mobile,false,6
app_20250128_00001951,2025-01-28 15:31:55,cust_8054839,AUTR,cash_loan,37485,24,696,medium,rejected,0,web,true,29
app_20250128_00001952,2025-01-28 20:04:24,cust_5648939,FRID,personal_loan,38836,18,733,low,approved,38836,web,true,721
app_20250128_00001953,2025-01-28 16:10:01,cust_1062926,CHBE,cash_loan,10104,24,792,low,approved,10104,call_center,false,575
app_20250128_00001954,2025-01-28 21:19:52,cust_542470,DEHE,business_loan,20941,24,618,medium,approved,20941,web,false,724
app_20250128_00001955,2025-01-28 08:51:36,cust_4508837,ATVI,cash_loan,20319,42,710,low,approved,20319,atm,false,395
app_20250128_00001956,2025-01-28 17:42:08,cust_9822859,PORP,education_loan,19058,24,517,medium,rejected,0,web,true,9
app_20250128_00001957,2025-01-28 01:43:33,cust_7894312,ITMI,personal_loan,39502,36,512,medium,approved,39502,partner,false,567
app_20250128_00001958,2025-01-28 14:10:00,cust_4660962,NLAM,personal_loan,11345,30,642,medium,rejected,0,web,false,118
app_20250128_00001959,2025-01-28 13:06:28,cust_7897864,PORP,mortgage,269421,120,841,low,approved,269421,call_center,false,631
app_20250128_00001960,2025-01-28 14:59:24,cust_3027130,GRRE,refinance,219265,240,565,medium,rejected,0,online_banking,false,38
app_20250128_00001961,2025-01-28 17:18:50,cust_5922542,DEHE,business_loan,31986,36,809,low,approved,31986,partner,true,367
app_20250128_00001962,2025-01-28 02:45:37,cust_3233097,CZPR,mortgage,209319,120,837,low,approved,209319,partner,false,148
app_20250128_00001963,2025-01-28 16:29:20,cust_6569841,ITMI,auto_loan,28309,24,740,low,approved,28309,mobile_app,true,774
app_20250128_00001964,2025-01-28 20:21:04,cust_4980334,ITMI,business_loan,3627,48,684,medium,rejected,0,call_center,false,41
app_20250128_00001965,2025-01-28 02:34:18,cust_4115070,CZPR,auto_loan,13852,60,652,medium,approved,13852,branch,false,91
app_20250128_00001966,2025-01-28 12:47:25,cust_1998763,ESMA,refinance,460162,300,703,low,approved,460162,mobile,false,605
app_20250128_00001967,2025-01-28 07:57:46,cust_801058,BENL,business_loan,20790,24,633,medium,approved,20790,atm,false,704
app_20250128_00001968,2025-01-28 03:09:45,cust_7775897,ITMI,auto_loan,8642,72,581,medium,approved,8642,mobile,true,483
app_20250128_00001969,2025-01-28 02:42:16,cust_7680060,PLWA,refinance,224799,300,618,medium,rejected,0,mobile,true,107
app_20250128_00001970,2025-01-28 13:24:55,cust_8191406,FRID,personal_loan,27386,36,707,low,approved,27386,atm,true,119
app_20250128_00001971,2025-01-28 22:10:50,cust_6290985,AUTR,auto_loan,54578,24,500,medium,approved,54578,call_center,true,57
app_20250128_00001972,2025-01-28 05:38:42,cust_4576777,GRRE,business_loan,34226,12,709,low,approved,34226,mobile,true,763
app_20250128_00001973,2025-01-28 09:28:00,cust_5800984,CZPR,refinance,220031,360,653,medium,approved,220031,call_center,false,585
app_20250128_00001974,2025-01-28 04:23:52,cust_7187032,SESV,auto_loan,56355,24,799,low,approved,56355,online_banking,false,899
app_20250128_00001975,2025-01-28 11:42:11,cust_104744,CZPR,refinance,251904,240,757,low,approved,251904,web,false,778
app_20250128_00001976,2025-01-28 14:01:09,cust_6850487,PORP,mortgage,384256,360,632,medium,approved,384256,online_banking,true,503
app_20250128_00001977,2025-01-28 17:44:55,cust_6960817,PLWA,business_loan,21445,36,531,medium,rejected,0,atm,true,157
app_20250128_00001978,2025-01-28 23:51:06,cust_8311572,GRRE,refinance,271662,180,698,medium,rejected,0,partner,true,32
app_20250128_00001979,2025-01-28 10:52:27,cust_4104272,NLAM,cash_loan,13289,30,626,medium,approved,13289,atm,false,756
app_20250128_00001980,2025-01-28 11:14:11,cust_9375452,ESMA,education_loan,22968,12,768,low,rejected,0,partner,true,80
app_20250128_00001981,2025-01-28 00:51:55,cust_2502303,PLWA,education_loan,25382,36,662,medium,approved,25382,call_center,false,804
app_20250128_00001982,2025-01-28 21:08:53,cust_5617621,PORP,mortgage,151720,180,847,low,approved,151720,online_banking,true,895
app_20250128_00001983,2025-01-28 16:29:58,cust_2270866,SESV,mortgage,366201,300,632,medium,rejected,0,call_center,true,100
app_20250128_00001984,2025-01-28 09:12:23,cust_4153085,UKLO,credit_card,22156,18,618,medium,approved,22156,branch,false,550
app_20250128_00001985,2025-01-28 15:49:31,cust_6002984,ITMI,mortgage,218587,180,747,low,approved,218587,mobile,true,158
app_20250128_00001986,2025-01-28 09:06:42,cust_1107841,ATVI,refinance,413372,300,662,medium,rejected,0,mobile_app,false,71
app_20250128_00001987,2025-01-28 14:40:36,cust_7799528,BENL,personal_loan,8468,12,600,medium,approved,8468,online_banking,false,371
app_20250128_00001988,2025-01-28 08:56:47,cust_172471,AUTR,mortgage,83100,120,786,low,approved,83100,call_center,true,288
app_20250128_00001989,2025-01-28 00:23:21,cust_1769748,BENL,auto_loan,53627,60,728,low,approved,53627,atm,true,302
app_20250128_00001990,2025-01-28 20:23:02,cust_2361181,DEHE,mortgage,82085,360,721,low,approved,82085,call_center,false,312
app_20250128_00001991,2025-01-28 04:12:24,cust_4612061,PLWA,mortgage,202710,300,625,medium,approved,202710,mobile,false,697
app_20250128_00001992,2025-01-28 01:17:13,cust_2016272,UKLO,auto_loan,5705,48,697,medium,approved,5705,call_center,false,446
app_20250128_00001993,2025-01-28 13:45:22,cust_5096699,ATVI,credit_card,4000,48,536,medium,rejected,0,call_center,false,76
app_20250128_00001994,2025-01-28 08:15:44,cust_9366121,SESV,auto_loan,23953,72,762,low,approved,23953,partner,false,539
app_20250128_00001995,2025-01-28 07:40:22,cust_5039205,DEHE,credit_card,40512,24,553,medium,approved,40512,atm,false,368
app_20250128_00001996,2025-01-28 10:15:13,cust_2071814,GRRE,credit_card,18048,48,579,medium,approved,18048,partner,false,554
app_20250128_00001997,2025-01-28 19:33:29,cust_5037944,CHBE,personal_loan,5504,24,824,low,approved,5504,mobile_app,true,191
app_20250128_00001998,2025-01-28 18:08:56,cust_1083275,NLAM,mortgage,301233,180,712,low,approved,301233,online_banking,false,162
app_20250128_00001999,2025-01-28 11:05:47,cust_4138839,CZPR,refinance,450980,300,739,low,approved,450980,branch,true,785
app_20250128_00002000,2025-01-28 21:53:43,cust_3898295,PORP,credit_card,41202,42,789,low,approved,41202,atm,true,675
app_20250128_00002001,2025-01-28 01:27:10,cust_833146,GRRE,credit_card,38890,24,630,medium,approved,38890,web,true,719
app_20250128_00002002,2025-01-28 12:37:12,cust_6785925,NLAM,auto_loan,52502,60,710,low,approved,52502,branch,false,459
app_20250128_00002003,2025-01-28 14:43:22,cust_5467940,SESV,auto_loan,34850,72,706,low,approved,34850,call_center,false,895
app_20250128_00002004,2025-01-28 12:07:39,cust_5786666,PLWA,auto_loan,11428,36,740,low,approved,11428,mobile,true,602
app_20250128_00002005,2025-01-28 12:24:09,cust_7063511,ATVI,cash_loan,41952,36,736,low,approved,41952,mobile_app,false,485
app_20250128_00002006,2025-01-28 15:27:14,cust_518346,BENL,education_loan,39400,60,396,high,approved,39400,atm,false,241
app_20250128_00002007,2025-01-28 23:32:42,cust_3416808,NLAM,mortgage,345020,180,759,low,approved,345020,mobile,true,785
app_20250128_00002008,2025-01-28 19:08:35,cust_442766,GRRE,auto_loan,7882,48,713,low,approved,7882,branch,true,195
app_20250128_00002009,2025-01-28 10:46:43,cust_4856588,SESV,education_loan,34183,24,600,medium,approved,34183,branch,true,618
app_20250128_00002010,2025-01-28 04:40:42,cust_4633123,AUTR,refinance,493483,360,760,low,rejected,0,web,false,97
app_20250128_00002011,2025-01-28 10:27:43,cust_7746417,GRRE,business_loan,36707,12,699,medium,rejected,0,online_banking,true,40
app_20250128_00002012,2025-01-28 02:38:32,cust_9984329,CHBE,personal_loan,5113,48,688,medium,approved,5113,web,false,603
app_20250128_00002013,2025-01-28 08:21:09,cust_5254638,PORP,credit_card,7680,12,662,medium,rejected,0,atm,false,70
app_20250128_00002014,2025-01-28 20:23:40,cust_280377,PORP,mortgage,106902,180,563,medium,approved,106902,branch,false,177
app_20250128_00002015,2025-01-28 17:35:58,cust_8390957,NLAM,education_loan,6864,24,591,medium,approved,6864,call_center,true,239
app_20250128_00002016,2025-01-28 18:11:45,cust_338070,UKLO,credit_card,27111,18,451,high,approved,27111,branch,true,456
app_20250128_00002017,2025-01-28 13:17:55,cust_313884,NLAM,mortgage,364147,180,530,medium,approved,364147,mobile,true,82
app_20250128_00002018,2025-01-28 14:33:16,cust_550017,UKLO,credit_card,2465,36,796,low,approved,2465,online_banking,true,885
app_20250128_00002019,2025-01-28 13:32:33,cust_6926788,BENL,mortgage,55639,360,496,high,rejected,0,mobile_app,true,164
app_20250128_00002020,2025-01-28 03:44:37,cust_8502711,SESV,business_loan,2167,12,688,medium,rejected,0,mobile_app,true,93
app_20250128_00002021,2025-01-28 15:37:51,cust_1497579,CZPR,cash_loan,20774,24,643,medium,approved,20774,web,false,249
app_20250128_00002022,2025-01-28 00:42:57,cust_1827579,CZPR,credit_card,31935,36,715,low,approved,31935,atm,false,589
app_20250128_00002023,2025-01-28 04:56:14,cust_639359,CHBE,credit_card,38023,12,686,medium,approved,38023,mobile,true,399
app_20250128_00002024,2025-01-28 18:31:48,cust_4726608,SESV,mortgage,143996,240,547,medium,rejected,0,online_banking,false,149
app_20250128_00002025,2025-01-28 16:34:46,cust_1949765,SESV,credit_card,22846,42,797,low,approved,22846,branch,false,341
app_20250128_00002026,2025-01-28 21:00:07,cust_289868,ESMA,business_loan,12913,36,687,medium,approved,12913,mobile_app,false,556
app_20250128_00002027,2025-01-28 13:00:30,cust_2182372,ITMI,cash_loan,13364,36,709,low,approved,13364,call_center,false,711
app_20250128_00002028,2025-01-28 02:19:36,cust_2926118,PLWA,education_loan,31191,48,668,medium,approved,31191,call_center,false,555
app_20250128_00002029,2025-01-28 02:49:29,cust_3666678,ATVI,personal_loan,38143,12,681,medium,rejected,0,mobile_app,true,67
app_20250128_00002030,2025-01-28 21:18:41,cust_5771765,PLWA,mortgage,133697,300,735,low,approved,133697,web,true,442
app_20250128_00002031,2025-01-28 15:11:16,cust_9969484,FRID,auto_loan,5768,24,663,medium,approved,5768,partner,true,386
app_20250128_00002032,2025-01-28 08:19:15,cust_7334079,BENL,auto_loan,12192,48,589,medium,approved,12192,atm,false,424
app_20250128_00002033,2025-01-28 08:49:31,cust_9156304,SESV,personal_loan,40545,12,626,medium,approved,40545,mobile_app,true,227
app_20250128_00002034,2025-01-28 01:53:24,cust_920191,BENL,auto_loan,55459,60,694,medium,rejected,0,atm,true,170
app_20250128_00002035,2025-01-28 10:26:11,cust_3239599,ATVI,credit_card,33195,48,568,medium,rejected,0,online_banking,true,103
app_20250128_00002036,2025-01-28 17:10:12,cust_1944272,AUTR,credit_card,13620,36,574,medium,approved,13620,mobile,false,483
app_20250128_00002037,2025-01-28 04:15:17,cust_7349000,CHBE,personal_loan,17426,30,650,medium,approved,17426,mobile_app,true,245
app_20250128_00002038,2025-01-28 01:27:49,cust_5121781,ATVI,personal_loan,9912,18,460,high,rejected,0,partner,true,104
app_20250128_00002039,2025-01-28 03:08:41,cust_9332820,NLAM,cash_loan,25465,30,683,medium,rejected,0,mobile_app,false,13
app_20250128_00002040,2025-01-28 21:37:22,cust_2278731,NLAM,mortgage,410465,240,532,medium,rejected,0,mobile,false,117
app_20250128_00002041,2025-01-28 22:06:11,cust_8378642,SESV,mortgage,406874,120,621,medium,approved,406874,atm,false,636
app_20250128_00002042,2025-01-28 12:03:36,cust_692150,PORP,mortgage,296114,240,557,medium,approved,296114,online_banking,false,436
app_20250128_00002043,2025-01-28 14:59:29,cust_8013231,GRRE,business_loan,32409,24,748,low,approved,32409,online_banking,false,519
app_20250128_00002044,2025-01-28 23:05:10,cust_2159265,ESMA,credit_card,20848,42,625,medium,rejected,0,mobile_app,true,129
app_20250128_00002045,2025-01-28 03:45:15,cust_8552697,FRID,mortgage,270448,360,572,medium,rejected,0,branch,false,137
app_20250128_00002046,2025-01-28 09:29:08,cust_8326805,DEHE,mortgage,362697,300,582,medium,rejected,0,mobile_app,false,115
app_20250128_00002047,2025-01-28 05:16:13,cust_4518165,CZPR,auto_loan,35931,24,499,high,rejected,0,partner,true,39
app_20250128_00002048,2025-01-28 08:44:11,cust_2814445,ATVI,auto_loan,51668,48,785,low,approved,51668,online_banking,true,94
app_20250128_00002049,2025-01-28 18:37:33,cust_4558727,GRRE,education_loan,15121,60,705,low,approved,15121,partner,false,426
app_20250128_00002050,2025-01-28 10:40:27,cust_877901,UKLO,mortgage,365776,240,582,medium,rejected,0,web,false,91
app_20250128_00002051,2025-01-28 22:46:08,cust_3982711,CZPR,credit_card,16864,48,844,low,approved,16864,mobile_app,true,602
app_20250128_00002052,2025-01-28 10:47:25,cust_9817473,BENL,business_loan,26513,24,615,medium,rejected,0,branch,false,174
app_20250128_00002053,2025-01-28 11:32:40,cust_3006005,CZPR,cash_loan,38545,42,441,high,rejected,0,mobile,false,171
app_20250128_00002054,2025-01-28 05:17:10,cust_7777832,PORP,cash_loan,49656,48,774,low,approved,49656,partner,false,81
app_20250128_00002055,2025-01-28 13:40:58,cust_927556,NLAM,credit_card,47681,48,635,medium,approved,47681,call_center,true,544
app_20250128_00002056,2025-01-28 08:35:50,cust_2281071,ITMI,business_loan,11238,36,633,medium,approved,11238,online_banking,false,400
app_20250128_00002057,2025-01-28 05:08:50,cust_6592225,PORP,cash_loan,19072,24,567,medium,approved,19072,online_banking,true,263
app_20250128_00002058,2025-01-28 20:31:45,cust_1317402,AUTR,auto_loan,19974,24,538,medium,approved,19974,online_banking,true,427
app_20250128_00002059,2025-01-28 21:55:59,cust_3589062,PORP,personal_loan,37831,24,672,medium,approved,37831,online_banking,true,123
app_20250128_00002060,2025-01-28 14:06:45,cust_9991326,ITMI,personal_loan,6111,18,566,medium,rejected,0,mobile_app,true,153
app_20250128_00002061,2025-01-28 10:39:34,cust_9760474,ATVI,personal_loan,9946,12,667,medium,rejected,0,atm,false,136
app_20250128_00002062,2025-01-28 00:51:43,cust_8660671,ITMI,business_loan,28489,24,708,low,approved,28489,partner,false,183
app_20250128_00002063,2025-01-28 05:28:21,cust_8191411,PLWA,auto_loan,56121,48,710,low,approved,56121,branch,true,778
app_20250128_00002064,2025-01-28 04:10:21,cust_4971158,DEHE,refinance,53981,360,654,medium,approved,53981,branch,false,518
app_20250128_00002065,2025-01-28 12:28:09,cust_2734341,CZPR,mortgage,347737,300,617,medium,rejected,0,online_banking,false,125
app_20250128_00002066,2025-01-28 13:17:34,cust_1167305,BENL,business_loan,3511,36,656,medium,approved,3511,partner,false,509
app_20250128_00002067,2025-01-28 14:41:47,cust_6535607,CZPR,refinance,354203,240,603,medium,approved,354203,mobile_app,false,603
app_20250128_00002068,2025-01-28 12:57:41,cust_881627,BENL,auto_loan,16421,48,683,medium,rejected,0,branch,false,104
app_20250128_00002069,2025-01-28 16:16:54,cust_1505185,NLAM,mortgage,76578,300,667,medium,approved,76578,partner,true,577
app_20250128_00002070,2025-01-28 10:25:48,cust_7195345,ITMI,business_loan,32078,60,641,medium,approved,32078,mobile,false,467
app_20250128_00002071,2025-01-28 04:32:42,cust_7034295,AUTR,mortgage,322195,120,796,low,approved,322195,atm,true,409
app_20250128_00002072,2025-01-28 18:18:44,cust_5612728,PORP,cash_loan,33532,18,710,low,approved,33532,mobile,false,115
app_20250128_00002073,2025-01-28 08:24:47,cust_5588252,AUTR,auto_loan,12709,48,589,medium,approved,12709,branch,false,755
app_20250128_00002074,2025-01-28 14:50:29,cust_6031805,ATVI,mortgage,135602,240,534,medium,approved,135602,branch,true,407
app_20250128_00002075,2025-01-28 10:00:35,cust_8842486,BENL,education_loan,35282,36,687,medium,approved,35282,partner,false,281
app_20250128_00002076,2025-01-28 18:17:13,cust_8703542,CZPR,auto_loan,37806,72,518,medium,approved,37806,branch,true,712
app_20250128_00002077,2025-01-28 23:30:24,cust_7800220,ESMA,mortgage,160222,120,651,medium,approved,160222,call_center,true,151
app_20250128_00002078,2025-01-28 21:17:00,cust_1274502,ESMA,personal_loan,36416,36,709,low,approved,36416,branch,false,483
app_20250128_00002079,2025-01-28 10:16:57,cust_1267740,DEHE,auto_loan,40231,48,618,medium,approved,40231,branch,false,489
app_20250128_00002080,2025-01-28 12:44:06,cust_4098436,ATVI,cash_loan,3139,42,632,medium,approved,3139,partner,false,646
app_20250128_00002081,2025-01-28 06:12:11,cust_5072192,DEHE,cash_loan,24526,12,510,medium,rejected,0,mobile_app,true,13
app_20250128_00002082,2025-01-28 03:47:32,cust_4005438,PORP,education_loan,8346,48,790,low,approved,8346,mobile_app,false,85
app_20250128_00002083,2025-01-28 23:51:07,cust_6348820,ESMA,business_loan,37867,60,692,medium,approved,37867,partner,true,172
app_20250128_00002084,2025-01-28 00:39:52,cust_2438622,ESMA,cash_loan,34728,36,648,medium,approved,34728,online_banking,false,146
app_20250128_00002085,2025-01-28 00:17:21,cust_5353792,PLWA,auto_loan,38528,24,850,low,approved,38528,web,false,647
app_20250128_00002086,2025-01-28 20:11:33,cust_4288308,NLAM,credit_card,24048,24,659,medium,approved,24048,partner,false,367
app_20250128_00002087,2025-01-28 17:18:29,cust_2076296,CZPR,education_loan,28424,24,456,high,approved,28424,atm,true,213
app_20250128_00002088,2025-01-28 07:31:19,cust_6950187,ITMI,refinance,472817,180,571,medium,approved,472817,mobile_app,false,340
app_20250128_00002089,2025-01-28 12:18:30,cust_6656523,ESMA,business_loan,13156,24,655,medium,approved,13156,atm,false,377
app_20250128_00002090,2025-01-28 13:05:20,cust_3601984,PLWA,cash_loan,17922,24,431,high,rejected,0,online_banking,true,46
app_20250128_00002091,2025-01-28 19:10:42,cust_6084701,BENL,personal_loan,11689,36,726,low,rejected,0,web,false,76
app_20250128_00002092,2025-01-28 07:02:40,cust_8026394,AUTR,cash_loan,19150,42,657,medium,approved,19150,mobile_app,false,34
app_20250128_00002093,2025-01-28 08:15:38,cust_6391369,ITMI,refinance,88601,360,672,medium,approved,88601,mobile_app,false,731
app_20250128_00002094,2025-01-28 01:18:52,cust_8172289,SESV,auto_loan,53579,72,552,medium,rejected,0,partner,true,12
app_20250128_00002095,2025-01-28 12:41:14,cust_4624456,PLWA,credit_card,13448,24,505,medium,rejected,0,online_banking,false,168
app_20250128_00002096,2025-01-28 03:23:48,cust_6095420,CHBE,credit_card,35622,18,646,medium,approved,35622,web,false,527
app_20250128_00002097,2025-01-28 10:16:25,cust_3466868,CZPR,business_loan,14724,24,627,medium,rejected,0,partner,true,55
app_20250128_00002098,2025-01-28 19:59:38,cust_688146,ATVI,personal_loan,1361,24,668,medium,approved,1361,branch,false,399
app_20250128_00002099,2025-01-28 13:20:46,cust_988631,SESV,mortgage,470908,360,695,medium,approved,470908,mobile_app,false,228
app_20250128_00002100,2025-01-28 06:00:28,cust_7092697,ESMA,business_loan,34402,36,818,low,approved,34402,mobile,true,247
app_20250128_00002101,2025-01-28 10:34:24,cust_3823071,FRID,cash_loan,23519,12,534,medium,rejected,0,web,false,48
app_20250128_00002102,2025-01-28 12:26:06,cust_9837514,BENL,credit_card,49480,30,702,low,approved,49480,online_banking,false,560
app_20250128_00002103,2025-01-28 12:09:09,cust_7484101,GRRE,credit_card,1284,18,574,medium,approved,1284,branch,false,443
app_20250128_00002104,2025-01-28 15:04:09,cust_8115736,ATVI,cash_loan,33455,42,658,medium,approved,33455,branch,true,654
app_20250128_00002105,2025-01-28 15:49:14,cust_6877788,CHBE,cash_loan,36482,30,818,low,approved,36482,web,false,593
app_20250128_00002106,2025-01-28 09:55:08,cust_7932192,DEHE,mortgage,112378,180,713,low,approved,112378,call_center,false,575
app_20250128_00002107,2025-01-28 01:20:16,cust_7333628,UKLO,mortgage,339084,300,478,high,rejected,0,branch,false,28
app_20250128_00002108,2025-01-28 12:15:36,cust_6930370,NLAM,auto_loan,53200,60,653,medium,approved,53200,atm,false,437
app_20250128_00002109,2025-01-28 05:48:18,cust_6213487,BENL,business_loan,27692,36,584,medium,rejected,0,mobile,false,174
app_20250128_00002110,2025-01-28 13:45:50,cust_7381829,PORP,credit_card,17864,48,529,medium,rejected,0,partner,true,162
app_20250128_00002111,2025-01-28 08:24:54,cust_6393254,UKLO,cash_loan,43397,42,812,low,approved,43397,mobile_app,false,437
app_20250128_00002112,2025-01-28 22:04:40,cust_9061864,NLAM,refinance,137635,300,615,medium,approved,137635,call_center,false,70
app_20250128_00002113,2025-01-28 09:07:11,cust_6670864,UKLO,education_loan,9470,24,642,medium,approved,9470,branch,false,261
app_20250128_00002114,2025-01-28 01:39:17,cust_3595524,ITMI,education_loan,7600,48,672,medium,approved,7600,partner,true,420
app_20250128_00002115,2025-01-28 10:53:52,cust_6957899,DEHE,cash_loan,3136,30,648,medium,approved,3136,mobile,false,369
app_20250128_00002116,2025-01-28 18:52:40,cust_3470348,PORP,mortgage,111343,360,626,medium,approved,111343,mobile,false,688
app_20250128_00002117,2025-01-28 15:41:29,cust_2474336,CZPR,business_loan,31506,36,562,medium,rejected,0,partner,false,166
app_20250128_00002118,2025-01-28 22:17:52,cust_3096551,CHBE,auto_loan,47891,48,668,medium,approved,47891,partner,true,830
app_20250128_00002119,2025-01-28 09:13:51,cust_4093464,CHBE,cash_loan,11675,36,653,medium,approved,11675,mobile_app,false,792
app_20250128_00002120,2025-01-28 09:59:22,cust_9669256,CZPR,mortgage,344381,240,635,medium,approved,344381,online_banking,false,69
app_20250128_00002121,2025-01-28 23:19:28,cust_4733642,NLAM,personal_loan,48708,36,669,medium,rejected,0,atm,false,87
app_20250128_00002122,2025-01-28 23:31:34,cust_1843850,FRID,cash_loan,19716,12,562,medium,approved,19716,web,true,825
app_20250128_00002123,2025-01-28 21:15:49,cust_216333,ATVI,personal_loan,28800,30,568,medium,approved,28800,web,false,821
app_20250128_00002124,2025-01-28 14:02:16,cust_9271056,CZPR,refinance,487239,240,609,medium,rejected,0,atm,true,92
app_20250128_00002125,2025-01-28 20:36:36,cust_7204822,CZPR,personal_loan,25819,30,463,high,rejected,0,atm,true,56
app_20250128_00002126,2025-01-28 19:30:43,cust_1536772,ATVI,business_loan,11334,48,581,medium,approved,11334,call_center,true,324
app_20250128_00002127,2025-01-28 13:33:49,cust_2794139,ESMA,personal_loan,6218,36,648,medium,approved,6218,online_banking,true,714
app_20250128_00002128,2025-01-28 11:23:28,cust_3320327,UKLO,mortgage,282987,360,626,medium,approved,282987,partner,true,680
app_20250128_00002129,2025-01-28 04:30:02,cust_7835743,CHBE,credit_card,1424,30,542,medium,rejected,0,mobile_app,true,28
app_20250128_00002130,2025-01-28 04:27:30,cust_1414940,FRID,auto_loan,11295,24,658,medium,approved,11295,mobile,false,248
app_20250128_00002131,2025-01-28 19:58:24,cust_5909487,UKLO,education_loan,28564,24,657,medium,approved,28564,partner,false,577
app_20250128_00002132,2025-01-28 12:01:44,cust_3378353,UKLO,education_loan,32408,24,606,medium,rejected,0,online_banking,false,62
app_20250128_00002133,2025-01-28 13:09:59,cust_9007005,ESMA,education_loan,36287,24,360,high,rejected,0,partner,false,110
app_20250128_00002134,2025-01-28 01:32:16,cust_4229220,UKLO,credit_card,35522,24,701,low,approved,35522,atm,false,52
app_20250128_00002135,2025-01-28 06:48:31,cust_5823761,FRID,mortgage,209459,360,609,medium,rejected,0,atm,false,163
app_20250128_00002136,2025-01-28 03:02:16,cust_1936620,CZPR,business_loan,24466,60,646,medium,approved,24466,online_banking,false,273
app_20250128_00002137,2025-01-28 05:57:49,cust_1986117,PLWA,business_loan,19252,36,616,medium,approved,19252,online_banking,false,30
app_20250128_00002138,2025-01-28 13:03:17,cust_7310048,BENL,refinance,264967,360,846,low,approved,264967,mobile_app,false,124
app_20250128_00002139,2025-01-28 20:21:51,cust_6931224,CHBE,personal_loan,3339,30,803,low,approved,3339,branch,false,364
app_20250128_00002140,2025-01-28 08:59:25,cust_3434608,GRRE,education_loan,28554,36,690,medium,rejected,0,mobile_app,true,95
app_20250128_00002141,2025-01-28 06:17:14,cust_9843009,PORP,auto_loan,22760,48,403,high,rejected,0,mobile_app,true,75
app_20250128_00002142,2025-01-28 23:25:00,cust_9863354,BENL,education_loan,24038,48,725,low,approved,24038,branch,false,135
app_20250128_00002143,2025-01-28 13:02:24,cust_3246180,AUTR,refinance,254999,180,822,low,approved,254999,partner,false,582
app_20250128_00002144,2025-01-28 01:44:08,cust_616639,ITMI,auto_loan,33957,72,550,medium,approved,33957,partner,true,532
app_20250128_00002145,2025-01-28 15:14:45,cust_493604,BENL,personal_loan,41011,48,831,low,approved,41011,atm,true,57
app_20250128_00002146,2025-01-28 13:43:03,cust_9687085,UKLO,personal_loan,29278,42,740,low,rejected,0,atm,false,162
app_20250128_00002147,2025-01-28 17:05:32,cust_964867,ESMA,auto_loan,32651,60,671,medium,approved,32651,web,false,194
app_20250128_00002148,2025-01-28 06:41:12,cust_6196160,PORP,credit_card,49465,24,529,medium,approved,49465,online_banking,false,713
app_20250128_00002149,2025-01-28 05:11:37,cust_7691788,DEHE,business_loan,12747,36,603,medium,approved,12747,mobile,false,416
app_20250128_00002150,2025-01-28 14:00:47,cust_6987423,DEHE,refinance,299262,180,627,medium,approved,299262,mobile_app,false,814
app_20250128_00002151,2025-01-28 03:58:52,cust_3507482,CHBE,education_loan,17298,48,324,high,rejected,0,atm,false,133
app_20250128_00002152,2025-01-28 09:04:12,cust_3686340,BENL,credit_card,5118,30,651,medium,approved,5118,branch,false,366
app_20250128_00002153,2025-01-28 22:34:44,cust_9771009,ATVI,cash_loan,40971,42,560,medium,rejected,0,branch,false,34
app_20250128_00002154,2025-01-28 07:19:28,cust_9110124,AUTR,personal_loan,11402,42,622,medium,approved,11402,atm,false,622
app_20250128_00002155,2025-01-28 13:51:19,cust_8524877,UKLO,education_loan,26073,60,759,low,approved,26073,partner,true,345
app_20250128_00002156,2025-01-28 03:19:30,cust_9217817,FRID,education_loan,19347,36,771,low,approved,19347,web,false,171
app_20250128_00002157,2025-01-28 03:55:52,cust_6545779,ITMI,cash_loan,2914,36,850,low,approved,2914,web,false,482
app_20250128_00002158,2025-01-28 06:47:58,cust_7250209,GRRE,education_loan,27310,24,473,high,rejected,0,atm,true,33
app_20250128_00002159,2025-01-28 08:31:38,cust_9119578,ESMA,personal_loan,39503,30,657,medium,approved,39503,branch,true,277
app_20250128_00002160,2025-01-28 15:47:20,cust_7175750,ESMA,mortgage,271253,360,618,medium,approved,271253,online_banking,false,207
app_20250128_00002161,2025-01-28 05:26:01,cust_3822780,ESMA,credit_card,42595,30,850,low,approved,42595,partner,false,420
app_20250128_00002162,2025-01-28 22:36:07,cust_7537999,UKLO,business_loan,3376,24,778,low,approved,3376,mobile,true,456
app_20250128_00002163,2025-01-28 17:51:30,cust_3653916,CHBE,personal_loan,14089,24,405,high,rejected,0,branch,false,37
app_20250128_00002164,2025-01-28 23:58:33,cust_8800851,CHBE,auto_loan,38300,48,564,medium,rejected,0,partner,true,144
app_20250128_00002165,2025-01-28 00:18:39,cust_8723234,CHBE,business_loan,38251,60,850,low,approved,38251,mobile_app,true,717
app_20250128_00002166,2025-01-28 15:15:12,cust_9641784,PLWA,credit_card,27314,48,546,medium,approved,27314,web,true,796
app_20250128_00002167,2025-01-28 21:49:54,cust_1304583,NLAM,mortgage,367264,240,751,low,approved,367264,mobile,true,184
app_20250128_00002168,2025-01-28 01:21:00,cust_3300303,PLWA,education_loan,10264,48,662,medium,approved,10264,branch,false,299
app_20250128_00002169,2025-01-28 23:21:56,cust_3315929,BENL,personal_loan,18662,48,850,low,approved,18662,partner,false,531
app_20250128_00002170,2025-01-28 21:39:38,cust_437702,CZPR,education_loan,17170,24,692,medium,approved,17170,atm,false,698
app_20250128_00002171,2025-01-28 11:38:44,cust_6165154,SESV,cash_loan,38700,36,631,medium,approved,38700,online_banking,false,141
app_20250128_00002172,2025-01-28 03:30:04,cust_5107870,FRID,business_loan,14327,12,743,low,approved,14327,mobile,false,540
app_20250128_00002173,2025-01-28 06:40:23,cust_5138426,PLWA,personal_loan,30511,18,644,medium,rejected,0,call_center,false,169
app_20250128_00002174,2025-01-28 20:59:04,cust_1868443,PLWA,mortgage,201171,240,543,medium,rejected,0,web,true,137
app_20250128_00002175,2025-01-28 09:53:23,cust_6492629,SESV,mortgage,362780,180,484,high,rejected,0,call_center,false,25
app_20250128_00002176,2025-01-28 09:30:51,cust_8301816,ITMI,mortgage,493350,180,779,low,approved,493350,web,true,98
app_20250128_00002177,2025-01-28 22:53:35,cust_5420892,CZPR,credit_card,37906,48,546,medium,rejected,0,mobile_app,false,15
app_20250128_00002178,2025-01-28 23:55:56,cust_1658188,BENL,cash_loan,29230,30,639,medium,approved,29230,mobile_app,true,512
app_20250128_00002179,2025-01-28 15:05:28,cust_3336897,PORP,auto_loan,46095,24,641,medium,approved,46095,partner,true,429
app_20250128_00002180,2025-01-28 07:59:15,cust_6178321,ESMA,mortgage,333184,300,599,medium,approved,333184,mobile,true,133
app_20250128_00002181,2025-01-28 20:42:55,cust_3837789,FRID,personal_loan,35627,12,653,medium,approved,35627,online_banking,true,539
app_20250128_00002182,2025-01-28 10:35:21,cust_4340897,PLWA,auto_loan,19473,48,682,medium,rejected,0,partner,false,112
app_20250128_00002183,2025-01-28 03:52:57,cust_3924425,FRID,refinance,228282,360,726,low,approved,228282,partner,false,109
app_20250128_00002184,2025-01-28 00:08:41,cust_9728465,ITMI,mortgage,421349,180,562,medium,rejected,0,call_center,false,152
app_20250128_00002185,2025-01-28 18:38:46,cust_8651551,PLWA,auto_loan,13045,24,688,medium,approved,13045,call_center,false,806
app_20250128_00002186,2025-01-28 20:13:35,cust_211864,FRID,mortgage,482700,360,686,medium,approved,482700,branch,true,296
app_20250128_00002187,2025-01-28 07:14:19,cust_5200580,AUTR,personal_loan,24351,18,672,medium,approved,24351,online_banking,true,447
app_20250128_00002188,2025-01-28 16:42:19,cust_8642673,GRRE,refinance,81051,240,820,low,approved,81051,partner,false,896
app_20250128_00002189,2025-01-28 17:52:33,cust_9643704,SESV,credit_card,32956,30,666,medium,approved,32956,branch,false,507
app_20250128_00002190,2025-01-28 06:20:18,cust_2252939,ITMI,refinance,174341,180,635,medium,approved,174341,web,true,673
app_20250128_00002191,2025-01-28 07:32:42,cust_8359446,FRID,auto_loan,15032,36,711,low,approved,15032,mobile_app,true,668
app_20250128_00002192,2025-01-28 23:39:33,cust_7918360,CHBE,auto_loan,55128,48,649,medium,approved,55128,branch,false,688
app_20250128_00002193,2025-01-28 11:51:24,cust_3841432,BENL,auto_loan,43702,72,468,high,rejected,0,call_center,false,143
app_20250128_00002194,2025-01-28 10:24:11,cust_5082899,BENL,auto_loan,28760,24,850,low,approved,28760,online_banking,true,519
app_20250128_00002195,2025-01-28 14:01:20,cust_4120198,PORP,refinance,339613,300,526,medium,rejected,0,branch,true,180
app_20250128_00002196,2025-01-28 00:09:09,cust_732170,SESV,mortgage,222961,300,621,medium,approved,222961,partner,true,36
app_20250128_00002197,2025-01-28 01:07:13,cust_4367997,PORP,business_loan,34040,24,647,medium,approved,34040,mobile,true,735
app_20250128_00002198,2025-01-28 11:33:38,cust_8453754,SESV,education_loan,17262,36,822,low,approved,17262,mobile,false,576
app_20250128_00002199,2025-01-28 05:57:15,cust_8017199,PORP,refinance,97357,180,642,medium,approved,97357,call_center,true,339
app_20250128_00002200,2025-01-28 14:20:27,cust_5135345,PORP,credit_card,3133,24,733,low,approved,3133,mobile,true,587
app_20250128_00002201,2025-01-28 20:17:30,cust_3990219,BENL,education_loan,7956,36,757,low,approved,7956,web,false,219
app_20250128_00002202,2025-01-28 10:34:22,cust_9563669,DEHE,mortgage,183967,120,757,low,approved,183967,online_banking,false,670
app_20250128_00002203,2025-01-28 16:08:29,cust_6812515,SESV,refinance,452837,180,744,low,approved,452837,online_banking,true,882
app_20250128_00002204,2025-01-28 03:09:53,cust_9221532,ITMI,auto_loan,34012,48,306,high,approved,34012,online_banking,false,243
app_20250128_00002205,2025-01-28 02:46:10,cust_6300865,NLAM,refinance,193284,180,703,low,approved,193284,branch,true,334
app_20250128_00002206,2025-01-28 09:17:30,cust_7661383,CHBE,auto_loan,36108,72,788,low,approved,36108,branch,true,74
app_20250128_00002207,2025-01-28 02:31:34,cust_478285,ITMI,auto_loan,39045,36,597,medium,rejected,0,web,false,164
app_20250128_00002208,2025-01-28 03:45:44,cust_5001719,CHBE,credit_card,3054,18,511,medium,approved,3054,branch,true,848
app_20250128_00002209,2025-01-28 01:42:59,cust_2994160,DEHE,education_loan,32292,48,702,low,approved,32292,branch,false,540
app_20250128_00002210,2025-01-28 06:30:31,cust_5043631,NLAM,personal_loan,13436,48,679,medium,approved,13436,online_banking,true,722
app_20250128_00002211,2025-01-28 12:58:18,cust_1464656,BENL,business_loan,25592,60,670,medium,approved,25592,atm,false,145
app_20250128_00002212,2025-01-28 17:01:30,cust_7481978,UKLO,mortgage,371760,240,507,medium,rejected,0,partner,false,176
app_20250128_00002213,2025-01-28 07:34:50,cust_5248875,ATVI,refinance,291668,300,747,low,approved,291668,web,true,33
app_20250128_00002214,2025-01-28 00:16:00,cust_5374865,ITMI,credit_card,27631,12,740,low,approved,27631,online_banking,true,756
app_20250128_00002215,2025-01-28 04:20:33,cust_7616824,CZPR,refinance,220473,360,800,low,approved,220473,online_banking,false,123
app_20250128_00002216,2025-01-28 12:08:36,cust_9227256,UKLO,cash_loan,29186,42,647,medium,approved,29186,online_banking,true,455
app_20250128_00002217,2025-01-28 01:25:14,cust_1189149,SESV,education_loan,18500,24,599,medium,approved,18500,online_banking,false,881
app_20250128_00002218,2025-01-28 19:21:46,cust_463620,PORP,credit_card,33958,24,587,medium,rejected,0,mobile,false,177
app_20250128_00002219,2025-01-28 22:11:22,cust_6554756,PORP,refinance,412010,300,589,medium,approved,412010,atm,true,385
app_20250128_00002220,2025-01-28 16:33:28,cust_2431562,BENL,cash_loan,11063,48,825,low,approved,11063,online_banking,false,711
app_20250128_00002221,2025-01-28 21:00:21,cust_1528379,DEHE,refinance,147308,180,702,low,approved,147308,online_banking,true,506
app_20250128_00002222,2025-01-28 23:30:13,cust_880028,PLWA,cash_loan,41297,30,596,medium,approved,41297,partner,true,850
app_20250128_00002223,2025-01-28 02:48:10,cust_9528471,BENL,cash_loan,2946,48,638,medium,approved,2946,mobile_app,true,835
app_20250128_00002224,2025-01-28 21:01:31,cust_9897044,SESV,credit_card,34245,30,749,low,approved,34245,web,false,472
app_20250128_00002225,2025-01-28 23:03:23,cust_851637,BENL,auto_loan,12747,36,435,high,rejected,0,online_banking,false,41
app_20250128_00002226,2025-01-28 02:34:46,cust_7596081,GRRE,personal_loan,37787,24,606,medium,approved,37787,partner,false,222
app_20250128_00002227,2025-01-28 02:24:27,cust_1027678,ATVI,auto_loan,31609,72,567,medium,rejected,0,online_banking,false,75
app_20250128_00002228,2025-01-28 17:45:53,cust_217280,UKLO,education_loan,34738,24,603,medium,rejected,0,partner,true,123
app_20250128_00002229,2025-01-28 18:46:38,cust_6418916,BENL,auto_loan,18020,72,604,medium,approved,18020,call_center,false,516
app_20250128_00002230,2025-01-28 21:43:54,cust_1941531,GRRE,business_loan,3046,24,600,medium,approved,3046,web,true,398
app_20250128_00002231,2025-01-28 20:32:37,cust_7851508,GRRE,education_loan,11168,24,714,low,approved,11168,partner,true,398
app_20250128_00002232,2025-01-28 08:39:01,cust_9152393,GRRE,mortgage,282541,240,730,low,approved,282541,mobile_app,false,670
app_20250128_00002233,2025-01-28 08:03:15,cust_3725301,BENL,education_loan,21996,36,748,low,approved,21996,partner,false,480
app_20250128_00002234,2025-01-28 01:33:44,cust_4541239,BENL,auto_loan,40514,60,634,medium,approved,40514,branch,true,343
app_20250128_00002235,2025-01-28 17:06:41,cust_2840964,GRRE,personal_loan,25871,12,715,low,approved,25871,web,true,584
app_20250128_00002236,2025-01-28 03:48:46,cust_2913022,CHBE,personal_loan,10234,30,609,medium,approved,10234,web,false,861
app_20250128_00002237,2025-01-28 22:07:26,cust_749662,CHBE,education_loan,33115,48,617,medium,rejected,0,mobile,false,82
app_20250128_00002238,2025-01-28 22:26:55,cust_3951314,CZPR,mortgage,308238,300,601,medium,approved,308238,partner,true,182
app_20250128_00002239,2025-01-28 17:23:57,cust_2682431,ATVI,credit_card,20595,18,751,low,approved,20595,mobile,true,498
app_20250128_00002240,2025-01-28 08:56:31,cust_6396863,NLAM,credit_card,32875,42,564,medium,approved,32875,atm,false,431
app_20250128_00002241,2025-01-28 08:42:47,cust_4045593,FRID,cash_loan,13161,18,625,medium,rejected,0,atm,false,163
app_20250128_00002242,2025-01-28 10:21:34,cust_7659889,AUTR,auto_loan,21970,72,728,low,approved,21970,call_center,false,872
app_20250128_00002243,2025-01-28 13:08:38,cust_9446290,DEHE,personal_loan,35881,42,660,medium,rejected,0,mobile,true,110
app_20250128_00002244,2025-01-28 10:17:39,cust_1805995,FRID,cash_loan,5009,18,807,low,approved,5009,web,false,525
app_20250128_00002245,2025-01-28 17:33:00,cust_3212254,PORP,education_loan,17760,24,524,medium,approved,17760,mobile,true,546
app_20250128_00002246,2025-01-28 18:48:12,cust_2273658,FRID,refinance,152079,360,618,medium,approved,152079,web,false,295
app_20250128_00002247,2025-01-28 19:36:31,cust_3243545,ESMA,auto_loan,44830,24,615,medium,rejected,0,branch,false,129
app_20250128_00002248,2025-01-28 03:37:29,cust_7870669,PORP,mortgage,60480,360,603,medium,rejected,0,partner,true,119
app_20250128_00002249,2025-01-28 08:34:49,cust_474953,GRRE,auto_loan,9581,24,619,medium,approved,9581,call_center,true,69
app_20250128_00002250,2025-01-28 10:08:03,cust_3996891,CHBE,education_loan,26369,36,755,low,approved,26369,branch,true,577
app_20250128_00002251,2025-01-28 23:05:33,cust_5162406,FRID,mortgage,181276,300,687,medium,rejected,0,branch,true,18
app_20250128_00002252,2025-01-28 02:22:12,cust_6650822,AUTR,auto_loan,31808,60,647,medium,approved,31808,partner,true,536
app_20250128_00002253,2025-01-28 03:02:17,cust_2380132,NLAM,education_loan,7625,36,670,medium,approved,7625,call_center,false,269
app_20250128_00002254,2025-01-28 03:29:45,cust_826480,DEHE,education_loan,3263,48,587,medium,approved,3263,atm,false,446
app_20250128_00002255,2025-01-28 06:23:49,cust_1540830,ESMA,mortgage,253205,240,616,medium,approved,253205,call_center,true,534
app_20250128_00002256,2025-01-28 13:30:50,cust_4913027,FRID,personal_loan,13356,24,739,low,approved,13356,atm,true,600
app_20250128_00002257,2025-01-28 02:14:28,cust_1150884,AUTR,auto_loan,31235,48,577,medium,rejected,0,web,false,121
app_20250128_00002258,2025-01-28 13:43:11,cust_3099170,PLWA,education_loan,25161,60,678,medium,approved,25161,partner,true,307
app_20250128_00002259,2025-01-28 03:30:03,cust_2628879,PORP,auto_loan,30974,36,592,medium,rejected,0,mobile_app,true,119
app_20250128_00002260,2025-01-28 11:47:59,cust_5758185,BENL,refinance,415545,120,670,medium,rejected,0,branch,false,39
app_20250128_00002261,2025-01-28 20:53:15,cust_9712088,CHBE,refinance,262151,360,672,medium,approved,262151,mobile,false,576
app_20250128_00002262,2025-01-28 14:47:42,cust_1297384,DEHE,personal_loan,40884,12,577,medium,rejected,0,partner,true,92
app_20250128_00002263,2025-01-28 08:38:56,cust_3778952,ITMI,personal_loan,12266,36,792,low,approved,12266,online_banking,true,214
app_20250128_00002264,2025-01-28 15:18:04,cust_4364534,GRRE,personal_loan,6327,18,791,low,approved,6327,mobile,false,785
app_20250128_00002265,2025-01-28 00:12:17,cust_8329571,ESMA,cash_loan,10303,42,661,medium,approved,10303,call_center,true,872
app_20250128_00002266,2025-01-28 20:17:50,cust_7942923,ATVI,personal_loan,11642,12,653,medium,rejected,0,atm,true,170
app_20250128_00002267,2025-01-28 16:52:59,cust_1436510,GRRE,education_loan,12562,24,582,medium,approved,12562,web,false,312
app_20250128_00002268,2025-01-28 06:04:06,cust_8459504,CHBE,business_loan,21895,36,665,medium,rejected,0,branch,false,69
app_20250128_00002269,2025-01-28 19:12:55,cust_9391414,PLWA,mortgage,156448,180,780,low,approved,156448,atm,false,393
app_20250128_00002270,2025-01-28 13:50:20,cust_4533194,NLAM,cash_loan,10563,48,532,medium,approved,10563,branch,false,300
app_20250128_00002271,2025-01-28 23:55:54,cust_1260633,BENL,credit_card,42324,48,842,low,approved,42324,online_banking,true,338
app_20250128_00002272,2025-01-28 15:34:35,cust_121700,UKLO,credit_card,46858,12,483,high,rejected,0,web,true,74
app_20250128_00002273,2025-01-28 11:37:56,cust_2913778,AUTR,auto_loan,52362,36,635,medium,approved,52362,call_center,true,44
app_20250128_00002274,2025-01-28 06:52:18,cust_4754461,ESMA,business_loan,39088,48,517,medium,rejected,0,mobile_app,false,73
app_20250128_00002275,2025-01-28 01:19:16,cust_5432457,PORP,mortgage,440545,240,681,medium,approved,440545,online_banking,false,359
app_20250128_00002276,2025-01-28 04:17:57,cust_7592849,CZPR,auto_loan,22597,24,509,medium,approved,22597,atm,false,417
app_20250128_00002277,2025-01-28 15:20:21,cust_6894544,PORP,education_loan,18110,24,710,low,approved,18110,mobile,true,668
app_20250128_00002278,2025-01-28 15:00:28,cust_4606821,CHBE,mortgage,372660,300,559,medium,approved,372660,mobile,true,57
app_20250128_00002279,2025-01-28 06:41:58,cust_5537626,CHBE,credit_card,29498,30,609,medium,approved,29498,mobile,true,138
app_20250128_00002280,2025-01-28 04:22:49,cust_1794017,BENL,cash_loan,9433,36,749,low,approved,9433,online_banking,false,63
app_20250128_00002281,2025-01-28 07:20:47,cust_666578,BENL,education_loan,34711,60,596,medium,rejected,0,mobile,false,64
app_20250128_00002282,2025-01-28 10:25:50,cust_1919546,CHBE,auto_loan,31080,72,605,medium,approved,31080,partner,false,623
app_20250128_00002283,2025-01-28 19:13:39,cust_8630884,ATVI,auto_loan,27473,72,723,low,approved,27473,online_banking,true,603
app_20250128_00002284,2025-01-28 09:06:23,cust_6983933,CHBE,business_loan,38324,36,618,medium,rejected,0,call_center,true,64
app_20250128_00002285,2025-01-28 05:47:32,cust_6104327,PLWA,cash_loan,26479,48,495,high,rejected,0,atm,false,122
app_20250128_00002286,2025-01-28 00:19:20,cust_9654751,ITMI,refinance,269304,240,786,low,approved,269304,atm,false,487
app_20250128_00002287,2025-01-28 05:48:21,cust_2043734,ESMA,personal_loan,39224,42,528,medium,rejected,0,branch,true,66
app_20250128_00002288,2025-01-28 22:45:13,cust_4517975,CHBE,personal_loan,49186,42,669,medium,rejected,0,web,false,6
app_20250128_00002289,2025-01-28 16:03:06,cust_1958608,DEHE,credit_card,3525,12,579,medium,rejected,0,mobile_app,false,81
app_20250128_00002290,2025-01-28 01:48:00,cust_4917056,ATVI,credit_card,30526,48,600,medium,approved,30526,mobile,true,353
app_20250128_00002291,2025-01-28 04:24:00,cust_5793752,CZPR,refinance,300272,240,581,medium,approved,300272,partner,false,896
app_20250128_00002292,2025-01-28 11:53:46,cust_3632106,FRID,mortgage,186710,120,716,low,approved,186710,branch,true,331
app_20250128_00002293,2025-01-28 17:29:18,cust_1704778,CHBE,education_loan,33240,48,639,medium,rejected,0,web,true,87
app_20250128_00002294,2025-01-28 02:15:25,cust_1025060,ESMA,education_loan,17845,48,784,low,approved,17845,online_banking,false,88
app_20250128_00002295,2025-01-28 01:12:52,cust_8125043,NLAM,business_loan,31792,12,650,medium,approved,31792,mobile_app,false,482
app_20250128_00002296,2025-01-28 03:59:41,cust_8457404,NLAM,mortgage,438077,240,660,medium,approved,438077,mobile_app,false,819
app_20250128_00002297,2025-01-28 02:04:06,cust_6584995,CHBE,education_loan,7193,60,595,medium,approved,7193,call_center,false,746
app_20250128_00002298,2025-01-28 04:23:26,cust_6803451,PORP,cash_loan,33157,30,723,low,approved,33157,branch,false,387
app_20250128_00002299,2025-01-28 05:53:40,cust_8432525,BENL,credit_card,8937,30,637,medium,approved,8937,mobile,true,684
app_20250128_00002300,2025-01-28 06:42:24,cust_9074846,PORP,cash_loan,36605,30,688,medium,approved,36605,online_banking,true,899
app_20250128_00002301,2025-01-28 22:47:27,cust_3479367,SESV,auto_loan,38190,72,702,low,approved,38190,mobile,true,61
app_20250128_00002302,2025-01-28 22:41:08,cust_9805481,ITMI,education_loan,34448,36,706,low,approved,34448,web,true,168
app_20250128_00002303,2025-01-28 21:30:30,cust_4506758,UKLO,business_loan,31173,48,693,medium,rejected,0,call_center,true,54
app_20250128_00002304,2025-01-28 15:26:34,cust_4227375,FRID,personal_loan,10496,36,675,medium,approved,10496,partner,true,217
app_20250128_00002305,2025-01-28 18:23:17,cust_7105705,PORP,education_loan,11355,36,541,medium,approved,11355,branch,true,515
app_20250128_00002306,2025-01-28 09:03:15,cust_442783,FRID,cash_loan,16156,18,635,medium,approved,16156,partner,true,141
app_20250128_00002307,2025-01-28 06:06:29,cust_3891886,BENL,cash_loan,37698,24,733,low,approved,37698,mobile_app,false,893
app_20250128_00002308,2025-01-28 15:08:53,cust_9827715,ATVI,refinance,83481,120,492,high,rejected,0,mobile,true,71
app_20250128_00002309,2025-01-28 20:59:57,cust_8178585,DEHE,education_loan,14530,36,670,medium,approved,14530,call_center,true,899
app_20250128_00002310,2025-01-28 13:02:09,cust_9343863,GRRE,credit_card,45317,12,776,low,rejected,0,mobile,true,85
app_20250128_00002311,2025-01-28 09:58:42,cust_1168796,ITMI,education_loan,7862,48,601,medium,approved,7862,online_banking,false,490
app_20250128_00002312,2025-01-28 09:18:05,cust_1534799,BENL,mortgage,216552,240,675,medium,approved,216552,mobile,false,167
app_20250128_00002313,2025-01-28 03:25:29,cust_5098097,UKLO,refinance,365864,120,832,low,approved,365864,atm,false,870
app_20250128_00002314,2025-01-28 20:29:25,cust_1138490,SESV,education_loan,18951,12,486,high,rejected,0,partner,true,167
app_20250128_00002315,2025-01-28 23:52:33,cust_8410132,DEHE,education_loan,11852,24,638,medium,approved,11852,mobile_app,true,629
app_20250128_00002316,2025-01-28 07:04:41,cust_8711739,SESV,personal_loan,46206,18,717,low,approved,46206,mobile,true,820
app_20250128_00002317,2025-01-28 20:35:45,cust_3231231,ATVI,cash_loan,9827,42,547,medium,approved,9827,mobile,true,579
app_20250128_00002318,2025-01-28 13:08:15,cust_1788823,DEHE,auto_loan,28165,36,629,medium,rejected,0,call_center,true,8
app_20250128_00002319,2025-01-28 14:35:33,cust_4534644,CZPR,mortgage,255192,240,783,low,rejected,0,branch,false,147
app_20250128_00002320,2025-01-28 15:06:03,cust_8676721,UKLO,auto_loan,12999,60,444,high,rejected,0,call_center,true,99
app_20250128_00002321,2025-01-28 19:51:25,cust_6101632,PLWA,business_loan,26070,12,648,medium,approved,26070,branch,false,686
app_20250128_00002322,2025-01-28 06:37:37,cust_6746183,FRID,auto_loan,5372,24,810,low,approved,5372,mobile,true,651
app_20250128_00002323,2025-01-28 13:42:13,cust_3961604,PLWA,business_loan,29389,24,772,low,approved,29389,web,true,604
app_20250128_00002324,2025-01-28 22:21:27,cust_9253843,BENL,credit_card,48086,42,659,medium,rejected,0,branch,true,81
app_20250128_00002325,2025-01-28 15:46:13,cust_9102096,NLAM,cash_loan,41103,48,753,low,approved,41103,atm,false,91
app_20250128_00002326,2025-01-28 18:30:37,cust_2725094,ESMA,mortgage,237483,180,609,medium,rejected,0,web,false,103
app_20250128_00002327,2025-01-28 14:44:20,cust_2498175,NLAM,credit_card,21047,30,699,medium,rejected,0,web,false,35
app_20250128_00002328,2025-01-28 20:03:10,cust_4186588,CZPR,personal_loan,40263,12,669,medium,rejected,0,mobile,true,85
app_20250128_00002329,2025-01-28 09:28:14,cust_5751199,ITMI,personal_loan,42590,30,550,medium,rejected,0,mobile,false,12
app_20250128_00002330,2025-01-28 10:51:29,cust_2505452,GRRE,refinance,312242,120,587,medium,rejected,0,atm,false,167
app_20250128_00002331,2025-01-28 13:40:01,cust_6150084,NLAM,mortgage,484427,240,630,medium,approved,484427,web,false,203
app_20250128_00002332,2025-01-28 06:57:21,cust_585854,ITMI,education_loan,3396,24,684,medium,approved,3396,online_banking,true,261
app_20250128_00002333,2025-01-28 15:02:40,cust_8210026,PORP,personal_loan,14298,36,745,low,approved,14298,branch,true,164
app_20250128_00002334,2025-01-28 14:33:01,cust_4238740,ESMA,education_loan,4167,36,567,medium,rejected,0,call_center,true,92
app_20250128_00002335,2025-01-28 11:22:08,cust_764426,CHBE,refinance,194772,120,683,medium,approved,194772,atm,false,30
app_20250128_00002336,2025-01-28 05:51:52,cust_8540973,CZPR,personal_loan,19660,12,698,medium,approved,19660,partner,true,232
app_20250128_00002337,2025-01-28 10:14:57,cust_845427,BENL,cash_loan,21013,48,705,low,approved,21013,call_center,true,767
app_20250128_00002338,2025-01-28 01:02:42,cust_9647641,PORP,credit_card,26754,18,715,low,approved,26754,web,true,194
app_20250128_00002339,2025-01-28 13:58:55,cust_1521765,NLAM,cash_loan,18795,48,494,high,rejected,0,mobile_app,false,168
app_20250128_00002340,2025-01-28 20:10:07,cust_1293161,SESV,personal_loan,23462,30,640,medium,rejected,0,mobile_app,false,6
app_20250128_00002341,2025-01-28 10:04:55,cust_7814539,UKLO,mortgage,314516,360,734,low,approved,314516,web,false,457
app_20250128_00002342,2025-01-28 13:03:16,cust_1809284,SESV,mortgage,272665,180,570,medium,approved,272665,partner,false,450
app_20250128_00002343,2025-01-28 23:15:53,cust_5954268,NLAM,credit_card,44264,48,606,medium,rejected,0,web,false,10
app_20250128_00002344,2025-01-28 00:23:05,cust_4134311,BENL,cash_loan,22343,18,783,low,approved,22343,mobile,true,752
app_20250128_00002345,2025-01-28 09:19:01,cust_7731794,PLWA,refinance,265073,360,731,low,approved,265073,branch,true,775
app_20250128_00002346,2025-01-28 19:50:39,cust_4451260,BENL,refinance,496576,120,426,high,rejected,0,online_banking,true,132
app_20250128_00002347,2025-01-28 12:11:54,cust_5332864,PLWA,personal_loan,32617,48,560,medium,rejected,0,branch,false,34
app_20250128_00002348,2025-01-28 17:12:21,cust_6390298,ESMA,education_loan,38897,24,663,medium,rejected,0,branch,true,159
app_20250128_00002349,2025-01-28 00:50:56,cust_8177638,ATVI,cash_loan,5048,12,590,medium,rejected,0,call_center,true,106
app_20250128_00002350,2025-01-28 18:44:56,cust_9759668,ATVI,education_loan,27514,36,549,medium,approved,27514,mobile_app,false,310
app_20250128_00002351,2025-01-28 04:03:41,cust_8837355,ATVI,credit_card,31711,18,649,medium,approved,31711,mobile,true,642
app_20250128_00002352,2025-01-28 06:58:20,cust_4188707,CZPR,cash_loan,33694,18,758,low,approved,33694,online_banking,false,865
app_20250128_00002353,2025-01-28 07:10:43,cust_6197874,AUTR,auto_loan,55794,24,714,low,approved,55794,mobile_app,true,106
app_20250128_00002354,2025-01-28 10:12:44,cust_4798482,ITMI,refinance,323779,300,696,medium,rejected,0,call_center,true,17
app_20250128_00002355,2025-01-28 14:40:25,cust_1030889,SESV,mortgage,231490,180,648,medium,approved,231490,online_banking,false,447
app_20250128_00002356,2025-01-28 18:15:24,cust_2656585,DEHE,mortgage,341022,360,564,medium,approved,341022,online_banking,false,652
app_20250128_00002357,2025-01-28 08:48:43,cust_9807349,ITMI,business_loan,22578,48,556,medium,rejected,0,mobile,true,140
app_20250128_00002358,2025-01-28 15:21:33,cust_684814,FRID,personal_loan,19018,48,706,low,approved,19018,online_banking,false,627
app_20250128_00002359,2025-01-28 23:38:18,cust_3275303,AUTR,auto_loan,15346,48,604,medium,approved,15346,atm,false,372
app_20250128_00002360,2025-01-28 03:55:13,cust_3789303,UKLO,refinance,329562,360,809,low,approved,329562,online_banking,true,803
app_20250128_00002361,2025-01-28 01:01:52,cust_4453864,GRRE,personal_loan,38101,30,702,low,approved,38101,mobile_app,true,185
app_20250128_00002362,2025-01-28 00:43:27,cust_8409007,PLWA,business_loan,28515,60,525,medium,approved,28515,mobile,true,97
app_20250128_00002363,2025-01-28 17:16:53,cust_8792955,SESV,auto_loan,54474,48,612,medium,approved,54474,web,true,818
app_20250128_00002364,2025-01-28 12:27:04,cust_956483,SESV,personal_loan,25832,24,717,low,approved,25832,web,false,509
app_20250128_00002365,2025-01-28 05:58:25,cust_6547612,SESV,refinance,145919,180,807,low,approved,145919,web,false,148
app_20250128_00002366,2025-01-28 20:55:33,cust_8835752,AUTR,mortgage,415401,300,414,high,rejected,0,web,false,133
app_20250128_00002367,2025-01-28 02:41:33,cust_1539669,ESMA,cash_loan,6741,12,647,medium,approved,6741,online_banking,false,631
app_20250128_00002368,2025-01-28 07:19:27,cust_7304296,ESMA,mortgage,51137,120,675,medium,approved,51137,online_banking,true,244
app_20250128_00002369,2025-01-28 01:36:27,cust_2287755,GRRE,refinance,186095,180,602,medium,rejected,0,mobile,false,43
app_20250128_00002370,2025-01-28 06:31:03,cust_8797334,SESV,refinance,474630,180,560,medium,approved,474630,call_center,false,210
app_20250128_00002371,2025-01-28 07:01:29,cust_772007,BENL,business_loan,13625,12,682,medium,approved,13625,call_center,true,883
app_20250128_00002372,2025-01-28 14:06:20,cust_8740788,PORP,auto_loan,45717,24,692,medium,approved,45717,partner,false,74
app_20250128_00002373,2025-01-28 01:09:59,cust_1330549,UKLO,auto_loan,58615,48,850,low,approved,58615,mobile_app,true,68
app_20250128_00002374,2025-01-28 10:35:46,cust_6987772,CZPR,education_loan,27960,24,476,high,rejected,0,online_banking,true,52
app_20250128_00002375,2025-01-28 14:43:58,cust_5302330,ESMA,mortgage,427937,360,573,medium,rejected,0,web,true,6
app_20250128_00002376,2025-01-28 09:04:15,cust_6402063,ITMI,personal_loan,3108,42,569,medium,rejected,0,online_banking,true,43
app_20250128_00002377,2025-01-28 03:19:12,cust_2700769,NLAM,education_loan,12342,36,382,high,rejected,0,online_banking,true,21
app_20250128_00002378,2025-01-28 14:13:55,cust_3197359,BENL,mortgage,358843,180,803,low,approved,358843,online_banking,true,210
app_20250128_00002379,2025-01-28 11:47:27,cust_8747596,PORP,credit_card,37819,42,667,medium,approved,37819,branch,true,200
app_20250128_00002380,2025-01-28 19:55:09,cust_4159292,NLAM,personal_loan,1002,18,697,medium,rejected,0,branch,true,130
app_20250128_00002381,2025-01-28 13:27:04,cust_1553883,GRRE,personal_loan,19246,12,624,medium,rejected,0,mobile_app,false,88
app_20250128_00002382,2025-01-28 23:59:37,cust_1743473,CHBE,business_loan,29726,60,670,medium,approved,29726,branch,true,410
app_20250128_00002383,2025-01-28 14:21:44,cust_9268499,DEHE,mortgage,316845,120,466,high,approved,316845,branch,false,276
app_20250128_00002384,2025-01-28 15:59:11,cust_4718224,SESV,refinance,110710,120,760,low,approved,110710,call_center,false,585
app_20250128_00002385,2025-01-28 07:38:48,cust_3133868,NLAM,mortgage,71205,120,753,low,approved,71205,branch,true,325
app_20250128_00002386,2025-01-28 10:25:44,cust_6456160,AUTR,cash_loan,3853,36,676,medium,approved,3853,branch,false,329
app_20250128_00002387,2025-01-28 15:50:23,cust_2902256,ESMA,cash_loan,40925,36,592,medium,rejected,0,web,true,123
app_20250128_00002388,2025-01-28 07:51:53,cust_5018894,PORP,refinance,372038,300,560,medium,rejected,0,atm,false,74
app_20250128_00002389,2025-01-28 11:28:31,cust_6280428,ESMA,cash_loan,18338,12,596,medium,rejected,0,atm,false,130
app_20250128_00002390,2025-01-28 06:31:38,cust_9507517,UKLO,education_loan,29932,12,694,medium,approved,29932,online_banking,false,663
app_20250128_00002391,2025-01-28 16:03:34,cust_3373868,ATVI,credit_card,18024,18,555,medium,approved,18024,online_banking,false,135
app_20250128_00002392,2025-01-28 19:38:32,cust_3289982,DEHE,refinance,429609,300,607,medium,rejected,0,web,false,14
app_20250128_00002393,2025-01-28 01:46:23,cust_5074215,FRID,education_loan,18038,12,649,medium,approved,18038,web,false,790
app_20250128_00002394,2025-01-28 21:30:46,cust_7186224,ATVI,personal_loan,36022,24,686,medium,approved,36022,call_center,false,381
app_20250128_00002395,2025-01-28 02:10:36,cust_3733845,GRRE,auto_loan,5483,48,533,medium,approved,5483,branch,false,33
app_20250128_00002396,2025-01-28 05:09:42,cust_6250286,CZPR,business_loan,20873,24,580,medium,rejected,0,branch,true,162
app_20250128_00002397,2025-01-28 00:03:17,cust_3312556,BENL,education_loan,10514,36,727,low,approved,10514,mobile_app,true,51
app_20250128_00002398,2025-01-28 11:57:35,cust_1161815,ITMI,credit_card,47199,48,537,medium,rejected,0,branch,true,148
app_20250128_00002399,2025-01-28 08:32:32,cust_398986,CZPR,business_loan,30960,24,549,medium,rejected,0,partner,false,122
app_20250128_00002400,2025-01-28 15:51:26,cust_1970542,UKLO,personal_loan,29382,42,545,medium,approved,29382,web,true,151
app_20250128_00002401,2025-01-28 19:28:16,cust_5113165,PLWA,cash_loan,47380,48,740,low,approved,47380,online_banking,false,875
app_20250128_00002402,2025-01-28 02:11:07,cust_3300143,PLWA,cash_loan,30346,42,541,medium,rejected,0,branch,false,9
app_20250128_00002403,2025-01-28 14:49:14,cust_8601954,SESV,mortgage,84634,180,746,low,approved,84634,mobile_app,false,480
app_20250128_00002404,2025-01-28 03:32:13,cust_9294752,UKLO,auto_loan,25832,24,658,medium,rejected,0,web,true,121
app_20250128_00002405,2025-01-28 20:43:11,cust_1861514,FRID,auto_loan,54007,36,664,medium,approved,54007,web,true,697
app_20250128_00002406,2025-01-28 09:11:36,cust_172613,AUTR,mortgage,404449,120,710,low,approved,404449,web,false,465
app_20250128_00002407,2025-01-28 09:39:49,cust_5813033,SESV,business_loan,37323,24,461,high,rejected,0,web,false,167
app_20250128_00002408,2025-01-28 17:00:47,cust_161297,BENL,cash_loan,31961,30,649,medium,rejected,0,call_center,true,178
app_20250128_00002409,2025-01-28 21:58:26,cust_9708091,GRRE,auto_loan,55360,60,669,medium,rejected,0,mobile_app,false,112
app_20250128_00002410,2025-01-28 03:11:16,cust_7938573,ESMA,refinance,101428,300,719,low,approved,101428,call_center,false,306
app_20250128_00002411,2025-01-28 08:22:03,cust_5678679,UKLO,cash_loan,27270,48,737,low,approved,27270,branch,false,273
app_20250128_00002412,2025-01-28 12:45:30,cust_3199800,SESV,education_loan,33185,36,669,medium,approved,33185,call_center,true,811
app_20250128_00002413,2025-01-28 07:16:42,cust_7880297,NLAM,mortgage,425832,180,539,medium,approved,425832,web,true,561
app_20250128_00002414,2025-01-28 00:59:42,cust_6017139,PORP,cash_loan,38316,12,465,high,rejected,0,mobile_app,false,76
app_20250128_00002415,2025-01-28 04:21:05,cust_4985097,UKLO,business_loan,18154,48,658,medium,approved,18154,branch,false,81
app_20250128_00002416,2025-01-28 13:50:58,cust_1318642,SESV,education_loan,36499,48,472,high,rejected,0,partner,false,93
app_20250128_00002417,2025-01-28 18:21:13,cust_8950725,CZPR,cash_loan,32433,12,670,medium,approved,32433,atm,true,370
app_20250128_00002418,2025-01-28 13:38:24,cust_9303054,FRID,mortgage,342347,120,659,medium,approved,342347,online_banking,true,464
app_20250128_00002419,2025-01-28 19:21:15,cust_7873034,BENL,mortgage,451426,120,531,medium,rejected,0,call_center,false,31
app_20250128_00002420,2025-01-28 06:21:36,cust_1226823,FRID,auto_loan,42127,72,572,medium,approved,42127,partner,true,360
app_20250128_00002421,2025-01-28 18:42:45,cust_9253204,DEHE,mortgage,435131,120,769,low,approved,435131,branch,false,717
app_20250128_00002422,2025-01-28 08:55:40,cust_1613998,DEHE,refinance,200582,360,769,low,approved,200582,online_banking,false,859
app_20250128_00002423,2025-01-28 13:53:40,cust_3052525,AUTR,mortgage,448214,120,684,medium,approved,448214,partner,false,681
app_20250128_00002424,2025-01-28 19:23:13,cust_4617076,BENL,auto_loan,30422,60,660,medium,approved,30422,web,true,815
app_20250128_00002425,2025-01-28 15:55:36,cust_4509943,ITMI,education_loan,16908,36,488,high,rejected,0,atm,true,73
app_20250128_00002426,2025-01-28 07:14:23,cust_3096982,DEHE,business_loan,19209,60,645,medium,rejected,0,branch,true,108
app_20250128_00002427,2025-01-28 04:47:21,cust_6311698,CHBE,business_loan,31855,60,603,medium,rejected,0,mobile,true,8
app_20250128_00002428,2025-01-28 00:00:54,cust_7368775,ITMI,refinance,404222,360,737,low,approved,404222,online_banking,true,330
app_20250128_00002429,2025-01-28 15:16:58,cust_859356,ATVI,credit_card,31390,36,691,medium,approved,31390,web,true,448
app_20250128_00002430,2025-01-28 12:41:33,cust_9377181,NLAM,personal_loan,11033,12,524,medium,approved,11033,partner,false,647
app_20250128_00002431,2025-01-28 08:58:56,cust_3524140,AUTR,business_loan,7294,60,583,medium,approved,7294,web,false,334
app_20250128_00002432,2025-01-28 01:17:27,cust_361325,CZPR,cash_loan,9711,36,719,low,approved,9711,atm,false,162
app_20250128_00002433,2025-01-28 07:06:10,cust_2648016,AUTR,auto_loan,57991,36,507,medium,rejected,0,call_center,true,74
app_20250128_00002434,2025-01-28 01:16:32,cust_5364302,UKLO,business_loan,31262,60,684,medium,approved,31262,mobile_app,false,784
app_20250128_00002435,2025-01-28 12:24:49,cust_1162525,PORP,credit_card,30487,12,406,high,approved,30487,atm,false,239
app_20250128_00002436,2025-01-28 23:44:49,cust_1288118,CZPR,credit_card,18520,18,810,low,approved,18520,online_banking,false,224
app_20250128_00002437,2025-01-28 21:05:50,cust_582138,ITMI,business_loan,15006,24,628,medium,rejected,0,atm,true,23
app_20250128_00002438,2025-01-28 16:53:31,cust_1857392,ITMI,refinance,417528,300,721,low,approved,417528,online_banking,false,596
app_20250128_00002439,2025-01-28 22:14:33,cust_8418469,ITMI,credit_card,39184,48,842,low,rejected,0,partner,true,136
app_20250128_00002440,2025-01-28 19:43:56,cust_7841030,GRRE,refinance,254787,120,694,medium,approved,254787,online_banking,true,804
app_20250128_00002441,2025-01-28 13:51:13,cust_3960259,BENL,cash_loan,18233,42,562,medium,rejected,0,mobile_app,true,69
app_20250128_00002442,2025-01-28 12:02:10,cust_9924389,BENL,personal_loan,35657,42,736,low,approved,35657,mobile,true,671
app_20250128_00002443,2025-01-28 15:23:23,cust_1120602,ITMI,cash_loan,42959,36,666,medium,approved,42959,branch,false,401
app_20250128_00002444,2025-01-28 09:58:57,cust_4218719,ATVI,credit_card,15845,24,664,medium,approved,15845,mobile,true,866
app_20250128_00002445,2025-01-28 01:36:59,cust_2549362,FRID,personal_loan,15200,18,575,medium,approved,15200,web,false,376
app_20250128_00002446,2025-01-28 21:11:32,cust_6842674,UKLO,auto_loan,44611,24,684,medium,approved,44611,partner,true,133
app_20250128_00002447,2025-01-28 02:08:10,cust_9151362,UKLO,mortgage,462004,120,508,medium,rejected,0,partner,true,62
app_20250128_00002448,2025-01-28 00:12:18,cust_258953,FRID,cash_loan,45024,36,541,medium,rejected,0,branch,false,13
app_20250128_00002449,2025-01-28 15:33:36,cust_8970982,ITMI,credit_card,38816,12,673,medium,approved,38816,online_banking,true,168
app_20250128_00002450,2025-01-28 02:54:53,cust_3184697,ESMA,mortgage,461745,300,644,medium,rejected,0,mobile_app,true,174
app_20250128_00002451,2025-01-28 13:09:23,cust_6952013,GRRE,personal_loan,4364,48,509,medium,approved,4364,mobile,false,148
app_20250128_00002452,2025-01-28 05:48:38,cust_2025857,UKLO,mortgage,456116,120,702,low,approved,456116,atm,true,804
app_20250128_00002453,2025-01-28 01:06:36,cust_8228793,ITMI,mortgage,146336,120,701,low,approved,146336,mobile,false,804
app_20250128_00002454,2025-01-28 08:05:21,cust_1287539,CHBE,business_loan,21446,48,628,medium,approved,21446,mobile_app,true,576
app_20250128_00002455,2025-01-28 10:27:43,cust_4869164,CZPR,mortgage,253274,120,551,medium,rejected,0,web,true,20
app_20250128_00002456,2025-01-28 06:11:42,cust_1257124,DEHE,personal_loan,49367,36,730,low,approved,49367,partner,false,817
app_20250128_00002457,2025-01-28 05:25:49,cust_6472109,NLAM,education_loan,18010,36,540,medium,rejected,0,web,true,91
app_20250128_00002458,2025-01-28 07:52:49,cust_9960682,UKLO,credit_card,26489,24,602,medium,approved,26489,partner,false,133
app_20250128_00002459,2025-01-28 04:20:52,cust_659564,GRRE,cash_loan,20061,18,725,low,approved,20061,online_banking,false,648
app_20250128_00002460,2025-01-28 13:11:40,cust_4928148,GRRE,refinance,363027,120,666,medium,approved,363027,branch,false,337
app_20250128_00002461,2025-01-28 08:44:09,cust_4798041,SESV,education_loan,31109,60,459,high,rejected,0,mobile,false,14
app_20250128_00002462,2025-01-28 01:12:48,cust_8191035,SESV,cash_loan,21991,12,850,low,approved,21991,atm,true,40
app_20250128_00002463,2025-01-28 06:26:59,cust_6570651,GRRE,refinance,352624,180,627,medium,approved,352624,mobile_app,false,277
app_20250128_00002464,2025-01-28 06:06:10,cust_384543,ESMA,business_loan,26036,24,610,medium,rejected,0,partner,true,130
app_20250128_00002465,2025-01-28 03:48:57,cust_1294360,AUTR,refinance,79046,240,562,medium,approved,79046,web,false,189
app_20250128_00002466,2025-01-28 11:36:02,cust_4717190,ITMI,business_loan,30534,12,556,medium,rejected,0,online_banking,false,171
app_20250128_00002467,2025-01-28 19:12:59,cust_8379717,FRID,credit_card,23455,30,683,medium,approved,23455,branch,false,462
app_20250128_00002468,2025-01-28 05:16:42,cust_1583727,ESMA,auto_loan,11916,48,781,low,approved,11916,web,true,291
app_20250128_00002469,2025-01-28 01:38:17,cust_2753391,ITMI,education_loan,22166,48,702,low,approved,22166,web,false,44
app_20250128_00002470,2025-01-28 09:15:13,cust_8641193,CHBE,cash_loan,48244,48,779,low,approved,48244,partner,false,90
app_20250128_00002471,2025-01-28 05:43:03,cust_750305,SESV,personal_loan,17703,12,441,high,rejected,0,web,false,43
app_20250128_00002472,2025-01-28 05:02:19,cust_5790144,CZPR,cash_loan,7102,30,617,medium,approved,7102,online_banking,true,330
app_20250128_00002473,2025-01-28 18:56:38,cust_2815242,SESV,refinance,215453,360,727,low,approved,215453,web,false,268
app_20250128_00002474,2025-01-28 06:17:05,cust_2990966,DEHE,cash_loan,6805,48,656,medium,approved,6805,call_center,false,620
app_20250128_00002475,2025-01-28 23:57:11,cust_9150350,NLAM,auto_loan,56913,36,653,medium,approved,56913,web,true,435
app_20250128_00002476,2025-01-28 15:51:53,cust_2694180,CHBE,credit_card,21958,24,537,medium,rejected,0,atm,false,60
app_20250128_00002477,2025-01-28 03:49:08,cust_1627027,SESV,auto_loan,58605,60,530,medium,approved,58605,mobile_app,true,37
app_20250128_00002478,2025-01-28 10:28:54,cust_4431181,CZPR,auto_loan,56209,72,581,medium,rejected,0,mobile_app,true,174
app_20250128_00002479,2025-01-28 01:27:01,cust_8429413,PORP,personal_loan,44018,48,664,medium,approved,44018,online_banking,false,493
app_20250128_00002480,2025-01-28 08:30:51,cust_7186332,NLAM,auto_loan,39976,60,792,low,approved,39976,branch,true,749
app_20250128_00002481,2025-01-28 12:09:22,cust_1748074,CZPR,auto_loan,23599,72,850,low,rejected,0,mobile,false,71
app_20250128_00002482,2025-01-28 12:18:58,cust_4339610,PORP,business_loan,16789,48,579,medium,approved,16789,branch,true,532
app_20250128_00002483,2025-01-28 16:46:49,cust_5926514,ITMI,personal_loan,6347,48,626,medium,approved,6347,atm,false,547
app_20250128_00002484,2025-01-28 23:44:42,cust_7856609,PLWA,cash_loan,41819,42,850,low,approved,41819,branch,false,104
app_20250128_00002485,2025-01-28 00:56:55,cust_2472601,PORP,credit_card,1955,30,709,low,approved,1955,mobile_app,true,631
app_20250128_00002486,2025-01-28 21:00:45,cust_284205,DEHE,auto_loan,36437,24,638,medium,approved,36437,mobile,false,862
app_20250128_00002487,2025-01-28 04:20:43,cust_4579518,BENL,cash_loan,17620,18,635,medium,approved,17620,mobile_app,true,416
app_20250128_00002488,2025-01-28 01:22:59,cust_8227273,SESV,education_loan,31144,36,634,medium,approved,31144,mobile,true,216
app_20250128_00002489,2025-01-28 06:06:18,cust_3048902,CZPR,business_loan,39080,48,508,medium,approved,39080,atm,false,173
app_20250128_00002490,2025-01-28 22:40:42,cust_7797370,ITMI,refinance,171599,120,514,medium,approved,171599,online_banking,true,429
app_20250128_00002491,2025-01-28 01:22:32,cust_7436284,PLWA,refinance,310261,120,457,high,rejected,0,atm,true,122
app_20250128_00002492,2025-01-28 01:40:30,cust_5709587,ITMI,mortgage,259632,180,655,medium,approved,259632,web,false,287
app_20250128_00002493,2025-01-28 14:30:19,cust_6931941,SESV,mortgage,127414,120,557,medium,rejected,0,web,false,35
app_20250128_00002494,2025-01-28 00:47:43,cust_9367082,FRID,education_loan,23659,12,728,low,approved,23659,web,false,783
app_20250128_00002495,2025-01-28 02:19:14,cust_4704940,PORP,cash_loan,14396,36,719,low,approved,14396,mobile_app,false,235
app_20250128_00002496,2025-01-28 04:39:33,cust_7148985,DEHE,personal_loan,29026,42,784,low,approved,29026,call_center,true,314
app_20250128_00002497,2025-01-28 12:15:56,cust_1671532,NLAM,credit_card,9383,42,800,low,approved,9383,web,false,608
app_20250128_00002498,2025-01-28 11:55:14,cust_5705731,ATVI,credit_card,38499,42,779,low,approved,38499,atm,false,848
app_20250128_00002499,2025-01-28 03:05:56,cust_2799948,BENL,credit_card,3048,36,721,low,approved,3048,call_center,true,405
app_20250128_00002500,2025-01-28 17:28:52,cust_7926983,NLAM,credit_card,28216,12,523,medium,rejected,0,web,true,87
app_20250128_00002501,2025-01-28 23:44:38,cust_8348609,PLWA,mortgage,243135,240,661,medium,rejected,0,call_center,true,76
app_20250128_00002502,2025-01-28 07:05:07,cust_3482048,ITMI,refinance,54271,120,733,low,approved,54271,call_center,false,255
app_20250128_00002503,2025-01-28 18:12:00,cust_9627234,CZPR,business_loan,14912,12,756,low,approved,14912,partner,false,720
app_20250128_00002504,2025-01-28 15:37:23,cust_1805102,NLAM,auto_loan,46940,60,625,medium,rejected,0,partner,true,126
app_20250128_00002505,2025-01-28 07:01:19,cust_4511707,NLAM,cash_loan,41756,18,606,medium,rejected,0,branch,false,106
app_20250128_00002506,2025-01-28 03:02:18,cust_9269304,SESV,cash_loan,15630,18,537,medium,rejected,0,mobile_app,true,170
app_20250128_00002507,2025-01-28 20:07:58,cust_6256132,ATVI,education_loan,24819,60,796,low,approved,24819,mobile_app,false,759
app_20250128_00002508,2025-01-28 09:58:53,cust_7479676,FRID,credit_card,37535,30,708,low,approved,37535,mobile,true,603
app_20250128_00002509,2025-01-28 22:09:19,cust_425634,NLAM,auto_loan,42988,36,601,medium,approved,42988,online_banking,true,80
app_20250128_00002510,2025-01-28 02:03:53,cust_9300107,CHBE,mortgage,175695,300,717,low,approved,175695,call_center,false,579
app_20250128_00002511,2025-01-28 06:35:47,cust_6685008,DEHE,refinance,53867,120,698,medium,approved,53867,online_banking,true,850
app_20250128_00002512,2025-01-28 00:48:52,cust_2182828,NLAM,personal_loan,12163,30,679,medium,approved,12163,atm,true,683
app_20250128_00002513,2025-01-28 20:52:34,cust_5804524,PLWA,refinance,166768,300,743,low,approved,166768,atm,false,587
app_20250128_00002514,2025-01-28 05:14:58,cust_9207789,CHBE,business_loan,7573,12,592,medium,approved,7573,partner,false,101
app_20250128_00002515,2025-01-28 07:40:12,cust_1884154,FRID,mortgage,183954,360,697,medium,rejected,0,mobile,false,171
app_20250128_00002516,2025-01-28 12:52:07,cust_9490592,ESMA,education_loan,6376,12,640,medium,approved,6376,mobile_app,false,590
app_20250128_00002517,2025-01-28 19:00:00,cust_9931014,CHBE,mortgage,442064,120,620,medium,approved,442064,online_banking,false,403
app_20250128_00002518,2025-01-28 19:44:30,cust_6709823,ESMA,business_loan,23747,48,599,medium,approved,23747,mobile,true,137
app_20250128_00002519,2025-01-28 21:45:51,cust_2369317,CZPR,auto_loan,58338,24,678,medium,approved,58338,web,false,861
app_20250128_00002520,2025-01-28 06:05:19,cust_9432609,ESMA,personal_loan,3793,24,563,medium,rejected,0,web,false,65
app_20250128_00002521,2025-01-28 22:52:56,cust_6097306,BENL,cash_loan,27304,18,633,medium,rejected,0,mobile_app,true,157
app_20250128_00002522,2025-01-28 14:20:43,cust_3477778,ATVI,business_loan,24055,12,600,medium,approved,24055,online_banking,false,665
app_20250128_00002523,2025-01-28 03:04:23,cust_4205398,NLAM,cash_loan,11267,24,721,low,approved,11267,partner,false,499
app_20250128_00002524,2025-01-28 08:41:41,cust_8515879,BENL,cash_loan,24657,36,696,medium,approved,24657,mobile_app,false,148
app_20250128_00002525,2025-01-28 03:57:20,cust_3328755,ITMI,personal_loan,13748,42,733,low,approved,13748,partner,false,477
app_20250128_00002526,2025-01-28 00:18:07,cust_1342917,CHBE,refinance,255542,300,806,low,approved,255542,mobile,true,97
app_20250128_00002527,2025-01-28 12:48:07,cust_6315806,UKLO,credit_card,42359,48,705,low,approved,42359,partner,true,119
app_20250128_00002528,2025-01-28 20:39:13,cust_534386,AUTR,refinance,471033,180,642,medium,approved,471033,atm,true,678
app_20250128_00002529,2025-01-28 11:44:04,cust_3395456,CZPR,education_loan,32216,12,563,medium,rejected,0,online_banking,true,112
app_20250128_00002530,2025-01-28 10:55:02,cust_7966348,ITMI,mortgage,64075,300,591,medium,approved,64075,mobile,true,865
app_20250128_00002531,2025-01-28 17:40:31,cust_8750257,PLWA,mortgage,231321,360,559,medium,approved,231321,atm,true,245
app_20250128_00002532,2025-01-28 17:24:51,cust_2617161,FRID,mortgage,200388,120,716,low,approved,200388,mobile,false,880
app_20250128_00002533,2025-01-28 04:39:26,cust_5065960,AUTR,auto_loan,51402,24,444,high,rejected,0,online_banking,true,167
app_20250128_00002534,2025-01-28 10:41:42,cust_4831840,SESV,mortgage,405095,180,755,low,approved,405095,web,true,93
app_20250128_00002535,2025-01-28 14:23:47,cust_9271917,ITMI,cash_loan,13119,36,549,medium,rejected,0,online_banking,true,71
app_20250128_00002536,2025-01-28 09:04:09,cust_8150014,SESV,mortgage,63409,240,518,medium,approved,63409,partner,true,324
app_20250128_00002537,2025-01-28 21:38:39,cust_2185854,SESV,credit_card,8785,36,610,medium,approved,8785,atm,true,302
app_20250128_00002538,2025-01-28 20:40:30,cust_7535971,PORP,cash_loan,11050,36,535,medium,approved,11050,branch,false,653
app_20250128_00002539,2025-01-28 01:49:51,cust_6744824,NLAM,business_loan,32042,36,770,low,approved,32042,branch,true,601
app_20250128_00002540,2025-01-28 06:26:39,cust_665330,CZPR,auto_loan,15268,72,642,medium,approved,15268,call_center,true,742
app_20250128_00002541,2025-01-28 14:29:28,cust_7187934,PORP,refinance,247668,240,534,medium,rejected,0,call_center,false,56
app_20250128_00002542,2025-01-28 17:21:50,cust_6351319,DEHE,credit_card,26846,12,537,medium,approved,26846,branch,true,431
app_20250128_00002543,2025-01-28 15:37:25,cust_7043267,CZPR,auto_loan,53320,72,646,medium,rejected,0,branch,true,17
app_20250128_00002544,2025-01-28 20:43:48,cust_8998956,SESV,credit_card,15154,12,680,medium,approved,15154,call_center,false,109
app_20250128_00002545,2025-01-28 04:48:20,cust_1704769,NLAM,cash_loan,48301,24,535,medium,rejected,0,branch,true,74
app_20250128_00002546,2025-01-28 14:12:03,cust_2911781,PORP,cash_loan,29994,18,589,medium,approved,29994,branch,true,364
app_20250128_00002547,2025-01-28 12:26:57,cust_7546404,SESV,business_loan,5148,36,723,low,approved,5148,partner,true,694
app_20250128_00002548,2025-01-28 05:16:46,cust_4355145,GRRE,auto_loan,49647,72,704,low,approved,49647,atm,true,698
app_20250128_00002549,2025-01-28 04:20:25,cust_2311533,BENL,personal_loan,26223,30,650,medium,approved,26223,online_banking,false,92
app_20250128_00002550,2025-01-28 12:43:14,cust_7884463,FRID,refinance,389937,180,646,medium,rejected,0,partner,false,47
app_20250128_00002551,2025-01-28 09:08:25,cust_4835857,ITMI,refinance,295649,240,639,medium,rejected,0,online_banking,false,136
app_20250128_00002552,2025-01-28 12:00:40,cust_7890585,FRID,business_loan,33930,48,426,high,rejected,0,web,true,19
app_20250128_00002553,2025-01-28 18:24:28,cust_5901293,ATVI,auto_loan,32362,24,786,low,approved,32362,branch,true,277
app_20250128_00002554,2025-01-28 07:28:56,cust_9842406,ESMA,auto_loan,40575,48,511,medium,approved,40575,web,false,479
app_20250128_00002555,2025-01-28 06:25:26,cust_8071810,ATVI,cash_loan,5811,18,769,low,approved,5811,partner,true,670
app_20250128_00002556,2025-01-28 22:19:58,cust_8907493,AUTR,credit_card,10971,36,518,medium,approved,10971,atm,false,318
app_20250128_00002557,2025-01-28 22:02:11,cust_2617057,PORP,refinance,112826,120,579,medium,rejected,0,atm,true,53
app_20250128_00002558,2025-01-28 04:42:46,cust_5307958,ESMA,personal_loan,11287,12,662,medium,approved,11287,branch,false,812
app_20250128_00002559,2025-01-28 21:11:08,cust_1583212,PORP,refinance,186191,120,525,medium,approved,186191,web,true,489
app_20250128_00002560,2025-01-28 09:56:59,cust_1720812,PLWA,credit_card,13584,12,707,low,approved,13584,web,false,469
app_20250128_00002561,2025-01-28 17:48:35,cust_6756544,CHBE,education_loan,29125,12,622,medium,rejected,0,web,true,9
app_20250128_00002562,2025-01-28 18:25:17,cust_5382454,PLWA,education_loan,9868,60,675,medium,approved,9868,web,false,863
app_20250128_00002563,2025-01-28 08:17:59,cust_4032851,FRID,business_loan,29457,48,705,low,approved,29457,online_banking,true,740
app_20250128_00002564,2025-01-28 11:33:33,cust_7632793,PORP,education_loan,16084,24,603,medium,rejected,0,mobile_app,false,65
app_20250128_00002565,2025-01-28 02:39:48,cust_5569968,ESMA,refinance,429936,120,452,high,rejected,0,branch,true,62
app_20250128_00002566,2025-01-28 10:21:56,cust_7764745,NLAM,refinance,151250,240,549,medium,rejected,0,mobile,false,63
app_20250128_00002567,2025-01-28 21:37:23,cust_1511144,AUTR,personal_loan,8222,30,796,low,approved,8222,call_center,true,36
app_20250128_00002568,2025-01-28 02:37:41,cust_9848497,GRRE,business_loan,25615,36,665,medium,rejected,0,atm,false,109
app_20250128_00002569,2025-01-28 10:36:18,cust_4325659,CZPR,auto_loan,29313,36,701,low,approved,29313,branch,true,890
app_20250128_00002570,2025-01-28 06:51:58,cust_3622985,ATVI,credit_card,4569,48,659,medium,rejected,0,mobile_app,true,64
app_20250128_00002571,2025-01-28 00:52:18,cust_2250596,PORP,credit_card,6556,30,597,medium,approved,6556,partner,false,745
app_20250128_00002572,2025-01-28 11:51:15,cust_2393101,ITMI,mortgage,450189,120,850,low,approved,450189,call_center,true,624
app_20250128_00002573,2025-01-28 14:21:46,cust_9434326,ATVI,business_loan,17124,24,608,medium,approved,17124,branch,false,110
app_20250128_00002574,2025-01-28 14:55:58,cust_6626785,CHBE,mortgage,200241,240,575,medium,rejected,0,atm,false,36
app_20250128_00002575,2025-01-28 06:12:53,cust_1905406,DEHE,education_loan,12869,60,603,medium,approved,12869,mobile,false,666
app_20250128_00002576,2025-01-28 14:54:55,cust_6806303,ITMI,education_loan,17611,24,733,low,rejected,0,web,false,7
app_20250128_00002577,2025-01-28 14:11:35,cust_1363432,CZPR,refinance,315665,120,583,medium,approved,315665,mobile_app,false,547
app_20250128_00002578,2025-01-28 03:37:46,cust_4453237,ATVI,mortgage,85109,240,735,low,approved,85109,call_center,true,327
app_20250128_00002579,2025-01-28 09:54:45,cust_979804,PLWA,business_loan,25756,60,640,medium,approved,25756,branch,true,657
app_20250128_00002580,2025-01-28 10:31:04,cust_6330055,SESV,refinance,198122,240,799,low,approved,198122,web,true,520
app_20250128_00002581,2025-01-28 18:16:10,cust_4658657,ITMI,business_loan,5717,48,710,low,rejected,0,partner,true,153
app_20250128_00002582,2025-01-28 22:38:01,cust_3087595,ESMA,mortgage,476441,180,552,medium,rejected,0,partner,false,64
app_20250128_00002583,2025-01-28 07:18:21,cust_5027965,NLAM,personal_loan,27163,12,822,low,approved,27163,partner,true,362
app_20250128_00002584,2025-01-28 18:45:44,cust_6132926,PLWA,auto_loan,51789,60,579,medium,approved,51789,call_center,true,483
app_20250128_00002585,2025-01-28 07:26:00,cust_621699,NLAM,business_loan,33800,60,733,low,approved,33800,branch,true,201
app_20250128_00002586,2025-01-28 07:41:55,cust_8911572,SESV,cash_loan,23255,30,676,medium,approved,23255,web,false,243
app_20250128_00002587,2025-01-28 17:37:23,cust_1917464,DEHE,business_loan,30416,12,358,high,rejected,0,mobile,false,41
app_20250128_00002588,2025-01-28 03:26:16,cust_2592737,SESV,auto_loan,19378,72,524,medium,rejected,0,web,false,14
app_20250128_00002589,2025-01-28 21:58:54,cust_3154036,NLAM,auto_loan,29849,36,850,low,approved,29849,partner,true,756
app_20250128_00002590,2025-01-28 04:14:14,cust_7075859,BENL,auto_loan,49470,48,602,medium,approved,49470,web,true,648
app_20250128_00002591,2025-01-28 07:24:01,cust_2701313,AUTR,cash_loan,48631,42,644,medium,approved,48631,atm,false,725
app_20250128_00002592,2025-01-28 07:34:36,cust_1455679,SESV,business_loan,25945,36,850,low,approved,25945,mobile,true,441
app_20250128_00002593,2025-01-28 01:17:33,cust_753336,ITMI,business_loan,5123,60,713,low,approved,5123,call_center,true,742
app_20250128_00002594,2025-01-28 11:57:55,cust_4488285,UKLO,mortgage,159382,240,582,medium,rejected,0,branch,false,48
app_20250128_00002595,2025-01-28 14:12:15,cust_1063031,GRRE,personal_loan,3671,12,743,low,approved,3671,partner,true,650
app_20250128_00002596,2025-01-28 23:49:24,cust_7629907,PORP,cash_loan,20386,30,642,medium,approved,20386,call_center,true,111
app_20250128_00002597,2025-01-28 07:56:46,cust_2503022,DEHE,education_loan,36709,24,568,medium,rejected,0,mobile,true,100
app_20250128_00002598,2025-01-28 20:46:44,cust_6380304,PORP,business_loan,22512,60,693,medium,rejected,0,branch,false,45
app_20250128_00002599,2025-01-28 20:24:55,cust_7104599,PORP,credit_card,22084,24,621,medium,rejected,0,partner,false,27
app_20250128_00002600,2025-01-28 09:20:33,cust_5196384,GRRE,credit_card,29889,36,654,medium,rejected,0,mobile_app,true,143
app_20250128_00002601,2025-01-28 18:52:03,cust_8947889,GRRE,credit_card,37115,36,681,medium,approved,37115,partner,false,530
app_20250128_00002602,2025-01-28 00:47:41,cust_2470281,ITMI,cash_loan,37600,24,602,medium,approved,37600,branch,false,114
app_20250128_00002603,2025-01-28 10:40:16,cust_3996318,PLWA,mortgage,410745,180,509,medium,approved,410745,mobile,false,137
app_20250128_00002604,2025-01-28 16:08:48,cust_9944769,SESV,business_loan,36506,36,562,medium,approved,36506,partner,true,398
app_20250128_00002605,2025-01-28 11:31:52,cust_2538561,ATVI,personal_loan,29540,18,627,medium,approved,29540,mobile_app,false,433
app_20250128_00002606,2025-01-28 02:45:40,cust_4181043,CHBE,auto_loan,36447,60,621,medium,approved,36447,mobile,true,522
app_20250128_00002607,2025-01-28 13:01:39,cust_956087,ITMI,business_loan,29379,60,677,medium,approved,29379,atm,false,674
app_20250128_00002608,2025-01-28 16:17:44,cust_8672875,DEHE,business_loan,14685,60,691,medium,approved,14685,mobile,false,235
app_20250128_00002609,2025-01-28 09:16:34,cust_6613620,SESV,credit_card,41547,24,637,medium,approved,41547,partner,true,64
app_20250128_00002610,2025-01-28 20:55:28,cust_2867280,BENL,mortgage,184026,180,827,low,approved,184026,atm,false,656
app_20250128_00002611,2025-01-28 00:35:22,cust_5702729,UKLO,cash_loan,42205,12,675,medium,approved,42205,branch,false,462
app_20250128_00002612,2025-01-28 11:36:32,cust_6213716,CZPR,cash_loan,8924,24,726,low,approved,8924,partner,true,465
app_20250128_00002613,2025-01-28 22:22:59,cust_6397705,DEHE,cash_loan,44923,24,772,low,approved,44923,call_center,true,201
app_20250128_00002614,2025-01-28 03:49:05,cust_6576093,PLWA,auto_loan,32555,60,722,low,approved,32555,online_banking,true,461
app_20250128_00002615,2025-01-28 15:07:47,cust_8400702,GRRE,personal_loan,23392,18,693,medium,approved,23392,branch,false,625
app_20250128_00002616,2025-01-28 03:09:18,cust_4377292,UKLO,education_loan,18013,48,707,low,rejected,0,atm,true,153
app_20250128_00002617,2025-01-28 02:47:42,cust_8733022,ITMI,credit_card,4240,36,643,medium,rejected,0,partner,true,96
app_20250128_00002618,2025-01-28 11:49:11,cust_9784136,ITMI,credit_card,22253,36,534,medium,rejected,0,online_banking,true,104
app_20250128_00002619,2025-01-28 20:29:59,cust_2385346,DEHE,cash_loan,34148,24,403,high,rejected,0,branch,true,39
app_20250128_00002620,2025-01-28 11:25:01,cust_7127349,ATVI,auto_loan,29364,60,736,low,approved,29364,atm,false,715
app_20250128_00002621,2025-01-28 13:18:04,cust_2220012,CHBE,cash_loan,32501,18,617,medium,rejected,0,online_banking,false,40
app_20250128_00002622,2025-01-28 19:59:52,cust_3517280,GRRE,personal_loan,9241,48,802,low,approved,9241,call_center,true,823
app_20250128_00002623,2025-01-28 23:40:49,cust_3436758,PLWA,business_loan,35353,12,543,medium,rejected,0,branch,false,101
app_20250128_00002624,2025-01-28 02:30:26,cust_3065955,GRRE,auto_loan,58747,60,665,medium,approved,58747,mobile,false,357
app_20250128_00002625,2025-01-28 04:23:09,cust_8184714,PORP,mortgage,276746,360,512,medium,rejected,0,atm,true,76
app_20250128_00002626,2025-01-28 11:56:34,cust_8518188,ATVI,education_loan,2503,36,614,medium,approved,2503,partner,false,397
app_20250128_00002627,2025-01-28 17:59:05,cust_6569468,GRRE,refinance,284095,180,608,medium,approved,284095,partner,false,405
app_20250128_00002628,2025-01-28 05:37:41,cust_5828113,SESV,auto_loan,33454,60,749,low,approved,33454,partner,false,157
app_20250128_00002629,2025-01-28 16:29:11,cust_1215357,CHBE,auto_loan,15394,48,640,medium,approved,15394,call_center,false,846
app_20250128_00002630,2025-01-28 17:22:01,cust_8614890,UKLO,business_loan,9636,24,835,low,approved,9636,mobile,true,171
app_20250128_00002631,2025-01-28 02:23:00,cust_7536360,ITMI,cash_loan,14635,48,711,low,approved,14635,online_banking,false,93
app_20250128_00002632,2025-01-28 03:19:22,cust_8401420,BENL,cash_loan,27699,30,627,medium,approved,27699,partner,true,384
app_20250128_00002633,2025-01-28 06:45:24,cust_565636,SESV,refinance,346677,300,655,medium,approved,346677,online_banking,false,547
app_20250128_00002634,2025-01-28 19:50:48,cust_7118900,CZPR,credit_card,28892,12,797,low,approved,28892,call_center,true,730
app_20250128_00002635,2025-01-28 05:43:55,cust_7987381,ATVI,business_loan,3155,60,510,medium,rejected,0,partner,true,99
app_20250128_00002636,2025-01-28 07:08:25,cust_7510109,SESV,cash_loan,26955,30,622,medium,approved,26955,web,false,459
app_20250128_00002637,2025-01-28 05:47:17,cust_4895681,ITMI,personal_loan,47607,12,648,medium,rejected,0,mobile_app,true,147
app_20250128_00002638,2025-01-28 16:20:07,cust_5616033,UKLO,auto_loan,52369,36,726,low,approved,52369,web,false,398
app_20250128_00002639,2025-01-28 06:39:16,cust_4638262,UKLO,personal_loan,6719,18,482,high,rejected,0,call_center,true,124
app_20250128_00002640,2025-01-28 23:48:11,cust_5083894,CZPR,education_loan,31249,36,555,medium,rejected,0,mobile_app,true,175
app_20250128_00002641,2025-01-28 10:18:35,cust_9564371,ESMA,auto_loan,31482,48,646,medium,approved,31482,call_center,true,815
app_20250128_00002642,2025-01-28 19:59:39,cust_4201651,CHBE,credit_card,30789,42,617,medium,approved,30789,call_center,false,810
app_20250128_00002643,2025-01-28 22:56:10,cust_8973344,PORP,refinance,348520,240,751,low,approved,348520,partner,false,98
app_20250128_00002644,2025-01-28 23:43:44,cust_2734522,PLWA,education_loan,35611,12,638,medium,approved,35611,online_banking,false,221
app_20250128_00002645,2025-01-28 11:43:16,cust_2272770,NLAM,mortgage,280384,120,716,low,approved,280384,online_banking,false,198
app_20250128_00002646,2025-01-28 01:15:09,cust_9968634,GRRE,business_loan,39585,60,519,medium,rejected,0,mobile,false,105
app_20250128_00002647,2025-01-28 14:40:32,cust_3732904,PORP,personal_loan,29602,24,630,medium,approved,29602,atm,false,358
app_20250128_00002648,2025-01-28 00:23:12,cust_6429911,NLAM,auto_loan,13454,36,729,low,approved,13454,partner,true,270
app_20250128_00002649,2025-01-28 17:46:10,cust_8003559,FRID,credit_card,40710,12,686,medium,rejected,0,online_banking,true,89
app_20250128_00002650,2025-01-28 06:08:52,cust_8723764,SESV,cash_loan,46858,12,614,medium,rejected,0,branch,false,26
app_20250128_00002651,2025-01-28 05:21:29,cust_2427626,ESMA,cash_loan,33784,36,591,medium,rejected,0,mobile,true,130
app_20250128_00002652,2025-01-28 18:02:08,cust_6952818,CHBE,education_loan,23097,12,557,medium,rejected,0,mobile,true,18
app_20250128_00002653,2025-01-28 18:57:57,cust_315796,ESMA,education_loan,4031,24,646,medium,rejected,0,partner,true,45
app_20250128_00002654,2025-01-28 13:28:12,cust_3775556,CHBE,auto_loan,25194,72,644,medium,approved,25194,partner,false,43
app_20250128_00002655,2025-01-28 21:40:54,cust_7910623,ESMA,credit_card,48434,30,691,medium,approved,48434,atm,true,619
app_20250128_00002656,2025-01-28 17:23:54,cust_2420594,ATVI,credit_card,48967,18,772,low,approved,48967,mobile_app,true,670
app_20250128_00002657,2025-01-28 09:43:50,cust_6354231,DEHE,refinance,496015,300,597,medium,approved,496015,mobile,true,469
app_20250128_00002658,2025-01-28 10:08:47,cust_867558,FRID,credit_card,44839,24,648,medium,approved,44839,online_banking,true,144
app_20250128_00002659,2025-01-28 08:58:26,cust_7066874,ITMI,cash_loan,27486,24,669,medium,approved,27486,branch,false,555
app_20250128_00002660,2025-01-28 02:20:34,cust_9099370,BENL,cash_loan,31872,24,826,low,approved,31872,web,true,589
app_20250128_00002661,2025-01-28 04:27:00,cust_3202499,DEHE,mortgage,170854,360,476,high,rejected,0,branch,true,147
app_20250128_00002662,2025-01-28 02:45:18,cust_8625493,FRID,cash_loan,5911,42,592,medium,approved,5911,mobile_app,true,85
app_20250128_00002663,2025-01-28 23:27:02,cust_6838597,FRID,cash_loan,43635,42,836,low,approved,43635,mobile_app,true,449
app_20250128_00002664,2025-01-28 00:24:35,cust_1299193,UKLO,mortgage,384975,180,591,medium,rejected,0,call_center,true,105
app_20250128_00002665,2025-01-28 12:54:50,cust_7628478,CZPR,cash_loan,33792,30,547,medium,approved,33792,mobile_app,true,632
app_20250128_00002666,2025-01-28 20:45:08,cust_6896361,ESMA,business_loan,37879,36,649,medium,approved,37879,mobile_app,true,257
app_20250128_00002667,2025-01-28 09:33:05,cust_5848754,DEHE,refinance,58509,240,662,medium,approved,58509,online_banking,false,582
app_20250128_00002668,2025-01-28 06:08:14,cust_5329736,AUTR,mortgage,222270,180,686,medium,approved,222270,partner,true,770
app_20250128_00002669,2025-01-28 16:03:20,cust_8864558,DEHE,cash_loan,34450,18,622,medium,approved,34450,partner,true,547
app_20250128_00002670,2025-01-28 11:21:55,cust_3819080,GRRE,cash_loan,21032,36,686,medium,rejected,0,atm,false,135
app_20250128_00002671,2025-01-28 03:29:53,cust_8394211,CZPR,cash_loan,12751,42,674,medium,approved,12751,atm,true,166
app_20250128_00002672,2025-01-28 22:30:32,cust_499903,FRID,education_loan,8207,12,705,low,approved,8207,branch,true,80
app_20250128_00002673,2025-01-28 15:15:28,cust_1243581,NLAM,education_loan,7476,24,492,high,approved,7476,call_center,true,217
app_20250128_00002674,2025-01-28 09:12:08,cust_4432114,NLAM,education_loan,20105,12,629,medium,approved,20105,online_banking,true,263
app_20250128_00002675,2025-01-28 20:57:05,cust_2201237,FRID,cash_loan,48094,12,458,high,rejected,0,call_center,true,28
app_20250128_00002676,2025-01-28 03:18:07,cust_5187760,ATVI,auto_loan,55911,36,521,medium,approved,55911,mobile,false,759
app_20250128_00002677,2025-01-28 21:22:04,cust_9935077,CHBE,auto_loan,20413,36,617,medium,rejected,0,call_center,false,128
app_20250128_00002678,2025-01-28 02:01:01,cust_1873210,DEHE,cash_loan,11442,36,593,medium,approved,11442,online_banking,false,657
app_20250128_00002679,2025-01-28 23:47:38,cust_1618107,FRID,business_loan,5313,48,675,medium,approved,5313,atm,true,896
app_20250128_00002680,2025-01-28 08:30:51,cust_676571,AUTR,personal_loan,21690,48,437,high,rejected,0,branch,false,48
app_20250128_00002681,2025-01-28 04:58:21,cust_8152952,PLWA,cash_loan,18369,42,778,low,rejected,0,online_banking,true,8
app_20250128_00002682,2025-01-28 05:08:25,cust_3871818,CHBE,refinance,419373,360,530,medium,approved,419373,mobile,false,887
app_20250128_00002683,2025-01-28 05:38:49,cust_1136687,CHBE,auto_loan,31103,36,605,medium,approved,31103,branch,true,781
app_20250128_00002684,2025-01-28 07:07:13,cust_3183510,PLWA,education_loan,19865,24,672,medium,approved,19865,partner,true,407
app_20250128_00002685,2025-01-28 13:14:30,cust_8110294,ITMI,refinance,331125,120,706,low,approved,331125,partner,true,586
app_20250128_00002686,2025-01-28 18:28:18,cust_9652901,DEHE,refinance,92500,300,685,medium,rejected,0,web,false,63
app_20250128_00002687,2025-01-28 07:01:42,cust_5558575,DEHE,business_loan,8290,12,818,low,approved,8290,mobile_app,false,816
app_20250128_00002688,2025-01-28 07:40:02,cust_2963615,CZPR,business_loan,29976,12,498,high,rejected,0,atm,false,21
app_20250128_00002689,2025-01-28 21:52:00,cust_6437494,BENL,education_loan,12209,12,594,medium,approved,12209,mobile_app,false,67
app_20250128_00002690,2025-01-28 20:58:59,cust_7891706,BENL,auto_loan,53131,72,793,low,approved,53131,web,true,136
app_20250128_00002691,2025-01-28 14:40:19,cust_8329508,PLWA,refinance,230898,180,716,low,approved,230898,web,false,581
app_20250128_00002692,2025-01-28 23:38:06,cust_7238118,FRID,business_loan,20009,12,651,medium,rejected,0,call_center,true,12
app_20250128_00002693,2025-01-28 02:56:37,cust_1815413,PLWA,refinance,93834,360,691,medium,approved,93834,branch,true,157
app_20250128_00002694,2025-01-28 11:37:48,cust_8865783,PORP,cash_loan,35295,48,567,medium,rejected,0,atm,true,142
app_20250128_00002695,2025-01-28 11:29:40,cust_1707561,ATVI,credit_card,19198,30,486,high,rejected,0,partner,true,35
app_20250128_00002696,2025-01-28 12:39:45,cust_5868606,ITMI,refinance,343644,360,577,medium,rejected,0,branch,true,59
app_20250128_00002697,2025-01-28 02:19:44,cust_8163399,ATVI,refinance,132997,180,682,medium,rejected,0,mobile_app,true,152
app_20250128_00002698,2025-01-28 02:27:04,cust_3952078,FRID,cash_loan,16832,30,740,low,approved,16832,mobile_app,false,58
app_20250128_00002699,2025-01-28 18:38:23,cust_3478302,DEHE,education_loan,5856,36,637,medium,approved,5856,call_center,false,676
app_20250128_00002700,2025-01-28 19:38:07,cust_4081559,PLWA,auto_loan,36882,24,697,medium,approved,36882,branch,true,611
app_20250128_00002701,2025-01-28 08:08:45,cust_5304591,FRID,refinance,439736,180,706,low,approved,439736,online_banking,false,657
app_20250128_00002702,2025-01-28 22:32:06,cust_2453120,PLWA,auto_loan,34797,60,618,medium,approved,34797,online_banking,true,877
app_20250128_00002703,2025-01-28 12:19:13,cust_2790013,CZPR,refinance,329580,240,598,medium,rejected,0,mobile,false,145
app_20250128_00002704,2025-01-28 05:15:24,cust_7928452,DEHE,cash_loan,14565,12,707,low,approved,14565,call_center,true,545
app_20250128_00002705,2025-01-28 18:02:37,cust_9261849,FRID,cash_loan,2781,12,601,medium,approved,2781,call_center,true,119
app_20250128_00002706,2025-01-28 05:27:55,cust_1588030,ESMA,refinance,134729,180,589,medium,approved,134729,call_center,true,703
app_20250128_00002707,2025-01-28 04:01:22,cust_2662679,ITMI,auto_loan,28554,60,761,low,rejected,0,branch,true,82
app_20250128_00002708,2025-01-28 14:25:13,cust_1305120,AUTR,mortgage,491377,240,469,high,rejected,0,atm,true,25
app_20250128_00002709,2025-01-28 02:40:16,cust_6316117,UKLO,personal_loan,22828,24,678,medium,approved,22828,partner,false,217
app_20250128_00002710,2025-01-28 23:35:18,cust_9688207,BENL,refinance,440937,240,661,medium,approved,440937,online_banking,false,391
app_20250128_00002711,2025-01-28 15:40:03,cust_6428214,PORP,refinance,237254,360,675,medium,approved,237254,mobile_app,false,407
app_20250128_00002712,2025-01-28 21:25:16,cust_4962208,ESMA,education_loan,21077,24,716,low,approved,21077,branch,false,700
app_20250128_00002713,2025-01-28 07:57:29,cust_3661563,UKLO,mortgage,77093,360,651,medium,rejected,0,online_banking,false,163
app_20250128_00002714,2025-01-28 08:20:37,cust_9712591,PORP,credit_card,33508,30,698,medium,rejected,0,mobile,false,93
app_20250128_00002715,2025-01-28 21:51:24,cust_496589,PORP,cash_loan,49087,48,777,low,approved,49087,mobile_app,true,717
app_20250128_00002716,2025-01-28 14:00:30,cust_8805117,ATVI,auto_loan,52087,48,549,medium,approved,52087,branch,true,327
app_20250128_00002717,2025-01-28 02:28:28,cust_6696785,AUTR,cash_loan,3155,42,681,medium,approved,3155,call_center,true,52
app_20250128_00002718,2025-01-28 09:45:45,cust_3194185,CHBE,cash_loan,23980,24,645,medium,rejected,0,web,true,53
app_20250128_00002719,2025-01-28 06:18:38,cust_5914037,NLAM,refinance,177924,360,835,low,approved,177924,atm,true,355
app_20250128_00002720,2025-01-28 04:33:08,cust_7651644,ATVI,refinance,482035,240,850,low,approved,482035,online_banking,true,716
app_20250128_00002721,2025-01-28 12:30:32,cust_7011690,SESV,auto_loan,6707,72,641,medium,approved,6707,online_banking,true,436
app_20250128_00002722,2025-01-28 18:18:00,cust_308406,BENL,education_loan,14683,24,847,low,approved,14683,atm,false,126
app_20250128_00002723,2025-01-28 08:07:32,cust_4373668,ITMI,business_loan,39093,36,651,medium,rejected,0,atm,false,130
app_20250128_00002724,2025-01-28 17:21:21,cust_7796580,NLAM,auto_loan,28255,48,650,medium,rejected,0,mobile_app,false,133
app_20250128_00002725,2025-01-28 11:29:02,cust_9975251,ITMI,personal_loan,22459,42,597,medium,rejected,0,web,true,152
app_20250128_00002726,2025-01-28 22:26:47,cust_3150818,ATVI,refinance,313023,180,763,low,approved,313023,web,false,398
app_20250128_00002727,2025-01-28 07:04:09,cust_4574608,PLWA,education_loan,35695,24,577,medium,approved,35695,online_banking,true,66
app_20250128_00002728,2025-01-28 16:35:09,cust_8671123,CZPR,personal_loan,28876,48,729,low,approved,28876,web,true,556
app_20250128_00002729,2025-01-28 20:16:44,cust_7833914,ESMA,cash_loan,48305,18,812,low,approved,48305,online_banking,false,819
app_20250128_00002730,2025-01-28 19:09:36,cust_3548168,SESV,business_loan,23395,36,516,medium,approved,23395,web,false,82
app_20250128_00002731,2025-01-28 19:00:38,cust_4499143,NLAM,mortgage,435182,360,542,medium,approved,435182,call_center,false,392
app_20250128_00002732,2025-01-28 20:42:58,cust_4636557,PORP,auto_loan,17776,60,772,low,approved,17776,mobile,false,128
app_20250128_00002733,2025-01-28 17:43:14,cust_8403379,AUTR,education_loan,7496,60,353,high,rejected,0,atm,false,22
app_20250128_00002734,2025-01-28 18:12:48,cust_4312870,PORP,cash_loan,21290,18,772,low,approved,21290,branch,true,40
app_20250128_00002735,2025-01-28 02:53:54,cust_1656501,ITMI,business_loan,13547,48,842,low,approved,13547,web,false,88
app_20250128_00002736,2025-01-28 05:18:36,cust_6075259,SESV,credit_card,41242,36,632,medium,approved,41242,atm,true,549
app_20250128_00002737,2025-01-28 19:43:04,cust_1043310,CHBE,education_loan,39682,48,750,low,approved,39682,mobile_app,true,656
app_20250128_00002738,2025-01-28 21:26:18,cust_6216848,NLAM,education_loan,24730,24,609,medium,approved,24730,web,true,536
app_20250128_00002739,2025-01-28 05:19:44,cust_9426931,PLWA,business_loan,32609,24,789,low,approved,32609,partner,false,106
app_20250128_00002740,2025-01-28 16:45:34,cust_9097535,ATVI,business_loan,31771,60,655,medium,approved,31771,mobile_app,true,401
app_20250128_00002741,2025-01-28 11:33:03,cust_9545523,ITMI,mortgage,208429,180,544,medium,rejected,0,call_center,true,149
app_20250128_00002742,2025-01-28 01:24:36,cust_4656564,ITMI,auto_loan,6930,24,482,high,rejected,0,web,true,92
app_20250128_00002743,2025-01-28 17:47:31,cust_176063,ITMI,refinance,395318,300,848,low,approved,395318,call_center,false,93
app_20250128_00002744,2025-01-28 16:06:16,cust_5710645,NLAM,education_loan,26998,12,538,medium,rejected,0,mobile,true,37
app_20250128_00002745,2025-01-28 03:21:13,cust_6724765,NLAM,personal_loan,30507,24,673,medium,approved,30507,web,true,787
app_20250128_00002746,2025-01-28 11:51:25,cust_3562113,SESV,business_loan,11658,60,471,high,rejected,0,branch,true,12
app_20250128_00002747,2025-01-28 10:28:13,cust_1031016,GRRE,auto_loan,39026,24,512,medium,approved,39026,mobile,true,437
app_20250128_00002748,2025-01-28 10:56:33,cust_5038840,AUTR,education_loan,2058,12,582,medium,rejected,0,branch,false,27
app_20250128_00002749,2025-01-28 01:37:30,cust_1432395,PLWA,personal_loan,21869,42,705,low,rejected,0,mobile_app,false,85
app_20250128_00002750,2025-01-28 08:52:49,cust_6566668,ITMI,education_loan,39779,60,580,medium,approved,39779,mobile_app,true,815
app_20250128_00002751,2025-01-28 12:45:56,cust_5293582,BENL,mortgage,401268,240,597,medium,rejected,0,web,false,9
app_20250128_00002752,2025-01-28 01:20:38,cust_2951649,PORP,mortgage,319338,240,802,low,approved,319338,mobile_app,false,184
app_20250128_00002753,2025-01-28 18:50:22,cust_6115340,FRID,personal_loan,43896,30,616,medium,approved,43896,mobile,true,711
app_20250128_00002754,2025-01-28 15:25:23,cust_5633024,FRID,mortgage,396267,240,533,medium,rejected,0,web,true,112
app_20250128_00002755,2025-01-28 22:00:34,cust_8108133,PORP,business_loan,9434,48,815,low,approved,9434,atm,true,569
app_20250128_00002756,2025-01-28 01:08:39,cust_3951751,DEHE,mortgage,275871,360,850,low,approved,275871,online_banking,false,227
app_20250128_00002757,2025-01-28 04:13:30,cust_7056760,PLWA,personal_loan,19410,30,667,medium,approved,19410,atm,true,844
app_20250128_00002758,2025-01-28 16:52:45,cust_7248471,PLWA,mortgage,329401,300,640,medium,approved,329401,mobile,true,255
app_20250128_00002759,2025-01-28 04:16:00,cust_4421189,DEHE,auto_loan,24053,48,728,low,approved,24053,mobile,true,800
app_20250128_00002760,2025-01-28 08:40:47,cust_6932022,NLAM,business_loan,20964,48,725,low,approved,20964,atm,false,341
app_20250128_00002761,2025-01-28 07:29:51,cust_5093910,ITMI,personal_loan,21264,36,850,low,approved,21264,atm,true,714
app_20250128_00002762,2025-01-28 17:45:07,cust_6091268,UKLO,education_loan,35780,36,799,low,approved,35780,call_center,true,314
app_20250128_00002763,2025-01-28 15:58:35,cust_5516833,SESV,refinance,114568,240,474,high,rejected,0,web,true,73
app_20250128_00002764,2025-01-28 11:11:18,cust_5009610,PLWA,refinance,417220,240,677,medium,rejected,0,call_center,false,12
app_20250128_00002765,2025-01-28 10:02:08,cust_9623267,SESV,refinance,331933,360,668,medium,approved,331933,call_center,false,568
app_20250128_00002766,2025-01-28 00:42:15,cust_7238762,ITMI,personal_loan,15565,18,730,low,approved,15565,atm,true,204
app_20250128_00002767,2025-01-28 16:18:30,cust_4692648,AUTR,mortgage,401639,360,850,low,approved,401639,partner,true,288
app_20250128_00002768,2025-01-28 02:13:05,cust_7528477,DEHE,personal_loan,36721,12,584,medium,rejected,0,web,false,117
app_20250128_00002769,2025-01-28 16:51:14,cust_8460447,BENL,cash_loan,44728,42,492,high,rejected,0,partner,true,98
app_20250128_00002770,2025-01-28 00:14:08,cust_1206036,CHBE,personal_loan,49691,24,647,medium,rejected,0,mobile,true,164
app_20250128_00002771,2025-01-28 23:56:23,cust_1486477,FRID,education_loan,29122,12,736,low,approved,29122,online_banking,false,772
app_20250128_00002772,2025-01-28 14:36:53,cust_4721844,SESV,auto_loan,59205,24,685,medium,approved,59205,mobile_app,false,849
app_20250128_00002773,2025-01-28 10:35:34,cust_5575704,ATVI,mortgage,406797,180,568,medium,approved,406797,call_center,false,859
app_20250128_00002774,2025-01-28 03:24:32,cust_2977675,PLWA,auto_loan,31015,36,572,medium,approved,31015,call_center,true,762
app_20250128_00002775,2025-01-28 06:41:53,cust_6807599,FRID,credit_card,45264,18,768,low,approved,45264,web,false,663
app_20250128_00002776,2025-01-28 11:28:49,cust_235433,ITMI,personal_loan,11888,36,714,low,approved,11888,online_banking,false,68
app_20250128_00002777,2025-01-28 11:26:34,cust_2524796,CHBE,refinance,364485,120,690,medium,approved,364485,branch,true,741
app_20250128_00002778,2025-01-28 20:31:15,cust_3134531,PLWA,cash_loan,39617,12,707,low,approved,39617,call_center,true,862
app_20250128_00002779,2025-01-28 00:19:36,cust_122738,ATVI,education_loan,28671,36,750,low,approved,28671,web,false,539
app_20250128_00002780,2025-01-28 09:28:47,cust_300259,UKLO,refinance,475398,300,672,medium,rejected,0,web,false,43
app_20250128_00002781,2025-01-28 01:38:39,cust_1717791,DEHE,personal_loan,46642,48,620,medium,approved,46642,branch,false,389
app_20250128_00002782,2025-01-28 10:24:45,cust_6661698,GRRE,auto_loan,55397,60,629,medium,approved,55397,atm,true,725
app_20250128_00002783,2025-01-28 18:17:52,cust_6584115,CHBE,personal_loan,16176,24,702,low,approved,16176,mobile,false,202
app_20250128_00002784,2025-01-28 05:53:28,cust_1551242,DEHE,credit_card,47825,12,639,medium,rejected,0,mobile,false,113
app_20250128_00002785,2025-01-28 14:56:07,cust_7809949,AUTR,cash_loan,47217,42,700,low,rejected,0,online_banking,true,71
app_20250128_00002786,2025-01-28 10:47:43,cust_7881198,CZPR,refinance,499571,180,739,low,approved,499571,branch,false,413
app_20250128_00002787,2025-01-28 14:12:09,cust_3914441,UKLO,personal_loan,17090,30,592,medium,rejected,0,mobile_app,true,56
app_20250128_00002788,2025-01-28 11:05:38,cust_9522576,CZPR,credit_card,9801,36,694,medium,rejected,0,branch,true,126
app_20250128_00002789,2025-01-28 22:31:18,cust_5533235,SESV,auto_loan,21778,36,584,medium,approved,21778,call_center,true,894
app_20250128_00002790,2025-01-28 20:13:32,cust_3823720,ITMI,education_loan,27715,36,688,medium,rejected,0,atm,false,129
app_20250128_00002791,2025-01-28 17:04:44,cust_164869,GRRE,cash_loan,22981,42,705,low,approved,22981,mobile,true,841
app_20250128_00002792,2025-01-28 20:20:57,cust_3197188,ESMA,personal_loan,25047,24,759,low,approved,25047,atm,true,765
app_20250128_00002793,2025-01-28 00:26:21,cust_2701617,AUTR,business_loan,10824,24,527,medium,rejected,0,online_banking,false,41
app_20250128_00002794,2025-01-28 02:20:58,cust_9196666,PORP,education_loan,25786,60,661,medium,approved,25786,mobile,false,263
app_20250128_00002795,2025-01-28 05:35:04,cust_4053975,BENL,education_loan,26595,36,759,low,approved,26595,branch,true,212
app_20250128_00002796,2025-01-28 12:13:57,cust_1564759,ESMA,mortgage,419210,300,634,medium,approved,419210,web,true,351
app_20250128_00002797,2025-01-28 12:22:46,cust_2386912,SESV,auto_loan,12094,60,706,low,approved,12094,mobile,false,677
app_20250128_00002798,2025-01-28 03:20:46,cust_8160465,NLAM,education_loan,13219,36,556,medium,approved,13219,atm,true,604
app_20250128_00002799,2025-01-28 08:47:13,cust_6705410,FRID,cash_loan,10872,12,736,low,approved,10872,web,true,122
app_20250128_00002800,2025-01-28 10:40:41,cust_878991,GRRE,auto_loan,45231,72,626,medium,approved,45231,partner,true,130
app_20250128_00002801,2025-01-28 21:52:19,cust_6730751,SESV,business_loan,2142,48,643,medium,approved,2142,partner,false,287
app_20250128_00002802,2025-01-28 08:48:11,cust_8079538,FRID,personal_loan,9775,18,655,medium,rejected,0,web,true,17
app_20250128_00002803,2025-01-28 21:29:51,cust_2049608,UKLO,cash_loan,48906,30,727,low,approved,48906,atm,false,46
app_20250128_00002804,2025-01-28 18:30:22,cust_1184835,SESV,cash_loan,1481,48,535,medium,approved,1481,mobile,false,509
app_20250128_00002805,2025-01-28 18:33:13,cust_6689283,CHBE,education_loan,18617,12,669,medium,approved,18617,mobile_app,false,516
app_20250128_00002806,2025-01-28 11:52:49,cust_2761002,AUTR,cash_loan,8888,18,582,medium,approved,8888,partner,true,887
app_20250128_00002807,2025-01-28 22:47:54,cust_1625258,PORP,business_loan,26140,24,581,medium,rejected,0,branch,false,14
app_20250128_00002808,2025-01-28 08:18:27,cust_9948261,PLWA,auto_loan,19612,24,586,medium,rejected,0,partner,false,136
app_20250128_00002809,2025-01-28 22:29:37,cust_1627381,DEHE,education_loan,15846,36,745,low,approved,15846,online_banking,false,829
app_20250128_00002810,2025-01-28 00:39:57,cust_984832,BENL,refinance,86149,300,667,medium,rejected,0,mobile,false,49
app_20250128_00002811,2025-01-28 20:42:01,cust_3805235,FRID,refinance,126550,240,570,medium,rejected,0,partner,true,37
app_20250128_00002812,2025-01-28 14:30:30,cust_1908901,GRRE,mortgage,104143,360,698,medium,approved,104143,mobile,false,342
app_20250128_00002813,2025-01-28 20:38:20,cust_4595366,DEHE,cash_loan,30637,42,664,medium,approved,30637,call_center,true,279
app_20250128_00002814,2025-01-28 03:48:38,cust_6612867,BENL,auto_loan,38914,60,616,medium,rejected,0,online_banking,true,98
app_20250128_00002815,2025-01-28 20:24:44,cust_8487417,ATVI,cash_loan,6354,18,465,high,approved,6354,web,true,50
app_20250128_00002816,2025-01-28 18:14:47,cust_4924529,ITMI,personal_loan,10437,24,596,medium,rejected,0,partner,true,171
app_20250128_00002817,2025-01-28 21:13:59,cust_9716316,CHBE,mortgage,77592,360,705,low,approved,77592,call_center,false,760
app_20250128_00002818,2025-01-28 20:45:04,cust_2790236,ITMI,education_loan,27584,60,709,low,approved,27584,mobile_app,false,747
app_20250128_00002819,2025-01-28 11:00:53,cust_9347949,GRRE,personal_loan,19406,18,503,medium,rejected,0,branch,true,87
app_20250128_00002820,2025-01-28 08:45:40,cust_3524340,ESMA,mortgage,166183,300,498,high,approved,166183,web,true,896
app_20250128_00002821,2025-01-28 07:33:14,cust_268321,ESMA,refinance,305923,180,587,medium,approved,305923,mobile_app,true,799
app_20250128_00002822,2025-01-28 21:53:31,cust_7260895,CHBE,personal_loan,29687,48,600,medium,rejected,0,call_center,true,114
app_20250128_00002823,2025-01-28 10:01:26,cust_3811063,NLAM,credit_card,47300,42,736,low,approved,47300,partner,false,402
app_20250128_00002824,2025-01-28 04:33:07,cust_3920442,FRID,business_loan,36096,24,655,medium,approved,36096,online_banking,true,594
app_20250128_00002825,2025-01-28 15:13:18,cust_6908997,FRID,cash_loan,31718,42,676,medium,approved,31718,mobile_app,true,348
app_20250128_00002826,2025-01-28 20:21:10,cust_5368905,AUTR,cash_loan,35303,18,762,low,approved,35303,partner,false,819
app_20250128_00002827,2025-01-28 14:07:32,cust_1463480,ATVI,cash_loan,25513,24,621,medium,rejected,0,call_center,true,152
app_20250128_00002828,2025-01-28 18:33:52,cust_8599323,ATVI,personal_loan,28071,36,685,medium,approved,28071,branch,false,768
app_20250128_00002829,2025-01-28 01:20:17,cust_2489411,ESMA,auto_loan,7263,48,760,low,approved,7263,mobile_app,true,242
app_20250128_00002830,2025-01-28 00:59:25,cust_5634336,AUTR,auto_loan,47508,72,566,medium,rejected,0,web,false,14
app_20250128_00002831,2025-01-28 08:30:39,cust_3156434,PLWA,refinance,479949,360,549,medium,rejected,0,mobile_app,true,159
app_20250128_00002832,2025-01-28 10:04:53,cust_8385955,PLWA,education_loan,11950,48,697,medium,approved,11950,web,true,851
app_20250128_00002833,2025-01-28 06:23:58,cust_3719502,FRID,auto_loan,18649,60,560,medium,rejected,0,call_center,true,180
app_20250128_00002834,2025-01-28 02:12:12,cust_2586782,DEHE,refinance,344221,180,650,medium,rejected,0,online_banking,true,94
app_20250128_00002835,2025-01-28 12:00:11,cust_4591313,NLAM,credit_card,34109,48,608,medium,rejected,0,branch,false,134
app_20250128_00002836,2025-01-28 00:48:08,cust_3946584,ITMI,mortgage,216144,240,552,medium,rejected,0,atm,false,74
app_20250128_00002837,2025-01-28 12:38:58,cust_7485220,NLAM,refinance,204900,120,583,medium,approved,204900,web,true,789
app_20250128_00002838,2025-01-28 20:34:58,cust_4667785,SESV,credit_card,8982,42,652,medium,approved,8982,atm,true,232
app_20250128_00002839,2025-01-28 06:28:12,cust_5255669,PORP,business_loan,5722,24,613,medium,approved,5722,atm,true,387
app_20250128_00002840,2025-01-28 13:06:05,cust_4935793,GRRE,education_loan,34548,60,731,low,approved,34548,branch,true,810
app_20250128_00002841,2025-01-28 22:16:41,cust_8624524,PORP,refinance,263847,240,612,medium,approved,263847,online_banking,false,751
app_20250128_00002842,2025-01-28 17:47:23,cust_4420094,FRID,education_loan,16744,48,621,medium,approved,16744,branch,true,62
app_20250128_00002843,2025-01-28 04:01:01,cust_4354016,PLWA,refinance,443426,180,577,medium,approved,443426,web,false,417
app_20250128_00002844,2025-01-28 03:38:49,cust_1512563,ITMI,cash_loan,30753,18,828,low,approved,30753,call_center,false,470
app_20250128_00002845,2025-01-28 04:37:10,cust_4186475,ATVI,cash_loan,46047,12,606,medium,approved,46047,mobile_app,false,858
app_20250128_00002846,2025-01-28 07:12:17,cust_369360,GRRE,personal_loan,3700,24,708,low,approved,3700,call_center,true,843
app_20250128_00002847,2025-01-28 14:26:35,cust_8480612,ESMA,mortgage,208710,240,556,medium,rejected,0,online_banking,false,134
app_20250128_00002848,2025-01-28 10:28:35,cust_1975607,NLAM,business_loan,23618,60,756,low,approved,23618,web,false,451
app_20250128_00002849,2025-01-28 11:06:01,cust_1295340,BENL,business_loan,6398,36,472,high,rejected,0,online_banking,false,37
app_20250128_00002850,2025-01-28 04:49:55,cust_7999447,ATVI,business_loan,21839,60,608,medium,approved,21839,mobile_app,true,454
app_20250128_00002851,2025-01-28 14:17:04,cust_9429079,PLWA,education_loan,15319,24,545,medium,rejected,0,mobile_app,true,60
app_20250128_00002852,2025-01-28 11:45:43,cust_5542743,DEHE,cash_loan,32567,42,522,medium,approved,32567,partner,true,319
app_20250128_00002853,2025-01-28 03:01:48,cust_2994118,ITMI,business_loan,30243,60,503,medium,rejected,0,mobile,false,148
app_20250128_00002854,2025-01-28 06:51:18,cust_8468119,BENL,education_loan,26890,48,506,medium,approved,26890,atm,false,178
app_20250128_00002855,2025-01-28 02:34:07,cust_4760002,BENL,mortgage,73294,240,593,medium,approved,73294,web,false,777
app_20250128_00002856,2025-01-28 08:31:24,cust_7287729,ATVI,personal_loan,35612,18,770,low,approved,35612,call_center,false,439
app_20250128_00002857,2025-01-28 07:21:09,cust_2240714,UKLO,business_loan,22875,12,650,medium,approved,22875,partner,false,39
app_20250128_00002858,2025-01-28 15:16:52,cust_875656,UKLO,cash_loan,42782,48,762,low,approved,42782,partner,true,490
app_20250128_00002859,2025-01-28 10:47:37,cust_1409115,DEHE,mortgage,314084,300,590,medium,approved,314084,partner,false,93
app_20250128_00002860,2025-01-28 13:47:37,cust_2723266,PLWA,personal_loan,18096,36,567,medium,rejected,0,branch,false,178
app_20250128_00002861,2025-01-28 13:15:02,cust_1172077,ITMI,personal_loan,16450,12,537,medium,rejected,0,mobile,false,57
app_20250128_00002862,2025-01-28 20:46:43,cust_4263871,UKLO,auto_loan,42460,24,634,medium,approved,42460,branch,false,719
app_20250128_00002863,2025-01-28 04:54:59,cust_3240753,BENL,credit_card,43904,36,679,medium,approved,43904,mobile_app,true,259
app_20250128_00002864,2025-01-28 18:23:29,cust_8405682,CZPR,mortgage,392002,240,620,medium,rejected,0,web,true,158
app_20250128_00002865,2025-01-28 02:21:12,cust_9357620,BENL,education_loan,3951,36,616,medium,approved,3951,branch,false,457
app_20250128_00002866,2025-01-28 17:23:00,cust_2071970,UKLO,cash_loan,11180,42,850,low,approved,11180,partner,true,887
app_20250128_00002867,2025-01-28 13:20:34,cust_3815679,CHBE,mortgage,109346,300,573,medium,rejected,0,online_banking,true,144
app_20250128_00002868,2025-01-28 09:45:00,cust_1431355,GRRE,credit_card,26849,18,667,medium,rejected,0,partner,true,49
app_20250128_00002869,2025-01-28 22:12:34,cust_544687,CZPR,credit_card,28467,48,658,medium,rejected,0,branch,true,70
app_20250128_00002870,2025-01-28 14:45:55,cust_2447468,SESV,personal_loan,11598,12,555,medium,rejected,0,mobile_app,false,59
app_20250128_00002871,2025-01-28 02:51:34,cust_9578802,AUTR,personal_loan,5051,42,660,medium,approved,5051,mobile_app,false,474
app_20250128_00002872,2025-01-28 19:20:34,cust_524450,FRID,education_loan,4379,48,736,low,approved,4379,online_banking,true,357
app_20250128_00002873,2025-01-28 19:08:46,cust_7330152,CZPR,mortgage,62823,360,543,medium,approved,62823,branch,false,148
app_20250128_00002874,2025-01-28 17:22:02,cust_5414201,CZPR,cash_loan,13185,12,718,low,approved,13185,partner,false,543
app_20250128_00002875,2025-01-28 23:35:51,cust_1953617,AUTR,personal_loan,15660,24,551,medium,rejected,0,partner,false,89
app_20250128_00002876,2025-01-28 04:07:53,cust_4374486,SESV,credit_card,35253,30,550,medium,approved,35253,atm,false,52
app_20250128_00002877,2025-01-28 08:50:22,cust_3484491,PLWA,credit_card,45730,18,547,medium,rejected,0,branch,true,128
app_20250128_00002878,2025-01-28 16:00:37,cust_5404952,DEHE,refinance,139589,180,600,medium,rejected,0,atm,true,15
app_20250128_00002879,2025-01-28 12:10:27,cust_2570561,DEHE,education_loan,34383,24,764,low,approved,34383,web,true,149
app_20250128_00002880,2025-01-28 15:23:16,cust_6309293,PORP,mortgage,409602,360,716,low,approved,409602,branch,true,591
app_20250128_00002881,2025-01-28 12:19:42,cust_2451241,SESV,education_loan,33739,12,478,high,rejected,0,mobile,true,108
app_20250128_00002882,2025-01-28 08:37:40,cust_4937361,FRID,personal_loan,49384,30,850,low,approved,49384,web,false,450
app_20250128_00002883,2025-01-28 04:18:49,cust_2823131,FRID,cash_loan,37468,42,741,low,approved,37468,online_banking,false,395
app_20250128_00002884,2025-01-28 18:33:56,cust_3707373,CHBE,cash_loan,41258,18,591,medium,rejected,0,atm,false,40
app_20250128_00002885,2025-01-28 13:56:09,cust_2635136,UKLO,business_loan,29773,60,640,medium,approved,29773,mobile_app,true,428
app_20250128_00002886,2025-01-28 06:39:22,cust_8010327,PLWA,education_loan,23856,60,490,high,rejected,0,partner,false,90
app_20250128_00002887,2025-01-28 00:40:37,cust_4130688,GRRE,credit_card,39616,24,705,low,approved,39616,online_banking,false,134
app_20250128_00002888,2025-01-28 11:14:38,cust_2387990,UKLO,auto_loan,19512,60,589,medium,rejected,0,mobile,false,159
app_20250128_00002889,2025-01-28 21:33:08,cust_1437168,PORP,auto_loan,8816,36,604,medium,rejected,0,mobile,true,35
app_20250128_00002890,2025-01-28 12:21:34,cust_3045336,DEHE,mortgage,201795,120,583,medium,rejected,0,branch,true,57
app_20250128_00002891,2025-01-28 19:56:21,cust_2677501,BENL,mortgage,127938,360,613,medium,approved,127938,online_banking,false,81
app_20250128_00002892,2025-01-28 00:14:53,cust_7628775,FRID,personal_loan,34468,24,609,medium,rejected,0,online_banking,true,40
app_20250128_00002893,2025-01-28 11:38:24,cust_1733789,GRRE,business_loan,22826,12,690,medium,approved,22826,web,true,490
app_20250128_00002894,2025-01-28 10:02:03,cust_6991388,ATVI,refinance,120714,360,710,low,approved,120714,mobile,true,457
app_20250128_00002895,2025-01-28 10:43:52,cust_8487361,BENL,mortgage,442793,300,628,medium,approved,442793,branch,true,246
app_20250128_00002896,2025-01-28 07:23:11,cust_2240729,CZPR,credit_card,9920,42,545,medium,rejected,0,branch,true,156
app_20250128_00002897,2025-01-28 16:38:28,cust_7119869,UKLO,refinance,165332,120,683,medium,approved,165332,atm,true,344
app_20250128_00002898,2025-01-28 07:21:07,cust_6035241,ITMI,credit_card,41571,48,501,medium,rejected,0,online_banking,true,15
app_20250128_00002899,2025-01-28 18:20:13,cust_8003662,FRID,mortgage,471259,300,642,medium,rejected,0,atm,false,27
app_20250128_00002900,2025-01-28 07:48:24,cust_9173586,PORP,credit_card,26315,42,596,medium,approved,26315,atm,true,365
app_20250128_00002901,2025-01-28 17:25:15,cust_9442406,FRID,mortgage,329992,120,593,medium,rejected,0,online_banking,false,126
app_20250128_00002902,2025-01-28 08:25:57,cust_766455,ITMI,mortgage,265789,300,624,medium,approved,265789,web,true,896
app_20250128_00002903,2025-01-28 05:45:09,cust_5187363,NLAM,refinance,116384,120,520,medium,rejected,0,online_banking,true,76
app_20250128_00002904,2025-01-28 18:09:20,cust_7591342,DEHE,credit_card,22172,18,634,medium,rejected,0,mobile,true,78
app_20250128_00002905,2025-01-28 08:08:44,cust_6623135,PORP,auto_loan,45723,24,768,low,approved,45723,atm,true,281
app_20250128_00002906,2025-01-28 02:22:38,cust_5414555,ATVI,cash_loan,17760,18,582,medium,approved,17760,mobile_app,true,510
app_20250128_00002907,2025-01-28 07:54:57,cust_7371463,UKLO,cash_loan,42774,18,682,medium,approved,42774,call_center,false,278
app_20250128_00002908,2025-01-28 09:47:34,cust_3879778,PLWA,cash_loan,10646,36,741,low,approved,10646,call_center,true,525
app_20250128_00002909,2025-01-28 11:01:18,cust_7900290,BENL,mortgage,363506,120,573,medium,approved,363506,partner,false,687
app_20250128_00002910,2025-01-28 00:51:00,cust_4290610,CHBE,business_loan,11586,24,604,medium,rejected,0,mobile_app,false,128
app_20250128_00002911,2025-01-28 17:37:28,cust_9886569,BENL,cash_loan,8514,30,675,medium,approved,8514,web,false,467
app_20250128_00002912,2025-01-28 16:38:57,cust_1335031,ITMI,credit_card,25913,36,719,low,approved,25913,mobile_app,true,675
app_20250128_00002913,2025-01-28 08:57:54,cust_5853857,ITMI,auto_loan,30732,24,372,high,rejected,0,online_banking,true,142
app_20250128_00002914,2025-01-28 22:51:06,cust_8993293,DEHE,education_loan,19000,48,525,medium,approved,19000,mobile_app,false,70
app_20250128_00002915,2025-01-28 21:15:56,cust_536695,CHBE,mortgage,245266,120,536,medium,rejected,0,atm,false,15
app_20250128_00002916,2025-01-28 17:24:08,cust_7914309,FRID,business_loan,38372,24,598,medium,approved,38372,call_center,false,474
app_20250128_00002917,2025-01-28 23:59:11,cust_3492161,AUTR,business_loan,13104,12,720,low,approved,13104,branch,false,785
app_20250128_00002918,2025-01-28 16:47:51,cust_5668552,BENL,auto_loan,6728,60,506,medium,rejected,0,online_banking,false,36
app_20250128_00002919,2025-01-28 01:31:09,cust_1015792,ESMA,business_loan,33379,36,482,high,rejected,0,call_center,false,93
app_20250128_00002920,2025-01-28 19:04:15,cust_6339655,ATVI,auto_loan,9967,60,665,medium,approved,9967,mobile,true,782
app_20250128_00002921,2025-01-28 00:21:44,cust_2886231,SESV,personal_loan,22937,12,571,medium,rejected,0,web,false,41
app_20250128_00002922,2025-01-28 04:32:23,cust_3956267,NLAM,cash_loan,34208,12,850,low,approved,34208,atm,false,48
app_20250128_00002923,2025-01-28 04:22:12,cust_6914721,BENL,cash_loan,44189,48,521,medium,rejected,0,mobile_app,true,100
app_20250128_00002924,2025-01-28 10:41:53,cust_7943300,ATVI,refinance,200651,360,496,high,rejected,0,branch,false,144
app_20250128_00002925,2025-01-28 18:54:19,cust_845971,NLAM,mortgage,92969,180,596,medium,approved,92969,online_banking,true,153
app_20250128_00002926,2025-01-28 06:20:49,cust_5084407,ATVI,credit_card,46633,36,555,medium,rejected,0,web,true,124
app_20250128_00002927,2025-01-28 15:18:35,cust_5638497,UKLO,auto_loan,51515,60,662,medium,approved,51515,web,true,857
app_20250128_00002928,2025-01-28 09:25:55,cust_1234787,NLAM,refinance,474238,180,374,high,rejected,0,mobile,false,92
app_20250128_00002929,2025-01-28 09:56:49,cust_3236189,ATVI,credit_card,30526,24,634,medium,approved,30526,online_banking,false,621
app_20250128_00002930,2025-01-28 14:58:32,cust_3962070,ATVI,refinance,279723,180,572,medium,rejected,0,mobile_app,false,36
app_20250128_00002931,2025-01-28 21:19:24,cust_6933415,BENL,credit_card,4703,30,560,medium,rejected,0,call_center,false,172
app_20250128_00002932,2025-01-28 19:40:36,cust_6351514,FRID,cash_loan,30712,36,654,medium,approved,30712,mobile_app,false,103
app_20250128_00002933,2025-01-28 18:52:10,cust_5111960,ESMA,credit_card,23865,30,570,medium,rejected,0,atm,true,178
app_20250128_00002934,2025-01-28 02:24:27,cust_1279519,PLWA,business_loan,17047,48,589,medium,approved,17047,branch,true,237
app_20250128_00002935,2025-01-28 19:34:43,cust_8095980,PLWA,refinance,396245,120,607,medium,approved,396245,online_banking,true,403
app_20250128_00002936,2025-01-28 22:56:40,cust_5835388,CHBE,business_loan,24012,60,500,medium,approved,24012,web,true,382
app_20250128_00002937,2025-01-28 10:55:39,cust_4036347,SESV,auto_loan,13461,72,796,low,approved,13461,web,false,30
app_20250128_00002938,2025-01-28 20:03:14,cust_6830421,DEHE,mortgage,430273,360,535,medium,approved,430273,branch,false,883
app_20250128_00002939,2025-01-28 23:09:38,cust_6621741,PORP,cash_loan,28883,24,539,medium,approved,28883,web,false,614
app_20250128_00002940,2025-01-28 00:19:01,cust_6754880,FRID,education_loan,4939,24,666,medium,approved,4939,branch,false,183
app_20250128_00002941,2025-01-28 23:51:45,cust_2444557,ESMA,cash_loan,35396,48,679,medium,approved,35396,partner,false,443
app_20250128_00002942,2025-01-28 00:30:38,cust_9060999,DEHE,refinance,266902,300,558,medium,rejected,0,mobile_app,false,8
app_20250128_00002943,2025-01-28 08:36:03,cust_7508234,DEHE,cash_loan,11792,18,514,medium,approved,11792,online_banking,true,150
app_20250128_00002944,2025-01-28 04:58:39,cust_6027244,UKLO,refinance,61049,180,653,medium,rejected,0,branch,false,89
app_20250128_00002945,2025-01-28 18:23:57,cust_7965783,ATVI,business_loan,30866,48,545,medium,rejected,0,mobile,false,59
app_20250128_00002946,2025-01-28 03:17:24,cust_6838510,UKLO,refinance,345623,120,687,medium,approved,345623,atm,false,112
app_20250128_00002947,2025-01-28 22:39:17,cust_6853469,CHBE,personal_loan,13517,36,813,low,rejected,0,atm,false,142
app_20250128_00002948,2025-01-28 06:54:37,cust_9179311,ATVI,refinance,481488,360,610,medium,approved,481488,online_banking,false,881
app_20250128_00002949,2025-01-28 04:55:50,cust_6615747,CZPR,credit_card,37510,12,675,medium,approved,37510,web,false,511
app_20250128_00002950,2025-01-28 15:47:18,cust_9404719,SESV,refinance,392785,240,663,medium,rejected,0,call_center,false,79
app_20250128_00002951,2025-01-28 01:31:55,cust_5638885,PORP,cash_loan,41758,48,679,medium,approved,41758,online_banking,false,846
app_20250128_00002952,2025-01-28 04:35:20,cust_9731198,BENL,credit_card,15006,24,547,medium,rejected,0,web,false,171
app_20250128_00002953,2025-01-28 00:36:59,cust_7508836,CZPR,personal_loan,12110,18,785,low,approved,12110,branch,true,146
app_20250128_00002954,2025-01-28 09:04:47,cust_9913127,CHBE,business_loan,13745,36,600,medium,approved,13745,mobile,false,54
app_20250128_00002955,2025-01-28 01:59:49,cust_9454761,PORP,cash_loan,37669,36,707,low,approved,37669,call_center,true,612
app_20250128_00002956,2025-01-28 16:34:32,cust_3910325,GRRE,education_loan,32497,24,506,medium,rejected,0,call_center,false,50
app_20250128_00002957,2025-01-28 06:02:34,cust_3221667,PLWA,education_loan,5387,36,757,low,approved,5387,online_banking,true,374
app_20250128_00002958,2025-01-28 23:29:25,cust_2765618,GRRE,cash_loan,21369,36,653,medium,approved,21369,mobile,false,157
app_20250128_00002959,2025-01-28 06:04:11,cust_4323374,ESMA,personal_loan,2159,42,589,medium,rejected,0,mobile_app,true,21
app_20250128_00002960,2025-01-28 20:34:52,cust_5798286,CZPR,cash_loan,23283,48,577,medium,rejected,0,partner,false,106
app_20250128_00002961,2025-01-28 00:49:42,cust_495184,BENL,auto_loan,55086,60,604,medium,approved,55086,web,true,734
app_20250128_00002962,2025-01-28 02:01:22,cust_2475149,GRRE,personal_loan,37333,30,626,medium,approved,37333,mobile,false,495
app_20250128_00002963,2025-01-28 12:57:41,cust_7648539,GRRE,cash_loan,3282,30,581,medium,rejected,0,partner,true,100
app_20250128_00002964,2025-01-28 04:56:32,cust_2437382,CZPR,credit_card,23894,48,622,medium,approved,23894,mobile_app,false,271
app_20250128_00002965,2025-01-28 01:42:53,cust_2888447,GRRE,refinance,61411,360,709,low,approved,61411,partner,false,144
app_20250128_00002966,2025-01-28 16:05:18,cust_1121631,AUTR,business_loan,31512,48,649,medium,approved,31512,web,true,494
app_20250128_00002967,2025-01-28 05:52:47,cust_1356903,AUTR,credit_card,8260,36,658,medium,rejected,0,branch,true,127
app_20250128_00002968,2025-01-28 05:15:48,cust_1714890,AUTR,education_loan,32119,24,651,medium,approved,32119,call_center,true,620
app_20250128_00002969,2025-01-28 14:11:31,cust_1339837,DEHE,business_loan,35676,48,775,low,approved,35676,branch,true,207
app_20250128_00002970,2025-01-28 14:43:32,cust_7033000,PLWA,credit_card,33268,24,695,medium,approved,33268,web,true,814
app_20250128_00002971,2025-01-28 12:26:01,cust_1547911,SESV,business_loan,10171,48,796,low,approved,10171,mobile,false,584
app_20250128_00002972,2025-01-28 07:17:49,cust_5175689,BENL,cash_loan,32443,18,681,medium,rejected,0,atm,false,103
app_20250128_00002973,2025-01-28 14:06:10,cust_2593683,SESV,refinance,258789,300,534,medium,approved,258789,web,true,142
app_20250128_00002974,2025-01-28 07:39:05,cust_8843399,BENL,cash_loan,38151,12,661,medium,approved,38151,web,false,765
app_20250128_00002975,2025-01-28 13:35:38,cust_1190745,PLWA,cash_loan,9169,48,553,medium,approved,9169,online_banking,false,56
app_20250128_00002976,2025-01-28 00:20:13,cust_746819,AUTR,cash_loan,26380,12,649,medium,approved,26380,online_banking,false,684
app_20250128_00002977,2025-01-28 21:04:13,cust_3578634,ATVI,education_loan,2454,36,664,medium,rejected,0,partner,true,159
app_20250128_00002978,2025-01-28 12:06:57,cust_2060055,CZPR,credit_card,30153,24,641,medium,approved,30153,atm,true,573
app_20250128_00002979,2025-01-28 15:18:25,cust_3925728,ESMA,credit_card,33484,30,631,medium,approved,33484,branch,false,319
app_20250128_00002980,2025-01-28 01:30:22,cust_5141548,UKLO,auto_loan,18759,36,694,medium,approved,18759,partner,false,484
app_20250128_00002981,2025-01-28 04:26:46,cust_3146864,BENL,business_loan,31401,24,586,medium,approved,31401,mobile_app,false,693
app_20250128_00002982,2025-01-28 13:30:34,cust_2513554,BENL,business_loan,21356,24,598,medium,approved,21356,online_banking,true,246
app_20250128_00002983,2025-01-28 15:46:05,cust_1518844,PORP,auto_loan,24803,60,697,medium,approved,24803,online_banking,false,621
app_20250128_00002984,2025-01-28 05:34:47,cust_637117,SESV,credit_card,8434,48,575,medium,approved,8434,partner,true,314
app_20250128_00002985,2025-01-28 23:18:18,cust_9965433,CZPR,personal_loan,46914,12,602,medium,rejected,0,mobile_app,false,79
app_20250128_00002986,2025-01-28 20:52:02,cust_730444,NLAM,mortgage,111354,180,610,medium,rejected,0,online_banking,false,129
app_20250128_00002987,2025-01-28 23:00:15,cust_7478008,ITMI,personal_loan,36552,18,726,low,approved,36552,partner,true,546
app_20250128_00002988,2025-01-28 18:41:41,cust_1612163,NLAM,mortgage,210493,360,468,high,rejected,0,mobile_app,true,82
app_20250128_00002989,2025-01-28 23:14:10,cust_8868176,ATVI,refinance,230795,240,639,medium,approved,230795,call_center,true,279
app_20250128_00002990,2025-01-28 11:24:17,cust_1124766,UKLO,refinance,287047,180,607,medium,approved,287047,atm,false,407
app_20250128_00002991,2025-01-28 19:53:38,cust_1252667,DEHE,business_loan,33414,24,586,medium,rejected,0,web,true,58
app_20250128_00002992,2025-01-28 20:32:35,cust_905130,BENL,personal_loan,27762,24,755,low,approved,27762,mobile_app,false,395
app_20250128_00002993,2025-01-28 20:29:34,cust_9245675,DEHE,cash_loan,20045,12,651,medium,rejected,0,mobile_app,true,76
app_20250128_00002994,2025-01-28 01:22:57,cust_3832572,GRRE,education_loan,30611,48,507,medium,rejected,0,atm,false,24
app_20250128_00002995,2025-01-28 16:56:27,cust_1273243,SESV,personal_loan,42204,24,622,medium,approved,42204,call_center,false,763
app_20250128_00002996,2025-01-28 12:23:00,cust_836680,GRRE,cash_loan,6214,42,568,medium,rejected,0,branch,false,113
app_20250128_00002997,2025-01-28 23:40:31,cust_657131,PORP,auto_loan,21800,36,621,medium,approved,21800,partner,true,49
app_20250128_00002998,2025-01-28 06:42:50,cust_4567667,ITMI,mortgage,327966,300,720,low,approved,327966,web,true,543
app_20250128_00002999,2025-01-28 09:09:06,cust_1120923,FRID,refinance,252029,120,593,medium,rejected,0,web,false,146
app_20250128_00003000,2025-01-28 23:57:41,cust_1278454,ESMA,refinance,87168,180,812,low,approved,87168,call_center,true,778
app_20250128_00003001,2025-01-28 07:03:13,cust_3801358,ITMI,refinance,469470,360,518,medium,rejected,0,web,false,146
app_20250128_00003002,2025-01-28 14:42:08,cust_5054034,SESV,cash_loan,26392,48,529,medium,approved,26392,web,false,606
app_20250128_00003003,2025-01-28 03:29:38,cust_7782708,DEHE,refinance,348624,300,593,medium,rejected,0,mobile,false,100
app_20250128_00003004,2025-01-28 04:42:06,cust_4969780,SESV,cash_loan,45912,24,582,medium,rejected,0,web,false,60
app_20250128_00003005,2025-01-28 19:03:04,cust_6620762,UKLO,mortgage,99980,360,691,medium,rejected,0,mobile,false,55
app_20250128_00003006,2025-01-28 04:37:12,cust_7210320,CHBE,mortgage,86512,240,621,medium,approved,86512,mobile_app,true,769
app_20250128_00003007,2025-01-28 18:15:51,cust_1518459,SESV,credit_card,48088,36,715,low,approved,48088,branch,true,724
app_20250128_00003008,2025-01-28 11:02:01,cust_384232,FRID,education_loan,12871,24,612,medium,rejected,0,online_banking,false,124
app_20250128_00003009,2025-01-28 14:40:18,cust_5088659,PORP,cash_loan,37378,30,833,low,approved,37378,call_center,true,64
app_20250128_00003010,2025-01-28 23:23:24,cust_8787164,ITMI,cash_loan,10397,24,663,medium,approved,10397,online_banking,true,73
app_20250128_00003011,2025-01-28 16:29:42,cust_6244158,AUTR,education_loan,29576,12,536,medium,rejected,0,online_banking,false,130
app_20250128_00003012,2025-01-28 21:58:21,cust_6578168,PLWA,business_loan,3031,24,538,medium,rejected,0,mobile,true,61
app_20250128_00003013,2025-01-28 04:17:07,cust_2265770,BENL,auto_loan,36620,36,791,low,approved,36620,atm,true,35
app_20250128_00003014,2025-01-28 14:13:23,cust_3215871,UKLO,education_loan,33926,24,669,medium,approved,33926,partner,false,425
app_20250128_00003015,2025-01-28 09:59:21,cust_1601716,FRID,refinance,211949,180,646,medium,approved,211949,call_center,true,95
app_20250128_00003016,2025-01-28 23:29:42,cust_3574557,NLAM,mortgage,135855,240,674,medium,approved,135855,partner,true,416
app_20250128_00003017,2025-01-28 22:27:03,cust_2975184,PORP,auto_loan,34904,36,621,medium,approved,34904,branch,false,511
app_20250128_00003018,2025-01-28 13:09:53,cust_9349003,ESMA,business_loan,10427,48,562,medium,approved,10427,call_center,false,30
app_20250128_00003019,2025-01-28 15:05:45,cust_6658357,FRID,mortgage,182778,360,601,medium,approved,182778,atm,true,690
app_20250128_00003020,2025-01-28 21:39:03,cust_7992056,SESV,education_loan,10405,36,654,medium,rejected,0,atm,false,150
app_20250128_00003021,2025-01-28 16:44:51,cust_4391848,ITMI,mortgage,285075,240,707,low,approved,285075,call_center,false,78
app_20250128_00003022,2025-01-28 16:06:16,cust_1652790,SESV,credit_card,33849,48,650,medium,approved,33849,mobile,false,236
app_20250128_00003023,2025-01-28 09:05:22,cust_9838453,GRRE,personal_loan,1103,30,473,high,rejected,0,online_banking,true,149
app_20250128_00003024,2025-01-28 18:41:45,cust_106477,UKLO,business_loan,32612,60,687,medium,rejected,0,web,false,42
app_20250128_00003025,2025-01-28 07:28:42,cust_317797,DEHE,credit_card,30394,12,652,medium,approved,30394,branch,true,742
app_20250128_00003026,2025-01-28 06:47:13,cust_2095014,ITMI,education_loan,16102,48,729,low,approved,16102,partner,false,282
app_20250128_00003027,2025-01-28 00:44:46,cust_6188665,NLAM,cash_loan,36587,18,629,medium,approved,36587,atm,true,142
app_20250128_00003028,2025-01-28 22:11:07,cust_5396886,PORP,auto_loan,14678,72,562,medium,approved,14678,web,true,716
app_20250128_00003029,2025-01-28 15:26:19,cust_1110629,ITMI,refinance,411947,360,679,medium,approved,411947,atm,true,535
app_20250128_00003030,2025-01-28 00:24:37,cust_1536077,SESV,education_loan,3064,12,708,low,approved,3064,online_banking,true,675
app_20250128_00003031,2025-01-28 21:36:57,cust_6461644,ATVI,refinance,444715,360,614,medium,rejected,0,web,false,115
app_20250128_00003032,2025-01-28 16:08:09,cust_5209722,UKLO,credit_card,3286,48,518,medium,approved,3286,web,false,626
app_20250128_00003033,2025-01-28 20:20:29,cust_6598479,GRRE,education_loan,2905,60,739,low,approved,2905,partner,true,617
app_20250128_00003034,2025-01-28 07:43:44,cust_5389122,SESV,education_loan,10196,60,633,medium,rejected,0,online_banking,false,131
app_20250128_00003035,2025-01-28 08:37:51,cust_9569312,CHBE,cash_loan,20966,18,633,medium,approved,20966,online_banking,true,66
app_20250128_00003036,2025-01-28 07:31:00,cust_3337930,UKLO,business_loan,23181,36,520,medium,approved,23181,online_banking,true,631
app_20250128_00003037,2025-01-28 02:41:51,cust_2553722,UKLO,auto_loan,16601,60,630,medium,rejected,0,atm,false,80
app_20250128_00003038,2025-01-28 04:04:37,cust_5241049,ESMA,auto_loan,14143,72,490,high,rejected,0,mobile,false,35
app_20250128_00003039,2025-01-28 04:23:43,cust_2576585,DEHE,auto_loan,8320,24,602,medium,rejected,0,atm,true,141
app_20250128_00003040,2025-01-28 16:32:16,cust_7533530,BENL,business_loan,17949,60,763,low,approved,17949,partner,false,58
app_20250128_00003041,2025-01-28 14:39:34,cust_9180135,CZPR,cash_loan,11266,24,775,low,approved,11266,mobile_app,false,774
app_20250128_00003042,2025-01-28 22:56:00,cust_5164515,FRID,mortgage,474310,240,699,medium,approved,474310,atm,true,125
app_20250128_00003043,2025-01-28 22:06:49,cust_6322794,DEHE,auto_loan,38987,36,617,medium,approved,38987,call_center,false,335
app_20250128_00003044,2025-01-28 04:21:04,cust_5702092,AUTR,credit_card,6513,42,605,medium,rejected,0,mobile,false,42
app_20250128_00003045,2025-01-28 05:21:24,cust_7114270,PLWA,refinance,354251,180,729,low,approved,354251,online_banking,true,383
app_20250128_00003046,2025-01-28 13:14:04,cust_7107767,BENL,personal_loan,31060,12,535,medium,rejected,0,partner,false,87
app_20250128_00003047,2025-01-28 13:06:01,cust_7427266,ITMI,mortgage,388741,120,590,medium,approved,388741,partner,true,508
app_20250128_00003048,2025-01-28 14:45:00,cust_2965287,CHBE,business_loan,6729,60,711,low,approved,6729,branch,false,724
app_20250128_00003049,2025-01-28 12:22:02,cust_5853484,UKLO,refinance,485966,240,773,low,approved,485966,branch,true,180
app_20250128_00003050,2025-01-28 21:55:19,cust_9992300,DEHE,mortgage,144718,240,691,medium,rejected,0,mobile,true,138
app_20250128_00003051,2025-01-28 16:53:58,cust_8399196,GRRE,mortgage,280194,120,594,medium,approved,280194,online_banking,false,417
app_20250128_00003052,2025-01-28 13:11:06,cust_7919255,ATVI,mortgage,329877,360,489,high,approved,329877,call_center,true,899
app_20250128_00003053,2025-01-28 18:01:34,cust_1924350,NLAM,auto_loan,51410,48,675,medium,approved,51410,online_banking,true,125
app_20250128_00003054,2025-01-28 20:13:52,cust_1373476,PORP,business_loan,19252,36,554,medium,rejected,0,online_banking,true,61
app_20250128_00003055,2025-01-28 14:23:01,cust_2393602,CHBE,personal_loan,21640,18,758,low,approved,21640,web,true,607
app_20250128_00003056,2025-01-28 19:32:18,cust_7475127,CZPR,business_loan,38577,60,782,low,approved,38577,mobile,true,392
app_20250128_00003057,2025-01-28 19:04:02,cust_6558483,SESV,business_loan,34024,36,778,low,approved,34024,mobile_app,false,675
app_20250128_00003058,2025-01-28 17:04:42,cust_8836350,ESMA,cash_loan,29134,24,799,low,approved,29134,branch,true,407
app_20250128_00003059,2025-01-28 05:13:51,cust_9202157,ATVI,personal_loan,15497,48,722,low,rejected,0,online_banking,true,37
app_20250128_00003060,2025-01-28 14:07:46,cust_9247644,PORP,cash_loan,7278,18,639,medium,approved,7278,online_banking,true,158
app_20250128_00003061,2025-01-28 05:23:19,cust_7048067,SESV,auto_loan,25286,24,626,medium,approved,25286,partner,true,559
app_20250128_00003062,2025-01-28 07:41:44,cust_1464488,FRID,credit_card,48628,42,704,low,rejected,0,web,true,41
app_20250128_00003063,2025-01-28 05:09:24,cust_4080296,SESV,mortgage,95499,360,774,low,approved,95499,web,true,803
app_20250128_00003064,2025-01-28 20:57:11,cust_1943582,ESMA,auto_loan,48419,24,708,low,approved,48419,online_banking,false,254
app_20250128_00003065,2025-01-28 01:42:14,cust_9178557,FRID,cash_loan,45550,18,725,low,approved,45550,mobile,true,321
app_20250128_00003066,2025-01-28 21:04:59,cust_3051871,UKLO,cash_loan,19988,48,734,low,approved,19988,mobile_app,true,63
app_20250128_00003067,2025-01-28 00:29:10,cust_5942325,PLWA,refinance,459104,180,581,medium,rejected,0,branch,false,113
app_20250128_00003068,2025-01-28 14:41:03,cust_4688752,CHBE,education_loan,19831,24,696,medium,approved,19831,partner,true,258
app_20250128_00003069,2025-01-28 18:00:38,cust_9266582,ESMA,auto_loan,35403,72,770,low,approved,35403,atm,false,191
app_20250128_00003070,2025-01-28 00:44:21,cust_5848834,UKLO,education_loan,31344,12,723,low,approved,31344,atm,true,58
app_20250128_00003071,2025-01-28 10:45:33,cust_5818291,ESMA,cash_loan,16155,36,577,medium,approved,16155,atm,true,32
app_20250128_00003072,2025-01-28 18:21:07,cust_1492937,CHBE,credit_card,11185,12,704,low,rejected,0,mobile,false,11
app_20250128_00003073,2025-01-28 18:58:42,cust_4365650,AUTR,credit_card,1556,24,789,low,approved,1556,branch,false,119
app_20250128_00003074,2025-01-28 21:27:14,cust_4598503,PORP,personal_loan,13213,18,747,low,approved,13213,partner,false,518
app_20250128_00003075,2025-01-28 13:29:40,cust_477406,ITMI,cash_loan,31670,12,659,medium,approved,31670,call_center,false,564
app_20250128_00003076,2025-01-28 17:05:14,cust_4215191,ESMA,education_loan,30388,48,497,high,rejected,0,online_banking,false,51
app_20250128_00003077,2025-01-28 19:13:53,cust_8422257,CZPR,cash_loan,19745,36,603,medium,rejected,0,branch,false,136
app_20250128_00003078,2025-01-28 22:05:26,cust_124106,CHBE,business_loan,5142,36,612,medium,approved,5142,mobile,true,307
app_20250128_00003079,2025-01-28 22:47:54,cust_979660,AUTR,credit_card,21169,36,613,medium,approved,21169,call_center,true,895
app_20250128_00003080,2025-01-28 22:01:53,cust_3790180,PORP,mortgage,58868,360,560,medium,rejected,0,mobile,false,105
app_20250128_00003081,2025-01-28 03:10:53,cust_867095,GRRE,cash_loan,14627,36,655,medium,rejected,0,call_center,true,37
app_20250128_00003082,2025-01-28 17:32:55,cust_4393335,UKLO,refinance,276336,300,728,low,approved,276336,online_banking,false,77
app_20250128_00003083,2025-01-28 13:28:17,cust_8284423,DEHE,refinance,57428,360,570,medium,approved,57428,mobile,false,122
app_20250128_00003084,2025-01-28 03:00:24,cust_2306001,DEHE,business_loan,17262,36,777,low,approved,17262,partner,true,799
app_20250128_00003085,2025-01-28 21:17:16,cust_2859380,SESV,refinance,65536,360,607,medium,rejected,0,branch,true,157
app_20250128_00003086,2025-01-28 19:13:49,cust_6813829,BENL,personal_loan,23351,12,582,medium,rejected,0,branch,false,141
app_20250128_00003087,2025-01-28 13:29:31,cust_4460699,AUTR,mortgage,317845,360,712,low,approved,317845,online_banking,true,703
app_20250128_00003088,2025-01-28 22:49:27,cust_3868967,UKLO,mortgage,414323,120,756,low,approved,414323,web,true,584
app_20250128_00003089,2025-01-28 21:52:32,cust_6279099,DEHE,cash_loan,49485,30,656,medium,approved,49485,call_center,true,587
app_20250128_00003090,2025-01-28 18:24:28,cust_3658781,SESV,mortgage,475044,180,601,medium,rejected,0,atm,true,34
app_20250128_00003091,2025-01-28 20:50:10,cust_5125070,GRRE,mortgage,328896,120,556,medium,rejected,0,web,false,162
app_20250128_00003092,2025-01-28 07:52:47,cust_1478708,PORP,education_loan,10704,24,689,medium,approved,10704,atm,true,219
app_20250128_00003093,2025-01-28 17:43:49,cust_7017205,PLWA,refinance,105599,240,549,medium,approved,105599,web,true,451
app_20250128_00003094,2025-01-28 07:30:13,cust_6818615,ESMA,refinance,456374,180,596,medium,rejected,0,atm,false,125
app_20250128_00003095,2025-01-28 06:34:03,cust_3898023,NLAM,personal_loan,8871,36,554,medium,rejected,0,mobile,false,22
app_20250128_00003096,2025-01-28 13:11:13,cust_6862592,SESV,credit_card,13266,36,666,medium,approved,13266,branch,true,833
app_20250128_00003097,2025-01-28 23:17:36,cust_1767559,SESV,auto_loan,5859,36,714,low,rejected,0,atm,false,91
app_20250128_00003098,2025-01-28 18:43:56,cust_7109544,ESMA,education_loan,20996,36,776,low,approved,20996,web,true,234
app_20250128_00003099,2025-01-28 14:05:03,cust_7646117,ESMA,mortgage,241342,360,681,medium,approved,241342,mobile_app,true,46
app_20250128_00003100,2025-01-28 04:55:03,cust_7999279,ATVI,mortgage,163970,180,496,high,approved,163970,atm,false,759
app_20250128_00003101,2025-01-28 17:35:16,cust_6735404,UKLO,mortgage,282819,360,726,low,approved,282819,mobile,true,692
app_20250128_00003102,2025-01-28 07:37:07,cust_9312017,ITMI,auto_loan,11648,48,785,low,approved,11648,call_center,true,253
app_20250128_00003103,2025-01-28 07:34:18,cust_4259282,GRRE,credit_card,19888,36,802,low,approved,19888,web,true,504
app_20250128_00003104,2025-01-28 06:05:56,cust_4585674,ITMI,business_loan,33312,48,635,medium,approved,33312,atm,true,864
app_20250128_00003105,2025-01-28 21:19:43,cust_3660053,AUTR,auto_loan,10392,24,639,medium,approved,10392,online_banking,false,278
app_20250128_00003106,2025-01-28 22:42:44,cust_2950077,UKLO,education_loan,28981,12,560,medium,rejected,0,mobile_app,true,45
app_20250128_00003107,2025-01-28 05:36:06,cust_2567890,SESV,mortgage,300037,180,676,medium,rejected,0,online_banking,false,38
app_20250128_00003108,2025-01-28 05:01:16,cust_9300973,CHBE,mortgage,439971,360,732,low,approved,439971,online_banking,true,828
app_20250128_00003109,2025-01-28 23:11:08,cust_9070864,FRID,refinance,330310,300,663,medium,approved,330310,atm,true,349
app_20250128_00003110,2025-01-28 07:26:33,cust_4594780,CZPR,cash_loan,20176,48,730,low,approved,20176,mobile_app,false,582
app_20250128_00003111,2025-01-28 05:33:24,cust_1230599,UKLO,education_loan,31798,12,572,medium,approved,31798,call_center,true,205
app_20250128_00003112,2025-01-28 00:18:58,cust_4148769,BENL,education_loan,6067,24,624,medium,approved,6067,partner,true,222
app_20250128_00003113,2025-01-28 06:39:45,cust_7588479,SESV,business_loan,6998,48,722,low,approved,6998,partner,false,531
app_20250128_00003114,2025-01-28 01:57:48,cust_9112204,DEHE,mortgage,403876,120,683,medium,approved,403876,mobile_app,false,663
app_20250128_00003115,2025-01-28 15:39:49,cust_4495933,PORP,credit_card,38459,36,627,medium,rejected,0,web,false,8
app_20250128_00003116,2025-01-28 14:26:07,cust_4358409,GRRE,education_loan,3441,48,631,medium,rejected,0,call_center,true,27
app_20250128_00003117,2025-01-28 10:02:42,cust_145070,ESMA,personal_loan,16209,42,553,medium,approved,16209,web,true,146
app_20250128_00003118,2025-01-28 22:44:13,cust_4687098,CZPR,business_loan,10753,36,543,medium,rejected,0,mobile,true,18
app_20250128_00003119,2025-01-28 02:38:55,cust_6971434,AUTR,mortgage,130104,180,756,low,approved,130104,online_banking,false,71
app_20250128_00003120,2025-01-28 10:27:49,cust_6238712,ATVI,cash_loan,10693,30,602,medium,approved,10693,call_center,false,201
app_20250128_00003121,2025-01-28 18:15:31,cust_1658074,BENL,refinance,203054,120,664,medium,rejected,0,mobile,false,106
app_20250128_00003122,2025-01-28 03:55:09,cust_1095211,NLAM,personal_loan,3166,18,850,low,approved,3166,online_banking,false,388
app_20250128_00003123,2025-01-28 22:15:18,cust_1040404,SESV,education_loan,20044,12,791,low,approved,20044,web,false,802
app_20250128_00003124,2025-01-28 11:00:07,cust_2632286,UKLO,education_loan,30245,48,771,low,approved,30245,branch,true,469
app_20250128_00003125,2025-01-28 09:28:19,cust_429591,UKLO,refinance,93404,300,650,medium,rejected,0,mobile_app,true,130
app_20250128_00003126,2025-01-28 07:55:38,cust_961607,BENL,mortgage,109657,120,589,medium,approved,109657,atm,true,284
app_20250128_00003127,2025-01-28 11:20:58,cust_2548491,ITMI,refinance,137415,300,721,low,approved,137415,mobile_app,true,769
app_20250128_00003128,2025-01-28 00:06:08,cust_2644683,ATVI,cash_loan,9330,30,693,medium,approved,9330,partner,true,209
app_20250128_00003129,2025-01-28 19:19:37,cust_1096591,DEHE,auto_loan,35981,60,677,medium,rejected,0,atm,true,125
app_20250128_00003130,2025-01-28 11:57:29,cust_6609687,DEHE,auto_loan,16917,36,655,medium,rejected,0,mobile_app,true,81
app_20250128_00003131,2025-01-28 03:30:25,cust_2777397,CHBE,refinance,355087,300,632,medium,approved,355087,partner,false,305
app_20250128_00003132,2025-01-28 21:21:50,cust_4916037,CHBE,education_loan,26511,36,687,medium,approved,26511,atm,true,203
app_20250128_00003133,2025-01-28 06:22:47,cust_520858,ATVI,refinance,303518,300,639,medium,rejected,0,mobile_app,true,102
app_20250128_00003134,2025-01-28 05:18:12,cust_7419978,ITMI,education_loan,37337,12,596,medium,approved,37337,mobile,false,508
app_20250128_00003135,2025-01-28 17:11:06,cust_9323653,CHBE,business_loan,20529,12,568,medium,approved,20529,mobile_app,true,550
app_20250128_00003136,2025-01-28 07:24:57,cust_5401012,SESV,cash_loan,44839,24,598,medium,rejected,0,call_center,true,109
app_20250128_00003137,2025-01-28 16:25:14,cust_4089944,PORP,auto_loan,7840,48,557,medium,approved,7840,online_banking,true,728
app_20250128_00003138,2025-01-28 08:40:56,cust_4862204,ATVI,refinance,146883,180,640,medium,approved,146883,mobile,true,161
app_20250128_00003139,2025-01-28 08:55:37,cust_781940,AUTR,auto_loan,47601,36,774,low,approved,47601,call_center,false,478
app_20250128_00003140,2025-01-28 17:37:32,cust_6576830,SESV,mortgage,311800,300,759,low,approved,311800,partner,false,602
app_20250128_00003141,2025-01-28 03:28:44,cust_3535578,AUTR,personal_loan,42441,12,707,low,approved,42441,mobile_app,true,627
app_20250128_00003142,2025-01-28 23:23:54,cust_4937964,NLAM,business_loan,36576,24,486,high,approved,36576,partner,false,98
app_20250128_00003143,2025-01-28 00:02:36,cust_5496288,GRRE,business_loan,17178,60,612,medium,rejected,0,atm,false,153
app_20250128_00003144,2025-01-28 14:55:00,cust_7668568,UKLO,education_loan,35472,24,339,high,rejected,0,web,false,164
app_20250128_00003145,2025-01-28 21:15:10,cust_3911089,PLWA,cash_loan,48969,12,584,medium,rejected,0,partner,true,17
app_20250128_00003146,2025-01-28 08:31:47,cust_5420782,BENL,business_loan,7888,12,655,medium,approved,7888,mobile_app,true,153
app_20250128_00003147,2025-01-28 02:45:37,cust_7509965,PLWA,credit_card,32948,30,779,low,approved,32948,web,false,77
app_20250128_00003148,2025-01-28 05:21:30,cust_1077605,ITMI,credit_card,25039,18,812,low,approved,25039,call_center,true,434
app_20250128_00003149,2025-01-28 02:39:31,cust_9204965,BENL,business_loan,10847,36,753,low,approved,10847,call_center,true,466
app_20250128_00003150,2025-01-28 12:16:15,cust_1070791,ITMI,credit_card,33145,18,734,low,rejected,0,online_banking,true,12
app_20250128_00003151,2025-01-28 12:18:56,cust_2694033,ATVI,auto_loan,35754,72,523,medium,rejected,0,partner,true,100
app_20250128_00003152,2025-01-28 15:32:16,cust_328276,ITMI,education_loan,21809,12,643,medium,approved,21809,mobile,false,850
app_20250128_00003153,2025-01-28 18:34:44,cust_270708,UKLO,business_loan,39572,36,462,high,rejected,0,mobile,false,117
app_20250128_00003154,2025-01-28 13:33:01,cust_1389015,SESV,education_loan,31241,48,663,medium,approved,31241,mobile,true,86
app_20250128_00003155,2025-01-28 11:37:03,cust_2776778,ITMI,cash_loan,27312,18,601,medium,rejected,0,branch,false,26
app_20250128_00003156,2025-01-28 00:04:40,cust_3683170,GRRE,auto_loan,47732,36,672,medium,rejected,0,branch,false,178
app_20250128_00003157,2025-01-28 07:58:44,cust_2371230,PLWA,auto_loan,48663,36,631,medium,approved,48663,web,false,858
app_20250128_00003158,2025-01-28 00:25:59,cust_8764097,DEHE,education_loan,28595,12,647,medium,approved,28595,call_center,true,380
app_20250128_00003159,2025-01-28 08:41:03,cust_9183345,AUTR,cash_loan,11103,12,850,low,approved,11103,mobile_app,false,758
app_20250128_00003160,2025-01-28 18:05:58,cust_3211453,CHBE,education_loan,2551,36,758,low,approved,2551,online_banking,false,80
app_20250128_00003161,2025-01-28 01:47:34,cust_4843595,GRRE,cash_loan,6613,48,734,low,approved,6613,mobile_app,false,849
app_20250128_00003162,2025-01-28 14:34:04,cust_8447797,FRID,mortgage,151363,240,592,medium,rejected,0,atm,true,143
app_20250128_00003163,2025-01-28 11:58:50,cust_7443104,CHBE,personal_loan,20430,48,662,medium,rejected,0,partner,false,180
app_20250128_00003164,2025-01-28 01:49:27,cust_5917386,ATVI,auto_loan,29490,48,736,low,approved,29490,online_banking,true,568
app_20250128_00003165,2025-01-28 22:34:25,cust_7437104,CZPR,cash_loan,17643,18,584,medium,rejected,0,mobile,false,136
app_20250128_00003166,2025-01-28 00:17:06,cust_6809366,SESV,cash_loan,38583,48,736,low,approved,38583,partner,true,465
app_20250128_00003167,2025-01-28 18:23:16,cust_3921279,CZPR,mortgage,386823,180,611,medium,approved,386823,online_banking,false,339
app_20250128_00003168,2025-01-28 20:45:01,cust_6125923,UKLO,credit_card,31198,24,640,medium,rejected,0,mobile_app,false,41
app_20250128_00003169,2025-01-28 21:29:26,cust_5285264,ITMI,cash_loan,18551,36,592,medium,rejected,0,call_center,false,10
app_20250128_00003170,2025-01-28 17:17:17,cust_8382386,CZPR,auto_loan,32126,36,701,low,approved,32126,mobile_app,true,109
app_20250128_00003171,2025-01-28 15:30:55,cust_673562,GRRE,credit_card,27931,42,635,medium,approved,27931,web,false,833
app_20250128_00003172,2025-01-28 12:25:59,cust_2898122,PLWA,refinance,74727,360,743,low,approved,74727,mobile,true,329
app_20250128_00003173,2025-01-28 16:48:11,cust_3548362,ESMA,credit_card,23318,48,476,high,approved,23318,mobile,true,242
app_20250128_00003174,2025-01-28 13:40:02,cust_6849431,ITMI,personal_loan,11639,12,516,medium,approved,11639,call_center,true,50
app_20250128_00003175,2025-01-28 03:41:19,cust_2382183,UKLO,auto_loan,6351,60,400,high,rejected,0,web,false,47
app_20250128_00003176,2025-01-28 22:49:23,cust_9877544,DEHE,credit_card,2900,42,454,high,rejected,0,partner,false,142
app_20250128_00003177,2025-01-28 20:36:42,cust_7874172,NLAM,refinance,440237,120,809,low,approved,440237,web,true,382
app_20250128_00003178,2025-01-28 23:32:42,cust_856834,SESV,mortgage,295796,360,661,medium,approved,295796,call_center,true,394
app_20250128_00003179,2025-01-28 11:29:53,cust_4352395,CHBE,credit_card,47215,30,668,medium,approved,47215,web,true,263
app_20250128_00003180,2025-01-28 09:15:11,cust_8905364,DEHE,personal_loan,21672,36,547,medium,rejected,0,branch,true,141
app_20250128_00003181,2025-01-28 06:45:39,cust_9212416,GRRE,credit_card,16435,42,548,medium,rejected,0,call_center,false,119
app_20250128_00003182,2025-01-28 22:55:53,cust_2166531,AUTR,education_loan,10146,60,621,medium,approved,10146,mobile,false,559
app_20250128_00003183,2025-01-28 01:42:38,cust_1641134,UKLO,education_loan,26229,24,785,low,approved,26229,web,false,686
app_20250128_00003184,2025-01-28 07:41:53,cust_9618089,ITMI,personal_loan,44196,48,706,low,approved,44196,mobile,false,739
app_20250128_00003185,2025-01-28 11:46:11,cust_3001915,PLWA,auto_loan,38193,60,706,low,approved,38193,atm,false,286
app_20250128_00003186,2025-01-28 16:27:11,cust_8333177,BENL,credit_card,25552,48,561,medium,approved,25552,web,false,560
app_20250128_00003187,2025-01-28 06:07:58,cust_9387397,ESMA,cash_loan,49368,12,435,high,rejected,0,atm,false,38
app_20250128_00003188,2025-01-28 04:47:59,cust_689313,NLAM,education_loan,35394,24,598,medium,approved,35394,partner,false,776
app_20250128_00003189,2025-01-28 17:26:01,cust_8249742,AUTR,business_loan,24613,60,763,low,approved,24613,atm,true,673
app_20250128_00003190,2025-01-28 15:12:01,cust_9978203,GRRE,refinance,214139,360,598,medium,rejected,0,atm,false,103
app_20250128_00003191,2025-01-28 03:30:17,cust_3986132,CZPR,mortgage,480254,300,548,medium,rejected,0,atm,false,99
app_20250128_00003192,2025-01-28 21:27:31,cust_7934315,AUTR,credit_card,43338,48,590,medium,approved,43338,mobile,true,386
app_20250128_00003193,2025-01-28 06:38:57,cust_1595163,FRID,education_loan,24511,12,845,low,approved,24511,web,false,884
app_20250128_00003194,2025-01-28 16:17:11,cust_997981,NLAM,mortgage,383743,300,713,low,approved,383743,online_banking,true,526
app_20250128_00003195,2025-01-28 01:49:51,cust_7019533,UKLO,education_loan,4942,36,585,medium,approved,4942,mobile_app,false,345
app_20250128_00003196,2025-01-28 08:04:20,cust_8607527,AUTR,personal_loan,22639,12,561,medium,approved,22639,partner,true,251
app_20250128_00003197,2025-01-28 04:31:44,cust_9682763,ATVI,credit_card,22496,12,570,medium,approved,22496,mobile_app,false,536
app_20250128_00003198,2025-01-28 20:19:51,cust_497443,ITMI,business_loan,31293,48,482,high,rejected,0,web,false,9
app_20250128_00003199,2025-01-28 20:58:22,cust_3909816,SESV,business_loan,4607,12,389,high,rejected,0,online_banking,false,84
app_20250128_00003200,2025-01-28 07:26:36,cust_9623687,PORP,personal_loan,47283,18,547,medium,rejected,0,partner,false,92
app_20250128_00003201,2025-01-28 16:34:12,cust_5196104,FRID,education_loan,24890,60,743,low,approved,24890,web,true,412
app_20250128_00003202,2025-01-28 13:48:27,cust_7985788,GRRE,refinance,50207,120,693,medium,approved,50207,mobile_app,false,817
app_20250128_00003203,2025-01-28 11:00:25,cust_4648199,ITMI,education_loan,10980,60,618,medium,approved,10980,online_banking,true,56
app_20250128_00003204,2025-01-28 10:03:08,cust_6675216,ITMI,cash_loan,7213,36,682,medium,approved,7213,web,true,638
app_20250128_00003205,2025-01-28 09:28:32,cust_6712408,CZPR,cash_loan,23852,42,572,medium,rejected,0,mobile,true,29
app_20250128_00003206,2025-01-28 13:27:51,cust_9175874,ITMI,auto_loan,6018,36,609,medium,rejected,0,branch,true,112
app_20250128_00003207,2025-01-28 23:22:10,cust_8911738,NLAM,refinance,77173,360,725,low,approved,77173,call_center,true,718
app_20250128_00003208,2025-01-28 13:48:49,cust_9508710,AUTR,education_loan,34101,12,608,medium,approved,34101,atm,false,812
app_20250128_00003209,2025-01-28 13:30:53,cust_821396,CHBE,auto_loan,32412,48,787,low,approved,32412,mobile_app,false,308
app_20250128_00003210,2025-01-28 05:12:44,cust_348821,GRRE,cash_loan,24319,12,746,low,approved,24319,mobile,false,707
app_20250128_00003211,2025-01-28 22:06:50,cust_8589080,ITMI,credit_card,22800,30,442,high,rejected,0,online_banking,true,60
app_20250128_00003212,2025-01-28 09:04:26,cust_2622235,FRID,business_loan,19126,12,771,low,approved,19126,atm,false,324
app_20250128_00003213,2025-01-28 18:55:44,cust_727329,SESV,cash_loan,10960,36,537,medium,approved,10960,call_center,true,121
app_20250128_00003214,2025-01-28 02:59:40,cust_4258742,BENL,personal_loan,5787,12,607,medium,approved,5787,atm,true,31
app_20250128_00003215,2025-01-28 04:04:35,cust_7379157,DEHE,education_loan,33654,36,579,medium,rejected,0,online_banking,true,77
app_20250128_00003216,2025-01-28 02:00:38,cust_5160552,UKLO,refinance,180279,180,635,medium,rejected,0,mobile_app,false,109
app_20250128_00003217,2025-01-28 16:07:57,cust_1588795,PORP,credit_card,42084,36,633,medium,rejected,0,branch,true,44
app_20250128_00003218,2025-01-28 11:49:46,cust_8151274,ESMA,education_loan,24667,60,708,low,approved,24667,online_banking,false,763
app_20250128_00003219,2025-01-28 17:00:08,cust_780493,NLAM,auto_loan,43393,72,601,medium,approved,43393,atm,false,151
app_20250128_00003220,2025-01-28 19:58:50,cust_555273,DEHE,mortgage,252035,240,689,medium,rejected,0,branch,false,89
app_20250128_00003221,2025-01-28 02:03:50,cust_7980688,CZPR,education_loan,9034,36,525,medium,approved,9034,web,true,837
app_20250128_00003222,2025-01-28 02:51:40,cust_6288677,AUTR,education_loan,11979,48,595,medium,rejected,0,mobile_app,true,94
app_20250128_00003223,2025-01-28 18:06:34,cust_5168340,CHBE,cash_loan,31317,30,605,medium,approved,31317,mobile,false,108
app_20250128_00003224,2025-01-28 15:46:05,cust_1428151,NLAM,credit_card,37815,18,531,medium,rejected,0,call_center,false,112
app_20250128_00003225,2025-01-28 16:44:46,cust_7319371,PLWA,personal_loan,30428,30,713,low,rejected,0,call_center,true,145
app_20250128_00003226,2025-01-28 04:02:08,cust_2147865,PORP,education_loan,9126,48,472,high,rejected,0,web,true,55
app_20250128_00003227,2025-01-28 03:04:18,cust_2941052,ITMI,education_loan,28994,24,811,low,approved,28994,branch,true,277
app_20250128_00003228,2025-01-28 13:31:30,cust_9956532,FRID,mortgage,347849,240,676,medium,rejected,0,call_center,true,96
app_20250128_00003229,2025-01-28 18:17:29,cust_2116465,PORP,refinance,226061,300,557,medium,approved,226061,partner,true,788
app_20250128_00003230,2025-01-28 04:53:59,cust_3797239,CHBE,education_loan,16408,36,586,medium,approved,16408,partner,true,142
app_20250128_00003231,2025-01-28 05:54:11,cust_8702503,CZPR,cash_loan,44917,24,653,medium,approved,44917,mobile_app,true,894
app_20250128_00003232,2025-01-28 03:13:54,cust_336957,ITMI,mortgage,228081,180,588,medium,rejected,0,mobile_app,false,13
app_20250128_00003233,2025-01-28 19:26:29,cust_3571967,CZPR,personal_loan,46602,48,530,medium,approved,46602,mobile_app,true,445
app_20250128_00003234,2025-01-28 11:20:45,cust_850237,CZPR,personal_loan,17002,18,792,low,approved,17002,atm,false,204
app_20250128_00003235,2025-01-28 10:15:52,cust_3984246,CHBE,credit_card,1270,18,453,high,approved,1270,mobile_app,false,285
app_20250128_00003236,2025-01-28 06:55:05,cust_710425,PLWA,personal_loan,46195,18,573,medium,rejected,0,mobile,true,69
app_20250128_00003237,2025-01-28 08:44:19,cust_9299757,UKLO,personal_loan,41054,18,802,low,approved,41054,branch,false,728
app_20250128_00003238,2025-01-28 17:36:25,cust_2874684,ATVI,cash_loan,20884,36,626,medium,approved,20884,online_banking,false,859
app_20250128_00003239,2025-01-28 23:48:51,cust_4339509,PORP,auto_loan,16697,72,779,low,approved,16697,partner,false,735
app_20250128_00003240,2025-01-28 07:23:18,cust_2203910,ESMA,education_loan,11395,12,611,medium,rejected,0,mobile,true,121
app_20250128_00003241,2025-01-28 22:42:19,cust_493412,DEHE,education_loan,12719,24,490,high,rejected,0,mobile,true,47
app_20250128_00003242,2025-01-28 11:15:49,cust_3484429,CHBE,business_loan,15710,60,737,low,approved,15710,web,false,499
app_20250128_00003243,2025-01-28 12:07:20,cust_232701,NLAM,mortgage,446447,180,687,medium,rejected,0,mobile,true,167
app_20250128_00003244,2025-01-28 02:32:53,cust_8664501,PORP,education_loan,7382,48,551,medium,approved,7382,web,true,143
app_20250128_00003245,2025-01-28 06:51:14,cust_8388368,ITMI,education_loan,30431,24,671,medium,approved,30431,web,true,115
app_20250128_00003246,2025-01-28 10:47:04,cust_1106181,ATVI,mortgage,240127,180,695,medium,rejected,0,mobile,false,46
app_20250128_00003247,2025-01-28 08:28:15,cust_7569643,UKLO,auto_loan,11442,72,678,medium,approved,11442,web,false,806
app_20250128_00003248,2025-01-28 19:59:37,cust_9588302,GRRE,auto_loan,25774,36,654,medium,approved,25774,mobile_app,false,404
app_20250128_00003249,2025-01-28 02:14:18,cust_7594867,NLAM,refinance,125520,240,709,low,approved,125520,partner,true,224
app_20250128_00003250,2025-01-28 10:57:04,cust_6278564,NLAM,cash_loan,32431,48,477,high,approved,32431,branch,true,436
app_20250128_00003251,2025-01-28 11:05:46,cust_4171215,UKLO,auto_loan,26606,24,802,low,approved,26606,call_center,true,869
app_20250128_00003252,2025-01-28 03:20:14,cust_7152608,FRID,business_loan,37803,60,633,medium,rejected,0,web,false,172
app_20250128_00003253,2025-01-28 10:42:40,cust_4399391,CZPR,cash_loan,10923,36,594,medium,rejected,0,mobile_app,true,135
app_20250128_00003254,2025-01-28 15:28:40,cust_7686051,CHBE,refinance,261089,240,662,medium,approved,261089,call_center,true,778
app_20250128_00003255,2025-01-28 19:04:50,cust_5543913,PORP,auto_loan,16133,36,751,low,approved,16133,call_center,false,474
app_20250128_00003256,2025-01-28 22:13:30,cust_8193005,PLWA,credit_card,36441,18,489,high,rejected,0,call_center,false,142
app_20250128_00003257,2025-01-28 05:30:45,cust_9555652,ESMA,credit_card,22703,18,719,low,approved,22703,mobile_app,true,219
app_20250128_00003258,2025-01-28 01:52:21,cust_9941493,PORP,refinance,146688,120,782,low,approved,146688,mobile,false,885
app_20250128_00003259,2025-01-28 11:50:15,cust_9151902,PORP,education_loan,26173,48,555,medium,rejected,0,call_center,false,16
app_20250128_00003260,2025-01-28 01:19:09,cust_1186584,PLWA,auto_loan,27635,24,491,high,rejected,0,branch,true,109
app_20250128_00003261,2025-01-28 06:00:38,cust_1973732,FRID,credit_card,9155,36,584,medium,rejected,0,mobile_app,false,49
app_20250128_00003262,2025-01-28 13:21:06,cust_8417185,AUTR,cash_loan,6578,42,753,low,approved,6578,mobile_app,true,594
app_20250128_00003263,2025-01-28 23:18:17,cust_9208840,GRRE,personal_loan,8449,42,732,low,approved,8449,branch,true,273
app_20250128_00003264,2025-01-28 01:11:29,cust_3194621,AUTR,cash_loan,41560,42,700,low,approved,41560,mobile_app,false,793
app_20250128_00003265,2025-01-28 07:38:43,cust_603982,CZPR,education_loan,29784,24,711,low,approved,29784,mobile,true,139
app_20250128_00003266,2025-01-28 02:28:31,cust_1768547,ESMA,cash_loan,12645,18,613,medium,approved,12645,atm,false,199
app_20250128_00003267,2025-01-28 17:23:05,cust_4246286,DEHE,refinance,465770,180,747,low,approved,465770,partner,false,540
app_20250128_00003268,2025-01-28 13:00:20,cust_5797523,SESV,refinance,269084,180,627,medium,approved,269084,online_banking,false,743
app_20250128_00003269,2025-01-28 08:45:00,cust_3215876,BENL,cash_loan,37106,36,695,medium,rejected,0,partner,false,50
app_20250128_00003270,2025-01-28 15:53:42,cust_5643202,FRID,auto_loan,7585,36,628,medium,rejected,0,mobile_app,false,17
app_20250128_00003271,2025-01-28 12:16:54,cust_6823545,GRRE,refinance,134012,300,669,medium,approved,134012,mobile_app,false,539
app_20250128_00003272,2025-01-28 22:57:12,cust_2322342,GRRE,education_loan,26821,60,541,medium,approved,26821,online_banking,true,814
app_20250128_00003273,2025-01-28 20:57:28,cust_6050227,ESMA,refinance,324336,120,747,low,approved,324336,atm,false,656
app_20250128_00003274,2025-01-28 18:21:49,cust_7871103,BENL,credit_card,2834,42,566,medium,rejected,0,mobile_app,false,82
app_20250128_00003275,2025-01-28 14:20:38,cust_7132221,BENL,credit_card,31125,48,637,medium,rejected,0,branch,false,6
app_20250128_00003276,2025-01-28 20:47:39,cust_4661556,BENL,cash_loan,45542,48,692,medium,approved,45542,branch,true,305
app_20250128_00003277,2025-01-28 15:10:29,cust_4638566,BENL,personal_loan,12884,36,539,medium,approved,12884,atm,true,121
app_20250128_00003278,2025-01-28 20:10:28,cust_1630743,FRID,cash_loan,4801,30,643,medium,approved,4801,web,false,319
app_20250128_00003279,2025-01-28 18:29:06,cust_9388139,CZPR,refinance,432806,240,767,low,approved,432806,online_banking,true,178
app_20250128_00003280,2025-01-28 12:08:29,cust_2762793,CZPR,refinance,73237,120,715,low,rejected,0,call_center,false,83
app_20250128_00003281,2025-01-28 10:46:44,cust_7556221,BENL,mortgage,426567,180,667,medium,approved,426567,call_center,false,873
app_20250128_00003282,2025-01-28 21:32:54,cust_619203,ATVI,education_loan,17828,60,536,medium,approved,17828,online_banking,true,829
app_20250128_00003283,2025-01-28 04:50:52,cust_2280739,GRRE,refinance,481001,180,590,medium,rejected,0,partner,false,23
app_20250128_00003284,2025-01-28 23:27:47,cust_9004400,CZPR,refinance,337784,360,615,medium,rejected,0,call_center,false,43
app_20250128_00003285,2025-01-28 05:21:08,cust_5593304,SESV,personal_loan,10637,42,736,low,approved,10637,atm,true,783
app_20250128_00003286,2025-01-28 13:47:56,cust_7580824,PORP,cash_loan,6025,18,682,medium,approved,6025,mobile,true,400
app_20250128_00003287,2025-01-28 03:39:43,cust_9739225,BENL,cash_loan,24603,30,624,medium,approved,24603,atm,true,521
app_20250128_00003288,2025-01-28 08:48:06,cust_9751248,BENL,cash_loan,13586,42,445,high,rejected,0,call_center,true,178
app_20250128_00003289,2025-01-28 00:20:54,cust_1560803,CZPR,education_loan,4992,36,533,medium,approved,4992,call_center,true,487
app_20250128_00003290,2025-01-28 12:36:13,cust_1818808,SESV,credit_card,8249,42,564,medium,rejected,0,online_banking,false,129
app_20250128_00003291,2025-01-28 07:24:53,cust_6343056,ESMA,mortgage,480602,120,660,medium,rejected,0,partner,true,50
app_20250128_00003292,2025-01-28 23:30:58,cust_6938085,DEHE,business_loan,14385,12,593,medium,approved,14385,call_center,true,700
app_20250128_00003293,2025-01-28 13:52:03,cust_3264710,NLAM,mortgage,289968,120,494,high,rejected,0,atm,true,32
app_20250128_00003294,2025-01-28 11:14:51,cust_6542610,ATVI,cash_loan,20233,48,656,medium,approved,20233,mobile,true,727
app_20250128_00003295,2025-01-28 04:59:38,cust_9489132,ITMI,mortgage,234197,180,724,low,approved,234197,atm,true,242
app_20250128_00003296,2025-01-28 11:10:50,cust_5679385,ESMA,credit_card,19072,42,767,low,approved,19072,atm,false,734
app_20250128_00003297,2025-01-28 02:20:48,cust_9775391,AUTR,personal_loan,45075,36,755,low,approved,45075,mobile,false,190
app_20250128_00003298,2025-01-28 23:41:51,cust_638177,GRRE,education_loan,33385,60,843,low,approved,33385,partner,false,691
app_20250128_00003299,2025-01-28 02:14:37,cust_9840674,SESV,cash_loan,49633,24,572,medium,rejected,0,call_center,false,101
app_20250128_00003300,2025-01-28 13:34:05,cust_9454453,ESMA,auto_loan,53543,48,748,low,approved,53543,web,true,636
app_20250128_00003301,2025-01-28 02:03:34,cust_2278566,ATVI,cash_loan,22640,30,687,medium,rejected,0,mobile_app,false,110
app_20250128_00003302,2025-01-28 04:21:07,cust_4981516,DEHE,business_loan,32322,48,816,low,approved,32322,atm,true,111
app_20250128_00003303,2025-01-28 21:27:16,cust_1396720,DEHE,business_loan,8186,12,557,medium,approved,8186,partner,true,46
app_20250128_00003304,2025-01-28 21:59:09,cust_818013,FRID,personal_loan,26401,18,549,medium,rejected,0,branch,false,161
app_20250128_00003305,2025-01-28 17:58:31,cust_9149958,ITMI,mortgage,401076,360,645,medium,approved,401076,call_center,true,320
app_20250128_00003306,2025-01-28 10:44:46,cust_1475272,FRID,mortgage,197896,120,530,medium,rejected,0,mobile,true,53
app_20250128_00003307,2025-01-28 18:24:21,cust_4500321,AUTR,refinance,283720,240,578,medium,rejected,0,mobile,true,145
app_20250128_00003308,2025-01-28 18:04:09,cust_6162974,FRID,business_loan,23255,24,587,medium,rejected,0,mobile_app,false,107
app_20250128_00003309,2025-01-28 15:05:26,cust_1310315,AUTR,education_loan,34066,12,662,medium,rejected,0,partner,false,41
app_20250128_00003310,2025-01-28 23:25:03,cust_6382340,CHBE,cash_loan,11658,36,603,medium,approved,11658,branch,true,289
app_20250128_00003311,2025-01-28 14:26:57,cust_6026278,NLAM,credit_card,16095,18,634,medium,rejected,0,online_banking,false,15
app_20250128_00003312,2025-01-28 11:46:52,cust_3099564,ATVI,mortgage,342520,240,850,low,approved,342520,online_banking,true,368
app_20250128_00003313,2025-01-28 01:14:47,cust_7687260,DEHE,business_loan,25396,48,541,medium,rejected,0,branch,false,97
app_20250128_00003314,2025-01-28 19:52:28,cust_611239,GRRE,cash_loan,9581,36,694,medium,rejected,0,online_banking,false,82
app_20250128_00003315,2025-01-28 22:40:48,cust_6222938,BENL,cash_loan,12702,24,509,medium,rejected,0,mobile,false,84
app_20250128_00003316,2025-01-28 15:12:02,cust_5394427,BENL,education_loan,14352,24,818,low,approved,14352,web,true,438
app_20250128_00003317,2025-01-28 18:45:09,cust_1634452,NLAM,cash_loan,7318,18,571,medium,rejected,0,call_center,true,84
app_20250128_00003318,2025-01-28 17:08:05,cust_9562567,ATVI,auto_loan,50812,60,574,medium,approved,50812,mobile,true,885
app_20250128_00003319,2025-01-28 16:37:47,cust_1594915,ATVI,cash_loan,29338,42,745,low,approved,29338,call_center,false,373
app_20250128_00003320,2025-01-28 21:36:54,cust_7766752,ITMI,personal_loan,43597,24,463,high,rejected,0,partner,true,9
app_20250128_00003321,2025-01-28 21:34:07,cust_1196949,NLAM,credit_card,1236,48,568,medium,approved,1236,web,false,90
app_20250128_00003322,2025-01-28 18:29:20,cust_8199940,AUTR,business_loan,37722,48,581,medium,rejected,0,online_banking,false,23
app_20250128_00003323,2025-01-28 22:04:45,cust_1024482,NLAM,cash_loan,46447,30,538,medium,approved,46447,mobile,true,634
app_20250128_00003324,2025-01-28 07:37:12,cust_4352686,CZPR,business_loan,30225,60,565,medium,approved,30225,web,true,793
app_20250128_00003325,2025-01-28 10:34:06,cust_4719557,PORP,education_loan,8325,12,636,medium,approved,8325,online_banking,false,224
app_20250128_00003326,2025-01-28 02:39:08,cust_7324835,FRID,credit_card,43943,42,837,low,rejected,0,mobile_app,false,113
app_20250128_00003327,2025-01-28 04:55:05,cust_4927773,CHBE,refinance,398238,120,836,low,approved,398238,mobile_app,false,877
app_20250128_00003328,2025-01-28 23:30:07,cust_8702003,PLWA,mortgage,168403,360,770,low,approved,168403,partner,false,93
app_20250128_00003329,2025-01-28 08:13:30,cust_896719,GRRE,credit_card,15721,48,711,low,approved,15721,mobile_app,true,73
app_20250128_00003330,2025-01-28 19:23:05,cust_6425767,PORP,cash_loan,17150,18,682,medium,approved,17150,atm,true,484
app_20250128_00003331,2025-01-28 22:58:09,cust_6685315,NLAM,credit_card,48005,36,602,medium,rejected,0,web,false,120
app_20250128_00003332,2025-01-28 00:19:20,cust_1477823,NLAM,credit_card,29221,42,752,low,approved,29221,partner,true,654
app_20250128_00003333,2025-01-28 09:33:20,cust_7454461,DEHE,mortgage,228226,180,555,medium,approved,228226,branch,true,641
app_20250128_00003334,2025-01-28 15:12:01,cust_3478867,ATVI,cash_loan,14146,30,714,low,approved,14146,online_banking,true,543
app_20250128_00003335,2025-01-28 11:22:56,cust_9295041,ESMA,cash_loan,5574,36,718,low,approved,5574,mobile,true,123
app_20250128_00003336,2025-01-28 20:56:00,cust_9364913,NLAM,business_loan,18294,24,611,medium,approved,18294,online_banking,true,491
app_20250128_00003337,2025-01-28 23:13:46,cust_5647789,AUTR,mortgage,334204,360,797,low,approved,334204,call_center,true,892
app_20250128_00003338,2025-01-28 09:20:29,cust_1091010,SESV,credit_card,43703,30,513,medium,approved,43703,branch,true,165
app_20250128_00003339,2025-01-28 15:08:39,cust_8262700,UKLO,cash_loan,16686,48,637,medium,approved,16686,partner,true,238
app_20250128_00003340,2025-01-28 15:42:42,cust_2704730,AUTR,refinance,456073,300,686,medium,approved,456073,branch,true,340
app_20250128_00003341,2025-01-28 09:28:37,cust_819741,ESMA,refinance,432443,300,625,medium,approved,432443,web,false,439
app_20250128_00003342,2025-01-28 13:32:09,cust_5417578,PLWA,personal_loan,44075,48,599,medium,approved,44075,mobile,true,581
app_20250128_00003343,2025-01-28 03:58:44,cust_7674402,DEHE,refinance,325956,120,788,low,approved,325956,mobile,true,183
app_20250128_00003344,2025-01-28 18:55:04,cust_246489,ITMI,education_loan,6962,12,557,medium,approved,6962,partner,true,664
app_20250128_00003345,2025-01-28 05:31:19,cust_5257527,PLWA,business_loan,13095,48,669,medium,approved,13095,mobile_app,true,227
app_20250128_00003346,2025-01-28 02:07:21,cust_998999,BENL,education_loan,27082,24,644,medium,approved,27082,atm,true,395
app_20250128_00003347,2025-01-28 08:10:43,cust_4239866,ESMA,business_loan,23754,48,668,medium,approved,23754,atm,false,248
app_20250128_00003348,2025-01-28 04:24:50,cust_6579467,ITMI,refinance,96129,360,712,low,approved,96129,partner,true,564
app_20250128_00003349,2025-01-28 16:00:32,cust_2179357,ESMA,mortgage,115074,180,506,medium,approved,115074,call_center,true,521
app_20250128_00003350,2025-01-28 12:42:07,cust_2630436,GRRE,education_loan,9601,48,587,medium,rejected,0,atm,false,171
app_20250128_00003351,2025-01-28 04:42:38,cust_7954660,CZPR,mortgage,248724,240,759,low,approved,248724,online_banking,true,415
app_20250128_00003352,2025-01-28 20:09:07,cust_2735643,CHBE,auto_loan,19865,60,801,low,approved,19865,online_banking,false,282
app_20250128_00003353,2025-01-28 16:59:34,cust_2392288,GRRE,business_loan,14172,24,580,medium,approved,14172,branch,false,78
app_20250128_00003354,2025-01-28 08:33:10,cust_9758315,NLAM,business_loan,38157,36,682,medium,approved,38157,call_center,false,141
app_20250128_00003355,2025-01-28 07:12:53,cust_9089762,PORP,personal_loan,16749,30,813,low,approved,16749,mobile,false,613
app_20250128_00003356,2025-01-28 00:32:07,cust_9721371,UKLO,mortgage,58615,240,716,low,approved,58615,mobile,true,247
app_20250128_00003357,2025-01-28 12:06:11,cust_5888503,CHBE,auto_loan,20325,72,650,medium,rejected,0,online_banking,true,109
app_20250128_00003358,2025-01-28 17:59:52,cust_1643773,DEHE,cash_loan,7286,24,610,medium,approved,7286,partner,false,883
app_20250128_00003359,2025-01-28 23:18:18,cust_2560754,CZPR,refinance,336394,180,590,medium,approved,336394,call_center,false,345
app_20250128_00003360,2025-01-28 11:45:53,cust_1988946,PLWA,auto_loan,43498,72,593,medium,rejected,0,partner,true,171
app_20250128_00003361,2025-01-28 18:57:55,cust_6749295,ESMA,refinance,167655,120,831,low,approved,167655,atm,true,462
app_20250128_00003362,2025-01-28 09:48:53,cust_4857028,UKLO,refinance,248581,300,568,medium,rejected,0,mobile_app,true,24
app_20250128_00003363,2025-01-28 11:13:38,cust_4955901,ESMA,personal_loan,45359,18,565,medium,rejected,0,online_banking,false,144
app_20250128_00003364,2025-01-28 15:40:21,cust_8741954,SESV,business_loan,29303,48,515,medium,rejected,0,mobile,false,63
app_20250128_00003365,2025-01-28 05:44:59,cust_8044730,ATVI,personal_loan,11196,36,644,medium,approved,11196,call_center,false,444
app_20250128_00003366,2025-01-28 01:27:00,cust_7857392,CHBE,credit_card,42949,30,601,medium,approved,42949,atm,true,592
app_20250128_00003367,2025-01-28 12:18:28,cust_7451661,ATVI,credit_card,16130,30,573,medium,rejected,0,call_center,true,154
app_20250128_00003368,2025-01-28 00:41:46,cust_1586448,AUTR,credit_card,46126,12,600,medium,approved,46126,web,true,782
app_20250128_00003369,2025-01-28 07:38:01,cust_3335335,BENL,auto_loan,37335,48,563,medium,rejected,0,web,true,95
app_20250128_00003370,2025-01-28 18:08:34,cust_8461323,DEHE,auto_loan,6730,48,765,low,approved,6730,mobile_app,false,410
app_20250128_00003371,2025-01-28 07:09:07,cust_8754303,GRRE,auto_loan,18656,36,636,medium,rejected,0,atm,true,76
app_20250128_00003372,2025-01-28 20:13:04,cust_6646529,GRRE,mortgage,140967,300,610,medium,rejected,0,atm,true,162
app_20250128_00003373,2025-01-28 16:10:35,cust_1098927,SESV,auto_loan,25979,48,690,medium,approved,25979,call_center,false,135
app_20250128_00003374,2025-01-28 14:12:44,cust_5224959,SESV,education_loan,17338,12,651,medium,approved,17338,call_center,true,866
app_20250128_00003375,2025-01-28 11:36:07,cust_287806,BENL,education_loan,4579,24,412,high,rejected,0,mobile_app,false,113
app_20250128_00003376,2025-01-28 15:52:04,cust_5394917,PLWA,refinance,491633,180,606,medium,rejected,0,call_center,false,60
app_20250128_00003377,2025-01-28 21:25:39,cust_3295255,PLWA,business_loan,12863,24,700,low,approved,12863,web,false,156
app_20250128_00003378,2025-01-28 16:25:38,cust_2716736,GRRE,refinance,453702,120,700,low,approved,453702,online_banking,true,196
app_20250128_00003379,2025-01-28 03:06:53,cust_951829,NLAM,business_loan,29307,12,714,low,approved,29307,online_banking,false,847
app_20250128_00003380,2025-01-28 00:23:27,cust_7901594,PLWA,auto_loan,48861,48,480,high,rejected,0,atm,true,24
app_20250128_00003381,2025-01-28 01:08:44,cust_9807196,UKLO,personal_loan,5600,24,547,medium,rejected,0,mobile,false,57
app_20250128_00003382,2025-01-28 00:21:43,cust_4843768,SESV,mortgage,150034,300,592,medium,rejected,0,partner,true,98
app_20250128_00003383,2025-01-28 20:48:06,cust_1648595,AUTR,personal_loan,18105,36,696,medium,rejected,0,online_banking,true,18
app_20250128_00003384,2025-01-28 17:34:36,cust_5969618,BENL,refinance,212422,120,413,high,rejected,0,atm,true,168
app_20250128_00003385,2025-01-28 02:27:39,cust_5092153,DEHE,personal_loan,29095,48,748,low,approved,29095,web,true,801
app_20250128_00003386,2025-01-28 00:53:31,cust_5821720,DEHE,refinance,371920,360,514,medium,rejected,0,web,false,99
app_20250128_00003387,2025-01-28 12:22:03,cust_9761550,PLWA,personal_loan,43535,24,686,medium,rejected,0,atm,false,95
app_20250128_00003388,2025-01-28 02:28:18,cust_5386923,ITMI,credit_card,13558,12,659,medium,rejected,0,mobile_app,true,107
app_20250128_00003389,2025-01-28 09:35:26,cust_5987356,DEHE,credit_card,43458,30,659,medium,rejected,0,call_center,true,160
app_20250128_00003390,2025-01-28 04:59:46,cust_4203150,NLAM,auto_loan,14216,24,612,medium,rejected,0,mobile_app,true,10
app_20250128_00003391,2025-01-28 08:59:16,cust_4050083,DEHE,credit_card,44004,36,560,medium,approved,44004,call_center,false,887
app_20250128_00003392,2025-01-28 05:51:43,cust_7798914,ESMA,refinance,448538,180,618,medium,rejected,0,web,true,128
app_20250128_00003393,2025-01-28 11:29:38,cust_927117,GRRE,personal_loan,8200,12,500,medium,rejected,0,atm,false,21
app_20250128_00003394,2025-01-28 01:33:50,cust_1268406,SESV,education_loan,38465,60,779,low,approved,38465,partner,true,127
app_20250128_00003395,2025-01-28 12:36:36,cust_555051,PORP,auto_loan,21796,60,706,low,approved,21796,partner,false,158
app_20250128_00003396,2025-01-28 02:31:04,cust_111795,PORP,auto_loan,51554,36,583,medium,approved,51554,branch,false,315
app_20250128_00003397,2025-01-28 19:36:32,cust_2387804,ESMA,mortgage,243735,300,465,high,rejected,0,web,true,41
app_20250128_00003398,2025-01-28 14:43:56,cust_632894,GRRE,personal_loan,9954,30,510,medium,rejected,0,mobile,true,39
app_20250128_00003399,2025-01-28 17:36:37,cust_8779307,ITMI,credit_card,37382,18,534,medium,rejected,0,mobile_app,true,63
app_20250128_00003400,2025-01-28 15:33:14,cust_4776512,NLAM,education_loan,38442,60,675,medium,rejected,0,mobile,true,108
app_20250128_00003401,2025-01-28 06:01:06,cust_2996100,BENL,education_loan,15161,36,550,medium,approved,15161,mobile,false,657
app_20250128_00003402,2025-01-28 19:09:40,cust_7691660,PORP,cash_loan,37559,36,680,medium,rejected,0,mobile,false,111
app_20250128_00003403,2025-01-28 04:52:19,cust_1277978,SESV,education_loan,39379,12,755,low,approved,39379,online_banking,false,428
app_20250128_00003404,2025-01-28 16:30:22,cust_3261198,ESMA,refinance,182543,360,604,medium,approved,182543,mobile_app,false,465
app_20250128_00003405,2025-01-28 10:47:59,cust_3454632,ESMA,credit_card,22222,30,560,medium,approved,22222,call_center,true,659
app_20250128_00003406,2025-01-28 19:50:06,cust_6662931,SESV,credit_card,15739,24,680,medium,rejected,0,mobile,true,161
app_20250128_00003407,2025-01-28 06:36:11,cust_2856689,CHBE,personal_loan,19552,24,653,medium,rejected,0,mobile,true,79
app_20250128_00003408,2025-01-28 14:03:31,cust_7663674,BENL,auto_loan,33442,24,819,low,approved,33442,web,false,826
app_20250128_00003409,2025-01-28 16:01:05,cust_4974349,SESV,business_loan,7880,48,627,medium,approved,7880,mobile_app,false,587
app_20250128_00003410,2025-01-28 20:05:03,cust_4630221,SESV,education_loan,37522,36,543,medium,rejected,0,partner,true,35
app_20250128_00003411,2025-01-28 01:43:37,cust_7468068,AUTR,business_loan,16296,60,672,medium,approved,16296,online_banking,true,825
app_20250128_00003412,2025-01-28 00:36:14,cust_695139,GRRE,education_loan,10581,24,606,medium,approved,10581,mobile,true,490
app_20250128_00003413,2025-01-28 20:20:15,cust_3723694,ATVI,education_loan,25038,48,798,low,approved,25038,call_center,false,173
app_20250128_00003414,2025-01-28 00:00:24,cust_7278788,CZPR,credit_card,30756,30,567,medium,rejected,0,web,false,25
app_20250128_00003415,2025-01-28 09:39:40,cust_1157810,AUTR,auto_loan,21811,24,798,low,approved,21811,online_banking,false,234
app_20250128_00003416,2025-01-28 20:20:51,cust_3440393,BENL,personal_loan,29166,36,567,medium,rejected,0,mobile_app,false,15
app_20250128_00003417,2025-01-28 12:03:29,cust_1059808,CHBE,mortgage,190184,300,586,medium,rejected,0,mobile,true,152
app_20250128_00003418,2025-01-28 22:11:20,cust_3350963,BENL,mortgage,306425,120,433,high,rejected,0,call_center,true,179
app_20250128_00003419,2025-01-28 11:18:51,cust_2589205,SESV,personal_loan,34849,42,614,medium,approved,34849,online_banking,false,89
app_20250128_00003420,2025-01-28 06:35:44,cust_3215707,BENL,education_loan,7534,12,643,medium,approved,7534,mobile_app,true,554
app_20250128_00003421,2025-01-28 23:43:45,cust_8896030,ITMI,education_loan,31608,36,777,low,approved,31608,online_banking,false,348
app_20250128_00003422,2025-01-28 13:20:50,cust_9597608,DEHE,auto_loan,24650,48,672,medium,rejected,0,branch,false,11
app_20250128_00003423,2025-01-28 07:08:53,cust_5354420,ESMA,cash_loan,11285,12,583,medium,rejected,0,online_banking,false,104
app_20250128_00003424,2025-01-28 16:59:43,cust_1837065,SESV,refinance,399435,120,634,medium,rejected,0,branch,false,91
app_20250128_00003425,2025-01-28 05:51:56,cust_8559020,GRRE,mortgage,369741,120,462,high,rejected,0,mobile,false,83
app_20250128_00003426,2025-01-28 13:30:01,cust_1925235,GRRE,personal_loan,47376,48,576,medium,rejected,0,mobile_app,true,19
app_20250128_00003427,2025-01-28 02:29:23,cust_2809468,CHBE,refinance,470318,300,774,low,approved,470318,atm,false,610
app_20250128_00003428,2025-01-28 02:38:57,cust_1738113,NLAM,mortgage,437641,240,646,medium,approved,437641,call_center,false,317
app_20250128_00003429,2025-01-28 18:29:08,cust_5625425,UKLO,personal_loan,25792,36,589,medium,approved,25792,branch,true,596
app_20250128_00003430,2025-01-28 18:06:10,cust_8937853,NLAM,business_loan,3224,60,715,low,approved,3224,branch,false,210
app_20250128_00003431,2025-01-28 18:46:36,cust_2824632,GRRE,mortgage,85942,180,624,medium,rejected,0,call_center,true,131
app_20250128_00003432,2025-01-28 19:31:56,cust_8215052,ESMA,auto_loan,14973,36,817,low,approved,14973,atm,false,291
app_20250128_00003433,2025-01-28 08:28:07,cust_8510677,UKLO,personal_loan,48046,48,686,medium,rejected,0,online_banking,true,40
app_20250128_00003434,2025-01-28 06:29:07,cust_7005938,DEHE,credit_card,30329,48,490,high,rejected,0,online_banking,true,37
app_20250128_00003435,2025-01-28 22:41:41,cust_7108603,DEHE,auto_loan,15202,60,700,low,rejected,0,partner,true,22
app_20250128_00003436,2025-01-28 08:59:41,cust_4757591,ATVI,refinance,470670,360,689,medium,approved,470670,call_center,false,33
app_20250128_00003437,2025-01-28 12:14:21,cust_2907764,PLWA,education_loan,5087,48,679,medium,approved,5087,mobile,false,635
app_20250128_00003438,2025-01-28 01:32:54,cust_6380875,UKLO,mortgage,153595,120,640,medium,rejected,0,atm,true,159
app_20250128_00003439,2025-01-28 21:30:52,cust_9473242,CZPR,mortgage,390142,180,621,medium,approved,390142,call_center,false,856
app_20250128_00003440,2025-01-28 11:04:37,cust_7522504,CZPR,education_loan,14743,36,684,medium,approved,14743,atm,false,373
app_20250128_00003441,2025-01-28 22:30:32,cust_4509941,FRID,business_loan,21137,12,678,medium,rejected,0,web,false,159
app_20250128_00003442,2025-01-28 00:10:55,cust_564921,GRRE,refinance,68965,120,543,medium,rejected,0,online_banking,false,163
app_20250128_00003443,2025-01-28 12:59:55,cust_2253905,PORP,credit_card,19870,24,652,medium,rejected,0,call_center,true,132
app_20250128_00003444,2025-01-28 09:43:59,cust_8476946,DEHE,education_loan,7476,48,473,high,rejected,0,mobile,true,65
app_20250128_00003445,2025-01-28 08:09:05,cust_1157693,ITMI,business_loan,19071,48,740,low,approved,19071,branch,false,452
app_20250128_00003446,2025-01-28 06:43:36,cust_2507358,ATVI,business_loan,17538,48,587,medium,rejected,0,online_banking,true,140
app_20250128_00003447,2025-01-28 19:02:24,cust_1457288,ATVI,education_loan,10744,24,667,medium,rejected,0,online_banking,true,29
app_20250128_00003448,2025-01-28 03:16:55,cust_7292639,ESMA,credit_card,8169,30,850,low,approved,8169,mobile_app,true,302
app_20250128_00003449,2025-01-28 00:32:04,cust_9432608,FRID,refinance,449776,240,589,medium,approved,449776,mobile,false,375
app_20250128_00003450,2025-01-28 17:57:24,cust_7486324,DEHE,credit_card,33948,18,549,medium,rejected,0,mobile_app,true,147
app_20250128_00003451,2025-01-28 10:24:57,cust_8196980,PLWA,cash_loan,2151,18,655,medium,approved,2151,atm,false,214
app_20250128_00003452,2025-01-28 17:15:52,cust_5324936,FRID,cash_loan,37209,48,671,medium,approved,37209,branch,false,53
app_20250128_00003453,2025-01-28 09:26:27,cust_3995594,SESV,credit_card,35887,48,518,medium,rejected,0,branch,true,45
app_20250128_00003454,2025-01-28 10:56:42,cust_4537253,NLAM,business_loan,31698,12,695,medium,approved,31698,web,false,107
app_20250128_00003455,2025-01-28 05:45:50,cust_4933817,NLAM,mortgage,254962,360,734,low,approved,254962,web,false,459
app_20250128_00003456,2025-01-28 13:57:11,cust_7919791,DEHE,auto_loan,6725,24,591,medium,approved,6725,online_banking,true,55
app_20250128_00003457,2025-01-28 19:26:53,cust_6072317,ESMA,refinance,96761,180,744,low,approved,96761,online_banking,true,582
app_20250128_00003458,2025-01-28 18:00:08,cust_315637,PORP,business_loan,29944,48,692,medium,approved,29944,mobile_app,false,612
app_20250128_00003459,2025-01-28 11:43:37,cust_7355381,FRID,mortgage,147050,240,793,low,approved,147050,atm,true,312
app_20250128_00003460,2025-01-28 19:50:32,cust_4272347,FRID,refinance,267896,180,648,medium,rejected,0,atm,false,19
app_20250128_00003461,2025-01-28 19:20:36,cust_2852204,CHBE,auto_loan,37209,36,634,medium,approved,37209,mobile,true,698
app_20250128_00003462,2025-01-28 11:05:18,cust_1774060,SESV,refinance,411703,300,620,medium,approved,411703,branch,false,355
app_20250128_00003463,2025-01-28 17:51:41,cust_7944150,ITMI,auto_loan,53495,60,790,low,approved,53495,mobile_app,false,415
app_20250128_00003464,2025-01-28 06:49:55,cust_6727484,DEHE,education_loan,3142,24,541,medium,approved,3142,mobile,false,403
app_20250128_00003465,2025-01-28 19:40:07,cust_6308356,ITMI,cash_loan,6355,30,764,low,approved,6355,branch,false,111
app_20250128_00003466,2025-01-28 02:00:46,cust_6426855,CZPR,business_loan,39776,36,657,medium,approved,39776,partner,false,520
app_20250128_00003467,2025-01-28 21:17:41,cust_3260457,PORP,business_loan,15916,12,644,medium,rejected,0,web,true,179
app_20250128_00003468,2025-01-28 05:35:48,cust_3795692,FRID,refinance,497582,240,555,medium,approved,497582,web,false,785
app_20250128_00003469,2025-01-28 03:41:30,cust_904466,ITMI,education_loan,18251,24,646,medium,approved,18251,branch,false,378
app_20250128_00003470,2025-01-28 19:03:30,cust_121460,BENL,cash_loan,1335,18,670,medium,approved,1335,branch,true,385
app_20250128_00003471,2025-01-28 04:55:33,cust_7899326,NLAM,business_loan,31687,12,705,low,approved,31687,branch,true,469
app_20250128_00003472,2025-01-28 23:07:42,cust_8955133,CHBE,mortgage,228858,360,616,medium,approved,228858,atm,true,781
app_20250128_00003473,2025-01-28 23:46:33,cust_2780323,SESV,education_loan,12876,24,649,medium,approved,12876,atm,true,819
app_20250128_00003474,2025-01-28 06:55:46,cust_2479999,PLWA,education_loan,5246,24,778,low,approved,5246,partner,false,616
app_20250128_00003475,2025-01-28 21:22:27,cust_187893,CHBE,mortgage,56678,180,302,high,rejected,0,mobile_app,false,138
app_20250128_00003476,2025-01-28 23:34:42,cust_9177077,NLAM,personal_loan,37654,24,809,low,approved,37654,atm,false,234
app_20250128_00003477,2025-01-28 23:31:16,cust_8418495,BENL,business_loan,8344,36,586,medium,rejected,0,atm,false,174
app_20250128_00003478,2025-01-28 01:38:08,cust_9066559,BENL,refinance,66097,240,597,medium,approved,66097,web,true,538
app_20250128_00003479,2025-01-28 14:43:51,cust_646167,FRID,refinance,265164,360,656,medium,approved,265164,call_center,false,434
app_20250128_00003480,2025-01-28 21:08:43,cust_286125,CZPR,auto_loan,26680,48,541,medium,approved,26680,partner,false,570
app_20250128_00003481,2025-01-28 21:53:23,cust_7012099,FRID,credit_card,38549,48,629,medium,approved,38549,mobile_app,true,141
app_20250128_00003482,2025-01-28 12:13:11,cust_8607439,BENL,mortgage,84924,180,782,low,approved,84924,online_banking,true,488
app_20250128_00003483,2025-01-28 08:12:09,cust_7838751,ITMI,education_loan,20595,12,551,medium,rejected,0,mobile,true,141
app_20250128_00003484,2025-01-28 18:53:19,cust_845084,SESV,refinance,246610,180,555,medium,approved,246610,call_center,true,894
app_20250128_00003485,2025-01-28 10:46:25,cust_2663225,FRID,auto_loan,27730,24,725,low,approved,27730,mobile,true,453
app_20250128_00003486,2025-01-28 04:14:54,cust_6869142,DEHE,refinance,170087,120,539,medium,rejected,0,call_center,true,104
app_20250128_00003487,2025-01-28 05:32:33,cust_4908784,DEHE,cash_loan,10399,30,845,low,approved,10399,partner,true,848
app_20250128_00003488,2025-01-28 17:58:43,cust_2871757,CZPR,credit_card,1973,42,606,medium,approved,1973,web,true,763
app_20250128_00003489,2025-01-28 18:44:26,cust_7179260,PLWA,personal_loan,45281,48,749,low,approved,45281,atm,true,171
app_20250128_00003490,2025-01-28 17:58:28,cust_5575596,ESMA,refinance,294610,180,592,medium,approved,294610,online_banking,true,420
app_20250128_00003491,2025-01-28 00:11:47,cust_8974690,ESMA,cash_loan,20837,12,548,medium,rejected,0,partner,true,56
app_20250128_00003492,2025-01-28 17:58:08,cust_5006537,DEHE,credit_card,28498,24,551,medium,approved,28498,mobile,false,623
app_20250128_00003493,2025-01-28 22:13:21,cust_7533677,PLWA,auto_loan,50648,72,573,medium,rejected,0,mobile_app,true,30
app_20250128_00003494,2025-01-28 23:49:39,cust_3614473,ESMA,credit_card,26195,48,751,low,approved,26195,branch,true,467
app_20250128_00003495,2025-01-28 17:56:47,cust_1133531,AUTR,credit_card,8985,36,570,medium,approved,8985,branch,true,679
app_20250128_00003496,2025-01-28 15:26:14,cust_7388971,ESMA,business_loan,12122,48,748,low,approved,12122,branch,false,844
app_20250128_00003497,2025-01-28 22:59:15,cust_7859935,FRID,education_loan,29948,60,735,low,approved,29948,mobile_app,true,490
app_20250128_00003498,2025-01-28 01:38:39,cust_9560631,ESMA,mortgage,468503,240,581,medium,rejected,0,partner,false,112
app_20250128_00003499,2025-01-28 05:52:02,cust_3907338,BENL,credit_card,20656,30,768,low,approved,20656,web,false,452
app_20250128_00003500,2025-01-28 04:44:15,cust_6554567,GRRE,education_loan,3139,12,643,medium,approved,3139,partner,false,365
app_20250128_00003501,2025-01-28 18:33:41,cust_3829466,BENL,mortgage,181087,360,398,high,rejected,0,online_banking,true,144
app_20250128_00003502,2025-01-28 03:24:03,cust_267567,GRRE,refinance,190366,180,597,medium,rejected,0,call_center,false,30
app_20250128_00003503,2025-01-28 06:54:58,cust_6009949,ATVI,cash_loan,31140,42,836,low,rejected,0,online_banking,false,64
app_20250128_00003504,2025-01-28 05:24:20,cust_3240052,ATVI,education_loan,36711,48,850,low,approved,36711,mobile_app,false,756
app_20250128_00003505,2025-01-28 16:05:04,cust_1693629,DEHE,education_loan,16184,36,519,medium,rejected,0,call_center,true,180
app_20250128_00003506,2025-01-28 14:46:52,cust_9371570,GRRE,auto_loan,35561,72,691,medium,approved,35561,call_center,false,513
app_20250128_00003507,2025-01-28 11:53:45,cust_7920853,DEHE,education_loan,12850,36,615,medium,rejected,0,branch,false,127
app_20250128_00003508,2025-01-28 12:05:53,cust_9503511,NLAM,education_loan,15481,24,850,low,approved,15481,mobile_app,true,745
app_20250128_00003509,2025-01-28 13:42:10,cust_954638,SESV,auto_loan,57716,72,587,medium,approved,57716,call_center,false,674
app_20250128_00003510,2025-01-28 08:55:33,cust_1141170,ATVI,mortgage,433686,240,606,medium,approved,433686,partner,true,286
app_20250128_00003511,2025-01-28 00:52:36,cust_546940,GRRE,personal_loan,25469,36,603,medium,approved,25469,call_center,true,738
app_20250128_00003512,2025-01-28 15:47:06,cust_6016037,PORP,refinance,300080,120,768,low,approved,300080,atm,false,589
app_20250128_00003513,2025-01-28 21:33:19,cust_9264640,ATVI,mortgage,250304,360,699,medium,approved,250304,branch,true,513
app_20250128_00003514,2025-01-28 06:07:34,cust_6850931,CHBE,refinance,335118,240,743,low,approved,335118,partner,false,556
app_20250128_00003515,2025-01-28 08:24:48,cust_4523295,FRID,cash_loan,32675,42,729,low,approved,32675,online_banking,true,308
app_20250128_00003516,2025-01-28 15:16:12,cust_8193443,ESMA,auto_loan,13505,60,494,high,rejected,0,partner,false,70
app_20250128_00003517,2025-01-28 14:07:04,cust_2159250,AUTR,refinance,159580,180,688,medium,approved,159580,web,false,389
app_20250128_00003518,2025-01-28 10:02:39,cust_234033,SESV,auto_loan,23034,60,762,low,approved,23034,online_banking,false,265
app_20250128_00003519,2025-01-28 10:11:54,cust_5908884,DEHE,personal_loan,30926,36,652,medium,approved,30926,branch,true,80
app_20250128_00003520,2025-01-28 18:31:35,cust_1916398,CHBE,mortgage,491081,360,850,low,approved,491081,mobile,true,773
app_20250128_00003521,2025-01-28 14:49:18,cust_7612597,PORP,education_loan,10090,48,486,high,rejected,0,partner,true,36
app_20250128_00003522,2025-01-28 21:54:20,cust_5926983,PLWA,auto_loan,27988,36,755,low,approved,27988,branch,false,635
app_20250128_00003523,2025-01-28 19:52:17,cust_4954142,SESV,mortgage,442926,300,665,medium,approved,442926,online_banking,true,513
app_20250128_00003524,2025-01-28 11:32:44,cust_8049122,CHBE,mortgage,154049,300,609,medium,approved,154049,call_center,true,229
app_20250128_00003525,2025-01-28 06:26:48,cust_1100974,BENL,education_loan,11552,24,424,high,rejected,0,mobile,false,134
app_20250128_00003526,2025-01-28 21:30:38,cust_1175120,UKLO,auto_loan,56191,72,627,medium,approved,56191,branch,true,666
app_20250128_00003527,2025-01-28 15:08:53,cust_9800404,AUTR,auto_loan,8027,24,637,medium,approved,8027,mobile_app,false,691
app_20250128_00003528,2025-01-28 03:51:16,cust_9547966,PLWA,mortgage,263972,300,561,medium,rejected,0,web,false,78
app_20250128_00003529,2025-01-28 22:06:35,cust_7827408,UKLO,credit_card,16532,12,616,medium,approved,16532,mobile_app,false,514
app_20250128_00003530,2025-01-28 15:58:38,cust_5207629,ESMA,refinance,229161,180,607,medium,approved,229161,atm,true,453
app_20250128_00003531,2025-01-28 14:52:16,cust_6933971,ITMI,auto_loan,18900,24,634,medium,approved,18900,mobile,false,653
app_20250128_00003532,2025-01-28 08:15:29,cust_7955856,AUTR,education_loan,14775,60,680,medium,approved,14775,mobile,false,862
app_20250128_00003533,2025-01-28 22:58:42,cust_6131412,UKLO,mortgage,51331,120,642,medium,approved,51331,web,true,425
app_20250128_00003534,2025-01-28 19:25:10,cust_2044545,GRRE,credit_card,30937,24,654,medium,approved,30937,atm,false,293
app_20250128_00003535,2025-01-28 08:34:20,cust_8306131,PORP,mortgage,303582,240,545,medium,rejected,0,partner,true,6
app_20250128_00003536,2025-01-28 01:02:21,cust_5995685,ESMA,credit_card,28767,12,651,medium,approved,28767,web,true,356
app_20250128_00003537,2025-01-28 06:45:31,cust_5026204,CZPR,refinance,148792,240,704,low,rejected,0,mobile,false,109
app_20250128_00003538,2025-01-28 19:13:17,cust_8897006,DEHE,business_loan,8619,60,689,medium,approved,8619,online_banking,true,897
app_20250128_00003539,2025-01-28 17:12:22,cust_6502889,SESV,refinance,179714,120,599,medium,rejected,0,online_banking,true,133
app_20250128_00003540,2025-01-28 23:15:21,cust_5326311,ITMI,refinance,464740,360,654,medium,approved,464740,call_center,false,532
app_20250128_00003541,2025-01-28 19:06:36,cust_1898490,CHBE,credit_card,31045,36,779,low,approved,31045,online_banking,true,465
app_20250128_00003542,2025-01-28 02:51:29,cust_7155335,AUTR,personal_loan,5914,48,675,medium,rejected,0,web,false,36
app_20250128_00003543,2025-01-28 02:09:58,cust_4290197,ESMA,refinance,348120,180,585,medium,rejected,0,mobile_app,false,69
app_20250128_00003544,2025-01-28 19:25:06,cust_3352257,BENL,mortgage,379411,180,588,medium,rejected,0,partner,false,11
app_20250128_00003545,2025-01-28 15:16:27,cust_9478408,ITMI,credit_card,16339,36,596,medium,rejected,0,online_banking,false,74
app_20250128_00003546,2025-01-28 03:39:27,cust_8771880,ITMI,mortgage,62216,240,726,low,approved,62216,partner,true,829
app_20250128_00003547,2025-01-28 16:21:47,cust_7983773,FRID,refinance,155574,180,679,medium,rejected,0,partner,true,134
app_20250128_00003548,2025-01-28 15:41:32,cust_6499553,PORP,personal_loan,12537,30,382,high,rejected,0,online_banking,false,30
app_20250128_00003549,2025-01-28 22:46:44,cust_9289035,CHBE,education_loan,31773,36,720,low,approved,31773,online_banking,true,76
app_20250128_00003550,2025-01-28 19:14:59,cust_9820026,ESMA,auto_loan,46070,60,767,low,rejected,0,mobile_app,false,146
app_20250128_00003551,2025-01-28 00:43:31,cust_1814376,UKLO,education_loan,7366,24,527,medium,approved,7366,call_center,true,279
app_20250128_00003552,2025-01-28 09:30:22,cust_450923,AUTR,mortgage,57962,360,670,medium,approved,57962,web,false,167
app_20250128_00003553,2025-01-28 20:56:31,cust_649708,BENL,business_loan,19340,60,726,low,approved,19340,atm,false,81
app_20250128_00003554,2025-01-28 01:10:09,cust_2682489,BENL,business_loan,11217,24,754,low,approved,11217,mobile,true,321
app_20250128_00003555,2025-01-28 09:35:59,cust_7131479,NLAM,business_loan,27646,24,637,medium,rejected,0,atm,false,39
app_20250128_00003556,2025-01-28 15:12:48,cust_4820642,ITMI,credit_card,37377,12,743,low,approved,37377,branch,false,396
app_20250128_00003557,2025-01-28 22:01:05,cust_5075344,ITMI,mortgage,105054,180,699,medium,approved,105054,call_center,true,182
app_20250128_00003558,2025-01-28 17:27:33,cust_6836203,PLWA,mortgage,170408,360,545,medium,rejected,0,partner,true,92
app_20250128_00003559,2025-01-28 16:57:31,cust_9633690,AUTR,credit_card,4722,42,458,high,rejected,0,mobile_app,false,166
app_20250128_00003560,2025-01-28 23:59:28,cust_5519768,ITMI,business_loan,18182,60,735,low,approved,18182,partner,true,386
app_20250128_00003561,2025-01-28 07:50:48,cust_7571053,NLAM,cash_loan,36356,36,652,medium,rejected,0,mobile,true,47
app_20250128_00003562,2025-01-28 17:11:44,cust_7640881,FRID,auto_loan,34073,72,747,low,approved,34073,branch,true,37
app_20250128_00003563,2025-01-28 05:53:38,cust_4010923,NLAM,business_loan,38794,48,735,low,approved,38794,online_banking,false,587
app_20250128_00003564,2025-01-28 02:44:51,cust_1984609,ESMA,education_loan,17373,24,850,low,approved,17373,branch,true,578
app_20250128_00003565,2025-01-28 23:31:15,cust_6214111,DEHE,education_loan,34769,48,486,high,rejected,0,online_banking,false,11
app_20250128_00003566,2025-01-28 08:18:01,cust_1661743,ITMI,auto_loan,24130,72,482,high,rejected,0,mobile,false,38
app_20250128_00003567,2025-01-28 22:48:37,cust_1301468,PLWA,cash_loan,18820,36,712,low,approved,18820,web,true,266
app_20250128_00003568,2025-01-28 14:34:57,cust_2282065,UKLO,mortgage,284552,240,720,low,approved,284552,call_center,true,556
app_20250128_00003569,2025-01-28 20:13:23,cust_5732652,AUTR,auto_loan,41280,72,500,medium,rejected,0,web,true,111
app_20250128_00003570,2025-01-28 07:41:20,cust_9136484,NLAM,education_loan,24910,12,611,medium,approved,24910,mobile,true,724
app_20250128_00003571,2025-01-28 21:00:30,cust_4226788,SESV,business_loan,3982,24,832,low,approved,3982,atm,true,777
app_20250128_00003572,2025-01-28 06:43:06,cust_6308947,PLWA,business_loan,32861,60,729,low,approved,32861,atm,false,640
app_20250128_00003573,2025-01-28 23:15:39,cust_7960154,FRID,education_loan,32441,36,850,low,rejected,0,mobile,false,44
app_20250128_00003574,2025-01-28 03:54:42,cust_1888267,NLAM,education_loan,25469,60,508,medium,approved,25469,mobile,true,161
app_20250128_00003575,2025-01-28 15:20:51,cust_2815868,AUTR,personal_loan,5421,36,665,medium,approved,5421,call_center,false,783
app_20250128_00003576,2025-01-28 09:53:08,cust_2765797,AUTR,auto_loan,48500,24,585,medium,rejected,0,branch,true,88
app_20250128_00003577,2025-01-28 20:50:40,cust_2720012,ATVI,credit_card,31501,48,666,medium,rejected,0,branch,false,36
app_20250128_00003578,2025-01-28 11:26:58,cust_2897552,BENL,business_loan,8214,36,609,medium,approved,8214,mobile,true,154
app_20250128_00003579,2025-01-28 22:28:25,cust_6649459,FRID,personal_loan,36001,18,596,medium,rejected,0,online_banking,false,166
app_20250128_00003580,2025-01-28 16:12:24,cust_5323142,FRID,personal_loan,28795,48,719,low,approved,28795,branch,false,883
app_20250128_00003581,2025-01-28 22:49:05,cust_239241,DEHE,education_loan,25675,48,778,low,approved,25675,mobile,true,819
app_20250128_00003582,2025-01-28 12:29:06,cust_6723805,UKLO,auto_loan,34444,72,689,medium,rejected,0,online_banking,false,93
app_20250128_00003583,2025-01-28 02:35:48,cust_2739603,CHBE,mortgage,459210,300,516,medium,rejected,0,call_center,true,105
app_20250128_00003584,2025-01-28 06:27:11,cust_1027071,DEHE,mortgage,224045,360,764,low,approved,224045,branch,false,39
app_20250128_00003585,2025-01-28 05:35:51,cust_9449034,DEHE,credit_card,2275,42,736,low,approved,2275,atm,true,552
app_20250128_00003586,2025-01-28 12:49:42,cust_5058105,GRRE,education_loan,11431,12,480,high,rejected,0,call_center,true,52
app_20250128_00003587,2025-01-28 07:26:37,cust_7317646,ITMI,cash_loan,32650,36,689,medium,approved,32650,partner,false,881
app_20250128_00003588,2025-01-28 13:30:31,cust_1059990,AUTR,personal_loan,2113,48,635,medium,approved,2113,online_banking,false,380
app_20250128_00003589,2025-01-28 14:41:39,cust_7130567,GRRE,business_loan,5584,60,617,medium,approved,5584,web,false,481
app_20250128_00003590,2025-01-28 19:22:38,cust_9107480,CHBE,personal_loan,32962,30,714,low,approved,32962,branch,false,768
app_20250128_00003591,2025-01-28 13:41:49,cust_945428,PLWA,cash_loan,18285,24,815,low,approved,18285,call_center,false,59
app_20250128_00003592,2025-01-28 15:24:59,cust_6423459,ESMA,auto_loan,13277,48,521,medium,approved,13277,web,false,133
app_20250128_00003593,2025-01-28 10:58:47,cust_9576566,PLWA,auto_loan,17762,48,729,low,approved,17762,mobile_app,false,684
app_20250128_00003594,2025-01-28 19:19:29,cust_9516118,AUTR,mortgage,422694,360,605,medium,approved,422694,partner,false,658
app_20250128_00003595,2025-01-28 06:08:12,cust_8266973,AUTR,education_loan,4269,12,669,medium,approved,4269,mobile,true,783
app_20250128_00003596,2025-01-28 08:05:16,cust_4439452,DEHE,credit_card,4155,30,594,medium,approved,4155,web,true,644
app_20250128_00003597,2025-01-28 02:49:35,cust_7708814,NLAM,auto_loan,15254,60,649,medium,approved,15254,mobile_app,false,550
app_20250128_00003598,2025-01-28 10:48:01,cust_1243814,AUTR,refinance,257681,360,494,high,rejected,0,web,true,69
app_20250128_00003599,2025-01-28 04:28:21,cust_8540758,DEHE,personal_loan,44827,12,692,medium,approved,44827,mobile_app,true,69
app_20250128_00003600,2025-01-28 07:04:04,cust_7997459,PLWA,credit_card,47728,18,506,medium,rejected,0,partner,false,160
app_20250128_00003601,2025-01-28 22:15:05,cust_8328286,AUTR,mortgage,309148,240,487,high,rejected,0,online_banking,true,7
app_20250128_00003602,2025-01-28 09:11:17,cust_7005247,ATVI,refinance,240521,360,666,medium,approved,240521,partner,false,137
app_20250128_00003603,2025-01-28 15:05:30,cust_8571671,AUTR,cash_loan,16212,42,677,medium,approved,16212,mobile_app,true,88
app_20250128_00003604,2025-01-28 20:37:20,cust_3440652,UKLO,auto_loan,6331,48,507,medium,rejected,0,online_banking,false,5
app_20250128_00003605,2025-01-28 14:34:13,cust_6893587,PORP,education_loan,20657,24,571,medium,approved,20657,mobile_app,false,342
app_20250128_00003606,2025-01-28 15:59:19,cust_7064260,PLWA,business_loan,32543,48,661,medium,approved,32543,web,false,658
app_20250128_00003607,2025-01-28 12:29:08,cust_5706285,BENL,mortgage,83626,300,781,low,approved,83626,branch,true,282
app_20250128_00003608,2025-01-28 05:25:53,cust_1595074,CZPR,refinance,321539,300,578,medium,rejected,0,mobile_app,false,109
app_20250128_00003609,2025-01-28 09:31:10,cust_2952947,BENL,refinance,204447,180,675,medium,approved,204447,web,true,664
app_20250128_00003610,2025-01-28 01:04:37,cust_123872,ATVI,personal_loan,17532,30,850,low,approved,17532,call_center,true,722
app_20250128_00003611,2025-01-28 06:08:52,cust_9002133,DEHE,personal_loan,45667,48,651,medium,approved,45667,mobile_app,true,804
app_20250128_00003612,2025-01-28 04:36:58,cust_4803927,AUTR,refinance,198822,180,850,low,approved,198822,online_banking,false,253
app_20250128_00003613,2025-01-28 23:24:41,cust_3001598,PLWA,business_loan,16280,24,678,medium,approved,16280,partner,true,406
app_20250128_00003614,2025-01-28 21:02:14,cust_9577171,ITMI,business_loan,38380,60,565,medium,approved,38380,web,false,687
app_20250128_00003615,2025-01-28 07:45:21,cust_3087248,ESMA,refinance,139645,120,682,medium,approved,139645,online_banking,false,811
app_20250128_00003616,2025-01-28 11:02:21,cust_2205670,BENL,auto_loan,59959,48,642,medium,rejected,0,partner,true,51
app_20250128_00003617,2025-01-28 18:23:27,cust_381080,FRID,refinance,405838,120,775,low,approved,405838,branch,true,736
app_20250128_00003618,2025-01-28 23:26:40,cust_9591430,UKLO,mortgage,388965,120,596,medium,rejected,0,call_center,true,82
app_20250128_00003619,2025-01-28 12:33:47,cust_9532680,BENL,credit_card,5934,12,533,medium,rejected,0,online_banking,false,75
app_20250128_00003620,2025-01-28 16:14:27,cust_1017059,CZPR,business_loan,35147,12,613,medium,approved,35147,call_center,true,217
app_20250128_00003621,2025-01-28 07:00:10,cust_6941859,AUTR,personal_loan,47878,48,509,medium,approved,47878,branch,false,546
app_20250128_00003622,2025-01-28 04:27:50,cust_9090135,SESV,mortgage,438555,240,787,low,approved,438555,atm,false,386
app_20250128_00003623,2025-01-28 20:58:31,cust_8840682,FRID,credit_card,22132,12,615,medium,approved,22132,call_center,true,311
app_20250128_00003624,2025-01-28 14:33:35,cust_4101334,DEHE,credit_card,49058,42,689,medium,rejected,0,atm,false,114
app_20250128_00003625,2025-01-28 07:26:47,cust_7140784,GRRE,auto_loan,20579,72,713,low,approved,20579,mobile,true,606
app_20250128_00003626,2025-01-28 17:57:50,cust_2178865,PORP,cash_loan,34547,42,695,medium,approved,34547,mobile,true,574
app_20250128_00003627,2025-01-28 13:40:50,cust_4282569,NLAM,business_loan,4286,12,604,medium,approved,4286,branch,false,489
app_20250128_00003628,2025-01-28 16:34:21,cust_4944822,ESMA,cash_loan,7962,18,634,medium,approved,7962,online_banking,true,641
app_20250128_00003629,2025-01-28 00:18:41,cust_7588842,CZPR,business_loan,25919,12,568,medium,rejected,0,web,false,34
app_20250128_00003630,2025-01-28 17:35:48,cust_6275982,AUTR,mortgage,395498,360,596,medium,rejected,0,web,false,18
app_20250128_00003631,2025-01-28 19:54:50,cust_4313543,PLWA,refinance,241056,360,765,low,approved,241056,mobile,false,282
app_20250128_00003632,2025-01-28 20:19:38,cust_1103383,GRRE,cash_loan,43558,18,711,low,approved,43558,partner,true,737
app_20250128_00003633,2025-01-28 17:22:30,cust_9535214,CZPR,credit_card,40526,42,746,low,approved,40526,branch,false,66
app_20250128_00003634,2025-01-28 17:55:01,cust_5195024,DEHE,mortgage,317588,360,598,medium,rejected,0,mobile,false,75
app_20250128_00003635,2025-01-28 15:14:16,cust_5787628,CHBE,cash_loan,42705,12,781,low,approved,42705,atm,false,290
app_20250128_00003636,2025-01-28 02:18:38,cust_124805,GRRE,refinance,462127,180,555,medium,approved,462127,web,false,813
app_20250128_00003637,2025-01-28 23:21:37,cust_5406742,AUTR,mortgage,398899,180,620,medium,approved,398899,call_center,true,754
app_20250128_00003638,2025-01-28 10:15:19,cust_3154183,CZPR,business_loan,11178,12,550,medium,approved,11178,branch,true,310
app_20250128_00003639,2025-01-28 10:54:37,cust_3125737,PLWA,education_loan,25046,36,421,high,rejected,0,branch,true,146
app_20250128_00003640,2025-01-28 15:12:00,cust_6682555,DEHE,credit_card,39024,12,688,medium,approved,39024,mobile_app,false,270
app_20250128_00003641,2025-01-28 19:43:24,cust_1407991,DEHE,mortgage,291139,240,587,medium,rejected,0,branch,false,84
app_20250128_00003642,2025-01-28 06:43:09,cust_8424197,ITMI,education_loan,28984,48,683,medium,approved,28984,call_center,false,591
app_20250128_00003643,2025-01-28 13:58:57,cust_7589611,UKLO,auto_loan,31722,60,700,low,approved,31722,web,false,188
app_20250128_00003644,2025-01-28 15:37:08,cust_9186527,ESMA,refinance,111076,240,579,medium,rejected,0,branch,false,169
app_20250128_00003645,2025-01-28 15:08:08,cust_1761337,BENL,cash_loan,12271,12,781,low,approved,12271,partner,true,463
app_20250128_00003646,2025-01-28 10:52:57,cust_2950343,DEHE,refinance,330809,240,703,low,approved,330809,mobile_app,false,573
app_20250128_00003647,2025-01-28 04:42:45,cust_8255872,FRID,mortgage,273868,240,447,high,rejected,0,branch,false,16
app_20250128_00003648,2025-01-28 18:39:43,cust_3473139,NLAM,education_loan,38081,60,539,medium,approved,38081,branch,false,242
app_20250128_00003649,2025-01-28 05:47:20,cust_8191381,DEHE,credit_card,44356,30,640,medium,approved,44356,branch,false,401
app_20250128_00003650,2025-01-28 13:56:21,cust_623620,PLWA,personal_loan,2282,36,775,low,approved,2282,web,true,313
app_20250128_00003651,2025-01-28 16:25:47,cust_1704228,FRID,credit_card,34073,48,752,low,approved,34073,partner,false,836
app_20250128_00003652,2025-01-28 23:34:24,cust_5581326,CZPR,business_loan,34889,24,583,medium,rejected,0,atm,false,129
app_20250128_00003653,2025-01-28 21:43:33,cust_1422222,AUTR,refinance,221324,300,768,low,approved,221324,partner,false,138
app_20250128_00003654,2025-01-28 03:19:54,cust_4618635,NLAM,cash_loan,15683,48,549,medium,approved,15683,branch,false,435
app_20250128_00003655,2025-01-28 03:38:11,cust_176459,ESMA,education_loan,16553,24,767,low,approved,16553,branch,true,865
app_20250128_00003656,2025-01-28 17:13:00,cust_6039463,NLAM,auto_loan,42849,36,598,medium,approved,42849,web,true,111
app_20250128_00003657,2025-01-28 02:43:29,cust_3095640,ITMI,credit_card,27110,24,555,medium,rejected,0,branch,true,139
app_20250128_00003658,2025-01-28 16:40:48,cust_2015731,CZPR,business_loan,31256,60,563,medium,rejected,0,web,false,15
app_20250128_00003659,2025-01-28 10:33:42,cust_1351549,SESV,auto_loan,35771,36,468,high,rejected,0,call_center,false,96
app_20250128_00003660,2025-01-28 19:44:33,cust_1338597,ITMI,mortgage,260650,360,431,high,rejected,0,branch,false,19
app_20250128_00003661,2025-01-28 22:57:53,cust_6373275,UKLO,education_loan,11443,36,580,medium,rejected,0,mobile,false,38
app_20250128_00003662,2025-01-28 05:59:05,cust_2559521,PORP,refinance,190563,300,782,low,approved,190563,branch,false,643
app_20250128_00003663,2025-01-28 05:11:39,cust_6083877,SESV,personal_loan,5602,42,682,medium,approved,5602,partner,false,840
app_20250128_00003664,2025-01-28 10:06:18,cust_8090493,PLWA,refinance,180295,360,694,medium,approved,180295,mobile,true,682
app_20250128_00003665,2025-01-28 07:13:02,cust_6393138,ATVI,mortgage,351602,120,783,low,approved,351602,partner,false,186
app_20250128_00003666,2025-01-28 20:16:25,cust_7050738,CHBE,education_loan,20098,60,574,medium,rejected,0,atm,true,86
app_20250128_00003667,2025-01-28 22:00:28,cust_3690422,UKLO,education_loan,20384,48,791,low,approved,20384,online_banking,false,552
app_20250128_00003668,2025-01-28 07:27:18,cust_4389013,PLWA,education_loan,4688,24,515,medium,rejected,0,online_banking,true,155
app_20250128_00003669,2025-01-28 20:39:07,cust_7647380,BENL,education_loan,33242,24,629,medium,approved,33242,mobile,false,533
app_20250128_00003670,2025-01-28 00:17:22,cust_7012222,BENL,refinance,235050,180,674,medium,approved,235050,mobile_app,true,161
app_20250128_00003671,2025-01-28 10:31:00,cust_8823854,ITMI,auto_loan,35445,24,597,medium,rejected,0,mobile,true,133
app_20250128_00003672,2025-01-28 00:09:11,cust_1224116,AUTR,cash_loan,2439,24,508,medium,rejected,0,mobile,true,137
app_20250128_00003673,2025-01-28 16:53:30,cust_5075604,ATVI,auto_loan,39186,48,632,medium,approved,39186,web,true,690
app_20250128_00003674,2025-01-28 06:18:06,cust_3593841,NLAM,credit_card,9927,18,581,medium,approved,9927,atm,true,145
app_20250128_00003675,2025-01-28 09:24:16,cust_8267308,ATVI,personal_loan,49178,48,647,medium,rejected,0,branch,false,25
app_20250128_00003676,2025-01-28 19:33:05,cust_9509849,NLAM,cash_loan,49569,24,641,medium,rejected,0,web,false,107
app_20250128_00003677,2025-01-28 12:29:50,cust_1893715,ATVI,mortgage,128760,240,550,medium,rejected,0,partner,false,86
app_20250128_00003678,2025-01-28 02:18:52,cust_8219416,CZPR,credit_card,32009,48,637,medium,approved,32009,online_banking,true,695
app_20250128_00003679,2025-01-28 07:52:01,cust_4820925,DEHE,personal_loan,34827,12,697,medium,approved,34827,online_banking,true,666
app_20250128_00003680,2025-01-28 00:13:00,cust_1494544,GRRE,credit_card,48137,36,469,high,rejected,0,atm,false,8
app_20250128_00003681,2025-01-28 19:17:26,cust_1939443,ATVI,personal_loan,8092,24,850,low,approved,8092,web,true,754
app_20250128_00003682,2025-01-28 17:34:58,cust_8946614,CZPR,cash_loan,33738,24,626,medium,approved,33738,online_banking,false,82
app_20250128_00003683,2025-01-28 17:40:02,cust_6419583,DEHE,business_loan,24471,48,657,medium,approved,24471,web,true,643
app_20250128_00003684,2025-01-28 19:11:34,cust_8757460,CHBE,education_loan,18156,36,671,medium,approved,18156,branch,true,597
app_20250128_00003685,2025-01-28 13:22:41,cust_3496508,PORP,cash_loan,31633,30,669,medium,approved,31633,mobile,false,487
app_20250128_00003686,2025-01-28 10:05:34,cust_8912893,PLWA,auto_loan,10258,24,448,high,rejected,0,partner,false,158
app_20250128_00003687,2025-01-28 13:07:00,cust_2016969,ESMA,education_loan,39505,48,449,high,rejected,0,mobile_app,false,88
app_20250128_00003688,2025-01-28 08:06:14,cust_6508578,NLAM,refinance,187104,360,635,medium,approved,187104,web,true,849
app_20250128_00003689,2025-01-28 06:02:21,cust_8209373,CZPR,credit_card,25340,48,618,medium,approved,25340,partner,true,877
app_20250128_00003690,2025-01-28 11:28:55,cust_3180509,ITMI,credit_card,8276,30,797,low,rejected,0,atm,false,21
app_20250128_00003691,2025-01-28 22:22:54,cust_2066671,FRID,personal_loan,28818,12,546,medium,rejected,0,mobile_app,true,94
app_20250128_00003692,2025-01-28 06:22:32,cust_9438489,AUTR,refinance,446378,120,710,low,approved,446378,branch,true,517
app_20250128_00003693,2025-01-28 17:35:54,cust_2125521,ATVI,refinance,211910,120,500,medium,approved,211910,web,false,438
app_20250128_00003694,2025-01-28 23:56:46,cust_8438222,GRRE,mortgage,231827,180,554,medium,rejected,0,mobile,false,121
app_20250128_00003695,2025-01-28 22:06:19,cust_5251976,CHBE,mortgage,394194,300,681,medium,approved,394194,call_center,false,869
app_20250128_00003696,2025-01-28 03:48:31,cust_3976303,NLAM,mortgage,453893,120,601,medium,approved,453893,branch,true,341
app_20250128_00003697,2025-01-28 13:36:46,cust_1212441,FRID,business_loan,23502,24,681,medium,rejected,0,atm,false,17
app_20250128_00003698,2025-01-28 03:23:30,cust_7581505,DEHE,mortgage,307472,360,645,medium,approved,307472,partner,false,491
app_20250128_00003699,2025-01-28 17:57:37,cust_394563,FRID,cash_loan,24966,36,448,high,rejected,0,branch,false,55
app_20250128_00003700,2025-01-28 01:00:11,cust_9904075,PLWA,credit_card,24630,36,585,medium,approved,24630,call_center,false,218
app_20250128_00003701,2025-01-28 14:14:03,cust_2165387,ATVI,credit_card,24111,48,610,medium,approved,24111,online_banking,true,698
app_20250128_00003702,2025-01-28 03:06:53,cust_3355667,BENL,mortgage,94906,180,640,medium,rejected,0,atm,true,48
app_20250128_00003703,2025-01-28 06:12:41,cust_1125546,UKLO,auto_loan,48302,72,632,medium,approved,48302,branch,true,453
app_20250128_00003704,2025-01-28 18:36:59,cust_2752468,NLAM,refinance,172092,300,723,low,approved,172092,web,true,43
app_20250128_00003705,2025-01-28 05:12:02,cust_1586213,ATVI,cash_loan,49214,18,606,medium,rejected,0,partner,false,180
app_20250128_00003706,2025-01-28 07:18:56,cust_7473138,PLWA,auto_loan,19306,72,601,medium,approved,19306,online_banking,true,207
app_20250128_00003707,2025-01-28 11:07:23,cust_6683062,PORP,business_loan,22298,12,666,medium,approved,22298,web,false,107
app_20250128_00003708,2025-01-28 15:44:02,cust_106838,PLWA,mortgage,427989,180,800,low,approved,427989,online_banking,true,189
app_20250128_00003709,2025-01-28 10:36:32,cust_9539972,PORP,personal_loan,48726,48,732,low,approved,48726,web,true,124
app_20250128_00003710,2025-01-28 07:08:09,cust_6032999,ITMI,credit_card,18900,18,638,medium,rejected,0,branch,true,90
app_20250128_00003711,2025-01-28 15:43:21,cust_1701743,ESMA,refinance,189983,300,559,medium,approved,189983,online_banking,false,555
app_20250128_00003712,2025-01-28 11:32:22,cust_1908904,NLAM,refinance,276950,240,669,medium,rejected,0,branch,false,156
app_20250128_00003713,2025-01-28 19:31:30,cust_7435321,NLAM,credit_card,15357,42,633,medium,rejected,0,branch,true,131
app_20250128_00003714,2025-01-28 05:25:52,cust_6947728,FRID,refinance,479491,240,577,medium,approved,479491,mobile,false,397
app_20250128_00003715,2025-01-28 05:34:07,cust_1275189,FRID,cash_loan,48425,42,523,medium,rejected,0,online_banking,false,150
app_20250128_00003716,2025-01-28 18:40:51,cust_6617145,GRRE,mortgage,295481,360,521,medium,approved,295481,mobile_app,true,299
app_20250128_00003717,2025-01-28 17:33:26,cust_8180654,AUTR,personal_loan,44182,36,849,low,approved,44182,call_center,true,562
app_20250128_00003718,2025-01-28 20:41:50,cust_4499353,BENL,refinance,357974,180,680,medium,approved,357974,mobile,true,430
app_20250128_00003719,2025-01-28 04:35:22,cust_3342457,DEHE,credit_card,31829,12,642,medium,approved,31829,web,false,518
app_20250128_00003720,2025-01-28 10:51:51,cust_7085073,ESMA,mortgage,219049,240,692,medium,approved,219049,partner,true,682
app_20250128_00003721,2025-01-28 12:59:03,cust_7576162,CHBE,business_loan,7308,60,746,low,rejected,0,online_banking,false,32
app_20250128_00003722,2025-01-28 03:28:11,cust_9857702,AUTR,credit_card,24891,24,659,medium,approved,24891,call_center,true,172
app_20250128_00003723,2025-01-28 23:19:41,cust_9659139,ESMA,refinance,285290,300,740,low,approved,285290,call_center,false,689
app_20250128_00003724,2025-01-28 16:48:16,cust_3050456,SESV,refinance,278924,360,759,low,approved,278924,atm,false,410
app_20250128_00003725,2025-01-28 08:04:37,cust_9768795,PORP,mortgage,121412,300,828,low,approved,121412,call_center,false,440
app_20250128_00003726,2025-01-28 22:09:41,cust_2698474,AUTR,auto_loan,58303,36,754,low,approved,58303,mobile_app,false,875
app_20250128_00003727,2025-01-28 10:37:52,cust_585779,SESV,education_loan,26942,48,650,medium,rejected,0,branch,true,65
app_20250128_00003728,2025-01-28 05:37:02,cust_7789097,CHBE,mortgage,193500,240,601,medium,approved,193500,atm,true,37
app_20250128_00003729,2025-01-28 06:01:05,cust_516603,AUTR,personal_loan,3452,12,634,medium,rejected,0,atm,false,147
app_20250128_00003730,2025-01-28 04:17:25,cust_2822911,AUTR,auto_loan,20307,48,577,medium,rejected,0,call_center,false,63
app_20250128_00003731,2025-01-28 19:42:51,cust_9576771,CZPR,credit_card,15455,24,846,low,approved,15455,branch,true,690
app_20250128_00003732,2025-01-28 09:00:42,cust_743051,PORP,auto_loan,42273,72,754,low,approved,42273,partner,true,593
app_20250128_00003733,2025-01-28 20:01:51,cust_2422402,PLWA,cash_loan,2610,18,479,high,approved,2610,web,true,272
app_20250128_00003734,2025-01-28 11:23:34,cust_1874265,GRRE,mortgage,385173,360,669,medium,approved,385173,mobile_app,false,521
app_20250128_00003735,2025-01-28 06:44:03,cust_3844302,ESMA,credit_card,9718,30,640,medium,rejected,0,atm,true,51
app_20250128_00003736,2025-01-28 05:39:13,cust_6757603,AUTR,credit_card,39428,12,598,medium,approved,39428,online_banking,true,825
app_20250128_00003737,2025-01-28 02:51:45,cust_6510541,ITMI,auto_loan,13923,60,757,low,approved,13923,call_center,false,800
app_20250128_00003738,2025-01-28 00:47:03,cust_3880199,GRRE,business_loan,15677,48,682,medium,approved,15677,branch,false,309
app_20250128_00003739,2025-01-28 07:20:48,cust_839924,UKLO,refinance,363792,360,506,medium,approved,363792,branch,true,425
app_20250128_00003740,2025-01-28 09:37:15,cust_3282798,ITMI,cash_loan,19087,48,438,high,rejected,0,mobile_app,false,122
app_20250128_00003741,2025-01-28 01:24:10,cust_3830104,ESMA,refinance,236786,120,657,medium,approved,236786,online_banking,false,139
app_20250128_00003742,2025-01-28 13:38:06,cust_1416089,SESV,personal_loan,28397,42,715,low,approved,28397,branch,true,365
app_20250128_00003743,2025-01-28 14:00:35,cust_967350,ITMI,credit_card,10707,24,700,low,approved,10707,call_center,false,824
app_20250128_00003744,2025-01-28 04:36:00,cust_175594,NLAM,credit_card,11449,30,732,low,approved,11449,web,true,698
app_20250128_00003745,2025-01-28 02:48:13,cust_2128933,DEHE,credit_card,47478,30,688,medium,approved,47478,call_center,false,831
app_20250128_00003746,2025-01-28 14:20:52,cust_7100175,GRRE,personal_loan,13158,36,441,high,approved,13158,online_banking,false,324
app_20250128_00003747,2025-01-28 22:49:10,cust_9884817,PLWA,cash_loan,35404,30,786,low,approved,35404,web,false,879
app_20250128_00003748,2025-01-28 17:46:14,cust_1629122,UKLO,personal_loan,28673,24,753,low,approved,28673,atm,true,440
app_20250128_00003749,2025-01-28 08:55:58,cust_5420718,DEHE,credit_card,13905,18,632,medium,rejected,0,mobile,true,118
app_20250128_00003750,2025-01-28 14:00:02,cust_7000849,FRID,personal_loan,6716,48,619,medium,approved,6716,mobile_app,true,562
app_20250128_00003751,2025-01-28 13:58:07,cust_6063121,DEHE,mortgage,303256,120,572,medium,approved,303256,online_banking,false,157
app_20250128_00003752,2025-01-28 23:48:02,cust_2387594,ESMA,business_loan,24647,60,666,medium,approved,24647,mobile_app,false,102
app_20250128_00003753,2025-01-28 12:25:14,cust_6182162,SESV,personal_loan,19184,48,706,low,approved,19184,online_banking,true,395
app_20250128_00003754,2025-01-28 21:54:42,cust_601556,NLAM,personal_loan,31860,36,639,medium,approved,31860,web,false,128
app_20250128_00003755,2025-01-28 15:01:36,cust_2414518,CZPR,education_loan,15666,36,752,low,approved,15666,branch,true,899
app_20250128_00003756,2025-01-28 18:52:59,cust_8648193,FRID,refinance,271502,180,838,low,approved,271502,mobile_app,true,565
app_20250128_00003757,2025-01-28 06:32:28,cust_2390616,SESV,mortgage,237904,300,678,medium,rejected,0,online_banking,false,161
app_20250128_00003758,2025-01-28 11:40:17,cust_7907197,PORP,personal_loan,7955,18,692,medium,approved,7955,online_banking,false,156
app_20250128_00003759,2025-01-28 11:03:27,cust_3258336,ESMA,business_loan,26555,36,757,low,approved,26555,branch,false,670
app_20250128_00003760,2025-01-28 16:16:59,cust_7938664,CZPR,credit_card,26417,30,602,medium,rejected,0,web,false,179
app_20250128_00003761,2025-01-28 23:42:27,cust_4560163,PORP,refinance,277194,240,526,medium,approved,277194,branch,false,587
app_20250128_00003762,2025-01-28 01:22:19,cust_1790673,ITMI,business_loan,34141,60,692,medium,approved,34141,mobile,true,519
app_20250128_00003763,2025-01-28 06:56:21,cust_1356809,CZPR,mortgage,73526,120,637,medium,rejected,0,online_banking,true,20
app_20250128_00003764,2025-01-28 16:57:39,cust_3052577,AUTR,credit_card,39191,48,703,low,rejected,0,call_center,true,139
app_20250128_00003765,2025-01-28 17:56:52,cust_3475868,SESV,business_loan,31401,12,694,medium,approved,31401,mobile_app,false,517
app_20250128_00003766,2025-01-28 05:51:59,cust_2577790,PLWA,mortgage,316555,300,572,medium,rejected,0,web,true,103
app_20250128_00003767,2025-01-28 12:45:39,cust_806711,AUTR,cash_loan,6176,12,722,low,approved,6176,atm,true,172
app_20250128_00003768,2025-01-28 12:01:22,cust_1840201,ATVI,cash_loan,49688,30,747,low,approved,49688,branch,true,258
app_20250128_00003769,2025-01-28 01:38:07,cust_3009331,PORP,personal_loan,7459,48,329,high,rejected,0,call_center,false,64
app_20250128_00003770,2025-01-28 07:26:02,cust_1012269,PORP,education_loan,35292,24,637,medium,approved,35292,web,true,39
app_20250128_00003771,2025-01-28 07:23:48,cust_4974997,NLAM,mortgage,486794,300,688,medium,rejected,0,mobile,false,64
app_20250128_00003772,2025-01-28 00:13:01,cust_3400648,ITMI,auto_loan,45404,48,800,low,approved,45404,atm,false,822
app_20250128_00003773,2025-01-28 16:27:52,cust_6884282,PLWA,credit_card,30569,36,682,medium,approved,30569,mobile_app,true,767
app_20250128_00003774,2025-01-28 14:23:29,cust_665647,GRRE,education_loan,2988,48,724,low,approved,2988,atm,false,308
app_20250128_00003775,2025-01-28 23:26:15,cust_9503723,CZPR,personal_loan,5238,12,670,medium,rejected,0,branch,false,104
app_20250128_00003776,2025-01-28 16:56:58,cust_4234004,AUTR,credit_card,32930,18,585,medium,approved,32930,mobile_app,true,102
app_20250128_00003777,2025-01-28 23:35:17,cust_9129935,ESMA,education_loan,36503,60,637,medium,rejected,0,branch,true,158
app_20250128_00003778,2025-01-28 12:31:44,cust_1649088,ATVI,refinance,160041,240,737,low,approved,160041,branch,false,748
app_20250128_00003779,2025-01-28 08:43:10,cust_3736789,ITMI,refinance,126264,240,761,low,approved,126264,mobile_app,false,78
app_20250128_00003780,2025-01-28 23:13:08,cust_3790183,AUTR,cash_loan,12273,18,749,low,approved,12273,partner,true,383
app_20250128_00003781,2025-01-28 17:24:02,cust_2923437,CHBE,education_loan,27027,24,485,high,rejected,0,mobile_app,false,110
app_20250128_00003782,2025-01-28 22:42:57,cust_9802449,CHBE,refinance,169865,360,648,medium,approved,169865,mobile,false,729
app_20250128_00003783,2025-01-28 05:45:16,cust_9186892,BENL,cash_loan,2682,24,539,medium,approved,2682,web,true,63
app_20250128_00003784,2025-01-28 02:30:51,cust_7514665,NLAM,business_loan,28440,48,700,low,approved,28440,atm,false,169
app_20250128_00003785,2025-01-28 18:01:00,cust_4081321,CHBE,business_loan,12818,24,648,medium,approved,12818,atm,false,490
app_20250128_00003786,2025-01-28 22:00:59,cust_3264691,CZPR,education_loan,21718,12,601,medium,rejected,0,online_banking,false,71
app_20250128_00003787,2025-01-28 11:03:03,cust_6217650,PORP,personal_loan,28482,48,570,medium,rejected,0,mobile,false,89
app_20250128_00003788,2025-01-28 18:15:02,cust_9208701,ITMI,auto_loan,41869,48,610,medium,approved,41869,mobile,true,491
app_20250128_00003789,2025-01-28 03:27:35,cust_2638768,FRID,auto_loan,51740,72,532,medium,rejected,0,online_banking,false,89
app_20250128_00003790,2025-01-28 01:16:04,cust_5047021,ATVI,mortgage,163922,360,569,medium,rejected,0,web,false,19
app_20250128_00003791,2025-01-28 05:22:31,cust_297780,PORP,refinance,161799,300,676,medium,approved,161799,atm,false,93
app_20250128_00003792,2025-01-28 09:26:27,cust_1645386,FRID,auto_loan,18010,48,652,medium,rejected,0,atm,false,174
app_20250128_00003793,2025-01-28 09:52:56,cust_4062547,SESV,refinance,132932,120,615,medium,approved,132932,atm,false,90
app_20250128_00003794,2025-01-28 21:19:03,cust_1360148,SESV,personal_loan,8684,30,652,medium,approved,8684,mobile,false,257
app_20250128_00003795,2025-01-28 07:19:56,cust_8756813,PLWA,business_loan,6740,24,710,low,approved,6740,web,false,345
app_20250128_00003796,2025-01-28 23:17:49,cust_3661535,SESV,cash_loan,10836,18,606,medium,approved,10836,call_center,true,332
app_20250128_00003797,2025-01-28 02:02:44,cust_6748725,NLAM,credit_card,15952,42,719,low,approved,15952,web,false,83
app_20250128_00003798,2025-01-28 03:12:02,cust_5710744,UKLO,auto_loan,23320,72,720,low,approved,23320,web,true,527
app_20250128_00003799,2025-01-28 11:48:49,cust_3849303,BENL,auto_loan,52526,60,667,medium,approved,52526,partner,false,42
app_20250128_00003800,2025-01-28 17:14:56,cust_3968343,ITMI,auto_loan,19836,36,662,medium,rejected,0,web,false,84
app_20250128_00003801,2025-01-28 20:14:08,cust_4605486,PLWA,refinance,284916,120,533,medium,rejected,0,branch,false,65
app_20250128_00003802,2025-01-28 13:12:07,cust_8871232,NLAM,credit_card,1006,36,490,high,rejected,0,branch,false,43
app_20250128_00003803,2025-01-28 11:56:00,cust_8408882,ITMI,education_loan,30525,24,614,medium,approved,30525,web,false,566
app_20250128_00003804,2025-01-28 18:58:38,cust_4053572,PORP,credit_card,11701,30,563,medium,approved,11701,branch,true,76
app_20250128_00003805,2025-01-28 15:34:45,cust_1139623,AUTR,refinance,64659,360,597,medium,rejected,0,branch,false,143
app_20250128_00003806,2025-01-28 23:10:41,cust_918020,FRID,credit_card,28916,12,333,high,approved,28916,mobile_app,true,586
app_20250128_00003807,2025-01-28 05:40:21,cust_1290972,ITMI,refinance,439540,360,591,medium,rejected,0,mobile_app,false,142
app_20250128_00003808,2025-01-28 08:31:21,cust_9873747,FRID,business_loan,31910,48,716,low,approved,31910,web,true,33
app_20250128_00003809,2025-01-28 23:38:46,cust_1177174,ESMA,personal_loan,35188,42,600,medium,approved,35188,atm,true,495
app_20250128_00003810,2025-01-28 08:09:41,cust_2993925,ESMA,auto_loan,18668,72,783,low,approved,18668,branch,false,501
app_20250128_00003811,2025-01-28 02:50:23,cust_8002890,CZPR,business_loan,28429,48,519,medium,approved,28429,branch,true,217
app_20250128_00003812,2025-01-28 18:05:35,cust_3069296,BENL,credit_card,23497,18,709,low,approved,23497,atm,false,476
app_20250128_00003813,2025-01-28 16:29:44,cust_8629996,CHBE,business_loan,25064,12,752,low,approved,25064,branch,false,336
app_20250128_00003814,2025-01-28 18:18:12,cust_1077543,PORP,business_loan,10277,48,601,medium,approved,10277,mobile_app,true,403
app_20250128_00003815,2025-01-28 15:49:43,cust_2557128,SESV,personal_loan,40976,48,680,medium,approved,40976,atm,false,741
app_20250128_00003816,2025-01-28 18:48:49,cust_4297064,AUTR,auto_loan,18711,60,329,high,rejected,0,branch,false,132
app_20250128_00003817,2025-01-28 04:41:35,cust_3892082,BENL,refinance,130848,240,744,low,approved,130848,call_center,true,546
app_20250128_00003818,2025-01-28 16:44:05,cust_3733644,ESMA,mortgage,73903,360,560,medium,approved,73903,mobile_app,false,431
app_20250128_00003819,2025-01-28 03:23:59,cust_8102649,CZPR,credit_card,39726,30,837,low,approved,39726,mobile,true,670
app_20250128_00003820,2025-01-28 00:25:57,cust_8874723,AUTR,business_loan,20102,36,506,medium,rejected,0,web,true,90
app_20250128_00003821,2025-01-28 17:40:37,cust_4004234,AUTR,mortgage,81275,300,757,low,approved,81275,partner,false,838
app_20250128_00003822,2025-01-28 15:21:50,cust_6248942,CHBE,credit_card,40748,48,721,low,approved,40748,branch,true,169
app_20250128_00003823,2025-01-28 16:23:09,cust_1380975,GRRE,mortgage,113736,300,619,medium,rejected,0,web,false,52
app_20250128_00003824,2025-01-28 08:35:49,cust_4076734,PLWA,credit_card,22918,24,735,low,approved,22918,mobile_app,true,696
app_20250128_00003825,2025-01-28 17:04:34,cust_7379565,PORP,business_loan,36976,48,450,high,rejected,0,branch,false,37
app_20250128_00003826,2025-01-28 17:38:28,cust_1810206,DEHE,auto_loan,27603,60,649,medium,approved,27603,call_center,false,76
app_20250128_00003827,2025-01-28 20:00:38,cust_6891365,UKLO,refinance,357135,300,588,medium,approved,357135,mobile,true,757
app_20250128_00003828,2025-01-28 23:26:37,cust_5882233,CHBE,personal_loan,49732,48,693,medium,approved,49732,partner,false,685
app_20250128_00003829,2025-01-28 06:28:14,cust_1333758,GRRE,auto_loan,15769,24,638,medium,approved,15769,online_banking,false,251
app_20250128_00003830,2025-01-28 13:08:34,cust_3590393,CZPR,credit_card,18858,30,663,medium,approved,18858,partner,false,512
app_20250128_00003831,2025-01-28 21:26:22,cust_3071002,BENL,education_loan,15222,48,672,medium,rejected,0,web,true,76
app_20250128_00003832,2025-01-28 06:42:26,cust_5521164,DEHE,credit_card,30413,24,678,medium,rejected,0,web,true,104
app_20250128_00003833,2025-01-28 04:06:20,cust_4720133,DEHE,business_loan,26039,12,638,medium,approved,26039,web,false,576
app_20250128_00003834,2025-01-28 23:04:58,cust_291918,FRID,personal_loan,11299,18,666,medium,rejected,0,web,true,126
app_20250128_00003835,2025-01-28 22:56:51,cust_5606546,CZPR,business_loan,15051,24,850,low,approved,15051,mobile_app,false,745
app_20250128_00003836,2025-01-28 15:39:50,cust_1236039,CZPR,cash_loan,4986,12,623,medium,rejected,0,call_center,true,143
app_20250128_00003837,2025-01-28 04:34:00,cust_901318,SESV,refinance,207180,360,691,medium,approved,207180,web,true,33
app_20250128_00003838,2025-01-28 09:39:51,cust_5262015,PLWA,personal_loan,48264,36,510,medium,rejected,0,atm,true,166
app_20250128_00003839,2025-01-28 14:51:07,cust_7851825,FRID,business_loan,35865,24,761,low,approved,35865,online_banking,true,188
app_20250128_00003840,2025-01-28 00:23:34,cust_3828952,GRRE,business_loan,38530,24,666,medium,rejected,0,mobile_app,true,14
app_20250128_00003841,2025-01-28 22:29:59,cust_6861362,PLWA,mortgage,215069,240,599,medium,approved,215069,mobile_app,false,535
app_20250128_00003842,2025-01-28 10:47:42,cust_8743961,DEHE,credit_card,48723,24,547,medium,rejected,0,online_banking,false,96
app_20250128_00003843,2025-01-28 22:27:58,cust_9721796,NLAM,cash_loan,46497,42,760,low,approved,46497,mobile,false,412
app_20250128_00003844,2025-01-28 17:37:32,cust_1477397,SESV,cash_loan,26807,30,467,high,rejected,0,mobile_app,false,117
app_20250128_00003845,2025-01-28 10:25:14,cust_2213460,ATVI,mortgage,347469,120,592,medium,rejected,0,mobile_app,true,164
app_20250128_00003846,2025-01-28 17:40:28,cust_1661308,DEHE,business_loan,8142,60,632,medium,rejected,0,branch,false,107
app_20250128_00003847,2025-01-28 15:41:30,cust_9826484,ITMI,mortgage,190290,360,581,medium,rejected,0,mobile,true,112
app_20250128_00003848,2025-01-28 12:29:10,cust_7984342,CHBE,refinance,393083,120,850,low,approved,393083,online_banking,false,384
app_20250128_00003849,2025-01-28 20:44:17,cust_5909096,GRRE,business_loan,11604,36,687,medium,rejected,0,online_banking,false,21
app_20250128_00003850,2025-01-28 10:58:29,cust_1710282,BENL,credit_card,21225,12,673,medium,approved,21225,partner,false,469
app_20250128_00003851,2025-01-28 06:33:53,cust_4835317,FRID,auto_loan,13590,48,728,low,approved,13590,online_banking,true,136
app_20250128_00003852,2025-01-28 02:17:30,cust_1487284,NLAM,business_loan,19743,60,792,low,approved,19743,branch,true,178
app_20250128_00003853,2025-01-28 22:12:35,cust_4746224,FRID,personal_loan,23531,18,658,medium,approved,23531,partner,false,143
app_20250128_00003854,2025-01-28 09:03:42,cust_4804973,ATVI,business_loan,14975,12,675,medium,rejected,0,branch,false,47
app_20250128_00003855,2025-01-28 05:16:11,cust_1320400,CZPR,credit_card,45051,36,606,medium,approved,45051,atm,true,634
app_20250128_00003856,2025-01-28 23:06:14,cust_5230742,PLWA,mortgage,432285,120,581,medium,rejected,0,atm,true,179
app_20250128_00003857,2025-01-28 12:50:36,cust_7254730,FRID,mortgage,83553,120,631,medium,approved,83553,atm,false,261
app_20250128_00003858,2025-01-28 18:49:58,cust_5474440,CZPR,personal_loan,27651,24,557,medium,rejected,0,branch,false,76
app_20250128_00003859,2025-01-28 10:44:02,cust_1794258,NLAM,business_loan,19736,24,660,medium,rejected,0,call_center,true,22
app_20250128_00003860,2025-01-28 19:25:51,cust_5051247,ESMA,mortgage,474385,240,607,medium,approved,474385,web,true,52
app_20250128_00003861,2025-01-28 13:21:24,cust_3913710,BENL,business_loan,2069,36,667,medium,approved,2069,branch,true,688
app_20250128_00003862,2025-01-28 23:33:40,cust_3521909,SESV,cash_loan,48178,42,660,medium,rejected,0,mobile,false,28
app_20250128_00003863,2025-01-28 06:37:08,cust_6559778,CHBE,cash_loan,2780,12,723,low,approved,2780,mobile,true,285
app_20250128_00003864,2025-01-28 17:49:37,cust_7233686,NLAM,personal_loan,6604,42,713,low,approved,6604,web,true,245
app_20250128_00003865,2025-01-28 02:50:22,cust_2901693,SESV,education_loan,35106,60,561,medium,rejected,0,online_banking,false,53
app_20250128_00003866,2025-01-28 23:11:56,cust_422989,BENL,refinance,286281,180,691,medium,approved,286281,mobile_app,false,370
app_20250128_00003867,2025-01-28 22:34:05,cust_2942185,CZPR,credit_card,1445,48,714,low,approved,1445,atm,true,549
app_20250128_00003868,2025-01-28 17:14:50,cust_9606879,FRID,credit_card,1178,30,575,medium,approved,1178,online_banking,false,533
app_20250128_00003869,2025-01-28 03:47:50,cust_4190111,SESV,auto_loan,57203,24,550,medium,approved,57203,mobile_app,true,302
app_20250128_00003870,2025-01-28 02:09:23,cust_9700093,CZPR,education_loan,27086,48,586,medium,approved,27086,call_center,false,536
app_20250128_00003871,2025-01-28 00:02:30,cust_9964360,DEHE,mortgage,251293,360,434,high,rejected,0,partner,false,179
app_20250128_00003872,2025-01-28 20:48:17,cust_7663955,BENL,refinance,149415,120,717,low,approved,149415,atm,false,103
app_20250128_00003873,2025-01-28 20:11:51,cust_3928606,FRID,education_loan,22916,12,698,medium,rejected,0,branch,false,94
app_20250128_00003874,2025-01-28 00:08:01,cust_1125996,FRID,auto_loan,40682,24,648,medium,approved,40682,branch,true,623
app_20250128_00003875,2025-01-28 22:06:52,cust_6686117,PLWA,personal_loan,42786,18,634,medium,rejected,0,online_banking,true,169
app_20250128_00003876,2025-01-28 13:07:25,cust_8322904,PORP,personal_loan,15709,24,696,medium,approved,15709,online_banking,true,316
app_20250128_00003877,2025-01-28 03:14:49,cust_4932590,AUTR,personal_loan,3325,36,794,low,approved,3325,branch,true,878
app_20250128_00003878,2025-01-28 01:19:08,cust_8180496,DEHE,personal_loan,4016,30,600,medium,approved,4016,mobile_app,true,643
app_20250128_00003879,2025-01-28 21:19:20,cust_6730587,GRRE,mortgage,194462,180,458,high,rejected,0,web,false,68
app_20250128_00003880,2025-01-28 09:36:21,cust_8088822,PLWA,auto_loan,50374,36,799,low,rejected,0,call_center,true,15
app_20250128_00003881,2025-01-28 13:12:53,cust_7742537,ITMI,auto_loan,6055,60,719,low,approved,6055,partner,false,395
app_20250128_00003882,2025-01-28 06:34:56,cust_3284431,ATVI,refinance,351913,120,709,low,rejected,0,call_center,true,68
app_20250128_00003883,2025-01-28 12:52:08,cust_2496381,FRID,personal_loan,47188,12,678,medium,approved,47188,partner,true,347
app_20250128_00003884,2025-01-28 06:33:40,cust_3400092,ITMI,credit_card,23884,18,661,medium,approved,23884,atm,false,269
app_20250128_00003885,2025-01-28 01:08:11,cust_5313267,UKLO,auto_loan,13241,60,617,medium,rejected,0,atm,false,114
app_20250128_00003886,2025-01-28 00:42:43,cust_3571609,ITMI,refinance,222138,300,624,medium,rejected,0,atm,true,137
app_20250128_00003887,2025-01-28 13:10:47,cust_7055028,ITMI,mortgage,153755,300,693,medium,approved,153755,online_banking,false,596
app_20250128_00003888,2025-01-28 19:31:31,cust_5532272,GRRE,business_loan,6927,48,708,low,approved,6927,online_banking,true,497
app_20250128_00003889,2025-01-28 05:12:33,cust_7822094,PORP,credit_card,17552,18,510,medium,approved,17552,online_banking,false,703
app_20250128_00003890,2025-01-28 14:04:16,cust_1864784,ATVI,refinance,122161,240,817,low,approved,122161,online_banking,true,262
app_20250128_00003891,2025-01-28 13:01:36,cust_6330768,GRRE,credit_card,29653,24,642,medium,rejected,0,mobile_app,false,93
app_20250128_00003892,2025-01-28 07:22:48,cust_6211388,ESMA,business_loan,5815,12,580,medium,rejected,0,mobile,true,62
app_20250128_00003893,2025-01-28 01:04:51,cust_4039064,PLWA,credit_card,5108,30,769,low,approved,5108,online_banking,false,217
app_20250128_00003894,2025-01-28 08:00:07,cust_4518198,AUTR,refinance,284708,360,629,medium,approved,284708,web,false,827
app_20250128_00003895,2025-01-28 01:20:45,cust_644330,BENL,credit_card,35136,36,515,medium,rejected,0,call_center,true,7
app_20250128_00003896,2025-01-28 17:07:20,cust_1605018,PORP,cash_loan,5306,42,801,low,approved,5306,branch,false,844
app_20250128_00003897,2025-01-28 13:05:33,cust_5760142,ITMI,refinance,473927,300,654,medium,approved,473927,online_banking,false,702
app_20250128_00003898,2025-01-28 12:49:31,cust_466081,BENL,mortgage,434262,120,731,low,approved,434262,partner,false,397
app_20250128_00003899,2025-01-28 02:22:57,cust_3436650,NLAM,education_loan,9867,48,727,low,approved,9867,call_center,false,766
app_20250128_00003900,2025-01-28 12:48:49,cust_1093288,AUTR,auto_loan,42922,36,449,high,rejected,0,call_center,false,76
app_20250128_00003901,2025-01-28 05:36:27,cust_3268028,BENL,refinance,88634,360,628,medium,approved,88634,mobile,false,614
app_20250128_00003902,2025-01-28 06:36:38,cust_4134787,UKLO,personal_loan,48462,18,532,medium,rejected,0,call_center,true,56
app_20250128_00003903,2025-01-28 01:59:57,cust_6433051,CHBE,credit_card,6064,12,674,medium,approved,6064,call_center,true,685
app_20250128_00003904,2025-01-28 13:55:39,cust_4113895,NLAM,credit_card,32358,30,511,medium,approved,32358,online_banking,false,246
app_20250128_00003905,2025-01-28 21:13:56,cust_258276,BENL,auto_loan,44993,72,433,high,rejected,0,mobile,true,52
app_20250128_00003906,2025-01-28 21:11:52,cust_2775776,ATVI,business_loan,7882,60,683,medium,approved,7882,atm,true,644
app_20250128_00003907,2025-01-28 08:59:41,cust_1786652,ATVI,credit_card,28379,24,704,low,approved,28379,atm,false,580
app_20250128_00003908,2025-01-28 16:10:36,cust_5553640,CZPR,credit_card,47922,36,573,medium,approved,47922,online_banking,false,627
app_20250128_00003909,2025-01-28 05:02:05,cust_5466601,CHBE,cash_loan,21524,12,538,medium,approved,21524,partner,false,805
app_20250128_00003910,2025-01-28 14:58:37,cust_8277502,CZPR,refinance,258553,360,566,medium,approved,258553,online_banking,false,297
app_20250128_00003911,2025-01-28 19:44:19,cust_631719,ITMI,education_loan,17245,24,712,low,rejected,0,branch,true,17
app_20250128_00003912,2025-01-28 06:12:27,cust_7774435,PORP,refinance,146147,240,551,medium,approved,146147,mobile,true,117
app_20250128_00003913,2025-01-28 11:58:31,cust_3040032,ITMI,refinance,338437,300,640,medium,approved,338437,partner,false,148
app_20250128_00003914,2025-01-28 03:46:46,cust_6085230,ITMI,personal_loan,34357,48,645,medium,approved,34357,partner,true,342
app_20250128_00003915,2025-01-28 02:12:03,cust_8177169,GRRE,mortgage,103956,240,678,medium,approved,103956,branch,true,202
app_20250128_00004668,2025-01-28 21:48:53,cust_669102,FRID,business_loan,11216,36,704,low,approved,11216,call_center,false,714
app_20250128_00005421,2025-01-28 17:33:20,cust_4421852,CHBE,mortgage,486231,120,685,medium,approved,486231,branch,false,434
app_20250128_00006174,2025-01-28 21:17:36,cust_6606029,ITMI,refinance,53668,240,638,medium,approved,53668,call_center,true,611
app_20250128_00006927,2025-01-28 16:13:19,cust_7495093,PORP,cash_loan,35644,48,598,medium,rejected,0,online_banking,false,38
app_20250128_00007680,2025-01-28 21:47:15,cust_4289363,BENL,business_loan,10444,24,679,medium,approved,10444,mobile,true,510
app_20250128_00008433,2025-01-28 16:53:38,cust_3997409,UKLO,auto_loan,19897,60,695,medium,approved,19897,call_center,true,887
app_20250128_00009186,2025-01-28 13:10:38,cust_8547661,PORP,business_loan,30038,24,649,medium,approved,30038,atm,true,132
app_20250128_00009939,2025-01-28 15:01:24,cust_7516398,SESV,refinance,165160,120,794,low,approved,165160,call_center,false,351
app_20250128_00010692,2025-01-28 09:49:40,cust_8359296,ITMI,business_loan,33640,60,539,medium,rejected,0,call_center,true,46
app_20250128_00011445,2025-01-28 02:16:39,cust_1682538,CZPR,mortgage,302619,240,617,medium,rejected,0,online_banking,false,58
app_20250128_00012198,2025-01-28 11:18:03,cust_3369108,ESMA,cash_loan,23811,18,550,medium,approved,23811,online_banking,false,367
app_20250128_00012951,2025-01-28 21:19:26,cust_3772091,ATVI,cash_loan,11530,18,850,low,approved,11530,atm,false,46
app_20250128_00013704,2025-01-28 02:13:39,cust_8572912,ITMI,cash_loan,28137,36,787,low,rejected,0,mobile_app,false,112
app_20250128_00014457,2025-01-28 05:53:19,cust_8527456,AUTR,credit_card,15475,48,671,medium,approved,15475,mobile,true,361
app_20250128_00015210,2025-01-28 12:22:06,cust_5428617,SESV,business_loan,38910,12,791,low,approved,38910,branch,false,313
app_20250128_00015963,2025-01-28 05:13:55,cust_2250060,ITMI,personal_loan,36044,30,602,medium,approved,36044,call_center,true,193
app_20250128_00016716,2025-01-28 04:53:06,cust_4918796,DEHE,business_loan,28630,24,661,medium,approved,28630,web,true,566
app_20250128_00017469,2025-01-28 04:59:29,cust_2265349,BENL,business_loan,16898,24,584,medium,rejected,0,atm,false,32
app_20250128_00018222,2025-01-28 14:11:52,cust_3280462,NLAM,credit_card,8454,12,745,low,approved,8454,partner,false,231
app_20250128_00018975,2025-01-28 04:19:43,cust_5031236,ITMI,auto_loan,56713,48,667,medium,approved,56713,branch,false,654
app_20250128_00019728,2025-01-28 12:40:52,cust_7294032,GRRE,credit_card,13069,48,803,low,approved,13069,branch,true,113
app_20250128_00020481,2025-01-28 09:25:18,cust_9649764,GRRE,credit_card,33465,30,776,low,approved,33465,mobile_app,true,759
app_20250128_00021234,2025-01-28 05:42:11,cust_2449832,CHBE,auto_loan,46270,48,642,medium,approved,46270,web,false,538
app_20250128_00021987,2025-01-28 09:24:05,cust_4990501,CHBE,personal_loan,5833,18,756,low,approved,5833,branch,false,661
app_20250128_00022740,2025-01-28 09:15:40,cust_2664462,PORP,personal_loan,33824,30,655,medium,approved,33824,call_center,false,174
app_20250128_00023493,2025-01-28 18:26:24,cust_8007604,NLAM,mortgage,434691,180,642,medium,approved,434691,web,true,645
app_20250128_00024246,2025-01-28 17:43:40,cust_8365920,ESMA,cash_loan,42220,42,636,medium,approved,42220,online_banking,true,811
app_20250128_00024999,2025-01-28 00:14:24,cust_7893294,AUTR,refinance,469057,360,680,medium,approved,469057,partner,true,87
app_20250128_00025752,2025-01-28 11:23:44,cust_6594162,GRRE,credit_card,17327,30,645,medium,approved,17327,web,true,128
app_20250128_00026505,2025-01-28 21:25:04,cust_6539448,ITMI,auto_loan,49927,60,556,medium,rejected,0,web,true,173
app_20250128_00027258,2025-01-28 23:43:39,cust_6708679,DEHE,mortgage,316956,300,667,medium,approved,316956,web,false,461
app_20250128_00028011,2025-01-28 14:44:30,cust_875222,PLWA,credit_card,44335,30,814,low,approved,44335,atm,true,793
app_20250128_00028764,2025-01-28 12:48:14,cust_1807680,SESV,auto_loan,15768,60,826,low,approved,15768,call_center,false,480
app_20250128_00029517,2025-01-28 09:09:15,cust_6068062,UKLO,credit_card,41903,12,730,low,approved,41903,mobile_app,true,840
app_20250128_00030270,2025-01-28 00:50:00,cust_2070880,PORP,mortgage,78793,360,644,medium,approved,78793,atm,true,561
app_20250128_00031023,2025-01-28 18:14:00,cust_3493236,PORP,auto_loan,39530,72,579,medium,rejected,0,atm,false,99
app_20250128_00031776,2025-01-28 21:07:34,cust_7921658,ITMI,education_loan,5657,24,693,medium,approved,5657,branch,true,721
app_20250128_00032529,2025-01-28 00:33:29,cust_1608907,FRID,auto_loan,29954,72,503,medium,approved,29954,partner,false,695
app_20250128_00033282,2025-01-28 04:58:48,cust_9402954,AUTR,education_loan,2513,24,729,low,approved,2513,atm,false,311
app_20250128_00034035,2025-01-28 15:43:20,cust_9772950,PORP,auto_loan,6376,60,570,medium,rejected,0,call_center,false,6
app_20250128_00034788,2025-01-28 05:01:46,cust_3369119,NLAM,cash_loan,27248,12,518,medium,approved,27248,mobile,true,384
app_20250128_00035541,2025-01-28 12:13:45,cust_8562561,ATVI,auto_loan,44968,72,784,low,approved,44968,branch,true,724
app_20250128_00036294,2025-01-28 04:06:00,cust_3258805,CHBE,auto_loan,16909,36,690,medium,approved,16909,mobile_app,true,238
app_20250128_00037047,2025-01-28 11:12:41,cust_9328195,DEHE,personal_loan,37147,18,673,medium,rejected,0,web,true,175
app_20250128_00037800,2025-01-28 19:14:56,cust_2299493,ITMI,credit_card,47762,24,595,medium,rejected,0,partner,false,112
app_20250128_00038553,2025-01-28 21:55:16,cust_5982658,CHBE,business_loan,15783,60,746,low,approved,15783,partner,true,825
app_20250128_00039306,2025-01-28 07:07:56,cust_547716,CHBE,business_loan,34879,12,562,medium,approved,34879,mobile,false,160
app_20250128_00040059,2025-01-28 20:35:24,cust_9960146,UKLO,education_loan,19132,48,679,medium,rejected,0,call_center,true,152
app_20250128_00040812,2025-01-28 12:38:50,cust_5764385,FRID,business_loan,35688,36,587,medium,rejected,0,partner,true,59
app_20250128_00041565,2025-01-28 20:40:19,cust_6399228,ATVI,auto_loan,38529,60,662,medium,approved,38529,atm,true,892
app_20250128_00042318,2025-01-28 04:55:05,cust_2597004,FRID,mortgage,496702,360,569,medium,rejected,0,mobile_app,false,166
app_20250128_00043071,2025-01-28 07:17:36,cust_9798963,DEHE,business_loan,14457,24,639,medium,approved,14457,atm,false,361
app_20250128_00043824,2025-01-28 02:57:46,cust_5060361,UKLO,refinance,55419,300,562,medium,rejected,0,branch,false,23
app_20250128_00044577,2025-01-28 18:15:34,cust_9112675,NLAM,auto_loan,54473,48,755,low,approved,54473,online_banking,false,229
app_20250128_00045330,2025-01-28 14:12:56,cust_1505598,BENL,credit_card,33206,30,695,medium,approved,33206,branch,false,715
app_20250128_00046083,2025-01-28 22:55:58,cust_272993,NLAM,refinance,75023,300,647,medium,rejected,0,online_banking,false,115
app_20250128_00046836,2025-01-28 03:12:07,cust_2221738,ESMA,education_loan,23749,24,452,high,approved,23749,branch,false,679
app_20250128_00047589,2025-01-28 01:31:33,cust_2712920,BENL,personal_loan,30464,36,582,medium,approved,30464,mobile_app,true,644
app_20250128_00048342,2025-01-28 03:48:37,cust_5538380,NLAM,auto_loan,52485,48,626,medium,approved,52485,call_center,true,708
app_20250128_00049095,2025-01-28 15:49:59,cust_7870304,UKLO,refinance,327949,180,677,medium,approved,327949,online_banking,false,635
app_20250128_00049848,2025-01-28 08:36:29,cust_2749283,PORP,auto_loan,20684,60,706,low,approved,20684,branch,false,332
app_20250128_00050601,2025-01-28 21:59:27,cust_3206192,PLWA,personal_loan,4207,48,660,medium,approved,4207,web,true,344
app_20250128_00051354,2025-01-28 20:08:31,cust_6385058,CHBE,refinance,128337,360,654,medium,rejected,0,branch,true,44
app_20250128_00052107,2025-01-28 11:47:53,cust_551103,DEHE,business_loan,36181,60,683,medium,approved,36181,branch,false,96
app_20250128_00052860,2025-01-28 07:40:11,cust_1203145,GRRE,mortgage,109367,120,589,medium,rejected,0,web,true,159
app_20250128_00053613,2025-01-28 19:18:03,cust_4126075,SESV,mortgage,187016,240,634,medium,approved,187016,online_banking,false,294
app_20250128_00054366,2025-01-28 21:45:46,cust_9107133,FRID,credit_card,6826,24,757,low,approved,6826,call_center,true,653
app_20250128_00055119,2025-01-28 22:58:27,cust_8054877,SESV,cash_loan,46084,30,669,medium,approved,46084,mobile,true,399
app_20250128_00055872,2025-01-28 10:21:46,cust_9579824,UKLO,cash_loan,16486,12,684,medium,rejected,0,branch,true,38
app_20250128_00056625,2025-01-28 12:18:27,cust_5177820,SESV,mortgage,302742,240,623,medium,rejected,0,mobile,false,97
app_20250128_00057378,2025-01-28 16:57:15,cust_2733081,BENL,auto_loan,46701,24,823,low,approved,46701,partner,false,59
app_20250128_00058131,2025-01-28 06:01:16,cust_1490981,FRID,education_loan,29953,24,805,low,approved,29953,call_center,true,672
app_20250128_00058884,2025-01-28 20:17:08,cust_2848619,UKLO,personal_loan,13315,36,758,low,approved,13315,mobile_app,true,705
app_20250128_00059637,2025-01-28 23:12:33,cust_122955,ATVI,mortgage,497268,300,549,medium,approved,497268,mobile_app,false,482
app_20250128_00060390,2025-01-28 18:16:22,cust_7775479,UKLO,mortgage,386879,240,722,low,approved,386879,partner,true,827
app_20250128_00061143,2025-01-28 04:39:29,cust_8038730,PORP,personal_loan,34795,48,690,medium,approved,34795,atm,false,170
app_20250128_00061896,2025-01-28 03:13:42,cust_8284327,BENL,auto_loan,25020,48,470,high,approved,25020,mobile,true,73
app_20250128_00062649,2025-01-28 14:57:03,cust_3928884,BENL,credit_card,1817,24,633,medium,approved,1817,call_center,true,882
app_20250128_00063402,2025-01-28 05:43:46,cust_7436558,ESMA,auto_loan,5986,48,600,medium,rejected,0,online_banking,false,71
app_20250128_00064155,2025-01-28 18:00:47,cust_632570,PLWA,auto_loan,55653,24,850,low,approved,55653,mobile_app,false,344
app_20250128_00064908,2025-01-28 09:15:00,cust_4635005,FRID,refinance,403446,120,455,high,rejected,0,atm,true,86
app_20250128_00065661,2025-01-28 07:02:20,cust_4839281,PLWA,business_loan,18115,60,626,medium,approved,18115,call_center,false,576
app_20250128_00066414,2025-01-28 04:27:14,cust_9010673,BENL,personal_loan,9553,24,517,medium,rejected,0,branch,false,47
app_20250128_00067167,2025-01-28 03:32:31,cust_7600660,CHBE,personal_loan,48159,30,675,medium,rejected,0,online_banking,true,160
app_20250128_00067920,2025-01-28 14:41:14,cust_4198510,NLAM,personal_loan,2529,12,797,low,approved,2529,online_banking,false,218
app_20250128_00068673,2025-01-28 17:08:20,cust_8467523,FRID,cash_loan,14890,12,712,low,approved,14890,branch,false,251
app_20250128_00069426,2025-01-28 18:58:17,cust_7528653,ITMI,auto_loan,46491,24,490,high,rejected,0,online_banking,false,125
app_20250128_00070179,2025-01-28 14:13:51,cust_8183180,ITMI,refinance,401913,240,838,low,approved,401913,atm,false,653
app_20250128_00070932,2025-01-28 04:41:32,cust_8616797,PLWA,personal_loan,12691,12,439,high,rejected,0,partner,true,114
app_20250128_00071685,2025-01-28 22:09:57,cust_3920548,UKLO,cash_loan,9998,48,524,medium,approved,9998,partner,true,88
app_20250128_00072438,2025-01-28 16:48:57,cust_5588739,FRID,auto_loan,49044,36,701,low,approved,49044,partner,true,220
app_20250128_00073191,2025-01-28 17:04:30,cust_6651149,FRID,cash_loan,16197,24,603,medium,rejected,0,mobile_app,true,133
app_20250128_00073944,2025-01-28 05:42:58,cust_7908275,DEHE,credit_card,44658,42,539,medium,approved,44658,mobile,false,849
app_20250128_00074697,2025-01-28 01:23:31,cust_3083161,ESMA,credit_card,40974,48,655,medium,approved,40974,online_banking,false,792
app_20250128_00075450,2025-01-28 02:39:59,cust_9790129,GRRE,refinance,353371,360,521,medium,rejected,0,call_center,false,23
app_20250128_00076203,2025-01-28 03:03:58,cust_8222319,SESV,personal_loan,48817,36,617,medium,rejected,0,atm,false,116
app_20250128_00076956,2025-01-28 19:17:36,cust_7798407,UKLO,personal_loan,48536,36,644,medium,approved,48536,mobile_app,true,162
app_20250128_00077709,2025-01-28 19:30:10,cust_7981022,UKLO,education_loan,23620,60,503,medium,rejected,0,partner,false,128
app_20250128_00078462,2025-01-28 15:00:11,cust_9363412,NLAM,business_loan,15358,48,677,medium,approved,15358,mobile_app,true,284
app_20250128_00079215,2025-01-28 17:22:57,cust_3512444,PLWA,credit_card,28269,36,704,low,approved,28269,atm,true,391
app_20250128_00079968,2025-01-28 01:57:40,cust_1569042,BENL,credit_card,23562,18,561,medium,approved,23562,mobile_app,false,842
app_20250128_00080721,2025-01-28 09:33:13,cust_7425190,ITMI,business_loan,24204,60,764,low,approved,24204,partner,false,668
app_20250128_00081474,2025-01-28 01:06:25,cust_4935282,PLWA,personal_loan,16192,48,507,medium,rejected,0,call_center,true,151
app_20250128_00082227,2025-01-28 01:58:13,cust_2124913,ITMI,education_loan,8526,24,491,high,rejected,0,mobile_app,true,84
app_20250128_00082980,2025-01-28 09:18:46,cust_361383,ESMA,education_loan,26724,12,737,low,approved,26724,web,false,81
app_20250128_00083733,2025-01-28 08:03:34,cust_5395125,CZPR,education_loan,23751,60,631,medium,approved,23751,atm,false,420
app_20250128_00084486,2025-01-28 07:42:46,cust_7058438,GRRE,business_loan,5446,24,521,medium,rejected,0,online_banking,false,73
app_20250128_00085239,2025-01-28 06:15:26,cust_7836945,BENL,business_loan,20736,60,600,medium,approved,20736,call_center,true,406
app_20250128_00085992,2025-01-28 01:41:56,cust_4716501,UKLO,education_loan,2301,12,567,medium,rejected,0,mobile_app,true,38
app_20250128_00086745,2025-01-28 05:04:29,cust_212173,ATVI,personal_loan,46120,18,612,medium,approved,46120,web,true,867
app_20250128_00087498,2025-01-28 19:20:15,cust_2915241,UKLO,personal_loan,14825,24,626,medium,approved,14825,web,true,55
app_20250128_00088251,2025-01-28 18:54:53,cust_5933601,GRRE,auto_loan,54000,72,447,high,rejected,0,call_center,false,48
app_20250128_00089004,2025-01-28 16:24:01,cust_856596,BENL,personal_loan,4768,48,566,medium,approved,4768,atm,true,359
app_20250128_00089757,2025-01-28 15:53:00,cust_8643781,PORP,auto_loan,52599,60,529,medium,rejected,0,partner,true,27
app_20250128_00090510,2025-01-28 20:43:41,cust_1087393,PORP,business_loan,24477,12,672,medium,approved,24477,mobile,true,216
app_20250128_00091263,2025-01-28 11:45:56,cust_7856886,UKLO,personal_loan,15376,48,634,medium,approved,15376,partner,false,599
app_20250128_00092016,2025-01-28 10:38:30,cust_6191991,PORP,mortgage,334785,300,683,medium,rejected,0,call_center,false,60
app_20250128_00092769,2025-01-28 22:35:49,cust_4323090,ESMA,mortgage,307107,240,624,medium,approved,307107,partner,true,785
app_20250128_00093522,2025-01-28 05:13:32,cust_7267330,NLAM,cash_loan,17156,36,532,medium,approved,17156,mobile,false,432
app_20250128_00094275,2025-01-28 00:39:19,cust_3845521,GRRE,credit_card,14758,36,799,low,approved,14758,mobile_app,false,447
app_20250128_00095028,2025-01-28 11:07:51,cust_7174984,DEHE,business_loan,23750,60,553,medium,rejected,0,atm,false,57
app_20250128_00095781,2025-01-28 12:39:01,cust_1047501,ATVI,credit_card,39956,42,619,medium,approved,39956,online_banking,false,782
app_20250128_00096534,2025-01-28 11:58:53,cust_6473021,CZPR,refinance,372973,120,651,medium,rejected,0,atm,false,93
app_20250128_00097287,2025-01-28 10:53:35,cust_5181718,ITMI,credit_card,4058,36,700,low,approved,4058,partner,true,102
app_20250128_00098040,2025-01-28 11:55:15,cust_5606006,BENL,credit_card,7127,18,667,medium,rejected,0,mobile,false,161
app_20250128_00098793,2025-01-28 11:55:39,cust_6558989,PLWA,business_loan,11975,12,472,high,approved,11975,web,false,465
app_20250128_00099546,2025-01-28 06:50:26,cust_9409783,DEHE,auto_loan,37202,24,621,medium,approved,37202,atm,true,117
app_20250128_00100299,2025-01-28 05:51:16,cust_8276618,PLWA,personal_loan,43270,18,690,medium,rejected,0,atm,true,13
app_20250128_00101052,2025-01-28 10:08:06,cust_1074908,GRRE,refinance,257529,180,651,medium,rejected,0,call_center,true,71
app_20250128_00101805,2025-01-28 05:59:38,cust_3650016,AUTR,cash_loan,47078,36,761,low,approved,47078,web,true,724
app_20250128_00102558,2025-01-28 05:44:21,cust_2719052,PLWA,mortgage,231628,240,572,medium,rejected,0,mobile_app,true,77
app_20250128_00103311,2025-01-28 19:44:25,cust_7295306,SESV,education_loan,15774,60,650,medium,approved,15774,atm,false,425
app_20250128_00104064,2025-01-28 09:48:39,cust_9908832,DEHE,business_loan,11833,60,680,medium,approved,11833,mobile,true,739
app_20250128_00104817,2025-01-28 14:58:15,cust_3511468,UKLO,refinance,317221,300,634,medium,rejected,0,atm,true,173
app_20250128_00105570,2025-01-28 17:47:31,cust_2264761,AUTR,business_loan,17419,60,577,medium,approved,17419,mobile,false,856
app_20250128_00106323,2025-01-28 16:21:25,cust_3780518,UKLO,business_loan,11617,60,486,high,rejected,0,partner,false,153
app_20250128_00107076,2025-01-28 11:58:09,cust_4713741,GRRE,mortgage,107196,300,460,high,rejected,0,branch,true,36
app_20250128_00107829,2025-01-28 21:59:47,cust_4611437,BENL,mortgage,414309,360,533,medium,rejected,0,call_center,true,101
app_20250128_00108582,2025-01-28 19:18:50,cust_7433741,PORP,cash_loan,26890,30,655,medium,approved,26890,call_center,true,85
app_20250128_00109335,2025-01-28 08:12:47,cust_9631596,NLAM,cash_loan,48846,48,428,high,rejected,0,atm,false,40
app_20250128_00110088,2025-01-28 18:58:29,cust_3082206,GRRE,cash_loan,2337,12,702,low,approved,2337,call_center,false,44
app_20250128_00110841,2025-01-28 05:29:20,cust_7743525,CHBE,personal_loan,24834,30,797,low,approved,24834,online_banking,true,671
app_20250128_00111594,2025-01-28 13:39:33,cust_6812398,PORP,refinance,170755,240,534,medium,rejected,0,online_banking,true,38
app_20250128_00112347,2025-01-28 01:03:23,cust_3835479,BENL,personal_loan,2518,18,605,medium,approved,2518,mobile_app,false,584
app_20250128_00113100,2025-01-28 06:37:35,cust_7816097,PLWA,mortgage,248621,120,653,medium,rejected,0,mobile_app,false,102
app_20250128_00113853,2025-01-28 04:01:50,cust_3874231,FRID,business_loan,31362,48,557,medium,approved,31362,online_banking,false,832
app_20250128_00114606,2025-01-28 10:48:39,cust_8282055,FRID,business_loan,23347,24,654,medium,rejected,0,branch,false,112
app_20250128_00115359,2025-01-28 12:36:13,cust_5246181,PLWA,refinance,412933,180,413,high,approved,412933,branch,true,580
app_20250128_00116112,2025-01-28 15:30:20,cust_3430561,FRID,business_loan,29508,36,422,high,rejected,0,partner,false,143
app_20250128_00116865,2025-01-28 04:02:20,cust_6598337,SESV,education_loan,14633,12,394,high,rejected,0,branch,true,109
app_20250128_00117618,2025-01-28 08:35:41,cust_2494504,ATVI,education_loan,24514,60,450,high,rejected,0,partner,false,116
app_20250128_00118371,2025-01-28 04:19:33,cust_1411219,AUTR,auto_loan,32298,24,517,medium,rejected,0,branch,false,40
app_20250128_00119124,2025-01-28 04:53:46,cust_1848784,DEHE,mortgage,325317,300,666,medium,approved,325317,branch,false,214
app_20250128_00119877,2025-01-28 17:41:29,cust_6614047,DEHE,business_loan,20915,12,650,medium,approved,20915,partner,false,476
app_20250128_00120630,2025-01-28 16:46:54,cust_9834102,ESMA,personal_loan,46519,42,713,low,approved,46519,mobile_app,false,858
app_20250128_00121383,2025-01-28 04:15:20,cust_7582877,GRRE,auto_loan,24869,24,550,medium,approved,24869,atm,false,507
app_20250128_00122136,2025-01-28 20:17:15,cust_527152,UKLO,credit_card,3794,18,724,low,approved,3794,atm,false,423
app_20250128_00122889,2025-01-28 00:23:55,cust_4107238,DEHE,auto_loan,16078,36,605,medium,rejected,0,partner,false,40
app_20250128_00123642,2025-01-28 16:35:42,cust_739582,CHBE,personal_loan,14752,36,737,low,rejected,0,mobile_app,true,140
app_20250128_00124395,2025-01-28 05:28:41,cust_411202,NLAM,mortgage,284922,300,544,medium,approved,284922,mobile,false,835
app_20250128_00125148,2025-01-28 21:41:59,cust_600595,ATVI,personal_loan,20077,18,697,medium,approved,20077,partner,false,125
app_20250128_00125901,2025-01-28 18:42:48,cust_727852,NLAM,mortgage,201332,300,850,low,rejected,0,branch,false,32
app_20250128_00126654,2025-01-28 01:18:50,cust_9188125,SESV,refinance,426841,120,618,medium,approved,426841,mobile_app,true,147
app_20250128_00127407,2025-01-28 18:39:34,cust_8557113,FRID,business_loan,27018,36,609,medium,approved,27018,web,true,416
app_20250128_00128160,2025-01-28 12:05:33,cust_2808744,ATVI,auto_loan,18173,48,610,medium,approved,18173,web,true,428
app_20250128_00128913,2025-01-28 01:39:46,cust_4485983,DEHE,mortgage,181336,240,613,medium,approved,181336,online_banking,false,636
app_20250128_00129666,2025-01-28 11:18:36,cust_7419842,NLAM,mortgage,112586,120,725,low,approved,112586,atm,false,458
app_20250128_00130419,2025-01-28 17:40:44,cust_7168320,NLAM,cash_loan,33394,30,703,low,approved,33394,mobile,false,227
app_20250128_00131172,2025-01-28 20:31:10,cust_9270796,UKLO,auto_loan,59915,48,565,medium,rejected,0,atm,false,136
app_20250128_00131925,2025-01-28 11:33:57,cust_2107520,UKLO,auto_loan,57919,24,699,medium,approved,57919,branch,true,122
app_20250128_00132678,2025-01-28 17:35:37,cust_7475141,AUTR,refinance,312201,180,804,low,approved,312201,call_center,true,422
app_20250128_00133431,2025-01-28 12:13:14,cust_3040574,BENL,education_loan,16655,36,722,low,approved,16655,mobile_app,false,801
app_20250128_00134184,2025-01-28 19:15:08,cust_7035542,DEHE,business_loan,38773,60,603,medium,approved,38773,atm,false,618
app_20250128_00134937,2025-01-28 07:02:54,cust_7844134,AUTR,cash_loan,32184,48,580,medium,rejected,0,mobile,false,31
app_20250128_00135690,2025-01-28 08:51:21,cust_7290868,PLWA,credit_card,47124,30,682,medium,rejected,0,atm,true,144
app_20250128_00136443,2025-01-28 19:02:53,cust_1767324,PLWA,auto_loan,37263,24,597,medium,approved,37263,mobile,false,378
app_20250128_00137196,2025-01-28 09:04:27,cust_3839125,UKLO,auto_loan,36250,36,760,low,approved,36250,atm,false,37
app_20250128_00137949,2025-01-28 01:05:31,cust_6042480,ITMI,education_loan,37237,36,681,medium,approved,37237,partner,true,108
app_20250128_00138702,2025-01-28 12:04:19,cust_1726177,AUTR,business_loan,37611,12,561,medium,rejected,0,branch,false,150
app_20250128_00139455,2025-01-28 17:30:22,cust_5891006,DEHE,auto_loan,15633,60,545,medium,approved,15633,web,true,793
app_20250128_00140208,2025-01-28 22:50:59,cust_3785001,CZPR,credit_card,25042,24,850,low,rejected,0,online_banking,false,58
app_20250128_00140961,2025-01-28 14:08:07,cust_5099403,DEHE,refinance,267887,180,710,low,approved,267887,mobile,true,623
app_20250128_00141714,2025-01-28 17:46:28,cust_4725381,ESMA,cash_loan,24716,24,761,low,approved,24716,atm,true,756
app_20250128_00142467,2025-01-28 13:24:07,cust_2604720,NLAM,credit_card,4948,36,618,medium,approved,4948,online_banking,true,577
app_20250128_00143220,2025-01-28 15:37:13,cust_3949099,CZPR,cash_loan,20558,42,732,low,approved,20558,mobile_app,false,140
app_20250128_00143973,2025-01-28 08:28:31,cust_7738860,BENL,mortgage,286739,180,635,medium,approved,286739,branch,false,719
app_20250128_00144726,2025-01-28 11:24:26,cust_8881454,PLWA,business_loan,11280,60,820,low,approved,11280,mobile_app,false,327
app_20250128_00145479,2025-01-28 02:57:30,cust_5323181,DEHE,mortgage,111079,240,697,medium,rejected,0,branch,true,119
app_20250128_00146232,2025-01-28 13:32:23,cust_3466076,NLAM,business_loan,35988,24,612,medium,approved,35988,call_center,false,673
app_20250128_00146985,2025-01-28 00:08:53,cust_5602312,PORP,refinance,406907,180,579,medium,rejected,0,online_banking,false,148
app_20250128_00147738,2025-01-28 21:29:27,cust_1341033,CHBE,business_loan,31043,24,672,medium,approved,31043,partner,true,677
app_20250128_00148491,2025-01-28 05:31:49,cust_6419398,ITMI,mortgage,466239,120,745,low,approved,466239,branch,false,655
app_20250128_00149244,2025-01-28 02:58:58,cust_8642749,FRID,credit_card,1730,12,653,medium,rejected,0,atm,true,163
app_20250128_00149997,2025-01-28 14:41:49,cust_8123162,DEHE,auto_loan,39851,48,614,medium,approved,39851,web,false,96
app_20250128_00150750,2025-01-28 23:44:21,cust_427110,CZPR,auto_loan,44700,48,770,low,approved,44700,web,false,831
app_20250128_00151503,2025-01-28 08:27:11,cust_7897969,PLWA,auto_loan,52535,48,671,medium,rejected,0,online_banking,false,151
app_20250128_00152256,2025-01-28 09:29:28,cust_9014234,ATVI,education_loan,14457,12,605,medium,rejected,0,branch,true,63
app_20250128_00153009,2025-01-28 19:31:30,cust_1415338,FRID,business_loan,26026,12,678,medium,rejected,0,branch,true,10
app_20250128_00153762,2025-01-28 11:02:26,cust_7049833,ITMI,mortgage,148114,360,538,medium,approved,148114,atm,false,375
app_20250128_00154515,2025-01-28 09:50:29,cust_6619417,CHBE,auto_loan,51840,60,681,medium,approved,51840,mobile_app,true,139
app_20250128_00155268,2025-01-28 17:01:34,cust_5413797,GRRE,mortgage,117748,300,707,low,rejected,0,mobile_app,true,14
app_20250128_00156021,2025-01-28 16:16:07,cust_8988176,FRID,credit_card,49188,48,628,medium,approved,49188,branch,false,447
app_20250128_00156774,2025-01-28 04:57:11,cust_2735879,BENL,credit_card,46048,12,612,medium,approved,46048,web,false,683
app_20250128_00157527,2025-01-28 18:09:15,cust_4434530,SESV,personal_loan,46197,18,711,low,rejected,0,mobile,false,165
app_20250128_00158280,2025-01-28 00:06:22,cust_9659238,CHBE,business_loan,23607,48,703,low,approved,23607,online_banking,true,516
app_20250128_00159033,2025-01-28 11:38:13,cust_7762526,ATVI,auto_loan,39839,36,480,high,rejected,0,atm,false,17
app_20250128_00159786,2025-01-28 22:39:43,cust_7670596,CHBE,auto_loan,40038,60,576,medium,approved,40038,branch,true,475
app_20250128_00160539,2025-01-28 23:35:25,cust_685886,GRRE,refinance,64929,120,749,low,approved,64929,partner,true,482
app_20250128_00161292,2025-01-28 19:30:49,cust_8513262,FRID,auto_loan,51218,48,552,medium,rejected,0,partner,true,86
app_20250128_00162045,2025-01-28 13:37:47,cust_4391267,UKLO,mortgage,134340,120,788,low,rejected,0,branch,true,134
app_20250128_00162798,2025-01-28 23:16:00,cust_1021098,CZPR,personal_loan,26863,30,708,low,approved,26863,call_center,true,117
app_20250128_00163551,2025-01-28 09:22:07,cust_5398253,ESMA,credit_card,30922,42,747,low,approved,30922,mobile,true,183
app_20250128_00164304,2025-01-28 10:59:07,cust_1099330,CHBE,mortgage,142016,240,620,medium,rejected,0,atm,false,37
app_20250128_00165057,2025-01-28 00:50:21,cust_5198729,ESMA,auto_loan,12898,48,572,medium,rejected,0,mobile,false,159
app_20250128_00165810,2025-01-28 15:13:53,cust_1712648,ITMI,business_loan,21297,48,638,medium,approved,21297,online_banking,false,33
app_20250128_00166563,2025-01-28 14:28:44,cust_4621801,DEHE,business_loan,11016,60,687,medium,approved,11016,partner,false,56
app_20250128_00167316,2025-01-28 00:38:53,cust_5092054,ITMI,auto_loan,40490,48,648,medium,rejected,0,branch,true,63
app_20250128_00168069,2025-01-28 08:01:58,cust_5084305,NLAM,cash_loan,44273,36,568,medium,rejected,0,web,false,171
app_20250128_00168822,2025-01-28 02:32:57,cust_2325771,UKLO,refinance,98641,120,632,medium,approved,98641,call_center,true,782
app_20250128_00169575,2025-01-28 06:52:32,cust_3448284,PLWA,business_loan,7513,60,613,medium,rejected,0,mobile,false,175
app_20250128_00170328,2025-01-28 09:36:48,cust_4197597,GRRE,personal_loan,1527,42,612,medium,approved,1527,branch,true,891
app_20250128_00171081,2025-01-28 00:18:57,cust_7225262,AUTR,education_loan,33877,12,501,medium,rejected,0,branch,true,37
app_20250128_00171834,2025-01-28 20:33:17,cust_596182,ATVI,personal_loan,4594,24,697,medium,rejected,0,online_banking,false,108
app_20250128_00172587,2025-01-28 02:48:07,cust_5250262,SESV,auto_loan,32308,72,677,medium,approved,32308,branch,true,427
app_20250128_00173340,2025-01-28 21:38:47,cust_1610537,GRRE,mortgage,199252,360,655,medium,rejected,0,call_center,false,170
app_20250128_00174093,2025-01-28 16:02:47,cust_1925329,SESV,auto_loan,57170,48,806,low,approved,57170,partner,false,143
app_20250128_00174846,2025-01-28 02:46:06,cust_2283465,ITMI,personal_loan,31226,24,717,low,approved,31226,online_banking,false,475
app_20250128_00175599,2025-01-28 06:53:23,cust_8152431,CHBE,personal_loan,17007,24,566,medium,rejected,0,mobile_app,true,54
app_20250128_00176352,2025-01-28 02:35:19,cust_6323121,CZPR,education_loan,27634,24,724,low,approved,27634,online_banking,true,455
app_20250128_00177105,2025-01-28 23:17:03,cust_2132101,PORP,auto_loan,30610,60,683,medium,approved,30610,partner,false,250
app_20250128_00177858,2025-01-28 04:09:02,cust_7543791,NLAM,education_loan,19622,24,619,medium,rejected,0,partner,true,14
app_20250128_00178611,2025-01-28 11:33:43,cust_7592434,FRID,business_loan,15012,48,778,low,approved,15012,online_banking,true,112
app_20250128_00179364,2025-01-28 16:10:11,cust_7571027,ESMA,mortgage,135727,360,692,medium,rejected,0,call_center,false,142
app_20250128_00180117,2025-01-28 16:05:29,cust_9365671,AUTR,education_loan,3159,24,758,low,approved,3159,online_banking,true,655
app_20250128_00180870,2025-01-28 15:32:29,cust_5778577,PLWA,refinance,405284,300,617,medium,approved,405284,call_center,false,439
app_20250128_00181623,2025-01-28 02:34:47,cust_7620059,NLAM,mortgage,117667,300,672,medium,approved,117667,partner,true,392
app_20250128_00182376,2025-01-28 09:26:12,cust_2135815,CZPR,business_loan,13252,60,665,medium,approved,13252,partner,false,94
app_20250128_00183129,2025-01-28 04:58:51,cust_9601260,AUTR,education_loan,8920,24,768,low,approved,8920,atm,false,618
app_20250128_00183882,2025-01-28 16:48:25,cust_5256487,SESV,business_loan,26393,36,739,low,approved,26393,partner,false,579
app_20250128_00184635,2025-01-28 10:39:09,cust_9774564,UKLO,auto_loan,50134,24,544,medium,approved,50134,call_center,false,190
app_20250128_00185388,2025-01-28 16:41:45,cust_9851708,ATVI,personal_loan,1568,18,713,low,approved,1568,mobile,false,488
app_20250128_00186141,2025-01-28 13:05:45,cust_4339502,CZPR,credit_card,29235,24,642,medium,rejected,0,branch,true,23
app_20250128_00186894,2025-01-28 05:34:09,cust_2673560,GRRE,refinance,140861,240,674,medium,rejected,0,atm,true,76
app_20250128_00187647,2025-01-28 14:37:23,cust_8951864,AUTR,cash_loan,14977,30,618,medium,approved,14977,online_banking,false,864
app_20250128_00188400,2025-01-28 10:37:38,cust_5106066,SESV,refinance,294510,240,624,medium,rejected,0,branch,true,93
app_20250128_00189153,2025-01-28 20:40:05,cust_2640298,AUTR,business_loan,29123,48,678,medium,approved,29123,online_banking,false,379
app_20250128_00189906,2025-01-28 12:42:45,cust_8701523,GRRE,refinance,133934,120,785,low,approved,133934,call_center,false,725
app_20250128_00190659,2025-01-28 22:40:56,cust_658696,FRID,mortgage,474297,360,672,medium,approved,474297,atm,true,852
app_20250128_00191412,2025-01-28 21:53:33,cust_6479836,FRID,refinance,249443,180,554,medium,approved,249443,branch,true,748
app_20250128_00192165,2025-01-28 09:30:07,cust_7601142,ITMI,cash_loan,20746,12,649,medium,approved,20746,atm,true,386
app_20250128_00192918,2025-01-28 10:20:35,cust_1132516,SESV,mortgage,262103,300,586,medium,rejected,0,atm,true,92
app_20250128_00193671,2025-01-28 03:47:45,cust_3082147,AUTR,credit_card,26336,48,680,medium,rejected,0,mobile,true,104
app_20250128_00194424,2025-01-28 19:46:35,cust_9620891,PLWA,refinance,409266,180,667,medium,rejected,0,mobile,true,45
app_20250128_00195177,2025-01-28 19:43:23,cust_8002752,ATVI,auto_loan,11424,36,626,medium,approved,11424,mobile_app,true,428
app_20250128_00195930,2025-01-28 20:56:16,cust_4618022,ITMI,credit_card,48762,24,572,medium,rejected,0,mobile,true,157
app_20250128_00196683,2025-01-28 11:31:51,cust_7501059,SESV,auto_loan,21111,36,578,medium,rejected,0,atm,true,22
app_20250128_00197436,2025-01-28 05:44:48,cust_3438786,SESV,business_loan,31714,24,512,medium,rejected,0,online_banking,true,29
app_20250128_00198189,2025-01-28 19:31:01,cust_5560939,ATVI,cash_loan,45831,12,564,medium,approved,45831,partner,false,157
app_20250128_00198942,2025-01-28 11:58:07,cust_1610803,ATVI,personal_loan,2564,30,815,low,approved,2564,branch,false,343
app_20250128_00199695,2025-01-28 12:22:37,cust_7260000,ITMI,credit_card,19959,18,679,medium,rejected,0,online_banking,false,124
app_20250128_00200448,2025-01-28 18:05:50,cust_8474685,DEHE,business_loan,31275,36,706,low,approved,31275,web,true,194
app_20250128_00201201,2025-01-28 20:38:24,cust_8400491,PLWA,personal_loan,49396,30,603,medium,rejected,0,atm,true,162
app_20250128_00201954,2025-01-28 02:12:41,cust_6965410,ESMA,personal_loan,49742,30,814,low,approved,49742,mobile,true,31
app_20250128_00202707,2025-01-28 22:07:16,cust_527368,NLAM,cash_loan,42902,42,524,medium,approved,42902,atm,false,93
app_20250128_00203460,2025-01-28 19:23:52,cust_1165668,BENL,credit_card,25995,30,546,medium,rejected,0,mobile_app,false,8
app_20250128_00204213,2025-01-28 09:23:03,cust_728721,CZPR,mortgage,394453,120,774,low,approved,394453,mobile_app,false,644
app_20250128_00204966,2025-01-28 22:25:44,cust_1630192,FRID,refinance,84346,120,663,medium,approved,84346,mobile,true,193
app_20250128_00205719,2025-01-28 03:43:51,cust_6372187,PLWA,business_loan,16469,36,767,low,approved,16469,online_banking,true,780
app_20250128_00206472,2025-01-28 22:33:04,cust_1013856,CHBE,credit_card,5040,42,689,medium,rejected,0,atm,false,160
app_20250128_00207225,2025-01-28 17:14:31,cust_8143435,ITMI,refinance,169180,360,726,low,approved,169180,partner,true,185
app_20250128_00207978,2025-01-28 19:41:51,cust_9547928,GRRE,mortgage,295619,240,631,medium,approved,295619,branch,true,322
app_20250128_00208731,2025-01-28 21:49:53,cust_5660882,ITMI,education_loan,8357,60,641,medium,approved,8357,web,false,149
app_20250128_00209484,2025-01-28 20:14:39,cust_8584150,UKLO,credit_card,45926,30,728,low,approved,45926,branch,true,745
app_20250128_00210237,2025-01-28 08:03:43,cust_5391763,FRID,auto_loan,38934,72,600,medium,approved,38934,atm,false,857
app_20250128_00210990,2025-01-28 17:11:01,cust_3866273,UKLO,auto_loan,7625,60,739,low,approved,7625,call_center,false,157
app_20250128_00211743,2025-01-28 15:52:06,cust_7081843,CHBE,business_loan,7566,12,698,medium,approved,7566,online_banking,true,638
app_20250128_00212496,2025-01-28 23:32:05,cust_9737850,PLWA,auto_loan,22921,24,607,medium,approved,22921,partner,true,891
app_20250128_00213249,2025-01-28 11:01:51,cust_7502829,UKLO,auto_loan,26041,72,846,low,approved,26041,online_banking,false,259
app_20250128_00214002,2025-01-28 14:23:26,cust_7176916,ESMA,auto_loan,26400,72,398,high,rejected,0,branch,true,146
app_20250128_00214755,2025-01-28 16:41:07,cust_2759247,PORP,education_loan,14341,24,543,medium,rejected,0,call_center,true,126
app_20250128_00215508,2025-01-28 10:11:52,cust_7379817,PORP,personal_loan,43242,48,794,low,approved,43242,partner,false,50
app_20250128_00216261,2025-01-28 18:28:18,cust_8071782,DEHE,mortgage,149161,240,768,low,approved,149161,mobile,false,541
app_20250128_00217014,2025-01-28 03:03:59,cust_7847291,PORP,auto_loan,50635,36,787,low,approved,50635,mobile,false,783
app_20250128_00217767,2025-01-28 19:52:56,cust_6603086,SESV,cash_loan,31337,42,657,medium,approved,31337,call_center,true,324
app_20250128_00218520,2025-01-28 16:51:42,cust_2794131,ESMA,credit_card,30984,42,565,medium,rejected,0,online_banking,true,118
app_20250128_00219273,2025-01-28 02:20:56,cust_5553344,GRRE,cash_loan,16313,12,769,low,approved,16313,mobile_app,true,529
app_20250128_00220026,2025-01-28 18:40:28,cust_9360379,PORP,personal_loan,38481,30,605,medium,approved,38481,mobile,false,225
app_20250128_00220779,2025-01-28 11:35:57,cust_5823991,BENL,refinance,325636,300,709,low,approved,325636,partner,false,199
app_20250128_00221532,2025-01-28 05:30:04,cust_9738278,ESMA,education_loan,26657,60,713,low,approved,26657,branch,true,217
app_20250128_00222285,2025-01-28 20:32:33,cust_7335454,GRRE,refinance,263246,360,551,medium,rejected,0,call_center,true,133
app_20250128_00223038,2025-01-28 20:38:07,cust_3955243,FRID,education_loan,15999,12,706,low,approved,15999,atm,true,738
app_20250128_00223791,2025-01-28 15:02:37,cust_489504,NLAM,refinance,381285,180,544,medium,rejected,0,call_center,true,126
app_20250128_00224544,2025-01-28 09:41:27,cust_2889171,ATVI,auto_loan,31838,24,662,medium,approved,31838,call_center,false,101
app_20250128_00225297,2025-01-28 16:04:34,cust_353347,NLAM,business_loan,29783,36,637,medium,approved,29783,mobile_app,true,518
app_20250128_00226050,2025-01-28 09:56:52,cust_1937524,PORP,education_loan,38062,12,767,low,approved,38062,online_banking,true,211
app_20250128_00226803,2025-01-28 13:07:55,cust_8897660,ESMA,personal_loan,33058,48,518,medium,rejected,0,mobile_app,false,175
app_20250128_00227556,2025-01-28 05:39:09,cust_4212695,NLAM,cash_loan,49038,30,675,medium,approved,49038,branch,true,694
app_20250128_00228309,2025-01-28 23:46:50,cust_4118936,FRID,cash_loan,48520,48,615,medium,approved,48520,mobile,false,706
app_20250128_00229062,2025-01-28 10:00:34,cust_8404475,ESMA,mortgage,187896,240,678,medium,approved,187896,web,true,362
app_20250128_00229815,2025-01-28 21:48:57,cust_3587392,SESV,personal_loan,48487,42,670,medium,approved,48487,mobile_app,false,335
app_20250128_00230568,2025-01-28 09:22:19,cust_5195308,ITMI,personal_loan,44355,24,697,medium,approved,44355,atm,true,271
app_20250128_00231321,2025-01-28 20:24:47,cust_6166389,BENL,business_loan,29152,24,697,medium,approved,29152,atm,false,196
app_20250128_00232074,2025-01-28 10:16:02,cust_5962940,PLWA,auto_loan,41669,36,638,medium,approved,41669,online_banking,true,266
app_20250128_00232827,2025-01-28 03:50:14,cust_9067428,PORP,business_loan,24976,24,441,high,approved,24976,mobile_app,false,479
app_20250128_00233580,2025-01-28 21:57:42,cust_7131402,GRRE,business_loan,28434,12,720,low,approved,28434,online_banking,true,440
app_20250128_00234333,2025-01-28 08:04:06,cust_5587174,CZPR,auto_loan,17455,72,791,low,rejected,0,mobile_app,true,40
app_20250128_00235086,2025-01-28 09:13:23,cust_2943599,BENL,credit_card,30033,12,725,low,approved,30033,online_banking,false,787
app_20250128_00235839,2025-01-28 16:33:11,cust_6386389,GRRE,business_loan,14479,48,759,low,approved,14479,web,true,244
app_20250128_00236592,2025-01-28 07:34:54,cust_2972088,NLAM,cash_loan,38011,30,824,low,approved,38011,online_banking,true,88
app_20250128_00237345,2025-01-28 23:31:58,cust_3455086,NLAM,business_loan,15683,36,498,high,rejected,0,atm,true,33
app_20250128_00238098,2025-01-28 19:33:52,cust_6273783,UKLO,mortgage,486084,240,701,low,rejected,0,online_banking,false,29
app_20250128_00238851,2025-01-28 16:12:12,cust_128037,ITMI,auto_loan,27798,72,507,medium,rejected,0,mobile,true,180
app_20250128_00239604,2025-01-28 17:21:53,cust_7670071,BENL,auto_loan,51316,60,693,medium,approved,51316,partner,false,797
app_20250128_00240357,2025-01-28 22:21:55,cust_8502019,PLWA,refinance,297141,120,600,medium,approved,297141,mobile,true,479
app_20250128_00241110,2025-01-28 05:32:02,cust_6333776,PLWA,personal_loan,7598,36,684,medium,approved,7598,web,true,801
app_20250128_00241863,2025-01-28 01:36:31,cust_4191945,CZPR,business_loan,25493,60,818,low,approved,25493,branch,true,386
app_20250128_00242616,2025-01-28 23:05:25,cust_393188,PORP,business_loan,23473,36,717,low,approved,23473,online_banking,false,683
app_20250128_00243369,2025-01-28 22:43:44,cust_2779488,ITMI,cash_loan,40574,36,715,low,approved,40574,call_center,false,534
app_20250128_00244122,2025-01-28 21:59:18,cust_189149,PLWA,mortgage,69720,120,720,low,approved,69720,call_center,true,407
app_20250128_00244875,2025-01-28 10:12:44,cust_6077794,ATVI,business_loan,7657,48,534,medium,rejected,0,mobile,true,124
app_20250128_00245628,2025-01-28 00:06:28,cust_2455928,CHBE,personal_loan,22685,12,661,medium,approved,22685,online_banking,false,49
app_20250128_00246381,2025-01-28 08:11:52,cust_1096777,SESV,refinance,139400,180,545,medium,approved,139400,branch,true,424
app_20250128_00247134,2025-01-28 02:07:01,cust_6618388,DEHE,refinance,347255,180,597,medium,rejected,0,mobile_app,true,7
app_20250128_00247887,2025-01-28 11:08:30,cust_813193,PLWA,auto_loan,30356,72,598,medium,approved,30356,web,true,192
app_20250128_00248640,2025-01-28 03:20:28,cust_6110186,ESMA,mortgage,262576,360,578,medium,approved,262576,web,false,419
app_20250128_00249393,2025-01-28 19:41:17,cust_2981022,DEHE,cash_loan,29307,48,691,medium,approved,29307,partner,false,664
app_20250128_00250146,2025-01-28 15:33:46,cust_7942700,DEHE,refinance,407702,180,577,medium,rejected,0,partner,true,96
app_20250128_00250899,2025-01-28 21:19:35,cust_1032038,GRRE,auto_loan,35007,24,691,medium,rejected,0,partner,false,95
app_20250128_00251652,2025-01-28 22:30:40,cust_2786942,NLAM,cash_loan,33913,18,850,low,rejected,0,mobile,false,12
app_20250128_00252405,2025-01-28 17:08:34,cust_9566088,PORP,business_loan,16188,36,749,low,approved,16188,web,true,650
app_20250128_00253158,2025-01-28 14:02:58,cust_3514200,GRRE,business_loan,19525,12,706,low,approved,19525,atm,true,811
app_20250128_00253911,2025-01-28 18:04:19,cust_7013120,SESV,education_loan,3721,12,791,low,approved,3721,branch,true,396
app_20250128_00254664,2025-01-28 13:26:32,cust_7628680,AUTR,education_loan,25071,48,583,medium,approved,25071,atm,true,663
app_20250128_00255417,2025-01-28 22:54:50,cust_2969441,ITMI,business_loan,30129,36,746,low,rejected,0,partner,false,11
app_20250128_00256170,2025-01-28 17:54:45,cust_7144016,AUTR,business_loan,34270,36,673,medium,rejected,0,online_banking,true,155
app_20250128_00256923,2025-01-28 12:06:16,cust_8243203,CHBE,personal_loan,15549,36,618,medium,approved,15549,mobile_app,false,822
app_20250128_00257676,2025-01-28 02:44:17,cust_2462461,DEHE,refinance,494277,300,682,medium,approved,494277,branch,true,416
app_20250128_00258429,2025-01-28 06:10:28,cust_9356648,FRID,personal_loan,14776,18,584,medium,approved,14776,mobile,false,697
app_20250128_00259182,2025-01-28 08:32:29,cust_4331914,CHBE,auto_loan,19904,36,622,medium,approved,19904,partner,false,34
app_20250128_00259935,2025-01-28 07:17:30,cust_2572800,BENL,education_loan,12952,24,706,low,approved,12952,atm,true,106
app_20250128_00260688,2025-01-28 20:23:17,cust_5823801,ITMI,business_loan,27767,48,778,low,approved,27767,online_banking,false,63
app_20250128_00261441,2025-01-28 21:15:32,cust_4655111,DEHE,business_loan,36006,24,816,low,approved,36006,mobile,true,188
app_20250128_00262194,2025-01-28 12:21:56,cust_8421315,ATVI,auto_loan,58466,24,300,high,rejected,0,mobile_app,true,133
app_20250128_00262947,2025-01-28 10:43:08,cust_8540956,ESMA,business_loan,18140,60,687,medium,approved,18140,branch,false,900
app_20250128_00263700,2025-01-28 15:23:49,cust_8760240,PLWA,refinance,336564,240,641,medium,rejected,0,branch,true,55
app_20250128_00264453,2025-01-28 20:22:23,cust_1094185,PLWA,education_loan,19097,48,664,medium,approved,19097,partner,false,651
app_20250128_00265206,2025-01-28 01:55:29,cust_1007692,BENL,education_loan,30941,36,754,low,approved,30941,online_banking,false,647
app_20250128_00265959,2025-01-28 14:46:48,cust_668558,CZPR,auto_loan,26246,24,788,low,approved,26246,web,false,290
app_20250128_00266712,2025-01-28 12:28:08,cust_8592471,ITMI,credit_card,36825,24,583,medium,rejected,0,partner,false,149
app_20250128_00267465,2025-01-28 22:30:00,cust_5659948,BENL,auto_loan,34200,36,705,low,approved,34200,web,true,769
app_20250128_00268218,2025-01-28 04:53:18,cust_2147559,CHBE,personal_loan,6354,18,743,low,approved,6354,partner,false,246
app_20250128_00268971,2025-01-28 03:33:23,cust_4809971,ATVI,mortgage,83259,300,561,medium,rejected,0,online_banking,false,119
app_20250128_00269724,2025-01-28 07:35:26,cust_1875000,ATVI,credit_card,26942,24,721,low,approved,26942,web,false,332
app_20250128_00270477,2025-01-28 17:43:24,cust_8254442,FRID,refinance,62003,180,614,medium,approved,62003,branch,true,441
app_20250128_00271230,2025-01-28 13:02:30,cust_4919435,DEHE,education_loan,11503,48,748,low,approved,11503,branch,false,591
app_20250128_00271983,2025-01-28 12:20:41,cust_530839,FRID,mortgage,388603,120,694,medium,approved,388603,mobile_app,false,594
app_20250128_00272736,2025-01-28 18:02:42,cust_7611324,CZPR,education_loan,37305,60,723,low,approved,37305,branch,true,276
app_20250128_00273489,2025-01-28 14:38:05,cust_5789416,FRID,mortgage,53048,360,785,low,approved,53048,mobile,true,628
app_20250128_00274242,2025-01-28 03:53:24,cust_6504850,UKLO,auto_loan,18014,36,647,medium,approved,18014,mobile,false,758
app_20250128_00274995,2025-01-28 14:32:13,cust_4771780,ITMI,education_loan,38723,48,710,low,approved,38723,atm,false,246
app_20250128_00275748,2025-01-28 17:56:35,cust_825552,FRID,auto_loan,25898,48,406,high,rejected,0,call_center,false,111
app_20250128_00276501,2025-01-28 07:22:01,cust_1645282,CHBE,cash_loan,7820,42,592,medium,rejected,0,call_center,false,115
app_20250128_00277254,2025-01-28 13:42:20,cust_736816,UKLO,credit_card,30193,12,727,low,approved,30193,mobile_app,true,358
app_20250128_00278007,2025-01-28 21:10:04,cust_9433013,AUTR,mortgage,152467,360,715,low,approved,152467,call_center,true,438
app_20250128_00278760,2025-01-28 23:04:32,cust_2224843,CZPR,education_loan,25107,12,651,medium,approved,25107,branch,false,897
app_20250128_00279513,2025-01-28 07:15:33,cust_759846,ATVI,auto_loan,29888,36,439,high,rejected,0,online_banking,false,99
app_20250128_00280266,2025-01-28 14:44:34,cust_7835027,CZPR,auto_loan,25604,72,683,medium,approved,25604,online_banking,false,41
app_20250128_00281019,2025-01-28 23:51:11,cust_7319181,FRID,mortgage,332234,300,831,low,approved,332234,mobile,false,108
app_20250128_00281772,2025-01-28 04:00:48,cust_1678536,PORP,cash_loan,22460,48,729,low,approved,22460,web,false,688
app_20250128_00282525,2025-01-28 08:03:50,cust_7797752,CZPR,cash_loan,15373,24,769,low,approved,15373,mobile_app,false,379
app_20250128_00283278,2025-01-28 15:31:25,cust_7943413,UKLO,education_loan,29598,12,749,low,approved,29598,mobile_app,false,347
app_20250128_00284031,2025-01-28 06:38:27,cust_5817139,DEHE,auto_loan,30349,24,300,high,rejected,0,mobile_app,true,37
app_20250128_00284784,2025-01-28 15:08:18,cust_7217690,DEHE,education_loan,21015,60,703,low,approved,21015,atm,true,213
app_20250128_00285537,2025-01-28 08:08:10,cust_6389137,ITMI,business_loan,3105,36,468,high,rejected,0,web,true,63
app_20250128_00286290,2025-01-28 03:42:11,cust_9630568,BENL,business_loan,20818,24,679,medium,rejected,0,mobile,true,173
app_20250128_00287043,2025-01-28 05:42:11,cust_6910969,FRID,mortgage,189347,240,594,medium,rejected,0,mobile_app,false,34
app_20250128_00287796,2025-01-28 13:18:08,cust_8682685,BENL,credit_card,5433,18,613,medium,approved,5433,mobile,true,444
app_20250128_00288549,2025-01-28 18:04:10,cust_9631845,CHBE,business_loan,3967,60,794,low,approved,3967,mobile_app,true,550
app_20250128_00289302,2025-01-28 08:10:48,cust_3714255,CZPR,cash_loan,9122,18,605,medium,approved,9122,partner,true,79
app_20250128_00290055,2025-01-28 23:17:32,cust_309307,ATVI,credit_card,14962,12,533,medium,approved,14962,call_center,true,719
app_20250128_00290808,2025-01-28 19:17:54,cust_6286813,AUTR,personal_loan,19047,18,677,medium,approved,19047,call_center,false,258
app_20250128_00291561,2025-01-28 22:45:22,cust_9463305,ATVI,refinance,82140,240,471,high,rejected,0,call_center,false,83
app_20250128_00292314,2025-01-28 05:51:45,cust_3605510,ITMI,personal_loan,24381,24,827,low,rejected,0,partner,true,122
app_20250128_00293067,2025-01-28 09:22:34,cust_9169239,BENL,personal_loan,21842,24,522,medium,approved,21842,partner,false,439
app_20250128_00293820,2025-01-28 18:16:36,cust_4976901,ITMI,refinance,354363,240,676,medium,approved,354363,mobile,false,243
app_20250128_00294573,2025-01-28 07:28:15,cust_2145616,GRRE,credit_card,25185,42,660,medium,approved,25185,atm,false,887
app_20250128_00295326,2025-01-28 05:00:48,cust_7962325,SESV,refinance,303551,180,735,low,rejected,0,mobile_app,false,155
app_20250128_00296079,2025-01-28 21:00:31,cust_3101875,FRID,personal_loan,23636,24,755,low,approved,23636,call_center,false,208
app_20250128_00296832,2025-01-28 08:41:11,cust_3173816,CHBE,cash_loan,7884,42,756,low,approved,7884,mobile_app,false,539
app_20250128_00297585,2025-01-28 22:15:15,cust_8106856,UKLO,education_loan,10386,36,730,low,approved,10386,online_banking,false,143
app_20250128_00298338,2025-01-28 18:15:58,cust_8229793,FRID,mortgage,380263,300,547,medium,rejected,0,online_banking,false,171
app_20250128_00299091,2025-01-28 01:32:20,cust_7472716,GRRE,business_loan,12253,12,553,medium,rejected,0,mobile_app,false,123
app_20250128_00299844,2025-01-28 22:43:37,cust_6904336,ESMA,credit_card,11142,30,664,medium,approved,11142,mobile,false,225
app_20250128_00300597,2025-01-28 17:32:40,cust_7745727,PORP,business_loan,39181,60,721,low,approved,39181,branch,false,835
app_20250128_00301350,2025-01-28 05:18:35,cust_6519079,SESV,auto_loan,19442,48,653,medium,approved,19442,mobile_app,true,358
app_20250128_00302103,2025-01-28 06:38:57,cust_3987277,PLWA,cash_loan,35115,30,397,high,rejected,0,atm,false,82
app_20250128_00302856,2025-01-28 16:26:26,cust_5357473,DEHE,education_loan,31031,12,638,medium,approved,31031,branch,false,379
app_20250128_00303609,2025-01-28 20:35:34,cust_6700947,AUTR,refinance,101052,300,664,medium,approved,101052,call_center,false,626
app_20250128_00304362,2025-01-28 13:44:14,cust_1522876,ITMI,education_loan,4795,12,642,medium,approved,4795,mobile_app,false,186
app_20250128_00305115,2025-01-28 01:36:59,cust_1301744,FRID,mortgage,362128,360,849,low,approved,362128,mobile,false,714
app_20250128_00305868,2025-01-28 00:36:06,cust_168115,ITMI,mortgage,430872,360,612,medium,approved,430872,online_banking,false,694
app_20250128_00306621,2025-01-28 15:50:00,cust_7634996,DEHE,mortgage,490659,240,488,high,rejected,0,atm,false,89
app_20250128_00307374,2025-01-28 07:45:28,cust_862511,ESMA,education_loan,25106,36,560,medium,approved,25106,mobile_app,true,90
app_20250128_00308127,2025-01-28 23:05:47,cust_1148644,ATVI,business_loan,38808,24,766,low,approved,38808,mobile_app,false,637
app_20250128_00308880,2025-01-28 08:16:27,cust_432245,FRID,personal_loan,44990,48,687,medium,approved,44990,online_banking,false,108
app_20250128_00309633,2025-01-28 15:18:13,cust_3114205,AUTR,auto_loan,46732,36,569,medium,approved,46732,mobile_app,true,461
app_20250128_00310386,2025-01-28 04:14:42,cust_4594930,ATVI,cash_loan,21776,24,769,low,approved,21776,call_center,false,778
app_20250128_00311139,2025-01-28 17:38:13,cust_2345274,CZPR,credit_card,39827,24,634,medium,approved,39827,mobile,true,48
app_20250128_00311892,2025-01-28 08:34:07,cust_6917392,AUTR,cash_loan,49988,36,849,low,approved,49988,mobile,false,840
app_20250128_00312645,2025-01-28 10:20:58,cust_7566437,NLAM,refinance,408512,360,573,medium,approved,408512,atm,true,711
app_20250128_00313398,2025-01-28 05:09:26,cust_6060125,DEHE,refinance,159017,240,650,medium,rejected,0,atm,true,27
app_20250128_00314151,2025-01-28 17:12:06,cust_3147512,ATVI,personal_loan,32940,18,591,medium,rejected,0,branch,false,154
app_20250128_00314904,2025-01-28 07:01:24,cust_3832929,PLWA,education_loan,19757,48,527,medium,rejected,0,mobile,true,178
app_20250128_00315657,2025-01-28 00:36:24,cust_4138201,ITMI,auto_loan,32633,48,561,medium,rejected,0,partner,false,156
app_20250128_00316410,2025-01-28 00:05:36,cust_3873706,ATVI,credit_card,15198,12,647,medium,approved,15198,atm,true,406
app_20250128_00317163,2025-01-28 17:28:20,cust_460407,ATVI,business_loan,14691,24,787,low,approved,14691,call_center,false,359
app_20250128_00317916,2025-01-28 21:21:05,cust_5660370,GRRE,cash_loan,34856,18,733,low,approved,34856,call_center,true,714
app_20250128_00318669,2025-01-28 02:32:27,cust_1995010,CZPR,business_loan,23232,36,658,medium,rejected,0,partner,true,31
app_20250128_00319422,2025-01-28 07:11:39,cust_6032299,DEHE,business_loan,13623,36,562,medium,rejected,0,atm,true,28
app_20250128_00320175,2025-01-28 06:51:50,cust_112183,CZPR,refinance,173989,360,642,medium,approved,173989,mobile,false,107
app_20250128_00320928,2025-01-28 08:39:51,cust_899050,CHBE,cash_loan,18924,12,575,medium,rejected,0,partner,true,43
app_20250128_00321681,2025-01-28 12:42:56,cust_7826285,CHBE,mortgage,372130,300,623,medium,approved,372130,atm,false,346
app_20250128_00322434,2025-01-28 07:53:41,cust_3818236,AUTR,cash_loan,33582,48,703,low,rejected,0,branch,false,101
app_20250128_00323187,2025-01-28 07:51:56,cust_8191885,UKLO,credit_card,23141,36,629,medium,approved,23141,atm,false,331
app_20250128_00323940,2025-01-28 23:08:45,cust_6507028,NLAM,credit_card,46846,18,632,medium,rejected,0,atm,false,128
app_20250128_00324693,2025-01-28 09:22:54,cust_1200733,BENL,education_loan,36908,12,541,medium,rejected,0,web,false,70
app_20250128_00325446,2025-01-28 04:11:00,cust_4192482,ATVI,business_loan,39547,24,601,medium,approved,39547,mobile_app,false,560
app_20250128_00326199,2025-01-28 18:12:52,cust_8697275,GRRE,cash_loan,12966,12,739,low,approved,12966,mobile_app,false,512
app_20250128_00326952,2025-01-28 01:15:30,cust_3476470,SESV,auto_loan,24691,24,772,low,approved,24691,call_center,false,74
app_20250128_00327705,2025-01-28 17:24:56,cust_2702862,FRID,cash_loan,43777,30,596,medium,rejected,0,online_banking,true,133
app_20250128_00328458,2025-01-28 16:55:03,cust_9507888,FRID,auto_loan,6009,36,698,medium,approved,6009,branch,false,417
app_20250128_00329211,2025-01-28 18:52:11,cust_5305884,GRRE,education_loan,14417,12,550,medium,rejected,0,call_center,true,146
app_20250128_00329964,2025-01-28 10:20:06,cust_7785595,ITMI,credit_card,24141,48,664,medium,rejected,0,partner,false,12
app_20250128_00330717,2025-01-28 18:08:40,cust_7783067,CHBE,cash_loan,45017,18,664,medium,approved,45017,online_banking,false,645
app_20250128_00331470,2025-01-28 08:42:00,cust_5922236,ITMI,cash_loan,33885,18,640,medium,approved,33885,mobile,true,207
app_20250128_00332223,2025-01-28 00:04:46,cust_8657191,PORP,education_loan,24720,60,788,low,approved,24720,call_center,false,47
app_20250128_00332976,2025-01-28 14:41:46,cust_4810677,DEHE,auto_loan,21782,48,807,low,approved,21782,branch,false,304
app_20250128_00333729,2025-01-28 04:05:41,cust_1348874,ATVI,education_loan,19666,12,670,medium,approved,19666,partner,false,402
app_20250128_00334482,2025-01-28 18:35:35,cust_9356163,ESMA,refinance,270687,180,559,medium,rejected,0,atm,false,36
app_20250128_00335235,2025-01-28 09:56:23,cust_4575204,PLWA,business_loan,27295,48,527,medium,rejected,0,call_center,true,31
app_20250128_00335988,2025-01-28 12:28:24,cust_102337,CHBE,education_loan,23479,12,614,medium,approved,23479,web,false,589
app_20250128_00336741,2025-01-28 04:45:13,cust_7072707,PORP,personal_loan,15372,24,730,low,approved,15372,mobile_app,true,668
app_20250128_00337494,2025-01-28 02:23:40,cust_6096396,SESV,auto_loan,30435,48,634,medium,rejected,0,branch,true,130
app_20250128_00338247,2025-01-28 15:13:02,cust_6069121,NLAM,refinance,405996,240,682,medium,rejected,0,mobile,false,74
app_20250128_00339000,2025-01-28 10:40:01,cust_240155,ESMA,education_loan,36711,48,637,medium,rejected,0,mobile,false,29
app_20250128_00339753,2025-01-28 15:49:57,cust_5682123,CHBE,personal_loan,35466,18,645,medium,approved,35466,mobile,true,831
app_20250128_00340506,2025-01-28 17:31:55,cust_8335013,NLAM,mortgage,199223,120,635,medium,rejected,0,atm,false,152
app_20250128_00341259,2025-01-28 17:01:54,cust_1810533,ITMI,refinance,56594,360,448,high,rejected,0,mobile_app,true,63
app_20250128_00342012,2025-01-28 08:47:02,cust_5132528,ATVI,auto_loan,28788,36,706,low,approved,28788,branch,true,301
app_20250128_00342765,2025-01-28 19:53:07,cust_3264280,SESV,credit_card,16345,18,665,medium,approved,16345,atm,false,759
app_20250128_00343518,2025-01-28 16:13:21,cust_8075129,NLAM,education_loan,28131,12,761,low,approved,28131,online_banking,true,492
app_20250128_00344271,2025-01-28 11:37:33,cust_4491049,PORP,cash_loan,35496,42,520,medium,rejected,0,mobile,false,136
app_20250128_00345024,2025-01-28 23:54:10,cust_2895558,FRID,refinance,487859,300,639,medium,approved,487859,call_center,true,554
app_20250128_00345777,2025-01-28 08:28:47,cust_2310096,CHBE,refinance,144086,300,566,medium,rejected,0,partner,true,180
app_20250128_00346530,2025-01-28 16:25:55,cust_5237982,ITMI,auto_loan,34466,72,665,medium,rejected,0,partner,false,168
app_20250128_00347283,2025-01-28 12:57:07,cust_1797933,NLAM,mortgage,426374,300,574,medium,rejected,0,branch,true,122
app_20250128_00348036,2025-01-28 19:29:30,cust_4678891,FRID,education_loan,4547,48,611,medium,approved,4547,atm,true,432
app_20250128_00348789,2025-01-28 22:32:27,cust_6052787,CHBE,business_loan,29396,12,615,medium,approved,29396,web,true,859
app_20250128_00349542,2025-01-28 02:17:30,cust_3676086,NLAM,mortgage,189910,300,704,low,rejected,0,branch,false,121
app_20250128_00350295,2025-01-28 02:22:59,cust_4951577,ITMI,personal_loan,14121,42,751,low,approved,14121,mobile,true,163
app_20250128_00351048,2025-01-28 11:46:08,cust_5825834,BENL,credit_card,6232,48,627,medium,rejected,0,atm,false,27
app_20250128_00351801,2025-01-28 13:02:57,cust_343018,PLWA,refinance,61638,300,578,medium,approved,61638,web,false,580
app_20250128_00352554,2025-01-28 00:54:32,cust_6596304,BENL,credit_card,19604,42,587,medium,rejected,0,atm,true,159
app_20250128_00353307,2025-01-28 17:53:40,cust_3227388,FRID,personal_loan,30206,42,831,low,approved,30206,partner,true,226
app_20250128_00354060,2025-01-28 04:33:53,cust_2494043,FRID,credit_card,18679,48,706,low,approved,18679,partner,true,92
app_20250128_00354813,2025-01-28 13:59:23,cust_1766129,FRID,mortgage,103872,180,548,medium,rejected,0,web,false,53
app_20250128_00355566,2025-01-28 20:34:11,cust_5685168,AUTR,refinance,361460,240,770,low,approved,361460,mobile,true,321
app_20250128_00356319,2025-01-28 23:24:35,cust_556123,ITMI,personal_loan,21059,18,569,medium,rejected,0,call_center,true,20
app_20250128_00357072,2025-01-28 10:49:15,cust_6410143,DEHE,auto_loan,29063,60,652,medium,rejected,0,mobile_app,false,85
app_20250128_00357825,2025-01-28 16:36:32,cust_7026218,PLWA,education_loan,10157,60,522,medium,approved,10157,mobile,true,188
app_20250128_00358578,2025-01-28 09:16:45,cust_7861530,SESV,business_loan,10432,60,457,high,rejected,0,mobile,true,134
app_20250128_00359331,2025-01-28 20:31:09,cust_6319034,SESV,personal_loan,24056,48,569,medium,rejected,0,web,false,6
app_20250128_00360084,2025-01-28 10:14:40,cust_628900,AUTR,mortgage,301349,180,730,low,approved,301349,atm,true,381
app_20250128_00360837,2025-01-28 06:46:36,cust_443267,GRRE,mortgage,127207,180,462,high,rejected,0,call_center,true,60
app_20250128_00361590,2025-01-28 03:52:25,cust_6679535,BENL,cash_loan,36199,30,574,medium,approved,36199,mobile,true,367
app_20250128_00362343,2025-01-28 19:22:28,cust_2694651,PLWA,personal_loan,16772,48,691,medium,rejected,0,call_center,false,67
app_20250128_00363096,2025-01-28 09:29:54,cust_4538860,ESMA,refinance,456207,120,702,low,approved,456207,partner,false,345
app_20250128_00363849,2025-01-28 03:59:26,cust_8605913,GRRE,cash_loan,20865,36,447,high,rejected,0,online_banking,true,10
app_20250128_00364602,2025-01-28 20:33:28,cust_5324888,ATVI,personal_loan,15270,30,699,medium,rejected,0,partner,true,98
app_20250128_00365355,2025-01-28 18:05:55,cust_5405507,ITMI,credit_card,45350,18,850,low,approved,45350,branch,false,814
app_20250128_00366108,2025-01-28 01:47:00,cust_2719569,ATVI,cash_loan,42419,12,705,low,approved,42419,web,true,509
app_20250128_00366861,2025-01-28 11:02:43,cust_3475314,PORP,personal_loan,11789,30,605,medium,rejected,0,atm,true,167
app_20250128_00367614,2025-01-28 23:35:21,cust_298011,CHBE,education_loan,20130,48,679,medium,rejected,0,atm,false,134
app_20250128_00368367,2025-01-28 23:37:01,cust_4824022,ESMA,education_loan,22484,48,587,medium,rejected,0,call_center,false,163
app_20250128_00369120,2025-01-28 23:14:16,cust_9508633,DEHE,personal_loan,29620,36,711,low,approved,29620,atm,true,293
app_20250128_00369873,2025-01-28 06:11:10,cust_4097532,SESV,business_loan,3812,48,634,medium,rejected,0,mobile_app,true,18
app_20250128_00370626,2025-01-28 03:23:33,cust_8816315,NLAM,cash_loan,14476,48,850,low,approved,14476,call_center,false,253
app_20250128_00371379,2025-01-28 02:56:57,cust_7016057,BENL,refinance,298573,180,447,high,approved,298573,atm,false,107
app_20250128_00372132,2025-01-28 12:35:39,cust_9073156,CZPR,mortgage,363563,180,763,low,approved,363563,branch,false,255
app_20250128_00372885,2025-01-28 17:28:22,cust_4840855,PLWA,business_loan,17489,48,850,low,approved,17489,web,true,630
app_20250128_00373638,2025-01-28 04:58:14,cust_6324809,PORP,credit_card,38218,30,652,medium,approved,38218,call_center,true,265
app_20250128_00374391,2025-01-28 14:46:35,cust_8940091,ITMI,credit_card,7454,42,717,low,approved,7454,web,false,296
app_20250128_00375144,2025-01-28 22:54:46,cust_4981707,PORP,business_loan,29943,12,786,low,rejected,0,atm,false,79
app_20250128_00375897,2025-01-28 16:43:24,cust_8084851,UKLO,business_loan,19149,48,525,medium,approved,19149,online_banking,true,421
app_20250128_00376650,2025-01-28 10:53:59,cust_9274264,CHBE,refinance,449592,360,667,medium,approved,449592,partner,false,681
app_20250128_00377403,2025-01-28 11:32:12,cust_5137397,GRRE,education_loan,19318,60,476,high,rejected,0,atm,false,93
app_20250128_00378156,2025-01-28 00:59:50,cust_8482444,BENL,mortgage,425151,300,668,medium,approved,425151,atm,false,673
app_20250128_00378909,2025-01-28 14:49:48,cust_4145274,AUTR,cash_loan,49160,48,591,medium,rejected,0,partner,true,117
app_20250128_00379662,2025-01-28 22:09:00,cust_5493463,ATVI,credit_card,48107,18,631,medium,rejected,0,web,false,174
app_20250128_00380415,2025-01-28 23:28:43,cust_1952177,CHBE,education_loan,5844,60,767,low,approved,5844,mobile,true,389
app_20250128_00381168,2025-01-28 17:11:34,cust_7636543,PORP,business_loan,25764,36,609,medium,approved,25764,branch,false,613
app_20250128_00381921,2025-01-28 06:15:46,cust_2010560,CZPR,mortgage,246987,360,730,low,approved,246987,mobile_app,true,587
app_20250128_00382674,2025-01-28 23:41:06,cust_3740675,BENL,personal_loan,13429,24,765,low,approved,13429,atm,true,678
app_20250128_00383427,2025-01-28 09:36:17,cust_7669913,CZPR,business_loan,26232,36,599,medium,rejected,0,mobile,false,53
app_20250128_00384180,2025-01-28 00:48:34,cust_8128558,DEHE,mortgage,473191,300,537,medium,rejected,0,online_banking,false,124
app_20250128_00384933,2025-01-28 23:30:01,cust_6571134,ESMA,refinance,325972,360,778,low,approved,325972,atm,true,353
app_20250128_00385686,2025-01-28 04:28:33,cust_8925566,UKLO,refinance,447889,120,708,low,approved,447889,atm,false,770
app_20250128_00386439,2025-01-28 00:05:08,cust_5567144,ESMA,mortgage,309729,360,627,medium,approved,309729,web,false,35
app_20250128_00387192,2025-01-28 06:23:45,cust_7164086,CZPR,refinance,312845,300,600,medium,approved,312845,call_center,false,185
app_20250128_00387945,2025-01-28 09:23:43,cust_552259,UKLO,cash_loan,19686,12,462,high,rejected,0,online_banking,true,151
app_20250128_00388698,2025-01-28 18:57:46,cust_1290583,BENL,refinance,83394,360,624,medium,approved,83394,mobile,false,134
app_20250128_00389451,2025-01-28 04:11:36,cust_2541465,AUTR,refinance,166024,300,738,low,rejected,0,online_banking,false,101
app_20250128_00390204,2025-01-28 16:25:40,cust_6804376,CHBE,personal_loan,5167,18,627,medium,approved,5167,partner,true,412
app_20250128_00390957,2025-01-28 01:50:41,cust_5660181,ESMA,personal_loan,3219,24,478,high,rejected,0,partner,false,85
app_20250128_00391710,2025-01-28 00:21:24,cust_6380635,CZPR,business_loan,35703,48,519,medium,approved,35703,atm,false,634
app_20250128_00392463,2025-01-28 04:27:21,cust_7547836,AUTR,mortgage,204291,360,700,low,approved,204291,partner,true,385
app_20250128_00393216,2025-01-28 09:57:35,cust_4168045,AUTR,credit_card,48700,30,698,medium,approved,48700,branch,true,785
app_20250128_00393969,2025-01-28 10:55:08,cust_9163580,BENL,auto_loan,21682,24,750,low,approved,21682,web,false,498
app_20250128_00394722,2025-01-28 09:22:08,cust_5150567,ITMI,cash_loan,10867,12,547,medium,approved,10867,mobile,true,636
app_20250128_00395475,2025-01-28 07:41:30,cust_6464741,CHBE,personal_loan,22244,48,712,low,approved,22244,atm,false,139
app_20250128_00396228,2025-01-28 18:26:38,cust_3757021,PLWA,mortgage,173206,240,694,medium,approved,173206,mobile,true,380
app_20250128_00396981,2025-01-28 12:10:18,cust_9633689,PLWA,business_loan,30858,36,648,medium,approved,30858,mobile,false,726
app_20250128_00397734,2025-01-28 04:18:07,cust_4797450,SESV,education_loan,5780,60,659,medium,approved,5780,mobile,true,331
app_20250128_00398487,2025-01-28 01:58:21,cust_2448814,GRRE,education_loan,8770,60,738,low,approved,8770,call_center,true,747
app_20250128_00399240,2025-01-28 18:26:05,cust_6200737,PLWA,refinance,238543,120,716,low,approved,238543,partner,true,228
app_20250128_00399993,2025-01-28 14:56:57,cust_6338590,ATVI,personal_loan,35141,42,701,low,approved,35141,mobile_app,false,683
app_20250128_00400746,2025-01-28 10:34:04,cust_8039928,UKLO,cash_loan,38892,42,590,medium,rejected,0,web,true,141
app_20250128_00401499,2025-01-28 19:47:10,cust_7885979,GRRE,auto_loan,39591,24,715,low,approved,39591,web,false,610
app_20250128_00402252,2025-01-28 00:28:34,cust_7822902,NLAM,cash_loan,44427,42,612,medium,approved,44427,mobile,false,612
app_20250128_00403005,2025-01-28 04:35:10,cust_6200844,FRID,refinance,380344,360,593,medium,approved,380344,call_center,false,492
app_20250128_00403758,2025-01-28 20:08:10,cust_1541133,CZPR,refinance,130630,180,582,medium,approved,130630,web,false,78
app_20250128_00404511,2025-01-28 00:05:30,cust_1306489,FRID,education_loan,23567,12,659,medium,approved,23567,web,false,598
app_20250128_00405264,2025-01-28 02:52:14,cust_6376882,PORP,business_loan,11354,24,538,medium,approved,11354,web,true,433
app_20250128_00406017,2025-01-28 04:03:09,cust_7676680,ESMA,business_loan,35007,60,639,medium,approved,35007,atm,false,242
app_20250128_00406770,2025-01-28 17:16:41,cust_3280942,ESMA,personal_loan,35088,12,484,high,rejected,0,mobile_app,true,92
app_20250128_00407523,2025-01-28 00:09:45,cust_4481951,ITMI,business_loan,9577,60,611,medium,approved,9577,branch,false,48
app_20250128_00408276,2025-01-28 20:06:12,cust_7762468,SESV,business_loan,7031,48,673,medium,approved,7031,atm,true,126
app_20250128_00409029,2025-01-28 21:19:48,cust_2679048,FRID,mortgage,302543,240,651,medium,approved,302543,call_center,true,237
app_20250128_00409782,2025-01-28 18:37:56,cust_4439197,CZPR,mortgage,120643,120,701,low,approved,120643,mobile_app,true,698
app_20250128_00410535,2025-01-28 20:42:02,cust_882264,BENL,mortgage,232793,240,823,low,approved,232793,mobile,false,724
app_20250128_00411288,2025-01-28 19:25:55,cust_586588,FRID,credit_card,7311,18,823,low,approved,7311,web,false,582
app_20250128_00412041,2025-01-28 17:12:21,cust_2549730,PLWA,cash_loan,43892,12,652,medium,approved,43892,online_banking,true,427
app_20250128_00412794,2025-01-28 14:43:50,cust_3313407,BENL,mortgage,497000,120,572,medium,rejected,0,partner,true,78
app_20250128_00413547,2025-01-28 10:51:06,cust_3929696,CZPR,cash_loan,47208,18,685,medium,approved,47208,atm,false,736
app_20250128_00414300,2025-01-28 15:17:55,cust_7815546,UKLO,education_loan,4624,12,850,low,approved,4624,partner,true,133
app_20250128_00415053,2025-01-28 00:31:09,cust_935974,AUTR,mortgage,411265,360,539,medium,rejected,0,mobile_app,false,58
app_20250128_00415806,2025-01-28 23:22:34,cust_4585304,CHBE,mortgage,81093,300,400,high,approved,81093,call_center,true,731
app_20250128_00416559,2025-01-28 06:20:44,cust_6257702,FRID,credit_card,45481,24,760,low,approved,45481,mobile_app,true,50
app_20250128_00417312,2025-01-28 23:52:20,cust_5696974,ITMI,mortgage,253970,120,615,medium,approved,253970,call_center,false,737
app_20250128_00418065,2025-01-28 08:47:36,cust_3847218,UKLO,refinance,363183,300,737,low,approved,363183,partner,true,236
app_20250128_00418818,2025-01-28 21:00:05,cust_9464221,UKLO,business_loan,31101,48,713,low,approved,31101,web,false,572
app_20250128_00419571,2025-01-28 03:29:44,cust_9790846,PLWA,auto_loan,54385,60,745,low,approved,54385,mobile,false,381
app_20250128_00420324,2025-01-28 10:08:33,cust_8632925,PLWA,personal_loan,49728,42,576,medium,rejected,0,partner,true,129
app_20250128_00421077,2025-01-28 04:58:28,cust_5628469,ESMA,education_loan,26279,12,706,low,approved,26279,partner,false,165
app_20250128_00421830,2025-01-28 15:53:05,cust_649486,CZPR,credit_card,43681,12,625,medium,approved,43681,partner,false,577
app_20250128_00422583,2025-01-28 03:07:24,cust_1472571,NLAM,refinance,66548,120,699,medium,rejected,0,mobile,false,88
app_20250128_00423336,2025-01-28 03:55:29,cust_2806217,NLAM,refinance,416305,180,819,low,approved,416305,mobile_app,false,581
app_20250128_00424089,2025-01-28 03:49:18,cust_3137272,ATVI,personal_loan,25408,42,652,medium,rejected,0,online_banking,true,89
app_20250128_00424842,2025-01-28 07:50:24,cust_6946921,BENL,education_loan,35878,60,608,medium,approved,35878,partner,false,82
app_20250128_00425595,2025-01-28 05:18:40,cust_9695038,CZPR,refinance,277800,300,729,low,approved,277800,branch,false,83
app_20250128_00426348,2025-01-28 06:18:40,cust_1714705,ITMI,auto_loan,32803,72,753,low,approved,32803,mobile_app,false,615
app_20250128_00427101,2025-01-28 09:14:50,cust_5714006,ITMI,auto_loan,13412,24,623,medium,approved,13412,web,false,119
app_20250128_00427854,2025-01-28 10:08:23,cust_7553506,FRID,business_loan,12358,36,429,high,rejected,0,mobile,true,86
app_20250128_00428607,2025-01-28 02:05:05,cust_5846216,BENL,refinance,116415,300,609,medium,rejected,0,call_center,true,125
app_20250128_00429360,2025-01-28 00:37:04,cust_7110316,ESMA,education_loan,3039,36,624,medium,approved,3039,call_center,false,591
app_20250128_00430113,2025-01-28 19:12:15,cust_2828598,ATVI,business_loan,29340,24,750,low,approved,29340,online_banking,true,618
app_20250128_00430866,2025-01-28 00:43:34,cust_101114,CHBE,refinance,254284,240,612,medium,rejected,0,atm,true,98
app_20250128_00431619,2025-01-28 17:28:39,cust_3732495,ATVI,education_loan,37058,24,453,high,rejected,0,online_banking,true,123
app_20250128_00432372,2025-01-28 04:08:00,cust_8340076,PORP,credit_card,17003,48,736,low,approved,17003,web,true,324
app_20250128_00433125,2025-01-28 06:18:19,cust_8990695,AUTR,education_loan,18546,36,850,low,approved,18546,mobile_app,false,645
app_20250128_00433878,2025-01-28 18:25:38,cust_567945,ITMI,refinance,160799,240,760,low,approved,160799,branch,true,372
app_20250128_00434631,2025-01-28 14:00:21,cust_2407760,PORP,personal_loan,16148,12,818,low,approved,16148,partner,false,118
app_20250128_00435384,2025-01-28 07:51:06,cust_6541938,PORP,personal_loan,16650,42,612,medium,approved,16650,online_banking,false,661
app_20250128_00436137,2025-01-28 07:55:59,cust_143836,NLAM,refinance,355655,240,705,low,approved,355655,mobile,true,78
app_20250128_00436890,2025-01-28 15:49:48,cust_2334027,PLWA,personal_loan,19549,42,643,medium,approved,19549,branch,false,194
app_20250128_00437643,2025-01-28 04:24:52,cust_6704878,UKLO,mortgage,114781,360,665,medium,rejected,0,mobile_app,false,8
app_20250128_00438396,2025-01-28 00:12:18,cust_1493476,FRID,education_loan,38514,48,653,medium,approved,38514,branch,true,171
app_20250128_00439149,2025-01-28 20:00:26,cust_5861505,CHBE,refinance,482253,300,471,high,rejected,0,web,true,141
app_20250128_00439902,2025-01-28 12:08:46,cust_8292089,DEHE,mortgage,407646,240,578,medium,rejected,0,mobile_app,true,20
app_20250128_00440655,2025-01-28 22:29:01,cust_6247323,NLAM,credit_card,28977,12,701,low,approved,28977,mobile,true,156
app_20250128_00441408,2025-01-28 20:36:22,cust_5616346,DEHE,education_loan,23519,24,824,low,approved,23519,call_center,true,64
app_20250128_00442161,2025-01-28 07:43:52,cust_3959003,CZPR,mortgage,405134,240,551,medium,approved,405134,mobile_app,true,221
app_20250128_00442914,2025-01-28 11:03:06,cust_9186350,CZPR,business_loan,21009,60,660,medium,approved,21009,partner,false,315
app_20250128_00443667,2025-01-28 08:47:26,cust_8364662,BENL,personal_loan,49576,42,643,medium,rejected,0,mobile,true,164
app_20250128_00444420,2025-01-28 20:53:40,cust_6050549,ESMA,auto_loan,34535,48,552,medium,approved,34535,branch,true,136
app_20250128_00445173,2025-01-28 23:20:01,cust_1439867,DEHE,auto_loan,59119,36,488,high,rejected,0,atm,true,24
app_20250128_00445926,2025-01-28 10:03:02,cust_4228624,ATVI,business_loan,39183,60,634,medium,rejected,0,web,false,154
app_20250128_00446679,2025-01-28 15:31:44,cust_1874735,CZPR,credit_card,22115,36,718,low,approved,22115,call_center,true,807
app_20250128_00447432,2025-01-28 22:12:39,cust_4664149,CZPR,auto_loan,58780,36,801,low,approved,58780,partner,false,783
app_20250128_00448185,2025-01-28 05:30:49,cust_9656245,ATVI,auto_loan,41808,36,729,low,approved,41808,atm,true,648
app_20250128_00448938,2025-01-28 16:31:41,cust_2896756,BENL,refinance,352436,360,441,high,rejected,0,online_banking,false,68
app_20250128_00449691,2025-01-28 02:39:40,cust_3790400,ATVI,mortgage,152433,360,850,low,rejected,0,mobile_app,false,42
app_20250128_00450444,2025-01-28 03:56:59,cust_568862,CZPR,cash_loan,21608,42,756,low,rejected,0,atm,false,91
app_20250128_00451197,2025-01-28 10:13:59,cust_1728016,NLAM,cash_loan,24719,24,585,medium,rejected,0,atm,true,15
app_20250128_00451950,2025-01-28 15:15:32,cust_3256368,FRID,cash_loan,15500,30,650,medium,approved,15500,mobile_app,false,73
app_20250128_00452703,2025-01-28 20:30:43,cust_7603910,ATVI,credit_card,29217,30,776,low,approved,29217,call_center,true,64
app_20250128_00453456,2025-01-28 04:40:38,cust_8184168,FRID,auto_loan,28047,36,689,medium,approved,28047,branch,true,752
app_20250128_00454209,2025-01-28 22:28:44,cust_9623951,CHBE,education_loan,13996,12,547,medium,rejected,0,mobile_app,true,93
app_20250128_00454962,2025-01-28 00:03:24,cust_1080039,AUTR,refinance,55958,240,626,medium,approved,55958,mobile_app,false,398
app_20250128_00455715,2025-01-28 12:00:46,cust_9922950,NLAM,credit_card,46212,18,569,medium,approved,46212,online_banking,false,629
app_20250128_00456468,2025-01-28 11:22:35,cust_1347919,PORP,business_loan,38581,48,599,medium,rejected,0,branch,false,70
app_20250128_00457221,2025-01-28 05:01:51,cust_6813717,FRID,refinance,419025,300,704,low,approved,419025,branch,true,569
app_20250128_00457974,2025-01-28 05:51:45,cust_8466072,ITMI,business_loan,15771,24,566,medium,rejected,0,mobile,false,166
app_20250128_00458727,2025-01-28 16:26:19,cust_842048,NLAM,personal_loan,12962,24,613,medium,approved,12962,call_center,true,46
app_20250128_00459480,2025-01-28 01:51:52,cust_9078708,BENL,education_loan,36258,36,728,low,approved,36258,call_center,true,92
app_20250128_00460233,2025-01-28 06:11:03,cust_2151867,ITMI,business_loan,19123,60,740,low,approved,19123,mobile,true,132
app_20250128_00460986,2025-01-28 22:11:05,cust_4470197,CHBE,business_loan,38611,24,726,low,approved,38611,mobile,true,219
app_20250128_00461739,2025-01-28 13:29:12,cust_9418523,CZPR,auto_loan,58587,36,669,medium,rejected,0,call_center,true,121
app_20250128_00462492,2025-01-28 16:20:07,cust_6122036,ESMA,cash_loan,13431,12,634,medium,rejected,0,partner,true,105
app_20250128_00463245,2025-01-28 17:55:38,cust_4648136,PLWA,personal_loan,33748,18,727,low,approved,33748,call_center,true,853
app_20250128_00463998,2025-01-28 04:24:53,cust_4632294,ATVI,refinance,499477,180,814,low,approved,499477,mobile_app,true,688
app_20250128_00464751,2025-01-28 09:35:03,cust_8485177,ATVI,personal_loan,38075,48,549,medium,rejected,0,atm,true,106
app_20250128_00465504,2025-01-28 10:30:09,cust_4688996,DEHE,personal_loan,8869,36,614,medium,rejected,0,web,false,136
app_20250128_00466257,2025-01-28 01:22:46,cust_8742930,CHBE,mortgage,194824,360,672,medium,rejected,0,web,true,11
app_20250128_00467010,2025-01-28 20:29:21,cust_2962736,DEHE,auto_loan,50874,48,564,medium,approved,50874,mobile_app,false,50
app_20250128_00467763,2025-01-28 11:02:58,cust_7289960,ATVI,refinance,256980,300,652,medium,rejected,0,online_banking,false,77
app_20250128_00468516,2025-01-28 15:56:53,cust_745874,PORP,business_loan,28634,48,685,medium,approved,28634,call_center,false,739
app_20250128_00469269,2025-01-28 05:44:04,cust_2864328,ESMA,auto_loan,19826,60,622,medium,approved,19826,partner,false,158
app_20250128_00470022,2025-01-28 10:51:28,cust_7624425,GRRE,refinance,391483,360,577,medium,rejected,0,web,false,164
app_20250128_00470775,2025-01-28 09:53:14,cust_3367692,NLAM,refinance,128615,360,603,medium,approved,128615,mobile_app,true,593
app_20250128_00471528,2025-01-28 03:06:24,cust_8503560,ATVI,business_loan,36146,36,560,medium,approved,36146,branch,true,578
app_20250128_00472281,2025-01-28 20:40:00,cust_3995084,UKLO,refinance,83536,240,724,low,approved,83536,call_center,false,879
app_20250128_00473034,2025-01-28 10:07:32,cust_4734000,PORP,refinance,354417,300,832,low,approved,354417,web,true,721
app_20250128_00473787,2025-01-28 23:20:02,cust_1001884,BENL,mortgage,125869,300,691,medium,approved,125869,online_banking,false,824
app_20250128_00474540,2025-01-28 09:10:49,cust_7102801,ATVI,auto_loan,34647,48,775,low,approved,34647,branch,false,174
app_20250128_00475293,2025-01-28 23:26:32,cust_9493603,ITMI,credit_card,6761,30,743,low,approved,6761,branch,true,776
app_20250128_00476046,2025-01-28 08:33:48,cust_5942536,PLWA,credit_card,32123,18,771,low,approved,32123,online_banking,true,883
app_20250128_00476799,2025-01-28 13:32:56,cust_9201662,ITMI,auto_loan,39788,72,683,medium,approved,39788,mobile,true,138
app_20250128_00477552,2025-01-28 11:41:39,cust_799678,CZPR,business_loan,12074,36,689,medium,approved,12074,branch,false,686
app_20250128_00478305,2025-01-28 07:59:37,cust_2316893,PLWA,personal_loan,18705,36,740,low,approved,18705,online_banking,true,413
app_20250128_00479058,2025-01-28 00:01:31,cust_9469488,FRID,personal_loan,36244,18,712,low,approved,36244,branch,false,758
app_20250128_00479811,2025-01-28 11:25:56,cust_9297107,SESV,cash_loan,17065,18,427,high,rejected,0,web,false,23
app_20250128_00480564,2025-01-28 23:56:59,cust_3371390,UKLO,refinance,71163,360,619,medium,approved,71163,atm,true,214
app_20250128_00481317,2025-01-28 18:20:37,cust_4446448,GRRE,credit_card,18365,48,634,medium,approved,18365,partner,false,264
app_20250128_00482070,2025-01-28 16:06:41,cust_3699009,ATVI,auto_loan,18376,48,588,medium,approved,18376,online_banking,false,774
app_20250128_00482823,2025-01-28 17:35:08,cust_8669950,PORP,business_loan,20371,24,601,medium,rejected,0,call_center,true,143
app_20250128_00483576,2025-01-28 03:53:42,cust_7745610,DEHE,personal_loan,39619,18,609,medium,rejected,0,online_banking,false,108
app_20250128_00484329,2025-01-28 12:14:34,cust_5070835,BENL,education_loan,34141,48,743,low,approved,34141,atm,false,491
app_20250128_00485082,2025-01-28 18:04:15,cust_3578350,UKLO,business_loan,8542,48,426,high,rejected,0,branch,false,41
app_20250128_00485835,2025-01-28 01:43:34,cust_9407508,ITMI,personal_loan,9883,24,669,medium,approved,9883,mobile_app,false,670
app_20250128_00486588,2025-01-28 18:14:22,cust_5594966,ATVI,credit_card,42374,30,646,medium,rejected,0,call_center,false,85
app_20250128_00487341,2025-01-28 07:16:24,cust_4016074,BENL,education_loan,32566,12,625,medium,approved,32566,branch,false,143
app_20250128_00488094,2025-01-28 07:54:16,cust_283087,BENL,personal_loan,24119,42,712,low,approved,24119,partner,false,34
app_20250128_00488847,2025-01-28 06:48:57,cust_6488399,PLWA,mortgage,171534,180,607,medium,approved,171534,web,true,414
app_20250128_00489600,2025-01-28 09:59:32,cust_5618412,AUTR,cash_loan,2757,36,694,medium,approved,2757,mobile,true,624
app_20250128_00490353,2025-01-28 23:31:29,cust_5829628,ATVI,credit_card,10516,42,492,high,rejected,0,mobile,false,102
app_20250128_00491106,2025-01-28 19:12:02,cust_2594100,SESV,business_loan,37128,48,694,medium,rejected,0,call_center,true,75
app_20250128_00491859,2025-01-28 10:09:02,cust_3289913,CZPR,cash_loan,13674,42,540,medium,rejected,0,atm,true,65
app_20250128_00492612,2025-01-28 22:21:58,cust_1903109,UKLO,mortgage,387635,180,577,medium,rejected,0,branch,false,109
app_20250128_00493365,2025-01-28 09:26:35,cust_1956390,FRID,credit_card,21352,36,651,medium,approved,21352,online_banking,true,156
app_20250128_00494118,2025-01-28 08:10:47,cust_3977436,FRID,education_loan,15502,60,643,medium,approved,15502,online_banking,false,195
app_20250128_00494871,2025-01-28 17:00:58,cust_1508258,ATVI,credit_card,30270,12,697,medium,approved,30270,mobile_app,true,365
app_20250128_00495624,2025-01-28 20:32:46,cust_4228798,UKLO,mortgage,373469,180,668,medium,approved,373469,partner,false,452
app_20250128_00496377,2025-01-28 10:52:25,cust_4690782,UKLO,business_loan,11750,24,722,low,approved,11750,mobile,true,365
app_20250128_00497130,2025-01-28 11:26:25,cust_6619468,ATVI,cash_loan,34569,24,658,medium,rejected,0,partner,false,176
app_20250128_00497883,2025-01-28 17:19:43,cust_2868977,GRRE,refinance,300612,360,832,low,approved,300612,partner,true,200
app_20250128_00498636,2025-01-28 07:53:55,cust_2463949,NLAM,cash_loan,20707,12,716,low,approved,20707,call_center,true,144
app_20250128_00499389,2025-01-28 04:19:53,cust_3354900,CZPR,auto_loan,23619,72,652,medium,rejected,0,mobile_app,true,54
app_20250128_00500142,2025-01-28 15:10:25,cust_5986775,FRID,credit_card,32105,48,679,medium,approved,32105,mobile,false,377
app_20250128_00500895,2025-01-28 02:43:06,cust_7975257,CZPR,credit_card,26919,18,730,low,approved,26919,atm,false,810
app_20250128_00501648,2025-01-28 15:02:55,cust_5525230,ITMI,credit_card,18090,42,491,high,rejected,0,mobile,false,28
app_20250128_00502401,2025-01-28 02:41:24,cust_9256722,GRRE,education_loan,27976,48,636,medium,approved,27976,mobile_app,true,429
app_20250128_00503154,2025-01-28 18:54:34,cust_4247125,NLAM,education_loan,31534,24,552,medium,rejected,0,partner,true,146
app_20250128_00503907,2025-01-28 14:00:39,cust_5094830,ATVI,auto_loan,24321,60,679,medium,approved,24321,mobile_app,false,328
app_20250128_00504660,2025-01-28 03:26:53,cust_4643924,GRRE,education_loan,19429,24,739,low,approved,19429,web,false,95
app_20250128_00505413,2025-01-28 06:16:51,cust_3753943,ATVI,cash_loan,11346,48,555,medium,approved,11346,branch,false,375
app_20250128_00506166,2025-01-28 16:14:43,cust_7751493,CZPR,cash_loan,1917,24,712,low,approved,1917,atm,true,718
app_20250128_00506919,2025-01-28 13:26:03,cust_850008,ITMI,mortgage,166041,240,601,medium,approved,166041,mobile,true,305
app_20250128_00507672,2025-01-28 04:36:56,cust_652872,CZPR,mortgage,178983,300,850,low,approved,178983,partner,true,362
app_20250128_00508425,2025-01-28 16:14:41,cust_4349278,SESV,refinance,471105,120,850,low,approved,471105,online_banking,false,397
app_20250128_00509178,2025-01-28 00:23:49,cust_4225171,PLWA,cash_loan,25762,30,593,medium,approved,25762,mobile,false,308
app_20250128_00509931,2025-01-28 09:49:15,cust_8959781,PORP,business_loan,36159,48,850,low,approved,36159,branch,false,876
app_20250128_00510684,2025-01-28 05:49:12,cust_5812700,BENL,cash_loan,24966,12,509,medium,approved,24966,partner,false,836
app_20250128_00511437,2025-01-28 12:25:45,cust_2527068,SESV,mortgage,92836,300,708,low,approved,92836,atm,true,794
app_20250128_00512190,2025-01-28 09:20:00,cust_4015766,ATVI,personal_loan,33030,30,561,medium,rejected,0,call_center,false,48
app_20250128_00512943,2025-01-28 18:02:54,cust_1066478,DEHE,refinance,436181,180,499,high,rejected,0,mobile,false,59
app_20250128_00513696,2025-01-28 03:31:25,cust_9258658,AUTR,cash_loan,18468,48,380,high,rejected,0,mobile,false,117
app_20250128_00514449,2025-01-28 17:29:41,cust_3962324,FRID,mortgage,470269,240,729,low,approved,470269,online_banking,true,479
app_20250128_00515202,2025-01-28 07:00:04,cust_8822943,CZPR,refinance,415127,360,616,medium,approved,415127,web,false,338
app_20250128_00515955,2025-01-28 20:46:28,cust_3336469,SESV,auto_loan,53053,36,749,low,approved,53053,online_banking,true,342
app_20250128_00516708,2025-01-28 15:40:37,cust_1827734,ITMI,auto_loan,40657,60,489,high,rejected,0,call_center,true,39
app_20250128_00517461,2025-01-28 09:58:11,cust_5487098,ITMI,personal_loan,34798,12,631,medium,rejected,0,mobile_app,true,105
app_20250128_00518214,2025-01-28 18:00:58,cust_3927389,BENL,auto_loan,40827,72,628,medium,rejected,0,mobile,false,53
app_20250128_00518967,2025-01-28 02:34:51,cust_2204356,BENL,education_loan,12184,48,501,medium,approved,12184,call_center,true,55
app_20250128_00519720,2025-01-28 03:27:12,cust_9805531,PORP,personal_loan,12101,24,652,medium,approved,12101,atm,false,659
app_20250128_00520473,2025-01-28 21:46:35,cust_1095738,GRRE,credit_card,28229,24,739,low,approved,28229,mobile,true,430
app_20250128_00521226,2025-01-28 07:09:23,cust_5444459,UKLO,mortgage,319860,120,731,low,approved,319860,web,true,520
app_20250128_00521979,2025-01-28 09:28:42,cust_6383003,PLWA,education_loan,29092,12,608,medium,approved,29092,mobile,true,590
app_20250128_00522732,2025-01-28 12:43:39,cust_4669467,PORP,auto_loan,56401,72,589,medium,rejected,0,call_center,false,85
app_20250128_00523485,2025-01-28 06:55:14,cust_6299739,DEHE,credit_card,27541,48,850,low,approved,27541,branch,true,770
app_20250128_00524238,2025-01-28 18:12:48,cust_7098488,SESV,mortgage,295043,300,467,high,rejected,0,online_banking,false,22
app_20250128_00524991,2025-01-28 19:58:29,cust_5821793,ATVI,education_loan,2036,48,748,low,approved,2036,mobile,true,292
app_20250128_00525744,2025-01-28 13:14:27,cust_7994168,AUTR,auto_loan,5520,36,546,medium,approved,5520,mobile,true,752
app_20250128_00526497,2025-01-28 05:16:18,cust_8525872,DEHE,personal_loan,14121,30,598,medium,approved,14121,web,false,198
app_20250128_00527250,2025-01-28 20:36:43,cust_2022566,SESV,auto_loan,25224,24,684,medium,approved,25224,mobile,true,220
app_20250128_00528003,2025-01-28 18:06:36,cust_557323,PLWA,education_loan,30764,60,717,low,approved,30764,partner,false,235
app_20250128_00528756,2025-01-28 19:38:42,cust_3517518,FRID,refinance,109357,180,608,medium,rejected,0,online_banking,true,148
app_20250128_00529509,2025-01-28 12:33:32,cust_4878216,SESV,education_loan,16290,36,576,medium,rejected,0,call_center,true,101
app_20250128_00530262,2025-01-28 00:49:01,cust_9138925,CHBE,business_loan,37558,36,850,low,approved,37558,mobile_app,false,388
app_20250128_00531015,2025-01-28 15:45:52,cust_1602766,ITMI,mortgage,302105,180,679,medium,rejected,0,mobile,false,138
app_20250128_00531768,2025-01-28 06:58:37,cust_3362518,AUTR,cash_loan,3730,12,812,low,approved,3730,branch,true,323
app_20250128_00532521,2025-01-28 08:31:32,cust_209224,FRID,cash_loan,42828,36,782,low,approved,42828,atm,true,245
app_20250128_00533274,2025-01-28 08:42:52,cust_6734460,ESMA,mortgage,354056,300,582,medium,rejected,0,online_banking,false,108
app_20250128_00534027,2025-01-28 16:17:00,cust_7728206,BENL,business_loan,4827,36,665,medium,approved,4827,call_center,false,883
app_20250128_00534780,2025-01-28 00:41:08,cust_6655400,NLAM,mortgage,246389,180,569,medium,approved,246389,atm,false,226
app_20250128_00535533,2025-01-28 18:46:12,cust_5856489,AUTR,personal_loan,16399,30,718,low,approved,16399,call_center,true,134
app_20250128_00536286,2025-01-28 21:31:00,cust_1859470,ATVI,auto_loan,46232,72,628,medium,approved,46232,partner,true,700
app_20250128_00537039,2025-01-28 12:18:15,cust_489200,ITMI,refinance,285717,120,653,medium,approved,285717,call_center,false,114
app_20250128_00537792,2025-01-28 05:40:21,cust_697357,BENL,auto_loan,55092,60,771,low,approved,55092,web,false,170
app_20250128_00538545,2025-01-28 07:34:24,cust_3159096,SESV,education_loan,34985,36,673,medium,rejected,0,partner,false,78
app_20250128_00539298,2025-01-28 02:41:24,cust_5482136,PORP,refinance,331414,240,629,medium,approved,331414,web,true,687
app_20250128_00540051,2025-01-28 22:36:45,cust_8499568,AUTR,mortgage,383582,300,720,low,approved,383582,web,false,574
app_20250128_00540804,2025-01-28 09:23:04,cust_1562154,GRRE,personal_loan,13600,30,703,low,approved,13600,branch,false,409
app_20250128_00541557,2025-01-28 03:20:57,cust_3514036,DEHE,business_loan,33888,60,643,medium,approved,33888,partner,false,471
app_20250128_00542310,2025-01-28 06:02:46,cust_6181114,PLWA,personal_loan,27722,42,772,low,approved,27722,online_banking,true,536
app_20250128_00543063,2025-01-28 08:03:35,cust_6209253,SESV,mortgage,394423,300,565,medium,rejected,0,web,false,138
app_20250128_00543816,2025-01-28 21:06:15,cust_7843385,PORP,education_loan,24547,48,778,low,approved,24547,web,false,624
app_20250128_00544569,2025-01-28 01:24:32,cust_5731924,BENL,cash_loan,17231,18,738,low,approved,17231,call_center,false,771
app_20250128_00545322,2025-01-28 02:10:42,cust_266114,GRRE,mortgage,380952,300,535,medium,rejected,0,branch,false,117
app_20250128_00546075,2025-01-28 21:31:11,cust_2009258,BENL,education_loan,4532,24,659,medium,rejected,0,mobile,true,92
app_20250128_00546828,2025-01-28 21:52:16,cust_1323255,CHBE,credit_card,22226,42,696,medium,approved,22226,mobile,false,891
app_20250128_00547581,2025-01-28 07:10:44,cust_7282810,UKLO,business_loan,34262,24,667,medium,approved,34262,branch,true,132
app_20250128_00548334,2025-01-28 22:45:12,cust_8782609,PORP,mortgage,105946,240,709,low,approved,105946,branch,false,761
app_20250128_00549087,2025-01-28 09:28:03,cust_231072,NLAM,education_loan,29187,60,535,medium,approved,29187,mobile,false,670
app_20250128_00549840,2025-01-28 08:11:56,cust_5730300,ITMI,refinance,96019,120,639,medium,approved,96019,mobile,false,768
app_20250128_00550593,2025-01-28 07:00:11,cust_4677587,NLAM,cash_loan,5362,30,649,medium,approved,5362,branch,false,183
app_20250128_00551346,2025-01-28 22:20:02,cust_4292800,CHBE,business_loan,34365,24,690,medium,approved,34365,web,false,724
app_20250128_00552099,2025-01-28 16:50:56,cust_5571037,NLAM,education_loan,21220,36,788,low,approved,21220,mobile_app,true,303
app_20250128_00552852,2025-01-28 10:33:30,cust_2168362,CHBE,business_loan,32125,12,736,low,approved,32125,atm,true,667
app_20250128_00553605,2025-01-28 13:43:39,cust_1198478,GRRE,education_loan,6491,36,662,medium,approved,6491,branch,false,75
app_20250128_00554358,2025-01-28 15:15:01,cust_3874350,BENL,education_loan,7031,36,842,low,approved,7031,atm,false,678
app_20250128_00555111,2025-01-28 11:52:50,cust_9319447,CHBE,mortgage,399882,300,699,medium,approved,399882,mobile_app,true,292
app_20250128_00555864,2025-01-28 01:46:42,cust_2848592,UKLO,education_loan,23498,12,658,medium,rejected,0,mobile_app,true,24
app_20250128_00556617,2025-01-28 10:06:17,cust_8368612,PLWA,mortgage,492118,360,647,medium,rejected,0,call_center,false,54
app_20250128_00557370,2025-01-28 00:04:06,cust_4758967,ATVI,refinance,164538,120,649,medium,approved,164538,mobile_app,true,186
app_20250128_00558123,2025-01-28 04:59:19,cust_6111943,FRID,personal_loan,15911,48,787,low,approved,15911,call_center,false,580
app_20250128_00558876,2025-01-28 00:43:45,cust_2107740,NLAM,mortgage,249999,240,601,medium,approved,249999,online_banking,false,758
app_20250128_00559629,2025-01-28 09:20:36,cust_7472409,PORP,auto_loan,33060,24,575,medium,rejected,0,web,true,71
app_20250128_00560382,2025-01-28 00:33:08,cust_7246385,PORP,personal_loan,13665,18,735,low,approved,13665,web,true,616
app_20250128_00561135,2025-01-28 01:24:14,cust_3052531,BENL,cash_loan,17401,12,602,medium,approved,17401,branch,true,180
app_20250128_00561888,2025-01-28 06:20:33,cust_1098478,AUTR,personal_loan,26276,48,607,medium,approved,26276,call_center,false,701
app_20250128_00562641,2025-01-28 14:21:48,cust_8510674,GRRE,business_loan,24266,12,560,medium,rejected,0,mobile_app,false,127
app_20250128_00563394,2025-01-28 04:57:19,cust_9189456,SESV,auto_loan,44205,60,428,high,approved,44205,partner,false,563
app_20250128_00564147,2025-01-28 02:01:17,cust_6737704,CZPR,personal_loan,37573,36,714,low,approved,37573,online_banking,true,193
app_20250128_00564900,2025-01-28 07:28:25,cust_1514364,ATVI,auto_loan,50992,72,776,low,approved,50992,atm,true,790
app_20250128_00565653,2025-01-28 21:28:29,cust_2787750,BENL,refinance,443950,180,850,low,approved,443950,web,false,158
app_20250128_00566406,2025-01-28 16:22:46,cust_8077564,FRID,cash_loan,46985,12,791,low,approved,46985,mobile_app,false,480
app_20250128_00567159,2025-01-28 02:55:45,cust_7653961,BENL,credit_card,12164,42,598,medium,approved,12164,atm,false,483
app_20250128_00567912,2025-01-28 19:55:22,cust_5891362,UKLO,personal_loan,29216,12,850,low,approved,29216,web,false,317
app_20250128_00568665,2025-01-28 20:12:07,cust_3119339,DEHE,credit_card,22902,48,699,medium,rejected,0,branch,false,30
app_20250128_00569418,2025-01-28 21:03:55,cust_8500568,SESV,personal_loan,13131,36,513,medium,approved,13131,partner,false,772
