application_id,event_time,customer_id,region_code,product_type,requested_amount,term_months,credit_score,risk_level,decision_status,approved_amount,channel,employee_review_flag,processing_time_sec
app_20250111_00000000,2025-01-11 13:25:16,cust_8810589,ATVI,business_loan,23816,24,576,medium,approved,23816,branch,true,340
app_20250111_00000001,2025-01-11 21:46:47,cust_8473081,CZPR,auto_loan,33812,72,651,medium,rejected,0,mobile,false,146
app_20250111_00000002,2025-01-11 00:29:02,cust_4133658,ITMI,personal_loan,2639,36,754,low,approved,2639,mobile,false,871
app_20250111_00000003,2025-01-11 08:30:05,cust_9147233,SESV,personal_loan,17237,24,478,high,rejected,0,mobile_app,false,22
app_20250111_00000004,2025-01-11 14:51:30,cust_7602112,GRRE,personal_loan,16358,24,597,medium,rejected,0,mobile_app,false,70
app_20250111_00000005,2025-01-11 22:48:10,cust_1295385,NLAM,auto_loan,36215,36,591,medium,rejected,0,mobile,true,43
app_20250111_00000006,2025-01-11 08:34:39,cust_1581040,BENL,mortgage,345760,120,702,low,approved,345760,call_center,true,596
app_20250111_00000007,2025-01-11 11:00:31,cust_1076477,PLWA,auto_loan,45468,60,656,medium,approved,45468,web,false,354
app_20250111_00000008,2025-01-11 12:28:16,cust_8370862,CHBE,business_loan,31437,48,548,medium,rejected,0,call_center,false,79
app_20250111_00000009,2025-01-11 00:10:13,cust_9450668,AUTR,refinance,122067,180,681,medium,rejected,0,call_center,false,22
app_20250111_00000010,2025-01-11 02:28:12,cust_4542695,CZPR,auto_loan,24277,72,714,low,approved,24277,branch,true,208
app_20250111_00000011,2025-01-11 15:55:49,cust_3181950,FRID,mortgage,302845,120,636,medium,approved,302845,web,false,240
app_20250111_00000012,2025-01-11 20:12:41,cust_8744758,CZPR,credit_card,5032,36,610,medium,approved,5032,mobile,false,236
app_20250111_00000013,2025-01-11 20:16:15,cust_2803808,DEHE,mortgage,362687,300,743,low,approved,362687,branch,true,777
app_20250111_00000014,2025-01-11 02:27:59,cust_1135078,FRID,refinance,92448,180,600,medium,approved,92448,partner,false,155
app_20250111_00000015,2025-01-11 03:53:33,cust_2412275,ITMI,credit_card,44487,30,594,medium,approved,44487,branch,false,168
app_20250111_00000016,2025-01-11 05:13:29,cust_7714620,ATVI,cash_loan,23497,24,662,medium,rejected,0,web,true,169
app_20250111_00000017,2025-01-11 01:50:48,cust_9198429,ESMA,credit_card,43654,30,653,medium,approved,43654,mobile,false,595
app_20250111_00000018,2025-01-11 13:32:20,cust_4248302,SESV,cash_loan,16111,30,623,medium,rejected,0,branch,true,17
app_20250111_00000019,2025-01-11 00:27:00,cust_6025237,CHBE,business_loan,38438,36,846,low,approved,38438,online_banking,true,163
app_20250111_00000020,2025-01-11 08:25:21,cust_9672271,PORP,mortgage,114322,300,850,low,approved,114322,mobile,true,189
app_20250111_00000021,2025-01-11 21:33:34,cust_2338563,GRRE,cash_loan,42284,12,671,medium,approved,42284,web,true,169
app_20250111_00000022,2025-01-11 02:59:02,cust_5949209,CHBE,business_loan,9802,60,572,medium,approved,9802,partner,true,198
app_20250111_00000023,2025-01-11 01:14:08,cust_7153030,CHBE,personal_loan,15618,30,548,medium,rejected,0,mobile,false,99
app_20250111_00000024,2025-01-11 06:33:12,cust_9795273,ITMI,auto_loan,46554,36,560,medium,approved,46554,mobile_app,true,791
app_20250111_00000025,2025-01-11 13:07:27,cust_6766201,CHBE,mortgage,430261,360,633,medium,approved,430261,mobile_app,true,69
app_20250111_00000026,2025-01-11 10:58:49,cust_1446237,DEHE,auto_loan,21240,72,774,low,approved,21240,mobile_app,true,785
app_20250111_00000027,2025-01-11 16:31:21,cust_1434922,FRID,education_loan,10715,24,803,low,approved,10715,mobile,true,119
app_20250111_00000028,2025-01-11 13:05:35,cust_1343744,FRID,cash_loan,18552,30,497,high,rejected,0,mobile,false,51
app_20250111_00000029,2025-01-11 06:18:55,cust_9517528,DEHE,personal_loan,14103,36,730,low,approved,14103,atm,true,437
app_20250111_00000030,2025-01-11 11:13:26,cust_2029744,GRRE,credit_card,20768,12,641,medium,rejected,0,call_center,true,9
app_20250111_00000031,2025-01-11 12:12:05,cust_5080417,UKLO,auto_loan,51357,24,725,low,approved,51357,partner,true,329
app_20250111_00000032,2025-01-11 08:22:03,cust_7561252,ATVI,auto_loan,6890,48,625,medium,approved,6890,atm,false,166
app_20250111_00000033,2025-01-11 22:44:17,cust_4182612,PLWA,credit_card,2373,42,538,medium,approved,2373,partner,false,308
app_20250111_00000034,2025-01-11 03:05:43,cust_3306832,FRID,education_loan,20823,12,641,medium,rejected,0,mobile_app,true,86
app_20250111_00000035,2025-01-11 03:11:15,cust_1691535,FRID,business_loan,2144,48,586,medium,rejected,0,mobile,true,78
app_20250111_00000036,2025-01-11 13:31:49,cust_9432725,ATVI,refinance,148122,120,572,medium,rejected,0,online_banking,true,160
app_20250111_00000037,2025-01-11 21:50:52,cust_5087149,NLAM,education_loan,16058,24,613,medium,rejected,0,mobile,false,46
app_20250111_00000038,2025-01-11 19:15:13,cust_1681011,FRID,mortgage,303811,360,671,medium,rejected,0,partner,false,170
app_20250111_00000039,2025-01-11 12:43:17,cust_4454261,PORP,personal_loan,13518,24,665,medium,approved,13518,mobile_app,true,821
app_20250111_00000040,2025-01-11 21:22:21,cust_4469763,NLAM,auto_loan,27141,24,850,low,rejected,0,branch,false,145
app_20250111_00000041,2025-01-11 04:29:55,cust_7567619,SESV,business_loan,4833,48,612,medium,approved,4833,mobile,true,225
app_20250111_00000042,2025-01-11 21:56:51,cust_6944063,UKLO,credit_card,44071,36,706,low,approved,44071,online_banking,true,239
app_20250111_00000043,2025-01-11 00:59:45,cust_8104025,PLWA,cash_loan,32264,12,653,medium,approved,32264,mobile_app,false,357
app_20250111_00000044,2025-01-11 15:56:38,cust_9853182,NLAM,personal_loan,6845,24,674,medium,approved,6845,call_center,true,268
app_20250111_00000045,2025-01-11 05:26:07,cust_6647831,DEHE,business_loan,17795,48,788,low,approved,17795,mobile_app,false,95
app_20250111_00000046,2025-01-11 09:41:54,cust_7848305,ITMI,auto_loan,10545,72,719,low,approved,10545,call_center,false,154
app_20250111_00000047,2025-01-11 15:16:24,cust_6007891,FRID,education_loan,37113,36,612,medium,approved,37113,atm,true,540
app_20250111_00000048,2025-01-11 17:16:22,cust_2835140,FRID,credit_card,32331,18,713,low,approved,32331,web,false,466
app_20250111_00000049,2025-01-11 06:50:57,cust_2537229,UKLO,personal_loan,36783,36,772,low,approved,36783,atm,true,572
app_20250111_00000050,2025-01-11 20:56:45,cust_4873780,BENL,cash_loan,12253,24,559,medium,rejected,0,atm,true,48
app_20250111_00000051,2025-01-11 20:14:15,cust_8912948,ITMI,credit_card,3834,30,692,medium,rejected,0,online_banking,true,14
app_20250111_00000052,2025-01-11 10:56:33,cust_7245096,PLWA,business_loan,15623,12,554,medium,rejected,0,web,true,58
app_20250111_00000053,2025-01-11 01:30:09,cust_2224474,ATVI,personal_loan,30802,12,597,medium,rejected,0,branch,false,126
app_20250111_00000054,2025-01-11 14:08:36,cust_3317039,GRRE,auto_loan,27055,60,672,medium,approved,27055,partner,false,869
app_20250111_00000055,2025-01-11 20:12:32,cust_3111795,ESMA,education_loan,28694,36,625,medium,rejected,0,mobile_app,true,70
app_20250111_00000056,2025-01-11 14:02:18,cust_791887,PORP,business_loan,8408,60,687,medium,rejected,0,branch,false,163
app_20250111_00000057,2025-01-11 12:30:11,cust_1132010,ITMI,auto_loan,53407,24,741,low,approved,53407,mobile_app,true,577
app_20250111_00000058,2025-01-11 23:23:24,cust_6117548,DEHE,refinance,196143,240,741,low,approved,196143,partner,false,829
app_20250111_00000059,2025-01-11 08:47:26,cust_9804560,SESV,cash_loan,33463,36,658,medium,rejected,0,partner,true,96
app_20250111_00000060,2025-01-11 11:15:30,cust_5133111,ATVI,business_loan,9744,36,779,low,approved,9744,web,true,714
app_20250111_00000061,2025-01-11 17:34:22,cust_1334349,ESMA,refinance,108807,240,535,medium,approved,108807,web,false,233
app_20250111_00000062,2025-01-11 01:32:52,cust_6108232,CZPR,mortgage,128650,120,714,low,approved,128650,branch,false,664
app_20250111_00000063,2025-01-11 22:09:39,cust_5318728,ITMI,education_loan,3346,48,602,medium,approved,3346,mobile_app,false,519
app_20250111_00000064,2025-01-11 03:18:28,cust_8781549,ITMI,education_loan,28594,60,499,high,approved,28594,call_center,false,680
app_20250111_00000065,2025-01-11 03:03:55,cust_9584693,BENL,education_loan,16742,12,789,low,approved,16742,branch,false,542
app_20250111_00000066,2025-01-11 11:00:45,cust_427033,NLAM,credit_card,32502,36,676,medium,rejected,0,call_center,false,157
app_20250111_00000067,2025-01-11 10:31:24,cust_3298026,AUTR,refinance,446311,180,554,medium,approved,446311,partner,true,52
app_20250111_00000068,2025-01-11 08:28:30,cust_3729446,UKLO,cash_loan,12093,30,662,medium,approved,12093,web,true,501
app_20250111_00000069,2025-01-11 16:23:06,cust_6430454,CHBE,cash_loan,9418,18,582,medium,approved,9418,online_banking,false,682
app_20250111_00000070,2025-01-11 03:54:42,cust_7445441,FRID,mortgage,209202,180,647,medium,approved,209202,mobile,true,470
app_20250111_00000071,2025-01-11 15:43:12,cust_2806365,ITMI,business_loan,17167,48,694,medium,approved,17167,online_banking,true,392
app_20250111_00000072,2025-01-11 05:17:04,cust_282657,BENL,business_loan,12349,36,667,medium,approved,12349,call_center,true,622
app_20250111_00000073,2025-01-11 03:22:55,cust_4472391,PLWA,refinance,265678,240,726,low,approved,265678,call_center,false,435
app_20250111_00000074,2025-01-11 02:57:46,cust_4934613,ITMI,education_loan,39211,60,715,low,approved,39211,call_center,true,113
app_20250111_00000075,2025-01-11 06:11:00,cust_4746821,ITMI,mortgage,285842,120,733,low,approved,285842,partner,true,879
app_20250111_00000076,2025-01-11 02:31:24,cust_1750759,CZPR,cash_loan,13219,18,493,high,rejected,0,online_banking,true,175
app_20250111_00000077,2025-01-11 06:00:04,cust_7591636,AUTR,business_loan,2197,60,652,medium,approved,2197,mobile_app,false,794
app_20250111_00000078,2025-01-11 18:25:22,cust_5403320,AUTR,mortgage,233113,240,596,medium,approved,233113,partner,false,260
app_20250111_00000079,2025-01-11 19:54:44,cust_7823631,FRID,refinance,371069,360,564,medium,approved,371069,mobile_app,true,176
app_20250111_00000080,2025-01-11 18:53:21,cust_1752101,CZPR,auto_loan,19949,36,673,medium,rejected,0,online_banking,true,53
app_20250111_00000081,2025-01-11 02:27:36,cust_3544587,FRID,mortgage,196388,300,658,medium,approved,196388,atm,false,717
app_20250111_00000082,2025-01-11 12:28:27,cust_7539883,BENL,refinance,426416,240,700,low,approved,426416,mobile_app,false,656
app_20250111_00000083,2025-01-11 05:29:23,cust_4543536,UKLO,mortgage,439792,180,703,low,approved,439792,web,false,661
app_20250111_00000084,2025-01-11 22:02:05,cust_6733373,ATVI,mortgage,209837,120,571,medium,rejected,0,atm,true,28
app_20250111_00000085,2025-01-11 01:16:21,cust_7886304,ATVI,mortgage,407392,240,611,medium,approved,407392,atm,false,854
app_20250111_00000086,2025-01-11 20:37:29,cust_7849481,ATVI,auto_loan,5714,24,596,medium,rejected,0,partner,false,52
app_20250111_00000087,2025-01-11 09:57:08,cust_9877890,ATVI,education_loan,17741,48,728,low,rejected,0,branch,false,158
app_20250111_00000088,2025-01-11 18:02:22,cust_1536243,PORP,credit_card,22585,12,630,medium,approved,22585,atm,true,199
app_20250111_00000089,2025-01-11 05:41:03,cust_6904833,PLWA,personal_loan,45682,30,610,medium,approved,45682,partner,true,406
app_20250111_00000090,2025-01-11 20:27:32,cust_7523234,ATVI,credit_card,1148,24,442,high,rejected,0,call_center,true,35
app_20250111_00000091,2025-01-11 14:23:41,cust_6537767,ITMI,business_loan,8505,12,700,low,rejected,0,mobile,false,34
app_20250111_00000092,2025-01-11 14:39:58,cust_528706,CHBE,refinance,77849,240,711,low,approved,77849,partner,false,46
app_20250111_00000093,2025-01-11 23:13:56,cust_5985357,ITMI,auto_loan,36336,36,540,medium,approved,36336,partner,true,136
app_20250111_00000094,2025-01-11 04:47:52,cust_7529252,DEHE,personal_loan,5283,12,687,medium,approved,5283,atm,true,860
app_20250111_00000095,2025-01-11 12:14:33,cust_4552526,FRID,credit_card,8941,12,704,low,approved,8941,online_banking,true,382
app_20250111_00000096,2025-01-11 14:27:26,cust_4250858,CZPR,personal_loan,3153,36,666,medium,rejected,0,mobile_app,false,174
app_20250111_00000097,2025-01-11 17:34:37,cust_4196949,PLWA,refinance,216752,360,801,low,rejected,0,web,false,168
app_20250111_00000098,2025-01-11 14:10:57,cust_6947856,DEHE,credit_card,49314,30,575,medium,rejected,0,mobile_app,true,132
app_20250111_00000099,2025-01-11 14:29:27,cust_1239695,BENL,personal_loan,12242,30,787,low,approved,12242,partner,false,725
app_20250111_00000100,2025-01-11 14:37:43,cust_4541029,ESMA,refinance,104460,300,765,low,approved,104460,mobile_app,true,221
app_20250111_00000101,2025-01-11 01:01:11,cust_5277327,PORP,personal_loan,3536,30,587,medium,rejected,0,atm,true,105
app_20250111_00000102,2025-01-11 10:12:35,cust_8874081,NLAM,business_loan,4291,60,671,medium,approved,4291,mobile,false,451
app_20250111_00000103,2025-01-11 22:29:52,cust_4353050,DEHE,auto_loan,23785,36,654,medium,approved,23785,mobile_app,true,343
app_20250111_00000104,2025-01-11 15:46:07,cust_8811754,PORP,cash_loan,37409,24,540,medium,rejected,0,online_banking,false,65
app_20250111_00000105,2025-01-11 01:28:26,cust_1034356,SESV,refinance,200545,300,701,low,approved,200545,online_banking,false,402
app_20250111_00000106,2025-01-11 14:35:21,cust_9189313,AUTR,mortgage,462517,180,717,low,approved,462517,atm,false,211
app_20250111_00000107,2025-01-11 17:54:13,cust_1311735,AUTR,refinance,189910,120,711,low,approved,189910,mobile,true,517
app_20250111_00000108,2025-01-11 12:35:05,cust_6572134,SESV,credit_card,33941,12,828,low,approved,33941,mobile_app,false,841
app_20250111_00000109,2025-01-11 06:18:57,cust_3483303,UKLO,business_loan,12754,48,782,low,approved,12754,mobile_app,true,96
app_20250111_00000110,2025-01-11 00:33:00,cust_8867687,PORP,business_loan,12633,48,656,medium,rejected,0,web,false,62
app_20250111_00000111,2025-01-11 23:02:31,cust_3048739,DEHE,business_loan,14967,60,546,medium,rejected,0,branch,false,141
app_20250111_00000112,2025-01-11 17:14:55,cust_5412425,PORP,business_loan,10537,36,730,low,approved,10537,branch,true,196
app_20250111_00000113,2025-01-11 08:54:58,cust_3226930,ATVI,credit_card,30253,48,522,medium,rejected,0,call_center,true,137
app_20250111_00000114,2025-01-11 12:09:38,cust_3309240,FRID,auto_loan,46517,60,729,low,approved,46517,branch,false,285
app_20250111_00000115,2025-01-11 02:52:38,cust_5352827,ESMA,mortgage,242875,360,533,medium,rejected,0,mobile,true,67
app_20250111_00000116,2025-01-11 02:53:37,cust_9656541,ATVI,personal_loan,41026,30,520,medium,approved,41026,online_banking,true,86
app_20250111_00000117,2025-01-11 08:20:54,cust_5886400,CZPR,refinance,364372,120,796,low,approved,364372,branch,true,248
app_20250111_00000118,2025-01-11 21:14:48,cust_3750596,ITMI,refinance,451077,300,641,medium,approved,451077,atm,true,490
app_20250111_00000119,2025-01-11 22:27:47,cust_8582679,ATVI,refinance,200548,180,581,medium,rejected,0,call_center,false,46
app_20250111_00000120,2025-01-11 20:19:41,cust_4375651,ATVI,mortgage,344350,360,650,medium,rejected,0,web,false,129
app_20250111_00000121,2025-01-11 17:42:28,cust_6233097,DEHE,auto_loan,30255,24,602,medium,rejected,0,online_banking,true,101
app_20250111_00000122,2025-01-11 06:55:00,cust_160841,PLWA,business_loan,4631,36,661,medium,approved,4631,web,true,150
app_20250111_00000123,2025-01-11 04:37:07,cust_6396379,ESMA,education_loan,13320,36,712,low,approved,13320,branch,true,444
app_20250111_00000124,2025-01-11 22:27:00,cust_2095907,NLAM,business_loan,20296,36,634,medium,rejected,0,mobile_app,false,90
app_20250111_00000125,2025-01-11 11:21:23,cust_3187710,NLAM,business_loan,26913,24,643,medium,approved,26913,online_banking,false,60
app_20250111_00000126,2025-01-11 10:47:20,cust_3642594,ATVI,auto_loan,50764,24,693,medium,approved,50764,mobile,false,676
app_20250111_00000127,2025-01-11 01:39:16,cust_8675393,PLWA,business_loan,25912,48,751,low,approved,25912,online_banking,false,425
app_20250111_00000128,2025-01-11 13:14:47,cust_2032158,CZPR,cash_loan,37732,36,653,medium,rejected,0,call_center,false,98
app_20250111_00000129,2025-01-11 18:36:14,cust_1037835,PLWA,auto_loan,55423,72,675,medium,rejected,0,web,true,170
app_20250111_00000130,2025-01-11 03:16:54,cust_7614746,AUTR,auto_loan,34592,72,736,low,approved,34592,partner,false,607
app_20250111_00000131,2025-01-11 16:59:02,cust_5455687,AUTR,auto_loan,8288,24,697,medium,rejected,0,partner,false,156
app_20250111_00000132,2025-01-11 22:54:48,cust_9890957,NLAM,personal_loan,25089,12,705,low,approved,25089,atm,true,857
app_20250111_00000133,2025-01-11 23:02:30,cust_2447894,AUTR,personal_loan,5583,42,523,medium,approved,5583,call_center,true,353
app_20250111_00000134,2025-01-11 02:36:22,cust_9091761,ESMA,cash_loan,7809,24,644,medium,approved,7809,partner,true,55
app_20250111_00000135,2025-01-11 05:21:24,cust_8673938,UKLO,credit_card,24023,48,554,medium,rejected,0,partner,true,20
app_20250111_00000136,2025-01-11 18:54:24,cust_5809839,ATVI,education_loan,19728,48,717,low,approved,19728,branch,true,440
app_20250111_00000137,2025-01-11 18:41:45,cust_4949632,BENL,credit_card,29890,30,822,low,approved,29890,web,true,290
app_20250111_00000138,2025-01-11 18:43:10,cust_8621576,AUTR,auto_loan,13715,24,600,medium,approved,13715,branch,true,388
app_20250111_00000139,2025-01-11 11:18:36,cust_5889579,NLAM,cash_loan,25099,12,710,low,approved,25099,online_banking,false,584
app_20250111_00000140,2025-01-11 07:46:24,cust_6212900,BENL,auto_loan,38165,60,608,medium,rejected,0,mobile_app,false,47
app_20250111_00000141,2025-01-11 16:08:54,cust_7108518,CHBE,personal_loan,8920,12,543,medium,rejected,0,mobile_app,false,17
app_20250111_00000142,2025-01-11 22:56:47,cust_6575249,CHBE,business_loan,31930,12,601,medium,rejected,0,web,false,6
app_20250111_00000143,2025-01-11 19:40:05,cust_7022753,DEHE,auto_loan,21398,60,580,medium,approved,21398,partner,true,177
app_20250111_00000144,2025-01-11 04:43:58,cust_9148748,ESMA,refinance,207998,240,597,medium,rejected,0,mobile,true,177
app_20250111_00000145,2025-01-11 18:21:42,cust_5509066,NLAM,cash_loan,35685,30,552,medium,approved,35685,web,true,775
app_20250111_00000146,2025-01-11 07:19:42,cust_5884091,ATVI,personal_loan,33968,48,850,low,approved,33968,call_center,true,640
app_20250111_00000147,2025-01-11 09:42:09,cust_2506150,DEHE,credit_card,21738,12,534,medium,rejected,0,atm,true,141
app_20250111_00000148,2025-01-11 16:10:06,cust_253190,AUTR,auto_loan,11148,36,571,medium,rejected,0,mobile,false,36
app_20250111_00000149,2025-01-11 07:19:49,cust_4489468,ITMI,auto_loan,23499,72,551,medium,approved,23499,web,true,250
app_20250111_00000150,2025-01-11 03:32:24,cust_5614711,ATVI,auto_loan,32946,36,780,low,approved,32946,branch,false,468
app_20250111_00000151,2025-01-11 21:11:15,cust_3711660,UKLO,cash_loan,34207,30,760,low,approved,34207,online_banking,false,558
app_20250111_00000152,2025-01-11 07:16:07,cust_9821456,ITMI,auto_loan,14147,72,850,low,approved,14147,mobile,true,300
app_20250111_00000153,2025-01-11 20:07:19,cust_5308103,UKLO,personal_loan,11106,42,556,medium,approved,11106,partner,false,418
app_20250111_00000154,2025-01-11 03:56:07,cust_4175361,PLWA,auto_loan,33504,60,625,medium,approved,33504,atm,true,280
app_20250111_00000155,2025-01-11 17:03:22,cust_1515848,NLAM,personal_loan,7990,42,694,medium,approved,7990,call_center,true,100
app_20250111_00000156,2025-01-11 10:31:23,cust_9696917,SESV,business_loan,22490,24,550,medium,approved,22490,mobile,false,501
app_20250111_00000157,2025-01-11 04:40:21,cust_3427725,DEHE,auto_loan,41457,60,457,high,rejected,0,mobile_app,false,180
app_20250111_00000158,2025-01-11 02:24:23,cust_8622630,CZPR,auto_loan,51148,48,524,medium,approved,51148,mobile,false,63
app_20250111_00000159,2025-01-11 22:14:09,cust_198735,CZPR,credit_card,12160,12,790,low,approved,12160,atm,false,663
app_20250111_00000160,2025-01-11 01:55:04,cust_8048600,FRID,cash_loan,25349,12,711,low,approved,25349,web,false,537
app_20250111_00000161,2025-01-11 05:01:31,cust_5891604,GRRE,credit_card,40237,36,620,medium,approved,40237,atm,false,528
app_20250111_00000162,2025-01-11 06:22:26,cust_6627525,NLAM,business_loan,28551,48,510,medium,approved,28551,partner,false,507
app_20250111_00000163,2025-01-11 11:40:15,cust_8708601,AUTR,personal_loan,21468,12,585,medium,rejected,0,atm,false,74
app_20250111_00000164,2025-01-11 12:03:51,cust_7394312,UKLO,credit_card,8510,42,531,medium,approved,8510,atm,false,450
app_20250111_00000165,2025-01-11 17:00:09,cust_4934078,GRRE,business_loan,30377,12,504,medium,approved,30377,partner,true,219
app_20250111_00000166,2025-01-11 11:01:16,cust_1287225,CHBE,cash_loan,21918,42,533,medium,approved,21918,call_center,false,558
app_20250111_00000167,2025-01-11 22:29:20,cust_3132440,GRRE,business_loan,20122,48,576,medium,rejected,0,call_center,false,60
app_20250111_00000168,2025-01-11 20:51:56,cust_121980,GRRE,refinance,265544,180,624,medium,approved,265544,branch,true,63
app_20250111_00000169,2025-01-11 20:35:40,cust_3586319,AUTR,personal_loan,27814,42,678,medium,approved,27814,online_banking,true,101
app_20250111_00000170,2025-01-11 10:53:36,cust_2172152,ATVI,business_loan,34903,60,619,medium,approved,34903,atm,false,480
app_20250111_00000171,2025-01-11 03:27:26,cust_4912097,CZPR,credit_card,7703,48,636,medium,approved,7703,mobile,false,552
app_20250111_00000172,2025-01-11 23:55:55,cust_6973871,GRRE,mortgage,371733,120,762,low,approved,371733,online_banking,false,691
app_20250111_00000173,2025-01-11 15:49:48,cust_2855076,CHBE,mortgage,101431,180,738,low,approved,101431,web,true,734
app_20250111_00000174,2025-01-11 01:17:45,cust_8919498,ESMA,cash_loan,24445,18,478,high,rejected,0,mobile_app,true,23
app_20250111_00000175,2025-01-11 21:19:57,cust_8809808,ATVI,cash_loan,40186,36,626,medium,approved,40186,mobile,false,442
app_20250111_00000176,2025-01-11 00:37:51,cust_4976917,FRID,business_loan,38899,24,550,medium,rejected,0,call_center,false,108
app_20250111_00000177,2025-01-11 00:59:09,cust_1994503,PORP,business_loan,7018,48,808,low,approved,7018,mobile_app,true,455
app_20250111_00000178,2025-01-11 15:46:50,cust_9199933,BENL,personal_loan,23725,48,535,medium,approved,23725,mobile,true,225
app_20250111_00000179,2025-01-11 13:51:14,cust_1786663,CZPR,cash_loan,34551,42,769,low,rejected,0,online_banking,true,24
app_20250111_00000180,2025-01-11 00:29:38,cust_971032,ATVI,refinance,477939,360,697,medium,approved,477939,call_center,false,427
app_20250111_00000181,2025-01-11 02:13:40,cust_5678367,AUTR,auto_loan,23454,48,781,low,approved,23454,partner,true,200
app_20250111_00000182,2025-01-11 09:11:02,cust_8841588,PLWA,auto_loan,31674,36,716,low,approved,31674,mobile,false,59
app_20250111_00000183,2025-01-11 05:06:43,cust_3392338,AUTR,mortgage,411368,240,481,high,rejected,0,call_center,true,99
app_20250111_00000184,2025-01-11 14:04:19,cust_2532234,UKLO,education_loan,30876,48,581,medium,rejected,0,branch,true,75
app_20250111_00000185,2025-01-11 15:33:03,cust_4457041,DEHE,auto_loan,44404,72,704,low,approved,44404,branch,false,667
app_20250111_00000186,2025-01-11 16:52:58,cust_3025257,ITMI,business_loan,12754,24,674,medium,approved,12754,web,true,577
app_20250111_00000187,2025-01-11 12:11:56,cust_3076469,SESV,refinance,494498,240,684,medium,approved,494498,atm,false,874
app_20250111_00000188,2025-01-11 09:03:21,cust_1156992,GRRE,credit_card,42122,18,446,high,approved,42122,online_banking,false,643
app_20250111_00000189,2025-01-11 00:06:35,cust_7420878,ITMI,business_loan,21666,24,684,medium,approved,21666,online_banking,false,875
app_20250111_00000190,2025-01-11 17:33:37,cust_3008713,ATVI,refinance,210441,120,680,medium,approved,210441,atm,true,842
app_20250111_00000191,2025-01-11 18:56:03,cust_3414597,CZPR,refinance,233506,120,629,medium,approved,233506,mobile,false,528
app_20250111_00000192,2025-01-11 18:18:57,cust_2592240,CHBE,mortgage,204825,360,733,low,approved,204825,online_banking,true,229
app_20250111_00000193,2025-01-11 07:47:09,cust_2932447,FRID,business_loan,2596,12,517,medium,rejected,0,mobile,false,77
app_20250111_00000194,2025-01-11 13:06:02,cust_3171651,GRRE,business_loan,37733,36,636,medium,approved,37733,atm,false,700
app_20250111_00000195,2025-01-11 23:49:33,cust_1427140,ATVI,credit_card,45192,42,588,medium,rejected,0,mobile,false,159
app_20250111_00000196,2025-01-11 03:42:45,cust_8282391,SESV,refinance,471187,360,741,low,approved,471187,call_center,true,555
app_20250111_00000197,2025-01-11 19:05:37,cust_9663309,UKLO,education_loan,24959,48,822,low,approved,24959,partner,true,800
app_20250111_00000198,2025-01-11 14:02:26,cust_4711160,ITMI,cash_loan,8925,30,779,low,approved,8925,partner,false,372
app_20250111_00000199,2025-01-11 04:24:08,cust_4766492,CHBE,business_loan,20534,48,584,medium,approved,20534,mobile_app,false,856
app_20250111_00000200,2025-01-11 13:06:08,cust_6663289,UKLO,personal_loan,1160,24,538,medium,approved,1160,call_center,false,837
app_20250111_00000201,2025-01-11 10:16:54,cust_9409902,ATVI,mortgage,368096,300,660,medium,approved,368096,partner,false,369
app_20250111_00000202,2025-01-11 03:20:01,cust_7769445,CZPR,education_loan,34639,48,769,low,approved,34639,mobile,false,126
app_20250111_00000203,2025-01-11 03:33:53,cust_6276972,ITMI,education_loan,16441,24,744,low,approved,16441,online_banking,true,409
app_20250111_00000204,2025-01-11 16:09:53,cust_723857,FRID,credit_card,45922,12,648,medium,approved,45922,online_banking,true,207
app_20250111_00000205,2025-01-11 23:12:38,cust_7308100,CHBE,personal_loan,45139,24,471,high,rejected,0,mobile_app,true,145
app_20250111_00000206,2025-01-11 13:13:29,cust_4949045,PORP,personal_loan,7313,24,630,medium,rejected,0,branch,false,150
app_20250111_00000207,2025-01-11 01:04:40,cust_8144258,PORP,credit_card,48807,48,797,low,approved,48807,branch,true,596
app_20250111_00000208,2025-01-11 13:12:58,cust_3400194,ITMI,personal_loan,40815,24,665,medium,approved,40815,partner,true,224
app_20250111_00000209,2025-01-11 18:16:36,cust_1280162,PORP,personal_loan,32402,30,679,medium,approved,32402,web,true,155
app_20250111_00000210,2025-01-11 15:48:34,cust_6025021,ATVI,refinance,121382,120,812,low,approved,121382,branch,false,274
app_20250111_00000211,2025-01-11 04:01:56,cust_5845156,GRRE,personal_loan,26204,12,628,medium,approved,26204,mobile,true,856
app_20250111_00000212,2025-01-11 01:59:48,cust_9454786,PORP,refinance,56406,300,748,low,rejected,0,web,true,139
app_20250111_00000213,2025-01-11 12:50:04,cust_2728932,PLWA,business_loan,33335,12,613,medium,approved,33335,partner,true,189
app_20250111_00000214,2025-01-11 01:31:46,cust_4809613,CZPR,mortgage,237293,240,671,medium,approved,237293,call_center,true,416
app_20250111_00000215,2025-01-11 16:24:59,cust_8678078,DEHE,cash_loan,18885,48,688,medium,rejected,0,branch,false,119
app_20250111_00000216,2025-01-11 16:44:04,cust_5369565,BENL,business_loan,30370,12,740,low,approved,30370,call_center,true,542
app_20250111_00000217,2025-01-11 15:42:05,cust_9408917,FRID,refinance,128172,360,722,low,approved,128172,online_banking,true,864
app_20250111_00000218,2025-01-11 21:39:25,cust_4303445,UKLO,auto_loan,15097,36,630,medium,rejected,0,online_banking,false,173
app_20250111_00000219,2025-01-11 13:31:27,cust_1352313,PLWA,auto_loan,59428,60,545,medium,rejected,0,web,true,53
app_20250111_00000220,2025-01-11 13:34:42,cust_5838257,BENL,mortgage,242796,120,850,low,approved,242796,web,false,345
app_20250111_00000221,2025-01-11 17:32:46,cust_3460826,PLWA,business_loan,37932,48,485,high,rejected,0,online_banking,true,46
app_20250111_00000222,2025-01-11 12:24:31,cust_3470873,DEHE,credit_card,10176,30,646,medium,approved,10176,call_center,true,203
app_20250111_00000223,2025-01-11 03:09:04,cust_8098906,ATVI,refinance,247024,360,474,high,rejected,0,call_center,true,139
app_20250111_00000224,2025-01-11 13:33:09,cust_1239047,FRID,personal_loan,9447,36,708,low,approved,9447,branch,true,877
app_20250111_00000225,2025-01-11 17:12:13,cust_3420128,FRID,auto_loan,47227,72,752,low,approved,47227,online_banking,false,127
app_20250111_00000226,2025-01-11 14:44:02,cust_3530534,BENL,business_loan,26888,36,606,medium,rejected,0,online_banking,true,111
app_20250111_00000227,2025-01-11 13:47:12,cust_2866012,DEHE,education_loan,14391,60,780,low,approved,14391,branch,false,347
app_20250111_00000228,2025-01-11 02:32:26,cust_8010340,UKLO,refinance,273102,180,559,medium,rejected,0,online_banking,false,171
app_20250111_00000229,2025-01-11 20:53:50,cust_290213,AUTR,auto_loan,38372,24,522,medium,approved,38372,call_center,false,374
app_20250111_00000230,2025-01-11 12:33:32,cust_7338092,NLAM,cash_loan,24887,36,631,medium,rejected,0,online_banking,false,48
app_20250111_00000231,2025-01-11 05:06:01,cust_8968334,CZPR,personal_loan,26786,12,565,medium,rejected,0,mobile_app,false,82
app_20250111_00000232,2025-01-11 08:10:34,cust_9245608,PORP,refinance,116217,300,560,medium,rejected,0,mobile_app,false,179
app_20250111_00000233,2025-01-11 07:44:29,cust_8796631,PORP,personal_loan,37565,48,465,high,rejected,0,partner,true,100
app_20250111_00000234,2025-01-11 05:36:54,cust_1710630,ESMA,auto_loan,7784,72,654,medium,rejected,0,partner,true,31
app_20250111_00000235,2025-01-11 19:55:38,cust_331554,SESV,education_loan,18906,48,554,medium,rejected,0,call_center,false,29
app_20250111_00000236,2025-01-11 13:36:30,cust_2548145,CHBE,cash_loan,41388,42,740,low,rejected,0,partner,false,148
app_20250111_00000237,2025-01-11 22:27:23,cust_4771695,SESV,business_loan,23393,60,715,low,approved,23393,mobile_app,true,64
app_20250111_00000238,2025-01-11 12:12:38,cust_4166098,DEHE,auto_loan,18511,24,544,medium,rejected,0,online_banking,false,5
app_20250111_00000239,2025-01-11 13:56:25,cust_221171,BENL,auto_loan,20181,60,500,medium,rejected,0,mobile,false,100
app_20250111_00000240,2025-01-11 06:56:02,cust_6306940,CHBE,business_loan,12723,24,589,medium,approved,12723,atm,false,116
app_20250111_00000241,2025-01-11 16:15:08,cust_7269567,ESMA,mortgage,343761,180,668,medium,approved,343761,mobile,true,613
app_20250111_00000242,2025-01-11 22:52:51,cust_3063494,PLWA,refinance,384516,240,660,medium,approved,384516,partner,true,83
app_20250111_00000243,2025-01-11 11:41:33,cust_7488639,UKLO,credit_card,27337,30,558,medium,approved,27337,mobile_app,false,119
app_20250111_00000244,2025-01-11 05:10:33,cust_6119499,ATVI,credit_card,24169,36,548,medium,approved,24169,mobile,false,519
app_20250111_00000245,2025-01-11 04:53:46,cust_8769990,AUTR,cash_loan,1208,36,542,medium,approved,1208,online_banking,false,319
app_20250111_00000246,2025-01-11 04:05:19,cust_127397,SESV,personal_loan,18874,12,768,low,approved,18874,online_banking,false,864
app_20250111_00000247,2025-01-11 14:48:58,cust_4632038,CZPR,auto_loan,32090,48,850,low,approved,32090,mobile_app,true,180
app_20250111_00000248,2025-01-11 14:24:42,cust_553697,UKLO,business_loan,10749,12,556,medium,approved,10749,online_banking,false,530
app_20250111_00000249,2025-01-11 15:55:34,cust_6658871,AUTR,auto_loan,5244,24,546,medium,approved,5244,online_banking,false,586
app_20250111_00000250,2025-01-11 07:15:09,cust_5063097,DEHE,business_loan,23056,60,519,medium,rejected,0,partner,false,58
app_20250111_00000251,2025-01-11 05:23:30,cust_2175368,CZPR,personal_loan,38771,36,641,medium,approved,38771,online_banking,true,573
app_20250111_00000252,2025-01-11 02:09:42,cust_5143256,ATVI,credit_card,8464,36,570,medium,rejected,0,mobile,true,40
app_20250111_00000253,2025-01-11 13:15:51,cust_639945,ITMI,business_loan,26607,36,623,medium,approved,26607,call_center,false,664
app_20250111_00000254,2025-01-11 17:31:49,cust_4973281,NLAM,cash_loan,24472,24,731,low,approved,24472,partner,true,776
app_20250111_00000255,2025-01-11 03:31:31,cust_7805674,CZPR,business_loan,28397,12,659,medium,approved,28397,web,true,233
app_20250111_00000256,2025-01-11 09:45:10,cust_9338924,ITMI,auto_loan,47685,48,562,medium,rejected,0,call_center,false,120
app_20250111_00000257,2025-01-11 22:08:05,cust_2364390,CHBE,education_loan,12371,60,656,medium,approved,12371,online_banking,false,735
app_20250111_00000258,2025-01-11 02:11:32,cust_1648259,AUTR,education_loan,28381,36,700,low,approved,28381,online_banking,true,406
app_20250111_00000259,2025-01-11 06:08:19,cust_1702953,CZPR,business_loan,32447,24,743,low,approved,32447,mobile_app,false,624
app_20250111_00000260,2025-01-11 12:47:52,cust_6299316,ATVI,personal_loan,18973,24,800,low,approved,18973,mobile_app,false,118
app_20250111_00000261,2025-01-11 14:10:31,cust_3081252,CHBE,cash_loan,17329,48,802,low,approved,17329,call_center,true,579
app_20250111_00000262,2025-01-11 12:48:30,cust_1365148,FRID,personal_loan,40972,12,738,low,approved,40972,call_center,true,730
app_20250111_00000263,2025-01-11 23:33:11,cust_5722900,UKLO,mortgage,425484,240,621,medium,rejected,0,branch,false,127
app_20250111_00000264,2025-01-11 07:43:34,cust_3024582,PLWA,personal_loan,23032,30,603,medium,approved,23032,branch,false,664
app_20250111_00000265,2025-01-11 06:15:30,cust_338347,CZPR,personal_loan,11265,24,703,low,approved,11265,online_banking,true,671
app_20250111_00000266,2025-01-11 14:13:45,cust_8980751,PORP,personal_loan,6099,30,488,high,rejected,0,mobile_app,false,134
app_20250111_00000267,2025-01-11 17:04:09,cust_6603248,CHBE,credit_card,20144,48,570,medium,rejected,0,online_banking,true,42
app_20250111_00000268,2025-01-11 02:48:43,cust_2493980,ITMI,credit_card,32912,36,702,low,approved,32912,branch,false,854
app_20250111_00000269,2025-01-11 06:09:50,cust_5334314,ATVI,auto_loan,34001,36,640,medium,approved,34001,online_banking,false,303
app_20250111_00000270,2025-01-11 01:41:54,cust_5527225,FRID,education_loan,27524,60,727,low,approved,27524,branch,false,695
app_20250111_00000271,2025-01-11 02:22:26,cust_4864209,PORP,refinance,244408,360,615,medium,approved,244408,online_banking,false,851
app_20250111_00000272,2025-01-11 19:41:45,cust_7115530,NLAM,education_loan,21563,36,586,medium,rejected,0,web,true,140
app_20250111_00000273,2025-01-11 14:53:16,cust_8991642,DEHE,education_loan,29358,24,762,low,approved,29358,atm,true,170
app_20250111_00000274,2025-01-11 12:03:01,cust_2536644,DEHE,education_loan,5948,60,791,low,approved,5948,atm,true,849
app_20250111_00000275,2025-01-11 03:26:49,cust_8514923,ESMA,credit_card,41670,36,641,medium,approved,41670,partner,true,460
app_20250111_00000276,2025-01-11 06:12:57,cust_595370,DEHE,mortgage,235009,120,721,low,approved,235009,partner,false,297
app_20250111_00000277,2025-01-11 06:11:37,cust_3063345,ATVI,education_loan,19365,36,712,low,approved,19365,mobile_app,false,332
app_20250111_00000278,2025-01-11 17:00:16,cust_4641141,DEHE,education_loan,27495,48,795,low,approved,27495,atm,true,61
app_20250111_00000279,2025-01-11 08:59:28,cust_4811673,SESV,personal_loan,47292,48,566,medium,rejected,0,call_center,true,83
app_20250111_00000280,2025-01-11 08:55:01,cust_9122425,PORP,education_loan,17145,36,656,medium,approved,17145,online_banking,false,424
app_20250111_00000281,2025-01-11 03:27:41,cust_9350054,ITMI,cash_loan,39873,18,511,medium,rejected,0,branch,true,104
app_20250111_00000282,2025-01-11 03:14:54,cust_3331682,PORP,mortgage,141098,240,685,medium,rejected,0,online_banking,false,110
app_20250111_00000283,2025-01-11 06:34:59,cust_6435684,AUTR,personal_loan,29885,18,579,medium,rejected,0,partner,true,169
app_20250111_00000284,2025-01-11 05:57:40,cust_5734912,FRID,auto_loan,13556,24,657,medium,approved,13556,mobile,true,679
app_20250111_00000285,2025-01-11 23:35:06,cust_4014935,DEHE,auto_loan,21592,72,701,low,approved,21592,partner,true,884
app_20250111_00000286,2025-01-11 22:38:10,cust_9745000,AUTR,credit_card,16749,42,664,medium,approved,16749,call_center,true,512
app_20250111_00000287,2025-01-11 06:25:11,cust_7696512,GRRE,personal_loan,5852,12,596,medium,rejected,0,branch,false,69
app_20250111_00000288,2025-01-11 15:08:45,cust_6169312,ESMA,education_loan,29731,24,720,low,approved,29731,atm,true,681
app_20250111_00000289,2025-01-11 19:29:57,cust_1201394,ITMI,business_loan,16320,48,568,medium,rejected,0,online_banking,true,21
app_20250111_00000290,2025-01-11 15:55:14,cust_3422947,SESV,mortgage,406408,180,543,medium,rejected,0,online_banking,true,10
app_20250111_00000291,2025-01-11 06:08:00,cust_6281787,ATVI,personal_loan,8509,42,716,low,approved,8509,online_banking,true,202
app_20250111_00000292,2025-01-11 08:25:25,cust_3266094,PLWA,business_loan,25881,24,776,low,approved,25881,call_center,false,791
app_20250111_00000293,2025-01-11 00:18:43,cust_1405975,AUTR,cash_loan,18040,18,668,medium,rejected,0,atm,false,163
app_20250111_00000294,2025-01-11 04:13:19,cust_1281907,BENL,mortgage,280380,120,801,low,rejected,0,call_center,true,120
app_20250111_00000295,2025-01-11 06:12:20,cust_7823522,BENL,business_loan,30503,48,616,medium,approved,30503,online_banking,false,86
app_20250111_00000296,2025-01-11 14:03:02,cust_8545719,AUTR,business_loan,28194,12,619,medium,approved,28194,atm,false,360
app_20250111_00000297,2025-01-11 19:29:10,cust_2765440,UKLO,personal_loan,37307,12,642,medium,rejected,0,call_center,false,168
app_20250111_00000298,2025-01-11 13:54:41,cust_6695043,SESV,refinance,50331,120,662,medium,rejected,0,mobile_app,true,141
app_20250111_00000299,2025-01-11 16:32:54,cust_3328659,PORP,refinance,468003,360,693,medium,approved,468003,atm,true,258
app_20250111_00000300,2025-01-11 06:33:42,cust_634943,FRID,business_loan,20671,60,504,medium,rejected,0,call_center,false,164
app_20250111_00000301,2025-01-11 21:16:11,cust_6266297,CZPR,personal_loan,40947,42,663,medium,approved,40947,call_center,true,322
app_20250111_00000302,2025-01-11 16:20:34,cust_2859986,GRRE,refinance,277439,120,443,high,rejected,0,mobile_app,true,165
app_20250111_00000303,2025-01-11 14:52:47,cust_153617,UKLO,cash_loan,19035,12,553,medium,approved,19035,web,false,186
app_20250111_00000304,2025-01-11 07:56:27,cust_7840691,UKLO,personal_loan,33766,18,731,low,approved,33766,call_center,true,605
app_20250111_00000305,2025-01-11 05:33:53,cust_863377,NLAM,refinance,162927,240,636,medium,approved,162927,atm,false,689
app_20250111_00000306,2025-01-11 05:51:24,cust_3596789,FRID,auto_loan,54715,24,699,medium,approved,54715,branch,false,165
app_20250111_00000307,2025-01-11 18:29:45,cust_6084925,CZPR,refinance,455713,240,819,low,approved,455713,call_center,true,424
app_20250111_00000308,2025-01-11 07:22:58,cust_3876200,CHBE,cash_loan,3582,36,493,high,approved,3582,partner,true,748
app_20250111_00000309,2025-01-11 22:52:56,cust_580524,AUTR,personal_loan,22814,24,682,medium,approved,22814,branch,true,477
app_20250111_00000310,2025-01-11 02:35:16,cust_5546794,CHBE,personal_loan,20930,36,740,low,approved,20930,mobile_app,false,866
app_20250111_00000311,2025-01-11 10:54:06,cust_1313321,AUTR,personal_loan,19492,18,670,medium,rejected,0,partner,true,114
app_20250111_00000312,2025-01-11 10:48:08,cust_2663325,BENL,credit_card,21163,30,534,medium,rejected,0,mobile_app,false,50
app_20250111_00000313,2025-01-11 05:18:42,cust_3529861,ATVI,personal_loan,21329,24,674,medium,rejected,0,partner,true,116
app_20250111_00000314,2025-01-11 15:04:39,cust_7136487,NLAM,refinance,96797,120,554,medium,approved,96797,mobile_app,false,410
app_20250111_00000315,2025-01-11 10:32:54,cust_8734415,PORP,auto_loan,55111,36,811,low,approved,55111,partner,true,499
app_20250111_00000316,2025-01-11 19:36:24,cust_6539990,ATVI,business_loan,24356,24,696,medium,approved,24356,mobile_app,false,463
app_20250111_00000317,2025-01-11 16:47:05,cust_3902825,FRID,cash_loan,26425,30,807,low,approved,26425,online_banking,true,569
app_20250111_00000318,2025-01-11 20:12:44,cust_4308089,PLWA,business_loan,4652,48,528,medium,approved,4652,call_center,false,246
app_20250111_00000319,2025-01-11 02:52:45,cust_9088667,ATVI,refinance,223654,180,850,low,approved,223654,call_center,true,642
app_20250111_00000320,2025-01-11 18:39:05,cust_2056368,CZPR,credit_card,21046,18,784,low,approved,21046,mobile,false,149
app_20250111_00000321,2025-01-11 17:09:50,cust_934758,ESMA,cash_loan,45048,24,831,low,rejected,0,web,true,20
app_20250111_00000322,2025-01-11 21:52:54,cust_8088948,DEHE,refinance,159673,120,577,medium,approved,159673,mobile_app,false,434
app_20250111_00000323,2025-01-11 04:59:53,cust_3515764,CHBE,credit_card,14296,12,606,medium,rejected,0,mobile_app,false,19
app_20250111_00000324,2025-01-11 17:58:57,cust_7162058,GRRE,mortgage,357807,180,580,medium,approved,357807,mobile,false,842
app_20250111_00000325,2025-01-11 18:02:20,cust_1350717,FRID,personal_loan,5511,36,668,medium,approved,5511,web,false,668
app_20250111_00000326,2025-01-11 23:26:16,cust_8537485,PORP,credit_card,13943,36,848,low,approved,13943,online_banking,false,792
app_20250111_00000327,2025-01-11 10:46:23,cust_6299639,BENL,education_loan,34780,48,451,high,rejected,0,online_banking,true,17
app_20250111_00000328,2025-01-11 00:27:20,cust_3772688,GRRE,education_loan,25955,12,665,medium,rejected,0,mobile,false,159
app_20250111_00000329,2025-01-11 12:17:41,cust_7693704,GRRE,mortgage,113014,300,801,low,approved,113014,mobile_app,true,112
app_20250111_00000330,2025-01-11 21:21:30,cust_6670234,UKLO,education_loan,15087,24,619,medium,rejected,0,mobile,false,162
app_20250111_00000331,2025-01-11 14:03:07,cust_5913193,UKLO,personal_loan,13598,30,705,low,approved,13598,call_center,true,790
app_20250111_00000332,2025-01-11 20:58:33,cust_6989374,NLAM,personal_loan,5708,48,850,low,rejected,0,call_center,false,15
app_20250111_00000333,2025-01-11 13:44:00,cust_9128725,ITMI,business_loan,8200,48,591,medium,rejected,0,branch,true,59
app_20250111_00000334,2025-01-11 18:25:39,cust_9473188,UKLO,cash_loan,20279,18,594,medium,approved,20279,atm,false,358
app_20250111_00000335,2025-01-11 00:11:05,cust_972996,AUTR,education_loan,28325,48,730,low,approved,28325,online_banking,false,485
app_20250111_00000336,2025-01-11 12:23:47,cust_3073963,ITMI,education_loan,18226,60,584,medium,rejected,0,mobile,true,8
app_20250111_00000337,2025-01-11 15:58:43,cust_9674977,CZPR,cash_loan,49804,48,518,medium,rejected,0,mobile,true,74
app_20250111_00000338,2025-01-11 15:48:58,cust_1720845,NLAM,education_loan,13904,36,565,medium,rejected,0,web,false,14
app_20250111_00000339,2025-01-11 19:09:16,cust_4366424,BENL,credit_card,20567,30,731,low,approved,20567,atm,false,199
app_20250111_00000340,2025-01-11 09:17:57,cust_8619250,ATVI,refinance,333970,300,646,medium,approved,333970,partner,false,291
app_20250111_00000341,2025-01-11 20:45:08,cust_4988842,NLAM,cash_loan,4743,24,572,medium,approved,4743,atm,true,333
app_20250111_00000342,2025-01-11 16:58:55,cust_2454555,ITMI,cash_loan,6923,30,621,medium,approved,6923,mobile_app,true,687
app_20250111_00000343,2025-01-11 18:06:54,cust_8032259,AUTR,mortgage,102022,360,601,medium,approved,102022,atm,false,710
app_20250111_00000344,2025-01-11 09:39:52,cust_7917630,FRID,credit_card,8700,48,612,medium,approved,8700,branch,true,368
app_20250111_00000345,2025-01-11 18:20:27,cust_9917304,DEHE,business_loan,29116,60,698,medium,approved,29116,branch,true,517
app_20250111_00000346,2025-01-11 13:33:58,cust_9939858,PORP,cash_loan,47284,18,649,medium,rejected,0,branch,true,91
app_20250111_00000347,2025-01-11 16:57:44,cust_9860555,SESV,personal_loan,18962,48,724,low,approved,18962,web,false,844
app_20250111_00000348,2025-01-11 10:43:12,cust_3611668,AUTR,refinance,265717,240,508,medium,rejected,0,mobile_app,false,165
app_20250111_00000349,2025-01-11 16:44:15,cust_4456428,BENL,business_loan,6755,60,583,medium,approved,6755,mobile_app,false,396
app_20250111_00000350,2025-01-11 02:58:42,cust_3251427,ESMA,cash_loan,33139,36,654,medium,approved,33139,mobile_app,false,459
app_20250111_00000351,2025-01-11 09:47:34,cust_8519867,UKLO,education_loan,22576,12,558,medium,rejected,0,atm,false,153
app_20250111_00000352,2025-01-11 15:44:39,cust_9216645,PORP,mortgage,414365,300,698,medium,approved,414365,mobile_app,false,470
app_20250111_00000353,2025-01-11 21:33:20,cust_8978165,PORP,mortgage,334227,180,674,medium,approved,334227,branch,false,550
app_20250111_00000354,2025-01-11 20:49:20,cust_4177258,ESMA,credit_card,32894,12,635,medium,approved,32894,call_center,true,475
app_20250111_00000355,2025-01-11 12:13:27,cust_2539167,ATVI,credit_card,29142,42,533,medium,approved,29142,web,true,625
app_20250111_00000356,2025-01-11 07:18:04,cust_8194845,PLWA,credit_card,13009,18,765,low,approved,13009,branch,true,255
app_20250111_00000357,2025-01-11 19:00:51,cust_8134232,AUTR,education_loan,38053,48,692,medium,approved,38053,call_center,false,270
app_20250111_00000358,2025-01-11 07:21:28,cust_6170234,PLWA,refinance,483601,240,698,medium,approved,483601,mobile_app,false,889
app_20250111_00000359,2025-01-11 03:41:35,cust_6269038,PLWA,refinance,494503,180,589,medium,rejected,0,online_banking,true,33
app_20250111_00000360,2025-01-11 18:31:15,cust_151760,FRID,auto_loan,32209,24,818,low,approved,32209,call_center,false,219
app_20250111_00000361,2025-01-11 23:46:46,cust_4567032,AUTR,refinance,341042,240,554,medium,rejected,0,mobile_app,true,143
app_20250111_00000362,2025-01-11 02:36:38,cust_6574111,CZPR,business_loan,18270,24,668,medium,approved,18270,branch,false,485
app_20250111_00000363,2025-01-11 17:11:27,cust_6172396,UKLO,cash_loan,44353,30,552,medium,rejected,0,web,true,49
app_20250111_00000364,2025-01-11 02:21:43,cust_3974815,CHBE,personal_loan,30533,12,806,low,approved,30533,web,true,304
app_20250111_00000365,2025-01-11 15:46:31,cust_6235594,GRRE,refinance,429318,300,546,medium,rejected,0,call_center,false,138
app_20250111_00000366,2025-01-11 05:40:43,cust_5794849,PORP,personal_loan,20879,48,487,high,rejected,0,call_center,true,168
app_20250111_00000367,2025-01-11 22:27:04,cust_487380,SESV,auto_loan,56570,60,668,medium,approved,56570,online_banking,false,407
app_20250111_00000368,2025-01-11 23:44:26,cust_4720368,GRRE,cash_loan,24896,36,721,low,approved,24896,web,true,51
app_20250111_00000369,2025-01-11 02:13:38,cust_8452143,ATVI,refinance,220459,300,484,high,rejected,0,online_banking,false,53
app_20250111_00000370,2025-01-11 04:32:52,cust_6679228,DEHE,auto_loan,15079,48,784,low,approved,15079,mobile,true,258
app_20250111_00000371,2025-01-11 23:27:14,cust_8372651,CHBE,education_loan,5559,12,413,high,rejected,0,partner,false,60
app_20250111_00000372,2025-01-11 05:13:46,cust_6868191,BENL,credit_card,36097,48,624,medium,rejected,0,mobile,true,118
app_20250111_00000373,2025-01-11 22:41:03,cust_3243563,SESV,education_loan,3541,12,807,low,approved,3541,web,false,170
app_20250111_00000374,2025-01-11 09:09:46,cust_6224837,UKLO,auto_loan,47956,72,577,medium,approved,47956,atm,true,522
app_20250111_00000375,2025-01-11 21:15:11,cust_4736084,NLAM,cash_loan,40265,30,611,medium,rejected,0,web,true,110
app_20250111_00000376,2025-01-11 16:53:13,cust_1226788,ITMI,education_loan,24911,12,742,low,approved,24911,web,true,385
app_20250111_00000377,2025-01-11 02:16:41,cust_3888797,CHBE,personal_loan,12754,12,670,medium,rejected,0,mobile_app,false,165
app_20250111_00000378,2025-01-11 08:03:15,cust_3709039,UKLO,business_loan,14557,60,556,medium,rejected,0,atm,false,117
app_20250111_00000379,2025-01-11 21:15:55,cust_5258253,CHBE,refinance,444473,180,574,medium,rejected,0,mobile,false,42
app_20250111_00000380,2025-01-11 01:14:59,cust_4930185,FRID,mortgage,128503,180,483,high,rejected,0,web,true,80
app_20250111_00000381,2025-01-11 16:21:25,cust_7933929,ATVI,credit_card,11211,12,697,medium,rejected,0,online_banking,true,66
app_20250111_00000382,2025-01-11 18:12:39,cust_7211936,FRID,personal_loan,24555,42,772,low,approved,24555,call_center,true,871
app_20250111_00000383,2025-01-11 06:34:16,cust_5754952,CHBE,credit_card,24863,24,587,medium,rejected,0,web,false,10
app_20250111_00000384,2025-01-11 20:43:36,cust_4966508,UKLO,business_loan,5611,24,557,medium,rejected,0,web,true,21
app_20250111_00000385,2025-01-11 08:44:58,cust_2393454,ITMI,personal_loan,43989,24,517,medium,rejected,0,web,true,60
app_20250111_00000386,2025-01-11 23:59:49,cust_167040,ATVI,auto_loan,5518,24,658,medium,approved,5518,online_banking,true,583
app_20250111_00000387,2025-01-11 10:02:44,cust_3967077,PORP,business_loan,34792,36,637,medium,approved,34792,partner,false,91
app_20250111_00000388,2025-01-11 01:57:24,cust_449991,AUTR,credit_card,44845,12,850,low,approved,44845,atm,false,491
app_20250111_00000389,2025-01-11 19:56:37,cust_9943599,SESV,mortgage,117594,120,620,medium,approved,117594,mobile_app,false,685
app_20250111_00000390,2025-01-11 21:11:19,cust_6377651,SESV,cash_loan,2937,42,547,medium,rejected,0,online_banking,false,110
app_20250111_00000391,2025-01-11 18:45:06,cust_5879959,AUTR,business_loan,35034,12,692,medium,approved,35034,call_center,false,710
app_20250111_00000392,2025-01-11 06:13:52,cust_7957277,PLWA,cash_loan,27211,42,571,medium,approved,27211,mobile_app,true,710
app_20250111_00000393,2025-01-11 04:23:31,cust_144968,CZPR,mortgage,158872,240,789,low,approved,158872,atm,false,66
app_20250111_00000394,2025-01-11 14:48:01,cust_6875148,NLAM,credit_card,29793,30,658,medium,approved,29793,online_banking,true,386
app_20250111_00000395,2025-01-11 10:26:27,cust_2879514,ATVI,business_loan,32185,48,647,medium,rejected,0,call_center,true,157
app_20250111_00000396,2025-01-11 13:46:55,cust_925886,CHBE,cash_loan,4704,42,827,low,approved,4704,branch,true,442
app_20250111_00000397,2025-01-11 20:30:12,cust_4196983,UKLO,personal_loan,23492,36,732,low,approved,23492,web,false,781
app_20250111_00000398,2025-01-11 13:21:43,cust_7948761,ITMI,education_loan,36954,24,649,medium,rejected,0,branch,true,123
app_20250111_00000399,2025-01-11 20:44:25,cust_8391850,AUTR,education_loan,39718,36,570,medium,rejected,0,web,false,36
app_20250111_00000400,2025-01-11 22:40:58,cust_6141047,UKLO,cash_loan,31903,18,572,medium,rejected,0,mobile_app,false,64
app_20250111_00000401,2025-01-11 17:54:29,cust_8972336,GRRE,credit_card,10881,36,777,low,approved,10881,mobile_app,true,36
app_20250111_00000402,2025-01-11 03:31:08,cust_6627288,ITMI,auto_loan,12972,48,582,medium,approved,12972,mobile,false,826
app_20250111_00000403,2025-01-11 08:14:39,cust_373899,CHBE,credit_card,8645,30,850,low,approved,8645,atm,false,591
app_20250111_00000404,2025-01-11 05:24:38,cust_3158122,PLWA,business_loan,29289,60,617,medium,approved,29289,web,true,699
app_20250111_00000405,2025-01-11 22:46:39,cust_1032460,CHBE,education_loan,15821,48,586,medium,rejected,0,atm,true,165
app_20250111_00000406,2025-01-11 06:55:56,cust_2258001,DEHE,refinance,74311,180,774,low,approved,74311,call_center,false,704
app_20250111_00000407,2025-01-11 09:41:39,cust_1366263,PLWA,mortgage,467221,300,648,medium,approved,467221,mobile,false,229
app_20250111_00000408,2025-01-11 17:38:36,cust_5398960,CHBE,personal_loan,2923,42,514,medium,approved,2923,online_banking,false,458
app_20250111_00000409,2025-01-11 01:16:13,cust_3102151,UKLO,personal_loan,28910,48,482,high,rejected,0,partner,false,158
app_20250111_00000410,2025-01-11 08:16:33,cust_5556778,BENL,business_loan,13216,12,714,low,approved,13216,online_banking,false,277
app_20250111_00000411,2025-01-11 20:19:20,cust_2741350,GRRE,auto_loan,53966,36,535,medium,approved,53966,web,false,388
app_20250111_00000412,2025-01-11 06:27:05,cust_6820674,UKLO,credit_card,10557,48,766,low,approved,10557,atm,false,832
app_20250111_00000413,2025-01-11 04:54:49,cust_1997383,UKLO,credit_card,3479,12,569,medium,approved,3479,web,false,663
app_20250111_00000414,2025-01-11 07:55:02,cust_7287835,CZPR,refinance,167364,240,571,medium,rejected,0,web,true,41
app_20250111_00000415,2025-01-11 14:43:31,cust_4679641,GRRE,business_loan,39354,36,594,medium,approved,39354,mobile_app,false,465
app_20250111_00000416,2025-01-11 03:41:52,cust_2599259,UKLO,credit_card,6014,12,560,medium,approved,6014,branch,false,359
app_20250111_00000417,2025-01-11 20:31:36,cust_9909440,DEHE,business_loan,39682,48,702,low,approved,39682,web,false,239
app_20250111_00000418,2025-01-11 06:18:18,cust_7808083,CZPR,refinance,277718,300,748,low,approved,277718,mobile_app,false,858
app_20250111_00000419,2025-01-11 12:04:03,cust_7776752,CHBE,personal_loan,34727,48,689,medium,rejected,0,mobile_app,false,162
app_20250111_00000420,2025-01-11 00:41:29,cust_5390315,ESMA,credit_card,39887,42,364,high,rejected,0,branch,true,92
app_20250111_00000421,2025-01-11 14:36:03,cust_1587980,CHBE,education_loan,37937,48,766,low,approved,37937,atm,true,457
app_20250111_00000422,2025-01-11 06:09:47,cust_5615964,PORP,business_loan,26637,24,755,low,approved,26637,call_center,false,256
app_20250111_00000423,2025-01-11 00:41:35,cust_9205734,ATVI,refinance,321061,300,846,low,approved,321061,mobile,false,202
app_20250111_00000424,2025-01-11 00:12:26,cust_5373073,ITMI,auto_loan,6649,24,574,medium,approved,6649,branch,false,47
app_20250111_00000425,2025-01-11 15:36:41,cust_8398343,FRID,education_loan,6320,48,743,low,approved,6320,mobile,false,644
app_20250111_00000426,2025-01-11 15:10:03,cust_7346334,GRRE,cash_loan,30543,48,779,low,approved,30543,atm,false,690
app_20250111_00000427,2025-01-11 22:13:54,cust_6065411,DEHE,cash_loan,33897,12,673,medium,rejected,0,online_banking,true,130
app_20250111_00000428,2025-01-11 17:50:54,cust_6298841,CZPR,refinance,137394,120,564,medium,rejected,0,call_center,true,148
app_20250111_00000429,2025-01-11 21:46:14,cust_8012558,NLAM,business_loan,35279,48,771,low,rejected,0,web,false,117
app_20250111_00000430,2025-01-11 11:17:27,cust_7218318,NLAM,refinance,180242,360,642,medium,approved,180242,mobile_app,true,313
app_20250111_00000431,2025-01-11 20:45:23,cust_8256267,NLAM,cash_loan,42339,42,658,medium,rejected,0,online_banking,false,52
app_20250111_00000432,2025-01-11 23:22:24,cust_955015,GRRE,mortgage,132874,300,625,medium,approved,132874,call_center,true,765
app_20250111_00000433,2025-01-11 18:20:08,cust_2387070,ATVI,refinance,360785,240,596,medium,rejected,0,online_banking,true,128
app_20250111_00000434,2025-01-11 19:31:47,cust_9301218,PORP,personal_loan,30218,18,733,low,approved,30218,partner,true,62
app_20250111_00000435,2025-01-11 20:10:04,cust_6858948,CZPR,business_loan,16164,60,674,medium,approved,16164,branch,true,567
app_20250111_00000436,2025-01-11 04:58:39,cust_2914261,DEHE,refinance,426431,360,714,low,approved,426431,web,false,782
app_20250111_00000437,2025-01-11 17:09:07,cust_9413081,SESV,refinance,71782,120,850,low,approved,71782,atm,false,674
app_20250111_00000438,2025-01-11 23:24:16,cust_5201490,ESMA,auto_loan,52395,60,719,low,approved,52395,mobile_app,true,690
app_20250111_00000439,2025-01-11 04:02:12,cust_9656105,PLWA,credit_card,42924,24,632,medium,approved,42924,mobile,false,86
app_20250111_00000440,2025-01-11 07:18:57,cust_5643083,GRRE,personal_loan,36655,18,754,low,approved,36655,mobile_app,false,836
app_20250111_00000441,2025-01-11 13:37:15,cust_8484338,ESMA,personal_loan,49538,24,536,medium,approved,49538,branch,true,636
app_20250111_00000442,2025-01-11 05:30:42,cust_1893303,ITMI,mortgage,375544,120,649,medium,approved,375544,web,false,742
app_20250111_00000443,2025-01-11 02:15:13,cust_1638929,ESMA,refinance,386297,240,715,low,approved,386297,call_center,false,584
app_20250111_00000444,2025-01-11 08:54:57,cust_4658586,FRID,mortgage,440900,240,652,medium,approved,440900,mobile,false,842
app_20250111_00000445,2025-01-11 08:43:44,cust_7793965,NLAM,mortgage,297124,240,677,medium,approved,297124,call_center,true,781
app_20250111_00000446,2025-01-11 12:11:28,cust_6050032,ATVI,mortgage,120839,120,701,low,approved,120839,mobile,true,47
app_20250111_00000447,2025-01-11 03:18:17,cust_2826935,CZPR,mortgage,467024,300,746,low,rejected,0,branch,false,49
app_20250111_00000448,2025-01-11 13:15:46,cust_7565904,FRID,personal_loan,1475,42,687,medium,approved,1475,call_center,false,442
app_20250111_00000449,2025-01-11 06:51:35,cust_6486857,ATVI,mortgage,330306,180,577,medium,rejected,0,partner,false,56
app_20250111_00000450,2025-01-11 07:31:18,cust_8661891,ESMA,business_loan,12266,36,679,medium,approved,12266,branch,false,176
app_20250111_00000451,2025-01-11 09:19:05,cust_4575187,ATVI,business_loan,30839,24,482,high,rejected,0,call_center,false,142
app_20250111_00000452,2025-01-11 04:20:56,cust_3264856,PORP,refinance,483306,120,591,medium,rejected,0,call_center,true,76
app_20250111_00000453,2025-01-11 18:46:39,cust_5878956,ATVI,education_loan,36531,48,795,low,approved,36531,mobile,false,791
app_20250111_00000454,2025-01-11 18:28:57,cust_4043310,CHBE,education_loan,30842,60,544,medium,rejected,0,call_center,true,66
app_20250111_00000455,2025-01-11 05:20:06,cust_736403,FRID,education_loan,3326,24,646,medium,approved,3326,mobile,false,852
app_20250111_00000456,2025-01-11 18:21:31,cust_3429172,ESMA,cash_loan,32861,24,850,low,approved,32861,partner,true,703
app_20250111_00000457,2025-01-11 06:59:24,cust_4933687,DEHE,business_loan,22746,48,568,medium,approved,22746,web,true,683
app_20250111_00000458,2025-01-11 14:53:11,cust_8018483,ATVI,business_loan,9399,60,650,medium,approved,9399,mobile_app,false,479
app_20250111_00000459,2025-01-11 12:47:09,cust_901417,PORP,credit_card,22993,18,561,medium,rejected,0,mobile,false,65
app_20250111_00000460,2025-01-11 18:43:31,cust_8424966,PORP,personal_loan,28501,42,449,high,rejected,0,web,false,28
app_20250111_00000461,2025-01-11 10:58:23,cust_8544185,PORP,education_loan,16763,60,707,low,rejected,0,web,false,43
app_20250111_00000462,2025-01-11 13:41:23,cust_6228433,BENL,mortgage,283234,120,681,medium,approved,283234,atm,true,516
app_20250111_00000463,2025-01-11 23:01:13,cust_414652,CHBE,auto_loan,54869,36,850,low,approved,54869,web,true,360
app_20250111_00000464,2025-01-11 12:45:05,cust_2443097,UKLO,cash_loan,22374,48,801,low,approved,22374,partner,true,535
app_20250111_00000465,2025-01-11 22:43:35,cust_7812708,ATVI,personal_loan,9801,18,680,medium,approved,9801,atm,false,686
app_20250111_00000466,2025-01-11 01:18:14,cust_8174251,ATVI,auto_loan,58001,72,545,medium,rejected,0,call_center,true,39
app_20250111_00000467,2025-01-11 22:46:02,cust_6060296,GRRE,mortgage,178337,120,518,medium,approved,178337,mobile_app,true,338
app_20250111_00000468,2025-01-11 00:46:40,cust_8923086,GRRE,personal_loan,2641,24,551,medium,approved,2641,mobile_app,true,443
app_20250111_00000469,2025-01-11 10:51:33,cust_6476695,ATVI,refinance,259526,300,586,medium,approved,259526,atm,false,800
app_20250111_00000470,2025-01-11 14:32:53,cust_185508,UKLO,education_loan,36615,36,710,low,rejected,0,atm,false,144
app_20250111_00000471,2025-01-11 04:20:52,cust_369307,SESV,business_loan,26913,48,528,medium,approved,26913,atm,true,841
app_20250111_00000472,2025-01-11 13:49:33,cust_153656,CZPR,cash_loan,28920,48,576,medium,rejected,0,atm,true,130
app_20250111_00000473,2025-01-11 15:45:15,cust_6353711,DEHE,education_loan,28287,12,751,low,approved,28287,atm,false,615
app_20250111_00000474,2025-01-11 09:51:42,cust_8829440,PORP,refinance,444779,360,543,medium,approved,444779,mobile_app,false,657
app_20250111_00000475,2025-01-11 03:29:51,cust_1183017,CZPR,personal_loan,16900,24,781,low,approved,16900,mobile_app,false,779
app_20250111_00000476,2025-01-11 22:42:33,cust_289703,NLAM,auto_loan,49800,60,611,medium,rejected,0,mobile,false,34
app_20250111_00000477,2025-01-11 01:28:34,cust_7067924,BENL,education_loan,8084,24,801,low,rejected,0,branch,true,22
app_20250111_00000478,2025-01-11 19:00:05,cust_4299356,ESMA,business_loan,25621,12,676,medium,approved,25621,online_banking,true,759
app_20250111_00000479,2025-01-11 00:56:48,cust_5789842,CHBE,business_loan,13962,12,642,medium,approved,13962,call_center,false,108
app_20250111_00000480,2025-01-11 18:47:10,cust_5794112,NLAM,refinance,441599,240,798,low,approved,441599,call_center,true,632
app_20250111_00000481,2025-01-11 07:11:56,cust_5763289,ATVI,mortgage,432538,180,598,medium,approved,432538,call_center,true,220
app_20250111_00000482,2025-01-11 19:23:47,cust_9063480,ESMA,credit_card,41645,30,510,medium,rejected,0,mobile,true,150
app_20250111_00000483,2025-01-11 21:29:36,cust_4148632,FRID,cash_loan,47747,36,735,low,approved,47747,call_center,true,84
app_20250111_00000484,2025-01-11 15:13:21,cust_9516515,ITMI,education_loan,29743,12,678,medium,approved,29743,mobile_app,true,305
app_20250111_00000485,2025-01-11 23:44:37,cust_4007351,NLAM,credit_card,26262,42,546,medium,rejected,0,atm,true,11
app_20250111_00000486,2025-01-11 21:42:43,cust_9618077,BENL,credit_card,20812,48,549,medium,approved,20812,mobile,true,336
app_20250111_00000487,2025-01-11 03:38:01,cust_8768550,PLWA,education_loan,38987,36,601,medium,approved,38987,web,true,50
app_20250111_00000488,2025-01-11 04:23:02,cust_3534922,ATVI,cash_loan,27999,12,506,medium,rejected,0,call_center,true,146
app_20250111_00000489,2025-01-11 00:07:16,cust_2689700,SESV,refinance,230360,300,464,high,rejected,0,mobile,true,137
app_20250111_00000490,2025-01-11 11:42:48,cust_5452728,NLAM,business_loan,5936,12,603,medium,approved,5936,partner,false,562
app_20250111_00000491,2025-01-11 16:25:41,cust_8876769,FRID,refinance,497163,240,547,medium,approved,497163,atm,true,260
app_20250111_00000492,2025-01-11 21:58:49,cust_8481322,SESV,business_loan,18040,12,520,medium,approved,18040,call_center,false,381
app_20250111_00000493,2025-01-11 05:58:43,cust_7434355,CZPR,personal_loan,21114,36,511,medium,rejected,0,mobile_app,false,161
app_20250111_00000494,2025-01-11 21:15:59,cust_725335,PLWA,refinance,264350,180,605,medium,approved,264350,online_banking,true,519
app_20250111_00000495,2025-01-11 15:45:26,cust_2046137,ITMI,cash_loan,44761,18,624,medium,approved,44761,atm,true,179
app_20250111_00000496,2025-01-11 20:15:35,cust_6536057,FRID,auto_loan,34526,72,566,medium,approved,34526,mobile_app,true,103
app_20250111_00000497,2025-01-11 12:56:08,cust_9560161,CHBE,credit_card,13418,18,664,medium,approved,13418,partner,false,853
app_20250111_00000498,2025-01-11 06:15:15,cust_3386424,ATVI,refinance,58247,180,678,medium,approved,58247,atm,false,157
app_20250111_00000499,2025-01-11 10:15:31,cust_7980471,UKLO,education_loan,36698,12,623,medium,approved,36698,atm,false,464
app_20250111_00000500,2025-01-11 09:53:29,cust_8332059,ITMI,cash_loan,36121,30,679,medium,approved,36121,branch,false,383
app_20250111_00000501,2025-01-11 18:15:28,cust_3738782,UKLO,business_loan,4852,12,593,medium,approved,4852,mobile,false,634
app_20250111_00000502,2025-01-11 10:24:06,cust_4274223,UKLO,refinance,233770,300,757,low,approved,233770,mobile_app,true,361
app_20250111_00000503,2025-01-11 04:05:24,cust_7584132,SESV,cash_loan,16047,30,706,low,approved,16047,mobile_app,true,334
app_20250111_00000504,2025-01-11 13:28:38,cust_4199314,ITMI,personal_loan,22711,42,583,medium,rejected,0,call_center,true,131
app_20250111_00000505,2025-01-11 04:48:56,cust_9994984,DEHE,refinance,239311,120,573,medium,approved,239311,partner,false,695
app_20250111_00000506,2025-01-11 13:41:04,cust_7621754,SESV,education_loan,38291,60,799,low,approved,38291,atm,true,270
app_20250111_00000507,2025-01-11 22:00:15,cust_2715486,UKLO,cash_loan,3820,48,850,low,approved,3820,branch,true,391
app_20250111_00000508,2025-01-11 08:31:20,cust_5097557,CZPR,business_loan,28536,36,599,medium,rejected,0,partner,false,107
app_20250111_00000509,2025-01-11 08:36:19,cust_7773423,SESV,personal_loan,6862,12,723,low,approved,6862,online_banking,true,776
app_20250111_00000510,2025-01-11 14:49:26,cust_1277620,SESV,personal_loan,9467,12,675,medium,approved,9467,mobile,false,537
app_20250111_00000511,2025-01-11 14:11:19,cust_1353161,FRID,refinance,457084,180,665,medium,approved,457084,web,false,77
app_20250111_00000512,2025-01-11 14:38:56,cust_6910863,DEHE,mortgage,218225,360,654,medium,approved,218225,web,false,850
app_20250111_00000513,2025-01-11 13:41:06,cust_9706845,NLAM,cash_loan,36673,36,641,medium,rejected,0,partner,false,83
app_20250111_00000514,2025-01-11 07:19:18,cust_9082387,PORP,cash_loan,41926,30,509,medium,approved,41926,atm,false,89
app_20250111_00000515,2025-01-11 01:45:42,cust_4635183,NLAM,credit_card,30668,30,679,medium,rejected,0,online_banking,false,142
app_20250111_00000516,2025-01-11 05:35:11,cust_3370125,CHBE,auto_loan,49183,24,790,low,approved,49183,web,false,743
app_20250111_00000517,2025-01-11 01:35:09,cust_9625886,CHBE,credit_card,31448,18,762,low,approved,31448,atm,false,35
app_20250111_00000518,2025-01-11 03:25:01,cust_4336678,CHBE,mortgage,416989,180,636,medium,rejected,0,atm,false,154
app_20250111_00000519,2025-01-11 02:21:02,cust_3252234,GRRE,education_loan,21180,12,797,low,approved,21180,partner,true,504
app_20250111_00000520,2025-01-11 04:29:39,cust_2143529,UKLO,personal_loan,11889,30,738,low,approved,11889,online_banking,false,560
app_20250111_00000521,2025-01-11 17:46:57,cust_923549,CZPR,business_loan,2496,36,633,medium,approved,2496,web,false,182
app_20250111_00000522,2025-01-11 19:05:35,cust_3719563,AUTR,personal_loan,41169,48,797,low,approved,41169,online_banking,false,162
app_20250111_00000523,2025-01-11 15:04:22,cust_6776048,FRID,credit_card,41593,42,562,medium,rejected,0,mobile_app,false,102
app_20250111_00000524,2025-01-11 00:18:56,cust_5479400,BENL,cash_loan,22340,12,794,low,approved,22340,mobile,true,590
app_20250111_00000525,2025-01-11 05:41:58,cust_2881958,DEHE,cash_loan,37027,48,639,medium,approved,37027,mobile_app,false,801
app_20250111_00000526,2025-01-11 19:56:29,cust_8449882,AUTR,refinance,285214,360,653,medium,approved,285214,mobile_app,true,874
app_20250111_00000527,2025-01-11 07:11:38,cust_1897529,ITMI,mortgage,112379,120,565,medium,approved,112379,online_banking,false,347
app_20250111_00000528,2025-01-11 15:58:27,cust_3166450,AUTR,business_loan,10054,60,760,low,approved,10054,mobile,false,166
app_20250111_00000529,2025-01-11 15:59:24,cust_1166791,NLAM,personal_loan,35395,42,642,medium,rejected,0,web,false,66
app_20250111_00000530,2025-01-11 02:08:48,cust_8271818,ESMA,mortgage,51192,360,631,medium,rejected,0,web,true,49
app_20250111_00000531,2025-01-11 17:15:59,cust_8541992,SESV,mortgage,356429,300,563,medium,approved,356429,atm,false,482
app_20250111_00000532,2025-01-11 06:12:41,cust_7564447,ESMA,mortgage,282490,120,409,high,rejected,0,call_center,true,64
app_20250111_00000533,2025-01-11 00:04:40,cust_1710797,AUTR,refinance,250587,120,581,medium,rejected,0,web,false,36
app_20250111_00000534,2025-01-11 23:26:05,cust_6995946,ITMI,business_loan,13904,60,655,medium,rejected,0,online_banking,false,61
app_20250111_00000535,2025-01-11 02:43:48,cust_8282598,UKLO,credit_card,6479,24,647,medium,approved,6479,mobile,true,393
app_20250111_00000536,2025-01-11 10:15:08,cust_2194037,UKLO,personal_loan,45849,18,503,medium,rejected,0,online_banking,false,161
app_20250111_00000537,2025-01-11 09:02:38,cust_5545180,AUTR,business_loan,11575,12,588,medium,rejected,0,online_banking,true,69
app_20250111_00000538,2025-01-11 19:36:10,cust_6075149,FRID,cash_loan,40227,30,558,medium,rejected,0,branch,true,31
app_20250111_00000539,2025-01-11 07:05:09,cust_7406698,FRID,education_loan,30348,12,584,medium,approved,30348,atm,false,864
app_20250111_00000540,2025-01-11 22:11:33,cust_4408269,PORP,refinance,388210,360,743,low,approved,388210,call_center,false,245
app_20250111_00000541,2025-01-11 04:48:11,cust_7794194,BENL,credit_card,46002,36,636,medium,rejected,0,web,true,115
app_20250111_00000542,2025-01-11 14:43:18,cust_9211606,CHBE,business_loan,34012,24,685,medium,approved,34012,atm,false,733
app_20250111_00000543,2025-01-11 23:54:21,cust_5734511,ITMI,refinance,420736,300,651,medium,rejected,0,mobile,false,94
app_20250111_00000544,2025-01-11 18:10:03,cust_8240951,NLAM,refinance,443029,120,615,medium,approved,443029,online_banking,false,442
app_20250111_00000545,2025-01-11 19:44:33,cust_637831,AUTR,auto_loan,27600,24,775,low,approved,27600,atm,false,654
app_20250111_00000546,2025-01-11 22:35:13,cust_230851,PORP,credit_card,14280,24,848,low,approved,14280,online_banking,false,65
app_20250111_00000547,2025-01-11 06:19:19,cust_6905180,CZPR,cash_loan,37597,24,684,medium,approved,37597,mobile_app,false,401
app_20250111_00000548,2025-01-11 16:36:57,cust_5598833,SESV,credit_card,42536,48,592,medium,rejected,0,partner,false,162
app_20250111_00000549,2025-01-11 13:57:45,cust_625591,PORP,auto_loan,42322,36,584,medium,approved,42322,web,false,830
app_20250111_00000550,2025-01-11 14:37:09,cust_168556,CHBE,credit_card,3544,42,667,medium,approved,3544,branch,false,322
app_20250111_00000551,2025-01-11 10:18:27,cust_8574534,ESMA,credit_card,33290,18,537,medium,rejected,0,call_center,true,178
app_20250111_00000552,2025-01-11 12:52:01,cust_461387,NLAM,business_loan,9924,60,711,low,approved,9924,online_banking,false,691
app_20250111_00000553,2025-01-11 07:54:40,cust_8371151,SESV,mortgage,282710,120,723,low,approved,282710,mobile,true,270
app_20250111_00000554,2025-01-11 22:47:36,cust_1917915,PLWA,personal_loan,11863,18,675,medium,rejected,0,branch,false,156
app_20250111_00000555,2025-01-11 10:15:53,cust_8462503,FRID,mortgage,80894,300,626,medium,approved,80894,mobile,true,417
app_20250111_00000556,2025-01-11 08:49:56,cust_8951536,CHBE,education_loan,23112,60,729,low,approved,23112,online_banking,false,187
app_20250111_00000557,2025-01-11 23:56:57,cust_8625750,DEHE,refinance,181259,240,724,low,approved,181259,call_center,true,742
app_20250111_00000558,2025-01-11 03:11:14,cust_9675071,UKLO,education_loan,35630,48,651,medium,rejected,0,atm,false,102
app_20250111_00000559,2025-01-11 10:03:34,cust_4619690,AUTR,personal_loan,47621,30,675,medium,approved,47621,online_banking,false,503
app_20250111_00000560,2025-01-11 06:14:35,cust_6258471,PORP,mortgage,466169,300,715,low,approved,466169,mobile_app,true,291
app_20250111_00000561,2025-01-11 04:08:20,cust_6702298,SESV,credit_card,30200,24,622,medium,rejected,0,call_center,false,53
app_20250111_00000562,2025-01-11 01:19:19,cust_3860669,DEHE,refinance,319156,240,558,medium,rejected,0,mobile,false,49
app_20250111_00000563,2025-01-11 11:46:53,cust_9848219,UKLO,personal_loan,44393,24,620,medium,rejected,0,call_center,true,118
app_20250111_00000564,2025-01-11 12:35:17,cust_4464758,FRID,auto_loan,49039,24,742,low,approved,49039,branch,true,748
app_20250111_00000565,2025-01-11 10:22:09,cust_1756023,CZPR,mortgage,152656,120,718,low,approved,152656,atm,true,356
app_20250111_00000566,2025-01-11 11:35:23,cust_396875,FRID,business_loan,23513,48,665,medium,approved,23513,atm,false,745
app_20250111_00000567,2025-01-11 01:04:41,cust_4701964,GRRE,refinance,71325,300,760,low,rejected,0,online_banking,false,178
app_20250111_00000568,2025-01-11 05:22:53,cust_527728,ATVI,credit_card,6073,42,699,medium,approved,6073,branch,false,404
app_20250111_00000569,2025-01-11 07:37:03,cust_5149514,CHBE,business_loan,23637,60,634,medium,approved,23637,mobile_app,true,569
app_20250111_00000570,2025-01-11 15:18:48,cust_3239155,AUTR,cash_loan,13319,18,724,low,approved,13319,mobile,false,259
app_20250111_00000571,2025-01-11 22:36:41,cust_5758227,GRRE,cash_loan,8769,18,422,high,rejected,0,mobile,false,166
app_20250111_00000572,2025-01-11 21:41:51,cust_586884,PLWA,business_loan,17051,24,549,medium,rejected,0,branch,false,127
app_20250111_00000573,2025-01-11 07:27:09,cust_4506299,NLAM,business_loan,28217,48,595,medium,approved,28217,web,true,816
app_20250111_00000574,2025-01-11 02:22:40,cust_2972996,CHBE,refinance,381735,300,576,medium,rejected,0,call_center,true,108
app_20250111_00000575,2025-01-11 16:20:12,cust_3533057,ITMI,credit_card,8150,30,676,medium,approved,8150,web,false,307
app_20250111_00000576,2025-01-11 19:49:13,cust_3457750,FRID,cash_loan,16048,18,646,medium,approved,16048,atm,true,479
app_20250111_00000577,2025-01-11 18:10:11,cust_5202005,CHBE,auto_loan,10777,72,850,low,approved,10777,call_center,true,346
app_20250111_00000578,2025-01-11 07:11:05,cust_2413155,GRRE,cash_loan,19975,24,704,low,approved,19975,mobile_app,true,872
app_20250111_00000579,2025-01-11 15:25:10,cust_5940646,CZPR,education_loan,10000,60,758,low,approved,10000,partner,true,69
app_20250111_00000580,2025-01-11 20:30:45,cust_5778082,NLAM,mortgage,444309,120,689,medium,rejected,0,partner,false,142
app_20250111_00000581,2025-01-11 13:48:54,cust_6175483,FRID,mortgage,497350,360,679,medium,approved,497350,mobile,true,378
app_20250111_00000582,2025-01-11 08:40:00,cust_261436,PORP,personal_loan,45504,24,571,medium,rejected,0,web,false,146
app_20250111_00000583,2025-01-11 05:37:24,cust_6155294,ATVI,mortgage,197798,180,661,medium,approved,197798,atm,true,815
app_20250111_00000584,2025-01-11 17:06:08,cust_9697975,ATVI,personal_loan,38476,18,573,medium,approved,38476,online_banking,true,413
app_20250111_00000585,2025-01-11 02:45:16,cust_3341409,ATVI,credit_card,10223,48,629,medium,rejected,0,branch,false,125
app_20250111_00000586,2025-01-11 10:02:56,cust_2454470,BENL,education_loan,25749,24,731,low,approved,25749,branch,false,366
app_20250111_00000587,2025-01-11 19:34:00,cust_7437880,PORP,cash_loan,37735,36,582,medium,rejected,0,call_center,false,77
app_20250111_00000588,2025-01-11 09:02:26,cust_4457909,CZPR,cash_loan,19110,30,666,medium,approved,19110,branch,false,895
app_20250111_00000589,2025-01-11 21:44:56,cust_8027853,UKLO,auto_loan,43348,72,756,low,approved,43348,call_center,true,280
app_20250111_00000590,2025-01-11 01:24:59,cust_3805605,ATVI,mortgage,429016,180,623,medium,approved,429016,call_center,true,704
app_20250111_00000591,2025-01-11 09:25:29,cust_8735390,CZPR,personal_loan,8311,42,784,low,approved,8311,partner,true,890
app_20250111_00000592,2025-01-11 23:12:01,cust_6373685,PLWA,auto_loan,8037,48,621,medium,rejected,0,mobile_app,true,104
app_20250111_00000593,2025-01-11 01:02:44,cust_6636502,ATVI,cash_loan,36497,18,535,medium,approved,36497,branch,true,608
app_20250111_00000594,2025-01-11 01:13:23,cust_8337289,SESV,auto_loan,42776,24,700,low,approved,42776,web,true,832
app_20250111_00000595,2025-01-11 08:05:12,cust_5328963,SESV,business_loan,19526,24,719,low,approved,19526,mobile_app,true,175
app_20250111_00000596,2025-01-11 04:49:56,cust_3314748,ESMA,cash_loan,15337,36,702,low,approved,15337,call_center,false,497
app_20250111_00000597,2025-01-11 03:51:07,cust_6841685,DEHE,auto_loan,15209,36,832,low,approved,15209,branch,false,540
app_20250111_00000598,2025-01-11 06:35:35,cust_3008199,ESMA,business_loan,6662,12,765,low,approved,6662,web,false,72
app_20250111_00000599,2025-01-11 11:54:02,cust_6143289,ESMA,business_loan,5215,36,554,medium,rejected,0,mobile,false,41
app_20250111_00000600,2025-01-11 05:48:54,cust_4774356,ATVI,credit_card,29434,30,657,medium,rejected,0,branch,false,83
app_20250111_00000601,2025-01-11 21:48:22,cust_4636221,GRRE,education_loan,29175,36,603,medium,approved,29175,web,true,603
app_20250111_00000602,2025-01-11 08:34:04,cust_9800006,ITMI,mortgage,291558,180,609,medium,approved,291558,call_center,false,814
app_20250111_00000603,2025-01-11 23:07:52,cust_9212886,SESV,mortgage,149104,360,549,medium,rejected,0,branch,false,175
app_20250111_00000604,2025-01-11 12:17:39,cust_9825928,GRRE,personal_loan,8013,12,611,medium,rejected,0,online_banking,true,177
app_20250111_00000605,2025-01-11 06:30:59,cust_5563241,NLAM,business_loan,16708,48,726,low,approved,16708,mobile_app,true,651
app_20250111_00000606,2025-01-11 22:23:24,cust_4958455,ITMI,cash_loan,47247,12,665,medium,approved,47247,mobile_app,true,833
app_20250111_00000607,2025-01-11 10:04:40,cust_664760,NLAM,cash_loan,49732,12,639,medium,rejected,0,partner,false,25
app_20250111_00000608,2025-01-11 13:06:56,cust_6740107,PLWA,credit_card,30476,24,496,high,rejected,0,online_banking,false,151
app_20250111_00000609,2025-01-11 00:15:25,cust_354432,BENL,credit_card,36417,12,559,medium,approved,36417,mobile,false,694
app_20250111_00000610,2025-01-11 05:33:01,cust_7449640,FRID,education_loan,24299,60,575,medium,rejected,0,mobile,false,9
app_20250111_00000611,2025-01-11 12:53:14,cust_3092407,FRID,personal_loan,14562,12,811,low,rejected,0,partner,true,156
app_20250111_00000612,2025-01-11 17:48:38,cust_2850881,GRRE,business_loan,32523,24,691,medium,approved,32523,mobile_app,false,474
app_20250111_00000613,2025-01-11 16:15:27,cust_4473080,ESMA,education_loan,20624,60,588,medium,rejected,0,mobile_app,true,26
app_20250111_00000614,2025-01-11 15:46:05,cust_9057485,PORP,cash_loan,8396,18,600,medium,approved,8396,branch,true,131
app_20250111_00000615,2025-01-11 04:22:55,cust_3621505,SESV,cash_loan,48875,30,850,low,approved,48875,web,false,367
app_20250111_00000616,2025-01-11 13:20:05,cust_9892020,SESV,credit_card,47657,48,726,low,approved,47657,atm,false,42
app_20250111_00000617,2025-01-11 04:46:29,cust_7589128,PLWA,business_loan,33422,12,582,medium,rejected,0,atm,true,49
app_20250111_00000618,2025-01-11 03:13:51,cust_2527833,CZPR,mortgage,458105,180,653,medium,approved,458105,mobile,true,411
app_20250111_00000619,2025-01-11 20:53:44,cust_9467280,PORP,business_loan,26095,24,670,medium,approved,26095,web,false,757
app_20250111_00000620,2025-01-11 13:03:11,cust_8936489,PLWA,mortgage,117616,120,613,medium,approved,117616,branch,false,268
app_20250111_00000621,2025-01-11 13:24:13,cust_5892943,AUTR,personal_loan,19066,18,649,medium,approved,19066,mobile_app,false,688
app_20250111_00000622,2025-01-11 18:40:56,cust_6516017,NLAM,cash_loan,10435,42,602,medium,approved,10435,mobile_app,false,870
app_20250111_00000623,2025-01-11 16:43:51,cust_394840,PLWA,mortgage,235612,180,713,low,approved,235612,online_banking,true,111
app_20250111_00000624,2025-01-11 00:36:44,cust_5823858,GRRE,education_loan,29313,60,710,low,approved,29313,online_banking,true,231
app_20250111_00000625,2025-01-11 08:00:25,cust_5301513,PORP,credit_card,27762,30,598,medium,rejected,0,call_center,false,157
app_20250111_00000626,2025-01-11 16:57:56,cust_6453588,CHBE,cash_loan,33152,30,626,medium,rejected,0,branch,true,63
app_20250111_00000627,2025-01-11 03:12:00,cust_1116902,DEHE,auto_loan,24030,48,739,low,approved,24030,online_banking,false,228
app_20250111_00000628,2025-01-11 10:15:29,cust_5741036,CHBE,auto_loan,7074,48,616,medium,rejected,0,atm,true,135
app_20250111_00000629,2025-01-11 09:06:53,cust_5585651,GRRE,mortgage,76796,120,660,medium,approved,76796,mobile,false,467
app_20250111_00000630,2025-01-11 06:34:50,cust_616767,ITMI,mortgage,413773,360,619,medium,approved,413773,call_center,true,550
app_20250111_00000631,2025-01-11 16:53:43,cust_3879773,CHBE,cash_loan,8158,18,684,medium,approved,8158,online_banking,true,129
app_20250111_00000632,2025-01-11 00:06:49,cust_6752077,DEHE,credit_card,21610,12,634,medium,rejected,0,branch,false,157
app_20250111_00000633,2025-01-11 14:52:31,cust_2140106,PORP,credit_card,20602,18,713,low,approved,20602,call_center,false,458
app_20250111_00000634,2025-01-11 16:10:50,cust_1977295,CHBE,personal_loan,31256,48,692,medium,approved,31256,atm,true,467
app_20250111_00000635,2025-01-11 17:07:27,cust_2446759,PORP,personal_loan,22528,30,693,medium,approved,22528,partner,true,372
app_20250111_00000636,2025-01-11 06:13:05,cust_4053558,PORP,auto_loan,56729,60,588,medium,approved,56729,mobile_app,false,842
app_20250111_00000637,2025-01-11 07:50:50,cust_4323011,AUTR,mortgage,274053,240,734,low,approved,274053,mobile_app,false,763
app_20250111_00000638,2025-01-11 05:22:57,cust_7158985,NLAM,credit_card,39859,18,590,medium,rejected,0,call_center,true,137
app_20250111_00000639,2025-01-11 23:39:40,cust_7793594,NLAM,credit_card,15325,42,786,low,approved,15325,call_center,true,360
app_20250111_00000640,2025-01-11 12:14:22,cust_4129147,AUTR,auto_loan,11648,48,486,high,rejected,0,call_center,false,25
app_20250111_00000641,2025-01-11 21:24:43,cust_2420716,NLAM,mortgage,274148,360,850,low,approved,274148,web,true,319
app_20250111_00000642,2025-01-11 07:39:58,cust_3215701,PORP,cash_loan,22046,42,835,low,approved,22046,mobile,true,891
app_20250111_00000643,2025-01-11 17:18:35,cust_6913835,ESMA,credit_card,44652,18,667,medium,approved,44652,branch,false,626
app_20250111_00000644,2025-01-11 06:51:15,cust_7812398,ITMI,education_loan,26848,24,803,low,approved,26848,mobile,false,845
app_20250111_00000645,2025-01-11 23:07:15,cust_8958812,GRRE,refinance,432947,180,681,medium,approved,432947,partner,false,663
app_20250111_00000646,2025-01-11 08:15:26,cust_2498803,GRRE,refinance,93156,300,820,low,approved,93156,partner,true,617
app_20250111_00000647,2025-01-11 20:04:52,cust_8560915,ITMI,personal_loan,28466,30,849,low,approved,28466,mobile,false,302
app_20250111_00000648,2025-01-11 08:50:16,cust_4884986,ITMI,education_loan,32637,24,813,low,approved,32637,mobile_app,true,688
app_20250111_00000649,2025-01-11 09:43:32,cust_6637586,FRID,business_loan,15072,12,627,medium,rejected,0,partner,false,69
app_20250111_00000650,2025-01-11 07:28:09,cust_588712,ATVI,credit_card,32149,12,674,medium,rejected,0,web,false,110
app_20250111_00000651,2025-01-11 12:15:12,cust_630941,ATVI,auto_loan,20480,48,756,low,approved,20480,branch,true,280
app_20250111_00000652,2025-01-11 10:38:27,cust_3968666,CHBE,business_loan,28444,48,751,low,approved,28444,mobile,false,606
app_20250111_00000653,2025-01-11 15:59:30,cust_4399190,FRID,credit_card,7367,24,699,medium,approved,7367,branch,false,442
app_20250111_00000654,2025-01-11 12:32:56,cust_5226753,FRID,refinance,230982,360,592,medium,rejected,0,atm,false,7
app_20250111_00000655,2025-01-11 21:23:30,cust_3959692,UKLO,education_loan,5640,24,729,low,approved,5640,call_center,true,281
app_20250111_00000656,2025-01-11 08:57:48,cust_4076104,SESV,cash_loan,30966,12,459,high,rejected,0,branch,false,96
app_20250111_00000657,2025-01-11 05:54:40,cust_8320317,CHBE,cash_loan,43353,24,505,medium,rejected,0,call_center,false,22
app_20250111_00000658,2025-01-11 17:08:58,cust_9165719,CZPR,cash_loan,46371,18,440,high,rejected,0,web,false,108
app_20250111_00000659,2025-01-11 23:35:52,cust_4465800,ATVI,refinance,146073,120,576,medium,rejected,0,mobile,true,133
app_20250111_00000660,2025-01-11 09:12:16,cust_4072585,BENL,personal_loan,20319,30,565,medium,rejected,0,online_banking,false,12
app_20250111_00000661,2025-01-11 04:38:57,cust_3093561,PLWA,refinance,410055,120,732,low,approved,410055,web,false,49
app_20250111_00000662,2025-01-11 14:19:48,cust_8865864,SESV,auto_loan,25865,72,708,low,approved,25865,mobile_app,true,595
app_20250111_00000663,2025-01-11 21:50:37,cust_2385527,UKLO,business_loan,24486,48,570,medium,approved,24486,mobile,false,779
app_20250111_00000664,2025-01-11 21:39:27,cust_7290970,ITMI,refinance,364957,360,630,medium,rejected,0,atm,true,127
app_20250111_00000665,2025-01-11 20:14:56,cust_3016324,CZPR,education_loan,37234,24,625,medium,rejected,0,online_banking,true,159
app_20250111_00000666,2025-01-11 14:04:17,cust_7850505,CZPR,auto_loan,38071,36,531,medium,rejected,0,online_banking,false,68
app_20250111_00000667,2025-01-11 04:04:53,cust_1128280,ITMI,mortgage,276395,120,556,medium,approved,276395,partner,false,867
app_20250111_00000668,2025-01-11 08:39:30,cust_1890384,GRRE,credit_card,24396,30,629,medium,rejected,0,mobile,false,157
app_20250111_00000669,2025-01-11 03:53:03,cust_4521262,SESV,personal_loan,16508,18,519,medium,approved,16508,atm,false,776
app_20250111_00000670,2025-01-11 00:04:58,cust_9762326,ATVI,mortgage,497378,300,636,medium,approved,497378,partner,true,211
app_20250111_00000671,2025-01-11 02:37:56,cust_2072462,SESV,education_loan,29535,36,850,low,approved,29535,branch,true,840
app_20250111_00000672,2025-01-11 23:27:46,cust_5845722,BENL,credit_card,22289,42,563,medium,approved,22289,online_banking,false,172
app_20250111_00000673,2025-01-11 02:11:40,cust_5405082,ITMI,auto_loan,25778,48,732,low,rejected,0,online_banking,false,74
app_20250111_00000674,2025-01-11 16:42:26,cust_1189469,PORP,cash_loan,33110,12,560,medium,approved,33110,branch,true,513
app_20250111_00000675,2025-01-11 14:40:00,cust_7461667,DEHE,refinance,167142,120,712,low,approved,167142,atm,false,193
app_20250111_00000676,2025-01-11 02:22:30,cust_8864025,PORP,refinance,483510,300,692,medium,approved,483510,atm,true,359
app_20250111_00000677,2025-01-11 10:57:04,cust_9669779,SESV,personal_loan,43922,18,558,medium,rejected,0,mobile,true,23
app_20250111_00000678,2025-01-11 21:18:08,cust_2791104,NLAM,business_loan,6716,60,682,medium,rejected,0,web,false,14
app_20250111_00000679,2025-01-11 01:52:51,cust_6519456,NLAM,credit_card,42071,48,664,medium,approved,42071,call_center,false,65
app_20250111_00000680,2025-01-11 06:04:03,cust_1677743,BENL,business_loan,32884,60,771,low,approved,32884,branch,false,284
app_20250111_00000681,2025-01-11 20:10:16,cust_5201645,GRRE,refinance,115824,360,612,medium,approved,115824,online_banking,false,115
app_20250111_00000682,2025-01-11 11:06:06,cust_7942475,CHBE,personal_loan,17138,30,663,medium,rejected,0,mobile,true,67
app_20250111_00000683,2025-01-11 11:29:39,cust_6038016,SESV,mortgage,378148,300,738,low,approved,378148,branch,false,97
app_20250111_00000684,2025-01-11 12:30:00,cust_6202876,FRID,business_loan,22171,60,687,medium,approved,22171,atm,false,310
app_20250111_00000685,2025-01-11 22:52:23,cust_4351700,ESMA,refinance,280219,360,564,medium,approved,280219,web,false,270
app_20250111_00000686,2025-01-11 05:39:48,cust_2729434,FRID,cash_loan,4446,30,735,low,approved,4446,atm,true,410
app_20250111_00000687,2025-01-11 13:05:29,cust_3557349,ATVI,credit_card,45814,42,548,medium,rejected,0,mobile,true,80
app_20250111_00000688,2025-01-11 10:06:54,cust_7822402,ESMA,business_loan,23578,48,634,medium,approved,23578,call_center,false,611
app_20250111_00000689,2025-01-11 00:16:14,cust_7235713,SESV,credit_card,20333,48,506,medium,rejected,0,call_center,false,149
app_20250111_00000690,2025-01-11 04:39:51,cust_6150061,NLAM,credit_card,9917,42,507,medium,approved,9917,online_banking,false,754
app_20250111_00000691,2025-01-11 00:28:01,cust_3902111,SESV,credit_card,5634,12,610,medium,approved,5634,branch,true,323
app_20250111_00000692,2025-01-11 22:26:33,cust_1132554,ATVI,cash_loan,34828,12,701,low,approved,34828,web,true,755
app_20250111_00000693,2025-01-11 02:57:58,cust_6394467,CZPR,business_loan,34806,24,704,low,rejected,0,atm,true,66
app_20250111_00000694,2025-01-11 23:39:04,cust_7419828,ATVI,mortgage,132915,120,676,medium,rejected,0,branch,false,112
app_20250111_00000695,2025-01-11 19:08:11,cust_1038068,BENL,refinance,200437,240,634,medium,approved,200437,web,false,453
app_20250111_00000696,2025-01-11 22:38:33,cust_7086640,DEHE,personal_loan,17546,24,618,medium,approved,17546,branch,false,238
app_20250111_00000697,2025-01-11 22:07:47,cust_311050,PLWA,auto_loan,5961,72,575,medium,rejected,0,web,false,20
app_20250111_00000698,2025-01-11 21:41:18,cust_9741735,ITMI,mortgage,242994,120,703,low,approved,242994,mobile,true,331
app_20250111_00000699,2025-01-11 05:19:06,cust_145821,NLAM,education_loan,26880,60,850,low,approved,26880,atm,false,814
app_20250111_00000700,2025-01-11 10:18:53,cust_7102120,NLAM,mortgage,447063,240,745,low,approved,447063,web,true,90
app_20250111_00000701,2025-01-11 00:18:29,cust_5643035,BENL,business_loan,5807,36,629,medium,approved,5807,web,false,264
app_20250111_00000702,2025-01-11 06:55:48,cust_8449522,CHBE,personal_loan,21880,42,660,medium,approved,21880,call_center,false,352
app_20250111_00000703,2025-01-11 09:52:15,cust_2722000,PORP,personal_loan,8014,12,688,medium,rejected,0,online_banking,true,93
app_20250111_00000704,2025-01-11 05:29:36,cust_2405881,CHBE,auto_loan,45343,72,687,medium,approved,45343,mobile,true,841
app_20250111_00000705,2025-01-11 00:25:59,cust_9192376,FRID,auto_loan,59565,36,695,medium,approved,59565,online_banking,false,590
app_20250111_00000706,2025-01-11 23:13:28,cust_3585191,SESV,business_loan,2572,48,709,low,approved,2572,atm,true,726
app_20250111_00000707,2025-01-11 00:22:32,cust_8161555,PORP,personal_loan,40586,24,850,low,approved,40586,web,false,620
app_20250111_00000708,2025-01-11 04:51:58,cust_9700065,UKLO,personal_loan,49203,36,777,low,approved,49203,atm,true,75
app_20250111_00000709,2025-01-11 07:25:49,cust_4628502,ATVI,business_loan,16689,36,637,medium,approved,16689,call_center,false,101
app_20250111_00000710,2025-01-11 05:52:02,cust_6979932,UKLO,business_loan,25086,12,547,medium,approved,25086,mobile_app,true,312
app_20250111_00000711,2025-01-11 07:19:01,cust_6612225,BENL,education_loan,6683,36,720,low,approved,6683,mobile,true,515
app_20250111_00000712,2025-01-11 22:59:07,cust_8936284,PLWA,education_loan,4273,24,666,medium,rejected,0,branch,false,123
app_20250111_00000713,2025-01-11 06:28:21,cust_5795005,GRRE,auto_loan,6274,72,522,medium,rejected,0,web,false,54
app_20250111_00000714,2025-01-11 20:27:07,cust_1973450,PLWA,refinance,117177,120,646,medium,approved,117177,web,true,101
app_20250111_00000715,2025-01-11 04:05:47,cust_6032038,DEHE,mortgage,138862,180,656,medium,rejected,0,partner,false,34
app_20250111_00000716,2025-01-11 17:23:19,cust_6313879,NLAM,credit_card,16048,30,663,medium,approved,16048,call_center,true,784
app_20250111_00000717,2025-01-11 15:27:56,cust_1013301,UKLO,refinance,272082,180,669,medium,approved,272082,web,false,604
app_20250111_00000718,2025-01-11 16:03:00,cust_1118937,ATVI,mortgage,111399,240,669,medium,approved,111399,mobile_app,false,588
app_20250111_00000719,2025-01-11 17:35:46,cust_7332684,AUTR,education_loan,15905,12,486,high,rejected,0,mobile,false,100
app_20250111_00000720,2025-01-11 04:31:22,cust_170310,UKLO,auto_loan,28725,72,717,low,approved,28725,online_banking,true,697
app_20250111_00000721,2025-01-11 02:47:45,cust_8841917,CZPR,business_loan,22085,60,691,medium,approved,22085,atm,true,573
app_20250111_00000722,2025-01-11 03:15:23,cust_980081,ITMI,refinance,132042,300,627,medium,approved,132042,online_banking,true,844
app_20250111_00000723,2025-01-11 04:55:25,cust_2897571,NLAM,business_loan,39536,12,623,medium,approved,39536,partner,false,732
app_20250111_00000724,2025-01-11 20:48:50,cust_8222386,GRRE,business_loan,17770,60,638,medium,rejected,0,mobile,false,37
app_20250111_00000725,2025-01-11 22:46:22,cust_5733556,ITMI,auto_loan,34885,24,620,medium,approved,34885,online_banking,false,894
app_20250111_00000726,2025-01-11 08:54:59,cust_566259,UKLO,personal_loan,48950,42,683,medium,approved,48950,web,false,261
app_20250111_00000727,2025-01-11 00:13:04,cust_9005725,SESV,refinance,260723,300,640,medium,approved,260723,web,true,150
app_20250111_00000728,2025-01-11 08:03:14,cust_635581,AUTR,mortgage,497133,120,671,medium,approved,497133,online_banking,false,572
app_20250111_00000729,2025-01-11 10:16:33,cust_5056536,PLWA,business_loan,26633,60,622,medium,rejected,0,partner,true,70
app_20250111_00000730,2025-01-11 02:57:22,cust_2963660,PLWA,auto_loan,10209,36,850,low,approved,10209,mobile_app,true,483
app_20250111_00000731,2025-01-11 23:44:17,cust_4156191,DEHE,education_loan,10489,48,725,low,approved,10489,call_center,false,886
app_20250111_00000732,2025-01-11 03:16:13,cust_9555622,DEHE,refinance,83454,240,644,medium,approved,83454,partner,false,386
app_20250111_00000733,2025-01-11 13:10:56,cust_880161,CHBE,mortgage,327492,240,479,high,approved,327492,branch,true,201
app_20250111_00000734,2025-01-11 22:24:27,cust_3395087,FRID,business_loan,35624,24,546,medium,approved,35624,web,true,52
app_20250111_00000735,2025-01-11 03:52:52,cust_8226644,PORP,education_loan,24757,24,634,medium,approved,24757,branch,true,39
app_20250111_00000736,2025-01-11 00:21:21,cust_5720403,ITMI,education_loan,16855,48,640,medium,approved,16855,partner,false,309
app_20250111_00000737,2025-01-11 12:53:21,cust_7179970,SESV,education_loan,36941,60,728,low,rejected,0,call_center,false,171
app_20250111_00000738,2025-01-11 10:56:18,cust_2264494,GRRE,personal_loan,39359,36,575,medium,approved,39359,mobile_app,false,900
app_20250111_00000739,2025-01-11 17:42:00,cust_7959396,CZPR,education_loan,37520,60,661,medium,approved,37520,mobile,false,140
app_20250111_00000740,2025-01-11 17:12:50,cust_792718,BENL,personal_loan,13484,48,628,medium,approved,13484,atm,false,152
app_20250111_00000741,2025-01-11 11:46:14,cust_4955041,AUTR,cash_loan,8464,12,850,low,rejected,0,mobile_app,true,42
app_20250111_00000742,2025-01-11 10:56:46,cust_8882098,PLWA,education_loan,10652,24,607,medium,approved,10652,branch,true,601
app_20250111_00000743,2025-01-11 08:10:18,cust_1225095,FRID,credit_card,27971,30,633,medium,rejected,0,branch,true,82
app_20250111_00000744,2025-01-11 23:21:06,cust_9025434,DEHE,personal_loan,26437,36,665,medium,rejected,0,branch,true,118
app_20250111_00000745,2025-01-11 10:24:00,cust_7740871,NLAM,education_loan,15414,36,653,medium,approved,15414,call_center,true,553
app_20250111_00000746,2025-01-11 10:10:45,cust_8401433,FRID,education_loan,38570,48,699,medium,approved,38570,mobile_app,true,374
app_20250111_00000747,2025-01-11 15:37:51,cust_7586317,PORP,mortgage,392637,240,700,low,approved,392637,branch,true,421
app_20250111_00000748,2025-01-11 20:59:05,cust_9203504,PLWA,mortgage,413962,360,715,low,approved,413962,online_banking,true,690
app_20250111_00000749,2025-01-11 05:03:36,cust_4025875,ITMI,education_loan,39965,24,582,medium,approved,39965,online_banking,true,145
app_20250111_00000750,2025-01-11 03:39:29,cust_3429058,NLAM,cash_loan,2454,36,591,medium,rejected,0,call_center,true,43
app_20250111_00000751,2025-01-11 23:36:03,cust_153595,PORP,refinance,207985,120,722,low,approved,207985,online_banking,true,239
app_20250111_00000752,2025-01-11 00:59:59,cust_9827185,FRID,cash_loan,33220,36,587,medium,rejected,0,partner,true,106
app_20250111_00000753,2025-01-11 07:15:10,cust_693066,DEHE,education_loan,11435,12,735,low,approved,11435,web,true,352
app_20250111_00000754,2025-01-11 18:21:04,cust_7350249,PLWA,business_loan,27572,48,777,low,approved,27572,mobile_app,true,620
app_20250111_00000755,2025-01-11 23:01:57,cust_5403462,ITMI,cash_loan,20728,12,638,medium,approved,20728,online_banking,false,795
app_20250111_00000756,2025-01-11 01:34:30,cust_1675897,CZPR,personal_loan,39989,42,357,high,rejected,0,call_center,true,63
app_20250111_00000757,2025-01-11 22:48:08,cust_5953530,ESMA,education_loan,13333,36,622,medium,rejected,0,atm,true,41
app_20250111_00000758,2025-01-11 23:14:16,cust_6294012,PORP,mortgage,189382,300,638,medium,approved,189382,call_center,false,588
app_20250111_00000759,2025-01-11 05:41:23,cust_2562451,ATVI,auto_loan,45133,72,663,medium,rejected,0,branch,false,49
app_20250111_00000760,2025-01-11 04:40:03,cust_2959527,SESV,education_loan,4233,24,653,medium,approved,4233,mobile,true,625
app_20250111_00000761,2025-01-11 11:29:44,cust_9802794,DEHE,auto_loan,45969,48,850,low,approved,45969,mobile,true,694
app_20250111_00000762,2025-01-11 07:25:54,cust_1706486,GRRE,mortgage,384117,300,703,low,approved,384117,mobile_app,true,566
app_20250111_00000763,2025-01-11 05:52:45,cust_6090417,PLWA,business_loan,24254,24,469,high,rejected,0,mobile_app,false,93
app_20250111_00000764,2025-01-11 07:03:41,cust_3690014,UKLO,credit_card,9309,48,676,medium,rejected,0,atm,true,33
app_20250111_00000765,2025-01-11 22:43:28,cust_8162089,CHBE,education_loan,29636,36,534,medium,rejected,0,web,true,130
app_20250111_00000766,2025-01-11 19:15:32,cust_4821057,PLWA,credit_card,15751,30,637,medium,rejected,0,call_center,true,160
app_20250111_00000767,2025-01-11 09:34:19,cust_729175,CZPR,auto_loan,17852,72,540,medium,rejected,0,branch,false,158
app_20250111_00000768,2025-01-11 07:12:48,cust_7061508,SESV,auto_loan,53716,72,788,low,approved,53716,call_center,true,551
app_20250111_00000769,2025-01-11 04:08:17,cust_8799328,GRRE,mortgage,420196,300,606,medium,approved,420196,mobile_app,false,385
app_20250111_00000770,2025-01-11 19:55:08,cust_5731007,SESV,cash_loan,19099,30,577,medium,rejected,0,web,false,106
app_20250111_00000771,2025-01-11 11:58:15,cust_2624295,PLWA,credit_card,30154,12,693,medium,approved,30154,mobile_app,true,56
app_20250111_00000772,2025-01-11 23:55:19,cust_5647448,DEHE,business_loan,37111,24,790,low,approved,37111,online_banking,true,774
app_20250111_00000773,2025-01-11 06:40:01,cust_1449720,CZPR,credit_card,8607,48,575,medium,approved,8607,web,true,286
app_20250111_00000774,2025-01-11 03:28:45,cust_2195568,ITMI,business_loan,21695,36,755,low,approved,21695,web,false,169
app_20250111_00000775,2025-01-11 16:16:33,cust_4013451,PLWA,education_loan,2306,60,775,low,approved,2306,web,false,329
app_20250111_00000776,2025-01-11 22:27:45,cust_2268133,PLWA,cash_loan,10987,36,642,medium,rejected,0,web,true,134
app_20250111_00000777,2025-01-11 05:09:07,cust_9570383,BENL,education_loan,29667,24,525,medium,approved,29667,partner,false,236
app_20250111_00000778,2025-01-11 19:24:03,cust_5747977,DEHE,cash_loan,8722,36,727,low,approved,8722,web,true,131
app_20250111_00000779,2025-01-11 19:13:10,cust_6337370,PORP,auto_loan,33424,60,491,high,rejected,0,atm,false,124
app_20250111_00000780,2025-01-11 09:42:23,cust_580971,ATVI,business_loan,30577,12,518,medium,approved,30577,mobile,false,284
app_20250111_00000781,2025-01-11 19:18:59,cust_4812992,PORP,business_loan,23653,12,546,medium,approved,23653,call_center,true,330
app_20250111_00000782,2025-01-11 14:01:33,cust_1519486,GRRE,credit_card,14974,24,581,medium,rejected,0,mobile_app,true,50
app_20250111_00000783,2025-01-11 18:49:48,cust_1881732,ESMA,refinance,210826,360,551,medium,approved,210826,mobile,false,870
app_20250111_00000784,2025-01-11 00:34:41,cust_9918812,GRRE,cash_loan,16298,12,541,medium,rejected,0,call_center,true,111
app_20250111_00000785,2025-01-11 05:07:22,cust_754533,ATVI,refinance,294025,120,572,medium,approved,294025,web,false,463
app_20250111_00000786,2025-01-11 23:06:20,cust_9622969,SESV,business_loan,3502,36,462,high,rejected,0,atm,true,89
app_20250111_00000787,2025-01-11 14:52:07,cust_5637070,PORP,refinance,78926,180,726,low,approved,78926,mobile,false,356
app_20250111_00000788,2025-01-11 03:08:54,cust_9190846,PORP,personal_loan,43493,30,818,low,approved,43493,mobile,false,847
app_20250111_00000789,2025-01-11 11:01:01,cust_4304505,NLAM,credit_card,2091,48,751,low,approved,2091,call_center,true,346
app_20250111_00000790,2025-01-11 03:58:09,cust_3967852,DEHE,mortgage,297283,360,707,low,approved,297283,online_banking,true,413
app_20250111_00000791,2025-01-11 01:42:01,cust_1243115,CZPR,credit_card,9016,18,842,low,approved,9016,mobile,false,337
app_20250111_00000792,2025-01-11 20:02:01,cust_3028748,GRRE,personal_loan,9408,48,534,medium,rejected,0,online_banking,true,128
app_20250111_00000793,2025-01-11 08:49:12,cust_5822231,DEHE,auto_loan,22409,24,611,medium,approved,22409,call_center,false,632
app_20250111_00000794,2025-01-11 16:52:50,cust_223601,ESMA,cash_loan,8598,12,687,medium,approved,8598,web,false,307
app_20250111_00000795,2025-01-11 15:40:24,cust_3558850,CZPR,auto_loan,33073,36,680,medium,rejected,0,branch,false,150
app_20250111_00000796,2025-01-11 04:52:19,cust_1786119,PLWA,personal_loan,1020,24,521,medium,approved,1020,online_banking,false,334
app_20250111_00000797,2025-01-11 14:19:59,cust_5564788,ATVI,business_loan,18068,48,681,medium,approved,18068,branch,true,883
app_20250111_00000798,2025-01-11 01:25:38,cust_7696268,PLWA,business_loan,35096,36,848,low,approved,35096,online_banking,false,120
app_20250111_00000799,2025-01-11 05:59:55,cust_1839865,PLWA,business_loan,24523,12,625,medium,approved,24523,mobile_app,true,338
app_20250111_00000800,2025-01-11 00:07:01,cust_1367810,FRID,education_loan,20618,24,843,low,approved,20618,atm,false,499
app_20250111_00000801,2025-01-11 17:51:15,cust_9145819,DEHE,mortgage,221999,300,660,medium,rejected,0,branch,false,123
app_20250111_00000802,2025-01-11 04:17:16,cust_6554175,FRID,auto_loan,15709,72,752,low,approved,15709,mobile,true,467
app_20250111_00000803,2025-01-11 08:22:33,cust_2557065,ESMA,auto_loan,46193,36,784,low,approved,46193,mobile_app,false,564
app_20250111_00000804,2025-01-11 07:19:44,cust_631401,CZPR,refinance,284986,120,690,medium,approved,284986,online_banking,true,532
app_20250111_00000805,2025-01-11 13:40:24,cust_8951500,ESMA,mortgage,370583,180,733,low,approved,370583,partner,true,893
app_20250111_00000806,2025-01-11 10:46:21,cust_4471891,CZPR,business_loan,31463,48,669,medium,approved,31463,online_banking,true,313
app_20250111_00000807,2025-01-11 15:11:12,cust_5068192,FRID,business_loan,27570,36,798,low,approved,27570,atm,false,604
app_20250111_00000808,2025-01-11 04:40:36,cust_9215736,AUTR,personal_loan,35422,36,652,medium,rejected,0,mobile_app,true,114
app_20250111_00000809,2025-01-11 07:14:41,cust_5306394,ATVI,refinance,296051,120,491,high,rejected,0,online_banking,true,21
app_20250111_00000810,2025-01-11 08:13:48,cust_5895803,AUTR,personal_loan,28410,24,519,medium,approved,28410,partner,true,135
app_20250111_00000811,2025-01-11 10:40:04,cust_3011497,ESMA,personal_loan,31454,30,687,medium,approved,31454,call_center,true,620
app_20250111_00000812,2025-01-11 05:37:09,cust_7784594,UKLO,mortgage,336939,180,637,medium,approved,336939,partner,false,424
app_20250111_00000813,2025-01-11 08:40:01,cust_1591540,CHBE,education_loan,39188,60,668,medium,approved,39188,mobile,false,405
app_20250111_00000814,2025-01-11 14:56:47,cust_6099667,ITMI,auto_loan,40923,24,797,low,approved,40923,online_banking,false,542
app_20250111_00000815,2025-01-11 11:26:51,cust_1003519,GRRE,credit_card,29168,18,426,high,approved,29168,partner,false,94
app_20250111_00000816,2025-01-11 04:10:25,cust_6918911,CHBE,education_loan,34980,24,666,medium,rejected,0,mobile_app,true,107
app_20250111_00000817,2025-01-11 16:36:35,cust_7991441,GRRE,cash_loan,42216,18,528,medium,rejected,0,web,true,18
app_20250111_00000818,2025-01-11 06:27:04,cust_1567782,PLWA,business_loan,17582,36,771,low,approved,17582,branch,true,626
app_20250111_00000819,2025-01-11 06:24:12,cust_4557066,ITMI,education_loan,15505,12,569,medium,rejected,0,branch,true,75
app_20250111_00000820,2025-01-11 18:21:05,cust_405663,CZPR,business_loan,21547,24,811,low,approved,21547,web,true,44
app_20250111_00000821,2025-01-11 04:48:38,cust_7825988,FRID,personal_loan,9713,48,507,medium,approved,9713,web,true,545
app_20250111_00000822,2025-01-11 16:17:29,cust_6650413,AUTR,refinance,108733,180,663,medium,approved,108733,atm,false,434
app_20250111_00000823,2025-01-11 10:25:04,cust_8269573,CZPR,personal_loan,46280,24,811,low,approved,46280,mobile,false,321
app_20250111_00000824,2025-01-11 19:13:10,cust_2063692,CZPR,education_loan,19564,60,730,low,approved,19564,online_banking,false,735
app_20250111_00000825,2025-01-11 02:18:01,cust_1832982,DEHE,personal_loan,18852,18,564,medium,rejected,0,web,true,24
app_20250111_00000826,2025-01-11 12:12:26,cust_4404137,CHBE,mortgage,193531,240,664,medium,approved,193531,partner,true,502
app_20250111_00000827,2025-01-11 20:22:57,cust_560186,ITMI,credit_card,5929,18,547,medium,approved,5929,call_center,true,47
app_20250111_00000828,2025-01-11 02:57:30,cust_8609927,CHBE,personal_loan,22293,42,535,medium,rejected,0,mobile_app,false,133
app_20250111_00000829,2025-01-11 14:15:37,cust_6276285,BENL,refinance,409471,240,654,medium,rejected,0,partner,true,13
app_20250111_00000830,2025-01-11 10:23:52,cust_5728955,NLAM,cash_loan,39714,24,689,medium,approved,39714,branch,false,236
app_20250111_00000831,2025-01-11 21:38:30,cust_4634864,CHBE,education_loan,37361,12,554,medium,rejected,0,branch,true,36
app_20250111_00000832,2025-01-11 10:03:27,cust_9386080,ATVI,education_loan,9933,60,464,high,rejected,0,online_banking,true,113
app_20250111_00000833,2025-01-11 02:52:17,cust_4892086,GRRE,refinance,352936,300,368,high,rejected,0,web,true,92
app_20250111_00000834,2025-01-11 17:57:04,cust_5473775,FRID,auto_loan,34725,48,850,low,approved,34725,branch,true,52
app_20250111_00000835,2025-01-11 20:11:36,cust_5454751,PORP,mortgage,63272,180,511,medium,approved,63272,atm,false,248
app_20250111_00000836,2025-01-11 15:36:04,cust_2765398,PLWA,refinance,357724,180,561,medium,rejected,0,partner,true,99
app_20250111_00000837,2025-01-11 03:11:24,cust_8723414,FRID,business_loan,35442,12,656,medium,approved,35442,call_center,false,89
app_20250111_00000838,2025-01-11 10:06:50,cust_3502622,CZPR,business_loan,26177,12,683,medium,rejected,0,branch,true,149
app_20250111_00000839,2025-01-11 00:03:39,cust_3117083,SESV,personal_loan,17423,24,627,medium,approved,17423,mobile,false,630
app_20250111_00000840,2025-01-11 22:49:17,cust_9215856,BENL,auto_loan,20781,72,621,medium,rejected,0,branch,true,151
app_20250111_00000841,2025-01-11 05:48:10,cust_9850205,UKLO,refinance,463063,360,651,medium,rejected,0,online_banking,true,162
app_20250111_00000842,2025-01-11 01:26:32,cust_2983350,SESV,auto_loan,37218,36,549,medium,rejected,0,online_banking,false,151
app_20250111_00000843,2025-01-11 20:31:12,cust_178802,UKLO,personal_loan,42547,30,839,low,approved,42547,mobile,true,214
app_20250111_00000844,2025-01-11 00:28:55,cust_2000908,NLAM,education_loan,13627,12,731,low,approved,13627,atm,true,207
app_20250111_00000845,2025-01-11 16:33:51,cust_1907999,AUTR,business_loan,32835,60,670,medium,approved,32835,mobile_app,true,40
app_20250111_00000846,2025-01-11 01:56:31,cust_878136,ATVI,mortgage,150425,300,599,medium,rejected,0,mobile_app,true,99
app_20250111_00000847,2025-01-11 06:19:16,cust_3479192,GRRE,refinance,440858,120,529,medium,approved,440858,web,false,830
app_20250111_00000848,2025-01-11 02:53:05,cust_6178760,ESMA,business_loan,30955,36,607,medium,approved,30955,partner,true,206
app_20250111_00000849,2025-01-11 06:32:20,cust_3997291,NLAM,credit_card,6413,18,488,high,rejected,0,branch,false,133
app_20250111_00000850,2025-01-11 01:18:56,cust_4717440,BENL,auto_loan,12296,72,571,medium,rejected,0,web,false,16
app_20250111_00000851,2025-01-11 23:24:16,cust_7763715,ITMI,auto_loan,30685,24,700,low,approved,30685,mobile_app,true,521
app_20250111_00000852,2025-01-11 21:57:56,cust_8015624,CZPR,refinance,335982,360,789,low,approved,335982,atm,false,134
app_20250111_00000853,2025-01-11 22:45:14,cust_3842159,AUTR,credit_card,8995,42,542,medium,rejected,0,mobile_app,false,8
app_20250111_00000854,2025-01-11 13:04:37,cust_8306112,CHBE,credit_card,28185,30,579,medium,rejected,0,atm,false,144
app_20250111_00000855,2025-01-11 06:55:20,cust_947929,SESV,business_loan,8757,24,672,medium,approved,8757,atm,true,861
app_20250111_00000856,2025-01-11 15:00:52,cust_3013370,PLWA,education_loan,23858,60,607,medium,approved,23858,online_banking,true,855
app_20250111_00000857,2025-01-11 03:17:47,cust_6136827,FRID,cash_loan,39081,18,560,medium,approved,39081,partner,true,515
app_20250111_00000858,2025-01-11 15:24:10,cust_9448913,BENL,mortgage,495994,120,826,low,rejected,0,web,true,10
app_20250111_00000859,2025-01-11 21:59:04,cust_405931,DEHE,auto_loan,8116,24,612,medium,approved,8116,call_center,false,288
app_20250111_00000860,2025-01-11 08:54:19,cust_582209,UKLO,mortgage,212776,300,805,low,approved,212776,online_banking,false,88
app_20250111_00000861,2025-01-11 11:23:09,cust_5918886,FRID,refinance,426663,180,629,medium,approved,426663,branch,false,69
app_20250111_00000862,2025-01-11 16:38:50,cust_3120982,ESMA,education_loan,21704,48,724,low,approved,21704,partner,true,588
app_20250111_00000863,2025-01-11 13:04:13,cust_9254414,FRID,business_loan,24025,12,616,medium,approved,24025,partner,false,589
app_20250111_00000864,2025-01-11 17:46:18,cust_6632952,PORP,personal_loan,24076,18,726,low,approved,24076,branch,false,294
app_20250111_00000865,2025-01-11 15:18:18,cust_842385,GRRE,personal_loan,47370,42,850,low,approved,47370,mobile,false,191
app_20250111_00000866,2025-01-11 02:09:30,cust_1145091,UKLO,auto_loan,28274,72,458,high,rejected,0,mobile_app,false,68
app_20250111_00000867,2025-01-11 04:56:24,cust_8290153,UKLO,refinance,466164,120,528,medium,rejected,0,branch,false,34
app_20250111_00000868,2025-01-11 14:16:41,cust_616207,PORP,auto_loan,27922,36,563,medium,approved,27922,mobile,true,887
app_20250111_00000869,2025-01-11 08:10:55,cust_6696212,PORP,refinance,101117,240,686,medium,approved,101117,partner,true,607
app_20250111_00000870,2025-01-11 01:19:20,cust_8857255,FRID,mortgage,467151,240,551,medium,rejected,0,partner,false,84
app_20250111_00000871,2025-01-11 00:36:03,cust_4574354,PLWA,credit_card,30244,48,535,medium,rejected,0,online_banking,true,168
app_20250111_00000872,2025-01-11 14:28:30,cust_520066,GRRE,mortgage,391495,180,666,medium,approved,391495,mobile,false,810
app_20250111_00000873,2025-01-11 21:05:42,cust_618187,UKLO,personal_loan,7100,12,558,medium,approved,7100,branch,false,614
app_20250111_00000874,2025-01-11 08:44:30,cust_4627337,ATVI,education_loan,29158,36,734,low,approved,29158,mobile_app,false,545
app_20250111_00000875,2025-01-11 19:54:51,cust_7648262,UKLO,business_loan,13847,36,540,medium,rejected,0,atm,false,117
app_20250111_00000876,2025-01-11 18:31:27,cust_4680124,DEHE,refinance,498630,300,407,high,rejected,0,web,true,75
app_20250111_00000877,2025-01-11 13:12:04,cust_6053994,BENL,refinance,74588,360,658,medium,rejected,0,branch,true,170
app_20250111_00000878,2025-01-11 07:58:30,cust_723772,PLWA,auto_loan,27763,72,720,low,approved,27763,partner,true,541
app_20250111_00000879,2025-01-11 12:01:03,cust_4598553,PORP,refinance,256370,360,708,low,approved,256370,atm,true,807
app_20250111_00000880,2025-01-11 23:15:57,cust_3231939,CZPR,mortgage,395855,180,647,medium,approved,395855,mobile_app,true,154
app_20250111_00000881,2025-01-11 22:27:45,cust_7410113,DEHE,mortgage,198595,120,694,medium,approved,198595,atm,true,805
app_20250111_00000882,2025-01-11 06:26:06,cust_3181735,ESMA,cash_loan,39688,12,613,medium,rejected,0,branch,true,152
app_20250111_00000883,2025-01-11 09:18:50,cust_928196,PLWA,business_loan,13389,48,512,medium,approved,13389,mobile,true,846
app_20250111_00000884,2025-01-11 18:59:28,cust_1881127,BENL,credit_card,6244,18,531,medium,approved,6244,atm,false,491
app_20250111_00000885,2025-01-11 07:12:39,cust_3050203,GRRE,credit_card,27443,36,630,medium,approved,27443,online_banking,false,336
app_20250111_00000886,2025-01-11 13:00:01,cust_1205621,NLAM,personal_loan,10572,36,588,medium,approved,10572,web,true,897
app_20250111_00000887,2025-01-11 18:54:05,cust_428015,ATVI,business_loan,26528,12,732,low,approved,26528,online_banking,false,827
app_20250111_00000888,2025-01-11 16:14:51,cust_8051980,SESV,education_loan,39430,12,649,medium,rejected,0,atm,false,150
app_20250111_00000889,2025-01-11 06:28:56,cust_9509408,PORP,auto_loan,42711,48,565,medium,rejected,0,branch,true,96
app_20250111_00000890,2025-01-11 04:59:16,cust_5885230,ATVI,auto_loan,15942,24,548,medium,approved,15942,online_banking,true,863
app_20250111_00000891,2025-01-11 02:47:12,cust_9411802,GRRE,mortgage,100293,120,566,medium,approved,100293,online_banking,false,366
app_20250111_00000892,2025-01-11 00:12:36,cust_2523378,ESMA,education_loan,3589,24,555,medium,rejected,0,mobile_app,true,17
app_20250111_00000893,2025-01-11 09:38:18,cust_5037245,AUTR,personal_loan,9627,30,510,medium,approved,9627,mobile_app,false,173
app_20250111_00000894,2025-01-11 19:33:12,cust_4439213,UKLO,education_loan,25116,24,567,medium,rejected,0,mobile_app,false,13
app_20250111_00000895,2025-01-11 07:49:40,cust_552641,PORP,personal_loan,7603,12,629,medium,approved,7603,partner,true,86
app_20250111_00000896,2025-01-11 09:42:44,cust_9154332,BENL,credit_card,2019,48,692,medium,rejected,0,partner,true,29
app_20250111_00000897,2025-01-11 02:44:19,cust_7624943,ATVI,cash_loan,27339,30,515,medium,rejected,0,branch,false,100
app_20250111_00000898,2025-01-11 04:09:15,cust_8818851,NLAM,credit_card,5638,30,725,low,approved,5638,call_center,true,645
app_20250111_00000899,2025-01-11 20:58:25,cust_1501473,CHBE,cash_loan,12256,30,448,high,rejected,0,call_center,false,141
app_20250111_00000900,2025-01-11 00:54:10,cust_795501,PORP,personal_loan,21656,42,587,medium,rejected,0,web,false,159
app_20250111_00000901,2025-01-11 04:07:00,cust_630711,UKLO,mortgage,200035,120,713,low,approved,200035,online_banking,true,121
app_20250111_00000902,2025-01-11 21:35:17,cust_823158,AUTR,business_loan,24458,24,536,medium,rejected,0,mobile,false,72
app_20250111_00000903,2025-01-11 16:24:37,cust_2732478,ATVI,refinance,436501,120,543,medium,approved,436501,call_center,false,895
app_20250111_00000904,2025-01-11 07:50:10,cust_3929731,AUTR,refinance,247051,120,655,medium,approved,247051,partner,false,209
app_20250111_00000905,2025-01-11 04:23:06,cust_4632411,PORP,education_loan,32857,24,793,low,approved,32857,atm,true,587
app_20250111_00000906,2025-01-11 03:59:45,cust_9994573,GRRE,auto_loan,58634,72,680,medium,rejected,0,online_banking,true,84
app_20250111_00000907,2025-01-11 11:35:12,cust_6619572,ITMI,credit_card,49847,42,683,medium,approved,49847,branch,true,220
app_20250111_00000908,2025-01-11 10:38:03,cust_6142681,NLAM,credit_card,45763,36,716,low,approved,45763,web,false,812
app_20250111_00000909,2025-01-11 14:21:57,cust_1384952,CHBE,education_loan,8720,36,787,low,approved,8720,atm,true,453
app_20250111_00000910,2025-01-11 12:12:46,cust_6311895,CHBE,refinance,375806,360,660,medium,approved,375806,partner,false,215
app_20250111_00000911,2025-01-11 20:15:57,cust_9560760,FRID,cash_loan,5974,30,522,medium,rejected,0,call_center,false,125
app_20250111_00000912,2025-01-11 07:10:34,cust_6074837,NLAM,refinance,113102,360,772,low,approved,113102,atm,true,467
app_20250111_00000913,2025-01-11 21:13:57,cust_1017857,PORP,cash_loan,21927,30,796,low,approved,21927,web,true,322
app_20250111_00000914,2025-01-11 06:08:22,cust_4667869,NLAM,mortgage,223957,180,518,medium,approved,223957,partner,true,315
app_20250111_00000915,2025-01-11 17:24:57,cust_4851232,ATVI,personal_loan,41683,48,703,low,rejected,0,atm,true,9
app_20250111_00000916,2025-01-11 08:36:21,cust_7554260,CZPR,business_loan,9336,60,620,medium,approved,9336,mobile_app,true,239
app_20250111_00000917,2025-01-11 11:14:08,cust_2998386,ATVI,personal_loan,25874,12,546,medium,approved,25874,call_center,false,334
app_20250111_00000918,2025-01-11 13:20:27,cust_7419884,BENL,credit_card,40025,30,542,medium,rejected,0,web,false,19
app_20250111_00000919,2025-01-11 19:26:03,cust_1677579,GRRE,credit_card,20616,24,525,medium,rejected,0,web,false,5
app_20250111_00000920,2025-01-11 03:18:10,cust_1946670,GRRE,credit_card,30355,48,378,high,rejected,0,atm,false,171
app_20250111_00000921,2025-01-11 04:32:43,cust_9000278,AUTR,auto_loan,22388,48,804,low,approved,22388,call_center,true,137
app_20250111_00000922,2025-01-11 09:06:04,cust_8697120,GRRE,mortgage,220104,120,431,high,rejected,0,mobile_app,false,21
app_20250111_00000923,2025-01-11 22:28:24,cust_1412187,PLWA,education_loan,7150,48,831,low,approved,7150,web,true,317
app_20250111_00000924,2025-01-11 15:38:37,cust_6629192,ATVI,mortgage,336575,120,672,medium,approved,336575,web,false,355
app_20250111_00000925,2025-01-11 12:25:39,cust_5719120,ITMI,personal_loan,17104,18,664,medium,approved,17104,mobile,true,808
app_20250111_00000926,2025-01-11 16:56:29,cust_5405191,BENL,mortgage,71566,360,620,medium,rejected,0,mobile,false,139
app_20250111_00000927,2025-01-11 17:32:01,cust_6899566,UKLO,business_loan,14248,36,808,low,approved,14248,mobile,true,183
app_20250111_00000928,2025-01-11 05:12:05,cust_6562362,FRID,mortgage,298973,300,725,low,approved,298973,partner,true,111
app_20250111_00000929,2025-01-11 12:30:02,cust_1238915,ITMI,credit_card,23685,12,662,medium,rejected,0,mobile_app,true,50
app_20250111_00000930,2025-01-11 15:06:36,cust_808556,PORP,credit_card,16958,36,574,medium,approved,16958,online_banking,true,269
app_20250111_00000931,2025-01-11 22:23:33,cust_4303648,PORP,business_loan,31198,60,751,low,approved,31198,mobile,true,280
app_20250111_00000932,2025-01-11 06:17:40,cust_8952471,BENL,refinance,221520,120,658,medium,rejected,0,partner,true,83
app_20250111_00000933,2025-01-11 22:20:03,cust_3707021,UKLO,mortgage,297208,120,686,medium,approved,297208,mobile_app,true,387
app_20250111_00000934,2025-01-11 00:09:15,cust_1690859,BENL,credit_card,41829,30,549,medium,rejected,0,call_center,true,95
app_20250111_00000935,2025-01-11 04:43:43,cust_7541871,ITMI,education_loan,21874,60,803,low,approved,21874,branch,true,575
app_20250111_00000936,2025-01-11 03:37:38,cust_8537149,SESV,refinance,179382,120,545,medium,rejected,0,partner,true,12
app_20250111_00000937,2025-01-11 19:24:14,cust_3481210,ATVI,personal_loan,30701,12,300,high,rejected,0,mobile_app,false,149
app_20250111_00000938,2025-01-11 03:17:48,cust_7486102,FRID,business_loan,3744,48,653,medium,rejected,0,atm,true,159
app_20250111_00000939,2025-01-11 16:28:51,cust_7242963,SESV,credit_card,8326,18,834,low,approved,8326,call_center,true,32
app_20250111_00000940,2025-01-11 08:37:34,cust_3058115,PLWA,mortgage,199876,240,498,high,rejected,0,mobile_app,true,161
app_20250111_00000941,2025-01-11 23:07:11,cust_8472561,PORP,mortgage,134511,300,656,medium,approved,134511,mobile_app,false,722
app_20250111_00000942,2025-01-11 23:20:24,cust_2532970,PLWA,education_loan,25257,36,528,medium,approved,25257,atm,true,73
app_20250111_00000943,2025-01-11 11:35:52,cust_170451,CHBE,education_loan,6452,48,726,low,approved,6452,partner,true,259
app_20250111_00000944,2025-01-11 09:09:31,cust_2190461,DEHE,refinance,358284,240,850,low,approved,358284,online_banking,false,888
app_20250111_00000945,2025-01-11 17:48:06,cust_1356561,ITMI,education_loan,12725,24,523,medium,approved,12725,partner,true,136
app_20250111_00000946,2025-01-11 19:57:31,cust_6192787,ITMI,refinance,314804,300,558,medium,rejected,0,mobile_app,false,39
app_20250111_00000947,2025-01-11 19:56:30,cust_1543089,CZPR,mortgage,239958,120,712,low,approved,239958,partner,true,320
app_20250111_00000948,2025-01-11 10:32:02,cust_2396188,DEHE,mortgage,374170,300,745,low,approved,374170,call_center,false,692
app_20250111_00000949,2025-01-11 07:32:14,cust_8147638,ESMA,auto_loan,15320,48,562,medium,approved,15320,web,false,753
app_20250111_00000950,2025-01-11 18:02:56,cust_2345585,BENL,education_loan,19473,24,525,medium,approved,19473,partner,false,552
app_20250111_00000951,2025-01-11 16:14:30,cust_9770235,UKLO,cash_loan,27944,30,690,medium,rejected,0,branch,true,75
app_20250111_00000952,2025-01-11 18:13:54,cust_4697192,CHBE,credit_card,31078,18,725,low,rejected,0,partner,false,104
app_20250111_00000953,2025-01-11 08:47:15,cust_162197,CZPR,education_loan,26417,12,622,medium,approved,26417,mobile_app,true,59
app_20250111_00000954,2025-01-11 22:08:41,cust_5962279,GRRE,refinance,244506,240,516,medium,rejected,0,branch,true,96
app_20250111_00000955,2025-01-11 22:27:47,cust_3290519,UKLO,credit_card,42496,30,707,low,rejected,0,web,true,33
app_20250111_00000956,2025-01-11 01:11:06,cust_3437191,NLAM,personal_loan,33446,48,598,medium,approved,33446,web,false,623
app_20250111_00000957,2025-01-11 12:20:52,cust_9773758,DEHE,personal_loan,35398,30,767,low,approved,35398,online_banking,true,571
app_20250111_00000958,2025-01-11 12:08:21,cust_8459266,BENL,business_loan,15958,24,523,medium,approved,15958,call_center,false,821
app_20250111_00000959,2025-01-11 22:18:25,cust_8751773,PLWA,refinance,216214,180,428,high,rejected,0,mobile,false,82
app_20250111_00000960,2025-01-11 06:31:56,cust_4919163,NLAM,business_loan,5963,60,619,medium,approved,5963,web,false,168
app_20250111_00000961,2025-01-11 22:33:24,cust_6514598,PLWA,mortgage,422308,300,593,medium,approved,422308,call_center,true,606
app_20250111_00000962,2025-01-11 11:43:46,cust_1968837,CHBE,refinance,117024,240,651,medium,approved,117024,online_banking,true,417
app_20250111_00000963,2025-01-11 16:48:42,cust_2489947,ATVI,personal_loan,31703,12,663,medium,rejected,0,web,false,76
app_20250111_00000964,2025-01-11 05:42:10,cust_2105174,GRRE,credit_card,31290,36,703,low,approved,31290,mobile,true,886
app_20250111_00000965,2025-01-11 11:17:01,cust_2185028,ATVI,credit_card,19556,18,831,low,approved,19556,atm,false,848
app_20250111_00000966,2025-01-11 08:37:28,cust_9780624,CHBE,refinance,213737,240,810,low,approved,213737,call_center,true,201
app_20250111_00000967,2025-01-11 13:11:28,cust_2960892,ATVI,cash_loan,44274,24,464,high,rejected,0,partner,false,177
app_20250111_00000968,2025-01-11 03:51:23,cust_3894741,PORP,business_loan,15371,12,572,medium,rejected,0,atm,true,96
app_20250111_00000969,2025-01-11 04:36:44,cust_7952191,NLAM,personal_loan,30336,42,589,medium,rejected,0,branch,false,135
app_20250111_00000970,2025-01-11 00:02:25,cust_1464928,DEHE,mortgage,325688,180,603,medium,approved,325688,online_banking,true,267
app_20250111_00000971,2025-01-11 07:50:49,cust_252771,SESV,cash_loan,42497,12,726,low,approved,42497,mobile,false,357
app_20250111_00000972,2025-01-11 19:45:06,cust_6596819,AUTR,personal_loan,49340,24,639,medium,rejected,0,mobile,true,113
app_20250111_00000973,2025-01-11 07:13:14,cust_7556769,ATVI,business_loan,9981,48,701,low,approved,9981,call_center,true,308
app_20250111_00000974,2025-01-11 23:14:27,cust_5671135,SESV,business_loan,11298,36,776,low,approved,11298,atm,false,898
app_20250111_00000975,2025-01-11 04:42:31,cust_5078220,CZPR,cash_loan,23388,18,747,low,approved,23388,mobile_app,false,518
app_20250111_00000976,2025-01-11 09:06:41,cust_2743187,CHBE,personal_loan,20253,24,718,low,approved,20253,call_center,true,708
app_20250111_00000977,2025-01-11 18:59:33,cust_5630101,ESMA,personal_loan,17384,24,531,medium,approved,17384,branch,false,678
app_20250111_00000978,2025-01-11 13:06:40,cust_1323631,PORP,auto_loan,27220,24,660,medium,approved,27220,web,true,778
app_20250111_00000979,2025-01-11 01:13:43,cust_1453175,PORP,cash_loan,17258,12,660,medium,rejected,0,atm,false,112
app_20250111_00000980,2025-01-11 06:43:40,cust_5399609,ESMA,education_loan,6376,60,824,low,approved,6376,mobile_app,false,573
app_20250111_00000981,2025-01-11 23:18:27,cust_5333488,AUTR,mortgage,280954,300,598,medium,approved,280954,call_center,true,601
app_20250111_00000982,2025-01-11 15:38:13,cust_7494620,NLAM,auto_loan,8672,72,764,low,approved,8672,atm,true,705
app_20250111_00000983,2025-01-11 11:58:51,cust_9134824,DEHE,education_loan,3021,48,849,low,approved,3021,call_center,false,518
app_20250111_00000984,2025-01-11 05:01:27,cust_3554818,NLAM,mortgage,224200,300,664,medium,rejected,0,partner,false,12
app_20250111_00000985,2025-01-11 03:35:06,cust_7632325,UKLO,mortgage,432609,300,529,medium,approved,432609,mobile,true,769
app_20250111_00000986,2025-01-11 03:26:53,cust_631158,CHBE,cash_loan,44344,36,689,medium,approved,44344,partner,false,581
app_20250111_00000987,2025-01-11 13:37:01,cust_2195918,PLWA,mortgage,52354,180,596,medium,rejected,0,mobile,false,97
app_20250111_00000988,2025-01-11 19:52:46,cust_1594316,CZPR,refinance,460673,360,593,medium,rejected,0,online_banking,true,51
app_20250111_00000989,2025-01-11 14:47:40,cust_6669005,CHBE,education_loan,10446,36,501,medium,approved,10446,branch,true,809
app_20250111_00000990,2025-01-11 14:51:22,cust_8843749,AUTR,refinance,186125,300,744,low,approved,186125,online_banking,false,311
app_20250111_00000991,2025-01-11 12:53:59,cust_7741412,ATVI,cash_loan,14385,24,563,medium,approved,14385,atm,true,695
app_20250111_00000992,2025-01-11 07:36:08,cust_8806110,CHBE,auto_loan,5506,48,769,low,approved,5506,atm,true,491
app_20250111_00000993,2025-01-11 17:14:23,cust_6899574,ESMA,mortgage,267586,300,606,medium,rejected,0,web,true,106
app_20250111_00000994,2025-01-11 09:18:27,cust_5626616,DEHE,credit_card,5860,18,772,low,approved,5860,call_center,false,533
app_20250111_00000995,2025-01-11 21:25:48,cust_4554491,DEHE,mortgage,158913,180,667,medium,rejected,0,mobile,true,51
app_20250111_00000996,2025-01-11 06:00:14,cust_5425638,CZPR,personal_loan,11876,36,725,low,approved,11876,online_banking,true,309
app_20250111_00000997,2025-01-11 18:03:29,cust_6334291,CZPR,business_loan,21175,36,574,medium,approved,21175,mobile,true,74
app_20250111_00000998,2025-01-11 21:29:21,cust_6767669,ATVI,mortgage,113108,180,732,low,approved,113108,partner,true,416
app_20250111_00000999,2025-01-11 13:44:03,cust_3466255,BENL,refinance,132093,300,462,high,rejected,0,call_center,false,53
app_20250111_00001000,2025-01-11 07:01:16,cust_3573527,GRRE,cash_loan,26092,42,527,medium,rejected,0,call_center,true,158
app_20250111_00001001,2025-01-11 22:04:05,cust_8477559,UKLO,education_loan,3620,24,754,low,approved,3620,mobile,true,377
app_20250111_00001002,2025-01-11 19:28:33,cust_8966221,CHBE,mortgage,174985,120,555,medium,rejected,0,online_banking,false,76
app_20250111_00001003,2025-01-11 18:11:43,cust_8417549,FRID,business_loan,30052,60,504,medium,approved,30052,call_center,false,139
app_20250111_00001004,2025-01-11 00:54:32,cust_5154364,NLAM,mortgage,444422,300,597,medium,approved,444422,atm,false,75
app_20250111_00001005,2025-01-11 18:48:17,cust_2203445,FRID,auto_loan,6906,72,702,low,approved,6906,branch,true,331
app_20250111_00001006,2025-01-11 13:31:05,cust_3590974,NLAM,refinance,168763,240,728,low,approved,168763,call_center,false,278
app_20250111_00001007,2025-01-11 02:32:26,cust_7769051,ATVI,credit_card,13336,18,599,medium,approved,13336,call_center,true,257
app_20250111_00001008,2025-01-11 16:43:54,cust_9022169,CHBE,cash_loan,41437,18,658,medium,rejected,0,web,true,6
app_20250111_00001009,2025-01-11 05:19:17,cust_3806849,GRRE,business_loan,25192,48,429,high,rejected,0,web,true,159
app_20250111_00001010,2025-01-11 03:47:09,cust_4578454,CHBE,personal_loan,42511,42,810,low,approved,42511,mobile_app,false,272
app_20250111_00001011,2025-01-11 00:40:08,cust_7427161,ITMI,cash_loan,39355,18,662,medium,approved,39355,mobile,false,420
app_20250111_00001012,2025-01-11 18:05:40,cust_4770378,ATVI,refinance,145325,300,850,low,approved,145325,web,true,633
app_20250111_00001013,2025-01-11 20:09:38,cust_8825989,FRID,education_loan,28728,24,633,medium,approved,28728,online_banking,false,757
app_20250111_00001014,2025-01-11 13:54:47,cust_1979398,NLAM,cash_loan,7408,48,636,medium,approved,7408,mobile_app,true,385
app_20250111_00001015,2025-01-11 02:23:17,cust_5527393,PORP,education_loan,14392,24,655,medium,approved,14392,branch,true,854
app_20250111_00001016,2025-01-11 14:00:40,cust_8473574,AUTR,cash_loan,26058,24,601,medium,approved,26058,mobile_app,true,507
app_20250111_00001017,2025-01-11 23:43:16,cust_8830570,PORP,credit_card,25506,12,715,low,rejected,0,online_banking,true,176
app_20250111_00001018,2025-01-11 18:51:09,cust_8241183,DEHE,refinance,252685,120,578,medium,approved,252685,mobile_app,false,289
app_20250111_00001019,2025-01-11 23:12:47,cust_5358146,ESMA,refinance,256039,240,645,medium,rejected,0,web,false,34
app_20250111_00001020,2025-01-11 18:59:23,cust_1674655,GRRE,mortgage,264142,300,588,medium,approved,264142,online_banking,false,464
app_20250111_00001021,2025-01-11 10:23:16,cust_4751758,CZPR,auto_loan,9658,48,755,low,approved,9658,partner,false,610
app_20250111_00001022,2025-01-11 03:02:32,cust_8128674,NLAM,refinance,310476,240,613,medium,rejected,0,mobile_app,false,115
app_20250111_00001023,2025-01-11 10:43:56,cust_7005309,UKLO,cash_loan,18472,42,598,medium,rejected,0,mobile_app,true,139
app_20250111_00001024,2025-01-11 23:15:30,cust_2360956,NLAM,credit_card,43842,30,540,medium,rejected,0,branch,false,149
app_20250111_00001025,2025-01-11 14:08:57,cust_8083368,ATVI,business_loan,18338,24,822,low,approved,18338,mobile_app,false,123
app_20250111_00001026,2025-01-11 17:00:24,cust_8282164,ATVI,cash_loan,40464,18,611,medium,approved,40464,mobile_app,true,413
app_20250111_00001027,2025-01-11 20:39:55,cust_3553823,DEHE,education_loan,9194,12,641,medium,approved,9194,branch,true,349
app_20250111_00001028,2025-01-11 23:39:26,cust_7808482,SESV,education_loan,11746,60,656,medium,rejected,0,branch,false,17
app_20250111_00001029,2025-01-11 06:47:12,cust_3956106,UKLO,auto_loan,27655,24,704,low,approved,27655,call_center,true,319
app_20250111_00001030,2025-01-11 12:51:05,cust_4065624,FRID,credit_card,28013,48,610,medium,approved,28013,partner,true,378
app_20250111_00001031,2025-01-11 19:37:37,cust_8600160,GRRE,credit_card,49559,30,665,medium,approved,49559,call_center,false,328
app_20250111_00001032,2025-01-11 07:02:16,cust_8802761,PLWA,business_loan,35752,48,629,medium,rejected,0,mobile_app,false,133
app_20250111_00001033,2025-01-11 20:12:00,cust_3179516,ESMA,personal_loan,29187,12,663,medium,rejected,0,call_center,true,175
app_20250111_00001034,2025-01-11 08:02:07,cust_539864,ATVI,credit_card,49876,36,530,medium,approved,49876,online_banking,true,823
app_20250111_00001035,2025-01-11 11:33:23,cust_4948110,UKLO,refinance,448334,300,825,low,approved,448334,atm,true,420
app_20250111_00001036,2025-01-11 09:54:31,cust_2832364,FRID,auto_loan,10795,60,778,low,rejected,0,online_banking,true,108
app_20250111_00001037,2025-01-11 21:35:44,cust_9076663,AUTR,auto_loan,37212,60,512,medium,approved,37212,partner,false,605
app_20250111_00001038,2025-01-11 01:35:41,cust_6364658,BENL,education_loan,21917,36,405,high,rejected,0,partner,false,101
app_20250111_00001039,2025-01-11 05:49:08,cust_7633986,ITMI,cash_loan,6592,30,565,medium,approved,6592,atm,false,464
app_20250111_00001040,2025-01-11 01:02:49,cust_8805669,SESV,refinance,371418,120,757,low,approved,371418,partner,true,382
app_20250111_00001041,2025-01-11 07:34:17,cust_3822392,GRRE,education_loan,4509,48,655,medium,approved,4509,mobile,false,871
app_20250111_00001042,2025-01-11 02:46:46,cust_7310547,PLWA,education_loan,27268,24,677,medium,approved,27268,mobile,true,866
app_20250111_00001043,2025-01-11 20:55:23,cust_3351208,AUTR,credit_card,34803,48,655,medium,rejected,0,branch,false,119
app_20250111_00001044,2025-01-11 04:37:58,cust_8000227,PORP,personal_loan,4007,18,607,medium,rejected,0,call_center,false,63
app_20250111_00001045,2025-01-11 07:17:19,cust_2038697,ATVI,education_loan,39679,12,818,low,approved,39679,branch,false,569
app_20250111_00001046,2025-01-11 03:07:20,cust_7505757,PORP,personal_loan,15992,18,819,low,approved,15992,web,true,365
app_20250111_00001047,2025-01-11 08:52:51,cust_9497793,AUTR,education_loan,5282,36,651,medium,approved,5282,mobile_app,true,572
app_20250111_00001048,2025-01-11 03:45:58,cust_3323280,GRRE,mortgage,108478,360,610,medium,rejected,0,call_center,true,127
app_20250111_00001049,2025-01-11 02:04:50,cust_4408837,ITMI,refinance,440247,300,653,medium,approved,440247,mobile_app,false,446
app_20250111_00001050,2025-01-11 07:02:32,cust_5341426,ATVI,business_loan,7588,36,645,medium,rejected,0,mobile_app,true,11
app_20250111_00001051,2025-01-11 05:36:30,cust_5771858,NLAM,mortgage,490707,240,641,medium,approved,490707,call_center,true,447
app_20250111_00001052,2025-01-11 04:00:38,cust_7122332,PORP,personal_loan,36769,48,670,medium,approved,36769,call_center,false,131
app_20250111_00001053,2025-01-11 06:26:26,cust_2635441,DEHE,credit_card,29912,36,768,low,approved,29912,online_banking,true,285
app_20250111_00001054,2025-01-11 22:49:51,cust_5833882,DEHE,cash_loan,19227,30,728,low,approved,19227,call_center,false,480
app_20250111_00001055,2025-01-11 12:01:47,cust_3128786,ESMA,auto_loan,45125,24,430,high,rejected,0,atm,true,144
app_20250111_00001056,2025-01-11 23:38:59,cust_9621125,PORP,business_loan,11267,24,667,medium,rejected,0,partner,true,37
app_20250111_00001057,2025-01-11 09:01:30,cust_4713226,ESMA,cash_loan,22429,48,563,medium,approved,22429,branch,false,693
app_20250111_00001058,2025-01-11 05:04:23,cust_8261705,PORP,business_loan,33456,60,681,medium,approved,33456,web,false,309
app_20250111_00001059,2025-01-11 21:53:52,cust_5256258,AUTR,business_loan,25075,24,598,medium,rejected,0,atm,false,136
app_20250111_00001060,2025-01-11 17:17:04,cust_4958483,SESV,auto_loan,46281,36,502,medium,approved,46281,branch,true,587
app_20250111_00001061,2025-01-11 16:57:40,cust_5478223,BENL,education_loan,4316,36,471,high,rejected,0,web,true,147
app_20250111_00001062,2025-01-11 04:52:38,cust_4566998,DEHE,mortgage,140112,360,768,low,approved,140112,mobile_app,true,741
app_20250111_00001063,2025-01-11 01:31:51,cust_6931768,PORP,mortgage,163461,120,480,high,rejected,0,mobile_app,false,130
app_20250111_00001064,2025-01-11 14:44:14,cust_4707190,SESV,education_loan,19719,60,714,low,approved,19719,online_banking,false,494
app_20250111_00001065,2025-01-11 20:13:14,cust_9339690,SESV,education_loan,7531,24,506,medium,rejected,0,online_banking,true,21
app_20250111_00001066,2025-01-11 03:35:44,cust_3063962,FRID,auto_loan,5866,48,484,high,rejected,0,web,true,81
app_20250111_00001067,2025-01-11 23:16:35,cust_5417465,BENL,credit_card,34296,30,580,medium,approved,34296,web,false,421
app_20250111_00001068,2025-01-11 06:22:25,cust_447357,ATVI,education_loan,6080,60,735,low,approved,6080,mobile_app,true,239
app_20250111_00001069,2025-01-11 10:31:08,cust_4513400,CHBE,mortgage,353917,180,845,low,approved,353917,atm,true,427
app_20250111_00001070,2025-01-11 08:31:41,cust_2283984,DEHE,credit_card,41677,18,615,medium,approved,41677,branch,true,678
app_20250111_00001071,2025-01-11 19:21:01,cust_6213509,PORP,refinance,308677,240,701,low,rejected,0,atm,false,97
app_20250111_00001072,2025-01-11 03:54:38,cust_3813395,PLWA,mortgage,261752,300,674,medium,approved,261752,mobile,false,674
app_20250111_00001073,2025-01-11 23:19:39,cust_8557192,DEHE,auto_loan,44698,36,699,medium,rejected,0,partner,false,173
app_20250111_00001074,2025-01-11 04:03:13,cust_4984911,DEHE,refinance,378133,240,770,low,rejected,0,partner,false,180
app_20250111_00001075,2025-01-11 08:36:21,cust_3826693,UKLO,mortgage,424402,180,619,medium,approved,424402,online_banking,false,147
app_20250111_00001076,2025-01-11 00:35:02,cust_8531950,ESMA,auto_loan,22498,72,767,low,approved,22498,call_center,false,244
app_20250111_00001077,2025-01-11 12:48:20,cust_2424244,ESMA,business_loan,22372,60,703,low,approved,22372,partner,true,529
app_20250111_00001078,2025-01-11 17:26:07,cust_7728760,CZPR,education_loan,37470,36,614,medium,rejected,0,call_center,false,16
app_20250111_00001079,2025-01-11 03:27:06,cust_468167,ESMA,education_loan,30502,36,750,low,approved,30502,branch,true,40
app_20250111_00001080,2025-01-11 06:44:04,cust_6466053,ITMI,education_loan,21619,36,554,medium,approved,21619,branch,true,771
app_20250111_00001081,2025-01-11 09:39:13,cust_4569445,BENL,education_loan,11904,60,582,medium,rejected,0,web,false,16
app_20250111_00001082,2025-01-11 14:47:32,cust_988140,UKLO,mortgage,147256,120,675,medium,rejected,0,call_center,false,48
app_20250111_00001083,2025-01-11 02:44:50,cust_7885529,SESV,cash_loan,19880,18,831,low,approved,19880,online_banking,true,742
app_20250111_00001084,2025-01-11 09:45:39,cust_5429422,CHBE,cash_loan,26823,30,629,medium,approved,26823,web,true,83
app_20250111_00001085,2025-01-11 07:31:05,cust_4160686,ITMI,personal_loan,27056,18,733,low,approved,27056,mobile,false,32
app_20250111_00001086,2025-01-11 15:18:08,cust_8465711,ITMI,auto_loan,31121,60,833,low,rejected,0,web,true,5
app_20250111_00001087,2025-01-11 22:10:56,cust_2467871,FRID,mortgage,467310,300,630,medium,approved,467310,web,true,512
app_20250111_00001088,2025-01-11 02:54:56,cust_2521555,AUTR,cash_loan,13725,24,649,medium,rejected,0,atm,true,7
app_20250111_00001089,2025-01-11 22:12:49,cust_5429611,GRRE,refinance,365608,360,546,medium,rejected,0,branch,true,143
app_20250111_00001090,2025-01-11 08:17:15,cust_4125395,GRRE,mortgage,273543,180,592,medium,approved,273543,mobile_app,false,54
app_20250111_00001091,2025-01-11 19:43:25,cust_7653094,PORP,personal_loan,21274,18,616,medium,approved,21274,call_center,true,774
app_20250111_00001092,2025-01-11 19:00:58,cust_6433344,CZPR,personal_loan,31256,12,684,medium,rejected,0,mobile,true,143
app_20250111_00001093,2025-01-11 18:36:35,cust_432662,SESV,business_loan,16795,60,631,medium,approved,16795,branch,true,762
app_20250111_00001094,2025-01-11 18:59:51,cust_1558564,DEHE,credit_card,15052,36,623,medium,rejected,0,mobile_app,true,64
app_20250111_00001095,2025-01-11 07:35:11,cust_1503583,PLWA,mortgage,111653,180,762,low,approved,111653,atm,true,590
app_20250111_00001096,2025-01-11 06:26:50,cust_3004684,UKLO,credit_card,17372,12,635,medium,rejected,0,atm,true,174
app_20250111_00001097,2025-01-11 04:53:31,cust_1033125,BENL,business_loan,32917,24,575,medium,rejected,0,atm,false,94
app_20250111_00001098,2025-01-11 01:57:19,cust_3267853,ESMA,business_loan,8714,36,836,low,approved,8714,mobile_app,true,167
app_20250111_00001099,2025-01-11 15:59:14,cust_3027329,AUTR,auto_loan,34307,24,650,medium,approved,34307,partner,false,211
app_20250111_00001100,2025-01-11 05:18:13,cust_9859977,CHBE,credit_card,29185,18,476,high,rejected,0,online_banking,false,107
app_20250111_00001101,2025-01-11 08:01:42,cust_5919576,AUTR,auto_loan,27285,72,559,medium,rejected,0,web,false,146
app_20250111_00001102,2025-01-11 15:57:48,cust_9075558,ITMI,refinance,191261,180,707,low,approved,191261,web,true,833
app_20250111_00001103,2025-01-11 04:23:59,cust_257204,SESV,cash_loan,24759,24,764,low,approved,24759,mobile_app,true,427
app_20250111_00001104,2025-01-11 12:10:26,cust_5704563,PORP,auto_loan,30399,24,593,medium,approved,30399,web,true,262
app_20250111_00001105,2025-01-11 17:36:31,cust_1357036,CHBE,personal_loan,12732,42,706,low,approved,12732,mobile,false,553
app_20250111_00001106,2025-01-11 02:56:01,cust_9514472,ESMA,refinance,399723,240,650,medium,approved,399723,mobile,true,166
app_20250111_00001107,2025-01-11 10:06:58,cust_4309445,ITMI,credit_card,47705,42,494,high,rejected,0,mobile_app,true,82
app_20250111_00001108,2025-01-11 12:11:30,cust_4341559,ITMI,credit_card,18914,42,708,low,approved,18914,mobile,false,409
app_20250111_00001109,2025-01-11 04:34:17,cust_7683550,ATVI,education_loan,11039,48,699,medium,approved,11039,atm,true,881
app_20250111_00001110,2025-01-11 12:21:44,cust_110615,NLAM,credit_card,18608,42,594,medium,rejected,0,atm,true,113
app_20250111_00001111,2025-01-11 06:49:41,cust_7946995,DEHE,refinance,150702,240,559,medium,rejected,0,atm,true,48
app_20250111_00001112,2025-01-11 17:53:52,cust_7045490,NLAM,mortgage,272246,240,779,low,approved,272246,online_banking,false,609
app_20250111_00001113,2025-01-11 16:27:31,cust_8629023,ITMI,personal_loan,3673,12,457,high,rejected,0,atm,true,47
app_20250111_00001114,2025-01-11 14:22:16,cust_3118855,PORP,personal_loan,33220,36,628,medium,approved,33220,call_center,true,731
app_20250111_00001115,2025-01-11 02:47:26,cust_5906399,DEHE,personal_loan,29341,18,850,low,approved,29341,online_banking,false,488
app_20250111_00001116,2025-01-11 04:30:43,cust_1844421,PORP,auto_loan,6664,72,615,medium,approved,6664,mobile_app,false,276
app_20250111_00001117,2025-01-11 15:15:46,cust_3283776,DEHE,refinance,193613,300,625,medium,approved,193613,online_banking,true,195
app_20250111_00001118,2025-01-11 16:18:04,cust_1214655,FRID,refinance,123942,300,795,low,approved,123942,branch,true,31
app_20250111_00001119,2025-01-11 03:21:57,cust_4384239,FRID,personal_loan,26876,18,642,medium,rejected,0,call_center,false,100
app_20250111_00001120,2025-01-11 15:53:25,cust_5305058,GRRE,personal_loan,26791,12,703,low,approved,26791,web,false,427
app_20250111_00001121,2025-01-11 22:53:55,cust_7701769,ESMA,business_loan,33935,36,716,low,approved,33935,call_center,true,314
app_20250111_00001122,2025-01-11 18:48:37,cust_883423,SESV,cash_loan,14453,30,700,low,approved,14453,online_banking,true,667
app_20250111_00001123,2025-01-11 20:10:27,cust_2729117,FRID,credit_card,15352,36,714,low,approved,15352,partner,true,32
app_20250111_00001124,2025-01-11 02:13:41,cust_3737765,DEHE,business_loan,20383,48,495,high,rejected,0,branch,false,159
app_20250111_00001125,2025-01-11 03:34:23,cust_2575129,SESV,credit_card,24501,30,638,medium,rejected,0,online_banking,false,77
app_20250111_00001126,2025-01-11 11:16:28,cust_5602487,DEHE,business_loan,29869,36,536,medium,rejected,0,call_center,false,136
app_20250111_00001127,2025-01-11 10:03:43,cust_5926636,SESV,mortgage,334884,240,515,medium,rejected,0,online_banking,true,49
app_20250111_00001128,2025-01-11 10:18:45,cust_2282132,ESMA,refinance,295919,180,593,medium,rejected,0,branch,true,20
app_20250111_00001129,2025-01-11 06:06:01,cust_7154838,SESV,business_loan,33539,12,702,low,approved,33539,partner,false,429
app_20250111_00001130,2025-01-11 08:55:34,cust_8784284,UKLO,cash_loan,1843,48,835,low,approved,1843,atm,false,702
app_20250111_00001131,2025-01-11 21:15:49,cust_1619081,AUTR,credit_card,15155,24,826,low,approved,15155,mobile_app,false,93
app_20250111_00001132,2025-01-11 10:27:10,cust_5277353,BENL,refinance,203697,120,672,medium,approved,203697,online_banking,true,168
app_20250111_00001133,2025-01-11 07:57:01,cust_9057129,ESMA,mortgage,119599,120,502,medium,approved,119599,branch,false,329
app_20250111_00001134,2025-01-11 19:27:46,cust_3824123,NLAM,education_loan,27054,36,654,medium,rejected,0,atm,true,9
app_20250111_00001135,2025-01-11 22:02:38,cust_6215557,PORP,education_loan,5014,24,592,medium,rejected,0,mobile_app,true,127
app_20250111_00001136,2025-01-11 01:14:12,cust_5742903,CZPR,cash_loan,15015,36,756,low,approved,15015,online_banking,false,125
app_20250111_00001137,2025-01-11 17:37:13,cust_2436096,BENL,credit_card,40348,18,733,low,approved,40348,online_banking,false,222
app_20250111_00001138,2025-01-11 12:26:12,cust_5787860,CHBE,business_loan,6145,60,638,medium,rejected,0,mobile,false,108
app_20250111_00001139,2025-01-11 11:23:29,cust_9717527,CZPR,cash_loan,18903,36,683,medium,approved,18903,mobile_app,false,383
app_20250111_00001140,2025-01-11 15:35:32,cust_1892597,ESMA,cash_loan,2734,18,616,medium,rejected,0,branch,true,175
app_20250111_00001141,2025-01-11 11:25:30,cust_3086761,PLWA,auto_loan,53935,36,502,medium,approved,53935,online_banking,false,92
app_20250111_00001142,2025-01-11 06:33:31,cust_3229975,GRRE,refinance,348763,300,751,low,approved,348763,mobile,true,824
app_20250111_00001143,2025-01-11 07:58:51,cust_8370441,SESV,mortgage,115230,120,731,low,approved,115230,call_center,true,592
app_20250111_00001144,2025-01-11 03:28:26,cust_2640447,CHBE,personal_loan,16565,30,584,medium,rejected,0,call_center,true,134
app_20250111_00001145,2025-01-11 01:31:47,cust_7305193,PLWA,mortgage,416727,240,793,low,approved,416727,online_banking,true,826
app_20250111_00001146,2025-01-11 12:07:45,cust_9286685,NLAM,credit_card,24561,36,759,low,approved,24561,branch,false,743
app_20250111_00001147,2025-01-11 09:09:05,cust_3595119,NLAM,auto_loan,38117,36,742,low,approved,38117,mobile_app,false,61
app_20250111_00001148,2025-01-11 07:41:38,cust_7944378,FRID,mortgage,81691,360,669,medium,approved,81691,partner,true,244
app_20250111_00001149,2025-01-11 18:42:27,cust_3584561,ATVI,education_loan,27203,12,642,medium,approved,27203,branch,false,332
app_20250111_00001150,2025-01-11 03:37:35,cust_5939127,NLAM,cash_loan,15376,30,679,medium,rejected,0,branch,true,128
app_20250111_00001151,2025-01-11 22:49:08,cust_9828458,SESV,education_loan,3266,48,633,medium,rejected,0,branch,false,106
app_20250111_00001152,2025-01-11 04:37:12,cust_8389146,GRRE,refinance,262908,180,620,medium,approved,262908,branch,true,702
app_20250111_00001153,2025-01-11 21:47:37,cust_5888868,ESMA,mortgage,393775,120,722,low,approved,393775,mobile_app,true,118
app_20250111_00001154,2025-01-11 20:52:42,cust_4733150,NLAM,credit_card,16367,42,546,medium,rejected,0,call_center,false,117
app_20250111_00001155,2025-01-11 15:54:51,cust_5349517,CZPR,mortgage,481688,240,622,medium,rejected,0,partner,false,134
app_20250111_00001156,2025-01-11 10:53:54,cust_8565185,AUTR,education_loan,17438,60,685,medium,approved,17438,mobile,false,507
app_20250111_00001157,2025-01-11 06:22:16,cust_8004919,PORP,business_loan,16362,24,742,low,approved,16362,branch,true,788
app_20250111_00001158,2025-01-11 10:05:40,cust_5072715,NLAM,personal_loan,23913,30,569,medium,approved,23913,partner,false,820
app_20250111_00001159,2025-01-11 07:54:16,cust_8036580,GRRE,education_loan,9238,36,579,medium,approved,9238,mobile_app,true,888
app_20250111_00001160,2025-01-11 23:58:27,cust_2357224,CZPR,personal_loan,7213,24,499,high,rejected,0,mobile_app,true,133
app_20250111_00001161,2025-01-11 13:53:41,cust_3559404,SESV,refinance,170058,120,555,medium,approved,170058,mobile,true,683
app_20250111_00001162,2025-01-11 03:32:14,cust_9486498,ATVI,auto_loan,14434,24,556,medium,approved,14434,partner,false,317
app_20250111_00001163,2025-01-11 14:04:00,cust_5001844,UKLO,cash_loan,32131,36,587,medium,approved,32131,online_banking,false,491
app_20250111_00001164,2025-01-11 19:10:00,cust_9685676,PORP,business_loan,28438,24,677,medium,rejected,0,atm,true,74
app_20250111_00001165,2025-01-11 08:23:00,cust_9509279,ATVI,personal_loan,11164,36,445,high,rejected,0,branch,false,84
app_20250111_00001166,2025-01-11 05:12:30,cust_1555694,GRRE,auto_loan,23084,36,583,medium,approved,23084,online_banking,false,681
app_20250111_00001167,2025-01-11 14:44:53,cust_7240477,AUTR,business_loan,35169,48,521,medium,approved,35169,partner,true,420
app_20250111_00001168,2025-01-11 17:08:58,cust_7183654,PLWA,mortgage,202469,240,733,low,approved,202469,partner,false,660
app_20250111_00001169,2025-01-11 19:51:02,cust_1300083,ESMA,mortgage,445997,120,783,low,approved,445997,call_center,false,872
app_20250111_00001170,2025-01-11 10:33:32,cust_1731449,CHBE,refinance,302117,120,850,low,approved,302117,web,true,443
app_20250111_00001171,2025-01-11 11:19:29,cust_3405345,CZPR,education_loan,37070,12,641,medium,rejected,0,web,true,74
app_20250111_00001172,2025-01-11 04:57:45,cust_844946,AUTR,education_loan,10811,36,576,medium,rejected,0,mobile_app,true,48
app_20250111_00001173,2025-01-11 02:58:03,cust_3565605,BENL,cash_loan,39914,36,650,medium,approved,39914,call_center,false,494
app_20250111_00001174,2025-01-11 01:46:39,cust_8234583,BENL,business_loan,9776,48,730,low,rejected,0,web,false,10
app_20250111_00001175,2025-01-11 23:00:34,cust_2943009,UKLO,cash_loan,11515,36,592,medium,approved,11515,mobile,true,463
app_20250111_00001176,2025-01-11 06:03:46,cust_3947887,SESV,cash_loan,47193,24,567,medium,approved,47193,web,false,151
app_20250111_00001177,2025-01-11 18:55:36,cust_5017259,GRRE,personal_loan,13937,18,590,medium,rejected,0,web,false,106
app_20250111_00001178,2025-01-11 10:52:47,cust_2508309,ITMI,cash_loan,44349,12,367,high,rejected,0,mobile_app,true,23
app_20250111_00001179,2025-01-11 18:34:45,cust_936958,ITMI,education_loan,9023,24,326,high,rejected,0,atm,false,25
app_20250111_00001180,2025-01-11 02:53:43,cust_9983889,BENL,mortgage,151970,120,669,medium,rejected,0,partner,false,121
app_20250111_00001181,2025-01-11 13:16:18,cust_3867312,FRID,auto_loan,32011,36,500,medium,rejected,0,partner,false,42
app_20250111_00001182,2025-01-11 10:26:21,cust_4560082,UKLO,cash_loan,25864,42,644,medium,approved,25864,atm,false,863
app_20250111_00001183,2025-01-11 12:48:16,cust_5875745,PORP,cash_loan,38346,12,850,low,approved,38346,atm,true,173
app_20250111_00001184,2025-01-11 22:05:21,cust_8910082,AUTR,business_loan,25380,60,819,low,approved,25380,partner,true,576
app_20250111_00001185,2025-01-11 06:27:04,cust_6794959,FRID,auto_loan,46772,60,821,low,approved,46772,web,true,476
app_20250111_00001186,2025-01-11 03:05:41,cust_5844366,ATVI,auto_loan,31610,24,769,low,approved,31610,partner,true,795
app_20250111_00001187,2025-01-11 20:54:14,cust_6623388,UKLO,education_loan,16854,60,617,medium,rejected,0,atm,false,177
app_20250111_00001188,2025-01-11 19:13:21,cust_8760955,PLWA,cash_loan,2232,30,567,medium,rejected,0,online_banking,true,9
app_20250111_00001189,2025-01-11 07:30:08,cust_6513954,AUTR,credit_card,28650,48,500,medium,rejected,0,web,false,105
app_20250111_00001190,2025-01-11 20:33:42,cust_9589469,PORP,mortgage,51139,120,648,medium,approved,51139,mobile_app,true,802
app_20250111_00001191,2025-01-11 03:31:33,cust_4145212,CHBE,cash_loan,9577,36,658,medium,approved,9577,partner,false,219
app_20250111_00001192,2025-01-11 08:42:31,cust_3097017,ATVI,auto_loan,35747,24,568,medium,approved,35747,mobile_app,false,165
app_20250111_00001193,2025-01-11 21:59:23,cust_7720729,PORP,credit_card,9329,24,762,low,approved,9329,mobile_app,true,128
app_20250111_00001194,2025-01-11 09:46:59,cust_8930314,AUTR,personal_loan,5012,12,652,medium,approved,5012,branch,true,226
app_20250111_00001195,2025-01-11 20:20:10,cust_6759847,CZPR,refinance,424188,120,643,medium,approved,424188,call_center,true,231
app_20250111_00001196,2025-01-11 10:20:11,cust_6135803,NLAM,education_loan,15398,12,719,low,approved,15398,call_center,false,584
app_20250111_00001197,2025-01-11 02:31:36,cust_4688226,CZPR,refinance,74259,180,493,high,rejected,0,call_center,false,83
app_20250111_00001198,2025-01-11 20:40:39,cust_339261,CZPR,personal_loan,42795,36,697,medium,approved,42795,partner,true,714
app_20250111_00001199,2025-01-11 03:56:10,cust_9238203,GRRE,mortgage,297127,180,730,low,approved,297127,online_banking,true,631
app_20250111_00001200,2025-01-11 14:57:47,cust_2418047,ESMA,education_loan,12610,12,742,low,approved,12610,call_center,true,260
app_20250111_00001201,2025-01-11 23:40:32,cust_7504665,AUTR,education_loan,17523,36,680,medium,rejected,0,mobile_app,false,162
app_20250111_00001202,2025-01-11 02:32:02,cust_5216608,CZPR,refinance,496203,180,816,low,approved,496203,mobile_app,true,130
app_20250111_00001203,2025-01-11 05:24:31,cust_5360722,PLWA,education_loan,14799,24,435,high,rejected,0,mobile,true,59
app_20250111_00001204,2025-01-11 23:54:25,cust_9726174,AUTR,refinance,271277,360,631,medium,approved,271277,mobile_app,false,617
app_20250111_00001205,2025-01-11 21:09:01,cust_4817665,AUTR,refinance,251709,120,708,low,approved,251709,atm,false,780
app_20250111_00001206,2025-01-11 22:03:47,cust_333506,AUTR,business_loan,32790,12,850,low,approved,32790,atm,true,301
app_20250111_00001207,2025-01-11 20:20:50,cust_8935989,ESMA,business_loan,15982,48,458,high,rejected,0,partner,false,84
app_20250111_00001208,2025-01-11 10:11:36,cust_7332012,ATVI,auto_loan,30033,24,673,medium,rejected,0,branch,true,141
app_20250111_00001209,2025-01-11 20:04:26,cust_1466623,DEHE,auto_loan,24733,36,621,medium,approved,24733,atm,true,287
app_20250111_00001210,2025-01-11 11:19:10,cust_4343133,ATVI,refinance,220121,360,563,medium,approved,220121,atm,false,461
app_20250111_00001211,2025-01-11 23:10:34,cust_1807309,UKLO,credit_card,20648,42,782,low,approved,20648,mobile,false,742
app_20250111_00001212,2025-01-11 08:52:31,cust_1903044,PORP,auto_loan,14409,48,627,medium,approved,14409,web,false,511
app_20250111_00001213,2025-01-11 17:44:37,cust_244094,ITMI,business_loan,31873,48,662,medium,approved,31873,mobile_app,true,807
app_20250111_00001214,2025-01-11 14:31:05,cust_2532968,NLAM,education_loan,30756,12,539,medium,approved,30756,partner,false,788
app_20250111_00001215,2025-01-11 07:49:00,cust_8787488,PLWA,auto_loan,50599,48,693,medium,approved,50599,branch,false,425
app_20250111_00001216,2025-01-11 19:39:56,cust_1938454,GRRE,mortgage,71991,180,661,medium,approved,71991,partner,false,451
app_20250111_00001217,2025-01-11 02:13:04,cust_4082263,PLWA,mortgage,241488,180,676,medium,approved,241488,partner,true,656
app_20250111_00001218,2025-01-11 21:06:10,cust_4683924,UKLO,mortgage,94306,180,548,medium,rejected,0,atm,true,37
app_20250111_00001219,2025-01-11 04:52:50,cust_7045510,DEHE,business_loan,16936,12,511,medium,approved,16936,mobile_app,true,73
app_20250111_00001220,2025-01-11 08:59:11,cust_7987611,ATVI,business_loan,30870,48,642,medium,approved,30870,online_banking,false,478
app_20250111_00001221,2025-01-11 21:37:39,cust_9197181,SESV,credit_card,38665,48,571,medium,rejected,0,atm,false,105
app_20250111_00001222,2025-01-11 21:32:39,cust_7131036,DEHE,education_loan,38390,24,607,medium,rejected,0,mobile,true,109
app_20250111_00001223,2025-01-11 21:54:14,cust_8837335,ATVI,refinance,58419,360,730,low,approved,58419,call_center,false,511
app_20250111_00001224,2025-01-11 02:07:56,cust_5056693,FRID,education_loan,39940,60,812,low,approved,39940,branch,true,516
app_20250111_00001225,2025-01-11 02:16:07,cust_1408531,AUTR,credit_card,42836,48,702,low,approved,42836,online_banking,false,591
app_20250111_00001226,2025-01-11 10:58:37,cust_8694739,ATVI,personal_loan,6186,24,491,high,rejected,0,call_center,false,131
app_20250111_00001227,2025-01-11 16:03:47,cust_322500,GRRE,personal_loan,36402,36,545,medium,approved,36402,mobile,false,357
app_20250111_00001228,2025-01-11 04:14:58,cust_185216,GRRE,education_loan,30752,24,711,low,approved,30752,atm,true,591
app_20250111_00001229,2025-01-11 02:39:07,cust_2909506,CHBE,personal_loan,11245,12,603,medium,approved,11245,call_center,true,838
app_20250111_00001230,2025-01-11 09:30:35,cust_1093023,CHBE,refinance,200114,120,634,medium,approved,200114,atm,false,525
app_20250111_00001231,2025-01-11 11:18:57,cust_6131751,UKLO,auto_loan,10692,72,703,low,approved,10692,atm,true,892
app_20250111_00001232,2025-01-11 15:19:53,cust_9964234,DEHE,cash_loan,37516,42,528,medium,rejected,0,branch,false,19
app_20250111_00001233,2025-01-11 16:55:09,cust_9582620,ESMA,education_loan,32710,24,744,low,rejected,0,partner,false,108
app_20250111_00001234,2025-01-11 11:57:47,cust_9593439,CZPR,cash_loan,27268,36,671,medium,approved,27268,mobile,true,276
app_20250111_00001235,2025-01-11 00:55:04,cust_6303028,UKLO,auto_loan,10893,60,763,low,approved,10893,web,true,678
app_20250111_00001236,2025-01-11 22:55:03,cust_2548980,CZPR,personal_loan,4707,24,815,low,approved,4707,mobile,true,134
app_20250111_00001237,2025-01-11 00:04:42,cust_9799653,PORP,business_loan,30954,48,653,medium,approved,30954,call_center,true,46
app_20250111_00001238,2025-01-11 02:00:30,cust_7966703,ITMI,credit_card,40815,24,691,medium,approved,40815,partner,true,661
app_20250111_00001239,2025-01-11 15:40:08,cust_7179568,BENL,business_loan,25227,60,765,low,rejected,0,branch,true,143
app_20250111_00001240,2025-01-11 20:58:02,cust_3384173,FRID,personal_loan,18907,18,710,low,approved,18907,atm,false,362
app_20250111_00001241,2025-01-11 10:46:49,cust_4412561,ATVI,business_loan,31047,60,838,low,approved,31047,mobile_app,false,80
app_20250111_00001242,2025-01-11 02:57:22,cust_6886835,CHBE,credit_card,4247,36,742,low,approved,4247,online_banking,false,639
app_20250111_00001243,2025-01-11 11:41:57,cust_4076237,ESMA,credit_card,44990,12,673,medium,approved,44990,partner,false,419
app_20250111_00001244,2025-01-11 20:06:14,cust_3065459,ITMI,refinance,317541,360,523,medium,rejected,0,call_center,true,80
app_20250111_00001245,2025-01-11 14:08:49,cust_7946786,FRID,refinance,310677,300,509,medium,rejected,0,mobile,false,13
app_20250111_00001246,2025-01-11 14:12:00,cust_6572596,ESMA,personal_loan,39147,30,588,medium,approved,39147,call_center,false,172
app_20250111_00001247,2025-01-11 14:54:11,cust_5402184,UKLO,mortgage,390284,300,541,medium,rejected,0,partner,true,134
app_20250111_00001248,2025-01-11 12:25:31,cust_6422178,ATVI,auto_loan,8150,24,518,medium,approved,8150,branch,true,528
app_20250111_00001249,2025-01-11 04:39:13,cust_727312,UKLO,mortgage,454039,360,631,medium,approved,454039,mobile_app,false,205
app_20250111_00001250,2025-01-11 21:22:44,cust_157864,FRID,auto_loan,27841,72,557,medium,rejected,0,mobile,true,54
app_20250111_00001251,2025-01-11 11:33:27,cust_7963815,GRRE,mortgage,422630,360,405,high,rejected,0,mobile,false,63
app_20250111_00001252,2025-01-11 12:37:04,cust_2210920,PLWA,auto_loan,47254,48,754,low,approved,47254,web,true,585
app_20250111_00001253,2025-01-11 18:10:17,cust_1893519,PORP,business_loan,20134,48,473,high,rejected,0,partner,true,54
app_20250111_00001254,2025-01-11 23:43:37,cust_2468488,NLAM,personal_loan,15288,48,556,medium,rejected,0,branch,true,70
app_20250111_00001255,2025-01-11 01:10:28,cust_1036978,BENL,personal_loan,13405,18,850,low,approved,13405,partner,false,127
app_20250111_00001256,2025-01-11 04:05:04,cust_5199944,CZPR,auto_loan,34826,48,528,medium,rejected,0,online_banking,true,64
app_20250111_00001257,2025-01-11 20:52:24,cust_8736202,BENL,cash_loan,15227,30,588,medium,rejected,0,mobile_app,true,78
app_20250111_00001258,2025-01-11 03:03:27,cust_2754723,UKLO,education_loan,25018,12,692,medium,approved,25018,mobile_app,false,203
app_20250111_00001259,2025-01-11 10:11:04,cust_5722348,DEHE,personal_loan,34086,48,649,medium,rejected,0,mobile_app,true,141
app_20250111_00001260,2025-01-11 14:21:45,cust_4172147,CZPR,business_loan,38944,36,691,medium,approved,38944,atm,false,470
app_20250111_00001261,2025-01-11 23:52:12,cust_3752200,BENL,business_loan,28945,24,850,low,approved,28945,web,true,100
app_20250111_00001262,2025-01-11 20:09:35,cust_2948564,ESMA,refinance,265694,180,604,medium,approved,265694,partner,true,228
app_20250111_00001263,2025-01-11 21:37:10,cust_6367928,NLAM,auto_loan,42295,72,611,medium,approved,42295,branch,false,357
app_20250111_00001264,2025-01-11 04:44:12,cust_3910667,UKLO,personal_loan,35355,24,560,medium,approved,35355,branch,false,707
app_20250111_00001265,2025-01-11 09:20:12,cust_3143835,CHBE,cash_loan,45758,48,623,medium,rejected,0,call_center,false,22
app_20250111_00001266,2025-01-11 20:36:34,cust_7085337,AUTR,auto_loan,50074,36,850,low,approved,50074,mobile,false,794
app_20250111_00001267,2025-01-11 12:55:54,cust_9451469,ATVI,credit_card,2478,18,530,medium,rejected,0,atm,false,20
app_20250111_00001268,2025-01-11 04:18:02,cust_9197063,UKLO,cash_loan,7896,18,717,low,approved,7896,online_banking,false,279
app_20250111_00001269,2025-01-11 09:17:14,cust_1004114,UKLO,refinance,152642,180,671,medium,approved,152642,branch,true,245
app_20250111_00001270,2025-01-11 17:42:52,cust_8104551,SESV,credit_card,41513,18,688,medium,rejected,0,mobile,false,89
app_20250111_00001271,2025-01-11 09:32:23,cust_319821,PORP,refinance,133231,180,577,medium,rejected,0,branch,false,105
app_20250111_00001272,2025-01-11 11:02:08,cust_6244339,CHBE,education_loan,32931,36,624,medium,approved,32931,mobile_app,true,347
app_20250111_00001273,2025-01-11 00:56:00,cust_6810011,ITMI,mortgage,418458,360,575,medium,rejected,0,branch,false,175
app_20250111_00001274,2025-01-11 13:39:56,cust_1083391,BENL,auto_loan,54033,36,632,medium,approved,54033,call_center,true,86
app_20250111_00001275,2025-01-11 17:58:09,cust_5938313,NLAM,personal_loan,46486,36,725,low,approved,46486,branch,true,245
app_20250111_00001276,2025-01-11 10:49:46,cust_4693700,ITMI,business_loan,10809,12,713,low,approved,10809,mobile_app,true,52
app_20250111_00001277,2025-01-11 21:25:17,cust_643296,FRID,refinance,399171,120,542,medium,rejected,0,call_center,true,164
app_20250111_00001278,2025-01-11 22:20:37,cust_3350045,DEHE,auto_loan,27333,72,686,medium,approved,27333,branch,true,64
app_20250111_00001279,2025-01-11 13:07:53,cust_1641657,CZPR,credit_card,16746,18,521,medium,approved,16746,call_center,false,890
app_20250111_00001280,2025-01-11 14:12:16,cust_7709188,ITMI,mortgage,199252,120,524,medium,rejected,0,mobile_app,true,173
app_20250111_00001281,2025-01-11 21:40:58,cust_7434494,BENL,mortgage,143737,360,627,medium,rejected,0,web,false,20
app_20250111_00001282,2025-01-11 15:25:01,cust_1561375,DEHE,mortgage,292066,240,591,medium,approved,292066,atm,true,239
app_20250111_00001283,2025-01-11 11:39:19,cust_8678897,CZPR,mortgage,101225,360,738,low,approved,101225,mobile,false,736
app_20250111_00001284,2025-01-11 19:03:28,cust_5761223,ESMA,business_loan,22518,12,660,medium,approved,22518,branch,false,181
app_20250111_00001285,2025-01-11 01:24:49,cust_7513368,ATVI,education_loan,11817,24,640,medium,approved,11817,branch,true,822
app_20250111_00001286,2025-01-11 23:44:33,cust_6595057,DEHE,education_loan,26149,24,569,medium,approved,26149,web,false,457
app_20250111_00001287,2025-01-11 07:15:33,cust_8663670,AUTR,mortgage,169633,300,604,medium,approved,169633,branch,true,545
app_20250111_00001288,2025-01-11 11:50:43,cust_393607,AUTR,credit_card,14743,36,498,high,rejected,0,call_center,true,5
app_20250111_00001289,2025-01-11 11:22:44,cust_2009489,UKLO,mortgage,394419,120,666,medium,approved,394419,atm,false,292
app_20250111_00001290,2025-01-11 13:57:39,cust_6298350,CZPR,personal_loan,42178,18,818,low,approved,42178,branch,true,474
app_20250111_00001291,2025-01-11 01:29:58,cust_2662204,BENL,auto_loan,26157,24,734,low,approved,26157,call_center,true,781
app_20250111_00001292,2025-01-11 19:06:12,cust_7504517,CHBE,refinance,265623,300,762,low,approved,265623,branch,false,767
app_20250111_00001293,2025-01-11 03:34:43,cust_9236856,NLAM,business_loan,24790,24,640,medium,rejected,0,web,false,64
app_20250111_00001294,2025-01-11 01:12:03,cust_7846093,SESV,cash_loan,18593,48,812,low,approved,18593,partner,false,723
app_20250111_00001295,2025-01-11 20:30:11,cust_1766630,PLWA,refinance,339314,240,657,medium,rejected,0,mobile,false,59
app_20250111_00001296,2025-01-11 00:25:19,cust_2800962,UKLO,credit_card,9010,48,652,medium,approved,9010,mobile,true,718
app_20250111_00001297,2025-01-11 18:08:36,cust_8662478,ATVI,auto_loan,47736,60,572,medium,approved,47736,call_center,false,851
app_20250111_00001298,2025-01-11 02:36:58,cust_1829101,BENL,cash_loan,27756,24,593,medium,rejected,0,mobile_app,false,75
app_20250111_00001299,2025-01-11 00:12:28,cust_5706130,ESMA,mortgage,66620,300,720,low,approved,66620,mobile,false,495
app_20250111_00001300,2025-01-11 01:03:15,cust_5291074,SESV,auto_loan,31763,48,456,high,rejected,0,call_center,false,15
app_20250111_00001301,2025-01-11 12:24:47,cust_6222354,GRRE,auto_loan,23299,24,664,medium,approved,23299,partner,false,368
app_20250111_00001302,2025-01-11 03:54:06,cust_5040570,BENL,credit_card,45848,30,651,medium,approved,45848,atm,true,741
app_20250111_00001303,2025-01-11 00:03:46,cust_4262076,PLWA,credit_card,24396,18,583,medium,rejected,0,partner,true,104
app_20250111_00001304,2025-01-11 10:29:43,cust_3524380,UKLO,credit_card,34726,24,833,low,approved,34726,mobile_app,false,623
app_20250111_00001305,2025-01-11 05:37:28,cust_2090854,GRRE,personal_loan,11751,48,720,low,approved,11751,call_center,false,41
app_20250111_00001306,2025-01-11 09:54:32,cust_162893,UKLO,education_loan,39364,60,550,medium,rejected,0,atm,true,72
app_20250111_00001307,2025-01-11 09:18:11,cust_2527479,FRID,auto_loan,51173,24,634,medium,approved,51173,online_banking,true,708
app_20250111_00001308,2025-01-11 02:25:14,cust_4949932,ATVI,mortgage,120749,360,712,low,approved,120749,partner,false,751
app_20250111_00001309,2025-01-11 21:51:15,cust_3385588,UKLO,personal_loan,32701,42,687,medium,rejected,0,partner,false,102
app_20250111_00001310,2025-01-11 09:17:50,cust_8833222,ITMI,cash_loan,20894,30,732,low,approved,20894,online_banking,false,478
app_20250111_00001311,2025-01-11 16:38:29,cust_1927374,CHBE,business_loan,34139,12,618,medium,approved,34139,mobile_app,true,490
app_20250111_00001312,2025-01-11 16:16:04,cust_9757794,UKLO,refinance,341654,300,655,medium,approved,341654,web,true,339
app_20250111_00001313,2025-01-11 17:53:40,cust_6170741,AUTR,auto_loan,17291,72,515,medium,approved,17291,online_banking,false,874
app_20250111_00001314,2025-01-11 12:28:23,cust_4762339,SESV,auto_loan,43941,72,605,medium,rejected,0,call_center,false,127
app_20250111_00001315,2025-01-11 13:42:30,cust_7115517,CHBE,personal_loan,31271,48,472,high,rejected,0,mobile_app,false,40
app_20250111_00001316,2025-01-11 23:20:39,cust_7985201,BENL,auto_loan,19394,72,787,low,approved,19394,web,false,744
app_20250111_00001317,2025-01-11 18:35:05,cust_3869154,CHBE,credit_card,38737,18,391,high,rejected,0,atm,true,153
app_20250111_00001318,2025-01-11 00:43:57,cust_5636283,AUTR,refinance,74471,360,850,low,approved,74471,web,false,267
app_20250111_00001319,2025-01-11 08:31:00,cust_2581200,BENL,business_loan,32848,12,621,medium,approved,32848,call_center,false,480
app_20250111_00001320,2025-01-11 14:10:33,cust_3801925,UKLO,cash_loan,34960,12,419,high,rejected,0,mobile,true,40
app_20250111_00001321,2025-01-11 13:02:07,cust_4247787,SESV,refinance,367267,300,620,medium,approved,367267,online_banking,false,307
app_20250111_00001322,2025-01-11 04:09:02,cust_7078128,UKLO,mortgage,287189,180,621,medium,approved,287189,mobile,false,836
app_20250111_00001323,2025-01-11 19:14:13,cust_9667091,ATVI,mortgage,94067,300,705,low,approved,94067,branch,false,837
app_20250111_00001324,2025-01-11 11:01:05,cust_6869289,ATVI,mortgage,67164,300,672,medium,approved,67164,call_center,true,409
app_20250111_00001325,2025-01-11 06:52:28,cust_8363783,AUTR,refinance,464501,360,489,high,approved,464501,branch,true,414
app_20250111_00001326,2025-01-11 18:09:50,cust_6016364,SESV,credit_card,49115,30,684,medium,rejected,0,atm,false,122
app_20250111_00001327,2025-01-11 04:14:27,cust_8432868,NLAM,cash_loan,2333,18,534,medium,rejected,0,branch,true,117
app_20250111_00001328,2025-01-11 09:26:36,cust_7684022,DEHE,auto_loan,20658,36,731,low,approved,20658,partner,true,372
app_20250111_00001329,2025-01-11 16:26:17,cust_9483002,DEHE,cash_loan,38648,12,746,low,approved,38648,mobile_app,false,841
app_20250111_00001330,2025-01-11 00:33:42,cust_3150782,UKLO,credit_card,48799,30,616,medium,approved,48799,mobile,false,119
app_20250111_00001331,2025-01-11 22:27:34,cust_9617222,CHBE,refinance,184445,120,740,low,approved,184445,branch,true,509
app_20250111_00001332,2025-01-11 12:50:21,cust_7753125,ESMA,refinance,484168,300,621,medium,rejected,0,mobile,false,155
app_20250111_00001333,2025-01-11 11:45:48,cust_7182200,AUTR,credit_card,6084,12,681,medium,approved,6084,web,true,379
app_20250111_00001334,2025-01-11 06:06:37,cust_6865154,PLWA,refinance,375594,240,599,medium,rejected,0,branch,true,40
app_20250111_00001335,2025-01-11 17:32:13,cust_6882570,CZPR,credit_card,35689,12,769,low,approved,35689,online_banking,true,833
app_20250111_00001336,2025-01-11 13:11:43,cust_1946692,SESV,business_loan,36844,12,633,medium,rejected,0,mobile_app,true,110
app_20250111_00001337,2025-01-11 11:42:33,cust_2407657,ATVI,mortgage,412783,240,705,low,approved,412783,web,false,770
app_20250111_00001338,2025-01-11 22:10:56,cust_5819685,ITMI,mortgage,258942,360,577,medium,rejected,0,branch,true,66
app_20250111_00001339,2025-01-11 14:25:03,cust_9317227,CHBE,education_loan,9779,36,755,low,approved,9779,branch,false,293
app_20250111_00001340,2025-01-11 16:39:19,cust_3989427,CHBE,cash_loan,4501,48,689,medium,rejected,0,atm,false,159
app_20250111_00001341,2025-01-11 08:29:04,cust_8907915,GRRE,credit_card,3462,42,569,medium,approved,3462,mobile,true,486
app_20250111_00001342,2025-01-11 09:31:10,cust_1181026,CHBE,credit_card,24800,36,594,medium,rejected,0,partner,false,177
app_20250111_00001343,2025-01-11 12:31:53,cust_577504,NLAM,business_loan,38181,48,809,low,approved,38181,mobile_app,false,858
app_20250111_00001344,2025-01-11 00:40:56,cust_3549165,DEHE,refinance,106906,360,654,medium,approved,106906,partner,true,433
app_20250111_00001345,2025-01-11 04:04:48,cust_7913690,AUTR,personal_loan,35196,36,599,medium,approved,35196,atm,true,399
app_20250111_00001346,2025-01-11 12:52:09,cust_7342073,PORP,mortgage,322105,180,654,medium,approved,322105,atm,false,810
app_20250111_00001347,2025-01-11 23:08:03,cust_7306993,UKLO,mortgage,232543,300,666,medium,approved,232543,partner,true,776
app_20250111_00001348,2025-01-11 17:32:57,cust_5324756,GRRE,cash_loan,37862,42,744,low,approved,37862,mobile_app,true,869
app_20250111_00001349,2025-01-11 01:03:38,cust_2372044,CHBE,credit_card,25497,30,637,medium,approved,25497,web,true,420
app_20250111_00001350,2025-01-11 21:13:24,cust_5023257,FRID,personal_loan,33708,42,593,medium,approved,33708,online_banking,true,263
app_20250111_00001351,2025-01-11 07:27:28,cust_3948783,ESMA,refinance,468259,120,530,medium,rejected,0,mobile,true,77
app_20250111_00001352,2025-01-11 13:22:53,cust_9522364,FRID,refinance,255962,300,708,low,rejected,0,mobile_app,false,109
app_20250111_00001353,2025-01-11 06:25:04,cust_6729290,DEHE,education_loan,31890,24,667,medium,approved,31890,mobile,true,799
app_20250111_00001354,2025-01-11 17:04:06,cust_494422,PLWA,refinance,436054,360,614,medium,approved,436054,web,false,854
app_20250111_00001355,2025-01-11 09:35:43,cust_8782508,PORP,mortgage,416932,240,536,medium,approved,416932,partner,false,878
app_20250111_00001356,2025-01-11 02:43:45,cust_6693554,NLAM,credit_card,31763,12,607,medium,approved,31763,partner,false,31
app_20250111_00001357,2025-01-11 22:57:46,cust_3592411,ATVI,auto_loan,29801,24,653,medium,approved,29801,partner,true,428
app_20250111_00001358,2025-01-11 14:09:29,cust_8461894,AUTR,business_loan,30297,24,740,low,approved,30297,partner,false,324
app_20250111_00001359,2025-01-11 13:56:41,cust_6230282,BENL,personal_loan,33879,36,592,medium,rejected,0,branch,false,86
app_20250111_00001360,2025-01-11 12:15:13,cust_9645464,CZPR,mortgage,280362,120,805,low,approved,280362,call_center,false,743
app_20250111_00001361,2025-01-11 10:07:51,cust_2121162,PLWA,credit_card,4396,42,653,medium,approved,4396,mobile_app,false,393
app_20250111_00001362,2025-01-11 21:48:19,cust_9198809,UKLO,personal_loan,30875,12,655,medium,approved,30875,atm,true,219
app_20250111_00001363,2025-01-11 02:37:06,cust_6685284,ESMA,auto_loan,24079,72,774,low,approved,24079,web,false,698
app_20250111_00001364,2025-01-11 18:43:13,cust_2268651,NLAM,auto_loan,59510,24,700,low,approved,59510,call_center,false,350
app_20250111_00001365,2025-01-11 08:04:07,cust_5005315,PLWA,cash_loan,5579,12,689,medium,approved,5579,web,true,117
app_20250111_00001366,2025-01-11 23:10:34,cust_8249302,CHBE,mortgage,492556,240,505,medium,rejected,0,branch,false,42
app_20250111_00001367,2025-01-11 10:56:33,cust_1331710,PLWA,mortgage,336264,360,775,low,approved,336264,mobile,false,511
app_20250111_00001368,2025-01-11 07:46:59,cust_2073901,AUTR,auto_loan,44429,72,762,low,approved,44429,partner,false,371
app_20250111_00001369,2025-01-11 16:15:44,cust_1643438,FRID,business_loan,22955,12,799,low,rejected,0,mobile,true,6
app_20250111_00001370,2025-01-11 04:15:31,cust_3962296,ATVI,education_loan,4415,48,644,medium,approved,4415,atm,true,378
app_20250111_00001371,2025-01-11 15:01:21,cust_1145361,BENL,education_loan,23931,12,574,medium,rejected,0,web,false,63
app_20250111_00001372,2025-01-11 09:20:07,cust_9862020,GRRE,cash_loan,31558,48,641,medium,approved,31558,mobile_app,false,132
app_20250111_00001373,2025-01-11 18:31:59,cust_3497694,ESMA,credit_card,23412,18,636,medium,approved,23412,online_banking,false,91
app_20250111_00001374,2025-01-11 11:49:02,cust_7364463,SESV,education_loan,5927,60,612,medium,rejected,0,atm,true,179
app_20250111_00001375,2025-01-11 13:22:07,cust_4977274,BENL,cash_loan,3401,42,625,medium,approved,3401,call_center,false,206
app_20250111_00001376,2025-01-11 20:01:29,cust_9392535,SESV,personal_loan,34058,18,659,medium,rejected,0,mobile_app,true,139
app_20250111_00001377,2025-01-11 11:59:03,cust_647174,CZPR,mortgage,480832,180,683,medium,approved,480832,web,false,344
app_20250111_00001378,2025-01-11 21:18:14,cust_9473017,ESMA,business_loan,25029,48,761,low,approved,25029,online_banking,false,406
app_20250111_00001379,2025-01-11 10:01:46,cust_8219457,CHBE,refinance,348953,240,850,low,approved,348953,online_banking,false,784
app_20250111_00001380,2025-01-11 21:04:07,cust_5570536,SESV,cash_loan,15544,12,707,low,approved,15544,online_banking,true,347
app_20250111_00001381,2025-01-11 21:00:21,cust_6462855,SESV,mortgage,358109,300,718,low,approved,358109,online_banking,false,585
app_20250111_00001382,2025-01-11 06:02:10,cust_4025888,NLAM,refinance,316858,180,814,low,approved,316858,online_banking,true,461
app_20250111_00001383,2025-01-11 15:30:54,cust_2224418,FRID,mortgage,235839,180,774,low,approved,235839,mobile,true,473
app_20250111_00001384,2025-01-11 07:42:41,cust_4790546,NLAM,auto_loan,27386,36,806,low,approved,27386,mobile,false,687
app_20250111_00001385,2025-01-11 22:12:22,cust_2204995,PORP,mortgage,112385,120,570,medium,rejected,0,mobile,false,54
app_20250111_00001386,2025-01-11 22:57:18,cust_6535286,PORP,education_loan,4281,60,690,medium,rejected,0,atm,false,128
app_20250111_00001387,2025-01-11 03:39:01,cust_735267,ITMI,personal_loan,16898,36,788,low,approved,16898,mobile,false,102
app_20250111_00001388,2025-01-11 09:38:19,cust_4042484,FRID,business_loan,26162,48,688,medium,approved,26162,atm,false,67
app_20250111_00001389,2025-01-11 19:24:46,cust_2300125,CHBE,auto_loan,40898,24,570,medium,rejected,0,mobile,false,177
app_20250111_00001390,2025-01-11 12:13:38,cust_9732314,UKLO,auto_loan,22025,48,806,low,approved,22025,online_banking,true,451
app_20250111_00001391,2025-01-11 18:12:58,cust_7342257,DEHE,business_loan,15329,12,721,low,approved,15329,partner,false,800
app_20250111_00001392,2025-01-11 15:48:49,cust_850561,SESV,mortgage,463986,300,484,high,rejected,0,online_banking,false,25
app_20250111_00001393,2025-01-11 20:56:17,cust_6180208,NLAM,mortgage,446059,120,597,medium,approved,446059,call_center,false,665
app_20250111_00001394,2025-01-11 16:26:06,cust_2888137,GRRE,auto_loan,16391,24,693,medium,rejected,0,web,true,149
app_20250111_00001395,2025-01-11 07:59:22,cust_986724,ATVI,mortgage,198368,120,455,high,approved,198368,mobile_app,true,65
app_20250111_00001396,2025-01-11 15:25:19,cust_9238687,NLAM,auto_loan,52686,60,654,medium,rejected,0,mobile,true,49
app_20250111_00001397,2025-01-11 15:09:25,cust_4413165,BENL,cash_loan,21908,36,850,low,approved,21908,call_center,false,614
app_20250111_00001398,2025-01-11 00:13:13,cust_9927356,BENL,auto_loan,18417,36,683,medium,approved,18417,online_banking,true,694
app_20250111_00001399,2025-01-11 17:36:11,cust_4345239,GRRE,mortgage,369853,300,588,medium,rejected,0,mobile_app,true,170
app_20250111_00001400,2025-01-11 03:24:15,cust_6250456,ESMA,personal_loan,8395,24,766,low,approved,8395,online_banking,false,754
app_20250111_00001401,2025-01-11 10:41:45,cust_1583317,DEHE,auto_loan,42819,48,744,low,approved,42819,online_banking,false,137
app_20250111_00001402,2025-01-11 04:20:59,cust_6666229,GRRE,personal_loan,29346,24,850,low,rejected,0,mobile_app,false,51
app_20250111_00001403,2025-01-11 04:42:49,cust_5041559,CZPR,auto_loan,13604,36,716,low,approved,13604,online_banking,true,133
app_20250111_00001404,2025-01-11 14:59:25,cust_5833933,CHBE,credit_card,17667,42,595,medium,approved,17667,call_center,true,857
app_20250111_00001405,2025-01-11 12:05:10,cust_7391574,ATVI,education_loan,32504,12,742,low,approved,32504,mobile,true,273
app_20250111_00001406,2025-01-11 19:43:35,cust_605453,PLWA,auto_loan,6103,24,634,medium,rejected,0,web,false,89
app_20250111_00001407,2025-01-11 15:27:02,cust_6264195,SESV,cash_loan,37582,36,753,low,approved,37582,mobile,false,390
app_20250111_00001408,2025-01-11 05:23:50,cust_9412305,PORP,refinance,232501,300,653,medium,approved,232501,call_center,false,618
app_20250111_00001409,2025-01-11 02:53:10,cust_8949705,GRRE,cash_loan,1048,42,690,medium,approved,1048,partner,false,188
app_20250111_00001410,2025-01-11 05:40:27,cust_8744669,SESV,education_loan,23440,24,742,low,approved,23440,online_banking,true,446
app_20250111_00001411,2025-01-11 17:53:09,cust_4651004,UKLO,personal_loan,2286,12,755,low,approved,2286,web,false,315
app_20250111_00001412,2025-01-11 08:22:03,cust_5121958,CHBE,refinance,417360,360,546,medium,rejected,0,atm,false,161
app_20250111_00001413,2025-01-11 15:50:16,cust_1187985,NLAM,business_loan,28146,12,798,low,approved,28146,branch,true,84
app_20250111_00001414,2025-01-11 05:35:33,cust_3278123,BENL,cash_loan,34377,42,574,medium,rejected,0,partner,true,149
app_20250111_00001415,2025-01-11 12:34:49,cust_657692,PORP,mortgage,327098,180,791,low,approved,327098,web,false,480
app_20250111_00001416,2025-01-11 03:26:46,cust_9955232,GRRE,cash_loan,20292,18,720,low,approved,20292,online_banking,true,65
app_20250111_00001417,2025-01-11 14:12:19,cust_7930705,ATVI,mortgage,203284,240,776,low,approved,203284,branch,true,793
app_20250111_00001418,2025-01-11 17:30:54,cust_8537057,ESMA,mortgage,456037,120,840,low,rejected,0,call_center,false,103
app_20250111_00001419,2025-01-11 15:04:29,cust_847811,GRRE,refinance,77709,360,613,medium,approved,77709,web,false,462
app_20250111_00001420,2025-01-11 15:14:58,cust_4923202,CHBE,education_loan,27418,48,662,medium,approved,27418,call_center,false,118
app_20250111_00001421,2025-01-11 11:40:15,cust_7096649,CHBE,auto_loan,20807,36,605,medium,rejected,0,partner,false,143
app_20250111_00001422,2025-01-11 22:19:23,cust_4220235,NLAM,auto_loan,35663,60,532,medium,rejected,0,branch,true,106
app_20250111_00001423,2025-01-11 17:32:53,cust_8196907,PORP,personal_loan,15350,48,522,medium,rejected,0,web,false,34
app_20250111_00001424,2025-01-11 06:27:01,cust_4986478,ITMI,auto_loan,40870,48,850,low,approved,40870,mobile_app,true,448
app_20250111_00001425,2025-01-11 06:20:15,cust_3554621,CZPR,mortgage,253618,300,762,low,approved,253618,mobile_app,false,547
app_20250111_00001426,2025-01-11 17:11:57,cust_6912130,DEHE,education_loan,11193,36,684,medium,approved,11193,web,false,706
app_20250111_00001427,2025-01-11 23:47:37,cust_4717333,UKLO,business_loan,6907,12,735,low,approved,6907,branch,false,676
app_20250111_00001428,2025-01-11 20:52:22,cust_2479363,AUTR,cash_loan,37447,30,550,medium,rejected,0,web,true,44
app_20250111_00001429,2025-01-11 20:38:23,cust_2288627,AUTR,auto_loan,57100,48,508,medium,rejected,0,mobile,false,155
app_20250111_00001430,2025-01-11 05:39:51,cust_828667,DEHE,credit_card,23350,24,732,low,approved,23350,mobile,true,352
app_20250111_00001431,2025-01-11 22:36:55,cust_6670983,NLAM,personal_loan,29865,42,543,medium,rejected,0,mobile,true,82
app_20250111_00001432,2025-01-11 10:18:19,cust_5538232,NLAM,business_loan,24059,12,579,medium,approved,24059,atm,true,160
app_20250111_00001433,2025-01-11 21:23:30,cust_8939325,ITMI,education_loan,17538,12,663,medium,approved,17538,web,false,737
app_20250111_00001434,2025-01-11 22:10:32,cust_7846178,BENL,cash_loan,41691,42,652,medium,rejected,0,online_banking,true,180
app_20250111_00001435,2025-01-11 16:12:03,cust_9358471,CHBE,auto_loan,28413,24,554,medium,rejected,0,mobile,false,163
app_20250111_00001436,2025-01-11 15:34:42,cust_7115784,ATVI,refinance,222244,240,607,medium,approved,222244,partner,false,180
app_20250111_00001437,2025-01-11 06:47:11,cust_9060703,CZPR,auto_loan,39069,72,772,low,approved,39069,atm,false,322
app_20250111_00001438,2025-01-11 10:47:53,cust_1278924,CHBE,cash_loan,3401,24,576,medium,rejected,0,mobile_app,false,78
app_20250111_00001439,2025-01-11 00:02:47,cust_5317853,ATVI,personal_loan,24119,24,700,low,approved,24119,branch,false,146
app_20250111_00001440,2025-01-11 19:02:42,cust_8684102,FRID,education_loan,5516,36,612,medium,approved,5516,atm,true,706
app_20250111_00001441,2025-01-11 07:42:05,cust_2155857,ITMI,cash_loan,27696,36,661,medium,approved,27696,mobile,true,178
app_20250111_00001442,2025-01-11 07:30:10,cust_6855899,CHBE,credit_card,8401,12,576,medium,rejected,0,mobile,false,20
app_20250111_00001443,2025-01-11 02:31:11,cust_892474,ATVI,auto_loan,6384,60,678,medium,rejected,0,online_banking,false,172
app_20250111_00001444,2025-01-11 11:40:00,cust_888765,PORP,cash_loan,12059,42,563,medium,approved,12059,web,true,157
app_20250111_00001445,2025-01-11 00:18:23,cust_1915553,CZPR,education_loan,10742,24,850,low,approved,10742,branch,false,104
app_20250111_00001446,2025-01-11 12:09:55,cust_4131354,PLWA,refinance,238421,300,462,high,rejected,0,mobile_app,false,117
app_20250111_00001447,2025-01-11 04:49:19,cust_4212812,ITMI,auto_loan,50006,60,557,medium,approved,50006,mobile_app,false,298
app_20250111_00001448,2025-01-11 02:26:49,cust_5344860,BENL,mortgage,427759,300,434,high,rejected,0,call_center,false,18
app_20250111_00001449,2025-01-11 04:22:55,cust_8235152,ESMA,business_loan,13095,12,632,medium,rejected,0,branch,true,131
app_20250111_00001450,2025-01-11 17:07:41,cust_5693887,CZPR,business_loan,39277,36,632,medium,rejected,0,partner,false,79
app_20250111_00001451,2025-01-11 23:32:37,cust_5014676,AUTR,business_loan,16567,60,790,low,approved,16567,online_banking,true,562
app_20250111_00001452,2025-01-11 21:10:40,cust_888263,ESMA,mortgage,200960,180,632,medium,approved,200960,mobile_app,false,622
app_20250111_00001453,2025-01-11 03:46:06,cust_5646027,GRRE,credit_card,6528,48,699,medium,approved,6528,online_banking,true,475
app_20250111_00001454,2025-01-11 11:38:03,cust_976172,BENL,refinance,126479,300,635,medium,approved,126479,atm,true,243
app_20250111_00001455,2025-01-11 02:42:03,cust_1709304,ATVI,auto_loan,8934,24,850,low,approved,8934,partner,false,648
app_20250111_00001456,2025-01-11 04:14:43,cust_7274164,FRID,auto_loan,19133,36,651,medium,approved,19133,mobile,false,337
app_20250111_00001457,2025-01-11 10:32:16,cust_3239033,ATVI,education_loan,22209,48,694,medium,approved,22209,web,false,130
app_20250111_00001458,2025-01-11 18:37:16,cust_3435590,ESMA,credit_card,24920,24,788,low,approved,24920,call_center,false,876
app_20250111_00001459,2025-01-11 12:40:16,cust_3188815,UKLO,refinance,179893,360,747,low,approved,179893,mobile,true,215
app_20250111_00001460,2025-01-11 21:13:59,cust_4765560,CZPR,business_loan,14299,60,466,high,approved,14299,web,true,647
app_20250111_00001461,2025-01-11 10:49:36,cust_8883756,GRRE,mortgage,442007,240,650,medium,approved,442007,mobile,true,553
app_20250111_00001462,2025-01-11 14:09:48,cust_6077667,SESV,credit_card,19482,42,600,medium,approved,19482,call_center,false,857
app_20250111_00001463,2025-01-11 13:46:58,cust_2624530,CHBE,mortgage,69499,180,399,high,rejected,0,online_banking,true,144
app_20250111_00001464,2025-01-11 17:10:48,cust_1423482,NLAM,personal_loan,9788,48,768,low,approved,9788,web,false,177
app_20250111_00001465,2025-01-11 23:02:25,cust_8825736,PORP,cash_loan,30193,48,644,medium,approved,30193,partner,false,864
app_20250111_00001466,2025-01-11 06:44:20,cust_3824617,CHBE,auto_loan,7969,24,659,medium,rejected,0,mobile,true,101
app_20250111_00001467,2025-01-11 17:53:13,cust_3413667,BENL,business_loan,29099,36,623,medium,rejected,0,call_center,false,99
app_20250111_00001468,2025-01-11 19:36:28,cust_3059519,PORP,cash_loan,36840,42,461,high,rejected,0,mobile_app,false,58
app_20250111_00001469,2025-01-11 06:54:07,cust_6297700,CHBE,auto_loan,15545,36,643,medium,approved,15545,mobile,true,273
app_20250111_00001470,2025-01-11 16:19:41,cust_2524531,ATVI,refinance,344045,120,636,medium,approved,344045,web,false,627
app_20250111_00001471,2025-01-11 19:03:22,cust_935021,PORP,mortgage,357460,300,711,low,approved,357460,web,false,195
app_20250111_00001472,2025-01-11 19:27:40,cust_3454516,DEHE,credit_card,48164,12,596,medium,approved,48164,mobile_app,false,596
app_20250111_00001473,2025-01-11 11:37:48,cust_7942801,CZPR,education_loan,24275,12,798,low,approved,24275,web,false,880
app_20250111_00001474,2025-01-11 19:49:42,cust_294119,ATVI,auto_loan,57904,60,690,medium,approved,57904,call_center,false,610
app_20250111_00001475,2025-01-11 19:18:48,cust_7506352,ITMI,education_loan,17377,12,764,low,approved,17377,mobile_app,true,667
app_20250111_00001476,2025-01-11 08:52:07,cust_9298504,CZPR,personal_loan,15959,24,627,medium,approved,15959,mobile_app,true,228
app_20250111_00001477,2025-01-11 16:46:59,cust_8981332,NLAM,personal_loan,15891,12,622,medium,approved,15891,mobile,true,605
app_20250111_00001478,2025-01-11 11:59:55,cust_4578589,ESMA,refinance,350611,180,764,low,approved,350611,mobile,false,198
app_20250111_00001479,2025-01-11 17:30:10,cust_2055671,CHBE,mortgage,99199,360,563,medium,rejected,0,mobile,false,108
app_20250111_00001480,2025-01-11 20:14:40,cust_5326351,PLWA,education_loan,34681,48,724,low,approved,34681,online_banking,false,257
app_20250111_00001481,2025-01-11 19:16:53,cust_2034702,ITMI,mortgage,179006,360,832,low,approved,179006,mobile,true,644
app_20250111_00001482,2025-01-11 20:37:30,cust_3172025,BENL,personal_loan,8653,48,618,medium,approved,8653,call_center,true,670
app_20250111_00001483,2025-01-11 09:15:56,cust_6949205,AUTR,mortgage,346714,360,845,low,approved,346714,web,false,485
app_20250111_00001484,2025-01-11 07:51:38,cust_2210370,UKLO,cash_loan,33959,42,703,low,approved,33959,atm,true,533
app_20250111_00001485,2025-01-11 20:30:42,cust_1333977,GRRE,education_loan,19962,24,711,low,approved,19962,partner,true,509
app_20250111_00001486,2025-01-11 19:51:01,cust_7015192,UKLO,education_loan,36834,60,605,medium,approved,36834,mobile,false,697
app_20250111_00001487,2025-01-11 18:32:27,cust_3190061,AUTR,refinance,211066,240,695,medium,approved,211066,branch,true,724
app_20250111_00001488,2025-01-11 06:32:12,cust_5293771,SESV,auto_loan,48253,36,704,low,approved,48253,call_center,true,622
app_20250111_00001489,2025-01-11 15:26:50,cust_7407301,CHBE,cash_loan,6875,36,537,medium,approved,6875,atm,true,188
app_20250111_00001490,2025-01-11 09:01:20,cust_7567147,PORP,mortgage,379208,300,771,low,approved,379208,atm,false,763
app_20250111_00001491,2025-01-11 16:39:03,cust_4515553,BENL,business_loan,26911,12,844,low,approved,26911,mobile_app,true,709
app_20250111_00001492,2025-01-11 09:54:07,cust_3138166,GRRE,personal_loan,3251,24,585,medium,approved,3251,branch,false,694
app_20250111_00001493,2025-01-11 15:56:37,cust_5454890,BENL,business_loan,34139,36,577,medium,approved,34139,atm,true,470
app_20250111_00001494,2025-01-11 01:26:54,cust_9748445,NLAM,business_loan,16936,12,740,low,approved,16936,online_banking,true,174
app_20250111_00001495,2025-01-11 01:40:53,cust_1873121,BENL,business_loan,36010,12,647,medium,rejected,0,call_center,true,105
app_20250111_00001496,2025-01-11 02:16:56,cust_9802837,CHBE,mortgage,263363,180,850,low,approved,263363,web,true,331
app_20250111_00001497,2025-01-11 04:33:32,cust_3209558,PLWA,credit_card,12613,48,599,medium,approved,12613,mobile_app,true,451
app_20250111_00001498,2025-01-11 18:37:06,cust_8977508,UKLO,credit_card,36458,42,613,medium,approved,36458,mobile,true,150
app_20250111_00001499,2025-01-11 17:02:21,cust_4831838,PORP,credit_card,36862,18,693,medium,rejected,0,web,false,138
app_20250111_00001500,2025-01-11 09:03:08,cust_4863599,CHBE,personal_loan,19110,24,741,low,approved,19110,online_banking,false,367
app_20250111_00001501,2025-01-11 18:51:18,cust_8912733,PORP,credit_card,16972,36,633,medium,rejected,0,online_banking,true,60
app_20250111_00001502,2025-01-11 20:09:12,cust_9237988,FRID,mortgage,445182,120,563,medium,rejected,0,branch,true,54
app_20250111_00001503,2025-01-11 09:02:45,cust_4364964,DEHE,mortgage,411178,300,694,medium,rejected,0,branch,true,129
app_20250111_00001504,2025-01-11 21:27:03,cust_758654,PLWA,credit_card,42259,36,774,low,approved,42259,branch,false,829
app_20250111_00001505,2025-01-11 20:35:29,cust_7841716,BENL,refinance,187024,360,688,medium,approved,187024,online_banking,true,142
app_20250111_00001506,2025-01-11 22:27:41,cust_4097209,GRRE,refinance,421488,240,701,low,approved,421488,branch,true,236
app_20250111_00001507,2025-01-11 21:32:28,cust_3291923,ATVI,personal_loan,27918,12,534,medium,approved,27918,branch,true,40
app_20250111_00001508,2025-01-11 20:45:02,cust_1485542,CZPR,business_loan,35632,24,631,medium,rejected,0,online_banking,true,124
app_20250111_00001509,2025-01-11 19:50:46,cust_5356004,NLAM,personal_loan,26708,24,731,low,approved,26708,online_banking,false,71
app_20250111_00001510,2025-01-11 04:59:15,cust_9208003,UKLO,personal_loan,11268,36,631,medium,rejected,0,branch,true,79
app_20250111_00001511,2025-01-11 17:06:10,cust_1121326,BENL,auto_loan,23636,24,837,low,rejected,0,mobile_app,true,157
app_20250111_00001512,2025-01-11 20:36:41,cust_4636952,NLAM,education_loan,24679,36,658,medium,approved,24679,web,true,631
app_20250111_00001513,2025-01-11 00:54:57,cust_2705493,SESV,personal_loan,3978,24,752,low,approved,3978,atm,false,664
app_20250111_00001514,2025-01-11 19:02:59,cust_5133277,ITMI,auto_loan,15731,72,617,medium,approved,15731,online_banking,false,385
app_20250111_00001515,2025-01-11 18:41:45,cust_917313,ATVI,education_loan,2600,12,647,medium,approved,2600,partner,false,644
app_20250111_00001516,2025-01-11 02:00:11,cust_7132185,DEHE,credit_card,32579,18,549,medium,rejected,0,mobile,true,23
app_20250111_00001517,2025-01-11 15:40:04,cust_4421206,BENL,cash_loan,28998,42,552,medium,rejected,0,branch,false,59
app_20250111_00001518,2025-01-11 10:51:05,cust_6292435,DEHE,education_loan,24568,60,578,medium,approved,24568,call_center,true,435
app_20250111_00001519,2025-01-11 22:44:31,cust_621059,ATVI,personal_loan,27752,42,791,low,approved,27752,web,true,645
app_20250111_00001520,2025-01-11 18:53:14,cust_9987739,CZPR,refinance,176410,120,696,medium,rejected,0,web,true,104
app_20250111_00001521,2025-01-11 17:12:01,cust_6696225,UKLO,mortgage,329791,240,461,high,rejected,0,partner,false,167
app_20250111_00001522,2025-01-11 21:28:42,cust_3890923,CZPR,personal_loan,4023,48,519,medium,rejected,0,online_banking,false,9
app_20250111_00001523,2025-01-11 10:38:07,cust_9378665,GRRE,refinance,153748,120,668,medium,approved,153748,mobile,true,178
app_20250111_00001524,2025-01-11 06:35:23,cust_1395421,ITMI,refinance,352139,360,564,medium,rejected,0,call_center,false,102
app_20250111_00001525,2025-01-11 11:42:48,cust_9486021,PLWA,personal_loan,40363,36,698,medium,approved,40363,partner,false,430
app_20250111_00001526,2025-01-11 05:14:43,cust_2712832,ITMI,auto_loan,26709,60,649,medium,rejected,0,atm,false,108
app_20250111_00001527,2025-01-11 01:34:50,cust_6809263,UKLO,business_loan,8980,60,676,medium,rejected,0,call_center,true,131
app_20250111_00001528,2025-01-11 04:20:32,cust_8245761,ATVI,auto_loan,20355,72,725,low,approved,20355,mobile,false,359
app_20250111_00001529,2025-01-11 07:10:22,cust_9908168,FRID,business_loan,19992,48,763,low,approved,19992,mobile_app,false,399
app_20250111_00001530,2025-01-11 06:06:54,cust_490518,CZPR,credit_card,45886,30,446,high,rejected,0,online_banking,true,28
app_20250111_00001531,2025-01-11 16:01:56,cust_9381851,PORP,personal_loan,10106,30,805,low,approved,10106,mobile,true,570
app_20250111_00001532,2025-01-11 16:46:46,cust_4517605,PORP,cash_loan,4497,30,626,medium,approved,4497,partner,true,201
app_20250111_00001533,2025-01-11 03:18:42,cust_8949207,ATVI,cash_loan,30083,42,801,low,approved,30083,partner,false,466
app_20250111_00001534,2025-01-11 16:18:02,cust_8906927,PLWA,credit_card,18724,12,676,medium,approved,18724,online_banking,false,195
app_20250111_00001535,2025-01-11 14:33:47,cust_2155951,FRID,auto_loan,16563,24,673,medium,approved,16563,call_center,false,502
app_20250111_00001536,2025-01-11 10:06:48,cust_9439201,PLWA,refinance,432563,360,698,medium,rejected,0,online_banking,false,41
app_20250111_00001537,2025-01-11 09:48:59,cust_9781438,ITMI,cash_loan,32409,18,729,low,approved,32409,online_banking,false,569
app_20250111_00001538,2025-01-11 11:00:25,cust_2414793,BENL,credit_card,32624,42,663,medium,approved,32624,atm,false,854
app_20250111_00001539,2025-01-11 09:34:15,cust_6177456,DEHE,mortgage,317282,180,776,low,approved,317282,mobile_app,false,301
app_20250111_00001540,2025-01-11 16:25:20,cust_3723980,BENL,personal_loan,33112,36,646,medium,rejected,0,partner,true,126
app_20250111_00001541,2025-01-11 06:10:46,cust_6248537,NLAM,business_loan,15018,48,475,high,rejected,0,online_banking,false,146
app_20250111_00001542,2025-01-11 00:46:59,cust_4001742,PLWA,cash_loan,47483,12,522,medium,approved,47483,call_center,true,169
app_20250111_00001543,2025-01-11 17:39:57,cust_7004100,BENL,personal_loan,2928,36,650,medium,approved,2928,branch,false,852
app_20250111_00001544,2025-01-11 07:02:56,cust_2470366,ATVI,personal_loan,30321,24,598,medium,rejected,0,partner,false,129
app_20250111_00001545,2025-01-11 17:04:58,cust_4950388,CHBE,personal_loan,18924,36,553,medium,approved,18924,partner,true,467
app_20250111_00001546,2025-01-11 06:41:06,cust_1512845,FRID,cash_loan,9350,30,622,medium,approved,9350,atm,true,667
app_20250111_00001547,2025-01-11 02:29:14,cust_7986564,ITMI,personal_loan,22491,42,569,medium,rejected,0,partner,false,119
app_20250111_00001548,2025-01-11 07:10:53,cust_3400495,ESMA,refinance,411858,180,609,medium,approved,411858,mobile,true,394
app_20250111_00001549,2025-01-11 11:29:43,cust_4687136,UKLO,auto_loan,51933,24,687,medium,approved,51933,branch,true,304
app_20250111_00001550,2025-01-11 09:39:39,cust_5873519,UKLO,cash_loan,32696,42,325,high,rejected,0,mobile_app,true,57
app_20250111_00001551,2025-01-11 02:34:29,cust_9363764,PORP,education_loan,25268,36,759,low,approved,25268,branch,false,342
app_20250111_00001552,2025-01-11 05:44:15,cust_9555584,PLWA,auto_loan,51091,48,652,medium,approved,51091,partner,true,783
app_20250111_00001553,2025-01-11 17:07:10,cust_8525127,DEHE,business_loan,21316,48,744,low,approved,21316,atm,true,236
app_20250111_00001554,2025-01-11 09:50:05,cust_8497110,PLWA,credit_card,44967,18,788,low,rejected,0,partner,false,32
app_20250111_00001555,2025-01-11 21:55:39,cust_4836665,BENL,auto_loan,59072,60,461,high,approved,59072,partner,true,767
app_20250111_00001556,2025-01-11 08:33:15,cust_8892675,ATVI,business_loan,38531,24,712,low,approved,38531,atm,false,51
app_20250111_00001557,2025-01-11 23:47:07,cust_9694788,ITMI,personal_loan,44165,18,676,medium,rejected,0,call_center,false,129
app_20250111_00001558,2025-01-11 17:18:09,cust_7800706,PORP,education_loan,18261,12,584,medium,approved,18261,call_center,true,476
app_20250111_00001559,2025-01-11 05:05:11,cust_4284125,BENL,education_loan,7202,48,624,medium,approved,7202,web,true,367
app_20250111_00001560,2025-01-11 02:25:40,cust_5302543,PORP,auto_loan,57559,48,596,medium,approved,57559,partner,false,629
app_20250111_00001561,2025-01-11 20:16:20,cust_6825192,DEHE,mortgage,213810,240,572,medium,approved,213810,branch,false,164
app_20250111_00001562,2025-01-11 19:14:52,cust_3402865,UKLO,cash_loan,2268,12,642,medium,approved,2268,partner,false,342
app_20250111_00001563,2025-01-11 16:33:44,cust_9935918,NLAM,cash_loan,23091,48,581,medium,rejected,0,branch,false,147
app_20250111_00001564,2025-01-11 01:11:36,cust_9694254,FRID,cash_loan,9992,48,743,low,approved,9992,online_banking,false,142
app_20250111_00001565,2025-01-11 20:45:16,cust_9426031,NLAM,credit_card,23419,42,654,medium,approved,23419,partner,true,452
app_20250111_00001566,2025-01-11 08:05:54,cust_1367631,ATVI,business_loan,34539,60,473,high,rejected,0,mobile_app,true,89
app_20250111_00001567,2025-01-11 08:41:32,cust_2859775,CZPR,personal_loan,33583,24,782,low,approved,33583,partner,true,31
app_20250111_00001568,2025-01-11 04:52:05,cust_6893945,PORP,business_loan,28133,60,522,medium,rejected,0,mobile,false,123
app_20250111_00001569,2025-01-11 16:53:06,cust_8983255,CHBE,education_loan,36513,36,661,medium,approved,36513,atm,false,610
app_20250111_00001570,2025-01-11 12:55:13,cust_9425767,BENL,personal_loan,24989,30,707,low,approved,24989,online_banking,true,770
app_20250111_00001571,2025-01-11 15:57:35,cust_3805577,PLWA,business_loan,27313,12,850,low,approved,27313,web,true,747
app_20250111_00001572,2025-01-11 15:13:59,cust_4592150,DEHE,education_loan,3192,60,652,medium,rejected,0,web,false,124
app_20250111_00001573,2025-01-11 13:32:49,cust_6850018,CZPR,business_loan,7878,24,579,medium,rejected,0,online_banking,false,83
app_20250111_00001574,2025-01-11 10:53:16,cust_717363,ATVI,education_loan,19116,24,581,medium,rejected,0,web,false,39
app_20250111_00001575,2025-01-11 11:08:30,cust_6366558,CHBE,cash_loan,40468,24,520,medium,rejected,0,call_center,false,86
app_20250111_00001576,2025-01-11 17:30:44,cust_7517328,FRID,personal_loan,34943,12,581,medium,approved,34943,online_banking,true,197
app_20250111_00001577,2025-01-11 14:23:11,cust_4544763,ITMI,education_loan,16055,24,708,low,approved,16055,call_center,true,164
app_20250111_00001578,2025-01-11 21:13:37,cust_993560,ESMA,credit_card,42172,18,784,low,approved,42172,partner,true,128
app_20250111_00001579,2025-01-11 00:57:07,cust_7645208,DEHE,education_loan,10595,12,657,medium,approved,10595,online_banking,true,844
app_20250111_00001580,2025-01-11 06:27:20,cust_2428921,AUTR,cash_loan,24390,18,590,medium,approved,24390,online_banking,true,364
app_20250111_00001581,2025-01-11 20:21:12,cust_7795490,CHBE,mortgage,301384,360,740,low,approved,301384,mobile,false,404
app_20250111_00001582,2025-01-11 09:05:27,cust_3397860,NLAM,education_loan,36108,24,654,medium,rejected,0,online_banking,false,22
app_20250111_00001583,2025-01-11 11:04:17,cust_7621567,CZPR,business_loan,19930,12,582,medium,approved,19930,branch,true,659
app_20250111_00001584,2025-01-11 10:42:02,cust_5995171,BENL,business_loan,33530,24,827,low,approved,33530,partner,true,277
app_20250111_00001585,2025-01-11 08:53:08,cust_2469288,SESV,auto_loan,42450,60,470,high,rejected,0,partner,false,71
app_20250111_00001586,2025-01-11 09:04:58,cust_5790400,ESMA,auto_loan,46315,24,755,low,approved,46315,mobile_app,false,424
app_20250111_00001587,2025-01-11 08:19:41,cust_2460273,SESV,credit_card,3468,30,712,low,approved,3468,call_center,true,599
app_20250111_00001588,2025-01-11 15:28:24,cust_1102049,CZPR,education_loan,33972,12,667,medium,approved,33972,mobile_app,true,453
app_20250111_00001589,2025-01-11 02:05:13,cust_1155907,PORP,refinance,476072,360,549,medium,rejected,0,branch,true,69
app_20250111_00001590,2025-01-11 09:16:25,cust_835211,AUTR,auto_loan,14318,36,672,medium,approved,14318,partner,true,811
app_20250111_00001591,2025-01-11 15:23:35,cust_9705584,NLAM,business_loan,8682,48,800,low,approved,8682,call_center,false,692
app_20250111_00001592,2025-01-11 06:58:50,cust_5891819,GRRE,refinance,296612,240,585,medium,approved,296612,online_banking,true,607
app_20250111_00001593,2025-01-11 22:01:48,cust_5230929,BENL,cash_loan,43192,48,619,medium,rejected,0,atm,true,119
app_20250111_00001594,2025-01-11 21:41:44,cust_8472175,FRID,mortgage,267594,120,751,low,approved,267594,online_banking,true,303
app_20250111_00001595,2025-01-11 17:30:51,cust_6253545,DEHE,business_loan,25674,24,782,low,approved,25674,mobile_app,true,68
app_20250111_00001596,2025-01-11 06:56:31,cust_6722681,PLWA,cash_loan,27902,48,812,low,approved,27902,web,false,54
app_20250111_00001597,2025-01-11 21:27:17,cust_6719905,AUTR,mortgage,74697,240,612,medium,approved,74697,call_center,true,762
app_20250111_00001598,2025-01-11 04:07:35,cust_1721392,FRID,education_loan,20874,24,727,low,approved,20874,web,false,53
app_20250111_00001599,2025-01-11 09:56:50,cust_6685699,ATVI,business_loan,32372,48,666,medium,approved,32372,mobile,true,197
app_20250111_00001600,2025-01-11 13:13:32,cust_5650927,BENL,refinance,114160,300,575,medium,rejected,0,online_banking,false,83
app_20250111_00001601,2025-01-11 18:45:51,cust_580439,CHBE,education_loan,17250,60,535,medium,approved,17250,partner,false,561
app_20250111_00001602,2025-01-11 09:43:43,cust_3045755,UKLO,refinance,141554,300,547,medium,rejected,0,call_center,true,53
app_20250111_00001603,2025-01-11 12:27:30,cust_4192483,CHBE,personal_loan,14012,30,636,medium,approved,14012,mobile_app,true,86
app_20250111_00001604,2025-01-11 01:14:11,cust_4024833,CHBE,business_loan,39413,12,631,medium,approved,39413,online_banking,false,366
app_20250111_00001605,2025-01-11 10:17:12,cust_9160423,SESV,credit_card,38409,42,536,medium,approved,38409,mobile_app,true,514
app_20250111_00001606,2025-01-11 22:10:37,cust_5313129,GRRE,mortgage,280784,120,726,low,approved,280784,branch,true,846
app_20250111_00001607,2025-01-11 17:43:14,cust_7649675,ATVI,credit_card,5587,36,611,medium,approved,5587,mobile,false,95
app_20250111_00001608,2025-01-11 11:20:46,cust_8580889,DEHE,education_loan,32826,12,734,low,approved,32826,branch,false,745
app_20250111_00001609,2025-01-11 01:14:24,cust_7404826,PORP,education_loan,26769,12,754,low,approved,26769,web,false,871
app_20250111_00001610,2025-01-11 20:09:38,cust_4578384,ESMA,cash_loan,48024,12,578,medium,approved,48024,call_center,true,641
app_20250111_00001611,2025-01-11 09:03:56,cust_8820312,GRRE,refinance,434535,180,605,medium,approved,434535,branch,true,735
app_20250111_00001612,2025-01-11 05:06:07,cust_9829390,ESMA,personal_loan,12834,30,551,medium,approved,12834,mobile_app,false,474
app_20250111_00001613,2025-01-11 04:34:15,cust_2609710,SESV,cash_loan,39364,36,850,low,approved,39364,mobile,false,53
app_20250111_00001614,2025-01-11 15:53:02,cust_2363118,PORP,personal_loan,22401,36,748,low,approved,22401,web,false,860
app_20250111_00001615,2025-01-11 10:52:15,cust_101951,PORP,cash_loan,30086,12,598,medium,rejected,0,web,false,7
app_20250111_00001616,2025-01-11 18:54:06,cust_818872,NLAM,mortgage,386162,360,605,medium,approved,386162,atm,true,480
app_20250111_00001617,2025-01-11 11:14:46,cust_8776677,ATVI,personal_loan,42541,18,699,medium,approved,42541,mobile,false,541
app_20250111_00001618,2025-01-11 08:24:06,cust_4725695,PLWA,mortgage,215669,120,657,medium,approved,215669,mobile,false,729
app_20250111_00001619,2025-01-11 07:16:40,cust_3969014,AUTR,business_loan,9100,12,773,low,approved,9100,web,false,402
app_20250111_00001620,2025-01-11 05:04:29,cust_1087642,CHBE,personal_loan,27245,18,726,low,approved,27245,atm,false,707
app_20250111_00001621,2025-01-11 20:29:14,cust_8454555,ITMI,refinance,468328,360,747,low,approved,468328,partner,false,445
app_20250111_00001622,2025-01-11 23:35:58,cust_8423268,AUTR,refinance,129708,300,489,high,rejected,0,mobile,false,8
app_20250111_00001623,2025-01-11 02:36:06,cust_4802306,BENL,personal_loan,22966,18,525,medium,approved,22966,atm,true,212
app_20250111_00001624,2025-01-11 15:57:24,cust_9890617,CHBE,business_loan,38052,36,677,medium,rejected,0,branch,false,120
app_20250111_00001625,2025-01-11 23:19:58,cust_5137964,ITMI,business_loan,36175,24,458,high,rejected,0,partner,false,116
app_20250111_00001626,2025-01-11 05:41:43,cust_8286784,FRID,mortgage,250547,360,474,high,approved,250547,atm,true,257
app_20250111_00001627,2025-01-11 13:31:59,cust_1010946,PORP,auto_loan,46900,60,483,high,rejected,0,mobile,true,41
app_20250111_00001628,2025-01-11 22:48:46,cust_5230878,AUTR,refinance,267863,180,554,medium,approved,267863,atm,false,125
app_20250111_00001629,2025-01-11 14:38:45,cust_2571810,GRRE,cash_loan,48160,48,541,medium,rejected,0,partner,false,130
app_20250111_00001630,2025-01-11 02:16:57,cust_203366,UKLO,credit_card,17987,42,625,medium,approved,17987,call_center,false,70
app_20250111_00001631,2025-01-11 19:13:27,cust_2416569,DEHE,auto_loan,43090,48,803,low,approved,43090,web,true,155
app_20250111_00001632,2025-01-11 07:32:59,cust_5807336,SESV,personal_loan,31073,48,768,low,approved,31073,branch,true,107
app_20250111_00001633,2025-01-11 07:28:12,cust_2108088,AUTR,refinance,285426,300,676,medium,rejected,0,atm,false,57
app_20250111_00001634,2025-01-11 09:50:05,cust_927058,DEHE,personal_loan,13334,36,539,medium,approved,13334,call_center,false,388
app_20250111_00001635,2025-01-11 07:19:13,cust_6875402,SESV,auto_loan,47674,24,556,medium,rejected,0,mobile,true,7
app_20250111_00001636,2025-01-11 01:17:10,cust_6959199,ESMA,refinance,286854,120,554,medium,rejected,0,web,true,19
app_20250111_00001637,2025-01-11 19:04:39,cust_4690505,PORP,mortgage,213263,300,722,low,approved,213263,mobile,true,227
app_20250111_00001638,2025-01-11 22:06:07,cust_8054460,PORP,credit_card,41978,42,661,medium,approved,41978,web,true,531
app_20250111_00001639,2025-01-11 01:36:09,cust_8686873,CHBE,business_loan,33661,36,841,low,approved,33661,mobile,false,821
app_20250111_00001640,2025-01-11 19:13:57,cust_1329863,BENL,personal_loan,29526,12,531,medium,rejected,0,branch,true,78
app_20250111_00001641,2025-01-11 15:50:07,cust_4997699,AUTR,personal_loan,40418,18,573,medium,rejected,0,partner,true,125
app_20250111_00001642,2025-01-11 13:59:37,cust_7004195,UKLO,auto_loan,6794,24,676,medium,approved,6794,mobile_app,false,698
app_20250111_00001643,2025-01-11 02:59:33,cust_7583214,GRRE,cash_loan,10500,18,502,medium,rejected,0,atm,false,152
app_20250111_00001644,2025-01-11 19:22:48,cust_4767107,FRID,personal_loan,27077,24,565,medium,approved,27077,web,true,548
app_20250111_00001645,2025-01-11 20:52:40,cust_2713423,AUTR,cash_loan,13693,36,583,medium,rejected,0,web,false,142
app_20250111_00001646,2025-01-11 17:07:48,cust_7913606,FRID,personal_loan,4807,30,539,medium,approved,4807,atm,false,388
app_20250111_00001647,2025-01-11 02:40:47,cust_8101655,ESMA,auto_loan,48932,36,659,medium,rejected,0,atm,true,132
app_20250111_00001648,2025-01-11 00:45:40,cust_9092720,NLAM,business_loan,32431,48,486,high,approved,32431,atm,false,830
app_20250111_00001649,2025-01-11 05:20:14,cust_2066134,ITMI,personal_loan,32340,42,532,medium,rejected,0,branch,false,69
app_20250111_00001650,2025-01-11 16:11:35,cust_4476337,UKLO,business_loan,22876,36,805,low,approved,22876,online_banking,false,75
app_20250111_00001651,2025-01-11 19:19:20,cust_6905838,PLWA,education_loan,19430,36,729,low,approved,19430,web,true,769
app_20250111_00001652,2025-01-11 20:47:32,cust_8285867,PORP,personal_loan,23502,30,692,medium,approved,23502,mobile_app,false,737
app_20250111_00001653,2025-01-11 19:17:44,cust_8236491,PORP,mortgage,334403,120,619,medium,approved,334403,web,true,77
app_20250111_00001654,2025-01-11 21:31:56,cust_1304496,SESV,education_loan,22357,48,636,medium,approved,22357,online_banking,true,132
app_20250111_00001655,2025-01-11 15:31:17,cust_3211022,BENL,cash_loan,29421,36,532,medium,approved,29421,web,true,780
app_20250111_00001656,2025-01-11 14:14:45,cust_8359548,GRRE,auto_loan,8481,36,618,medium,rejected,0,web,false,180
app_20250111_00001657,2025-01-11 22:30:52,cust_2522085,FRID,mortgage,106973,240,752,low,approved,106973,call_center,false,35
app_20250111_00001658,2025-01-11 17:28:21,cust_5988413,ITMI,personal_loan,46096,30,667,medium,approved,46096,branch,false,86
app_20250111_00001659,2025-01-11 06:57:09,cust_6891211,CZPR,cash_loan,27900,12,507,medium,approved,27900,web,true,704
app_20250111_00001660,2025-01-11 06:38:57,cust_9752371,BENL,personal_loan,30235,36,656,medium,approved,30235,atm,true,795
app_20250111_00001661,2025-01-11 04:05:02,cust_4499686,BENL,mortgage,178573,240,686,medium,approved,178573,mobile_app,true,74
app_20250111_00001662,2025-01-11 03:43:45,cust_361404,PORP,cash_loan,27069,48,615,medium,approved,27069,online_banking,true,696
app_20250111_00001663,2025-01-11 11:18:43,cust_645626,CHBE,auto_loan,41252,24,603,medium,approved,41252,online_banking,true,321
app_20250111_00001664,2025-01-11 13:35:08,cust_9299405,PLWA,credit_card,16741,24,582,medium,rejected,0,branch,false,82
app_20250111_00001665,2025-01-11 12:32:38,cust_625845,BENL,cash_loan,12789,42,681,medium,rejected,0,branch,false,121
app_20250111_00001666,2025-01-11 05:50:06,cust_5303745,PLWA,education_loan,8326,12,488,high,rejected,0,mobile_app,false,10
app_20250111_00001667,2025-01-11 07:30:14,cust_7783531,AUTR,auto_loan,40468,24,748,low,approved,40468,branch,true,752
app_20250111_00001668,2025-01-11 07:44:21,cust_6082880,FRID,business_loan,37095,36,550,medium,approved,37095,branch,false,431
app_20250111_00001669,2025-01-11 10:10:55,cust_9812224,PORP,education_loan,37185,48,487,high,rejected,0,partner,true,114
app_20250111_00001670,2025-01-11 04:38:57,cust_9217175,BENL,education_loan,19340,48,839,low,approved,19340,web,false,206
app_20250111_00001671,2025-01-11 00:46:22,cust_2618194,SESV,refinance,75739,360,702,low,approved,75739,atm,true,415
app_20250111_00001672,2025-01-11 16:41:58,cust_3377137,UKLO,cash_loan,48724,42,709,low,approved,48724,branch,true,653
app_20250111_00001673,2025-01-11 17:47:56,cust_6083514,PORP,personal_loan,23276,18,732,low,approved,23276,call_center,false,45
app_20250111_00001674,2025-01-11 16:18:37,cust_9333832,ATVI,business_loan,29215,36,494,high,approved,29215,atm,false,126
app_20250111_00001675,2025-01-11 00:10:45,cust_3430478,ESMA,credit_card,25693,36,604,medium,rejected,0,call_center,true,44
app_20250111_00001676,2025-01-11 15:00:29,cust_9017727,GRRE,auto_loan,18611,72,596,medium,rejected,0,branch,false,107
app_20250111_00001677,2025-01-11 02:35:50,cust_6828384,ATVI,cash_loan,10287,12,657,medium,approved,10287,mobile_app,true,341
app_20250111_00001678,2025-01-11 13:25:21,cust_3373180,DEHE,mortgage,474369,180,765,low,approved,474369,mobile_app,true,884
app_20250111_00001679,2025-01-11 09:23:25,cust_7614606,PLWA,personal_loan,4164,12,841,low,approved,4164,partner,true,99
app_20250111_00001680,2025-01-11 23:12:22,cust_5626651,CHBE,education_loan,35301,48,521,medium,rejected,0,branch,false,117
app_20250111_00001681,2025-01-11 05:26:34,cust_8411348,PLWA,auto_loan,13727,24,714,low,approved,13727,partner,false,342
app_20250111_00001682,2025-01-11 09:24:06,cust_6378822,ITMI,mortgage,78871,360,826,low,rejected,0,call_center,false,11
app_20250111_00001683,2025-01-11 12:24:46,cust_456836,DEHE,auto_loan,19717,24,753,low,approved,19717,atm,false,487
app_20250111_00001684,2025-01-11 09:59:44,cust_4762137,ESMA,refinance,469850,300,542,medium,rejected,0,branch,true,51
app_20250111_00001685,2025-01-11 13:12:37,cust_4715367,DEHE,mortgage,178592,360,719,low,approved,178592,online_banking,true,774
app_20250111_00001686,2025-01-11 20:07:10,cust_8745667,NLAM,refinance,244777,300,630,medium,approved,244777,web,false,334
app_20250111_00001687,2025-01-11 03:36:00,cust_1787771,SESV,business_loan,24281,48,762,low,approved,24281,mobile,true,556
app_20250111_00001688,2025-01-11 14:39:16,cust_3046896,PORP,personal_loan,2760,42,754,low,approved,2760,online_banking,false,312
app_20250111_00001689,2025-01-11 12:21:32,cust_720204,UKLO,cash_loan,13101,42,654,medium,approved,13101,mobile_app,true,265
app_20250111_00001690,2025-01-11 22:51:29,cust_8585315,FRID,education_loan,26997,60,609,medium,approved,26997,call_center,false,144
app_20250111_00001691,2025-01-11 16:32:07,cust_7180023,CZPR,mortgage,488926,180,618,medium,rejected,0,partner,true,133
app_20250111_00001692,2025-01-11 19:40:23,cust_7908915,AUTR,personal_loan,16477,18,677,medium,approved,16477,mobile,false,723
app_20250111_00001693,2025-01-11 02:19:41,cust_6822493,GRRE,refinance,302471,300,532,medium,rejected,0,call_center,false,127
app_20250111_00001694,2025-01-11 19:51:44,cust_5569686,NLAM,education_loan,11005,48,637,medium,rejected,0,branch,true,128
app_20250111_00001695,2025-01-11 20:11:58,cust_3316697,ITMI,credit_card,1051,12,775,low,approved,1051,branch,false,363
app_20250111_00001696,2025-01-11 21:49:12,cust_1401450,CHBE,cash_loan,9152,24,569,medium,rejected,0,call_center,false,178
app_20250111_00001697,2025-01-11 13:50:54,cust_5884095,AUTR,credit_card,25220,12,564,medium,approved,25220,mobile_app,true,480
app_20250111_00001698,2025-01-11 20:16:37,cust_1422741,PORP,personal_loan,30907,18,737,low,approved,30907,branch,true,632
app_20250111_00001699,2025-01-11 13:26:48,cust_7419995,FRID,refinance,85969,240,607,medium,rejected,0,branch,false,97
app_20250111_00001700,2025-01-11 19:14:01,cust_121740,UKLO,mortgage,250177,360,646,medium,rejected,0,partner,false,20
app_20250111_00001701,2025-01-11 15:10:20,cust_727148,GRRE,personal_loan,1286,48,474,high,rejected,0,branch,false,94
app_20250111_00001702,2025-01-11 10:41:55,cust_5516251,ITMI,refinance,342541,180,497,high,rejected,0,atm,false,15
app_20250111_00001703,2025-01-11 20:55:35,cust_8725472,PLWA,cash_loan,13055,18,588,medium,rejected,0,partner,false,167
app_20250111_00001704,2025-01-11 21:47:56,cust_6090863,UKLO,personal_loan,47413,12,658,medium,approved,47413,online_banking,true,47
app_20250111_00001705,2025-01-11 13:08:52,cust_5737236,FRID,business_loan,5734,24,777,low,approved,5734,web,true,86
app_20250111_00001706,2025-01-11 01:52:27,cust_5703732,SESV,cash_loan,36469,12,611,medium,rejected,0,web,false,44
app_20250111_00001707,2025-01-11 04:34:53,cust_4340883,PORP,mortgage,267331,240,697,medium,approved,267331,partner,true,469
app_20250111_00001708,2025-01-11 18:06:00,cust_9184126,FRID,personal_loan,12455,24,614,medium,approved,12455,atm,true,282
app_20250111_00001709,2025-01-11 00:12:03,cust_7752917,PLWA,personal_loan,6512,36,809,low,approved,6512,partner,false,680
app_20250111_00001710,2025-01-11 00:40:18,cust_4630950,BENL,auto_loan,45071,72,728,low,approved,45071,call_center,false,750
app_20250111_00001711,2025-01-11 18:56:45,cust_7756672,FRID,refinance,109631,360,711,low,approved,109631,call_center,true,397
app_20250111_00001712,2025-01-11 15:40:57,cust_8358307,AUTR,cash_loan,26373,18,714,low,approved,26373,online_banking,false,591
app_20250111_00001713,2025-01-11 15:33:35,cust_1762037,ATVI,personal_loan,1233,48,728,low,approved,1233,branch,true,423
app_20250111_00001714,2025-01-11 14:46:51,cust_7585423,BENL,business_loan,13496,60,517,medium,approved,13496,call_center,false,785
app_20250111_00001715,2025-01-11 14:59:16,cust_1881058,ITMI,refinance,251421,120,646,medium,rejected,0,mobile,true,42
app_20250111_00001716,2025-01-11 08:39:52,cust_8580830,ESMA,refinance,426115,120,693,medium,approved,426115,atm,false,479
app_20250111_00001717,2025-01-11 04:35:20,cust_3015167,FRID,refinance,263606,360,663,medium,rejected,0,atm,false,96
app_20250111_00001718,2025-01-11 00:58:45,cust_6713873,ATVI,refinance,393369,120,785,low,approved,393369,partner,false,587
app_20250111_00001719,2025-01-11 21:04:33,cust_8945108,ITMI,credit_card,14741,42,706,low,approved,14741,branch,false,770
app_20250111_00001720,2025-01-11 14:56:24,cust_2180268,GRRE,mortgage,92217,360,521,medium,approved,92217,atm,true,214
app_20250111_00001721,2025-01-11 01:44:19,cust_5658182,AUTR,cash_loan,41159,30,515,medium,approved,41159,mobile,false,603
app_20250111_00001722,2025-01-11 13:04:54,cust_4540237,ITMI,auto_loan,42458,60,549,medium,approved,42458,branch,true,644
app_20250111_00001723,2025-01-11 12:51:05,cust_3785028,AUTR,personal_loan,13641,30,403,high,rejected,0,atm,false,120
app_20250111_00001724,2025-01-11 21:20:29,cust_5597970,NLAM,education_loan,26796,36,680,medium,rejected,0,mobile_app,false,69
app_20250111_00001725,2025-01-11 22:13:08,cust_6437772,AUTR,auto_loan,35536,60,711,low,approved,35536,call_center,true,281
app_20250111_00001726,2025-01-11 19:48:18,cust_4733463,CZPR,business_loan,21654,60,575,medium,rejected,0,web,false,7
app_20250111_00001727,2025-01-11 03:33:44,cust_2554003,CHBE,personal_loan,32199,48,633,medium,rejected,0,call_center,true,119
app_20250111_00001728,2025-01-11 21:07:51,cust_1364752,ESMA,business_loan,12197,12,640,medium,rejected,0,branch,true,22
app_20250111_00001729,2025-01-11 00:51:15,cust_9876514,FRID,mortgage,97372,120,702,low,approved,97372,web,false,489
app_20250111_00001730,2025-01-11 23:37:36,cust_1569439,ITMI,education_loan,28514,48,644,medium,rejected,0,atm,false,70
app_20250111_00001731,2025-01-11 19:21:35,cust_2746424,ATVI,refinance,54869,240,552,medium,rejected,0,partner,true,169
app_20250111_00001732,2025-01-11 23:26:20,cust_4031756,CZPR,business_loan,6310,48,604,medium,approved,6310,mobile_app,true,657
app_20250111_00001733,2025-01-11 05:41:14,cust_1982606,ESMA,personal_loan,16584,12,580,medium,rejected,0,mobile,true,10
app_20250111_00001734,2025-01-11 18:20:12,cust_2989355,PLWA,cash_loan,48066,48,517,medium,approved,48066,mobile_app,false,255
app_20250111_00001735,2025-01-11 21:06:19,cust_7763818,SESV,refinance,204905,240,526,medium,approved,204905,branch,false,265
app_20250111_00001736,2025-01-11 11:24:39,cust_2715784,ATVI,credit_card,43867,42,590,medium,rejected,0,mobile,true,7
app_20250111_00001737,2025-01-11 04:08:15,cust_6101764,SESV,auto_loan,33568,60,652,medium,rejected,0,web,false,19
app_20250111_00001738,2025-01-11 15:24:21,cust_7984329,PLWA,education_loan,5896,60,850,low,approved,5896,atm,false,585
app_20250111_00001739,2025-01-11 11:24:21,cust_9630128,SESV,mortgage,81708,360,579,medium,rejected,0,branch,false,8
app_20250111_00001740,2025-01-11 17:16:13,cust_2184700,ATVI,education_loan,15347,36,699,medium,rejected,0,mobile,false,70
app_20250111_00001741,2025-01-11 02:10:23,cust_4731137,CHBE,credit_card,47258,48,753,low,approved,47258,online_banking,false,896
app_20250111_00001742,2025-01-11 14:55:29,cust_6961565,ITMI,business_loan,31654,60,679,medium,approved,31654,mobile_app,true,484
app_20250111_00001743,2025-01-11 07:56:54,cust_8434312,FRID,cash_loan,1038,24,850,low,approved,1038,online_banking,false,154
app_20250111_00001744,2025-01-11 20:52:44,cust_6402646,FRID,business_loan,19838,12,824,low,rejected,0,call_center,false,17
app_20250111_00001745,2025-01-11 05:06:57,cust_7747462,AUTR,auto_loan,31109,72,734,low,approved,31109,branch,false,721
app_20250111_00001746,2025-01-11 22:19:17,cust_1137526,SESV,business_loan,4025,48,599,medium,approved,4025,call_center,true,724
app_20250111_00001747,2025-01-11 11:24:18,cust_5223767,GRRE,business_loan,20361,36,607,medium,approved,20361,partner,false,216
app_20250111_00001748,2025-01-11 09:47:04,cust_2342599,PLWA,education_loan,14947,48,807,low,approved,14947,partner,false,258
app_20250111_00001749,2025-01-11 15:41:45,cust_2722127,AUTR,business_loan,12580,36,626,medium,approved,12580,call_center,true,69
app_20250111_00001750,2025-01-11 19:15:24,cust_5459551,UKLO,business_loan,33360,36,566,medium,rejected,0,mobile_app,true,29
app_20250111_00001751,2025-01-11 04:12:23,cust_7435919,NLAM,refinance,210923,360,763,low,approved,210923,web,false,507
app_20250111_00001752,2025-01-11 14:28:42,cust_1553070,ESMA,personal_loan,34614,42,563,medium,approved,34614,mobile,true,851
app_20250111_00001753,2025-01-11 22:04:56,cust_853435,PLWA,credit_card,7530,30,628,medium,rejected,0,mobile,false,45
app_20250111_00001754,2025-01-11 06:47:18,cust_6771489,ITMI,education_loan,26593,60,686,medium,rejected,0,mobile_app,true,13
app_20250111_00001755,2025-01-11 11:43:09,cust_5359128,PLWA,cash_loan,2981,30,719,low,approved,2981,partner,false,794
app_20250111_00001756,2025-01-11 12:53:00,cust_6109333,FRID,cash_loan,33621,12,665,medium,rejected,0,online_banking,true,19
app_20250111_00001757,2025-01-11 14:46:36,cust_3565557,SESV,education_loan,14949,12,634,medium,approved,14949,mobile,true,304
app_20250111_00001758,2025-01-11 09:16:30,cust_9655608,UKLO,personal_loan,6551,30,490,high,rejected,0,mobile,true,63
app_20250111_00001759,2025-01-11 22:14:37,cust_8678813,GRRE,education_loan,32993,24,773,low,approved,32993,mobile,true,773
app_20250111_00001760,2025-01-11 22:52:12,cust_7334446,AUTR,refinance,443299,120,733,low,approved,443299,online_banking,false,160
app_20250111_00001761,2025-01-11 11:27:05,cust_5400883,CZPR,auto_loan,38928,36,590,medium,approved,38928,mobile,false,783
app_20250111_00001762,2025-01-11 21:16:31,cust_5181418,ATVI,education_loan,15879,60,569,medium,approved,15879,online_banking,true,645
app_20250111_00001763,2025-01-11 07:31:23,cust_4210442,DEHE,refinance,442069,120,541,medium,rejected,0,branch,true,78
app_20250111_00001764,2025-01-11 17:20:43,cust_1018523,AUTR,education_loan,23426,60,660,medium,rejected,0,call_center,true,26
app_20250111_00001765,2025-01-11 00:58:13,cust_6376158,BENL,business_loan,32504,60,660,medium,approved,32504,mobile,false,645
app_20250111_00001766,2025-01-11 22:56:37,cust_5154751,GRRE,business_loan,13218,60,724,low,approved,13218,mobile_app,false,680
app_20250111_00001767,2025-01-11 18:12:09,cust_5987688,PORP,education_loan,20810,60,548,medium,rejected,0,partner,true,170
app_20250111_00001768,2025-01-11 08:12:09,cust_6666015,ESMA,education_loan,18486,24,637,medium,approved,18486,atm,false,287
app_20250111_00001769,2025-01-11 10:49:21,cust_1172210,SESV,auto_loan,15697,48,718,low,approved,15697,partner,true,726
app_20250111_00001770,2025-01-11 23:31:57,cust_6173967,ATVI,cash_loan,31290,42,718,low,rejected,0,mobile,true,178
app_20250111_00001771,2025-01-11 17:29:08,cust_2122566,ATVI,education_loan,9207,60,559,medium,rejected,0,online_banking,true,81
app_20250111_00001772,2025-01-11 10:20:22,cust_7957216,ESMA,education_loan,15566,24,639,medium,rejected,0,web,true,44
app_20250111_00001773,2025-01-11 00:39:51,cust_869829,PLWA,auto_loan,54813,72,578,medium,rejected,0,call_center,false,164
app_20250111_00001774,2025-01-11 21:00:38,cust_1734355,CZPR,cash_loan,21186,12,828,low,approved,21186,partner,false,319
app_20250111_00001775,2025-01-11 00:01:06,cust_4702502,ESMA,auto_loan,46976,60,497,high,rejected,0,branch,true,115
app_20250111_00001776,2025-01-11 17:19:36,cust_7074638,UKLO,mortgage,70681,360,669,medium,approved,70681,branch,false,731
app_20250111_00001777,2025-01-11 05:19:25,cust_7112757,BENL,credit_card,38117,24,596,medium,approved,38117,web,true,880
app_20250111_00001778,2025-01-11 15:30:10,cust_8997156,FRID,personal_loan,47552,42,501,medium,rejected,0,mobile,false,47
app_20250111_00001779,2025-01-11 18:47:22,cust_714155,PORP,education_loan,6014,48,673,medium,approved,6014,web,false,48
app_20250111_00001780,2025-01-11 17:55:02,cust_1293016,SESV,refinance,482891,300,650,medium,approved,482891,mobile_app,true,371
app_20250111_00001781,2025-01-11 02:54:34,cust_9716413,DEHE,refinance,226129,180,701,low,approved,226129,call_center,false,480
app_20250111_00001782,2025-01-11 06:43:57,cust_1566611,SESV,cash_loan,19555,42,576,medium,rejected,0,branch,true,160
app_20250111_00001783,2025-01-11 19:19:44,cust_7825394,AUTR,cash_loan,34475,42,528,medium,rejected,0,online_banking,false,45
app_20250111_00001784,2025-01-11 03:22:49,cust_2216186,CZPR,cash_loan,18393,12,653,medium,approved,18393,call_center,true,580
app_20250111_00001785,2025-01-11 00:14:14,cust_1332448,ATVI,mortgage,141437,360,743,low,approved,141437,partner,false,670
app_20250111_00001786,2025-01-11 17:05:39,cust_7391462,CZPR,mortgage,86922,180,607,medium,approved,86922,mobile_app,false,350
app_20250111_00001787,2025-01-11 09:44:57,cust_8732306,CHBE,mortgage,138732,180,606,medium,approved,138732,branch,false,174
app_20250111_00001788,2025-01-11 13:03:13,cust_5793398,DEHE,mortgage,376345,240,763,low,approved,376345,online_banking,true,313
app_20250111_00001789,2025-01-11 12:52:32,cust_2903176,BENL,auto_loan,22539,24,749,low,approved,22539,atm,false,127
app_20250111_00001790,2025-01-11 10:55:35,cust_5427363,ATVI,auto_loan,40569,60,733,low,approved,40569,branch,false,351
app_20250111_00001791,2025-01-11 20:59:33,cust_378482,PORP,cash_loan,7947,42,598,medium,approved,7947,call_center,false,874
app_20250111_00001792,2025-01-11 07:02:00,cust_1233776,GRRE,cash_loan,41075,24,619,medium,approved,41075,atm,false,215
app_20250111_00001793,2025-01-11 07:22:00,cust_2626820,UKLO,mortgage,424152,180,540,medium,rejected,0,mobile,true,73
app_20250111_00001794,2025-01-11 13:46:57,cust_7043599,CHBE,mortgage,204400,300,812,low,approved,204400,atm,true,94
app_20250111_00001795,2025-01-11 14:28:19,cust_3230037,BENL,business_loan,20462,48,665,medium,rejected,0,atm,false,64
app_20250111_00001796,2025-01-11 04:31:22,cust_4499260,NLAM,auto_loan,54949,48,850,low,approved,54949,online_banking,true,503
app_20250111_00001797,2025-01-11 11:20:54,cust_3634721,UKLO,mortgage,133294,180,642,medium,approved,133294,mobile_app,true,829
app_20250111_00001798,2025-01-11 22:12:28,cust_7465877,CHBE,education_loan,14566,48,536,medium,approved,14566,online_banking,false,105
app_20250111_00001799,2025-01-11 19:10:32,cust_3138071,GRRE,auto_loan,36412,48,639,medium,approved,36412,branch,false,472
app_20250111_00001800,2025-01-11 14:12:43,cust_4867753,PLWA,auto_loan,16674,60,678,medium,approved,16674,call_center,false,122
app_20250111_00001801,2025-01-11 05:06:25,cust_6013582,ITMI,cash_loan,26380,12,641,medium,rejected,0,mobile_app,true,139
app_20250111_00001802,2025-01-11 01:57:01,cust_5863136,FRID,business_loan,36530,60,703,low,approved,36530,partner,false,80
app_20250111_00001803,2025-01-11 22:05:06,cust_6876190,AUTR,cash_loan,17888,48,652,medium,approved,17888,partner,true,532
app_20250111_00001804,2025-01-11 02:43:53,cust_1303961,CZPR,personal_loan,13020,24,619,medium,approved,13020,mobile,true,183
app_20250111_00001805,2025-01-11 12:59:39,cust_5228434,UKLO,mortgage,278734,180,781,low,approved,278734,branch,false,382
app_20250111_00001806,2025-01-11 03:52:31,cust_4808037,CZPR,business_loan,17953,60,552,medium,approved,17953,call_center,true,774
app_20250111_00001807,2025-01-11 09:42:59,cust_3118715,CZPR,credit_card,35239,24,512,medium,approved,35239,atm,true,794
app_20250111_00001808,2025-01-11 23:30:07,cust_3997693,AUTR,auto_loan,5730,36,774,low,approved,5730,call_center,true,483
app_20250111_00001809,2025-01-11 23:25:24,cust_9475907,PORP,credit_card,33178,30,594,medium,rejected,0,online_banking,false,124
app_20250111_00001810,2025-01-11 03:32:58,cust_6363473,DEHE,education_loan,24273,48,808,low,approved,24273,web,true,868
app_20250111_00001811,2025-01-11 09:45:10,cust_4827392,GRRE,personal_loan,43180,30,536,medium,approved,43180,web,true,449
app_20250111_00001812,2025-01-11 17:59:53,cust_2766811,PORP,mortgage,184450,360,827,low,approved,184450,branch,false,441
app_20250111_00001813,2025-01-11 01:17:41,cust_2568001,UKLO,auto_loan,35017,24,515,medium,rejected,0,mobile_app,false,21
app_20250111_00001814,2025-01-11 19:52:31,cust_9265056,ITMI,business_loan,33291,12,632,medium,approved,33291,call_center,false,308
app_20250111_00001815,2025-01-11 08:18:05,cust_3259044,PLWA,education_loan,25363,36,588,medium,approved,25363,mobile,true,786
app_20250111_00001816,2025-01-11 19:50:05,cust_6891502,GRRE,personal_loan,41085,30,636,medium,rejected,0,branch,true,173
app_20250111_00001817,2025-01-11 17:40:58,cust_6835149,CZPR,business_loan,17207,12,426,high,rejected,0,mobile,false,22
app_20250111_00001818,2025-01-11 07:03:59,cust_8921506,ESMA,education_loan,20650,48,613,medium,rejected,0,web,true,137
app_20250111_00001819,2025-01-11 21:05:33,cust_6989588,CZPR,refinance,132696,360,761,low,approved,132696,partner,true,777
app_20250111_00001820,2025-01-11 06:44:42,cust_6256540,DEHE,business_loan,3559,48,679,medium,approved,3559,mobile_app,true,735
app_20250111_00001821,2025-01-11 09:32:28,cust_9837086,ATVI,credit_card,22675,24,495,high,rejected,0,branch,true,84
app_20250111_00001822,2025-01-11 04:00:37,cust_1172482,ITMI,personal_loan,40638,42,562,medium,rejected,0,online_banking,false,118
app_20250111_00001823,2025-01-11 13:55:16,cust_8407104,ITMI,auto_loan,31028,24,830,low,approved,31028,branch,true,50
app_20250111_00001824,2025-01-11 20:24:57,cust_7786121,AUTR,cash_loan,38593,18,690,medium,approved,38593,atm,false,569
app_20250111_00001825,2025-01-11 21:19:05,cust_2131076,CZPR,business_loan,8668,12,637,medium,approved,8668,mobile_app,false,199
app_20250111_00001826,2025-01-11 02:26:31,cust_3808223,NLAM,cash_loan,41035,36,720,low,approved,41035,web,true,318
app_20250111_00001827,2025-01-11 20:03:38,cust_7417977,ATVI,personal_loan,22250,30,704,low,approved,22250,partner,false,97
app_20250111_00001828,2025-01-11 21:45:47,cust_6636088,AUTR,cash_loan,34791,24,784,low,approved,34791,partner,true,273
app_20250111_00001829,2025-01-11 10:00:32,cust_2227503,AUTR,mortgage,175622,300,736,low,approved,175622,partner,false,337
app_20250111_00001830,2025-01-11 19:58:22,cust_434329,GRRE,mortgage,451781,360,538,medium,approved,451781,call_center,true,565
app_20250111_00001831,2025-01-11 02:02:38,cust_5516783,PORP,credit_card,32950,12,750,low,approved,32950,atm,true,635
app_20250111_00001832,2025-01-11 15:35:34,cust_3765760,ITMI,mortgage,69907,180,808,low,approved,69907,mobile_app,false,727
app_20250111_00001833,2025-01-11 19:06:07,cust_5896021,CHBE,business_loan,31711,48,757,low,approved,31711,atm,false,570
app_20250111_00001834,2025-01-11 00:19:56,cust_9864886,PLWA,business_loan,20203,36,678,medium,approved,20203,mobile,true,855
app_20250111_00001835,2025-01-11 14:38:38,cust_7031548,NLAM,education_loan,19256,60,666,medium,approved,19256,branch,true,712
app_20250111_00001836,2025-01-11 02:12:52,cust_7048688,SESV,auto_loan,37423,24,699,medium,rejected,0,atm,false,144
app_20250111_00001837,2025-01-11 16:56:59,cust_4604656,GRRE,business_loan,28517,48,689,medium,rejected,0,online_banking,true,179
app_20250111_00001838,2025-01-11 20:45:15,cust_5527518,GRRE,cash_loan,3528,18,620,medium,approved,3528,mobile_app,false,555
app_20250111_00001839,2025-01-11 15:09:59,cust_2646713,BENL,personal_loan,38763,12,559,medium,approved,38763,atm,true,108
app_20250111_00001840,2025-01-11 07:49:35,cust_8725370,NLAM,personal_loan,40347,30,632,medium,approved,40347,mobile,false,560
app_20250111_00001841,2025-01-11 03:33:39,cust_7576804,AUTR,mortgage,86706,360,608,medium,rejected,0,mobile,true,116
app_20250111_00001842,2025-01-11 12:10:25,cust_358856,CHBE,business_loan,6848,48,825,low,approved,6848,mobile,false,121
app_20250111_00001843,2025-01-11 10:05:45,cust_5639633,BENL,cash_loan,28511,42,610,medium,approved,28511,online_banking,true,706
app_20250111_00001844,2025-01-11 04:52:54,cust_2699101,ESMA,refinance,204176,180,590,medium,approved,204176,call_center,true,106
app_20250111_00001845,2025-01-11 00:26:44,cust_3606683,ESMA,refinance,158037,300,764,low,approved,158037,atm,true,622
app_20250111_00001846,2025-01-11 16:35:12,cust_7358167,GRRE,personal_loan,3596,30,603,medium,approved,3596,online_banking,true,893
app_20250111_00001847,2025-01-11 19:44:46,cust_2390642,NLAM,refinance,122613,180,669,medium,approved,122613,web,false,370
app_20250111_00001848,2025-01-11 09:26:03,cust_2972529,ITMI,education_loan,2170,36,749,low,approved,2170,mobile,false,215
app_20250111_00001849,2025-01-11 23:12:10,cust_5970593,CZPR,mortgage,132215,360,646,medium,approved,132215,mobile,false,128
app_20250111_00001850,2025-01-11 18:15:21,cust_247061,UKLO,cash_loan,35252,36,783,low,approved,35252,mobile,false,574
app_20250111_00001851,2025-01-11 06:57:05,cust_1945453,ESMA,business_loan,11836,60,524,medium,approved,11836,partner,false,531
app_20250111_00001852,2025-01-11 01:14:40,cust_3696758,ITMI,mortgage,378270,240,546,medium,approved,378270,partner,true,822
app_20250111_00001853,2025-01-11 04:56:50,cust_8979414,ATVI,auto_loan,43734,60,456,high,rejected,0,mobile,true,78
app_20250111_00001854,2025-01-11 18:08:12,cust_6561094,ESMA,education_loan,10316,36,529,medium,rejected,0,branch,false,99
app_20250111_00001855,2025-01-11 07:34:08,cust_4022051,AUTR,auto_loan,12090,60,454,high,rejected,0,web,true,70
app_20250111_00001856,2025-01-11 06:56:58,cust_3767410,DEHE,mortgage,51263,300,571,medium,rejected,0,partner,false,167
app_20250111_00001857,2025-01-11 13:22:19,cust_987369,BENL,refinance,109484,300,611,medium,approved,109484,mobile_app,false,123
app_20250111_00001858,2025-01-11 05:11:37,cust_2328581,SESV,refinance,230821,180,556,medium,approved,230821,mobile_app,true,194
app_20250111_00001859,2025-01-11 23:11:37,cust_432524,UKLO,auto_loan,11812,24,722,low,approved,11812,mobile,false,61
app_20250111_00001860,2025-01-11 04:29:28,cust_3910361,NLAM,mortgage,179166,360,690,medium,rejected,0,mobile_app,true,139
app_20250111_00001861,2025-01-11 19:44:36,cust_9780990,ITMI,education_loan,17850,48,819,low,approved,17850,mobile,true,855
app_20250111_00001862,2025-01-11 18:57:37,cust_5554080,NLAM,credit_card,16165,36,558,medium,approved,16165,partner,false,383
app_20250111_00001863,2025-01-11 04:32:08,cust_7133178,PLWA,cash_loan,14656,48,569,medium,approved,14656,branch,false,778
app_20250111_00001864,2025-01-11 09:37:08,cust_6035992,ITMI,education_loan,26545,36,771,low,rejected,0,atm,true,27
app_20250111_00001865,2025-01-11 04:46:56,cust_9065634,CZPR,refinance,76357,300,706,low,approved,76357,online_banking,false,636
app_20250111_00001866,2025-01-11 13:01:52,cust_854378,GRRE,credit_card,5825,30,640,medium,approved,5825,mobile,false,726
app_20250111_00001867,2025-01-11 02:51:45,cust_6814594,PORP,education_loan,31912,24,718,low,approved,31912,online_banking,false,769
app_20250111_00001868,2025-01-11 07:14:31,cust_5475042,FRID,credit_card,49248,42,619,medium,approved,49248,branch,true,217
app_20250111_00001869,2025-01-11 13:00:04,cust_2769680,PLWA,refinance,368076,360,725,low,approved,368076,call_center,true,897
app_20250111_00001870,2025-01-11 12:24:51,cust_9777970,ITMI,personal_loan,20003,12,599,medium,approved,20003,web,false,304
app_20250111_00001871,2025-01-11 05:07:32,cust_8673664,DEHE,education_loan,5557,12,682,medium,approved,5557,online_banking,true,440
app_20250111_00001872,2025-01-11 18:25:10,cust_8272211,FRID,refinance,409499,300,516,medium,rejected,0,branch,true,94
app_20250111_00001873,2025-01-11 23:39:00,cust_3204104,PLWA,business_loan,2543,48,596,medium,rejected,0,atm,true,84
app_20250111_00001874,2025-01-11 07:26:43,cust_3790175,PLWA,business_loan,36075,60,458,high,rejected,0,mobile_app,false,166
app_20250111_00001875,2025-01-11 08:42:32,cust_3644764,ATVI,auto_loan,44689,36,707,low,approved,44689,web,true,888
app_20250111_00001876,2025-01-11 08:41:30,cust_727639,ITMI,cash_loan,34707,12,672,medium,approved,34707,call_center,true,212
app_20250111_00001877,2025-01-11 05:21:53,cust_7146940,ATVI,personal_loan,24326,24,581,medium,rejected,0,partner,false,127
app_20250111_00001878,2025-01-11 00:23:10,cust_2750477,FRID,mortgage,314372,180,540,medium,rejected,0,mobile,false,179
app_20250111_00001879,2025-01-11 00:19:46,cust_5993223,CZPR,business_loan,28839,60,660,medium,rejected,0,call_center,true,90
app_20250111_00001880,2025-01-11 09:50:09,cust_1836376,GRRE,credit_card,43202,12,599,medium,approved,43202,call_center,true,91
app_20250111_00001881,2025-01-11 07:05:56,cust_6659249,UKLO,mortgage,433689,240,760,low,approved,433689,branch,true,718
app_20250111_00001882,2025-01-11 01:37:15,cust_6113561,DEHE,refinance,230456,120,609,medium,approved,230456,mobile,true,475
app_20250111_00001883,2025-01-11 08:38:00,cust_3218321,PLWA,mortgage,380040,120,618,medium,approved,380040,mobile,true,881
app_20250111_00001884,2025-01-11 13:39:34,cust_8816112,PORP,refinance,107662,300,671,medium,approved,107662,online_banking,false,760
app_20250111_00001885,2025-01-11 06:00:37,cust_7652489,AUTR,mortgage,117534,180,608,medium,approved,117534,call_center,true,664
app_20250111_00001886,2025-01-11 13:22:01,cust_8279933,DEHE,cash_loan,26236,48,810,low,approved,26236,mobile,false,459
app_20250111_00001887,2025-01-11 02:46:30,cust_6432467,NLAM,refinance,195497,120,805,low,approved,195497,mobile_app,true,657
app_20250111_00001888,2025-01-11 20:59:34,cust_9468262,GRRE,education_loan,25841,48,676,medium,rejected,0,mobile_app,false,69
app_20250111_00001889,2025-01-11 00:54:07,cust_8057850,ESMA,refinance,388309,180,646,medium,approved,388309,online_banking,true,191
app_20250111_00001890,2025-01-11 06:10:12,cust_7754740,PLWA,auto_loan,17918,36,652,medium,rejected,0,mobile,true,107
app_20250111_00001891,2025-01-11 19:47:53,cust_6697862,ITMI,credit_card,39900,36,594,medium,approved,39900,mobile_app,true,643
app_20250111_00001892,2025-01-11 02:32:29,cust_5111485,GRRE,credit_card,1574,18,644,medium,approved,1574,call_center,true,181
app_20250111_00001893,2025-01-11 02:52:55,cust_9518489,DEHE,credit_card,10931,18,534,medium,rejected,0,mobile_app,true,161
app_20250111_00001894,2025-01-11 17:10:46,cust_9285557,ATVI,auto_loan,30548,36,581,medium,rejected,0,mobile_app,true,93
app_20250111_00001895,2025-01-11 05:52:12,cust_393084,DEHE,cash_loan,18753,12,657,medium,approved,18753,mobile,false,31
app_20250111_00001896,2025-01-11 07:44:11,cust_5636781,ESMA,education_loan,38026,48,621,medium,rejected,0,online_banking,true,45
app_20250111_00001897,2025-01-11 16:33:35,cust_5907606,FRID,refinance,245754,240,709,low,approved,245754,web,false,603
app_20250111_00001898,2025-01-11 09:27:07,cust_1350808,FRID,mortgage,119258,300,687,medium,approved,119258,mobile,true,492
app_20250111_00001899,2025-01-11 00:02:33,cust_9140508,ITMI,auto_loan,15245,48,583,medium,approved,15245,online_banking,true,304
app_20250111_00001900,2025-01-11 21:03:47,cust_7223838,AUTR,business_loan,34296,48,664,medium,approved,34296,branch,true,774
app_20250111_00001901,2025-01-11 12:51:40,cust_9803225,FRID,cash_loan,25184,30,655,medium,approved,25184,partner,false,498
app_20250111_00001902,2025-01-11 19:59:05,cust_5675366,GRRE,education_loan,37998,36,379,high,rejected,0,call_center,false,72
app_20250111_00001903,2025-01-11 12:30:25,cust_2999374,ITMI,credit_card,42683,12,624,medium,rejected,0,call_center,false,103
app_20250111_00001904,2025-01-11 12:10:56,cust_192660,CHBE,personal_loan,46546,30,516,medium,approved,46546,call_center,false,491
app_20250111_00001905,2025-01-11 05:15:33,cust_6499243,FRID,refinance,261041,300,636,medium,approved,261041,online_banking,false,679
app_20250111_00001906,2025-01-11 15:32:33,cust_9267398,ITMI,refinance,449811,120,850,low,approved,449811,web,false,589
app_20250111_00001907,2025-01-11 00:13:57,cust_1577446,SESV,personal_loan,13296,30,515,medium,approved,13296,partner,true,338
app_20250111_00001908,2025-01-11 05:08:25,cust_8787343,ATVI,cash_loan,46486,42,707,low,approved,46486,call_center,false,337
app_20250111_00001909,2025-01-11 01:29:13,cust_9032071,ESMA,personal_loan,13156,30,850,low,approved,13156,mobile,true,70
app_20250111_00001910,2025-01-11 16:13:07,cust_157086,CHBE,personal_loan,26529,18,572,medium,approved,26529,online_banking,false,561
app_20250111_00001911,2025-01-11 12:18:56,cust_295705,BENL,personal_loan,26598,36,578,medium,rejected,0,branch,true,39
app_20250111_00001912,2025-01-11 00:35:35,cust_3606315,ATVI,credit_card,2670,12,642,medium,approved,2670,partner,true,174
app_20250111_00001913,2025-01-11 15:19:18,cust_5566136,GRRE,credit_card,28018,18,594,medium,rejected,0,mobile,true,137
app_20250111_00001914,2025-01-11 11:22:31,cust_8363371,SESV,business_loan,37808,48,605,medium,approved,37808,atm,false,507
app_20250111_00001915,2025-01-11 20:02:31,cust_8253744,AUTR,cash_loan,24922,18,659,medium,rejected,0,mobile_app,true,124
app_20250111_00001916,2025-01-11 19:08:14,cust_8387010,UKLO,business_loan,6049,60,622,medium,approved,6049,web,false,324
app_20250111_00001917,2025-01-11 15:05:22,cust_9628655,SESV,education_loan,19832,36,711,low,approved,19832,mobile_app,false,569
app_20250111_00001918,2025-01-11 22:43:59,cust_8207133,UKLO,business_loan,30210,60,619,medium,rejected,0,web,false,62
app_20250111_00001919,2025-01-11 19:58:21,cust_9763993,GRRE,mortgage,198535,240,658,medium,rejected,0,partner,true,83
app_20250111_00001920,2025-01-11 03:13:04,cust_8745718,BENL,mortgage,146858,240,712,low,approved,146858,online_banking,false,648
app_20250111_00001921,2025-01-11 06:09:40,cust_7247221,DEHE,business_loan,23850,24,745,low,approved,23850,atm,true,693
app_20250111_00001922,2025-01-11 03:45:40,cust_3486760,SESV,education_loan,21574,24,669,medium,rejected,0,mobile,false,106
app_20250111_00001923,2025-01-11 17:42:32,cust_6210102,PLWA,personal_loan,37893,24,599,medium,rejected,0,web,false,8
app_20250111_00001924,2025-01-11 05:31:21,cust_1466293,PORP,credit_card,21860,12,478,high,rejected,0,partner,true,107
app_20250111_00001925,2025-01-11 07:11:46,cust_9946336,CHBE,cash_loan,20075,12,593,medium,approved,20075,online_banking,true,833
app_20250111_00001926,2025-01-11 01:29:02,cust_8517486,CHBE,business_loan,9614,60,666,medium,approved,9614,online_banking,false,396
app_20250111_00001927,2025-01-11 17:44:38,cust_3990224,CHBE,refinance,440238,180,559,medium,rejected,0,mobile_app,false,20
app_20250111_00001928,2025-01-11 10:57:57,cust_606426,GRRE,auto_loan,13718,48,660,medium,approved,13718,mobile_app,true,111
app_20250111_00001929,2025-01-11 16:05:16,cust_1554064,PLWA,business_loan,33162,48,621,medium,approved,33162,partner,false,449
app_20250111_00001930,2025-01-11 01:15:04,cust_1404866,BENL,credit_card,22078,36,617,medium,approved,22078,partner,true,786
app_20250111_00001931,2025-01-11 10:16:21,cust_2732522,SESV,personal_loan,22260,30,708,low,approved,22260,web,false,614
app_20250111_00001932,2025-01-11 22:56:14,cust_1376006,ITMI,refinance,291639,300,804,low,approved,291639,online_banking,true,478
app_20250111_00001933,2025-01-11 21:25:27,cust_2627313,BENL,personal_loan,16456,12,592,medium,rejected,0,online_banking,true,159
app_20250111_00001934,2025-01-11 23:40:48,cust_6475089,CHBE,refinance,444350,180,715,low,approved,444350,call_center,false,503
app_20250111_00001935,2025-01-11 10:33:51,cust_4006043,UKLO,business_loan,17589,48,719,low,approved,17589,partner,false,645
app_20250111_00001936,2025-01-11 15:33:52,cust_9330104,SESV,mortgage,270590,360,682,medium,rejected,0,atm,false,134
app_20250111_00001937,2025-01-11 14:09:16,cust_9990590,DEHE,education_loan,14528,60,491,high,approved,14528,mobile,false,421
app_20250111_00001938,2025-01-11 08:40:50,cust_2376024,PLWA,personal_loan,16746,30,682,medium,approved,16746,web,false,76
app_20250111_00001939,2025-01-11 04:07:36,cust_7064747,FRID,auto_loan,34111,60,640,medium,approved,34111,mobile_app,false,481
app_20250111_00001940,2025-01-11 09:49:05,cust_8268908,PORP,business_loan,35358,12,647,medium,approved,35358,partner,false,624
app_20250111_00001941,2025-01-11 12:27:46,cust_8586962,BENL,personal_loan,41492,30,668,medium,rejected,0,partner,false,73
app_20250111_00001942,2025-01-11 09:22:19,cust_8094285,BENL,mortgage,392938,120,611,medium,rejected,0,mobile_app,false,62
app_20250111_00001943,2025-01-11 04:40:39,cust_1375763,BENL,auto_loan,28082,36,737,low,approved,28082,web,false,130
app_20250111_00001944,2025-01-11 04:51:33,cust_4237824,ATVI,credit_card,35740,18,668,medium,rejected,0,mobile,false,80
app_20250111_00001945,2025-01-11 21:49:34,cust_8265266,NLAM,business_loan,23093,60,731,low,approved,23093,mobile,false,330
app_20250111_00001946,2025-01-11 01:06:04,cust_9075630,DEHE,refinance,327673,120,582,medium,rejected,0,atm,true,48
app_20250111_00001947,2025-01-11 02:10:52,cust_1234365,ATVI,mortgage,119967,120,529,medium,approved,119967,mobile_app,false,849
app_20250111_00001948,2025-01-11 09:18:04,cust_6473760,BENL,credit_card,22349,48,592,medium,rejected,0,online_banking,true,18
app_20250111_00001949,2025-01-11 11:51:23,cust_5707271,SESV,refinance,345615,120,604,medium,rejected,0,call_center,true,145
app_20250111_00001950,2025-01-11 18:01:56,cust_116509,CZPR,education_loan,38481,60,654,medium,approved,38481,mobile_app,true,386
app_20250111_00001951,2025-01-11 15:27:09,cust_7181571,SESV,auto_loan,19515,72,657,medium,rejected,0,atm,false,89
app_20250111_00001952,2025-01-11 11:35:50,cust_8755941,DEHE,cash_loan,7334,18,701,low,approved,7334,web,false,473
app_20250111_00001953,2025-01-11 02:38:28,cust_3638299,UKLO,mortgage,348101,300,563,medium,approved,348101,partner,true,752
app_20250111_00001954,2025-01-11 01:05:18,cust_2517768,ATVI,credit_card,40220,18,850,low,approved,40220,atm,true,304
app_20250111_00001955,2025-01-11 07:02:50,cust_101107,ESMA,business_loan,37032,12,612,medium,approved,37032,web,false,116
app_20250111_00001956,2025-01-11 19:45:08,cust_3442926,DEHE,credit_card,38742,18,495,high,rejected,0,branch,true,70
app_20250111_00001957,2025-01-11 16:21:45,cust_2669186,CHBE,business_loan,9359,12,594,medium,approved,9359,partner,true,59
app_20250111_00001958,2025-01-11 17:36:55,cust_5703695,UKLO,credit_card,1103,30,668,medium,approved,1103,call_center,false,623
app_20250111_00001959,2025-01-11 21:43:46,cust_8451878,SESV,credit_card,20176,12,598,medium,rejected,0,web,false,98
app_20250111_00001960,2025-01-11 13:14:49,cust_1445060,ESMA,credit_card,2111,24,656,medium,rejected,0,partner,true,98
app_20250111_00001961,2025-01-11 14:03:29,cust_7012884,BENL,mortgage,476255,300,759,low,approved,476255,mobile_app,true,698
app_20250111_00001962,2025-01-11 01:50:31,cust_1796620,AUTR,credit_card,40494,12,634,medium,approved,40494,call_center,true,770
app_20250111_00001963,2025-01-11 21:29:43,cust_1424030,FRID,auto_loan,22967,24,629,medium,approved,22967,mobile,false,476
app_20250111_00001964,2025-01-11 17:32:13,cust_2992525,AUTR,cash_loan,12063,36,622,medium,approved,12063,web,false,261
app_20250111_00001965,2025-01-11 14:35:28,cust_8563515,ITMI,refinance,429810,360,807,low,approved,429810,call_center,true,459
app_20250111_00001966,2025-01-11 17:22:17,cust_3282148,PLWA,refinance,129909,240,753,low,approved,129909,branch,true,552
app_20250111_00001967,2025-01-11 09:35:13,cust_8025662,DEHE,credit_card,46633,12,555,medium,rejected,0,branch,true,88
app_20250111_00001968,2025-01-11 17:18:54,cust_9960068,PLWA,credit_card,33781,48,825,low,approved,33781,mobile_app,true,613
app_20250111_00001969,2025-01-11 14:29:06,cust_6912825,AUTR,mortgage,196409,360,501,medium,approved,196409,web,true,586
app_20250111_00001970,2025-01-11 01:20:47,cust_5873542,CHBE,cash_loan,3896,18,514,medium,rejected,0,atm,false,9
app_20250111_00001971,2025-01-11 15:50:10,cust_1574403,CHBE,education_loan,29924,36,647,medium,rejected,0,web,false,144
app_20250111_00001972,2025-01-11 09:29:21,cust_5842740,NLAM,refinance,418164,180,605,medium,rejected,0,online_banking,true,120
app_20250111_00001973,2025-01-11 02:08:57,cust_2706216,UKLO,personal_loan,34732,42,692,medium,rejected,0,mobile_app,true,64
app_20250111_00001974,2025-01-11 09:46:24,cust_6936798,AUTR,refinance,465417,240,682,medium,rejected,0,partner,false,6
app_20250111_00001975,2025-01-11 08:15:01,cust_2973434,ESMA,refinance,138399,180,727,low,approved,138399,mobile_app,true,841
app_20250111_00001976,2025-01-11 13:21:07,cust_4978315,PLWA,credit_card,2847,18,394,high,rejected,0,atm,false,39
app_20250111_00001977,2025-01-11 22:23:56,cust_7717373,AUTR,business_loan,16512,12,617,medium,approved,16512,branch,true,335
app_20250111_00001978,2025-01-11 10:14:17,cust_3443745,GRRE,mortgage,146294,360,579,medium,approved,146294,partner,true,171
app_20250111_00001979,2025-01-11 18:26:49,cust_5929473,ITMI,business_loan,6464,60,589,medium,rejected,0,mobile,false,178
app_20250111_00001980,2025-01-11 21:19:07,cust_1335517,ESMA,auto_loan,38341,36,747,low,approved,38341,web,false,75
app_20250111_00001981,2025-01-11 19:18:28,cust_2151264,FRID,credit_card,19945,42,798,low,approved,19945,mobile,false,186
app_20250111_00001982,2025-01-11 14:43:15,cust_6828539,ITMI,mortgage,424102,360,769,low,approved,424102,mobile_app,true,280
app_20250111_00001983,2025-01-11 03:08:37,cust_3140645,PORP,education_loan,3008,48,850,low,rejected,0,online_banking,false,89
app_20250111_00001984,2025-01-11 10:20:18,cust_3017295,CZPR,auto_loan,26420,24,584,medium,rejected,0,call_center,true,136
app_20250111_00001985,2025-01-11 17:20:11,cust_2614037,AUTR,credit_card,46392,42,729,low,approved,46392,branch,false,470
app_20250111_00001986,2025-01-11 00:19:02,cust_6499766,NLAM,credit_card,38987,30,703,low,approved,38987,call_center,false,208
app_20250111_00001987,2025-01-11 08:43:15,cust_5316596,NLAM,education_loan,3202,36,493,high,rejected,0,call_center,true,23
app_20250111_00001988,2025-01-11 04:00:21,cust_2353942,SESV,education_loan,27527,60,590,medium,approved,27527,online_banking,false,564
app_20250111_00001989,2025-01-11 20:12:49,cust_8377642,ITMI,auto_loan,6734,24,500,medium,rejected,0,call_center,false,83
app_20250111_00001990,2025-01-11 06:52:38,cust_1695127,PLWA,personal_loan,45129,12,745,low,approved,45129,mobile_app,false,324
app_20250111_00001991,2025-01-11 18:10:28,cust_8482926,CHBE,business_loan,18813,24,785,low,approved,18813,atm,true,70
app_20250111_00001992,2025-01-11 12:39:22,cust_8327936,AUTR,refinance,229463,360,689,medium,approved,229463,mobile_app,true,599
app_20250111_00001993,2025-01-11 08:34:05,cust_9888543,CHBE,auto_loan,44158,60,737,low,approved,44158,branch,true,650
app_20250111_00001994,2025-01-11 23:40:11,cust_5211899,FRID,credit_card,42715,12,615,medium,approved,42715,partner,false,598
app_20250111_00001995,2025-01-11 04:39:38,cust_9909704,ATVI,credit_card,46533,18,706,low,approved,46533,web,false,276
app_20250111_00001996,2025-01-11 12:33:19,cust_4388973,BENL,education_loan,21592,36,474,high,rejected,0,call_center,false,102
app_20250111_00001997,2025-01-11 14:24:41,cust_9340460,NLAM,mortgage,453519,360,565,medium,rejected,0,call_center,true,150
app_20250111_00001998,2025-01-11 11:07:01,cust_1012073,NLAM,refinance,316588,300,595,medium,approved,316588,mobile,false,802
app_20250111_00001999,2025-01-11 02:32:24,cust_1006053,SESV,personal_loan,11866,24,605,medium,approved,11866,partner,false,514
app_20250111_00002000,2025-01-11 06:43:47,cust_2396144,CHBE,auto_loan,53522,72,766,low,approved,53522,branch,false,103
app_20250111_00002001,2025-01-11 12:15:07,cust_4509765,GRRE,credit_card,38246,24,803,low,approved,38246,branch,true,221
app_20250111_00002002,2025-01-11 04:44:27,cust_100885,ITMI,credit_card,32686,30,836,low,rejected,0,branch,true,149
app_20250111_00002003,2025-01-11 06:04:49,cust_119715,PORP,refinance,181596,360,555,medium,approved,181596,online_banking,false,809
app_20250111_00002004,2025-01-11 06:02:54,cust_8437764,PORP,personal_loan,46761,36,757,low,approved,46761,mobile,true,94
app_20250111_00002005,2025-01-11 20:36:50,cust_6541256,GRRE,credit_card,49465,24,421,high,rejected,0,mobile_app,false,123
app_20250111_00002006,2025-01-11 19:53:51,cust_144649,SESV,credit_card,43472,18,704,low,approved,43472,web,false,429
app_20250111_00002007,2025-01-11 19:29:55,cust_6891253,PORP,education_loan,5957,12,651,medium,approved,5957,branch,true,97
app_20250111_00002008,2025-01-11 17:41:47,cust_936270,UKLO,personal_loan,8455,36,390,high,rejected,0,branch,true,43
app_20250111_00002009,2025-01-11 22:18:01,cust_4748849,PLWA,cash_loan,20167,18,691,medium,approved,20167,call_center,false,742
app_20250111_00002010,2025-01-11 18:16:22,cust_2238251,GRRE,refinance,124826,240,487,high,rejected,0,mobile_app,false,90
app_20250111_00002011,2025-01-11 00:02:33,cust_4795258,UKLO,mortgage,220363,360,571,medium,rejected,0,mobile_app,false,61
app_20250111_00002012,2025-01-11 05:00:47,cust_6478328,GRRE,personal_loan,24076,30,706,low,approved,24076,branch,false,318
app_20250111_00002013,2025-01-11 10:57:36,cust_2634613,CZPR,refinance,180028,120,585,medium,approved,180028,partner,true,711
app_20250111_00002014,2025-01-11 10:21:54,cust_3999175,CHBE,mortgage,337143,180,461,high,rejected,0,online_banking,true,116
app_20250111_00002015,2025-01-11 19:52:47,cust_9385870,UKLO,personal_loan,47845,36,762,low,approved,47845,atm,true,266
app_20250111_00002016,2025-01-11 17:44:54,cust_3618994,FRID,personal_loan,15366,18,657,medium,rejected,0,online_banking,true,50
app_20250111_00002017,2025-01-11 23:23:56,cust_6881738,ESMA,auto_loan,56307,72,705,low,approved,56307,mobile,false,277
app_20250111_00002018,2025-01-11 16:45:08,cust_9351944,CHBE,auto_loan,30195,60,623,medium,approved,30195,branch,true,317
app_20250111_00002019,2025-01-11 01:03:34,cust_8764481,FRID,mortgage,446510,180,559,medium,rejected,0,mobile_app,true,126
app_20250111_00002020,2025-01-11 14:35:08,cust_9226082,PLWA,business_loan,37637,60,703,low,approved,37637,atm,false,423
app_20250111_00002021,2025-01-11 18:22:04,cust_2936726,CHBE,personal_loan,38732,12,717,low,approved,38732,partner,true,692
app_20250111_00002022,2025-01-11 19:29:56,cust_4885523,ESMA,mortgage,384752,120,526,medium,approved,384752,web,true,471
app_20250111_00002023,2025-01-11 08:58:11,cust_631459,PORP,auto_loan,18449,60,575,medium,rejected,0,partner,true,24
app_20250111_00002024,2025-01-11 14:52:38,cust_3486146,CZPR,education_loan,7178,24,573,medium,rejected,0,mobile,false,22
app_20250111_00002025,2025-01-11 05:44:50,cust_9710854,SESV,credit_card,5829,36,756,low,approved,5829,atm,false,234
app_20250111_00002026,2025-01-11 16:01:17,cust_7835142,ATVI,mortgage,170306,240,509,medium,approved,170306,online_banking,false,467
app_20250111_00002027,2025-01-11 14:27:31,cust_2378248,NLAM,refinance,270988,180,850,low,approved,270988,partner,false,612
app_20250111_00002028,2025-01-11 07:00:01,cust_8153905,CZPR,auto_loan,55399,72,648,medium,approved,55399,mobile,true,156
app_20250111_00002029,2025-01-11 12:56:35,cust_4258666,UKLO,personal_loan,43533,30,656,medium,rejected,0,branch,true,93
app_20250111_00002030,2025-01-11 00:08:39,cust_9244871,CZPR,business_loan,17540,36,657,medium,rejected,0,mobile_app,true,41
app_20250111_00002031,2025-01-11 18:38:31,cust_8511702,PORP,business_loan,33179,48,850,low,approved,33179,mobile,false,189
app_20250111_00002032,2025-01-11 06:01:42,cust_5857519,CZPR,education_loan,16350,48,583,medium,rejected,0,online_banking,true,138
app_20250111_00002033,2025-01-11 23:31:22,cust_9730450,ITMI,auto_loan,26079,60,544,medium,rejected,0,call_center,false,180
app_20250111_00002034,2025-01-11 00:57:50,cust_3692672,SESV,refinance,332387,120,718,low,approved,332387,online_banking,true,704
app_20250111_00002035,2025-01-11 19:10:55,cust_8826642,PORP,mortgage,400495,240,447,high,rejected,0,mobile,false,74
app_20250111_00002036,2025-01-11 07:16:17,cust_2223853,SESV,mortgage,401558,360,534,medium,rejected,0,web,true,109
app_20250111_00002037,2025-01-11 03:11:37,cust_4946210,PLWA,refinance,229816,120,653,medium,approved,229816,partner,false,718
app_20250111_00002038,2025-01-11 17:02:11,cust_2077791,SESV,cash_loan,43486,48,548,medium,rejected,0,online_banking,true,132
app_20250111_00002039,2025-01-11 12:42:14,cust_9434855,SESV,credit_card,22428,24,700,low,approved,22428,branch,false,107
app_20250111_00002040,2025-01-11 11:21:01,cust_6067001,PORP,mortgage,342336,180,512,medium,rejected,0,online_banking,false,62
app_20250111_00002041,2025-01-11 10:50:12,cust_8853617,FRID,business_loan,11683,24,590,medium,approved,11683,online_banking,false,859
app_20250111_00002042,2025-01-11 04:52:40,cust_5228951,UKLO,auto_loan,33692,36,781,low,approved,33692,online_banking,false,346
app_20250111_00002043,2025-01-11 12:15:31,cust_8341785,GRRE,mortgage,283453,300,507,medium,rejected,0,online_banking,true,152
app_20250111_00002044,2025-01-11 15:43:14,cust_6311743,FRID,mortgage,60630,180,448,high,rejected,0,web,false,85
app_20250111_00002045,2025-01-11 16:03:12,cust_8249225,BENL,cash_loan,11858,48,589,medium,rejected,0,atm,true,125
app_20250111_00002046,2025-01-11 09:49:56,cust_1714702,BENL,personal_loan,31048,36,711,low,approved,31048,call_center,true,153
app_20250111_00002047,2025-01-11 19:41:26,cust_9207598,FRID,business_loan,8052,36,688,medium,approved,8052,mobile,false,174
app_20250111_00002048,2025-01-11 16:01:57,cust_6161522,ITMI,cash_loan,39065,42,619,medium,approved,39065,atm,false,283
app_20250111_00002049,2025-01-11 18:48:50,cust_1131302,SESV,credit_card,17864,24,734,low,approved,17864,branch,true,732
app_20250111_00002050,2025-01-11 08:42:53,cust_1640781,PLWA,refinance,434975,120,605,medium,approved,434975,call_center,true,701
app_20250111_00002051,2025-01-11 09:47:42,cust_5836582,SESV,personal_loan,15132,12,704,low,approved,15132,branch,false,631
app_20250111_00002052,2025-01-11 02:59:26,cust_5004030,ESMA,refinance,310696,360,769,low,approved,310696,mobile,false,504
app_20250111_00002053,2025-01-11 23:39:31,cust_2563307,PLWA,education_loan,33406,12,580,medium,approved,33406,atm,true,221
app_20250111_00002054,2025-01-11 00:50:06,cust_4865621,PLWA,cash_loan,33550,36,516,medium,rejected,0,mobile_app,true,106
app_20250111_00002055,2025-01-11 14:03:07,cust_9358617,AUTR,education_loan,21637,48,585,medium,approved,21637,atm,false,164
app_20250111_00002056,2025-01-11 07:16:42,cust_8096753,ATVI,cash_loan,12312,30,622,medium,rejected,0,branch,true,8
app_20250111_00002057,2025-01-11 17:34:49,cust_2654406,PLWA,auto_loan,54594,72,850,low,approved,54594,mobile,true,725
app_20250111_00002058,2025-01-11 02:09:02,cust_2805018,AUTR,cash_loan,46361,30,624,medium,rejected,0,call_center,false,113
app_20250111_00002059,2025-01-11 13:48:53,cust_5492463,ATVI,personal_loan,13325,36,560,medium,rejected,0,online_banking,true,127
app_20250111_00002060,2025-01-11 06:30:11,cust_1071017,CHBE,mortgage,340978,360,592,medium,approved,340978,branch,true,659
app_20250111_00002061,2025-01-11 00:41:21,cust_5007988,DEHE,personal_loan,42200,36,478,high,rejected,0,web,true,42
app_20250111_00002062,2025-01-11 22:49:26,cust_6742728,SESV,education_loan,26605,48,551,medium,approved,26605,partner,true,558
app_20250111_00002063,2025-01-11 03:25:49,cust_2498717,SESV,cash_loan,19867,24,663,medium,rejected,0,web,true,12
app_20250111_00002064,2025-01-11 04:02:12,cust_2829417,CHBE,education_loan,30447,36,627,medium,approved,30447,branch,false,42
app_20250111_00002065,2025-01-11 15:58:39,cust_5102769,CHBE,auto_loan,56656,36,635,medium,approved,56656,web,false,837
app_20250111_00002066,2025-01-11 20:04:24,cust_707781,NLAM,education_loan,35291,48,425,high,rejected,0,online_banking,false,141
app_20250111_00002067,2025-01-11 06:11:57,cust_233463,BENL,personal_loan,18006,18,581,medium,approved,18006,online_banking,true,610
app_20250111_00002068,2025-01-11 04:45:28,cust_4652337,SESV,refinance,159595,120,729,low,rejected,0,mobile,true,79
app_20250111_00002069,2025-01-11 03:05:37,cust_9299212,ESMA,cash_loan,39868,18,669,medium,rejected,0,atm,false,50
app_20250111_00002070,2025-01-11 01:20:33,cust_4047774,PORP,cash_loan,23835,24,605,medium,approved,23835,call_center,true,137
app_20250111_00002071,2025-01-11 05:38:36,cust_9205429,SESV,cash_loan,33991,24,797,low,rejected,0,call_center,true,38
app_20250111_00002072,2025-01-11 10:09:28,cust_7379084,AUTR,refinance,190715,120,637,medium,rejected,0,atm,true,51
app_20250111_00002073,2025-01-11 12:42:59,cust_5914171,ATVI,mortgage,163649,120,592,medium,rejected,0,web,false,114
app_20250111_00002074,2025-01-11 16:46:07,cust_7901468,PORP,credit_card,41878,24,713,low,approved,41878,mobile_app,true,374
app_20250111_00002075,2025-01-11 13:10:04,cust_9114638,CZPR,business_loan,34988,24,678,medium,rejected,0,mobile_app,false,73
app_20250111_00002076,2025-01-11 11:49:05,cust_6366671,NLAM,credit_card,8056,36,759,low,approved,8056,online_banking,true,263
app_20250111_00002077,2025-01-11 20:20:05,cust_8891668,CZPR,education_loan,6209,48,701,low,approved,6209,atm,true,221
app_20250111_00002078,2025-01-11 04:32:18,cust_6112224,CZPR,education_loan,18187,36,595,medium,approved,18187,branch,true,317
app_20250111_00002079,2025-01-11 08:09:55,cust_4516076,UKLO,refinance,72166,360,731,low,approved,72166,online_banking,true,850
app_20250111_00002080,2025-01-11 19:40:06,cust_6842441,ATVI,personal_loan,25209,18,710,low,approved,25209,mobile,true,142
app_20250111_00002081,2025-01-11 12:31:49,cust_3497352,ITMI,credit_card,22189,36,719,low,approved,22189,call_center,false,785
app_20250111_00002082,2025-01-11 03:10:13,cust_4177859,FRID,business_loan,14688,48,686,medium,rejected,0,branch,true,23
app_20250111_00002083,2025-01-11 16:50:23,cust_6906911,UKLO,business_loan,3834,36,776,low,approved,3834,call_center,false,579
app_20250111_00002084,2025-01-11 11:44:11,cust_9657537,BENL,personal_loan,4821,24,634,medium,rejected,0,mobile,true,162
app_20250111_00002085,2025-01-11 07:54:04,cust_1273156,ATVI,education_loan,35893,48,608,medium,rejected,0,web,false,125
app_20250111_00002086,2025-01-11 23:03:52,cust_9381876,PORP,auto_loan,36283,60,658,medium,approved,36283,call_center,true,634
app_20250111_00002087,2025-01-11 21:20:57,cust_7543768,DEHE,cash_loan,45219,36,647,medium,approved,45219,web,false,882
app_20250111_00002088,2025-01-11 00:03:48,cust_5520939,FRID,auto_loan,22797,36,564,medium,approved,22797,online_banking,false,769
app_20250111_00002089,2025-01-11 11:57:01,cust_7100433,PORP,credit_card,46091,12,482,high,rejected,0,branch,false,109
app_20250111_00002090,2025-01-11 01:12:46,cust_489391,AUTR,credit_card,35001,36,641,medium,approved,35001,mobile,false,747
app_20250111_00002091,2025-01-11 07:14:16,cust_1798856,GRRE,auto_loan,7111,36,728,low,approved,7111,branch,true,370
app_20250111_00002092,2025-01-11 19:57:34,cust_1724584,AUTR,credit_card,47652,36,547,medium,approved,47652,online_banking,false,831
app_20250111_00002093,2025-01-11 03:08:44,cust_866496,PORP,cash_loan,10184,30,753,low,approved,10184,online_banking,true,402
app_20250111_00002094,2025-01-11 21:23:30,cust_9882137,DEHE,personal_loan,14496,18,501,medium,approved,14496,atm,false,756
app_20250111_00002095,2025-01-11 18:15:39,cust_8984452,AUTR,refinance,197640,120,771,low,approved,197640,web,false,323
app_20250111_00002096,2025-01-11 18:54:40,cust_7122500,SESV,mortgage,309324,360,721,low,approved,309324,call_center,true,425
app_20250111_00002097,2025-01-11 14:35:33,cust_5580552,ITMI,refinance,76189,180,720,low,approved,76189,atm,true,683
app_20250111_00002098,2025-01-11 04:43:00,cust_3021746,BENL,education_loan,20835,48,619,medium,approved,20835,call_center,false,718
app_20250111_00002099,2025-01-11 10:45:23,cust_5324433,CHBE,education_loan,25780,24,627,medium,approved,25780,online_banking,true,572
app_20250111_00002100,2025-01-11 09:12:21,cust_6545531,ITMI,personal_loan,6054,36,697,medium,approved,6054,branch,false,663
app_20250111_00002101,2025-01-11 21:03:18,cust_6898678,AUTR,cash_loan,5852,12,757,low,approved,5852,call_center,false,589
app_20250111_00002102,2025-01-11 22:39:55,cust_535124,AUTR,education_loan,32610,36,680,medium,approved,32610,mobile_app,true,619
app_20250111_00002103,2025-01-11 23:00:16,cust_2545904,ESMA,cash_loan,24867,42,641,medium,approved,24867,atm,false,766
app_20250111_00002104,2025-01-11 07:45:38,cust_891913,PORP,cash_loan,7860,42,850,low,approved,7860,branch,true,439
app_20250111_00002105,2025-01-11 10:37:15,cust_9138324,CZPR,refinance,68632,180,662,medium,approved,68632,online_banking,false,283
app_20250111_00002106,2025-01-11 12:32:16,cust_6572935,CHBE,business_loan,24359,36,594,medium,approved,24359,web,false,190
app_20250111_00002107,2025-01-11 14:31:43,cust_8930147,ATVI,personal_loan,1624,30,638,medium,approved,1624,atm,true,708
app_20250111_00002108,2025-01-11 16:50:30,cust_535204,CHBE,mortgage,433114,240,777,low,approved,433114,branch,false,841
app_20250111_00002109,2025-01-11 09:44:11,cust_801198,BENL,refinance,108991,300,545,medium,rejected,0,partner,true,120
app_20250111_00002110,2025-01-11 14:45:30,cust_8190414,NLAM,credit_card,5722,42,532,medium,rejected,0,call_center,true,44
app_20250111_00002111,2025-01-11 19:40:49,cust_8694747,SESV,auto_loan,15780,36,693,medium,approved,15780,call_center,true,383
app_20250111_00002112,2025-01-11 23:48:21,cust_127010,PORP,business_loan,21192,60,734,low,approved,21192,atm,true,893
app_20250111_00002113,2025-01-11 18:57:18,cust_3137444,CZPR,auto_loan,42688,60,555,medium,rejected,0,mobile,true,71
app_20250111_00002114,2025-01-11 09:24:35,cust_174908,CZPR,refinance,314168,180,654,medium,approved,314168,online_banking,false,453
app_20250111_00002115,2025-01-11 13:05:29,cust_3983525,PORP,education_loan,20575,36,771,low,approved,20575,mobile,false,333
app_20250111_00002116,2025-01-11 01:37:08,cust_2535646,UKLO,personal_loan,14399,36,623,medium,rejected,0,atm,false,114
app_20250111_00002117,2025-01-11 05:36:03,cust_5586197,DEHE,mortgage,369942,180,818,low,approved,369942,branch,false,213
app_20250111_00002118,2025-01-11 15:28:01,cust_3733730,DEHE,cash_loan,7525,12,596,medium,rejected,0,branch,false,142
app_20250111_00002119,2025-01-11 23:15:46,cust_4638538,NLAM,business_loan,39798,12,652,medium,approved,39798,mobile,true,722
app_20250111_00002120,2025-01-11 17:25:03,cust_1688699,SESV,refinance,255965,180,820,low,approved,255965,atm,true,319
app_20250111_00002121,2025-01-11 20:31:49,cust_8356712,NLAM,cash_loan,39426,36,642,medium,approved,39426,branch,true,110
app_20250111_00002122,2025-01-11 18:15:49,cust_5847469,DEHE,auto_loan,20234,72,704,low,approved,20234,mobile_app,false,253
app_20250111_00002123,2025-01-11 11:09:23,cust_637627,FRID,refinance,190055,360,535,medium,rejected,0,web,true,151
app_20250111_00002124,2025-01-11 12:57:47,cust_483342,ESMA,refinance,116779,300,508,medium,approved,116779,atm,true,434
app_20250111_00002125,2025-01-11 00:00:46,cust_8123724,PLWA,refinance,455051,180,697,medium,rejected,0,mobile_app,true,37
app_20250111_00002126,2025-01-11 08:28:09,cust_705976,PORP,credit_card,12408,24,498,high,rejected,0,partner,true,55
app_20250111_00002127,2025-01-11 14:45:51,cust_2031321,NLAM,refinance,377437,180,721,low,approved,377437,online_banking,true,274
app_20250111_00002128,2025-01-11 08:56:42,cust_4050769,DEHE,refinance,475725,300,427,high,rejected,0,branch,false,92
app_20250111_00002129,2025-01-11 07:02:34,cust_930368,ATVI,auto_loan,39296,72,422,high,rejected,0,call_center,false,111
app_20250111_00002130,2025-01-11 16:16:29,cust_6060689,FRID,auto_loan,49096,24,614,medium,approved,49096,call_center,false,865
app_20250111_00002131,2025-01-11 19:17:01,cust_3447485,ESMA,personal_loan,49319,36,616,medium,approved,49319,web,true,697
app_20250111_00002132,2025-01-11 11:45:05,cust_8094703,UKLO,business_loan,10557,36,730,low,approved,10557,web,true,184
app_20250111_00002133,2025-01-11 20:38:18,cust_9698107,UKLO,education_loan,16902,12,497,high,rejected,0,online_banking,true,169
app_20250111_00002134,2025-01-11 08:03:31,cust_1893928,ITMI,auto_loan,48373,60,604,medium,approved,48373,mobile,false,604
app_20250111_00002135,2025-01-11 03:41:06,cust_3115761,FRID,mortgage,236770,240,669,medium,rejected,0,partner,false,107
app_20250111_00002136,2025-01-11 04:18:18,cust_5577870,UKLO,auto_loan,18129,24,582,medium,rejected,0,web,true,54
app_20250111_00002137,2025-01-11 14:37:51,cust_3594007,UKLO,auto_loan,11386,72,670,medium,approved,11386,call_center,true,483
app_20250111_00002138,2025-01-11 22:37:09,cust_271221,UKLO,credit_card,36020,18,722,low,approved,36020,web,false,543
app_20250111_00002139,2025-01-11 11:02:24,cust_402904,FRID,business_loan,16355,12,452,high,approved,16355,partner,false,334
app_20250111_00002140,2025-01-11 17:53:52,cust_1146635,CZPR,mortgage,490853,360,729,low,approved,490853,mobile_app,false,569
app_20250111_00002141,2025-01-11 22:32:36,cust_2554251,PLWA,cash_loan,33430,42,650,medium,rejected,0,mobile_app,false,176
app_20250111_00002142,2025-01-11 08:08:41,cust_8353854,PORP,auto_loan,23931,48,828,low,approved,23931,atm,true,286
app_20250111_00002143,2025-01-11 03:40:48,cust_2898222,CZPR,cash_loan,48837,24,733,low,approved,48837,call_center,false,783
app_20250111_00002144,2025-01-11 00:11:23,cust_5642624,GRRE,credit_card,21199,18,645,medium,rejected,0,online_banking,true,134
app_20250111_00002145,2025-01-11 03:10:37,cust_9789570,DEHE,personal_loan,47547,12,679,medium,approved,47547,atm,false,690
app_20250111_00002146,2025-01-11 19:15:56,cust_8339918,SESV,personal_loan,24434,18,535,medium,rejected,0,mobile_app,true,58
app_20250111_00002147,2025-01-11 13:13:31,cust_6302248,ATVI,refinance,321627,360,436,high,rejected,0,online_banking,false,140
app_20250111_00002148,2025-01-11 18:34:57,cust_3267384,CHBE,mortgage,376067,120,610,medium,rejected,0,call_center,false,7
app_20250111_00002149,2025-01-11 18:54:23,cust_6688511,NLAM,mortgage,65771,300,607,medium,approved,65771,call_center,false,573
app_20250111_00002150,2025-01-11 21:50:11,cust_7058822,FRID,personal_loan,35354,36,624,medium,rejected,0,atm,false,49
app_20250111_00002151,2025-01-11 02:02:54,cust_5359509,SESV,cash_loan,12811,18,636,medium,approved,12811,web,false,655
app_20250111_00002152,2025-01-11 09:19:21,cust_810284,AUTR,credit_card,14385,30,438,high,rejected,0,atm,false,153
app_20250111_00002153,2025-01-11 14:44:15,cust_4991298,SESV,mortgage,195243,180,658,medium,rejected,0,atm,true,72
app_20250111_00002154,2025-01-11 12:55:30,cust_8819923,DEHE,credit_card,36382,42,708,low,approved,36382,mobile_app,false,325
app_20250111_00002155,2025-01-11 09:29:22,cust_4234660,NLAM,refinance,282896,180,571,medium,rejected,0,online_banking,true,77
app_20250111_00002156,2025-01-11 01:05:46,cust_3910927,CHBE,cash_loan,21445,48,557,medium,approved,21445,atm,true,658
app_20250111_00002157,2025-01-11 09:16:35,cust_1686469,CZPR,credit_card,24713,42,486,high,rejected,0,mobile,false,137
app_20250111_00002158,2025-01-11 09:20:54,cust_1926112,PORP,auto_loan,14111,72,661,medium,approved,14111,call_center,true,47
app_20250111_00002159,2025-01-11 09:00:49,cust_9840420,PORP,business_loan,6804,60,650,medium,approved,6804,atm,false,483
app_20250111_00002160,2025-01-11 14:47:57,cust_5778714,PORP,cash_loan,41174,24,565,medium,rejected,0,mobile_app,false,131
app_20250111_00002161,2025-01-11 10:58:49,cust_3454517,CZPR,auto_loan,24381,24,522,medium,approved,24381,call_center,true,589
app_20250111_00002162,2025-01-11 01:30:35,cust_2111001,SESV,refinance,170594,120,707,low,approved,170594,mobile,false,594
app_20250111_00002163,2025-01-11 10:30:49,cust_6573016,ESMA,mortgage,315735,360,657,medium,approved,315735,call_center,false,881
app_20250111_00002164,2025-01-11 05:02:30,cust_6426734,FRID,auto_loan,19805,48,653,medium,approved,19805,atm,false,84
app_20250111_00002165,2025-01-11 11:46:40,cust_8079245,AUTR,mortgage,450218,360,619,medium,approved,450218,partner,true,511
app_20250111_00002166,2025-01-11 09:57:03,cust_1808657,FRID,mortgage,129414,120,606,medium,approved,129414,web,false,591
app_20250111_00002167,2025-01-11 02:05:56,cust_6288634,PLWA,cash_loan,43542,48,694,medium,approved,43542,mobile,true,585
app_20250111_00002168,2025-01-11 18:23:46,cust_5296796,ESMA,business_loan,10163,48,642,medium,approved,10163,call_center,true,38
app_20250111_00002169,2025-01-11 17:25:37,cust_7834945,NLAM,refinance,266133,360,782,low,approved,266133,branch,true,722
app_20250111_00002170,2025-01-11 18:03:47,cust_7776200,PLWA,cash_loan,23314,12,631,medium,approved,23314,mobile_app,true,375
app_20250111_00002171,2025-01-11 19:49:51,cust_2629319,PLWA,business_loan,24461,24,624,medium,approved,24461,online_banking,true,869
app_20250111_00002172,2025-01-11 22:58:03,cust_4395177,DEHE,personal_loan,48096,36,671,medium,approved,48096,call_center,false,259
app_20250111_00002173,2025-01-11 06:53:20,cust_2058062,PLWA,education_loan,31219,48,619,medium,rejected,0,call_center,true,154
app_20250111_00002174,2025-01-11 23:48:54,cust_4373494,ESMA,credit_card,31368,18,512,medium,approved,31368,partner,false,45
app_20250111_00002175,2025-01-11 15:28:30,cust_6724663,GRRE,business_loan,39273,36,648,medium,approved,39273,branch,false,333
app_20250111_00002176,2025-01-11 18:31:41,cust_5895914,CHBE,cash_loan,23193,12,579,medium,approved,23193,partner,true,106
app_20250111_00002177,2025-01-11 21:31:33,cust_1534885,PLWA,auto_loan,22854,36,406,high,rejected,0,mobile_app,false,30
app_20250111_00002178,2025-01-11 01:19:01,cust_8695225,ITMI,business_loan,4355,36,687,medium,rejected,0,mobile_app,false,44
app_20250111_00002179,2025-01-11 05:38:14,cust_5075499,ATVI,personal_loan,30976,24,716,low,approved,30976,mobile_app,true,129
app_20250111_00002180,2025-01-11 17:15:16,cust_6666113,CZPR,personal_loan,32321,18,747,low,approved,32321,mobile,false,110
app_20250111_00002181,2025-01-11 06:05:32,cust_9518939,CZPR,mortgage,105026,300,600,medium,approved,105026,partner,true,765
app_20250111_00002182,2025-01-11 13:39:21,cust_1245208,CHBE,credit_card,6959,48,661,medium,approved,6959,mobile,false,770
app_20250111_00002183,2025-01-11 08:26:30,cust_9339302,AUTR,auto_loan,38425,36,718,low,approved,38425,online_banking,false,237
app_20250111_00002184,2025-01-11 02:24:39,cust_1433069,CZPR,personal_loan,8598,18,660,medium,approved,8598,partner,true,839
app_20250111_00002185,2025-01-11 09:01:42,cust_8138487,NLAM,cash_loan,35644,24,569,medium,approved,35644,call_center,false,701
app_20250111_00002186,2025-01-11 00:29:15,cust_9310986,NLAM,education_loan,36656,60,734,low,approved,36656,branch,true,847
app_20250111_00002187,2025-01-11 20:53:08,cust_2835700,PORP,personal_loan,12581,12,606,medium,rejected,0,branch,true,121
app_20250111_00002188,2025-01-11 19:07:44,cust_3164592,SESV,mortgage,435429,360,550,medium,rejected,0,call_center,true,72
app_20250111_00002189,2025-01-11 13:42:18,cust_9565745,FRID,refinance,359583,300,704,low,approved,359583,call_center,false,59
app_20250111_00002190,2025-01-11 05:46:13,cust_3646845,ITMI,mortgage,280083,120,684,medium,approved,280083,call_center,false,808
app_20250111_00002191,2025-01-11 22:43:54,cust_442081,CHBE,credit_card,41335,18,702,low,approved,41335,partner,true,568
app_20250111_00002192,2025-01-11 16:57:50,cust_1336968,PORP,credit_card,19022,36,636,medium,rejected,0,online_banking,true,37
app_20250111_00002193,2025-01-11 11:25:59,cust_5533949,PORP,credit_card,49003,48,790,low,approved,49003,mobile,true,779
app_20250111_00002194,2025-01-11 07:12:56,cust_8682309,ATVI,refinance,118996,120,541,medium,approved,118996,call_center,true,604
app_20250111_00002195,2025-01-11 08:29:22,cust_6721661,FRID,mortgage,443183,360,518,medium,approved,443183,mobile,true,820
app_20250111_00002196,2025-01-11 20:25:24,cust_6703408,SESV,personal_loan,18178,12,674,medium,approved,18178,online_banking,true,422
app_20250111_00002197,2025-01-11 13:44:16,cust_1237925,PORP,cash_loan,42299,30,689,medium,rejected,0,branch,true,163
app_20250111_00002198,2025-01-11 22:23:50,cust_8120753,BENL,education_loan,25303,24,682,medium,approved,25303,online_banking,false,727
app_20250111_00002199,2025-01-11 23:21:37,cust_5843810,GRRE,education_loan,15866,12,599,medium,rejected,0,atm,false,158
app_20250111_00002200,2025-01-11 07:37:01,cust_8460443,ESMA,mortgage,444084,300,818,low,approved,444084,call_center,false,397
app_20250111_00002201,2025-01-11 21:48:48,cust_1024069,CHBE,personal_loan,14352,42,464,high,rejected,0,online_banking,true,9
app_20250111_00002202,2025-01-11 17:20:29,cust_3657857,FRID,cash_loan,17290,12,647,medium,approved,17290,mobile_app,false,328
app_20250111_00002203,2025-01-11 22:04:03,cust_9805897,UKLO,personal_loan,17413,36,626,medium,rejected,0,branch,false,30
app_20250111_00002204,2025-01-11 00:47:36,cust_1704070,UKLO,cash_loan,19887,30,586,medium,approved,19887,mobile_app,false,717
app_20250111_00002205,2025-01-11 15:28:17,cust_6966246,ATVI,business_loan,38510,48,579,medium,approved,38510,web,false,584
app_20250111_00002206,2025-01-11 01:56:39,cust_3552806,CZPR,auto_loan,32679,24,850,low,approved,32679,mobile,true,815
app_20250111_00002207,2025-01-11 15:07:42,cust_5037848,PORP,cash_loan,2977,24,713,low,approved,2977,call_center,false,723
app_20250111_00002208,2025-01-11 19:43:49,cust_1486764,GRRE,personal_loan,18710,12,557,medium,rejected,0,call_center,true,117
app_20250111_00002209,2025-01-11 04:18:02,cust_8642372,PLWA,credit_card,15812,18,728,low,approved,15812,web,true,384
app_20250111_00002210,2025-01-11 14:44:31,cust_6652322,SESV,credit_card,12182,30,561,medium,approved,12182,atm,false,729
app_20250111_00002211,2025-01-11 00:40:17,cust_4302274,NLAM,personal_loan,30969,12,484,high,rejected,0,call_center,true,151
app_20250111_00002212,2025-01-11 14:09:15,cust_1871519,AUTR,cash_loan,9685,42,742,low,approved,9685,call_center,true,401
app_20250111_00002213,2025-01-11 16:11:38,cust_6811750,GRRE,business_loan,7981,60,735,low,approved,7981,web,true,313
app_20250111_00002214,2025-01-11 09:51:09,cust_9938846,ESMA,refinance,257659,180,705,low,approved,257659,call_center,false,273
app_20250111_00002215,2025-01-11 03:37:27,cust_9988907,DEHE,personal_loan,5132,12,654,medium,rejected,0,atm,false,48
app_20250111_00002216,2025-01-11 06:35:39,cust_3166972,UKLO,auto_loan,21111,60,589,medium,approved,21111,branch,true,315
app_20250111_00002217,2025-01-11 14:57:39,cust_7101645,DEHE,personal_loan,15482,48,448,high,rejected,0,web,true,167
app_20250111_00002218,2025-01-11 22:05:41,cust_1022194,CHBE,personal_loan,6746,12,726,low,approved,6746,call_center,false,319
app_20250111_00002219,2025-01-11 21:27:44,cust_453595,BENL,business_loan,20861,36,743,low,approved,20861,web,true,93
app_20250111_00002220,2025-01-11 07:57:11,cust_4619358,ITMI,personal_loan,46471,24,566,medium,rejected,0,mobile_app,false,147
app_20250111_00002221,2025-01-11 00:44:52,cust_9417073,FRID,business_loan,4195,24,612,medium,approved,4195,call_center,false,572
app_20250111_00002222,2025-01-11 23:42:24,cust_6305870,UKLO,mortgage,163476,180,689,medium,approved,163476,branch,true,504
app_20250111_00002223,2025-01-11 02:52:33,cust_6400500,ITMI,mortgage,213120,120,680,medium,approved,213120,partner,false,463
app_20250111_00002224,2025-01-11 08:42:24,cust_7765615,BENL,cash_loan,10408,24,550,medium,approved,10408,online_banking,false,811
app_20250111_00002225,2025-01-11 18:21:52,cust_9724217,CZPR,business_loan,21419,36,642,medium,approved,21419,atm,true,110
app_20250111_00002226,2025-01-11 21:28:45,cust_3745844,BENL,credit_card,43008,12,464,high,rejected,0,online_banking,true,28
app_20250111_00002227,2025-01-11 19:11:35,cust_3428642,CZPR,education_loan,26007,60,832,low,rejected,0,online_banking,true,114
app_20250111_00002228,2025-01-11 02:27:53,cust_9836164,AUTR,mortgage,273689,180,716,low,approved,273689,mobile_app,false,513
app_20250111_00002229,2025-01-11 21:50:12,cust_7549845,GRRE,mortgage,183152,120,606,medium,rejected,0,branch,false,34
app_20250111_00002230,2025-01-11 20:50:24,cust_5822011,AUTR,credit_card,40616,24,726,low,rejected,0,mobile_app,false,18
app_20250111_00002231,2025-01-11 23:09:02,cust_8202279,ATVI,cash_loan,41716,48,692,medium,approved,41716,branch,true,286
app_20250111_00002232,2025-01-11 03:04:39,cust_3539550,GRRE,cash_loan,44508,48,411,high,rejected,0,call_center,true,72
app_20250111_00002233,2025-01-11 19:06:02,cust_8863561,ESMA,business_loan,35167,24,566,medium,approved,35167,web,true,729
app_20250111_00002234,2025-01-11 00:48:04,cust_5515601,UKLO,mortgage,338302,120,590,medium,rejected,0,online_banking,true,142
app_20250111_00002235,2025-01-11 09:33:00,cust_6785992,CZPR,cash_loan,11414,18,445,high,rejected,0,mobile_app,false,165
app_20250111_00002236,2025-01-11 16:34:22,cust_6182806,UKLO,auto_loan,38621,72,463,high,approved,38621,atm,false,460
app_20250111_00002237,2025-01-11 01:46:58,cust_5932252,CHBE,auto_loan,30285,36,577,medium,rejected,0,web,false,68
app_20250111_00002238,2025-01-11 15:45:37,cust_9838170,CHBE,mortgage,268766,120,555,medium,approved,268766,mobile_app,true,500
app_20250111_00002239,2025-01-11 09:14:34,cust_3724199,AUTR,education_loan,35073,24,748,low,approved,35073,web,false,552
app_20250111_00002240,2025-01-11 02:29:44,cust_6483277,AUTR,mortgage,444059,360,706,low,approved,444059,call_center,false,649
app_20250111_00002241,2025-01-11 01:23:50,cust_294153,GRRE,personal_loan,15407,36,705,low,approved,15407,mobile,false,226
app_20250111_00002242,2025-01-11 03:07:29,cust_3458390,BENL,refinance,78618,120,692,medium,approved,78618,mobile_app,true,821
app_20250111_00002243,2025-01-11 00:42:44,cust_3949657,ITMI,mortgage,91206,180,583,medium,rejected,0,branch,false,50
app_20250111_00002244,2025-01-11 04:31:01,cust_927369,DEHE,auto_loan,53494,72,628,medium,approved,53494,mobile,false,330
app_20250111_00002245,2025-01-11 02:43:45,cust_3382173,PORP,mortgage,78386,120,625,medium,approved,78386,call_center,false,471
app_20250111_00002246,2025-01-11 17:47:52,cust_1336716,NLAM,auto_loan,44034,24,729,low,approved,44034,mobile_app,true,403
app_20250111_00002247,2025-01-11 18:11:24,cust_5859962,DEHE,business_loan,26579,24,506,medium,approved,26579,atm,false,763
app_20250111_00002248,2025-01-11 13:00:13,cust_4844008,SESV,education_loan,25017,12,672,medium,approved,25017,branch,true,649
app_20250111_00002249,2025-01-11 18:56:25,cust_1940390,CHBE,business_loan,19044,60,559,medium,rejected,0,branch,true,156
app_20250111_00002250,2025-01-11 17:51:34,cust_5434007,PORP,cash_loan,37063,24,614,medium,approved,37063,atm,false,889
app_20250111_00002251,2025-01-11 09:32:24,cust_6042386,SESV,personal_loan,30355,18,499,high,approved,30355,atm,true,736
app_20250111_00002252,2025-01-11 02:01:51,cust_6247889,CHBE,business_loan,22542,12,644,medium,approved,22542,branch,false,753
app_20250111_00002253,2025-01-11 11:15:40,cust_7518340,CHBE,cash_loan,39267,42,558,medium,approved,39267,partner,false,764
app_20250111_00002254,2025-01-11 08:08:52,cust_712954,ESMA,refinance,133364,180,639,medium,approved,133364,branch,true,122
app_20250111_00002255,2025-01-11 16:57:52,cust_6387736,ITMI,mortgage,196261,240,533,medium,approved,196261,partner,true,757
app_20250111_00002256,2025-01-11 12:41:37,cust_3772172,CHBE,cash_loan,19442,18,402,high,approved,19442,online_banking,false,310
app_20250111_00002257,2025-01-11 09:12:39,cust_6038195,ESMA,refinance,378236,180,678,medium,approved,378236,call_center,true,692
app_20250111_00002258,2025-01-11 03:19:35,cust_708093,CHBE,auto_loan,41401,60,519,medium,rejected,0,mobile,false,157
app_20250111_00002259,2025-01-11 21:48:14,cust_5315886,GRRE,credit_card,45790,48,717,low,rejected,0,branch,false,176
app_20250111_00002260,2025-01-11 23:17:56,cust_7090158,FRID,credit_card,9573,18,602,medium,rejected,0,web,false,120
app_20250111_00002261,2025-01-11 14:14:50,cust_7482243,BENL,cash_loan,41299,36,471,high,rejected,0,online_banking,true,23
app_20250111_00002262,2025-01-11 11:19:58,cust_5442187,AUTR,mortgage,395487,120,484,high,rejected,0,mobile,true,114
app_20250111_00002263,2025-01-11 21:03:49,cust_8574740,FRID,cash_loan,33992,36,544,medium,approved,33992,partner,false,829
app_20250111_00002264,2025-01-11 13:56:55,cust_4530620,BENL,personal_loan,2733,48,637,medium,approved,2733,atm,false,45
app_20250111_00002265,2025-01-11 21:35:21,cust_2071574,DEHE,auto_loan,43926,48,761,low,approved,43926,online_banking,false,220
app_20250111_00002266,2025-01-11 22:23:09,cust_9833409,ITMI,credit_card,12222,48,692,medium,approved,12222,partner,false,37
app_20250111_00002267,2025-01-11 20:00:06,cust_1461537,PLWA,auto_loan,38910,60,525,medium,rejected,0,atm,false,15
app_20250111_00002268,2025-01-11 03:51:41,cust_9826856,ESMA,mortgage,98691,120,706,low,rejected,0,mobile_app,true,120
app_20250111_00002269,2025-01-11 03:33:24,cust_9060116,SESV,mortgage,73067,300,715,low,approved,73067,online_banking,false,431
app_20250111_00002270,2025-01-11 04:17:52,cust_8412590,GRRE,cash_loan,46859,12,644,medium,approved,46859,atm,false,590
app_20250111_00002271,2025-01-11 15:13:53,cust_8766624,SESV,education_loan,23207,48,716,low,approved,23207,web,true,569
app_20250111_00002272,2025-01-11 06:50:51,cust_5203286,ATVI,mortgage,481728,120,541,medium,approved,481728,web,false,897
app_20250111_00002273,2025-01-11 06:29:51,cust_7083661,ESMA,business_loan,5408,24,738,low,approved,5408,branch,true,725
app_20250111_00002274,2025-01-11 17:35:14,cust_2206076,ITMI,mortgage,449553,120,662,medium,rejected,0,web,true,30
app_20250111_00002275,2025-01-11 02:36:54,cust_6587225,UKLO,personal_loan,43065,12,697,medium,approved,43065,web,false,345
app_20250111_00002276,2025-01-11 02:40:29,cust_8438725,AUTR,personal_loan,47323,48,568,medium,approved,47323,branch,false,693
app_20250111_00002277,2025-01-11 07:01:20,cust_8255519,CZPR,mortgage,156189,180,582,medium,approved,156189,mobile,false,147
app_20250111_00002278,2025-01-11 03:21:28,cust_3692785,ITMI,cash_loan,36989,18,843,low,approved,36989,web,true,135
app_20250111_00002279,2025-01-11 09:16:24,cust_2392022,DEHE,credit_card,22453,12,659,medium,rejected,0,partner,true,86
app_20250111_00002280,2025-01-11 05:24:44,cust_4309218,ESMA,cash_loan,14577,42,714,low,approved,14577,mobile_app,true,149
app_20250111_00002281,2025-01-11 07:35:33,cust_5772190,PORP,personal_loan,42206,48,569,medium,rejected,0,web,true,77
app_20250111_00002282,2025-01-11 07:55:31,cust_9911028,GRRE,mortgage,338769,120,720,low,rejected,0,branch,true,90
app_20250111_00002283,2025-01-11 13:00:09,cust_7257089,CHBE,personal_loan,2463,36,676,medium,rejected,0,online_banking,true,128
app_20250111_00002284,2025-01-11 03:59:21,cust_5304110,NLAM,education_loan,24560,60,551,medium,approved,24560,web,true,603
app_20250111_00002285,2025-01-11 08:23:25,cust_7065174,ATVI,credit_card,47370,30,645,medium,approved,47370,mobile,true,76
app_20250111_00002286,2025-01-11 12:29:44,cust_2079802,UKLO,credit_card,41089,48,716,low,approved,41089,mobile_app,false,560
app_20250111_00002287,2025-01-11 04:26:17,cust_6704291,FRID,refinance,89173,120,547,medium,approved,89173,web,false,157
app_20250111_00002288,2025-01-11 21:35:25,cust_5919457,PORP,cash_loan,9488,36,505,medium,rejected,0,mobile_app,false,75
app_20250111_00002289,2025-01-11 08:41:15,cust_9115059,DEHE,auto_loan,26079,24,620,medium,approved,26079,mobile,false,181
app_20250111_00002290,2025-01-11 09:25:57,cust_850203,SESV,refinance,407686,240,720,low,approved,407686,online_banking,true,841
app_20250111_00002291,2025-01-11 12:03:39,cust_7765806,CHBE,credit_card,6168,42,599,medium,rejected,0,partner,false,31
app_20250111_00002292,2025-01-11 14:35:15,cust_9501702,SESV,personal_loan,39866,30,698,medium,approved,39866,mobile,true,557
app_20250111_00002293,2025-01-11 04:06:20,cust_1480515,BENL,personal_loan,27665,42,780,low,approved,27665,partner,false,691
app_20250111_00002294,2025-01-11 19:16:19,cust_5339301,ESMA,credit_card,30426,30,734,low,approved,30426,mobile_app,false,220
app_20250111_00002295,2025-01-11 18:55:24,cust_5582942,ITMI,cash_loan,12848,12,850,low,approved,12848,web,true,683
app_20250111_00002296,2025-01-11 05:20:32,cust_1304689,CZPR,personal_loan,42795,24,575,medium,rejected,0,atm,false,33
app_20250111_00002297,2025-01-11 10:36:22,cust_2807132,NLAM,refinance,165199,300,623,medium,approved,165199,web,true,827
app_20250111_00002298,2025-01-11 22:48:27,cust_5964705,CZPR,mortgage,403997,120,564,medium,rejected,0,web,true,106
app_20250111_00002299,2025-01-11 18:32:04,cust_4714058,UKLO,mortgage,164729,360,637,medium,rejected,0,mobile,true,180
app_20250111_00002300,2025-01-11 01:34:16,cust_2576222,AUTR,refinance,112088,180,602,medium,rejected,0,web,false,62
app_20250111_00002301,2025-01-11 17:15:09,cust_1740931,UKLO,personal_loan,23322,24,611,medium,approved,23322,online_banking,false,422
app_20250111_00002302,2025-01-11 06:58:58,cust_4677478,GRRE,auto_loan,28645,48,604,medium,approved,28645,atm,true,862
app_20250111_00002303,2025-01-11 12:04:24,cust_9386619,AUTR,credit_card,12462,42,607,medium,approved,12462,partner,true,786
app_20250111_00002304,2025-01-11 07:34:55,cust_2570562,ITMI,refinance,384462,180,536,medium,rejected,0,call_center,true,157
app_20250111_00002305,2025-01-11 07:04:30,cust_9326583,FRID,mortgage,255845,360,588,medium,rejected,0,branch,false,139
app_20250111_00002306,2025-01-11 12:14:38,cust_4008336,ATVI,auto_loan,46236,24,463,high,rejected,0,mobile,true,132
app_20250111_00002307,2025-01-11 02:16:01,cust_691960,GRRE,refinance,55393,120,379,high,rejected,0,call_center,false,65
app_20250111_00002308,2025-01-11 01:04:26,cust_6432299,PLWA,education_loan,37749,24,634,medium,rejected,0,online_banking,true,70
app_20250111_00002309,2025-01-11 13:46:16,cust_1694504,FRID,cash_loan,34540,30,520,medium,approved,34540,web,false,828
app_20250111_00002310,2025-01-11 11:41:52,cust_6494615,FRID,auto_loan,43161,72,850,low,approved,43161,mobile_app,true,151
app_20250111_00002311,2025-01-11 07:36:41,cust_3414498,UKLO,education_loan,10473,36,634,medium,rejected,0,mobile_app,true,76
app_20250111_00002312,2025-01-11 02:36:26,cust_1838398,CZPR,personal_loan,19091,36,686,medium,approved,19091,mobile_app,false,104
app_20250111_00002313,2025-01-11 16:22:45,cust_6631743,CZPR,business_loan,24220,12,416,high,rejected,0,web,true,157
app_20250111_00002314,2025-01-11 06:25:57,cust_2484619,FRID,mortgage,399012,240,661,medium,approved,399012,mobile,false,763
app_20250111_00002315,2025-01-11 13:27:15,cust_2487133,NLAM,auto_loan,6012,36,606,medium,rejected,0,mobile,true,154
app_20250111_00002316,2025-01-11 21:10:56,cust_1798524,AUTR,personal_loan,18848,30,734,low,approved,18848,atm,true,624
app_20250111_00002317,2025-01-11 22:49:21,cust_6844072,NLAM,cash_loan,8508,12,599,medium,rejected,0,web,false,10
app_20250111_00002318,2025-01-11 16:37:21,cust_8890506,ATVI,personal_loan,9020,12,785,low,approved,9020,branch,true,134
app_20250111_00002319,2025-01-11 17:42:22,cust_7885042,PORP,education_loan,20349,48,587,medium,approved,20349,mobile_app,true,715
app_20250111_00002320,2025-01-11 12:25:00,cust_912382,CZPR,auto_loan,52503,72,556,medium,rejected,0,mobile,true,25
app_20250111_00002321,2025-01-11 11:19:53,cust_5373577,PLWA,credit_card,21130,24,580,medium,rejected,0,mobile_app,true,111
app_20250111_00002322,2025-01-11 04:13:32,cust_1067025,AUTR,education_loan,31611,12,687,medium,approved,31611,atm,false,590
app_20250111_00002323,2025-01-11 01:27:51,cust_9035372,DEHE,cash_loan,13597,24,652,medium,approved,13597,online_banking,false,538
app_20250111_00002324,2025-01-11 09:35:58,cust_7752553,CZPR,credit_card,38876,12,578,medium,approved,38876,mobile_app,true,204
app_20250111_00002325,2025-01-11 05:48:32,cust_3371002,AUTR,credit_card,46709,12,505,medium,rejected,0,online_banking,false,158
app_20250111_00002326,2025-01-11 11:28:30,cust_1982486,FRID,education_loan,9041,48,523,medium,approved,9041,branch,true,814
app_20250111_00002327,2025-01-11 13:02:08,cust_6850579,CHBE,cash_loan,19657,24,680,medium,rejected,0,mobile,false,7
app_20250111_00002328,2025-01-11 01:32:48,cust_6143205,CZPR,refinance,73960,300,662,medium,approved,73960,online_banking,false,691
app_20250111_00002329,2025-01-11 00:57:56,cust_650755,DEHE,education_loan,15589,24,426,high,rejected,0,branch,false,11
app_20250111_00002330,2025-01-11 16:29:28,cust_7422503,UKLO,business_loan,8060,48,705,low,approved,8060,web,false,849
app_20250111_00002331,2025-01-11 13:59:07,cust_7513575,ATVI,mortgage,478580,180,664,medium,rejected,0,web,true,70
app_20250111_00002332,2025-01-11 23:22:27,cust_8367586,FRID,business_loan,10849,48,690,medium,approved,10849,mobile,false,817
app_20250111_00002333,2025-01-11 00:23:09,cust_5082965,ITMI,education_loan,7082,24,515,medium,rejected,0,partner,false,19
app_20250111_00002334,2025-01-11 23:24:37,cust_9639892,PLWA,mortgage,493689,180,824,low,approved,493689,atm,true,547
app_20250111_00002335,2025-01-11 19:12:01,cust_6210318,DEHE,refinance,437237,180,718,low,approved,437237,mobile,true,309
app_20250111_00002336,2025-01-11 13:53:17,cust_9664462,ESMA,education_loan,17777,60,773,low,rejected,0,mobile,true,99
app_20250111_00002337,2025-01-11 06:25:49,cust_6325828,GRRE,mortgage,297977,240,760,low,approved,297977,partner,true,435
app_20250111_00002338,2025-01-11 14:45:45,cust_610859,PORP,business_loan,22368,48,662,medium,rejected,0,mobile,true,16
app_20250111_00002339,2025-01-11 22:18:25,cust_2968353,ATVI,cash_loan,44683,12,623,medium,approved,44683,partner,true,889
app_20250111_00002340,2025-01-11 13:12:30,cust_1176594,PLWA,cash_loan,39032,30,772,low,approved,39032,partner,true,231
app_20250111_00002341,2025-01-11 01:30:06,cust_4857001,ESMA,cash_loan,23369,48,658,medium,approved,23369,web,true,130
app_20250111_00002342,2025-01-11 09:59:45,cust_3950190,BENL,credit_card,5971,18,624,medium,approved,5971,branch,false,637
app_20250111_00002343,2025-01-11 08:38:16,cust_1373906,FRID,education_loan,9470,48,781,low,approved,9470,web,false,340
app_20250111_00002344,2025-01-11 15:25:55,cust_6110031,PORP,mortgage,484618,180,599,medium,rejected,0,partner,false,179
app_20250111_00002345,2025-01-11 07:57:29,cust_8112842,ESMA,cash_loan,1934,18,631,medium,approved,1934,web,true,605
app_20250111_00002346,2025-01-11 18:36:29,cust_6698902,BENL,credit_card,8390,48,653,medium,approved,8390,partner,false,863
app_20250111_00002347,2025-01-11 20:10:45,cust_7078984,GRRE,cash_loan,19698,18,764,low,approved,19698,web,true,203
app_20250111_00002348,2025-01-11 09:38:21,cust_8844513,ESMA,education_loan,2185,60,492,high,rejected,0,mobile_app,true,153
app_20250111_00002349,2025-01-11 00:22:16,cust_7555320,FRID,refinance,318578,240,597,medium,rejected,0,branch,true,23
app_20250111_00002350,2025-01-11 00:06:02,cust_8938291,FRID,cash_loan,35447,30,610,medium,approved,35447,web,true,225
app_20250111_00002351,2025-01-11 00:00:15,cust_8303469,DEHE,business_loan,27551,36,669,medium,approved,27551,online_banking,true,56
app_20250111_00002352,2025-01-11 04:24:53,cust_7686435,GRRE,auto_loan,47408,36,798,low,approved,47408,branch,true,732
app_20250111_00002353,2025-01-11 18:06:44,cust_9424736,CHBE,refinance,197711,240,631,medium,rejected,0,call_center,true,143
app_20250111_00002354,2025-01-11 10:15:37,cust_6524929,AUTR,credit_card,20785,42,627,medium,approved,20785,partner,false,783
app_20250111_00002355,2025-01-11 03:22:37,cust_8141565,ESMA,refinance,211995,120,803,low,approved,211995,online_banking,true,360
app_20250111_00002356,2025-01-11 21:54:12,cust_6157702,UKLO,education_loan,31468,48,785,low,approved,31468,partner,false,583
app_20250111_00002357,2025-01-11 15:47:05,cust_7486142,ATVI,credit_card,12274,30,500,medium,rejected,0,branch,false,67
app_20250111_00002358,2025-01-11 13:40:11,cust_7502688,ATVI,mortgage,258408,120,821,low,rejected,0,online_banking,true,6
app_20250111_00002359,2025-01-11 11:05:28,cust_3785163,ITMI,auto_loan,32788,24,683,medium,approved,32788,online_banking,false,789
app_20250111_00002360,2025-01-11 20:56:49,cust_2736435,PORP,cash_loan,32734,48,503,medium,rejected,0,web,true,131
app_20250111_00002361,2025-01-11 09:13:44,cust_4663105,CZPR,cash_loan,43063,18,548,medium,rejected,0,mobile,true,78
app_20250111_00002362,2025-01-11 17:31:41,cust_2831913,ITMI,refinance,69869,360,652,medium,approved,69869,online_banking,true,877
app_20250111_00002363,2025-01-11 02:54:55,cust_9754385,CZPR,auto_loan,6117,72,662,medium,approved,6117,mobile_app,false,180
app_20250111_00002364,2025-01-11 08:20:25,cust_4181824,SESV,personal_loan,4660,12,592,medium,approved,4660,mobile,true,648
app_20250111_00002365,2025-01-11 07:59:21,cust_5810661,ATVI,credit_card,12242,48,636,medium,approved,12242,branch,false,30
app_20250111_00002366,2025-01-11 07:06:18,cust_662978,PLWA,education_loan,21112,48,551,medium,approved,21112,mobile_app,false,30
app_20250111_00002367,2025-01-11 23:23:54,cust_7639528,ESMA,credit_card,43940,24,765,low,approved,43940,call_center,true,513
app_20250111_00002368,2025-01-11 08:49:18,cust_7694130,BENL,refinance,492575,120,596,medium,approved,492575,call_center,false,258
app_20250111_00002369,2025-01-11 04:34:43,cust_8511210,AUTR,refinance,183832,240,758,low,approved,183832,web,false,654
app_20250111_00002370,2025-01-11 13:30:56,cust_8034298,AUTR,auto_loan,31116,36,571,medium,approved,31116,online_banking,true,763
app_20250111_00002371,2025-01-11 13:54:57,cust_6953134,DEHE,cash_loan,6557,30,800,low,approved,6557,mobile,true,47
app_20250111_00002372,2025-01-11 21:58:45,cust_3404199,PORP,personal_loan,1450,24,527,medium,rejected,0,web,false,95
app_20250111_00002373,2025-01-11 11:08:13,cust_9336861,DEHE,credit_card,33438,48,533,medium,approved,33438,web,true,660
app_20250111_00002374,2025-01-11 09:52:25,cust_5005814,CHBE,cash_loan,22069,42,671,medium,approved,22069,mobile_app,true,429
app_20250111_00002375,2025-01-11 19:36:31,cust_9066278,ESMA,cash_loan,33497,36,716,low,rejected,0,web,true,162
app_20250111_00002376,2025-01-11 05:36:18,cust_8154636,CHBE,refinance,149892,360,727,low,approved,149892,web,false,466
app_20250111_00002377,2025-01-11 05:41:16,cust_2783966,ATVI,auto_loan,55646,72,569,medium,rejected,0,branch,true,18
app_20250111_00002378,2025-01-11 22:53:07,cust_8919580,FRID,cash_loan,2244,30,676,medium,approved,2244,mobile_app,true,747
app_20250111_00002379,2025-01-11 06:51:58,cust_8010230,BENL,auto_loan,21817,48,595,medium,rejected,0,branch,true,95
app_20250111_00002380,2025-01-11 01:57:31,cust_697002,CHBE,credit_card,46875,18,469,high,rejected,0,atm,true,128
app_20250111_00002381,2025-01-11 03:31:32,cust_1388122,UKLO,education_loan,29091,48,510,medium,rejected,0,call_center,true,164
app_20250111_00002382,2025-01-11 01:58:12,cust_3765483,PORP,business_loan,38499,24,769,low,approved,38499,mobile_app,true,364
app_20250111_00002383,2025-01-11 12:48:26,cust_9321499,UKLO,business_loan,5085,36,652,medium,approved,5085,web,true,629
app_20250111_00002384,2025-01-11 20:42:07,cust_5549256,ESMA,cash_loan,29365,48,507,medium,rejected,0,atm,true,93
app_20250111_00002385,2025-01-11 08:59:37,cust_2846726,ESMA,education_loan,19872,24,645,medium,approved,19872,atm,true,842
app_20250111_00002386,2025-01-11 13:20:32,cust_8580410,GRRE,education_loan,35619,12,804,low,approved,35619,branch,true,274
app_20250111_00002387,2025-01-11 15:33:05,cust_1559540,FRID,credit_card,47580,36,575,medium,approved,47580,mobile,false,307
app_20250111_00002388,2025-01-11 14:00:31,cust_1132685,DEHE,refinance,433650,300,588,medium,approved,433650,partner,true,62
app_20250111_00002389,2025-01-11 23:06:36,cust_1937962,PLWA,cash_loan,25302,42,734,low,approved,25302,online_banking,false,592
app_20250111_00002390,2025-01-11 10:21:05,cust_5137088,CZPR,education_loan,13894,36,620,medium,approved,13894,mobile_app,false,177
app_20250111_00002391,2025-01-11 11:31:58,cust_9551935,ESMA,refinance,264455,300,525,medium,rejected,0,call_center,true,98
app_20250111_00002392,2025-01-11 11:42:59,cust_3476499,AUTR,refinance,154076,300,554,medium,approved,154076,atm,false,269
app_20250111_00002393,2025-01-11 18:17:46,cust_7988266,CHBE,credit_card,22374,42,809,low,approved,22374,mobile,true,784
app_20250111_00002394,2025-01-11 13:59:50,cust_9644199,BENL,education_loan,27312,24,672,medium,approved,27312,atm,false,686
app_20250111_00002395,2025-01-11 06:21:23,cust_3178163,BENL,cash_loan,35583,48,636,medium,approved,35583,atm,true,522
app_20250111_00002396,2025-01-11 10:59:30,cust_3755816,PLWA,refinance,483336,240,541,medium,rejected,0,mobile_app,false,126
app_20250111_00002397,2025-01-11 09:10:19,cust_7433558,BENL,auto_loan,41377,48,521,medium,rejected,0,atm,true,117
app_20250111_00002398,2025-01-11 19:21:24,cust_5016993,NLAM,refinance,226504,120,684,medium,approved,226504,web,false,431
app_20250111_00002399,2025-01-11 02:30:28,cust_4553687,NLAM,auto_loan,34203,60,686,medium,approved,34203,mobile_app,false,93
app_20250111_00002400,2025-01-11 06:28:45,cust_3709212,PLWA,refinance,356753,180,779,low,approved,356753,partner,false,567
app_20250111_00002401,2025-01-11 14:08:50,cust_8601171,ESMA,education_loan,9270,60,695,medium,approved,9270,web,true,284
app_20250111_00002402,2025-01-11 21:56:40,cust_6270714,BENL,refinance,269090,180,708,low,approved,269090,branch,false,370
app_20250111_00002403,2025-01-11 19:48:20,cust_7359413,CZPR,mortgage,284298,240,572,medium,approved,284298,partner,false,647
app_20250111_00002404,2025-01-11 06:29:29,cust_7745826,CHBE,mortgage,194314,240,789,low,approved,194314,branch,false,646
app_20250111_00002405,2025-01-11 09:33:52,cust_6919444,UKLO,business_loan,15517,12,586,medium,approved,15517,web,true,874
app_20250111_00002406,2025-01-11 23:12:51,cust_6504881,CZPR,personal_loan,26520,30,618,medium,approved,26520,mobile,false,607
app_20250111_00002407,2025-01-11 19:19:43,cust_1738933,BENL,credit_card,23275,12,585,medium,rejected,0,mobile_app,false,136
app_20250111_00002408,2025-01-11 19:32:45,cust_3592035,CZPR,business_loan,24374,48,525,medium,rejected,0,web,true,43
app_20250111_00002409,2025-01-11 21:24:10,cust_5763390,UKLO,business_loan,3364,12,787,low,approved,3364,web,true,274
app_20250111_00002410,2025-01-11 00:54:50,cust_5724610,ESMA,cash_loan,32167,36,605,medium,approved,32167,branch,true,639
app_20250111_00002411,2025-01-11 21:35:55,cust_4290607,SESV,mortgage,240766,360,605,medium,approved,240766,mobile,false,80
app_20250111_00002412,2025-01-11 11:13:26,cust_6159867,ITMI,refinance,447391,120,401,high,rejected,0,branch,false,94
app_20250111_00002413,2025-01-11 09:25:27,cust_7209302,UKLO,mortgage,286176,120,609,medium,approved,286176,mobile,true,634
app_20250111_00002414,2025-01-11 07:05:18,cust_1492951,CHBE,business_loan,27456,36,549,medium,rejected,0,mobile_app,false,177
app_20250111_00002415,2025-01-11 04:05:57,cust_8890813,ATVI,personal_loan,23705,42,513,medium,approved,23705,branch,true,502
app_20250111_00002416,2025-01-11 03:15:06,cust_7536161,GRRE,education_loan,14633,12,706,low,approved,14633,mobile_app,false,729
app_20250111_00002417,2025-01-11 10:14:45,cust_142778,UKLO,personal_loan,28956,42,641,medium,approved,28956,branch,false,332
app_20250111_00002418,2025-01-11 13:27:27,cust_2825744,CHBE,mortgage,74732,300,719,low,approved,74732,call_center,false,810
app_20250111_00002419,2025-01-11 16:50:56,cust_6164763,CZPR,cash_loan,21736,18,540,medium,approved,21736,call_center,false,652
app_20250111_00002420,2025-01-11 11:19:39,cust_4228136,ESMA,cash_loan,34913,18,668,medium,approved,34913,mobile_app,true,700
app_20250111_00002421,2025-01-11 18:34:42,cust_5369989,NLAM,auto_loan,37004,60,768,low,approved,37004,mobile_app,true,453
app_20250111_00002422,2025-01-11 11:40:09,cust_9836055,DEHE,business_loan,9088,12,635,medium,approved,9088,call_center,false,250
app_20250111_00002423,2025-01-11 09:56:29,cust_2189359,AUTR,credit_card,27301,48,641,medium,approved,27301,mobile_app,false,572
app_20250111_00002424,2025-01-11 14:17:46,cust_2663530,PLWA,cash_loan,29086,24,693,medium,approved,29086,atm,true,589
app_20250111_00002425,2025-01-11 13:59:54,cust_4378818,AUTR,business_loan,23528,60,759,low,approved,23528,branch,true,764
app_20250111_00002426,2025-01-11 20:33:19,cust_7063151,ITMI,refinance,408153,360,631,medium,rejected,0,mobile_app,true,145
app_20250111_00002427,2025-01-11 10:19:23,cust_2239929,AUTR,refinance,341193,360,686,medium,rejected,0,mobile_app,true,63
app_20250111_00002428,2025-01-11 19:22:16,cust_5097334,CZPR,refinance,290713,360,640,medium,approved,290713,web,true,299
app_20250111_00002429,2025-01-11 16:34:34,cust_9056674,ESMA,cash_loan,11155,48,547,medium,approved,11155,online_banking,true,289
app_20250111_00002430,2025-01-11 02:26:56,cust_2238865,BENL,auto_loan,40208,48,805,low,approved,40208,partner,true,819
app_20250111_00002431,2025-01-11 09:32:52,cust_6100870,GRRE,business_loan,11057,60,823,low,approved,11057,mobile_app,false,43
app_20250111_00002432,2025-01-11 13:17:46,cust_4808632,UKLO,cash_loan,7584,12,679,medium,rejected,0,branch,true,94
app_20250111_00002433,2025-01-11 08:15:36,cust_7710315,ITMI,education_loan,7676,12,614,medium,rejected,0,online_banking,true,115
app_20250111_00002434,2025-01-11 12:12:56,cust_7708982,CHBE,business_loan,19268,48,643,medium,approved,19268,mobile_app,true,117
app_20250111_00002435,2025-01-11 14:19:36,cust_9192505,UKLO,education_loan,34167,24,566,medium,rejected,0,atm,true,125
app_20250111_00002436,2025-01-11 00:16:46,cust_2216970,NLAM,business_loan,28185,48,705,low,rejected,0,call_center,true,55
app_20250111_00002437,2025-01-11 17:20:24,cust_4656236,ATVI,mortgage,102358,120,752,low,approved,102358,online_banking,false,73
app_20250111_00002438,2025-01-11 07:49:13,cust_3926002,DEHE,cash_loan,11349,12,658,medium,approved,11349,mobile_app,false,850
app_20250111_00002439,2025-01-11 09:31:08,cust_7286999,BENL,refinance,182491,180,696,medium,rejected,0,online_banking,false,7
app_20250111_00002440,2025-01-11 14:10:04,cust_373564,UKLO,auto_loan,25837,60,567,medium,rejected,0,online_banking,false,72
app_20250111_00002441,2025-01-11 15:03:00,cust_7066569,NLAM,refinance,170742,240,648,medium,approved,170742,call_center,false,856
app_20250111_00002442,2025-01-11 15:59:53,cust_5660999,ESMA,personal_loan,14834,30,713,low,approved,14834,partner,true,788
app_20250111_00002443,2025-01-11 10:27:35,cust_4151005,CHBE,credit_card,28677,30,703,low,approved,28677,atm,false,791
app_20250111_00002444,2025-01-11 02:41:12,cust_6156569,AUTR,business_loan,3094,48,596,medium,rejected,0,web,false,124
app_20250111_00002445,2025-01-11 22:49:19,cust_2376641,BENL,mortgage,447792,120,539,medium,approved,447792,branch,true,141
app_20250111_00002446,2025-01-11 03:30:42,cust_3629264,UKLO,auto_loan,27563,72,658,medium,approved,27563,partner,false,603
app_20250111_00002447,2025-01-11 23:53:33,cust_2200969,NLAM,credit_card,25263,48,569,medium,rejected,0,online_banking,true,27
app_20250111_00002448,2025-01-11 10:01:52,cust_4094919,CZPR,personal_loan,25551,12,750,low,approved,25551,online_banking,true,512
app_20250111_00002449,2025-01-11 19:35:15,cust_3609228,GRRE,business_loan,15118,36,662,medium,approved,15118,partner,true,308
app_20250111_00002450,2025-01-11 18:41:30,cust_7991887,PLWA,auto_loan,39542,72,626,medium,approved,39542,online_banking,false,506
app_20250111_00002451,2025-01-11 22:13:34,cust_9791770,FRID,business_loan,32205,36,769,low,approved,32205,call_center,false,528
app_20250111_00002452,2025-01-11 04:58:21,cust_2818796,UKLO,credit_card,28203,42,625,medium,approved,28203,partner,true,788
app_20250111_00002453,2025-01-11 16:17:15,cust_9374368,GRRE,credit_card,11567,18,672,medium,approved,11567,call_center,true,297
app_20250111_00002454,2025-01-11 14:13:36,cust_2369512,CZPR,cash_loan,37543,30,805,low,approved,37543,call_center,true,490
app_20250111_00002455,2025-01-11 15:56:29,cust_8513089,CZPR,business_loan,19596,12,778,low,approved,19596,branch,true,721
app_20250111_00002456,2025-01-11 07:47:45,cust_6592283,DEHE,mortgage,490481,360,606,medium,approved,490481,mobile,true,505
app_20250111_00002457,2025-01-11 01:22:33,cust_8694049,ESMA,mortgage,226012,180,701,low,approved,226012,web,true,836
app_20250111_00002458,2025-01-11 15:09:10,cust_5744777,GRRE,business_loan,38286,24,699,medium,rejected,0,mobile,false,31
app_20250111_00002459,2025-01-11 23:51:47,cust_6833291,CHBE,personal_loan,47627,24,604,medium,approved,47627,call_center,true,720
app_20250111_00002460,2025-01-11 00:33:37,cust_7276935,ATVI,auto_loan,31007,60,445,high,rejected,0,partner,false,162
app_20250111_00002461,2025-01-11 07:32:49,cust_7528564,ITMI,credit_card,28540,36,616,medium,rejected,0,branch,true,125
app_20250111_00002462,2025-01-11 00:22:08,cust_3752748,CHBE,personal_loan,10093,18,673,medium,approved,10093,branch,false,819
app_20250111_00002463,2025-01-11 08:17:31,cust_7121049,SESV,refinance,194170,180,639,medium,rejected,0,atm,true,55
app_20250111_00002464,2025-01-11 15:20:06,cust_1094833,CHBE,cash_loan,35304,42,530,medium,rejected,0,web,false,178
app_20250111_00002465,2025-01-11 17:42:42,cust_969801,CZPR,auto_loan,11372,48,675,medium,approved,11372,partner,false,311
app_20250111_00002466,2025-01-11 07:11:18,cust_4718298,GRRE,education_loan,9829,60,619,medium,rejected,0,mobile_app,true,107
app_20250111_00002467,2025-01-11 16:11:53,cust_778310,CHBE,refinance,219489,300,692,medium,approved,219489,call_center,false,370
app_20250111_00002468,2025-01-11 19:20:24,cust_116287,CHBE,personal_loan,38651,42,640,medium,approved,38651,mobile,true,760
app_20250111_00002469,2025-01-11 01:59:33,cust_8866394,NLAM,education_loan,35503,48,695,medium,approved,35503,branch,true,771
app_20250111_00002470,2025-01-11 20:16:04,cust_3448042,UKLO,cash_loan,28467,18,759,low,approved,28467,partner,false,42
app_20250111_00002471,2025-01-11 06:43:39,cust_9004800,ATVI,education_loan,8524,12,681,medium,approved,8524,web,false,751
app_20250111_00002472,2025-01-11 00:41:31,cust_7332307,PLWA,refinance,193959,240,792,low,approved,193959,mobile,true,900
app_20250111_00002473,2025-01-11 20:59:46,cust_9472560,ITMI,cash_loan,3833,12,623,medium,approved,3833,online_banking,false,503
app_20250111_00002474,2025-01-11 11:19:53,cust_882667,CZPR,cash_loan,29459,24,685,medium,approved,29459,mobile,true,199
app_20250111_00002475,2025-01-11 18:23:51,cust_463251,GRRE,personal_loan,6022,42,665,medium,approved,6022,online_banking,false,472
app_20250111_00002476,2025-01-11 05:25:27,cust_8219079,CHBE,refinance,242165,300,668,medium,approved,242165,web,false,411
app_20250111_00002477,2025-01-11 07:30:54,cust_4732601,GRRE,business_loan,8698,60,809,low,rejected,0,partner,true,121
app_20250111_00002478,2025-01-11 09:07:45,cust_8175573,SESV,credit_card,32320,36,473,high,rejected,0,atm,false,142
app_20250111_00002479,2025-01-11 09:43:48,cust_7423300,AUTR,business_loan,32963,12,644,medium,approved,32963,mobile_app,false,370
app_20250111_00002480,2025-01-11 23:50:16,cust_9385428,ATVI,mortgage,244042,300,680,medium,rejected,0,branch,true,56
app_20250111_00002481,2025-01-11 03:24:41,cust_1928003,ITMI,business_loan,38027,48,597,medium,rejected,0,partner,false,113
app_20250111_00002482,2025-01-11 01:46:45,cust_2477811,AUTR,business_loan,9151,12,850,low,approved,9151,mobile,true,403
app_20250111_00002483,2025-01-11 21:33:16,cust_649966,UKLO,auto_loan,14400,24,589,medium,approved,14400,branch,false,229
app_20250111_00002484,2025-01-11 03:28:52,cust_965793,ESMA,cash_loan,42735,30,602,medium,approved,42735,atm,false,876
app_20250111_00002485,2025-01-11 15:05:01,cust_5322279,ATVI,personal_loan,46169,24,484,high,approved,46169,mobile_app,false,390
app_20250111_00002486,2025-01-11 14:41:30,cust_7905664,PLWA,refinance,231946,240,682,medium,rejected,0,mobile,false,57
app_20250111_00002487,2025-01-11 03:47:15,cust_5407166,UKLO,auto_loan,24417,60,662,medium,approved,24417,branch,false,579
app_20250111_00002488,2025-01-11 05:42:11,cust_5856593,SESV,business_loan,9060,48,518,medium,rejected,0,mobile_app,true,113
app_20250111_00002489,2025-01-11 00:18:16,cust_5285356,DEHE,credit_card,1659,12,739,low,approved,1659,online_banking,true,815
app_20250111_00002490,2025-01-11 16:28:16,cust_2460576,PLWA,education_loan,8184,12,655,medium,rejected,0,mobile_app,true,144
app_20250111_00002491,2025-01-11 07:39:36,cust_1361386,BENL,credit_card,43832,30,789,low,approved,43832,web,true,844
app_20250111_00002492,2025-01-11 03:48:20,cust_8063878,ATVI,education_loan,32876,24,850,low,approved,32876,call_center,true,834
app_20250111_00002493,2025-01-11 08:50:05,cust_5369589,ESMA,mortgage,149634,360,770,low,approved,149634,web,true,791
app_20250111_00002494,2025-01-11 22:29:49,cust_5287322,FRID,mortgage,180407,360,597,medium,approved,180407,branch,false,713
app_20250111_00002495,2025-01-11 20:14:45,cust_7125762,SESV,credit_card,11952,30,449,high,approved,11952,mobile_app,true,99
app_20250111_00002496,2025-01-11 06:57:48,cust_2665243,NLAM,business_loan,26970,24,785,low,approved,26970,online_banking,true,102
app_20250111_00002497,2025-01-11 17:30:11,cust_8028853,SESV,mortgage,53670,120,649,medium,rejected,0,branch,true,41
app_20250111_00002498,2025-01-11 23:09:44,cust_6151235,ESMA,refinance,275264,300,768,low,approved,275264,call_center,false,488
app_20250111_00002499,2025-01-11 17:09:55,cust_3509318,ITMI,credit_card,37296,48,691,medium,approved,37296,partner,false,169
app_20250111_00002500,2025-01-11 00:34:14,cust_8615536,CHBE,cash_loan,31444,48,491,high,rejected,0,web,true,137
app_20250111_00002501,2025-01-11 12:06:14,cust_6273331,ITMI,education_loan,34905,48,575,medium,approved,34905,online_banking,false,33
app_20250111_00002502,2025-01-11 13:48:52,cust_9213762,AUTR,credit_card,37641,12,714,low,approved,37641,branch,false,330
app_20250111_00002503,2025-01-11 23:02:16,cust_1349645,PLWA,personal_loan,17795,12,762,low,approved,17795,web,true,620
app_20250111_00002504,2025-01-11 16:28:27,cust_131247,GRRE,education_loan,24174,12,735,low,approved,24174,partner,true,678
app_20250111_00002505,2025-01-11 06:51:41,cust_233569,AUTR,cash_loan,10466,48,788,low,approved,10466,mobile,true,247
app_20250111_00002506,2025-01-11 02:51:14,cust_8973580,PLWA,business_loan,27521,24,739,low,approved,27521,partner,false,208
app_20250111_00002507,2025-01-11 16:50:39,cust_9581529,PORP,education_loan,9282,36,836,low,approved,9282,call_center,true,728
app_20250111_00002508,2025-01-11 02:08:41,cust_2155411,CHBE,cash_loan,12763,42,745,low,approved,12763,call_center,false,450
app_20250111_00002509,2025-01-11 22:31:25,cust_7813870,PLWA,personal_loan,43314,30,746,low,approved,43314,mobile,true,209
app_20250111_00002510,2025-01-11 18:59:14,cust_7209708,NLAM,education_loan,24287,36,553,medium,rejected,0,web,true,54
app_20250111_00002511,2025-01-11 03:06:16,cust_4321927,AUTR,personal_loan,33010,30,620,medium,approved,33010,mobile,false,733
app_20250111_00002512,2025-01-11 11:43:17,cust_5062141,AUTR,refinance,215740,180,765,low,rejected,0,mobile_app,true,89
app_20250111_00002513,2025-01-11 15:17:27,cust_7550887,PLWA,refinance,148680,360,513,medium,approved,148680,online_banking,true,206
app_20250111_00002514,2025-01-11 21:05:06,cust_6006809,SESV,refinance,351177,300,645,medium,approved,351177,mobile,false,242
app_20250111_00002515,2025-01-11 13:18:46,cust_411642,PORP,education_loan,26082,36,714,low,rejected,0,mobile,true,118
app_20250111_00002516,2025-01-11 22:52:52,cust_4743705,GRRE,personal_loan,27217,18,648,medium,rejected,0,atm,false,32
app_20250111_00002517,2025-01-11 05:52:01,cust_7584521,DEHE,refinance,119912,240,707,low,rejected,0,atm,false,47
app_20250111_00002518,2025-01-11 19:56:54,cust_2655412,NLAM,cash_loan,35730,18,449,high,approved,35730,branch,false,584
app_20250111_00002519,2025-01-11 12:04:52,cust_6109803,UKLO,credit_card,8719,36,755,low,approved,8719,mobile_app,false,617
app_20250111_00002520,2025-01-11 09:31:26,cust_2719223,CHBE,mortgage,248229,240,677,medium,approved,248229,atm,true,678
app_20250111_00002521,2025-01-11 22:41:41,cust_525952,SESV,business_loan,28154,48,596,medium,rejected,0,call_center,false,112
app_20250111_00002522,2025-01-11 22:17:55,cust_7560511,BENL,cash_loan,9840,24,810,low,approved,9840,atm,false,538
app_20250111_00002523,2025-01-11 11:02:08,cust_2151401,BENL,refinance,137606,300,555,medium,rejected,0,branch,false,9
app_20250111_00002524,2025-01-11 21:29:02,cust_600126,ATVI,education_loan,2345,12,826,low,approved,2345,atm,true,426
app_20250111_00002525,2025-01-11 01:02:33,cust_2448023,SESV,cash_loan,45215,36,562,medium,rejected,0,branch,true,80
app_20250111_00002526,2025-01-11 23:35:09,cust_7428864,ITMI,mortgage,222307,240,560,medium,rejected,0,partner,false,128
app_20250111_00002527,2025-01-11 08:33:16,cust_361745,CHBE,mortgage,431344,300,559,medium,rejected,0,mobile_app,true,64
app_20250111_00002528,2025-01-11 08:01:44,cust_4147405,BENL,credit_card,6394,18,657,medium,approved,6394,web,true,508
app_20250111_00002529,2025-01-11 05:00:31,cust_9101261,ESMA,business_loan,25013,36,448,high,rejected,0,branch,false,25
app_20250111_00002530,2025-01-11 13:29:13,cust_2708716,GRRE,auto_loan,34035,48,850,low,approved,34035,call_center,false,865
app_20250111_00002531,2025-01-11 19:11:16,cust_1262353,GRRE,refinance,438469,240,755,low,approved,438469,web,false,785
app_20250111_00002532,2025-01-11 23:57:46,cust_5052342,CHBE,cash_loan,12286,36,456,high,rejected,0,mobile_app,false,20
app_20250111_00002533,2025-01-11 03:49:29,cust_7513080,UKLO,mortgage,316650,120,526,medium,rejected,0,atm,false,138
app_20250111_00002534,2025-01-11 01:22:30,cust_285937,BENL,cash_loan,32166,12,652,medium,rejected,0,branch,false,137
app_20250111_00002535,2025-01-11 07:30:44,cust_9003730,AUTR,mortgage,96609,300,541,medium,approved,96609,mobile,true,550
app_20250111_00002536,2025-01-11 02:11:35,cust_1198148,ITMI,refinance,410951,360,584,medium,approved,410951,partner,false,48
app_20250111_00002537,2025-01-11 02:34:26,cust_9604509,SESV,cash_loan,10230,24,769,low,approved,10230,mobile_app,false,804
app_20250111_00002538,2025-01-11 12:59:34,cust_2202245,NLAM,auto_loan,13639,72,613,medium,approved,13639,online_banking,true,754
app_20250111_00002539,2025-01-11 12:06:42,cust_5959176,DEHE,education_loan,38646,48,850,low,approved,38646,mobile_app,false,147
app_20250111_00002540,2025-01-11 14:11:05,cust_1032489,DEHE,mortgage,63525,300,755,low,approved,63525,atm,true,85
app_20250111_00002541,2025-01-11 13:21:20,cust_2513690,ATVI,education_loan,16738,36,640,medium,approved,16738,mobile,false,527
app_20250111_00002542,2025-01-11 21:57:38,cust_8518740,AUTR,education_loan,14690,48,541,medium,rejected,0,call_center,false,69
app_20250111_00002543,2025-01-11 19:09:28,cust_2800690,SESV,business_loan,31250,48,850,low,approved,31250,online_banking,true,602
app_20250111_00002544,2025-01-11 12:23:29,cust_6342544,ATVI,credit_card,46832,42,793,low,approved,46832,branch,true,414
app_20250111_00002545,2025-01-11 17:29:44,cust_2953931,UKLO,refinance,179108,300,618,medium,rejected,0,call_center,false,71
app_20250111_00002546,2025-01-11 12:47:52,cust_2550412,ATVI,credit_card,25633,12,713,low,approved,25633,web,false,766
app_20250111_00002547,2025-01-11 02:01:09,cust_8970397,DEHE,credit_card,1410,18,596,medium,approved,1410,branch,false,182
app_20250111_00002548,2025-01-11 08:44:06,cust_6638953,BENL,refinance,185340,240,621,medium,approved,185340,atm,true,599
app_20250111_00002549,2025-01-11 04:36:18,cust_2430062,CHBE,mortgage,244657,300,662,medium,rejected,0,atm,false,97
app_20250111_00002550,2025-01-11 12:08:37,cust_6423819,FRID,refinance,437417,120,699,medium,approved,437417,partner,false,199
app_20250111_00002551,2025-01-11 23:24:07,cust_6228878,PLWA,auto_loan,21211,24,461,high,rejected,0,mobile,false,118
app_20250111_00002552,2025-01-11 09:54:39,cust_4893759,ITMI,cash_loan,45023,12,509,medium,approved,45023,partner,false,796
app_20250111_00002553,2025-01-11 16:20:32,cust_8964380,ATVI,refinance,52851,360,696,medium,approved,52851,branch,false,270
app_20250111_00002554,2025-01-11 09:56:46,cust_7108912,PLWA,credit_card,29653,18,619,medium,approved,29653,call_center,false,487
app_20250111_00002555,2025-01-11 05:10:18,cust_1464748,ATVI,mortgage,345443,180,603,medium,approved,345443,mobile,false,819
app_20250111_00002556,2025-01-11 12:34:24,cust_7716113,ATVI,business_loan,38372,12,511,medium,approved,38372,web,true,821
app_20250111_00002557,2025-01-11 16:00:47,cust_6333329,BENL,cash_loan,42633,18,746,low,approved,42633,branch,true,785
app_20250111_00002558,2025-01-11 10:13:54,cust_5427887,ITMI,auto_loan,30024,36,639,medium,approved,30024,web,true,622
app_20250111_00002559,2025-01-11 23:14:18,cust_6674802,SESV,business_loan,14633,36,604,medium,rejected,0,branch,true,174
app_20250111_00002560,2025-01-11 11:19:20,cust_5281794,UKLO,auto_loan,11012,48,681,medium,approved,11012,call_center,true,278
app_20250111_00002561,2025-01-11 10:15:38,cust_996271,FRID,refinance,323699,300,743,low,approved,323699,web,true,822
app_20250111_00002562,2025-01-11 18:21:25,cust_411645,SESV,credit_card,12844,18,735,low,rejected,0,mobile,false,81
app_20250111_00002563,2025-01-11 09:04:04,cust_997555,CZPR,mortgage,238180,300,629,medium,rejected,0,mobile,true,12
app_20250111_00002564,2025-01-11 12:02:15,cust_1941917,ATVI,credit_card,8269,24,480,high,rejected,0,branch,true,53
app_20250111_00002565,2025-01-11 12:42:17,cust_8701283,SESV,auto_loan,22708,36,718,low,approved,22708,mobile_app,false,806
app_20250111_00002566,2025-01-11 19:49:56,cust_2810602,BENL,mortgage,320851,180,550,medium,approved,320851,branch,true,469
app_20250111_00002567,2025-01-11 03:45:10,cust_4186174,FRID,cash_loan,11498,48,643,medium,rejected,0,branch,false,85
app_20250111_00002568,2025-01-11 02:26:14,cust_5181211,UKLO,auto_loan,41507,60,656,medium,approved,41507,mobile,false,472
app_20250111_00002569,2025-01-11 16:36:03,cust_8517904,AUTR,auto_loan,33578,60,633,medium,approved,33578,atm,true,860
app_20250111_00002570,2025-01-11 01:00:50,cust_7846153,PLWA,mortgage,446763,180,624,medium,approved,446763,branch,true,363
app_20250111_00002571,2025-01-11 21:01:39,cust_5101756,CHBE,education_loan,37365,36,547,medium,rejected,0,online_banking,false,65
app_20250111_00002572,2025-01-11 11:43:09,cust_3476260,CHBE,business_loan,34695,48,713,low,approved,34695,call_center,false,129
app_20250111_00002573,2025-01-11 08:25:17,cust_6454628,SESV,business_loan,34184,60,769,low,approved,34184,partner,true,871
app_20250111_00002574,2025-01-11 16:56:54,cust_2204563,CHBE,cash_loan,43507,42,694,medium,approved,43507,atm,false,294
app_20250111_00002575,2025-01-11 01:26:42,cust_4302285,PLWA,education_loan,17286,12,598,medium,approved,17286,mobile,false,371
app_20250111_00002576,2025-01-11 03:16:09,cust_6591322,UKLO,education_loan,21217,60,747,low,approved,21217,web,true,74
app_20250111_00002577,2025-01-11 22:41:35,cust_8022024,PLWA,mortgage,346009,180,584,medium,rejected,0,atm,true,61
app_20250111_00002578,2025-01-11 15:13:27,cust_6416723,SESV,cash_loan,28965,24,660,medium,rejected,0,partner,false,148
app_20250111_00002579,2025-01-11 02:34:03,cust_5479179,AUTR,auto_loan,28383,36,635,medium,rejected,0,web,true,115
app_20250111_00002580,2025-01-11 01:40:09,cust_6742744,ATVI,education_loan,21172,12,616,medium,approved,21172,atm,true,281
app_20250111_00002581,2025-01-11 18:00:28,cust_632809,PORP,education_loan,4684,60,730,low,approved,4684,call_center,false,811
app_20250111_00002582,2025-01-11 19:07:57,cust_687479,AUTR,personal_loan,22225,30,708,low,approved,22225,web,false,341
app_20250111_00002583,2025-01-11 01:39:42,cust_2880155,ESMA,credit_card,31324,30,614,medium,approved,31324,call_center,true,251
app_20250111_00002584,2025-01-11 23:09:12,cust_7398913,CZPR,personal_loan,16743,18,639,medium,rejected,0,mobile,true,51
app_20250111_00002585,2025-01-11 03:18:54,cust_6241154,CHBE,credit_card,28019,12,632,medium,approved,28019,mobile,false,240
app_20250111_00002586,2025-01-11 09:31:46,cust_4611797,GRRE,refinance,300614,120,667,medium,approved,300614,online_banking,false,528
app_20250111_00002587,2025-01-11 08:39:29,cust_4629329,DEHE,auto_loan,46626,48,531,medium,rejected,0,call_center,true,106
app_20250111_00002588,2025-01-11 11:45:10,cust_9038605,ITMI,mortgage,166432,120,756,low,approved,166432,mobile,true,491
app_20250111_00002589,2025-01-11 15:21:59,cust_9844964,ATVI,business_loan,28822,24,691,medium,rejected,0,web,true,93
app_20250111_00002590,2025-01-11 01:07:07,cust_7603633,ESMA,business_loan,7311,60,729,low,approved,7311,atm,false,522
app_20250111_00002591,2025-01-11 11:25:16,cust_2245044,BENL,credit_card,34043,42,513,medium,rejected,0,mobile,true,179
app_20250111_00002592,2025-01-11 22:21:47,cust_111757,FRID,refinance,374221,240,776,low,rejected,0,call_center,true,160
app_20250111_00002593,2025-01-11 14:55:29,cust_5566953,DEHE,mortgage,483220,120,379,high,rejected,0,mobile,true,84
app_20250111_00002594,2025-01-11 06:42:46,cust_956766,ITMI,business_loan,14393,36,684,medium,rejected,0,branch,false,147
app_20250111_00002595,2025-01-11 13:58:54,cust_5593852,ATVI,refinance,113885,180,717,low,approved,113885,mobile,false,744
app_20250111_00002596,2025-01-11 22:13:52,cust_9897664,PORP,cash_loan,44546,24,662,medium,approved,44546,mobile_app,true,274
app_20250111_00002597,2025-01-11 17:55:36,cust_9552259,ITMI,cash_loan,27665,42,666,medium,rejected,0,branch,true,9
app_20250111_00002598,2025-01-11 18:37:53,cust_1336272,SESV,education_loan,18261,12,608,medium,rejected,0,call_center,true,177
app_20250111_00002599,2025-01-11 09:15:35,cust_2366665,BENL,personal_loan,35829,18,577,medium,approved,35829,mobile_app,false,97
app_20250111_00002600,2025-01-11 16:35:22,cust_3745970,PORP,mortgage,268848,360,659,medium,rejected,0,atm,false,104
app_20250111_00002601,2025-01-11 22:25:27,cust_3535536,ATVI,auto_loan,37440,24,387,high,rejected,0,mobile_app,true,152
app_20250111_00002602,2025-01-11 12:25:03,cust_4815796,AUTR,auto_loan,36783,48,575,medium,rejected,0,mobile_app,true,7
app_20250111_00002603,2025-01-11 21:33:15,cust_6039100,PLWA,refinance,495068,180,530,medium,approved,495068,call_center,true,210
app_20250111_00002604,2025-01-11 04:47:32,cust_3735281,FRID,auto_loan,28019,60,749,low,approved,28019,online_banking,false,244
app_20250111_00002605,2025-01-11 21:13:28,cust_6981299,SESV,education_loan,8603,48,658,medium,approved,8603,web,false,161
app_20250111_00002606,2025-01-11 17:38:21,cust_3959975,FRID,cash_loan,6176,12,677,medium,rejected,0,atm,true,174
app_20250111_00002607,2025-01-11 03:44:41,cust_9023581,BENL,business_loan,5495,60,732,low,approved,5495,branch,true,164
app_20250111_00002608,2025-01-11 16:14:28,cust_8453047,ESMA,cash_loan,22073,42,652,medium,approved,22073,atm,true,851
app_20250111_00002609,2025-01-11 11:19:05,cust_6248705,PLWA,cash_loan,2625,42,546,medium,rejected,0,mobile,true,52
app_20250111_00002610,2025-01-11 19:14:37,cust_2341049,DEHE,personal_loan,8607,12,605,medium,rejected,0,atm,true,91
app_20250111_00002611,2025-01-11 01:59:26,cust_3805197,PLWA,personal_loan,4336,12,692,medium,approved,4336,mobile,false,557
app_20250111_00002612,2025-01-11 09:56:53,cust_6427240,ATVI,refinance,489934,300,801,low,approved,489934,mobile,true,161
app_20250111_00002613,2025-01-11 22:44:31,cust_2872711,ATVI,business_loan,4992,48,420,high,rejected,0,mobile_app,false,55
app_20250111_00002614,2025-01-11 08:57:52,cust_7234181,AUTR,personal_loan,6394,18,708,low,approved,6394,partner,false,764
app_20250111_00002615,2025-01-11 11:39:49,cust_7856038,PORP,personal_loan,47014,12,739,low,approved,47014,web,false,310
app_20250111_00002616,2025-01-11 14:19:34,cust_4968532,PORP,credit_card,6948,18,525,medium,approved,6948,branch,false,102
app_20250111_00002617,2025-01-11 19:59:23,cust_8457754,NLAM,mortgage,271790,120,580,medium,rejected,0,call_center,true,49
app_20250111_00002618,2025-01-11 02:52:36,cust_2618325,PLWA,education_loan,26457,48,721,low,approved,26457,mobile,true,578
app_20250111_00002619,2025-01-11 20:08:14,cust_5811329,CHBE,mortgage,443741,360,634,medium,rejected,0,web,true,49
app_20250111_00002620,2025-01-11 06:33:26,cust_2055886,AUTR,credit_card,5377,36,596,medium,rejected,0,web,false,21
app_20250111_00002621,2025-01-11 03:32:41,cust_2371397,UKLO,business_loan,12617,24,592,medium,approved,12617,online_banking,false,305
app_20250111_00002622,2025-01-11 15:17:46,cust_5887873,ITMI,education_loan,23860,60,748,low,approved,23860,partner,false,462
app_20250111_00002623,2025-01-11 21:09:18,cust_9021763,ATVI,business_loan,24826,12,661,medium,approved,24826,online_banking,true,460
app_20250111_00002624,2025-01-11 03:54:03,cust_782106,CHBE,education_loan,34274,48,684,medium,approved,34274,mobile,false,435
app_20250111_00002625,2025-01-11 09:22:34,cust_7243977,UKLO,refinance,254042,120,554,medium,approved,254042,online_banking,true,662
app_20250111_00002626,2025-01-11 02:44:29,cust_8748980,CZPR,personal_loan,24683,24,473,high,rejected,0,branch,true,14
app_20250111_00002627,2025-01-11 19:37:01,cust_9635594,ESMA,credit_card,15551,42,672,medium,approved,15551,call_center,true,713
app_20250111_00002628,2025-01-11 19:54:35,cust_7430207,GRRE,business_loan,6961,24,675,medium,approved,6961,atm,false,470
app_20250111_00002629,2025-01-11 20:04:36,cust_655983,UKLO,refinance,409964,300,605,medium,approved,409964,branch,true,696
app_20250111_00002630,2025-01-11 15:47:41,cust_2178115,UKLO,mortgage,155190,360,427,high,rejected,0,mobile,true,122
app_20250111_00002631,2025-01-11 00:58:42,cust_798766,CZPR,business_loan,4267,48,648,medium,rejected,0,call_center,false,54
app_20250111_00002632,2025-01-11 08:35:58,cust_9781950,PORP,personal_loan,29183,24,672,medium,approved,29183,partner,false,164
app_20250111_00002633,2025-01-11 13:07:16,cust_5775805,PLWA,mortgage,65673,360,551,medium,approved,65673,online_banking,true,172
app_20250111_00002634,2025-01-11 02:39:13,cust_9663799,BENL,auto_loan,37253,72,685,medium,approved,37253,web,false,747
app_20250111_00002635,2025-01-11 03:18:10,cust_9708015,FRID,education_loan,15706,24,422,high,rejected,0,atm,false,76
app_20250111_00002636,2025-01-11 09:09:00,cust_9774327,FRID,credit_card,14850,36,624,medium,approved,14850,mobile,true,426
app_20250111_00002637,2025-01-11 19:13:55,cust_9457919,SESV,auto_loan,31525,60,472,high,rejected,0,mobile,true,156
app_20250111_00002638,2025-01-11 21:44:10,cust_9311746,NLAM,personal_loan,34479,12,623,medium,approved,34479,branch,false,680
app_20250111_00002639,2025-01-11 14:45:05,cust_8468919,CZPR,auto_loan,7867,72,663,medium,approved,7867,web,true,639
app_20250111_00002640,2025-01-11 12:34:51,cust_9062906,ITMI,personal_loan,49418,36,594,medium,approved,49418,call_center,false,859
app_20250111_00002641,2025-01-11 22:56:29,cust_3403549,UKLO,cash_loan,36439,12,716,low,approved,36439,web,true,676
app_20250111_00002642,2025-01-11 13:06:19,cust_963901,PORP,education_loan,35858,36,807,low,approved,35858,mobile_app,true,896
app_20250111_00002643,2025-01-11 23:47:35,cust_7819227,ESMA,mortgage,424831,120,606,medium,rejected,0,mobile,false,140
app_20250111_00002644,2025-01-11 22:58:50,cust_7879246,UKLO,credit_card,26209,36,804,low,approved,26209,call_center,false,696
app_20250111_00002645,2025-01-11 23:25:43,cust_1680589,CZPR,cash_loan,39076,18,559,medium,approved,39076,online_banking,true,413
app_20250111_00002646,2025-01-11 18:07:26,cust_1450148,CHBE,credit_card,47982,12,601,medium,approved,47982,branch,true,303
app_20250111_00002647,2025-01-11 15:50:16,cust_8787686,AUTR,personal_loan,49209,48,532,medium,approved,49209,web,false,735
app_20250111_00002648,2025-01-11 21:59:21,cust_6514510,CZPR,auto_loan,36521,72,621,medium,approved,36521,mobile_app,false,495
app_20250111_00002649,2025-01-11 04:43:09,cust_7800575,PORP,mortgage,259381,360,613,medium,approved,259381,mobile_app,true,69
app_20250111_00002650,2025-01-11 15:20:32,cust_7524973,AUTR,business_loan,39845,48,510,medium,approved,39845,partner,false,182
app_20250111_00002651,2025-01-11 09:40:26,cust_2127774,BENL,personal_loan,15819,18,669,medium,approved,15819,atm,false,98
app_20250111_00002652,2025-01-11 12:26:26,cust_1101758,CZPR,mortgage,79513,300,612,medium,approved,79513,call_center,false,861
app_20250111_00002653,2025-01-11 19:08:54,cust_2838090,SESV,education_loan,24947,24,463,high,rejected,0,call_center,false,157
app_20250111_00002654,2025-01-11 00:19:26,cust_9863282,UKLO,education_loan,5027,24,671,medium,rejected,0,branch,true,117
app_20250111_00002655,2025-01-11 03:34:10,cust_2058902,NLAM,refinance,383420,180,678,medium,approved,383420,branch,false,342
app_20250111_00002656,2025-01-11 13:00:48,cust_2825777,PORP,personal_loan,21695,18,717,low,approved,21695,mobile_app,false,309
app_20250111_00002657,2025-01-11 20:15:54,cust_1694395,BENL,business_loan,3950,60,648,medium,approved,3950,branch,true,40
app_20250111_00002658,2025-01-11 20:57:23,cust_8374409,CZPR,refinance,157919,360,572,medium,rejected,0,online_banking,false,54
app_20250111_00002659,2025-01-11 02:41:46,cust_9296497,NLAM,cash_loan,11331,42,703,low,approved,11331,web,false,202
app_20250111_00002660,2025-01-11 02:28:20,cust_8627343,PORP,cash_loan,10021,36,685,medium,rejected,0,call_center,true,172
app_20250111_00002661,2025-01-11 12:54:17,cust_969093,FRID,personal_loan,16624,12,528,medium,rejected,0,web,false,142
app_20250111_00002662,2025-01-11 11:52:20,cust_1084871,ITMI,auto_loan,51120,24,561,medium,rejected,0,web,false,17
app_20250111_00002663,2025-01-11 22:10:49,cust_8606173,SESV,business_loan,8095,60,591,medium,rejected,0,web,true,93
app_20250111_00002664,2025-01-11 23:14:20,cust_6268837,CHBE,education_loan,36299,48,672,medium,approved,36299,mobile,true,820
app_20250111_00002665,2025-01-11 12:09:18,cust_6965671,SESV,refinance,281895,120,809,low,approved,281895,branch,false,744
app_20250111_00002666,2025-01-11 05:03:23,cust_1657724,DEHE,cash_loan,16524,12,647,medium,approved,16524,mobile,true,238
app_20250111_00002667,2025-01-11 21:02:35,cust_1433212,CZPR,refinance,307679,360,841,low,approved,307679,mobile,true,430
app_20250111_00002668,2025-01-11 14:10:18,cust_1253894,SESV,cash_loan,39977,18,619,medium,approved,39977,call_center,true,534
app_20250111_00002669,2025-01-11 09:55:29,cust_7503979,FRID,auto_loan,30427,72,461,high,approved,30427,call_center,false,723
app_20250111_00002670,2025-01-11 22:05:01,cust_4500346,ITMI,mortgage,188960,240,609,medium,approved,188960,web,true,171
app_20250111_00002671,2025-01-11 13:55:22,cust_7808098,CZPR,personal_loan,23957,18,712,low,approved,23957,atm,false,420
app_20250111_00002672,2025-01-11 01:40:14,cust_5331275,CZPR,cash_loan,33577,24,586,medium,approved,33577,branch,false,328
app_20250111_00002673,2025-01-11 17:42:03,cust_1137390,CZPR,education_loan,21035,36,658,medium,approved,21035,online_banking,true,553
app_20250111_00002674,2025-01-11 19:11:52,cust_8100384,GRRE,cash_loan,8692,48,646,medium,rejected,0,atm,false,46
app_20250111_00002675,2025-01-11 03:18:37,cust_1650657,UKLO,business_loan,11894,24,609,medium,approved,11894,online_banking,false,848
app_20250111_00002676,2025-01-11 22:26:39,cust_6545262,AUTR,education_loan,33455,24,562,medium,approved,33455,partner,false,209
app_20250111_00002677,2025-01-11 08:48:16,cust_2557151,CHBE,credit_card,18237,12,648,medium,rejected,0,branch,false,12
app_20250111_00002678,2025-01-11 07:35:37,cust_3003877,UKLO,auto_loan,49699,48,846,low,approved,49699,online_banking,false,786
app_20250111_00002679,2025-01-11 23:09:29,cust_9972443,UKLO,education_loan,30700,36,615,medium,approved,30700,atm,false,303
app_20250111_00002680,2025-01-11 03:04:28,cust_2721215,ESMA,credit_card,24146,48,749,low,approved,24146,partner,true,422
app_20250111_00002681,2025-01-11 22:51:52,cust_8553001,FRID,business_loan,4703,36,601,medium,approved,4703,partner,false,538
app_20250111_00002682,2025-01-11 15:19:55,cust_3753565,UKLO,business_loan,30212,24,607,medium,approved,30212,mobile_app,true,584
app_20250111_00002683,2025-01-11 16:23:29,cust_1980953,ITMI,business_loan,8385,48,601,medium,approved,8385,mobile,true,496
app_20250111_00002684,2025-01-11 04:58:29,cust_2829172,ATVI,education_loan,34618,48,751,low,approved,34618,online_banking,true,853
app_20250111_00002685,2025-01-11 20:12:44,cust_2465167,SESV,auto_loan,7706,72,711,low,approved,7706,call_center,false,203
app_20250111_00002686,2025-01-11 02:41:25,cust_6775463,GRRE,auto_loan,26202,60,734,low,rejected,0,mobile_app,false,75
app_20250111_00002687,2025-01-11 23:52:19,cust_1925451,BENL,education_loan,4546,12,665,medium,approved,4546,mobile_app,true,780
app_20250111_00002688,2025-01-11 05:20:36,cust_7078178,FRID,business_loan,25065,12,628,medium,approved,25065,atm,true,72
app_20250111_00002689,2025-01-11 17:59:29,cust_788946,CHBE,personal_loan,40627,18,676,medium,approved,40627,atm,true,164
app_20250111_00002690,2025-01-11 19:29:43,cust_6767385,PORP,cash_loan,24406,18,615,medium,approved,24406,online_banking,false,362
app_20250111_00002691,2025-01-11 19:47:33,cust_5881572,GRRE,cash_loan,46716,30,621,medium,rejected,0,atm,false,61
app_20250111_00002692,2025-01-11 13:02:04,cust_5812878,UKLO,cash_loan,20218,30,776,low,approved,20218,branch,true,584
app_20250111_00002693,2025-01-11 11:18:04,cust_3984008,ATVI,business_loan,36290,24,620,medium,approved,36290,online_banking,false,367
app_20250111_00002694,2025-01-11 02:25:05,cust_2483115,PORP,auto_loan,49794,24,674,medium,approved,49794,atm,false,125
app_20250111_00002695,2025-01-11 07:29:03,cust_8989838,UKLO,education_loan,32073,36,522,medium,approved,32073,mobile_app,true,427
app_20250111_00002696,2025-01-11 18:15:18,cust_1207076,ESMA,auto_loan,46012,60,554,medium,approved,46012,atm,false,320
app_20250111_00002697,2025-01-11 16:28:24,cust_5722932,ITMI,credit_card,37636,48,586,medium,rejected,0,web,true,139
app_20250111_00002698,2025-01-11 18:59:18,cust_6412459,CHBE,personal_loan,38373,30,709,low,approved,38373,call_center,true,518
app_20250111_00002699,2025-01-11 06:31:48,cust_659901,FRID,credit_card,5003,12,684,medium,approved,5003,web,true,585
app_20250111_00002700,2025-01-11 19:00:16,cust_8364211,BENL,mortgage,330041,240,544,medium,approved,330041,partner,true,134
app_20250111_00002701,2025-01-11 16:42:52,cust_1002770,PLWA,cash_loan,9459,30,732,low,approved,9459,web,true,603
app_20250111_00002702,2025-01-11 21:20:40,cust_9581170,CHBE,cash_loan,44177,18,768,low,rejected,0,atm,false,123
app_20250111_00002703,2025-01-11 03:16:35,cust_9730451,PORP,cash_loan,17913,48,600,medium,approved,17913,atm,false,464
app_20250111_00002704,2025-01-11 19:40:40,cust_3189286,UKLO,credit_card,7105,48,622,medium,rejected,0,call_center,true,159
app_20250111_00002705,2025-01-11 02:39:30,cust_4957143,PORP,mortgage,128117,360,613,medium,approved,128117,mobile_app,false,433
app_20250111_00002706,2025-01-11 13:53:16,cust_9964431,ESMA,cash_loan,24110,36,667,medium,rejected,0,branch,true,115
app_20250111_00002707,2025-01-11 06:57:48,cust_2721340,CZPR,business_loan,18534,36,702,low,approved,18534,atm,true,861
app_20250111_00002708,2025-01-11 04:34:54,cust_900515,ITMI,personal_loan,11663,18,627,medium,rejected,0,mobile_app,false,25
app_20250111_00002709,2025-01-11 11:39:22,cust_7072453,ESMA,cash_loan,38154,36,644,medium,rejected,0,call_center,false,150
app_20250111_00002710,2025-01-11 02:54:07,cust_874381,PORP,refinance,81747,120,712,low,approved,81747,partner,true,505
app_20250111_00002711,2025-01-11 10:18:54,cust_5309867,UKLO,refinance,140057,180,714,low,approved,140057,web,true,497
app_20250111_00002712,2025-01-11 05:00:12,cust_7110116,SESV,personal_loan,34607,42,571,medium,approved,34607,call_center,true,299
app_20250111_00002713,2025-01-11 12:15:34,cust_5147996,DEHE,refinance,83536,360,570,medium,rejected,0,atm,true,161
app_20250111_00002714,2025-01-11 09:48:42,cust_9577206,NLAM,refinance,270690,180,524,medium,rejected,0,partner,true,68
app_20250111_00002715,2025-01-11 00:48:48,cust_9069447,FRID,mortgage,248279,300,616,medium,approved,248279,online_banking,true,397
app_20250111_00002716,2025-01-11 23:19:01,cust_9249591,CZPR,mortgage,366255,120,582,medium,rejected,0,mobile,false,153
app_20250111_00002717,2025-01-11 17:31:41,cust_3423625,PORP,personal_loan,21909,48,630,medium,approved,21909,web,false,600
app_20250111_00002718,2025-01-11 12:48:56,cust_4700548,DEHE,refinance,309161,300,648,medium,approved,309161,branch,true,502
app_20250111_00002719,2025-01-11 16:47:04,cust_535307,CZPR,mortgage,380064,120,690,medium,approved,380064,mobile,true,752
app_20250111_00002720,2025-01-11 16:15:20,cust_1873530,PORP,mortgage,426209,360,554,medium,rejected,0,online_banking,true,62
app_20250111_00002721,2025-01-11 15:25:05,cust_9697555,ESMA,cash_loan,27311,42,660,medium,approved,27311,web,true,697
app_20250111_00002722,2025-01-11 10:16:34,cust_1204508,SESV,business_loan,22490,36,807,low,approved,22490,call_center,true,595
app_20250111_00002723,2025-01-11 18:04:19,cust_3015983,AUTR,personal_loan,29033,36,676,medium,approved,29033,web,true,826
app_20250111_00002724,2025-01-11 20:41:17,cust_3416778,UKLO,credit_card,35628,18,735,low,approved,35628,call_center,false,699
app_20250111_00002725,2025-01-11 22:40:02,cust_5061645,CHBE,education_loan,33717,48,725,low,approved,33717,web,true,332
app_20250111_00002726,2025-01-11 04:29:49,cust_495690,GRRE,refinance,440026,120,684,medium,approved,440026,branch,true,689
app_20250111_00002727,2025-01-11 21:48:36,cust_130838,PORP,personal_loan,11481,42,585,medium,rejected,0,branch,false,159
app_20250111_00002728,2025-01-11 23:01:44,cust_5503176,CZPR,personal_loan,28208,42,634,medium,rejected,0,mobile,true,110
app_20250111_00002729,2025-01-11 03:30:59,cust_2101672,DEHE,credit_card,25298,48,590,medium,rejected,0,atm,false,54
app_20250111_00002730,2025-01-11 02:28:55,cust_9265430,GRRE,personal_loan,37073,42,523,medium,rejected,0,mobile_app,true,152
app_20250111_00002731,2025-01-11 05:54:22,cust_7899250,CZPR,refinance,418285,240,597,medium,approved,418285,mobile,false,856
app_20250111_00002732,2025-01-11 06:20:57,cust_5729167,PORP,refinance,92188,120,607,medium,approved,92188,atm,false,895
app_20250111_00002733,2025-01-11 07:49:25,cust_9876897,DEHE,education_loan,18923,36,611,medium,approved,18923,mobile,false,305
app_20250111_00002734,2025-01-11 22:27:17,cust_8905723,ITMI,cash_loan,6439,18,697,medium,rejected,0,partner,true,24
app_20250111_00002735,2025-01-11 18:14:07,cust_9958085,CHBE,business_loan,39350,12,505,medium,rejected,0,branch,false,166
app_20250111_00002736,2025-01-11 07:26:52,cust_5852582,PORP,credit_card,7830,36,620,medium,rejected,0,web,false,48
app_20250111_00002737,2025-01-11 01:23:05,cust_1887131,CHBE,mortgage,294415,180,732,low,approved,294415,atm,true,223
app_20250111_00002738,2025-01-11 21:08:05,cust_4299656,FRID,education_loan,12692,12,592,medium,rejected,0,online_banking,true,97
app_20250111_00002739,2025-01-11 23:40:18,cust_6606811,PLWA,business_loan,19938,12,565,medium,approved,19938,branch,false,503
app_20250111_00002740,2025-01-11 16:34:29,cust_7534253,ESMA,business_loan,7382,60,575,medium,approved,7382,atm,true,257
app_20250111_00002741,2025-01-11 22:47:08,cust_9801303,ATVI,mortgage,464146,300,642,medium,rejected,0,web,true,35
app_20250111_00002742,2025-01-11 21:23:33,cust_5303915,PORP,personal_loan,10527,12,719,low,approved,10527,atm,true,849
app_20250111_00002743,2025-01-11 11:48:20,cust_6747845,FRID,cash_loan,20277,18,555,medium,rejected,0,online_banking,false,166
app_20250111_00002744,2025-01-11 06:23:57,cust_6404157,ESMA,mortgage,122502,240,641,medium,approved,122502,web,true,585
app_20250111_00002745,2025-01-11 04:58:32,cust_9533631,ESMA,education_loan,31636,36,507,medium,approved,31636,mobile,false,269
app_20250111_00002746,2025-01-11 14:40:30,cust_6200198,AUTR,credit_card,8239,48,544,medium,rejected,0,branch,true,25
app_20250111_00002747,2025-01-11 11:58:17,cust_5186905,UKLO,auto_loan,11570,36,692,medium,rejected,0,call_center,false,140
app_20250111_00002748,2025-01-11 09:18:09,cust_1175251,CHBE,cash_loan,30117,30,664,medium,approved,30117,online_banking,true,174
app_20250111_00002749,2025-01-11 11:24:51,cust_3341483,PORP,business_loan,38782,36,811,low,approved,38782,online_banking,false,320
app_20250111_00002750,2025-01-11 17:45:33,cust_9489026,FRID,credit_card,48358,18,672,medium,approved,48358,call_center,false,647
app_20250111_00002751,2025-01-11 18:31:14,cust_5690040,AUTR,refinance,105812,240,498,high,rejected,0,web,true,123
app_20250111_00002752,2025-01-11 22:54:01,cust_254942,PORP,education_loan,39721,12,547,medium,rejected,0,mobile_app,false,36
app_20250111_00002753,2025-01-11 12:34:55,cust_5263107,ATVI,business_loan,6604,48,605,medium,approved,6604,online_banking,true,521
app_20250111_00002754,2025-01-11 16:32:00,cust_9615164,PLWA,refinance,397457,240,399,high,approved,397457,partner,false,562
app_20250111_00002755,2025-01-11 12:59:14,cust_3603297,ITMI,auto_loan,18323,36,704,low,approved,18323,atm,false,714
app_20250111_00002756,2025-01-11 21:26:18,cust_969498,DEHE,mortgage,178273,240,653,medium,rejected,0,atm,false,56
app_20250111_00002757,2025-01-11 18:58:11,cust_2436546,SESV,auto_loan,16651,72,760,low,rejected,0,mobile,true,138
app_20250111_00002758,2025-01-11 05:16:29,cust_1937504,CZPR,mortgage,309795,180,767,low,approved,309795,mobile,false,92
app_20250111_00002759,2025-01-11 15:06:53,cust_2790238,PORP,refinance,243330,360,585,medium,rejected,0,web,true,29
app_20250111_00002760,2025-01-11 05:46:11,cust_3232258,ESMA,education_loan,13534,48,693,medium,approved,13534,web,true,556
app_20250111_00002761,2025-01-11 19:27:58,cust_8077906,ESMA,education_loan,22839,60,592,medium,approved,22839,atm,false,678
app_20250111_00002762,2025-01-11 23:25:14,cust_8774336,UKLO,refinance,313510,360,680,medium,approved,313510,mobile_app,false,507
app_20250111_00002763,2025-01-11 23:30:57,cust_9398259,FRID,auto_loan,7061,36,722,low,approved,7061,mobile,false,893
app_20250111_00002764,2025-01-11 07:38:08,cust_3836848,SESV,cash_loan,2506,36,750,low,approved,2506,web,false,624
app_20250111_00002765,2025-01-11 05:23:23,cust_7322520,ATVI,mortgage,157605,300,547,medium,rejected,0,mobile_app,true,17
app_20250111_00002766,2025-01-11 15:10:00,cust_1349308,NLAM,credit_card,5140,24,753,low,approved,5140,call_center,false,645
app_20250111_00002767,2025-01-11 14:45:08,cust_8041039,CZPR,business_loan,23655,36,498,high,rejected,0,mobile_app,true,141
app_20250111_00002768,2025-01-11 14:46:19,cust_3923244,DEHE,business_loan,7633,12,666,medium,approved,7633,call_center,false,530
app_20250111_00002769,2025-01-11 08:33:37,cust_8907862,ATVI,education_loan,29928,24,814,low,approved,29928,mobile_app,false,504
app_20250111_00002770,2025-01-11 08:45:07,cust_3986793,PLWA,business_loan,13514,48,724,low,approved,13514,web,false,899
app_20250111_00002771,2025-01-11 23:12:16,cust_5032057,AUTR,auto_loan,12277,36,705,low,approved,12277,mobile_app,false,687
app_20250111_00002772,2025-01-11 09:54:45,cust_988654,ESMA,education_loan,34000,60,643,medium,approved,34000,mobile_app,false,891
app_20250111_00002773,2025-01-11 12:17:39,cust_1604694,CZPR,cash_loan,24908,42,579,medium,approved,24908,partner,true,508
app_20250111_00002774,2025-01-11 03:28:44,cust_6666351,NLAM,mortgage,295633,120,641,medium,rejected,0,web,false,6
app_20250111_00002775,2025-01-11 18:31:44,cust_6257812,CZPR,cash_loan,5113,30,608,medium,approved,5113,web,true,766
app_20250111_00002776,2025-01-11 06:32:31,cust_1041834,PLWA,personal_loan,12074,42,613,medium,approved,12074,mobile,false,430
app_20250111_00002777,2025-01-11 23:23:59,cust_2097855,PORP,auto_loan,36969,60,714,low,approved,36969,call_center,false,501
app_20250111_00002778,2025-01-11 15:11:48,cust_3097591,DEHE,mortgage,64613,360,698,medium,rejected,0,web,false,65
app_20250111_00002779,2025-01-11 08:12:09,cust_713457,UKLO,auto_loan,41727,48,588,medium,approved,41727,partner,true,69
app_20250111_00002780,2025-01-11 18:50:36,cust_5372610,UKLO,auto_loan,6340,60,841,low,rejected,0,online_banking,true,137
app_20250111_00002781,2025-01-11 21:58:06,cust_616007,PORP,personal_loan,27294,36,631,medium,rejected,0,web,true,13
app_20250111_00002782,2025-01-11 03:23:09,cust_101167,ITMI,business_loan,37085,48,614,medium,approved,37085,mobile_app,false,841
app_20250111_00002783,2025-01-11 01:13:30,cust_8577266,BENL,personal_loan,8796,18,454,high,rejected,0,mobile,false,21
app_20250111_00002784,2025-01-11 20:32:57,cust_2387368,AUTR,cash_loan,21633,24,563,medium,rejected,0,branch,false,118
app_20250111_00002785,2025-01-11 01:10:55,cust_5752644,PORP,credit_card,2741,42,705,low,approved,2741,atm,false,574
app_20250111_00002786,2025-01-11 15:59:24,cust_3986072,GRRE,mortgage,91843,240,608,medium,rejected,0,branch,true,75
app_20250111_00002787,2025-01-11 05:39:26,cust_995399,ESMA,refinance,428088,240,586,medium,rejected,0,mobile_app,false,98
app_20250111_00002788,2025-01-11 18:59:24,cust_2764364,DEHE,mortgage,195498,180,764,low,rejected,0,atm,false,24
app_20250111_00002789,2025-01-11 13:02:58,cust_8617976,ESMA,auto_loan,12790,36,609,medium,rejected,0,mobile_app,false,78
app_20250111_00002790,2025-01-11 05:53:45,cust_9947163,PLWA,business_loan,2636,36,694,medium,approved,2636,mobile,false,356
app_20250111_00002791,2025-01-11 23:54:12,cust_5361370,PORP,credit_card,46168,48,677,medium,rejected,0,mobile,false,176
app_20250111_00002792,2025-01-11 20:42:16,cust_9529598,PLWA,refinance,412974,300,773,low,approved,412974,call_center,false,606
app_20250111_00002793,2025-01-11 17:43:47,cust_892244,PORP,auto_loan,35612,24,764,low,approved,35612,web,true,784
app_20250111_00002794,2025-01-11 17:22:41,cust_414236,ATVI,education_loan,4761,36,635,medium,approved,4761,mobile,false,516
app_20250111_00002795,2025-01-11 13:36:36,cust_9356241,CZPR,refinance,331313,300,629,medium,rejected,0,mobile_app,true,94
app_20250111_00002796,2025-01-11 21:18:58,cust_6738685,PLWA,personal_loan,31745,42,670,medium,approved,31745,mobile_app,true,65
app_20250111_00002797,2025-01-11 12:05:48,cust_794795,UKLO,cash_loan,2265,30,610,medium,rejected,0,online_banking,true,26
app_20250111_00002798,2025-01-11 16:27:59,cust_7434437,SESV,business_loan,6465,12,602,medium,approved,6465,mobile,true,141
app_20250111_00002799,2025-01-11 22:44:19,cust_2972386,DEHE,business_loan,36990,48,773,low,approved,36990,web,false,648
app_20250111_00002800,2025-01-11 02:29:48,cust_7751011,CHBE,personal_loan,32881,48,620,medium,approved,32881,online_banking,false,508
app_20250111_00002801,2025-01-11 07:34:23,cust_8219488,FRID,auto_loan,23372,72,785,low,approved,23372,web,false,674
app_20250111_00002802,2025-01-11 15:55:18,cust_5796607,ESMA,cash_loan,22400,42,657,medium,rejected,0,branch,true,72
app_20250111_00002803,2025-01-11 15:46:52,cust_5878571,ITMI,refinance,224353,120,809,low,approved,224353,mobile_app,true,544
app_20250111_00002804,2025-01-11 22:15:04,cust_5150946,ESMA,education_loan,7584,60,699,medium,approved,7584,mobile,true,707
app_20250111_00002805,2025-01-11 01:11:14,cust_2448046,ITMI,business_loan,27579,60,850,low,approved,27579,mobile_app,true,582
app_20250111_00002806,2025-01-11 11:21:28,cust_5418892,PLWA,cash_loan,21125,42,669,medium,approved,21125,online_banking,false,227
app_20250111_00002807,2025-01-11 06:30:52,cust_6180554,ATVI,mortgage,193068,360,407,high,rejected,0,online_banking,false,166
app_20250111_00002808,2025-01-11 03:00:34,cust_227343,FRID,business_loan,27795,36,550,medium,approved,27795,mobile,true,110
app_20250111_00002809,2025-01-11 16:27:20,cust_6303432,GRRE,cash_loan,12944,48,690,medium,approved,12944,web,true,326
app_20250111_00002810,2025-01-11 16:35:54,cust_6823008,FRID,education_loan,32653,36,739,low,approved,32653,mobile,false,900
app_20250111_00002811,2025-01-11 07:06:31,cust_9804748,UKLO,auto_loan,53407,24,780,low,approved,53407,partner,true,532
app_20250111_00002812,2025-01-11 13:36:57,cust_8964418,BENL,business_loan,7475,48,723,low,approved,7475,online_banking,false,110
app_20250111_00002813,2025-01-11 23:31:02,cust_4146653,DEHE,cash_loan,30432,42,613,medium,approved,30432,partner,false,334
app_20250111_00002814,2025-01-11 23:14:00,cust_3495642,PLWA,business_loan,20267,48,443,high,rejected,0,online_banking,true,45
app_20250111_00002815,2025-01-11 19:06:01,cust_749280,UKLO,personal_loan,36502,42,609,medium,rejected,0,call_center,true,35
app_20250111_00002816,2025-01-11 06:13:01,cust_696161,FRID,auto_loan,18508,24,850,low,approved,18508,partner,false,880
app_20250111_00002817,2025-01-11 05:43:52,cust_1671836,ESMA,business_loan,4074,24,626,medium,approved,4074,branch,true,145
app_20250111_00002818,2025-01-11 01:42:30,cust_5733150,GRRE,auto_loan,5714,60,545,medium,approved,5714,mobile_app,true,100
app_20250111_00002819,2025-01-11 08:46:13,cust_4533199,BENL,credit_card,42614,24,850,low,approved,42614,atm,false,689
app_20250111_00002820,2025-01-11 15:06:01,cust_9871708,FRID,personal_loan,3994,12,721,low,approved,3994,atm,false,693
app_20250111_00002821,2025-01-11 17:34:48,cust_3785147,PORP,business_loan,11451,12,616,medium,rejected,0,branch,false,91
app_20250111_00002822,2025-01-11 19:21:18,cust_9684073,UKLO,mortgage,77889,180,601,medium,approved,77889,web,false,808
app_20250111_00002823,2025-01-11 13:12:38,cust_1482415,ATVI,cash_loan,15645,12,709,low,approved,15645,branch,true,515
app_20250111_00002824,2025-01-11 10:59:57,cust_9023006,PLWA,credit_card,23452,24,625,medium,rejected,0,mobile,false,134
app_20250111_00002825,2025-01-11 18:20:06,cust_8496265,ATVI,credit_card,21485,36,580,medium,approved,21485,web,false,660
app_20250111_00002826,2025-01-11 08:06:32,cust_5648863,CZPR,personal_loan,15546,30,704,low,approved,15546,mobile,false,763
app_20250111_00002827,2025-01-11 09:57:47,cust_5599604,ITMI,credit_card,45377,18,715,low,approved,45377,online_banking,false,233
app_20250111_00002828,2025-01-11 15:01:47,cust_7496006,PLWA,business_loan,25632,12,762,low,approved,25632,mobile_app,false,175
app_20250111_00002829,2025-01-11 08:25:39,cust_608976,ATVI,credit_card,13799,24,609,medium,rejected,0,atm,true,174
app_20250111_00002830,2025-01-11 11:58:50,cust_180110,ITMI,mortgage,134541,300,601,medium,approved,134541,web,false,855
app_20250111_00002831,2025-01-11 03:36:22,cust_6437988,PORP,personal_loan,43635,36,731,low,approved,43635,call_center,false,238
app_20250111_00002832,2025-01-11 23:47:10,cust_1565858,GRRE,mortgage,133610,360,650,medium,approved,133610,online_banking,true,884
app_20250111_00002833,2025-01-11 03:01:00,cust_9120815,AUTR,education_loan,19958,60,674,medium,rejected,0,web,true,152
app_20250111_00002834,2025-01-11 10:49:36,cust_8166997,AUTR,business_loan,13701,36,647,medium,approved,13701,online_banking,true,773
app_20250111_00002835,2025-01-11 02:18:56,cust_5745534,ATVI,education_loan,31234,24,591,medium,rejected,0,call_center,true,126
app_20250111_00002836,2025-01-11 18:36:47,cust_7010775,FRID,cash_loan,34749,42,761,low,approved,34749,mobile_app,true,854
app_20250111_00002837,2025-01-11 11:42:07,cust_7286002,PORP,education_loan,33052,24,692,medium,rejected,0,call_center,true,122
app_20250111_00002838,2025-01-11 16:41:50,cust_2703589,CZPR,business_loan,36011,36,692,medium,approved,36011,mobile_app,true,858
app_20250111_00002839,2025-01-11 13:12:07,cust_3043235,CZPR,mortgage,260773,360,803,low,approved,260773,atm,false,225
app_20250111_00002840,2025-01-11 10:49:56,cust_6574876,FRID,business_loan,8565,36,532,medium,approved,8565,mobile,true,629
app_20250111_00002841,2025-01-11 02:04:36,cust_7442257,GRRE,refinance,297407,240,850,low,approved,297407,mobile_app,true,115
app_20250111_00002842,2025-01-11 12:35:17,cust_2809256,ESMA,cash_loan,4809,48,787,low,approved,4809,mobile_app,true,513
app_20250111_00002843,2025-01-11 15:31:54,cust_6686870,PLWA,refinance,366268,240,554,medium,rejected,0,mobile_app,false,19
app_20250111_00002844,2025-01-11 18:53:37,cust_100321,BENL,refinance,51354,180,638,medium,approved,51354,mobile_app,true,213
app_20250111_00002845,2025-01-11 23:20:51,cust_4440047,GRRE,credit_card,31135,42,560,medium,rejected,0,mobile_app,false,9
app_20250111_00002846,2025-01-11 00:51:58,cust_5105292,CZPR,business_loan,17369,36,688,medium,approved,17369,partner,true,620
app_20250111_00002847,2025-01-11 14:23:50,cust_6211051,BENL,mortgage,271193,180,796,low,approved,271193,mobile,true,331
app_20250111_00002848,2025-01-11 06:51:50,cust_4299638,AUTR,auto_loan,51872,24,698,medium,rejected,0,mobile,false,158
app_20250111_00002849,2025-01-11 11:41:46,cust_2699026,ITMI,refinance,142107,360,733,low,approved,142107,atm,false,212
app_20250111_00002850,2025-01-11 06:46:17,cust_3570120,PLWA,credit_card,40350,30,690,medium,approved,40350,atm,false,420
app_20250111_00002851,2025-01-11 20:43:14,cust_2684785,UKLO,auto_loan,38556,60,595,medium,approved,38556,partner,false,461
app_20250111_00002852,2025-01-11 10:37:02,cust_839484,ESMA,refinance,484088,300,792,low,approved,484088,branch,true,819
app_20250111_00002853,2025-01-11 14:24:34,cust_7896420,PLWA,cash_loan,48698,30,633,medium,rejected,0,partner,true,19
app_20250111_00002854,2025-01-11 12:26:15,cust_6263287,BENL,business_loan,4261,12,622,medium,approved,4261,call_center,false,826
app_20250111_00002855,2025-01-11 10:34:15,cust_2929273,ESMA,education_loan,38202,36,601,medium,approved,38202,mobile,true,164
app_20250111_00002856,2025-01-11 17:56:34,cust_5265837,CZPR,business_loan,3962,36,785,low,approved,3962,mobile_app,false,622
app_20250111_00002857,2025-01-11 18:56:57,cust_4062360,BENL,education_loan,23978,36,761,low,approved,23978,mobile,true,518
app_20250111_00002858,2025-01-11 04:22:37,cust_8710237,CZPR,personal_loan,22583,12,649,medium,approved,22583,mobile,false,665
app_20250111_00002859,2025-01-11 00:25:08,cust_2751701,CZPR,mortgage,327087,120,647,medium,approved,327087,partner,true,701
app_20250111_00002860,2025-01-11 22:03:34,cust_8934084,PORP,auto_loan,46904,48,627,medium,rejected,0,partner,true,98
app_20250111_00002861,2025-01-11 11:51:53,cust_4097058,SESV,credit_card,26819,18,675,medium,approved,26819,call_center,false,765
app_20250111_00002862,2025-01-11 16:01:31,cust_357390,ESMA,business_loan,10882,48,617,medium,approved,10882,mobile_app,true,324
app_20250111_00002863,2025-01-11 16:35:37,cust_8614881,PLWA,cash_loan,45290,18,783,low,rejected,0,online_banking,false,69
app_20250111_00002864,2025-01-11 03:03:59,cust_5981572,FRID,auto_loan,38256,72,741,low,approved,38256,partner,false,161
app_20250111_00002865,2025-01-11 03:37:21,cust_2771616,NLAM,credit_card,43378,36,688,medium,approved,43378,atm,true,727
app_20250111_00002866,2025-01-11 23:14:48,cust_1273851,ATVI,business_loan,3415,36,587,medium,approved,3415,web,true,332
app_20250111_00002867,2025-01-11 07:21:34,cust_9939598,ATVI,refinance,356764,180,817,low,approved,356764,branch,false,166
app_20250111_00002868,2025-01-11 03:31:37,cust_670630,NLAM,personal_loan,45045,36,567,medium,rejected,0,branch,false,161
app_20250111_00002869,2025-01-11 21:37:19,cust_1758021,SESV,personal_loan,14131,18,560,medium,approved,14131,online_banking,false,847
app_20250111_00002870,2025-01-11 11:53:20,cust_4701021,ESMA,auto_loan,30091,60,581,medium,rejected,0,call_center,false,42
app_20250111_00002871,2025-01-11 11:24:26,cust_5669398,ESMA,education_loan,34717,24,708,low,approved,34717,online_banking,true,523
app_20250111_00002872,2025-01-11 09:25:05,cust_8714913,BENL,mortgage,87616,180,612,medium,approved,87616,online_banking,false,41
app_20250111_00002873,2025-01-11 05:35:24,cust_2121973,PORP,auto_loan,33246,72,835,low,approved,33246,call_center,true,544
app_20250111_00002874,2025-01-11 13:57:30,cust_6098581,AUTR,cash_loan,23700,30,508,medium,rejected,0,partner,false,157
app_20250111_00002875,2025-01-11 19:17:09,cust_3011597,NLAM,business_loan,10611,48,661,medium,rejected,0,partner,true,14
app_20250111_00002876,2025-01-11 20:08:23,cust_9633814,AUTR,refinance,84985,180,754,low,rejected,0,web,true,41
app_20250111_00002877,2025-01-11 14:06:40,cust_2760992,ESMA,personal_loan,47955,18,661,medium,approved,47955,call_center,false,748
app_20250111_00002878,2025-01-11 21:17:10,cust_9099575,NLAM,credit_card,40146,18,517,medium,rejected,0,online_banking,true,101
app_20250111_00002879,2025-01-11 22:11:53,cust_1031400,ATVI,auto_loan,7579,36,637,medium,approved,7579,online_banking,true,808
app_20250111_00002880,2025-01-11 14:06:37,cust_4203799,ESMA,business_loan,21771,12,662,medium,approved,21771,partner,false,837
app_20250111_00002881,2025-01-11 08:56:39,cust_5229881,ATVI,education_loan,20255,24,747,low,approved,20255,mobile,false,341
app_20250111_00002882,2025-01-11 13:20:36,cust_9788897,UKLO,auto_loan,44909,36,699,medium,approved,44909,partner,false,565
app_20250111_00002883,2025-01-11 23:35:49,cust_8956913,FRID,credit_card,3749,30,743,low,approved,3749,partner,false,844
app_20250111_00002884,2025-01-11 16:20:05,cust_2419246,FRID,cash_loan,14964,48,614,medium,approved,14964,mobile,true,411
app_20250111_00002885,2025-01-11 01:51:29,cust_7555825,UKLO,refinance,430180,120,533,medium,approved,430180,mobile,false,108
app_20250111_00002886,2025-01-11 14:53:30,cust_7410805,CZPR,cash_loan,35296,24,631,medium,approved,35296,atm,true,170
app_20250111_00002887,2025-01-11 13:10:25,cust_4809394,ITMI,auto_loan,24240,60,576,medium,rejected,0,atm,true,27
app_20250111_00002888,2025-01-11 19:23:23,cust_1634746,GRRE,auto_loan,24658,72,674,medium,approved,24658,mobile_app,false,554
app_20250111_00002889,2025-01-11 19:48:16,cust_9220420,GRRE,auto_loan,26199,60,651,medium,approved,26199,mobile,false,553
app_20250111_00002890,2025-01-11 13:07:55,cust_1160221,UKLO,business_loan,28999,24,598,medium,approved,28999,call_center,true,402
app_20250111_00002891,2025-01-11 10:27:26,cust_840079,AUTR,auto_loan,5342,60,623,medium,approved,5342,call_center,false,393
app_20250111_00002892,2025-01-11 16:30:04,cust_5032887,UKLO,cash_loan,15709,18,621,medium,rejected,0,branch,false,164
app_20250111_00002893,2025-01-11 22:24:36,cust_8129545,ATVI,cash_loan,24717,18,535,medium,approved,24717,mobile,true,57
app_20250111_00002894,2025-01-11 04:58:16,cust_655606,SESV,business_loan,36047,12,603,medium,approved,36047,web,true,688
app_20250111_00002895,2025-01-11 08:44:48,cust_9150402,CHBE,mortgage,194639,180,737,low,approved,194639,mobile,false,476
app_20250111_00002896,2025-01-11 04:15:52,cust_792627,PORP,education_loan,18609,36,615,medium,approved,18609,call_center,true,637
app_20250111_00002897,2025-01-11 05:26:23,cust_3219157,CHBE,education_loan,8277,12,655,medium,approved,8277,branch,true,784
app_20250111_00002898,2025-01-11 02:43:27,cust_803139,GRRE,auto_loan,14255,48,635,medium,approved,14255,call_center,false,318
app_20250111_00002899,2025-01-11 20:46:34,cust_429505,GRRE,mortgage,174498,120,440,high,rejected,0,partner,true,103
app_20250111_00002900,2025-01-11 17:59:53,cust_2815124,AUTR,auto_loan,26023,72,563,medium,rejected,0,partner,true,46
app_20250111_00002901,2025-01-11 23:34:31,cust_1652344,SESV,refinance,314319,240,633,medium,approved,314319,partner,true,300
app_20250111_00002902,2025-01-11 22:59:17,cust_2665182,CZPR,business_loan,19786,24,594,medium,rejected,0,branch,true,31
app_20250111_00002903,2025-01-11 15:40:54,cust_4315742,FRID,refinance,492710,360,725,low,approved,492710,partner,true,253
app_20250111_00002904,2025-01-11 00:08:02,cust_2917447,AUTR,education_loan,19607,60,629,medium,approved,19607,branch,true,542
app_20250111_00002905,2025-01-11 22:13:21,cust_1727751,PORP,education_loan,14093,36,595,medium,approved,14093,mobile,true,364
app_20250111_00002906,2025-01-11 18:31:42,cust_607107,ITMI,education_loan,32430,36,644,medium,approved,32430,web,false,587
app_20250111_00002907,2025-01-11 07:09:08,cust_7037112,AUTR,business_loan,9830,24,842,low,approved,9830,partner,true,661
app_20250111_00002908,2025-01-11 05:39:38,cust_8031129,BENL,business_loan,8728,12,513,medium,rejected,0,partner,false,8
app_20250111_00002909,2025-01-11 00:24:57,cust_5728354,PLWA,mortgage,482673,180,549,medium,approved,482673,branch,false,566
app_20250111_00002910,2025-01-11 11:33:49,cust_9568513,DEHE,personal_loan,27724,48,850,low,approved,27724,branch,false,694
app_20250111_00002911,2025-01-11 06:55:29,cust_5579400,GRRE,credit_card,23670,36,543,medium,rejected,0,call_center,true,153
app_20250111_00002912,2025-01-11 10:40:52,cust_9397683,PLWA,personal_loan,16186,36,645,medium,approved,16186,mobile_app,true,525
app_20250111_00002913,2025-01-11 10:47:24,cust_1178406,FRID,cash_loan,6097,42,635,medium,rejected,0,mobile,true,54
app_20250111_00002914,2025-01-11 16:42:17,cust_9470600,ESMA,mortgage,128015,360,485,high,rejected,0,mobile_app,false,92
app_20250111_00002915,2025-01-11 11:43:29,cust_7922921,PORP,education_loan,7707,12,589,medium,approved,7707,call_center,true,287
app_20250111_00002916,2025-01-11 15:39:47,cust_6205486,SESV,refinance,485240,360,724,low,approved,485240,atm,true,316
app_20250111_00002917,2025-01-11 01:28:09,cust_7386076,DEHE,mortgage,234506,120,850,low,rejected,0,call_center,false,28
app_20250111_00002918,2025-01-11 01:08:22,cust_9862889,ESMA,education_loan,23275,36,709,low,approved,23275,atm,true,548
app_20250111_00002919,2025-01-11 22:14:23,cust_4820358,ATVI,credit_card,38170,12,593,medium,rejected,0,call_center,false,84
app_20250111_00002920,2025-01-11 03:50:33,cust_7333130,CHBE,education_loan,10675,48,723,low,approved,10675,branch,false,778
app_20250111_00002921,2025-01-11 22:04:38,cust_9367712,BENL,auto_loan,38433,48,683,medium,rejected,0,mobile,true,53
app_20250111_00002922,2025-01-11 19:52:14,cust_4866988,UKLO,cash_loan,49976,36,736,low,approved,49976,call_center,false,701
app_20250111_00002923,2025-01-11 15:51:22,cust_7522409,UKLO,refinance,492889,180,696,medium,rejected,0,atm,false,27
app_20250111_00002924,2025-01-11 17:13:12,cust_3738313,NLAM,education_loan,6746,24,649,medium,approved,6746,partner,true,212
app_20250111_00002925,2025-01-11 10:51:21,cust_3437518,UKLO,business_loan,24933,24,642,medium,approved,24933,branch,true,614
app_20250111_00002926,2025-01-11 14:52:04,cust_8477737,DEHE,auto_loan,52946,48,496,high,rejected,0,mobile_app,true,120
app_20250111_00002927,2025-01-11 21:18:44,cust_7769057,ATVI,business_loan,26977,48,726,low,approved,26977,branch,false,804
app_20250111_00002928,2025-01-11 19:34:45,cust_6577789,UKLO,education_loan,32285,48,531,medium,approved,32285,partner,false,581
app_20250111_00002929,2025-01-11 01:23:23,cust_1074926,ATVI,personal_loan,6688,42,674,medium,approved,6688,online_banking,false,564
app_20250111_00002930,2025-01-11 16:48:10,cust_7345804,ATVI,refinance,145954,180,800,low,approved,145954,online_banking,false,733
app_20250111_00002931,2025-01-11 06:22:15,cust_4858455,NLAM,cash_loan,10613,12,479,high,rejected,0,mobile_app,true,19
app_20250111_00002932,2025-01-11 20:46:31,cust_1751685,FRID,auto_loan,51701,48,516,medium,rejected,0,web,false,118
app_20250111_00002933,2025-01-11 02:58:10,cust_2243615,CHBE,business_loan,17945,36,792,low,approved,17945,mobile_app,false,250
app_20250111_00002934,2025-01-11 05:47:42,cust_9184360,UKLO,mortgage,330803,240,705,low,approved,330803,online_banking,false,105
app_20250111_00002935,2025-01-11 15:34:00,cust_6723963,BENL,cash_loan,39172,30,735,low,approved,39172,atm,true,303
app_20250111_00002936,2025-01-11 02:58:55,cust_1388983,AUTR,education_loan,38890,12,614,medium,approved,38890,mobile_app,true,186
app_20250111_00002937,2025-01-11 00:47:04,cust_8129094,AUTR,business_loan,16804,36,628,medium,approved,16804,call_center,true,254
app_20250111_00002938,2025-01-11 22:20:22,cust_9223461,GRRE,mortgage,281913,180,600,medium,approved,281913,branch,true,205
app_20250111_00002939,2025-01-11 05:41:09,cust_7066167,GRRE,personal_loan,18012,36,605,medium,rejected,0,branch,true,73
app_20250111_00002940,2025-01-11 03:45:49,cust_1629315,BENL,education_loan,2788,60,594,medium,rejected,0,atm,false,137
app_20250111_00002941,2025-01-11 05:08:02,cust_7171606,ATVI,refinance,375107,120,582,medium,rejected,0,branch,false,31
app_20250111_00002942,2025-01-11 10:42:35,cust_4543453,GRRE,education_loan,18587,36,642,medium,approved,18587,branch,true,159
app_20250111_00002943,2025-01-11 02:05:31,cust_7539249,NLAM,business_loan,12558,48,518,medium,rejected,0,atm,false,83
app_20250111_00002944,2025-01-11 02:39:25,cust_3587527,ESMA,education_loan,19415,60,714,low,approved,19415,mobile_app,true,700
app_20250111_00002945,2025-01-11 04:12:02,cust_8095712,PORP,personal_loan,6012,42,583,medium,approved,6012,atm,false,452
app_20250111_00002946,2025-01-11 11:17:47,cust_1601388,SESV,business_loan,3058,12,659,medium,approved,3058,partner,true,272
app_20250111_00002947,2025-01-11 17:19:46,cust_7466950,SESV,education_loan,23649,36,614,medium,approved,23649,mobile,false,466
app_20250111_00002948,2025-01-11 04:29:46,cust_9266583,ATVI,credit_card,25618,36,599,medium,approved,25618,partner,false,669
app_20250111_00002949,2025-01-11 14:02:23,cust_8091968,ATVI,business_loan,25125,60,563,medium,approved,25125,mobile_app,true,458
app_20250111_00002950,2025-01-11 05:21:30,cust_4113497,ITMI,refinance,269423,120,468,high,rejected,0,call_center,true,170
app_20250111_00002951,2025-01-11 04:12:39,cust_4709540,ITMI,refinance,260231,240,850,low,approved,260231,partner,false,399
app_20250111_00002952,2025-01-11 07:06:06,cust_6414360,NLAM,mortgage,155329,360,620,medium,approved,155329,mobile_app,false,791
app_20250111_00002953,2025-01-11 01:39:55,cust_2810046,CHBE,education_loan,38100,36,741,low,approved,38100,call_center,false,129
app_20250111_00002954,2025-01-11 01:38:03,cust_4393011,FRID,personal_loan,20639,24,494,high,rejected,0,mobile_app,false,83
app_20250111_00002955,2025-01-11 02:27:05,cust_1981886,NLAM,mortgage,124864,300,610,medium,approved,124864,online_banking,false,783
app_20250111_00002956,2025-01-11 13:04:47,cust_3579314,SESV,auto_loan,19345,60,681,medium,approved,19345,web,true,317
app_20250111_00002957,2025-01-11 00:42:35,cust_7724127,ESMA,personal_loan,30007,24,765,low,approved,30007,online_banking,true,346
app_20250111_00002958,2025-01-11 10:48:04,cust_3294861,NLAM,mortgage,249755,180,850,low,approved,249755,atm,true,344
app_20250111_00002959,2025-01-11 06:15:28,cust_9571652,PLWA,business_loan,8025,48,555,medium,approved,8025,mobile_app,false,412
app_20250111_00002960,2025-01-11 09:35:02,cust_3772586,FRID,personal_loan,36354,42,650,medium,rejected,0,mobile_app,false,180
app_20250111_00002961,2025-01-11 13:05:52,cust_6058290,AUTR,business_loan,10000,60,523,medium,rejected,0,atm,true,160
app_20250111_00002962,2025-01-11 00:42:33,cust_7776442,CZPR,mortgage,398300,300,850,low,approved,398300,web,false,279
app_20250111_00002963,2025-01-11 00:22:03,cust_6127468,NLAM,auto_loan,34975,24,637,medium,approved,34975,online_banking,true,56
app_20250111_00002964,2025-01-11 11:48:00,cust_3082761,UKLO,education_loan,39903,12,703,low,approved,39903,partner,true,646
app_20250111_00002965,2025-01-11 13:49:15,cust_3404050,AUTR,business_loan,12262,36,850,low,approved,12262,online_banking,false,737
app_20250111_00002966,2025-01-11 12:59:08,cust_5128993,ITMI,mortgage,496299,120,649,medium,approved,496299,call_center,true,573
app_20250111_00002967,2025-01-11 10:36:53,cust_3192569,FRID,refinance,176612,120,563,medium,rejected,0,mobile,false,105
app_20250111_00002968,2025-01-11 11:42:05,cust_8872417,BENL,auto_loan,57630,72,694,medium,rejected,0,web,false,87
app_20250111_00002969,2025-01-11 20:39:20,cust_604708,PLWA,cash_loan,20306,42,645,medium,rejected,0,branch,false,15
app_20250111_00002970,2025-01-11 14:07:37,cust_3546379,AUTR,cash_loan,8525,48,663,medium,rejected,0,mobile_app,true,47
app_20250111_00002971,2025-01-11 12:00:16,cust_1553842,PLWA,refinance,367547,360,602,medium,rejected,0,mobile_app,false,148
app_20250111_00002972,2025-01-11 04:37:30,cust_3564657,GRRE,credit_card,8228,12,588,medium,rejected,0,partner,false,78
app_20250111_00002973,2025-01-11 09:21:38,cust_7919300,UKLO,education_loan,38144,24,598,medium,approved,38144,online_banking,true,815
app_20250111_00002974,2025-01-11 14:27:41,cust_5420150,ESMA,auto_loan,41760,36,626,medium,approved,41760,web,false,487
app_20250111_00002975,2025-01-11 09:40:09,cust_2100283,NLAM,business_loan,32621,60,632,medium,rejected,0,partner,false,135
app_20250111_00002976,2025-01-11 19:01:47,cust_9468626,ESMA,auto_loan,25695,36,850,low,approved,25695,web,true,76
app_20250111_00002977,2025-01-11 03:56:47,cust_2340124,CZPR,credit_card,27081,12,515,medium,rejected,0,web,false,105
app_20250111_00002978,2025-01-11 12:54:28,cust_8710947,SESV,mortgage,124854,360,628,medium,rejected,0,atm,true,126
app_20250111_00002979,2025-01-11 12:36:21,cust_9384511,SESV,education_loan,32453,60,457,high,rejected,0,atm,true,37
app_20250111_00002980,2025-01-11 16:53:24,cust_7055929,GRRE,cash_loan,34051,30,784,low,approved,34051,mobile_app,true,755
app_20250111_00002981,2025-01-11 19:43:01,cust_7920957,ATVI,auto_loan,5357,48,586,medium,approved,5357,online_banking,true,309
app_20250111_00002982,2025-01-11 13:29:05,cust_6029125,CHBE,credit_card,39417,42,530,medium,approved,39417,online_banking,false,341
app_20250111_00002983,2025-01-11 13:31:44,cust_251390,NLAM,personal_loan,29872,36,670,medium,rejected,0,partner,true,46
app_20250111_00002984,2025-01-11 10:55:12,cust_5756973,PORP,auto_loan,39059,24,850,low,rejected,0,partner,false,58
app_20250111_00002985,2025-01-11 06:55:02,cust_5879602,GRRE,credit_card,38803,24,437,high,rejected,0,branch,true,113
app_20250111_00002986,2025-01-11 06:21:50,cust_2679985,ESMA,credit_card,16554,30,831,low,approved,16554,call_center,false,870
app_20250111_00002987,2025-01-11 16:44:53,cust_2697110,SESV,business_loan,23945,48,842,low,approved,23945,mobile_app,false,99
app_20250111_00002988,2025-01-11 20:25:45,cust_1651428,AUTR,mortgage,464599,300,747,low,rejected,0,branch,false,111
app_20250111_00002989,2025-01-11 22:42:34,cust_6875921,SESV,refinance,375126,300,506,medium,approved,375126,mobile_app,false,223
app_20250111_00002990,2025-01-11 12:57:09,cust_8146090,ATVI,personal_loan,35236,42,656,medium,approved,35236,branch,false,299
app_20250111_00002991,2025-01-11 17:50:38,cust_2434392,FRID,refinance,300583,360,544,medium,rejected,0,web,true,71
app_20250111_00002992,2025-01-11 12:26:22,cust_4831310,FRID,personal_loan,30763,18,658,medium,rejected,0,web,true,104
app_20250111_00002993,2025-01-11 02:24:53,cust_7734726,GRRE,credit_card,37522,12,739,low,approved,37522,mobile,true,890
app_20250111_00002994,2025-01-11 13:54:44,cust_619469,ATVI,business_loan,18125,12,675,medium,approved,18125,atm,false,724
app_20250111_00002995,2025-01-11 01:36:22,cust_3450417,FRID,mortgage,220513,240,536,medium,approved,220513,atm,true,159
app_20250111_00002996,2025-01-11 19:45:05,cust_9037490,ESMA,credit_card,16397,24,677,medium,approved,16397,web,false,190
app_20250111_00002997,2025-01-11 09:51:23,cust_994564,NLAM,cash_loan,8742,18,809,low,approved,8742,mobile_app,false,599
app_20250111_00002998,2025-01-11 16:52:05,cust_9483925,ITMI,cash_loan,36053,42,706,low,approved,36053,partner,true,879
app_20250111_00002999,2025-01-11 13:58:19,cust_8618095,FRID,personal_loan,4740,42,697,medium,approved,4740,call_center,true,869
app_20250111_00003000,2025-01-11 05:29:48,cust_1115825,PLWA,cash_loan,21830,42,531,medium,rejected,0,atm,true,37
app_20250111_00003001,2025-01-11 17:37:57,cust_5978049,SESV,refinance,195497,120,639,medium,rejected,0,mobile,false,105
app_20250111_00003002,2025-01-11 23:37:17,cust_4825658,ATVI,credit_card,33727,48,850,low,approved,33727,mobile_app,true,654
app_20250111_00003003,2025-01-11 20:33:10,cust_6428001,ITMI,credit_card,35411,24,572,medium,rejected,0,mobile,false,65
app_20250111_00003004,2025-01-11 21:53:01,cust_5214111,UKLO,education_loan,19594,36,627,medium,rejected,0,partner,true,84
app_20250111_00003005,2025-01-11 02:20:05,cust_3863895,NLAM,personal_loan,19585,42,787,low,approved,19585,online_banking,true,125
app_20250111_00003006,2025-01-11 22:27:31,cust_1413686,UKLO,credit_card,13551,42,597,medium,rejected,0,partner,false,158
app_20250111_00003007,2025-01-11 18:14:43,cust_8045206,BENL,cash_loan,2986,30,587,medium,approved,2986,online_banking,false,528
app_20250111_00003008,2025-01-11 07:59:04,cust_3525669,CZPR,education_loan,31957,36,593,medium,rejected,0,call_center,false,170
app_20250111_00003009,2025-01-11 14:31:25,cust_9086307,AUTR,personal_loan,49051,30,518,medium,approved,49051,call_center,false,512
app_20250111_00003010,2025-01-11 11:38:47,cust_4272341,PLWA,mortgage,268316,180,744,low,approved,268316,atm,true,369
app_20250111_00003011,2025-01-11 21:25:19,cust_1599895,PLWA,credit_card,8905,36,776,low,approved,8905,online_banking,false,60
app_20250111_00003012,2025-01-11 22:32:08,cust_1585101,ITMI,education_loan,15045,36,690,medium,approved,15045,mobile,false,222
app_20250111_00003013,2025-01-11 06:11:20,cust_4066920,BENL,cash_loan,28293,30,761,low,approved,28293,online_banking,false,167
app_20250111_00003014,2025-01-11 10:33:54,cust_7636597,PLWA,refinance,400167,300,550,medium,rejected,0,mobile_app,true,77
app_20250111_00003015,2025-01-11 06:08:20,cust_1816735,CHBE,mortgage,286437,240,668,medium,rejected,0,mobile,true,14
app_20250111_00003016,2025-01-11 18:49:30,cust_5344388,ATVI,education_loan,32446,48,765,low,approved,32446,branch,true,363
app_20250111_00003017,2025-01-11 07:59:02,cust_1331479,DEHE,auto_loan,21562,24,850,low,approved,21562,branch,false,55
app_20250111_00003018,2025-01-11 11:39:05,cust_8776029,ATVI,education_loan,34457,24,591,medium,approved,34457,web,false,840
app_20250111_00003019,2025-01-11 09:18:14,cust_8767638,PLWA,auto_loan,50054,36,707,low,approved,50054,call_center,true,390
app_20250111_00003020,2025-01-11 18:50:40,cust_9170960,CHBE,credit_card,19035,24,709,low,approved,19035,mobile_app,false,560
app_20250111_00003021,2025-01-11 08:57:04,cust_3369736,NLAM,personal_loan,38852,36,772,low,approved,38852,branch,true,410
app_20250111_00003022,2025-01-11 03:10:02,cust_2362085,SESV,business_loan,32033,48,606,medium,approved,32033,web,false,873
app_20250111_00003023,2025-01-11 18:11:58,cust_2628542,UKLO,auto_loan,39889,72,711,low,approved,39889,call_center,false,802
app_20250111_00003024,2025-01-11 14:26:09,cust_403376,AUTR,cash_loan,44363,42,465,high,rejected,0,mobile_app,true,70
app_20250111_00003025,2025-01-11 21:19:39,cust_8018094,UKLO,cash_loan,27147,30,556,medium,approved,27147,online_banking,false,55
app_20250111_00003026,2025-01-11 12:44:03,cust_7552385,CHBE,business_loan,36747,12,610,medium,approved,36747,mobile_app,false,331
app_20250111_00003027,2025-01-11 03:48:11,cust_4790509,UKLO,cash_loan,22602,42,712,low,approved,22602,mobile,true,58
app_20250111_00003028,2025-01-11 01:24:33,cust_4291017,PLWA,refinance,270358,120,641,medium,approved,270358,online_banking,false,270
app_20250111_00003029,2025-01-11 07:35:59,cust_8315712,ESMA,mortgage,369524,240,644,medium,approved,369524,partner,true,589
app_20250111_00003030,2025-01-11 00:29:14,cust_6537668,AUTR,personal_loan,16744,48,645,medium,rejected,0,web,false,146
app_20250111_00003031,2025-01-11 14:32:43,cust_3106771,BENL,credit_card,41253,30,785,low,approved,41253,atm,false,217
app_20250111_00003032,2025-01-11 17:36:51,cust_1569599,CZPR,education_loan,23224,60,552,medium,approved,23224,mobile,true,223
app_20250111_00003033,2025-01-11 04:08:52,cust_7071730,DEHE,refinance,161804,360,708,low,approved,161804,mobile_app,true,91
app_20250111_00003034,2025-01-11 01:23:45,cust_2269235,PORP,credit_card,21524,36,702,low,approved,21524,mobile_app,false,654
app_20250111_00003035,2025-01-11 12:15:04,cust_6248252,BENL,business_loan,37620,48,756,low,approved,37620,mobile,false,745
app_20250111_00003036,2025-01-11 03:48:24,cust_3551566,UKLO,auto_loan,37595,24,676,medium,rejected,0,branch,false,132
app_20250111_00003037,2025-01-11 06:25:47,cust_3955906,BENL,education_loan,35579,60,673,medium,rejected,0,branch,false,108
app_20250111_00003038,2025-01-11 09:37:32,cust_368416,SESV,cash_loan,6323,36,605,medium,rejected,0,branch,true,155
app_20250111_00003039,2025-01-11 13:20:26,cust_925616,UKLO,mortgage,175603,360,700,low,approved,175603,mobile_app,false,828
app_20250111_00003040,2025-01-11 11:06:18,cust_3113171,ESMA,cash_loan,31497,36,634,medium,approved,31497,web,true,461
app_20250111_00003041,2025-01-11 11:11:21,cust_3667807,AUTR,business_loan,2466,24,651,medium,approved,2466,partner,false,50
app_20250111_00003042,2025-01-11 14:46:35,cust_7914863,FRID,mortgage,294263,300,748,low,approved,294263,web,true,505
app_20250111_00003043,2025-01-11 10:28:46,cust_7826420,CHBE,auto_loan,5546,48,777,low,approved,5546,atm,false,558
app_20250111_00003044,2025-01-11 21:53:21,cust_6972622,SESV,personal_loan,28758,36,483,high,rejected,0,online_banking,false,103
app_20250111_00003045,2025-01-11 11:59:23,cust_5236191,PORP,credit_card,24221,48,508,medium,approved,24221,mobile_app,false,103
app_20250111_00003046,2025-01-11 03:15:34,cust_5220126,GRRE,mortgage,70617,360,640,medium,approved,70617,mobile_app,true,170
app_20250111_00003047,2025-01-11 01:25:41,cust_6359946,CZPR,auto_loan,58753,60,501,medium,rejected,0,web,true,96
app_20250111_00003048,2025-01-11 13:06:21,cust_4902253,UKLO,mortgage,336131,120,681,medium,approved,336131,web,true,290
app_20250111_00003049,2025-01-11 12:35:14,cust_4100501,BENL,cash_loan,25903,12,637,medium,approved,25903,web,true,364
app_20250111_00003050,2025-01-11 16:32:15,cust_5873950,GRRE,business_loan,10124,48,556,medium,rejected,0,atm,false,41
app_20250111_00003051,2025-01-11 00:23:35,cust_7218024,AUTR,business_loan,7247,48,583,medium,rejected,0,call_center,false,40
app_20250111_00003052,2025-01-11 04:24:00,cust_7575883,ATVI,business_loan,39198,24,528,medium,rejected,0,partner,false,135
app_20250111_00003053,2025-01-11 00:53:49,cust_220045,ITMI,credit_card,31579,42,738,low,approved,31579,mobile,false,747
app_20250111_00003054,2025-01-11 18:52:10,cust_4598859,PORP,refinance,332098,120,719,low,approved,332098,online_banking,true,237
app_20250111_00003055,2025-01-11 01:21:35,cust_421724,GRRE,auto_loan,52612,24,626,medium,rejected,0,web,true,60
app_20250111_00003056,2025-01-11 00:48:28,cust_6697569,BENL,cash_loan,33850,36,647,medium,approved,33850,web,false,412
app_20250111_00003057,2025-01-11 13:22:17,cust_840577,NLAM,refinance,96852,360,672,medium,approved,96852,mobile,false,843
app_20250111_00003058,2025-01-11 17:00:01,cust_2723972,UKLO,credit_card,34371,30,730,low,approved,34371,partner,true,430
app_20250111_00003059,2025-01-11 09:32:52,cust_5414568,AUTR,refinance,87837,240,717,low,approved,87837,call_center,true,885
app_20250111_00003060,2025-01-11 12:18:41,cust_762764,CZPR,cash_loan,2012,30,668,medium,rejected,0,mobile_app,true,135
app_20250111_00003061,2025-01-11 21:06:52,cust_965844,PORP,cash_loan,49805,30,399,high,rejected,0,web,false,159
app_20250111_00003062,2025-01-11 09:30:38,cust_3922726,DEHE,auto_loan,9819,24,666,medium,rejected,0,web,true,62
app_20250111_00003063,2025-01-11 16:09:37,cust_4208255,PORP,mortgage,465792,300,610,medium,approved,465792,mobile,true,232
app_20250111_00003064,2025-01-11 04:13:06,cust_3732460,NLAM,cash_loan,44940,48,674,medium,approved,44940,branch,true,353
app_20250111_00003065,2025-01-11 21:28:56,cust_5045145,BENL,cash_loan,44177,36,514,medium,rejected,0,mobile_app,true,82
app_20250111_00003066,2025-01-11 23:41:03,cust_902417,UKLO,personal_loan,36158,18,447,high,rejected,0,mobile_app,true,157
app_20250111_00003067,2025-01-11 23:31:01,cust_2005884,CHBE,cash_loan,10446,48,695,medium,approved,10446,online_banking,false,171
app_20250111_00003068,2025-01-11 08:18:27,cust_5211795,AUTR,business_loan,11418,48,557,medium,rejected,0,call_center,false,48
app_20250111_00003069,2025-01-11 20:10:52,cust_4130927,CZPR,personal_loan,47390,12,760,low,approved,47390,mobile_app,true,720
app_20250111_00003070,2025-01-11 12:23:16,cust_4281475,CHBE,auto_loan,9692,24,684,medium,approved,9692,mobile,false,284
app_20250111_00003071,2025-01-11 12:33:44,cust_1219775,ITMI,credit_card,2744,24,645,medium,approved,2744,mobile,false,561
app_20250111_00003072,2025-01-11 01:00:58,cust_7182262,CZPR,auto_loan,29585,60,733,low,approved,29585,atm,false,178
app_20250111_00003073,2025-01-11 04:09:40,cust_7377023,AUTR,credit_card,47739,36,656,medium,approved,47739,call_center,false,232
app_20250111_00003074,2025-01-11 07:58:16,cust_8132875,BENL,personal_loan,9648,18,759,low,approved,9648,branch,false,276
app_20250111_00003075,2025-01-11 09:23:45,cust_2010983,FRID,mortgage,427070,120,654,medium,approved,427070,mobile,false,687
app_20250111_00003076,2025-01-11 23:49:25,cust_3852515,SESV,mortgage,131661,240,786,low,approved,131661,online_banking,true,124
app_20250111_00003077,2025-01-11 18:28:38,cust_4594437,NLAM,personal_loan,28382,48,710,low,approved,28382,branch,false,43
app_20250111_00003078,2025-01-11 15:50:36,cust_4600393,GRRE,cash_loan,27678,48,569,medium,rejected,0,mobile,true,98
app_20250111_00003079,2025-01-11 19:02:29,cust_5412203,ESMA,business_loan,3119,36,602,medium,approved,3119,atm,false,546
app_20250111_00003080,2025-01-11 19:28:22,cust_232369,ITMI,business_loan,17045,24,673,medium,approved,17045,atm,true,308
app_20250111_00003081,2025-01-11 07:30:54,cust_5581633,FRID,credit_card,48795,36,668,medium,approved,48795,branch,true,392
app_20250111_00003082,2025-01-11 21:29:58,cust_1337012,DEHE,auto_loan,24835,72,731,low,approved,24835,mobile_app,true,665
app_20250111_00003083,2025-01-11 08:55:59,cust_9349085,CHBE,personal_loan,22431,42,729,low,approved,22431,mobile_app,true,814
app_20250111_00003084,2025-01-11 04:29:20,cust_2040603,NLAM,refinance,353836,120,631,medium,approved,353836,call_center,true,418
app_20250111_00003085,2025-01-11 13:52:23,cust_4245297,BENL,education_loan,39005,24,748,low,approved,39005,web,true,87
app_20250111_00003086,2025-01-11 23:12:02,cust_7101707,CZPR,refinance,430941,180,768,low,approved,430941,atm,true,605
app_20250111_00003087,2025-01-11 07:43:18,cust_7268138,ESMA,education_loan,34528,60,560,medium,rejected,0,branch,false,9
app_20250111_00003088,2025-01-11 08:23:05,cust_2621084,SESV,education_loan,23193,24,594,medium,rejected,0,mobile_app,true,91
app_20250111_00003089,2025-01-11 07:40:58,cust_685509,ITMI,business_loan,13093,12,614,medium,approved,13093,mobile,true,609
app_20250111_00003090,2025-01-11 08:50:41,cust_935385,PORP,personal_loan,43445,42,773,low,rejected,0,mobile,true,65
app_20250111_00003091,2025-01-11 06:02:35,cust_3923612,DEHE,business_loan,33105,24,526,medium,rejected,0,mobile_app,false,132
app_20250111_00003092,2025-01-11 09:06:20,cust_9865163,NLAM,refinance,217177,120,693,medium,rejected,0,call_center,true,74
app_20250111_00003093,2025-01-11 16:48:16,cust_2188082,UKLO,refinance,58512,240,553,medium,approved,58512,atm,false,427
app_20250111_00003094,2025-01-11 14:08:03,cust_2462719,PORP,auto_loan,42259,48,753,low,approved,42259,mobile_app,false,692
app_20250111_00003095,2025-01-11 00:22:06,cust_468131,AUTR,mortgage,64564,300,623,medium,rejected,0,mobile_app,true,91
app_20250111_00003096,2025-01-11 09:57:49,cust_4503492,FRID,cash_loan,30452,42,529,medium,approved,30452,call_center,true,726
app_20250111_00003097,2025-01-11 06:55:40,cust_9366895,PORP,mortgage,487050,120,482,high,approved,487050,mobile_app,true,33
app_20250111_00003098,2025-01-11 17:54:57,cust_3044155,AUTR,auto_loan,9645,72,778,low,approved,9645,call_center,false,85
app_20250111_00003099,2025-01-11 23:43:25,cust_8568199,GRRE,refinance,101700,360,531,medium,approved,101700,web,true,186
app_20250111_00003100,2025-01-11 04:34:55,cust_8034113,PLWA,personal_loan,26189,42,721,low,approved,26189,online_banking,false,103
app_20250111_00003101,2025-01-11 22:31:03,cust_576354,NLAM,cash_loan,4776,12,547,medium,rejected,0,partner,true,76
app_20250111_00003102,2025-01-11 16:45:02,cust_6915434,GRRE,credit_card,30364,12,502,medium,approved,30364,branch,true,70
app_20250111_00003103,2025-01-11 00:37:41,cust_3246654,UKLO,education_loan,4465,24,681,medium,approved,4465,partner,false,887
app_20250111_00003104,2025-01-11 11:24:39,cust_2111986,AUTR,personal_loan,26759,30,484,high,rejected,0,call_center,true,44
app_20250111_00003105,2025-01-11 08:51:15,cust_3244334,FRID,auto_loan,47000,24,561,medium,rejected,0,mobile_app,false,101
app_20250111_00003106,2025-01-11 11:57:14,cust_8207040,FRID,credit_card,33720,24,653,medium,approved,33720,online_banking,false,470
app_20250111_00003107,2025-01-11 01:07:35,cust_3792877,UKLO,personal_loan,20449,12,464,high,approved,20449,online_banking,false,466
app_20250111_00003108,2025-01-11 11:21:58,cust_9013938,ESMA,refinance,434640,120,473,high,approved,434640,atm,false,171
app_20250111_00003109,2025-01-11 22:18:19,cust_2730562,AUTR,mortgage,83837,300,813,low,approved,83837,online_banking,false,528
app_20250111_00003110,2025-01-11 20:02:58,cust_4469576,ITMI,refinance,283310,300,512,medium,rejected,0,call_center,true,115
app_20250111_00003111,2025-01-11 15:40:50,cust_4037374,UKLO,business_loan,18371,36,633,medium,rejected,0,partner,true,14
app_20250111_00003112,2025-01-11 11:50:45,cust_3849986,CZPR,business_loan,22692,60,453,high,approved,22692,mobile_app,true,889
app_20250111_00003113,2025-01-11 10:58:26,cust_6630793,SESV,education_loan,17368,48,621,medium,approved,17368,mobile,false,735
app_20250111_00003114,2025-01-11 17:23:10,cust_145517,UKLO,mortgage,475094,120,662,medium,approved,475094,branch,true,375
app_20250111_00003115,2025-01-11 22:42:41,cust_932077,PLWA,cash_loan,42561,30,699,medium,approved,42561,mobile,true,506
app_20250111_00003116,2025-01-11 08:52:35,cust_8979849,ATVI,credit_card,47268,12,607,medium,approved,47268,atm,true,825
app_20250111_00003117,2025-01-11 15:22:33,cust_5519462,PORP,personal_loan,30467,18,758,low,approved,30467,atm,false,593
app_20250111_00003118,2025-01-11 00:30:45,cust_2515421,AUTR,auto_loan,25849,24,537,medium,approved,25849,branch,true,263
app_20250111_00003119,2025-01-11 17:51:50,cust_5363134,UKLO,refinance,100194,300,744,low,approved,100194,branch,true,134
app_20250111_00003120,2025-01-11 16:00:29,cust_2215827,ITMI,cash_loan,34749,42,599,medium,approved,34749,partner,true,808
app_20250111_00003121,2025-01-11 16:40:56,cust_2192319,BENL,cash_loan,27434,30,562,medium,rejected,0,online_banking,true,51
app_20250111_00003122,2025-01-11 21:30:40,cust_8923951,ATVI,mortgage,170376,360,550,medium,rejected,0,atm,false,155
app_20250111_00003123,2025-01-11 06:10:40,cust_1025349,ATVI,education_loan,21686,60,632,medium,rejected,0,mobile,true,26
app_20250111_00003124,2025-01-11 07:26:08,cust_5814843,DEHE,education_loan,10231,60,803,low,approved,10231,atm,true,495
app_20250111_00003125,2025-01-11 13:29:50,cust_9003819,BENL,education_loan,18762,24,569,medium,rejected,0,partner,false,175
app_20250111_00003126,2025-01-11 00:57:48,cust_9453790,CHBE,mortgage,172111,120,609,medium,rejected,0,branch,true,37
app_20250111_00003127,2025-01-11 20:37:31,cust_2320197,CZPR,credit_card,11993,36,698,medium,rejected,0,call_center,false,140
app_20250111_00003128,2025-01-11 19:37:23,cust_3397167,SESV,education_loan,34014,36,637,medium,approved,34014,online_banking,false,597
app_20250111_00003129,2025-01-11 10:01:07,cust_1998202,ESMA,mortgage,97261,180,687,medium,approved,97261,atm,false,816
app_20250111_00003130,2025-01-11 03:42:40,cust_9317169,AUTR,refinance,390495,300,696,medium,approved,390495,call_center,true,898
app_20250111_00003131,2025-01-11 08:50:15,cust_175857,UKLO,auto_loan,44420,36,717,low,rejected,0,mobile_app,true,32
app_20250111_00003132,2025-01-11 23:40:12,cust_5392938,ESMA,personal_loan,43674,30,774,low,approved,43674,branch,true,675
app_20250111_00003133,2025-01-11 12:48:26,cust_3069982,PORP,cash_loan,34816,18,669,medium,approved,34816,online_banking,true,563
app_20250111_00003134,2025-01-11 18:16:35,cust_3078777,FRID,credit_card,3518,42,627,medium,rejected,0,online_banking,false,164
app_20250111_00003135,2025-01-11 23:05:09,cust_4045184,ATVI,refinance,387174,360,637,medium,approved,387174,call_center,true,155
app_20250111_00003136,2025-01-11 15:44:09,cust_7816132,GRRE,mortgage,111932,180,632,medium,approved,111932,web,true,412
app_20250111_00003137,2025-01-11 14:25:49,cust_7976681,AUTR,education_loan,24793,60,735,low,approved,24793,atm,true,141
app_20250111_00003138,2025-01-11 07:41:55,cust_817309,FRID,personal_loan,2453,48,721,low,approved,2453,call_center,true,267
app_20250111_00003139,2025-01-11 02:05:44,cust_4458827,PLWA,business_loan,6402,48,713,low,approved,6402,partner,false,392
app_20250111_00003140,2025-01-11 04:23:32,cust_430419,PLWA,personal_loan,22997,12,604,medium,approved,22997,call_center,true,399
app_20250111_00003141,2025-01-11 07:13:11,cust_2751430,PORP,cash_loan,31882,12,767,low,approved,31882,call_center,false,668
app_20250111_00003142,2025-01-11 19:37:01,cust_252551,ATVI,mortgage,427403,120,596,medium,rejected,0,partner,true,151
app_20250111_00003143,2025-01-11 09:14:52,cust_5123476,UKLO,credit_card,25040,18,656,medium,approved,25040,call_center,true,365
app_20250111_00003144,2025-01-11 09:50:55,cust_5823865,ITMI,refinance,97192,120,850,low,approved,97192,online_banking,false,479
app_20250111_00003145,2025-01-11 06:47:51,cust_2619167,DEHE,refinance,317135,120,715,low,approved,317135,branch,true,487
app_20250111_00003146,2025-01-11 17:34:00,cust_5992148,NLAM,auto_loan,58431,72,670,medium,approved,58431,partner,false,840
app_20250111_00003147,2025-01-11 03:57:36,cust_2384776,AUTR,mortgage,97997,180,694,medium,approved,97997,branch,true,246
app_20250111_00003148,2025-01-11 08:18:00,cust_7348902,BENL,business_loan,8886,36,631,medium,approved,8886,web,false,464
app_20250111_00003149,2025-01-11 11:44:19,cust_1736218,DEHE,personal_loan,27582,48,566,medium,rejected,0,mobile_app,false,124
app_20250111_00003150,2025-01-11 03:35:57,cust_5589730,PLWA,personal_loan,37867,36,644,medium,rejected,0,mobile_app,false,45
app_20250111_00003151,2025-01-11 09:47:12,cust_2018519,ESMA,refinance,139839,180,738,low,approved,139839,branch,true,250
app_20250111_00003152,2025-01-11 13:48:42,cust_8612379,PORP,refinance,355889,180,657,medium,rejected,0,mobile,false,171
app_20250111_00003153,2025-01-11 03:56:12,cust_7021473,AUTR,business_loan,29965,24,620,medium,approved,29965,mobile_app,false,456
app_20250111_00003154,2025-01-11 05:59:54,cust_650434,NLAM,education_loan,16466,24,715,low,approved,16466,mobile,true,336
app_20250111_00003155,2025-01-11 09:23:20,cust_7136883,ITMI,mortgage,116091,120,682,medium,approved,116091,atm,true,48
app_20250111_00003156,2025-01-11 16:20:59,cust_2379740,ATVI,cash_loan,40472,30,739,low,approved,40472,web,true,157
app_20250111_00003157,2025-01-11 08:52:35,cust_1949175,PLWA,business_loan,16031,12,642,medium,rejected,0,mobile_app,false,164
app_20250111_00003158,2025-01-11 04:34:08,cust_4870664,ATVI,education_loan,31687,12,687,medium,approved,31687,mobile,true,846
app_20250111_00003159,2025-01-11 21:12:41,cust_1834622,ITMI,refinance,364671,180,665,medium,approved,364671,atm,true,762
app_20250111_00003160,2025-01-11 04:47:31,cust_8672260,CZPR,cash_loan,20037,12,682,medium,approved,20037,partner,false,147
app_20250111_00003161,2025-01-11 05:34:49,cust_9088894,ESMA,business_loan,22733,48,806,low,approved,22733,branch,false,808
app_20250111_00003162,2025-01-11 20:29:43,cust_1419595,SESV,cash_loan,2790,24,680,medium,approved,2790,call_center,true,114
app_20250111_00003163,2025-01-11 10:02:16,cust_7020126,ITMI,education_loan,36701,36,628,medium,approved,36701,partner,true,98
app_20250111_00003164,2025-01-11 11:42:02,cust_2809266,NLAM,refinance,482182,360,697,medium,approved,482182,online_banking,false,836
app_20250111_00003165,2025-01-11 17:34:40,cust_6891350,GRRE,auto_loan,39574,36,767,low,approved,39574,partner,false,705
app_20250111_00003166,2025-01-11 03:27:26,cust_6229313,AUTR,credit_card,5654,18,822,low,approved,5654,online_banking,false,653
app_20250111_00003167,2025-01-11 17:29:27,cust_8549227,CZPR,mortgage,491698,360,648,medium,rejected,0,branch,false,140
app_20250111_00003168,2025-01-11 01:24:22,cust_908383,ESMA,education_loan,16178,48,612,medium,approved,16178,call_center,true,211
app_20250111_00003169,2025-01-11 05:08:37,cust_8143418,DEHE,credit_card,37612,12,577,medium,rejected,0,partner,false,106
app_20250111_00003170,2025-01-11 14:10:17,cust_1944681,NLAM,auto_loan,22801,48,647,medium,approved,22801,branch,true,494
app_20250111_00003171,2025-01-11 13:21:31,cust_7943690,CZPR,cash_loan,32258,36,518,medium,rejected,0,mobile_app,true,38
app_20250111_00003172,2025-01-11 16:54:59,cust_4060186,DEHE,mortgage,409924,360,759,low,approved,409924,mobile_app,true,727
app_20250111_00003173,2025-01-11 12:50:15,cust_335152,SESV,cash_loan,49432,36,633,medium,approved,49432,call_center,false,376
app_20250111_00003174,2025-01-11 19:12:34,cust_2483194,ATVI,credit_card,4783,36,688,medium,rejected,0,web,true,172
app_20250111_00003175,2025-01-11 01:42:29,cust_2094688,NLAM,refinance,92032,180,652,medium,rejected,0,web,true,112
app_20250111_00003176,2025-01-11 23:41:42,cust_4242866,CHBE,mortgage,154308,180,689,medium,approved,154308,mobile,true,357
app_20250111_00003177,2025-01-11 20:28:19,cust_5832807,ATVI,credit_card,43811,42,647,medium,approved,43811,atm,false,349
app_20250111_00003178,2025-01-11 09:02:30,cust_7758085,PLWA,cash_loan,48466,12,628,medium,approved,48466,call_center,true,66
app_20250111_00003179,2025-01-11 10:01:56,cust_7015955,BENL,business_loan,8909,12,571,medium,rejected,0,web,true,146
app_20250111_00003180,2025-01-11 08:47:48,cust_6561288,ESMA,cash_loan,25405,18,707,low,approved,25405,mobile,false,600
app_20250111_00003181,2025-01-11 23:49:04,cust_5714305,ATVI,cash_loan,26024,36,458,high,rejected,0,online_banking,true,71
app_20250111_00003182,2025-01-11 13:20:30,cust_7695112,NLAM,personal_loan,40675,18,591,medium,approved,40675,partner,false,405
app_20250111_00003183,2025-01-11 15:40:56,cust_8407503,DEHE,auto_loan,10365,72,814,low,approved,10365,mobile_app,true,434
app_20250111_00003184,2025-01-11 17:08:38,cust_3584923,PLWA,business_loan,21230,60,716,low,approved,21230,web,true,687
app_20250111_00003185,2025-01-11 19:31:01,cust_4701359,PORP,personal_loan,10217,36,737,low,approved,10217,branch,false,677
app_20250111_00003186,2025-01-11 02:42:49,cust_1908826,AUTR,personal_loan,32683,48,578,medium,rejected,0,mobile_app,false,177
app_20250111_00003187,2025-01-11 04:29:38,cust_8547396,BENL,mortgage,352888,120,732,low,approved,352888,partner,false,528
app_20250111_00003188,2025-01-11 14:00:23,cust_5166203,CZPR,mortgage,171001,360,781,low,approved,171001,call_center,false,121
app_20250111_00003189,2025-01-11 07:04:04,cust_7366191,ESMA,education_loan,30948,60,574,medium,approved,30948,online_banking,false,678
app_20250111_00003190,2025-01-11 23:06:35,cust_1035192,BENL,credit_card,28741,30,690,medium,approved,28741,web,false,175
app_20250111_00003191,2025-01-11 09:07:13,cust_2203804,PORP,cash_loan,33447,12,698,medium,approved,33447,web,false,757
app_20250111_00003192,2025-01-11 22:27:26,cust_202029,ATVI,education_loan,29129,24,439,high,rejected,0,partner,true,124
app_20250111_00003193,2025-01-11 13:11:51,cust_6294265,UKLO,refinance,331328,300,509,medium,rejected,0,atm,false,144
app_20250111_00003194,2025-01-11 11:25:49,cust_8379278,CHBE,auto_loan,43067,48,640,medium,approved,43067,partner,true,430
app_20250111_00003195,2025-01-11 13:50:37,cust_6333854,ITMI,cash_loan,29280,12,602,medium,approved,29280,branch,true,225
app_20250111_00003196,2025-01-11 00:02:43,cust_7212521,PORP,cash_loan,26426,18,729,low,approved,26426,online_banking,false,876
app_20250111_00003197,2025-01-11 19:19:54,cust_9992822,ITMI,business_loan,25105,24,720,low,approved,25105,mobile,true,857
app_20250111_00003198,2025-01-11 10:57:25,cust_6200018,PLWA,credit_card,17564,48,645,medium,approved,17564,call_center,false,705
app_20250111_00003199,2025-01-11 20:55:38,cust_9773462,SESV,credit_card,49900,36,646,medium,approved,49900,call_center,true,478
app_20250111_00003200,2025-01-11 18:39:47,cust_6879959,NLAM,refinance,415145,240,602,medium,approved,415145,partner,false,342
app_20250111_00003201,2025-01-11 12:24:22,cust_880744,PLWA,education_loan,4473,24,671,medium,rejected,0,atm,false,32
app_20250111_00003202,2025-01-11 18:40:17,cust_6591060,GRRE,auto_loan,53082,48,549,medium,rejected,0,partner,false,140
app_20250111_00003203,2025-01-11 14:06:52,cust_169692,UKLO,business_loan,32826,36,769,low,approved,32826,mobile,true,89
app_20250111_00003204,2025-01-11 21:28:42,cust_4164004,PORP,cash_loan,40304,12,634,medium,approved,40304,mobile,true,129
app_20250111_00003205,2025-01-11 00:56:48,cust_1815106,PLWA,personal_loan,15664,48,639,medium,approved,15664,online_banking,true,730
app_20250111_00003206,2025-01-11 23:20:51,cust_1991339,CHBE,mortgage,225662,120,694,medium,approved,225662,online_banking,false,141
app_20250111_00003207,2025-01-11 03:59:34,cust_812785,AUTR,mortgage,212592,180,624,medium,rejected,0,branch,true,112
app_20250111_00003208,2025-01-11 13:38:27,cust_5231908,GRRE,refinance,280607,300,646,medium,approved,280607,web,false,519
app_20250111_00003209,2025-01-11 12:00:35,cust_7958650,CHBE,credit_card,45987,42,500,medium,rejected,0,partner,true,16
app_20250111_00003210,2025-01-11 13:36:52,cust_965168,CZPR,mortgage,96221,300,727,low,approved,96221,branch,true,730
app_20250111_00003211,2025-01-11 07:38:07,cust_8944762,NLAM,business_loan,9775,60,538,medium,approved,9775,atm,false,333
app_20250111_00003212,2025-01-11 11:56:16,cust_6478373,CHBE,mortgage,183537,240,660,medium,approved,183537,branch,false,318
app_20250111_00003213,2025-01-11 10:07:04,cust_1763388,ESMA,personal_loan,46714,30,600,medium,rejected,0,atm,true,177
app_20250111_00003214,2025-01-11 17:24:48,cust_8396892,PLWA,cash_loan,15908,36,686,medium,approved,15908,mobile,true,685
app_20250111_00003215,2025-01-11 05:29:21,cust_7824785,GRRE,personal_loan,10065,24,735,low,approved,10065,web,false,591
app_20250111_00003216,2025-01-11 03:37:07,cust_4185072,CHBE,refinance,410166,240,547,medium,rejected,0,branch,false,171
app_20250111_00003217,2025-01-11 00:38:32,cust_2246556,PLWA,cash_loan,15581,36,617,medium,rejected,0,partner,true,169
app_20250111_00003218,2025-01-11 09:47:18,cust_5487550,ITMI,cash_loan,9873,48,711,low,approved,9873,atm,true,536
app_20250111_00003219,2025-01-11 09:35:59,cust_8065182,ESMA,credit_card,13166,48,728,low,approved,13166,online_banking,false,864
app_20250111_00003220,2025-01-11 05:09:12,cust_2617117,PORP,business_loan,27661,48,495,high,rejected,0,mobile,false,53
app_20250111_00003221,2025-01-11 09:25:15,cust_4443966,PORP,education_loan,32623,12,682,medium,rejected,0,web,false,8
app_20250111_00003222,2025-01-11 05:09:22,cust_1645461,ATVI,credit_card,40478,36,654,medium,rejected,0,atm,false,129
app_20250111_00003223,2025-01-11 22:09:19,cust_9970344,SESV,auto_loan,29501,48,678,medium,approved,29501,partner,true,163
app_20250111_00003224,2025-01-11 04:24:12,cust_2548264,DEHE,personal_loan,49944,24,582,medium,rejected,0,mobile,true,131
app_20250111_00003225,2025-01-11 18:34:30,cust_8134481,PORP,refinance,164275,120,610,medium,rejected,0,branch,false,171
app_20250111_00003226,2025-01-11 00:50:41,cust_2342043,ESMA,refinance,356396,240,557,medium,rejected,0,atm,false,118
app_20250111_00003227,2025-01-11 19:20:37,cust_4201143,GRRE,credit_card,15873,30,613,medium,approved,15873,atm,true,69
app_20250111_00003228,2025-01-11 22:18:01,cust_5141422,AUTR,education_loan,12523,48,580,medium,approved,12523,online_banking,true,740
app_20250111_00003229,2025-01-11 14:08:53,cust_1566774,FRID,education_loan,34809,48,687,medium,approved,34809,mobile,false,652
app_20250111_00003230,2025-01-11 00:29:45,cust_419038,AUTR,mortgage,483879,300,617,medium,approved,483879,atm,true,36
app_20250111_00003231,2025-01-11 04:34:27,cust_737268,NLAM,mortgage,464319,300,463,high,rejected,0,atm,false,98
app_20250111_00003232,2025-01-11 01:17:33,cust_4815766,GRRE,personal_loan,5524,24,826,low,approved,5524,web,false,288
app_20250111_00003233,2025-01-11 00:00:54,cust_7601445,ESMA,business_loan,15783,60,678,medium,approved,15783,branch,false,585
app_20250111_00003234,2025-01-11 02:24:31,cust_7770420,PORP,cash_loan,11957,36,733,low,approved,11957,partner,false,726
app_20250111_00003235,2025-01-11 14:01:33,cust_1838223,DEHE,cash_loan,15803,42,773,low,approved,15803,mobile,true,300
app_20250111_00003236,2025-01-11 01:11:15,cust_3765141,SESV,cash_loan,17814,24,737,low,approved,17814,call_center,false,413
app_20250111_00003237,2025-01-11 15:58:12,cust_8168222,ATVI,mortgage,412113,360,639,medium,approved,412113,online_banking,false,302
app_20250111_00003238,2025-01-11 15:51:16,cust_7774354,ESMA,refinance,100383,180,659,medium,approved,100383,mobile,false,506
app_20250111_00003239,2025-01-11 17:10:53,cust_4051932,ITMI,mortgage,336364,360,529,medium,rejected,0,mobile_app,true,91
app_20250111_00003240,2025-01-11 19:19:16,cust_4721977,PORP,auto_loan,40792,36,535,medium,rejected,0,web,true,30
app_20250111_00003241,2025-01-11 20:13:09,cust_5674137,NLAM,business_loan,39157,48,728,low,approved,39157,online_banking,false,759
app_20250111_00003242,2025-01-11 13:40:42,cust_6180675,DEHE,auto_loan,46570,48,533,medium,rejected,0,atm,true,120
app_20250111_00003243,2025-01-11 22:29:54,cust_5783050,CHBE,mortgage,477181,180,635,medium,approved,477181,call_center,true,116
app_20250111_00003244,2025-01-11 14:31:35,cust_1733092,NLAM,personal_loan,19923,36,687,medium,approved,19923,atm,false,181
app_20250111_00003245,2025-01-11 08:33:31,cust_1803539,FRID,personal_loan,24446,12,568,medium,approved,24446,online_banking,true,171
app_20250111_00003246,2025-01-11 03:24:59,cust_7302914,UKLO,cash_loan,40182,24,502,medium,approved,40182,partner,false,274
app_20250111_00003247,2025-01-11 22:15:12,cust_4046736,BENL,business_loan,16292,24,584,medium,approved,16292,branch,false,206
app_20250111_00003248,2025-01-11 13:09:53,cust_2296964,PLWA,credit_card,26574,30,568,medium,approved,26574,partner,true,636
app_20250111_00003249,2025-01-11 16:37:41,cust_4847512,PLWA,refinance,93035,120,589,medium,rejected,0,call_center,false,148
app_20250111_00003250,2025-01-11 02:48:03,cust_481259,UKLO,education_loan,21978,60,786,low,approved,21978,mobile,true,369
app_20250111_00003251,2025-01-11 20:30:35,cust_6944354,NLAM,education_loan,37433,36,652,medium,approved,37433,branch,false,563
app_20250111_00003252,2025-01-11 22:44:25,cust_718116,ESMA,mortgage,311472,240,705,low,approved,311472,mobile,false,507
app_20250111_00003253,2025-01-11 22:35:23,cust_3544283,PLWA,business_loan,28859,60,614,medium,approved,28859,partner,true,673
app_20250111_00003254,2025-01-11 06:06:32,cust_4082049,FRID,business_loan,21966,12,669,medium,approved,21966,atm,false,635
app_20250111_00003255,2025-01-11 16:15:36,cust_2495856,FRID,credit_card,8771,36,788,low,approved,8771,branch,true,71
app_20250111_00003256,2025-01-11 07:05:10,cust_443280,ITMI,personal_loan,18849,48,618,medium,rejected,0,call_center,false,36
app_20250111_00003257,2025-01-11 04:27:45,cust_1487852,CHBE,credit_card,14303,24,615,medium,approved,14303,branch,true,564
app_20250111_00003258,2025-01-11 02:46:40,cust_7619208,PLWA,education_loan,32788,36,602,medium,rejected,0,partner,true,62
app_20250111_00003259,2025-01-11 00:09:20,cust_8033014,CHBE,personal_loan,21238,12,700,low,approved,21238,partner,true,37
app_20250111_00003260,2025-01-11 09:44:49,cust_4560539,ATVI,business_loan,35899,12,634,medium,approved,35899,online_banking,false,822
app_20250111_00003261,2025-01-11 20:45:22,cust_4706589,ESMA,personal_loan,15865,36,431,high,rejected,0,atm,false,18
app_20250111_00003262,2025-01-11 14:02:57,cust_5555704,CHBE,credit_card,18170,42,792,low,approved,18170,partner,true,480
app_20250111_00003263,2025-01-11 05:55:15,cust_4510966,UKLO,business_loan,34586,24,604,medium,approved,34586,web,false,533
app_20250111_00003264,2025-01-11 08:18:20,cust_9638683,DEHE,auto_loan,21159,36,597,medium,rejected,0,branch,false,162
app_20250111_00003265,2025-01-11 00:08:54,cust_9215600,AUTR,personal_loan,47345,24,762,low,approved,47345,call_center,false,466
app_20250111_00003266,2025-01-11 01:42:40,cust_3046225,FRID,mortgage,312123,120,787,low,approved,312123,branch,false,839
app_20250111_00003267,2025-01-11 07:47:36,cust_8969269,SESV,credit_card,33686,24,747,low,approved,33686,mobile,false,520
app_20250111_00003268,2025-01-11 03:07:17,cust_9320098,ESMA,personal_loan,4677,42,553,medium,rejected,0,online_banking,false,75
app_20250111_00003269,2025-01-11 14:41:56,cust_3979744,ATVI,mortgage,411640,120,633,medium,rejected,0,atm,false,109
app_20250111_00003270,2025-01-11 21:41:59,cust_7083201,BENL,mortgage,182323,300,598,medium,approved,182323,mobile_app,false,172
app_20250111_00003271,2025-01-11 07:33:36,cust_6549270,ATVI,refinance,348787,120,547,medium,rejected,0,atm,true,142
app_20250111_00003272,2025-01-11 11:31:33,cust_772143,DEHE,auto_loan,59225,60,631,medium,approved,59225,branch,false,865
app_20250111_00003273,2025-01-11 16:45:56,cust_7197542,GRRE,mortgage,93113,360,791,low,approved,93113,mobile_app,true,198
app_20250111_00003274,2025-01-11 19:09:49,cust_5960839,ITMI,business_loan,22421,48,823,low,approved,22421,online_banking,false,582
app_20250111_00003275,2025-01-11 20:25:23,cust_6140296,CHBE,refinance,199844,180,742,low,approved,199844,partner,false,111
app_20250111_00003276,2025-01-11 12:32:59,cust_3181461,ESMA,credit_card,38853,24,463,high,rejected,0,mobile,false,48
app_20250111_00003277,2025-01-11 00:53:44,cust_5894405,UKLO,refinance,176693,300,564,medium,approved,176693,branch,false,743
app_20250111_00003278,2025-01-11 16:57:27,cust_2804349,GRRE,credit_card,21935,36,850,low,rejected,0,mobile_app,false,33
app_20250111_00003279,2025-01-11 01:36:04,cust_8459372,CHBE,personal_loan,41832,36,850,low,approved,41832,call_center,false,839
app_20250111_00003280,2025-01-11 13:53:57,cust_1731061,DEHE,education_loan,36905,36,761,low,approved,36905,web,true,584
app_20250111_00003281,2025-01-11 23:23:51,cust_720355,CHBE,cash_loan,47533,30,465,high,rejected,0,atm,false,97
app_20250111_00003282,2025-01-11 03:05:44,cust_1922955,CZPR,education_loan,32660,60,521,medium,approved,32660,partner,true,639
app_20250111_00003283,2025-01-11 00:53:29,cust_4778843,SESV,refinance,261003,180,811,low,approved,261003,online_banking,false,484
app_20250111_00003284,2025-01-11 22:13:19,cust_1542070,ATVI,business_loan,6514,36,826,low,approved,6514,web,false,86
app_20250111_00003285,2025-01-11 17:54:35,cust_1995008,UKLO,credit_card,9928,36,580,medium,approved,9928,mobile_app,true,496
app_20250111_00003286,2025-01-11 20:08:28,cust_1836547,CZPR,cash_loan,24705,18,665,medium,rejected,0,mobile,true,18
app_20250111_00003287,2025-01-11 23:16:39,cust_5034416,GRRE,refinance,164634,120,819,low,rejected,0,web,true,160
app_20250111_00003288,2025-01-11 17:21:48,cust_637138,ITMI,business_loan,38572,36,671,medium,rejected,0,call_center,false,84
app_20250111_00003289,2025-01-11 04:55:05,cust_6954043,PLWA,mortgage,395797,240,536,medium,rejected,0,call_center,true,19
app_20250111_00003290,2025-01-11 22:32:53,cust_8989403,UKLO,business_loan,17967,48,603,medium,approved,17967,partner,false,511
app_20250111_00003291,2025-01-11 13:40:57,cust_5025176,UKLO,cash_loan,10259,12,487,high,rejected,0,web,true,156
app_20250111_00003292,2025-01-11 09:57:32,cust_5963889,CHBE,cash_loan,37322,36,615,medium,rejected,0,atm,true,156
app_20250111_00003293,2025-01-11 07:27:26,cust_4796630,CZPR,business_loan,2123,60,727,low,approved,2123,branch,false,162
app_20250111_00003294,2025-01-11 04:24:45,cust_7088147,AUTR,auto_loan,44022,72,725,low,approved,44022,call_center,false,809
app_20250111_00003295,2025-01-11 02:27:16,cust_1500457,GRRE,mortgage,459885,240,705,low,approved,459885,online_banking,false,37
app_20250111_00003296,2025-01-11 06:31:09,cust_1760770,AUTR,auto_loan,13324,24,690,medium,approved,13324,online_banking,false,50
app_20250111_00003297,2025-01-11 22:26:29,cust_1494230,ATVI,personal_loan,47770,30,684,medium,approved,47770,branch,true,512
app_20250111_00003298,2025-01-11 17:09:09,cust_920833,DEHE,credit_card,10507,24,710,low,approved,10507,online_banking,true,118
app_20250111_00003299,2025-01-11 21:02:00,cust_5766557,UKLO,credit_card,18250,30,666,medium,approved,18250,call_center,true,464
app_20250111_00003300,2025-01-11 03:29:46,cust_3179261,FRID,refinance,276751,240,695,medium,approved,276751,partner,false,475
app_20250111_00003301,2025-01-11 15:06:38,cust_2424546,FRID,auto_loan,55830,72,694,medium,rejected,0,atm,false,161
app_20250111_00003302,2025-01-11 03:18:10,cust_8828957,ITMI,cash_loan,38077,30,581,medium,rejected,0,online_banking,true,156
app_20250111_00003303,2025-01-11 10:00:27,cust_8114271,ATVI,credit_card,32673,12,689,medium,approved,32673,online_banking,false,352
app_20250111_00003304,2025-01-11 01:17:39,cust_1172511,NLAM,mortgage,260003,180,545,medium,rejected,0,online_banking,false,124
app_20250111_00003305,2025-01-11 18:36:34,cust_1560142,CZPR,refinance,428648,180,737,low,rejected,0,call_center,false,46
app_20250111_00003306,2025-01-11 03:22:59,cust_3026638,PORP,mortgage,317129,120,813,low,approved,317129,partner,true,72
app_20250111_00003307,2025-01-11 12:18:14,cust_5785160,BENL,cash_loan,27577,30,653,medium,approved,27577,online_banking,true,135
app_20250111_00003308,2025-01-11 23:34:59,cust_5184190,BENL,personal_loan,45865,30,594,medium,rejected,0,mobile,true,133
app_20250111_00003309,2025-01-11 17:40:22,cust_5509402,DEHE,personal_loan,2605,24,700,low,approved,2605,mobile,false,234
app_20250111_00003310,2025-01-11 09:59:58,cust_5513670,PLWA,refinance,94276,300,573,medium,rejected,0,call_center,true,166
app_20250111_00003311,2025-01-11 07:31:34,cust_8499393,GRRE,credit_card,16462,36,795,low,approved,16462,partner,true,785
app_20250111_00003312,2025-01-11 19:40:03,cust_8595734,ITMI,education_loan,9922,12,692,medium,approved,9922,online_banking,true,853
app_20250111_00003313,2025-01-11 22:29:36,cust_4568222,SESV,credit_card,6779,42,576,medium,approved,6779,mobile_app,false,130
app_20250111_00003314,2025-01-11 05:19:42,cust_3172493,NLAM,credit_card,25851,18,668,medium,approved,25851,web,true,282
app_20250111_00003315,2025-01-11 20:37:36,cust_890537,ITMI,education_loan,37551,24,850,low,rejected,0,mobile,false,54
app_20250111_00003316,2025-01-11 12:59:34,cust_1484698,PLWA,personal_loan,9581,30,513,medium,approved,9581,mobile,false,347
app_20250111_00003317,2025-01-11 02:23:09,cust_7443907,BENL,business_loan,5347,24,594,medium,rejected,0,mobile,false,104
app_20250111_00003318,2025-01-11 12:01:21,cust_9289301,CHBE,auto_loan,28964,48,656,medium,approved,28964,online_banking,false,336
app_20250111_00003319,2025-01-11 00:54:13,cust_6532475,FRID,education_loan,16997,60,808,low,approved,16997,online_banking,true,710
app_20250111_00003320,2025-01-11 11:05:17,cust_7079810,DEHE,credit_card,39288,24,676,medium,approved,39288,mobile_app,true,448
app_20250111_00003321,2025-01-11 09:24:15,cust_7988569,FRID,mortgage,409637,120,850,low,approved,409637,mobile_app,true,640
app_20250111_00003322,2025-01-11 15:27:41,cust_3839990,DEHE,education_loan,23380,24,636,medium,rejected,0,branch,false,160
app_20250111_00003323,2025-01-11 01:17:22,cust_6372349,DEHE,cash_loan,41972,42,850,low,approved,41972,atm,false,96
app_20250111_00003324,2025-01-11 06:51:44,cust_4125531,ITMI,business_loan,14850,36,688,medium,rejected,0,atm,true,52
app_20250111_00003325,2025-01-11 08:34:06,cust_2536003,NLAM,education_loan,27485,24,561,medium,rejected,0,partner,false,83
app_20250111_00003326,2025-01-11 21:39:09,cust_6212851,ATVI,personal_loan,48539,42,662,medium,approved,48539,mobile,true,505
app_20250111_00003327,2025-01-11 02:41:54,cust_7652569,DEHE,mortgage,210653,120,511,medium,rejected,0,branch,false,178
app_20250111_00003328,2025-01-11 04:59:35,cust_8305580,GRRE,auto_loan,58844,72,567,medium,rejected,0,mobile_app,true,167
app_20250111_00003329,2025-01-11 09:36:11,cust_4716005,CZPR,auto_loan,53513,36,618,medium,approved,53513,branch,false,713
app_20250111_00003330,2025-01-11 08:01:02,cust_4746613,DEHE,refinance,358726,240,607,medium,approved,358726,mobile,false,843
app_20250111_00003331,2025-01-11 20:43:14,cust_459495,GRRE,refinance,460995,180,708,low,approved,460995,call_center,true,760
app_20250111_00003332,2025-01-11 18:02:29,cust_8202512,SESV,credit_card,46801,24,615,medium,rejected,0,call_center,false,168
app_20250111_00003333,2025-01-11 19:03:11,cust_8704102,GRRE,business_loan,20152,48,537,medium,rejected,0,branch,true,28
app_20250111_00003334,2025-01-11 14:55:06,cust_3538416,FRID,credit_card,16142,36,685,medium,rejected,0,mobile_app,false,134
app_20250111_00003335,2025-01-11 15:50:24,cust_5564938,UKLO,cash_loan,26628,48,595,medium,approved,26628,atm,false,325
app_20250111_00003336,2025-01-11 03:36:12,cust_4859883,CHBE,credit_card,17657,12,623,medium,rejected,0,online_banking,true,42
app_20250111_00003337,2025-01-11 10:07:45,cust_6272980,ATVI,personal_loan,8417,36,720,low,approved,8417,partner,true,514
app_20250111_00003338,2025-01-11 01:31:53,cust_2676570,AUTR,education_loan,13123,24,681,medium,rejected,0,mobile,false,12
app_20250111_00003339,2025-01-11 05:01:13,cust_8638944,UKLO,refinance,475542,120,557,medium,rejected,0,mobile,true,20
app_20250111_00003340,2025-01-11 19:45:29,cust_1572894,SESV,mortgage,357358,240,637,medium,approved,357358,online_banking,false,245
app_20250111_00003341,2025-01-11 03:59:56,cust_9422663,GRRE,mortgage,124201,180,539,medium,rejected,0,online_banking,false,133
app_20250111_00003342,2025-01-11 04:55:03,cust_5262619,SESV,personal_loan,43345,48,751,low,approved,43345,partner,true,559
app_20250111_00003343,2025-01-11 21:58:01,cust_8064151,AUTR,refinance,342179,240,436,high,rejected,0,call_center,false,116
app_20250111_00003344,2025-01-11 20:50:44,cust_7198108,BENL,credit_card,34367,42,657,medium,approved,34367,web,true,729
app_20250111_00003345,2025-01-11 10:39:47,cust_2769713,PORP,auto_loan,44546,24,515,medium,rejected,0,online_banking,true,162
app_20250111_00003346,2025-01-11 02:56:28,cust_7819021,AUTR,personal_loan,2926,48,829,low,approved,2926,branch,true,230
app_20250111_00003347,2025-01-11 23:43:13,cust_911118,ITMI,education_loan,6118,48,617,medium,approved,6118,atm,true,291
app_20250111_00003348,2025-01-11 02:47:06,cust_8550612,CZPR,refinance,280683,180,620,medium,approved,280683,mobile,true,260
app_20250111_00003349,2025-01-11 15:26:43,cust_624593,CZPR,business_loan,15744,12,555,medium,rejected,0,partner,false,18
app_20250111_00003350,2025-01-11 12:03:20,cust_2282841,PLWA,credit_card,7328,48,559,medium,rejected,0,mobile,true,88
app_20250111_00003351,2025-01-11 16:37:18,cust_5738175,ESMA,mortgage,60043,120,707,low,approved,60043,call_center,true,67
app_20250111_00003352,2025-01-11 03:01:12,cust_8563004,GRRE,cash_loan,4148,24,726,low,rejected,0,mobile,false,49
app_20250111_00003353,2025-01-11 07:10:38,cust_9440816,ESMA,credit_card,8464,42,597,medium,approved,8464,branch,false,156
app_20250111_00003354,2025-01-11 10:51:50,cust_9104154,UKLO,refinance,81295,240,606,medium,approved,81295,mobile_app,false,163
app_20250111_00003355,2025-01-11 09:09:03,cust_2939289,NLAM,auto_loan,48221,72,501,medium,rejected,0,partner,false,120
app_20250111_00003356,2025-01-11 02:48:30,cust_292113,ITMI,credit_card,49738,18,483,high,rejected,0,partner,true,110
app_20250111_00003357,2025-01-11 00:47:02,cust_583464,GRRE,business_loan,26235,60,682,medium,approved,26235,mobile_app,false,787
app_20250111_00003358,2025-01-11 10:24:04,cust_7500653,ITMI,education_loan,19490,12,650,medium,approved,19490,atm,true,162
app_20250111_00003359,2025-01-11 13:43:59,cust_4423295,SESV,mortgage,495021,120,725,low,approved,495021,online_banking,true,452
app_20250111_00003360,2025-01-11 03:02:09,cust_9987306,CHBE,cash_loan,12273,24,777,low,approved,12273,call_center,false,72
app_20250111_00003361,2025-01-11 05:32:26,cust_8299517,PORP,mortgage,470744,300,645,medium,rejected,0,web,true,79
app_20250111_00003362,2025-01-11 07:19:15,cust_766029,NLAM,refinance,120889,300,750,low,approved,120889,atm,false,533
app_20250111_00003363,2025-01-11 16:58:42,cust_6461433,NLAM,education_loan,35369,48,555,medium,rejected,0,partner,false,84
app_20250111_00003364,2025-01-11 05:31:17,cust_443379,AUTR,education_loan,16902,12,850,low,approved,16902,web,true,730
app_20250111_00003365,2025-01-11 05:51:27,cust_422390,SESV,education_loan,7682,24,530,medium,approved,7682,online_banking,true,51
app_20250111_00003366,2025-01-11 04:24:20,cust_8860826,NLAM,personal_loan,24817,42,628,medium,approved,24817,web,false,248
app_20250111_00003367,2025-01-11 17:57:52,cust_7511959,ATVI,business_loan,21534,24,669,medium,rejected,0,atm,true,29
app_20250111_00003368,2025-01-11 06:46:48,cust_3844497,CHBE,personal_loan,34781,48,639,medium,rejected,0,call_center,true,50
app_20250111_00003369,2025-01-11 01:53:16,cust_304635,BENL,cash_loan,10151,30,785,low,approved,10151,branch,true,225
app_20250111_00003370,2025-01-11 09:39:46,cust_2517094,NLAM,auto_loan,27321,60,749,low,approved,27321,partner,false,174
app_20250111_00003371,2025-01-11 09:00:20,cust_4742114,ATVI,business_loan,31376,60,484,high,approved,31376,partner,false,157
app_20250111_00003372,2025-01-11 19:10:20,cust_925400,CHBE,credit_card,21174,30,650,medium,rejected,0,partner,false,132
app_20250111_00003373,2025-01-11 16:18:32,cust_7160903,CZPR,refinance,396528,360,439,high,rejected,0,call_center,true,62
app_20250111_00003374,2025-01-11 06:49:30,cust_4094177,CZPR,mortgage,308583,300,604,medium,approved,308583,branch,true,800
app_20250111_00003375,2025-01-11 22:14:50,cust_6594385,BENL,mortgage,67142,360,773,low,approved,67142,mobile,true,678
app_20250111_00003376,2025-01-11 11:00:49,cust_4418466,UKLO,education_loan,24850,48,600,medium,approved,24850,branch,false,549
app_20250111_00003377,2025-01-11 00:13:00,cust_4401573,UKLO,business_loan,28368,36,545,medium,rejected,0,mobile_app,false,115
app_20250111_00003378,2025-01-11 08:17:08,cust_5135043,CHBE,education_loan,27404,48,850,low,approved,27404,partner,true,858
app_20250111_00003379,2025-01-11 22:30:57,cust_9778928,BENL,credit_card,22011,36,701,low,approved,22011,call_center,true,93
app_20250111_00003380,2025-01-11 14:47:49,cust_191271,SESV,credit_card,28218,42,563,medium,rejected,0,mobile,true,12
app_20250111_00003381,2025-01-11 17:46:04,cust_1951275,PORP,credit_card,16763,36,410,high,rejected,0,branch,false,148
app_20250111_00003382,2025-01-11 09:34:26,cust_1300967,BENL,education_loan,13548,60,649,medium,approved,13548,online_banking,true,345
app_20250111_00003383,2025-01-11 18:15:29,cust_8150205,DEHE,cash_loan,15321,12,794,low,approved,15321,partner,false,407
app_20250111_00003384,2025-01-11 09:58:27,cust_803757,GRRE,refinance,466148,240,633,medium,approved,466148,partner,true,109
app_20250111_00003385,2025-01-11 16:57:26,cust_536978,NLAM,refinance,365530,240,544,medium,rejected,0,web,false,80
app_20250111_00003386,2025-01-11 00:30:49,cust_943503,FRID,credit_card,22478,48,651,medium,approved,22478,online_banking,false,891
app_20250111_00003387,2025-01-11 22:58:55,cust_7579716,GRRE,auto_loan,56617,48,664,medium,approved,56617,mobile,true,130
app_20250111_00003388,2025-01-11 06:47:51,cust_6267379,GRRE,mortgage,310428,180,661,medium,approved,310428,call_center,false,657
app_20250111_00003389,2025-01-11 01:41:42,cust_3305502,NLAM,cash_loan,25696,30,750,low,rejected,0,atm,true,7
app_20250111_00003390,2025-01-11 00:53:22,cust_2425783,PORP,credit_card,39752,42,686,medium,approved,39752,atm,false,460
app_20250111_00003391,2025-01-11 13:24:42,cust_4913780,PLWA,auto_loan,24411,36,714,low,approved,24411,branch,false,483
app_20250111_00003392,2025-01-11 19:43:04,cust_8705652,AUTR,credit_card,5517,48,504,medium,approved,5517,call_center,false,194
app_20250111_00003393,2025-01-11 10:40:24,cust_9547048,CZPR,auto_loan,17503,24,660,medium,rejected,0,atm,true,117
app_20250111_00003394,2025-01-11 19:45:49,cust_8134929,ATVI,personal_loan,15549,42,673,medium,approved,15549,branch,false,483
app_20250111_00003395,2025-01-11 12:01:56,cust_8041192,CHBE,business_loan,37468,24,388,high,rejected,0,mobile_app,false,152
app_20250111_00003396,2025-01-11 02:31:40,cust_3312718,NLAM,cash_loan,3426,12,711,low,approved,3426,web,true,158
app_20250111_00003397,2025-01-11 09:57:45,cust_1344098,NLAM,auto_loan,33825,72,727,low,approved,33825,mobile_app,false,444
app_20250111_00003398,2025-01-11 13:18:56,cust_3539158,ATVI,auto_loan,27302,60,436,high,rejected,0,branch,false,160
app_20250111_00003399,2025-01-11 13:52:16,cust_356875,FRID,auto_loan,12160,60,670,medium,rejected,0,branch,true,139
app_20250111_00003400,2025-01-11 11:18:53,cust_4453802,PLWA,auto_loan,45406,72,717,low,approved,45406,mobile_app,true,553
app_20250111_00003401,2025-01-11 03:01:02,cust_851240,CZPR,mortgage,189511,360,616,medium,approved,189511,partner,false,834
app_20250111_00003402,2025-01-11 09:00:17,cust_8466198,CZPR,education_loan,39950,60,469,high,rejected,0,call_center,false,76
app_20250111_00003403,2025-01-11 08:38:06,cust_8688160,NLAM,refinance,406075,300,662,medium,approved,406075,web,false,572
app_20250111_00003404,2025-01-11 08:29:13,cust_9794070,ATVI,personal_loan,24491,12,597,medium,rejected,0,partner,true,28
app_20250111_00003405,2025-01-11 23:40:41,cust_9581976,CZPR,credit_card,46234,48,697,medium,approved,46234,branch,false,737
app_20250111_00003406,2025-01-11 14:03:20,cust_4513468,DEHE,credit_card,40444,36,649,medium,rejected,0,call_center,false,64
app_20250111_00003407,2025-01-11 10:05:28,cust_5506115,UKLO,credit_card,43275,48,605,medium,rejected,0,web,false,102
app_20250111_00003408,2025-01-11 18:50:36,cust_2864663,ATVI,refinance,195178,120,576,medium,approved,195178,call_center,true,470
app_20250111_00003409,2025-01-11 01:41:22,cust_7577102,AUTR,personal_loan,32836,36,660,medium,rejected,0,call_center,true,7
app_20250111_00003410,2025-01-11 02:36:54,cust_886742,ATVI,refinance,425955,360,647,medium,approved,425955,mobile_app,true,252
app_20250111_00003411,2025-01-11 20:32:33,cust_1272192,FRID,auto_loan,57337,24,651,medium,approved,57337,call_center,true,582
app_20250111_00003412,2025-01-11 17:41:25,cust_722381,DEHE,cash_loan,41643,18,712,low,approved,41643,atm,true,502
app_20250111_00003413,2025-01-11 05:37:19,cust_4394952,UKLO,personal_loan,24845,42,667,medium,approved,24845,online_banking,false,490
app_20250111_00003414,2025-01-11 03:09:45,cust_3246862,DEHE,business_loan,24169,60,755,low,approved,24169,mobile_app,false,404
app_20250111_00003415,2025-01-11 02:18:10,cust_7336952,CHBE,mortgage,423241,360,618,medium,approved,423241,mobile_app,false,153
app_20250111_00003416,2025-01-11 23:37:48,cust_399244,UKLO,personal_loan,21366,36,611,medium,approved,21366,online_banking,true,455
app_20250111_00003417,2025-01-11 06:53:47,cust_8879828,BENL,education_loan,32841,60,828,low,approved,32841,mobile,false,172
app_20250111_00003418,2025-01-11 03:49:15,cust_278972,UKLO,refinance,223704,240,637,medium,rejected,0,partner,true,92
app_20250111_00003419,2025-01-11 01:36:48,cust_7130467,PORP,education_loan,31325,36,780,low,approved,31325,branch,false,800
app_20250111_00003420,2025-01-11 18:30:30,cust_2323680,CHBE,refinance,102686,360,586,medium,rejected,0,branch,false,124
app_20250111_00003421,2025-01-11 13:00:08,cust_2700051,AUTR,credit_card,24517,12,546,medium,rejected,0,call_center,true,168
app_20250111_00003422,2025-01-11 16:51:21,cust_8896248,CZPR,mortgage,274298,300,674,medium,rejected,0,mobile_app,false,157
app_20250111_00003423,2025-01-11 11:43:09,cust_7745717,SESV,auto_loan,17743,48,765,low,approved,17743,branch,false,43
app_20250111_00003424,2025-01-11 20:17:21,cust_9579808,PLWA,personal_loan,32106,30,517,medium,approved,32106,branch,false,177
app_20250111_00003425,2025-01-11 11:00:42,cust_2649980,PORP,cash_loan,29800,18,530,medium,rejected,0,atm,false,112
app_20250111_00003426,2025-01-11 18:00:40,cust_9942388,DEHE,education_loan,17358,48,626,medium,approved,17358,branch,false,622
app_20250111_00003427,2025-01-11 16:27:48,cust_9749208,PLWA,cash_loan,21943,36,649,medium,approved,21943,call_center,false,433
app_20250111_00003428,2025-01-11 15:12:07,cust_1326438,CZPR,auto_loan,29488,60,663,medium,approved,29488,branch,true,81
app_20250111_00003429,2025-01-11 22:19:03,cust_7187626,ESMA,refinance,475891,360,539,medium,rejected,0,web,false,6
app_20250111_00003430,2025-01-11 18:18:18,cust_5596614,UKLO,education_loan,20518,60,666,medium,rejected,0,partner,false,62
app_20250111_00003431,2025-01-11 15:16:38,cust_6706459,PLWA,cash_loan,49109,42,751,low,approved,49109,partner,false,864
app_20250111_00003432,2025-01-11 00:12:03,cust_6397343,ITMI,cash_loan,23351,24,738,low,approved,23351,branch,true,623
app_20250111_00003433,2025-01-11 09:01:49,cust_877971,AUTR,education_loan,4393,12,822,low,approved,4393,partner,true,224
app_20250111_00003434,2025-01-11 07:09:17,cust_411093,FRID,personal_loan,24163,24,828,low,approved,24163,branch,false,132
app_20250111_00003435,2025-01-11 16:04:43,cust_7568680,AUTR,credit_card,13947,24,703,low,approved,13947,branch,true,411
app_20250111_00003436,2025-01-11 01:06:36,cust_6222588,ITMI,personal_loan,28447,48,737,low,approved,28447,call_center,true,823
app_20250111_00003437,2025-01-11 05:32:30,cust_1462182,CZPR,credit_card,3728,12,477,high,rejected,0,atm,true,160
app_20250111_00003438,2025-01-11 06:14:23,cust_6421959,BENL,education_loan,23708,12,594,medium,rejected,0,call_center,false,88
app_20250111_00003439,2025-01-11 05:28:51,cust_3590440,BENL,education_loan,25094,60,790,low,approved,25094,online_banking,false,807
app_20250111_00003440,2025-01-11 05:36:29,cust_9514275,CHBE,business_loan,11957,48,580,medium,rejected,0,partner,true,106
app_20250111_00003441,2025-01-11 06:59:00,cust_2996362,CZPR,personal_loan,30141,18,620,medium,approved,30141,web,false,830
app_20250111_00003442,2025-01-11 11:16:20,cust_1229780,PLWA,cash_loan,14719,18,630,medium,approved,14719,atm,false,250
app_20250111_00003443,2025-01-11 10:10:23,cust_9865241,UKLO,mortgage,461247,300,702,low,approved,461247,mobile_app,false,113
app_20250111_00003444,2025-01-11 16:02:28,cust_8488462,ITMI,credit_card,27573,18,453,high,rejected,0,call_center,false,108
app_20250111_00003445,2025-01-11 01:51:31,cust_3088031,CHBE,auto_loan,10073,48,619,medium,approved,10073,partner,true,596
app_20250111_00003446,2025-01-11 16:48:09,cust_1961135,AUTR,auto_loan,35137,48,532,medium,approved,35137,partner,true,578
app_20250111_00003447,2025-01-11 00:23:56,cust_6694043,CHBE,refinance,211657,180,531,medium,approved,211657,mobile,true,801
app_20250111_00003448,2025-01-11 21:55:25,cust_9690583,GRRE,credit_card,28521,30,636,medium,approved,28521,partner,true,237
app_20250111_00003449,2025-01-11 17:12:57,cust_7279489,ESMA,mortgage,262368,240,693,medium,rejected,0,mobile,false,28
app_20250111_00003450,2025-01-11 03:50:30,cust_5315360,PLWA,cash_loan,33649,36,610,medium,approved,33649,online_banking,false,691
app_20250111_00003451,2025-01-11 03:19:44,cust_4337760,NLAM,personal_loan,17394,42,594,medium,rejected,0,mobile_app,false,92
app_20250111_00003452,2025-01-11 22:16:35,cust_9399455,FRID,mortgage,293110,240,504,medium,rejected,0,online_banking,false,15
app_20250111_00003453,2025-01-11 02:39:59,cust_9062696,ESMA,mortgage,412526,120,695,medium,approved,412526,mobile,false,315
app_20250111_00003454,2025-01-11 06:03:28,cust_3890496,ITMI,mortgage,85766,360,715,low,approved,85766,online_banking,false,216
app_20250111_00003455,2025-01-11 22:48:25,cust_6423033,PORP,auto_loan,37405,60,556,medium,approved,37405,branch,false,582
app_20250111_00003456,2025-01-11 20:13:24,cust_2995594,ATVI,auto_loan,39821,36,481,high,rejected,0,web,true,132
app_20250111_00003457,2025-01-11 01:49:03,cust_8803164,PLWA,business_loan,14484,36,680,medium,rejected,0,online_banking,false,106
app_20250111_00003458,2025-01-11 23:43:13,cust_7358770,PLWA,personal_loan,38904,36,715,low,approved,38904,partner,false,72
app_20250111_00003459,2025-01-11 13:33:32,cust_9057496,SESV,cash_loan,34410,48,514,medium,rejected,0,mobile_app,false,124
app_20250111_00003460,2025-01-11 12:37:04,cust_4818564,PORP,education_loan,15078,48,464,high,approved,15078,branch,false,676
app_20250111_00003461,2025-01-11 23:20:25,cust_7293447,CZPR,credit_card,10004,12,665,medium,approved,10004,call_center,false,518
app_20250111_00003462,2025-01-11 09:39:01,cust_6934724,PORP,auto_loan,47607,48,532,medium,approved,47607,partner,false,597
app_20250111_00003463,2025-01-11 17:37:45,cust_5054106,AUTR,personal_loan,38128,36,805,low,approved,38128,call_center,false,118
app_20250111_00003464,2025-01-11 18:09:29,cust_2026000,CZPR,refinance,484211,360,514,medium,rejected,0,call_center,false,134
app_20250111_00003465,2025-01-11 21:36:58,cust_4529324,SESV,credit_card,32827,18,817,low,approved,32827,call_center,false,544
app_20250111_00003466,2025-01-11 17:39:32,cust_6744457,BENL,personal_loan,47800,48,800,low,rejected,0,mobile_app,true,56
app_20250111_00003467,2025-01-11 23:28:27,cust_7840620,GRRE,business_loan,35988,60,458,high,rejected,0,branch,true,53
app_20250111_00003468,2025-01-11 18:36:48,cust_5257381,GRRE,business_loan,8986,60,548,medium,approved,8986,mobile,false,742
app_20250111_00003469,2025-01-11 20:15:10,cust_7990629,NLAM,auto_loan,30390,60,694,medium,approved,30390,online_banking,true,896
app_20250111_00003470,2025-01-11 19:45:59,cust_1538545,BENL,business_loan,24726,60,535,medium,approved,24726,mobile_app,true,832
app_20250111_00003471,2025-01-11 06:38:48,cust_4635119,ATVI,education_loan,6056,24,585,medium,rejected,0,partner,true,164
app_20250111_00003472,2025-01-11 02:19:25,cust_7312836,CHBE,personal_loan,26583,30,714,low,approved,26583,mobile_app,false,203
app_20250111_00003473,2025-01-11 13:31:32,cust_4365656,ATVI,credit_card,31949,12,683,medium,approved,31949,call_center,false,670
app_20250111_00003474,2025-01-11 15:01:14,cust_5248506,CHBE,business_loan,22584,60,506,medium,rejected,0,branch,true,5
app_20250111_00003475,2025-01-11 09:07:40,cust_4777924,PORP,credit_card,21621,36,526,medium,rejected,0,web,false,127
app_20250111_00003476,2025-01-11 17:03:05,cust_2172761,NLAM,credit_card,35930,36,835,low,approved,35930,mobile,false,831
app_20250111_00003477,2025-01-11 09:13:23,cust_4494910,GRRE,education_loan,39556,48,660,medium,rejected,0,atm,false,133
app_20250111_00003478,2025-01-11 01:53:36,cust_437244,FRID,credit_card,13401,36,484,high,approved,13401,atm,true,774
app_20250111_00003479,2025-01-11 18:42:25,cust_8123002,ESMA,business_loan,14392,48,740,low,approved,14392,mobile_app,true,96
app_20250111_00003480,2025-01-11 15:40:38,cust_5975501,PLWA,business_loan,14100,24,773,low,approved,14100,mobile_app,true,617
app_20250111_00003481,2025-01-11 22:54:37,cust_8286372,ESMA,credit_card,48608,48,597,medium,approved,48608,branch,true,232
app_20250111_00003482,2025-01-11 02:11:35,cust_9933166,CHBE,personal_loan,12289,36,767,low,rejected,0,web,false,20
app_20250111_00003483,2025-01-11 00:07:09,cust_6544633,FRID,auto_loan,18118,48,692,medium,approved,18118,call_center,true,707
app_20250111_00003484,2025-01-11 22:37:20,cust_9398960,ESMA,mortgage,312244,360,756,low,approved,312244,web,false,506
app_20250111_00003485,2025-01-11 14:15:58,cust_8715540,ATVI,business_loan,6668,12,619,medium,approved,6668,mobile_app,true,895
app_20250111_00003486,2025-01-11 08:34:17,cust_9776649,NLAM,cash_loan,26242,36,504,medium,approved,26242,call_center,true,63
app_20250111_00003487,2025-01-11 22:06:33,cust_6164461,BENL,business_loan,18507,36,508,medium,rejected,0,mobile_app,false,143
app_20250111_00003488,2025-01-11 20:06:22,cust_7247034,ATVI,mortgage,197505,300,698,medium,approved,197505,mobile,true,620
app_20250111_00003489,2025-01-11 09:22:25,cust_3946150,GRRE,business_loan,29010,36,567,medium,rejected,0,atm,true,60
app_20250111_00003490,2025-01-11 22:21:10,cust_1793671,FRID,education_loan,6030,24,776,low,approved,6030,web,false,831
app_20250111_00003491,2025-01-11 15:59:51,cust_7340772,ITMI,personal_loan,43239,36,710,low,approved,43239,branch,false,598
app_20250111_00003492,2025-01-11 12:53:57,cust_3320188,CZPR,personal_loan,7761,30,679,medium,rejected,0,mobile_app,false,128
app_20250111_00003493,2025-01-11 05:06:21,cust_5107552,GRRE,auto_loan,27953,24,690,medium,approved,27953,mobile,true,554
app_20250111_00003494,2025-01-11 10:12:22,cust_1324096,BENL,education_loan,16175,48,538,medium,rejected,0,online_banking,false,68
app_20250111_00003495,2025-01-11 12:39:04,cust_422834,FRID,personal_loan,31533,30,691,medium,rejected,0,atm,false,142
app_20250111_00003496,2025-01-11 14:06:25,cust_6767764,FRID,credit_card,23511,42,517,medium,rejected,0,call_center,true,26
app_20250111_00003497,2025-01-11 21:29:53,cust_1319774,PORP,business_loan,4193,36,610,medium,rejected,0,mobile,true,133
app_20250111_00003498,2025-01-11 12:08:55,cust_4437994,CHBE,education_loan,37102,24,588,medium,rejected,0,call_center,false,26
app_20250111_00003499,2025-01-11 11:55:59,cust_8022734,GRRE,business_loan,2972,48,488,high,approved,2972,partner,false,241
app_20250111_00003500,2025-01-11 04:17:10,cust_966274,BENL,auto_loan,28525,48,618,medium,rejected,0,web,false,97
app_20250111_00003501,2025-01-11 01:22:28,cust_2019059,CHBE,cash_loan,24502,18,569,medium,rejected,0,partner,false,109
app_20250111_00003502,2025-01-11 20:14:49,cust_1602907,PLWA,cash_loan,12584,12,581,medium,approved,12584,online_banking,false,540
app_20250111_00003503,2025-01-11 21:47:55,cust_2089275,SESV,mortgage,265707,360,571,medium,rejected,0,partner,true,52
app_20250111_00003504,2025-01-11 13:25:14,cust_4054756,PLWA,mortgage,484821,120,767,low,approved,484821,branch,true,835
app_20250111_00003505,2025-01-11 18:19:32,cust_5914042,GRRE,education_loan,16451,36,826,low,approved,16451,online_banking,false,84
app_20250111_00003506,2025-01-11 16:21:06,cust_8595833,GRRE,credit_card,5739,36,631,medium,approved,5739,mobile,true,640
app_20250111_00003507,2025-01-11 14:45:17,cust_8078600,ATVI,credit_card,11123,12,638,medium,approved,11123,branch,true,650
app_20250111_00003508,2025-01-11 04:37:46,cust_890678,PORP,cash_loan,27847,42,784,low,rejected,0,mobile,true,6
app_20250111_00003509,2025-01-11 01:09:14,cust_8610393,BENL,cash_loan,38822,48,496,high,rejected,0,web,false,170
app_20250111_00003510,2025-01-11 03:01:12,cust_6451254,AUTR,cash_loan,34410,42,741,low,approved,34410,mobile_app,false,296
app_20250111_00003511,2025-01-11 23:51:30,cust_9442251,AUTR,mortgage,143467,240,710,low,approved,143467,mobile_app,true,448
app_20250111_00003512,2025-01-11 02:52:52,cust_2638528,CHBE,personal_loan,16166,42,457,high,approved,16166,partner,true,708
app_20250111_00003513,2025-01-11 14:53:03,cust_9037938,PLWA,credit_card,45065,24,796,low,approved,45065,online_banking,true,207
app_20250111_00003514,2025-01-11 06:54:46,cust_2873566,DEHE,mortgage,438391,120,850,low,approved,438391,online_banking,true,106
app_20250111_00003515,2025-01-11 15:21:20,cust_3297503,DEHE,mortgage,131306,180,728,low,approved,131306,call_center,true,871
app_20250111_00003516,2025-01-11 06:52:49,cust_3012327,PLWA,education_loan,33898,48,708,low,approved,33898,atm,false,829
app_20250111_00003517,2025-01-11 13:39:46,cust_5721304,PLWA,personal_loan,38364,30,698,medium,rejected,0,web,false,112
app_20250111_00003518,2025-01-11 01:34:18,cust_3833470,CZPR,personal_loan,39454,48,708,low,approved,39454,atm,false,100
app_20250111_00003519,2025-01-11 15:28:06,cust_1087464,NLAM,cash_loan,27392,36,673,medium,approved,27392,branch,true,752
app_20250111_00003520,2025-01-11 17:55:19,cust_2696682,ATVI,personal_loan,38025,48,524,medium,approved,38025,mobile,true,802
app_20250111_00003521,2025-01-11 17:34:38,cust_3884016,NLAM,refinance,469520,180,675,medium,approved,469520,online_banking,true,854
app_20250111_00003522,2025-01-11 01:56:24,cust_3599216,AUTR,cash_loan,32680,12,507,medium,rejected,0,mobile,true,88
app_20250111_00003523,2025-01-11 03:17:02,cust_7386647,ATVI,mortgage,480315,180,796,low,approved,480315,web,false,843
app_20250111_00003524,2025-01-11 03:09:38,cust_5575906,SESV,cash_loan,48546,24,580,medium,approved,48546,mobile,true,253
app_20250111_00003525,2025-01-11 08:21:41,cust_4294272,ITMI,personal_loan,39414,42,723,low,approved,39414,call_center,false,337
app_20250111_00003526,2025-01-11 22:59:28,cust_7729950,GRRE,cash_loan,17465,48,580,medium,rejected,0,web,true,62
app_20250111_00003527,2025-01-11 22:58:02,cust_6379006,UKLO,auto_loan,16680,24,601,medium,approved,16680,partner,false,200
app_20250111_00003528,2025-01-11 05:30:53,cust_3615848,FRID,cash_loan,8159,12,655,medium,approved,8159,branch,false,772
app_20250111_00003529,2025-01-11 00:58:13,cust_9982957,ITMI,personal_loan,36923,24,533,medium,rejected,0,partner,false,45
app_20250111_00003530,2025-01-11 00:38:57,cust_5100060,ITMI,education_loan,13467,12,620,medium,rejected,0,partner,true,163
app_20250111_00003531,2025-01-11 23:26:24,cust_1839789,CZPR,mortgage,52605,180,503,medium,approved,52605,atm,false,270
app_20250111_00003532,2025-01-11 00:03:27,cust_875572,UKLO,education_loan,22117,24,541,medium,rejected,0,branch,false,58
app_20250111_00003533,2025-01-11 22:33:10,cust_9230227,ITMI,business_loan,31809,36,821,low,approved,31809,branch,true,56
app_20250111_00003534,2025-01-11 19:15:19,cust_8096751,DEHE,personal_loan,2556,42,581,medium,rejected,0,call_center,false,9
app_20250111_00003535,2025-01-11 00:34:25,cust_6976626,PORP,education_loan,9060,24,661,medium,approved,9060,mobile_app,false,801
app_20250111_00003536,2025-01-11 12:30:29,cust_9498394,FRID,auto_loan,48784,24,706,low,approved,48784,web,false,858
app_20250111_00003537,2025-01-11 20:10:01,cust_9730519,DEHE,refinance,446225,300,759,low,approved,446225,mobile_app,false,737
app_20250111_00003538,2025-01-11 03:12:13,cust_3966247,FRID,personal_loan,24017,30,655,medium,approved,24017,online_banking,true,712
app_20250111_00003539,2025-01-11 00:07:59,cust_274912,AUTR,cash_loan,29544,42,642,medium,approved,29544,atm,true,188
app_20250111_00003540,2025-01-11 22:56:57,cust_3050094,PORP,refinance,363372,180,660,medium,rejected,0,mobile_app,false,76
app_20250111_00003541,2025-01-11 17:24:53,cust_5171783,ESMA,education_loan,7517,60,608,medium,approved,7517,partner,true,297
app_20250111_00003542,2025-01-11 00:04:19,cust_2410656,FRID,credit_card,4104,30,561,medium,rejected,0,online_banking,true,6
app_20250111_00003543,2025-01-11 17:47:19,cust_7668054,PLWA,auto_loan,12917,36,775,low,approved,12917,branch,false,544
app_20250111_00003544,2025-01-11 11:54:01,cust_671941,ITMI,mortgage,428018,180,713,low,approved,428018,mobile_app,false,219
app_20250111_00003545,2025-01-11 07:25:38,cust_2087944,PORP,personal_loan,9330,12,720,low,approved,9330,partner,false,824
app_20250111_00003546,2025-01-11 19:21:22,cust_9450603,GRRE,personal_loan,19975,18,669,medium,approved,19975,mobile_app,false,123
app_20250111_00003547,2025-01-11 20:27:51,cust_9583194,UKLO,credit_card,13108,18,642,medium,rejected,0,online_banking,true,58
app_20250111_00003548,2025-01-11 22:57:47,cust_1314815,PORP,auto_loan,45623,72,845,low,approved,45623,branch,true,618
app_20250111_00003549,2025-01-11 08:37:57,cust_1820104,DEHE,cash_loan,16778,30,622,medium,approved,16778,atm,true,160
app_20250111_00003550,2025-01-11 07:28:54,cust_9704435,NLAM,education_loan,36529,36,606,medium,rejected,0,mobile,false,58
app_20250111_00003551,2025-01-11 21:54:53,cust_5314752,PORP,auto_loan,10145,72,700,low,rejected,0,online_banking,false,108
app_20250111_00003552,2025-01-11 20:17:00,cust_3696253,NLAM,refinance,406689,120,593,medium,approved,406689,mobile_app,false,438
app_20250111_00003553,2025-01-11 11:46:53,cust_1266202,BENL,education_loan,26016,12,695,medium,approved,26016,partner,false,745
app_20250111_00003554,2025-01-11 08:58:13,cust_595862,ITMI,auto_loan,17512,72,620,medium,rejected,0,online_banking,true,119
app_20250111_00003555,2025-01-11 11:20:57,cust_9148286,AUTR,business_loan,27254,24,590,medium,approved,27254,mobile_app,false,237
app_20250111_00003556,2025-01-11 10:36:01,cust_7389945,CHBE,business_loan,14521,36,826,low,approved,14521,online_banking,true,405
app_20250111_00003557,2025-01-11 07:14:34,cust_6469062,ESMA,auto_loan,51785,36,662,medium,approved,51785,online_banking,false,806
app_20250111_00003558,2025-01-11 20:31:57,cust_7757103,UKLO,refinance,382671,300,597,medium,rejected,0,branch,true,91
app_20250111_00003559,2025-01-11 13:13:44,cust_730977,NLAM,business_loan,18345,36,658,medium,approved,18345,partner,false,743
app_20250111_00003560,2025-01-11 09:24:33,cust_3832523,GRRE,cash_loan,21022,18,628,medium,approved,21022,atm,true,535
app_20250111_00003561,2025-01-11 05:21:23,cust_1236458,ATVI,mortgage,394138,240,661,medium,approved,394138,mobile,false,408
app_20250111_00003562,2025-01-11 04:55:01,cust_8283640,AUTR,business_loan,18009,12,477,high,rejected,0,partner,false,10
app_20250111_00003563,2025-01-11 15:57:14,cust_4985864,NLAM,personal_loan,35020,42,672,medium,rejected,0,web,true,164
app_20250111_00003564,2025-01-11 10:03:29,cust_7316587,BENL,auto_loan,14462,36,576,medium,approved,14462,online_banking,false,806
app_20250111_00003565,2025-01-11 05:21:06,cust_7208897,AUTR,refinance,305347,120,638,medium,approved,305347,atm,false,331
app_20250111_00003566,2025-01-11 23:12:26,cust_8034971,ITMI,mortgage,329320,360,803,low,approved,329320,branch,true,161
app_20250111_00003567,2025-01-11 21:00:37,cust_4530551,ATVI,cash_loan,26235,30,544,medium,rejected,0,branch,true,79
app_20250111_00003568,2025-01-11 13:23:02,cust_9736243,CZPR,education_loan,26637,48,565,medium,approved,26637,web,false,320
app_20250111_00003569,2025-01-11 00:48:03,cust_9660878,FRID,cash_loan,37591,42,749,low,approved,37591,web,false,104
app_20250111_00003570,2025-01-11 02:59:08,cust_7254851,ESMA,business_loan,8927,36,737,low,approved,8927,web,true,246
app_20250111_00003571,2025-01-11 11:40:14,cust_7097713,DEHE,education_loan,21540,12,625,medium,rejected,0,web,false,67
app_20250111_00003572,2025-01-11 20:34:40,cust_8110745,CZPR,business_loan,15935,24,623,medium,rejected,0,partner,false,10
app_20250111_00003573,2025-01-11 18:03:02,cust_3274362,NLAM,refinance,115603,120,631,medium,rejected,0,atm,false,176
app_20250111_00003574,2025-01-11 22:20:51,cust_5986368,DEHE,business_loan,21577,60,686,medium,approved,21577,branch,true,142
app_20250111_00003575,2025-01-11 03:16:54,cust_6950078,ESMA,business_loan,20721,24,778,low,rejected,0,web,false,172
app_20250111_00003576,2025-01-11 04:18:41,cust_1832529,FRID,credit_card,25175,48,627,medium,approved,25175,branch,true,814
app_20250111_00003577,2025-01-11 19:58:59,cust_8445916,ITMI,mortgage,484151,240,700,low,approved,484151,branch,true,760
app_20250111_00003578,2025-01-11 11:40:29,cust_591860,CHBE,business_loan,35187,12,519,medium,approved,35187,branch,false,195
app_20250111_00003579,2025-01-11 20:22:27,cust_1097811,NLAM,mortgage,411725,240,679,medium,approved,411725,mobile,true,469
app_20250111_00003580,2025-01-11 18:51:04,cust_2012421,FRID,credit_card,19859,42,641,medium,approved,19859,mobile,false,735
app_20250111_00003581,2025-01-11 19:47:16,cust_2200983,NLAM,credit_card,47667,36,700,low,approved,47667,atm,true,362
app_20250111_00003582,2025-01-11 02:50:10,cust_5404061,FRID,education_loan,5565,48,659,medium,approved,5565,online_banking,false,105
app_20250111_00003583,2025-01-11 03:51:41,cust_2381038,DEHE,business_loan,13455,12,577,medium,rejected,0,atm,false,87
app_20250111_00003584,2025-01-11 20:24:20,cust_2938818,PORP,refinance,379727,300,678,medium,rejected,0,atm,false,53
app_20250111_00003585,2025-01-11 19:10:00,cust_591745,ESMA,auto_loan,52107,48,644,medium,rejected,0,branch,false,65
app_20250111_00003586,2025-01-11 19:47:47,cust_6241613,CZPR,cash_loan,27450,12,669,medium,rejected,0,call_center,false,28
app_20250111_00003587,2025-01-11 08:42:04,cust_3213773,PLWA,cash_loan,13072,48,576,medium,rejected,0,web,true,44
app_20250111_00003588,2025-01-11 08:04:36,cust_4103892,ESMA,auto_loan,20875,36,850,low,approved,20875,branch,true,716
app_20250111_00003589,2025-01-11 13:54:21,cust_9205649,CZPR,education_loan,15938,60,457,high,rejected,0,call_center,true,17
app_20250111_00003590,2025-01-11 03:33:43,cust_344068,DEHE,education_loan,9662,48,506,medium,approved,9662,mobile_app,true,595
app_20250111_00003591,2025-01-11 08:36:55,cust_4318464,BENL,credit_card,13705,48,615,medium,approved,13705,web,true,151
app_20250111_00003592,2025-01-11 20:41:53,cust_554108,ESMA,refinance,65582,120,850,low,approved,65582,call_center,false,186
app_20250111_00003593,2025-01-11 18:05:13,cust_505607,UKLO,auto_loan,20557,72,724,low,approved,20557,partner,true,210
app_20250111_00003594,2025-01-11 22:23:37,cust_4307822,PLWA,credit_card,38130,42,553,medium,rejected,0,web,true,166
app_20250111_00003595,2025-01-11 11:00:14,cust_6950412,FRID,mortgage,491336,180,466,high,rejected,0,partner,false,53
app_20250111_00003596,2025-01-11 20:27:33,cust_2969100,CZPR,mortgage,162409,360,643,medium,approved,162409,atm,true,746
app_20250111_00003597,2025-01-11 20:25:08,cust_9004980,CZPR,business_loan,27907,60,571,medium,approved,27907,mobile_app,true,877
app_20250111_00003598,2025-01-11 22:07:23,cust_6486173,PLWA,cash_loan,17630,12,570,medium,approved,17630,call_center,false,544
app_20250111_00003599,2025-01-11 02:10:29,cust_9332099,PLWA,mortgage,185645,240,584,medium,approved,185645,atm,false,236
app_20250111_00003600,2025-01-11 07:21:27,cust_5082036,NLAM,cash_loan,29190,48,785,low,approved,29190,mobile,false,286
app_20250111_00003601,2025-01-11 12:35:29,cust_4934088,CZPR,cash_loan,8113,12,732,low,approved,8113,atm,false,722
app_20250111_00003602,2025-01-11 12:36:41,cust_4622130,ESMA,mortgage,326310,360,656,medium,approved,326310,mobile_app,true,763
app_20250111_00003603,2025-01-11 13:45:27,cust_6641714,UKLO,auto_loan,38720,60,716,low,approved,38720,online_banking,true,854
app_20250111_00003604,2025-01-11 08:14:59,cust_5664052,PLWA,auto_loan,59049,60,773,low,approved,59049,call_center,true,274
app_20250111_00003605,2025-01-11 08:27:37,cust_7813584,SESV,credit_card,42150,48,574,medium,rejected,0,online_banking,false,161
app_20250111_00003606,2025-01-11 01:00:45,cust_9172660,FRID,education_loan,22674,36,642,medium,approved,22674,mobile,false,350
app_20250111_00003607,2025-01-11 13:33:17,cust_2036116,ESMA,cash_loan,43982,36,493,high,rejected,0,mobile,true,80
app_20250111_00003608,2025-01-11 19:04:15,cust_2883800,SESV,cash_loan,2071,42,564,medium,approved,2071,mobile,true,860
app_20250111_00003609,2025-01-11 18:00:24,cust_5918871,GRRE,cash_loan,12910,42,614,medium,rejected,0,partner,true,165
app_20250111_00003610,2025-01-11 05:19:39,cust_5373713,ITMI,business_loan,35950,36,680,medium,approved,35950,mobile,false,575
app_20250111_00003611,2025-01-11 20:17:36,cust_2975286,AUTR,education_loan,29951,36,516,medium,rejected,0,mobile_app,true,11
app_20250111_00003612,2025-01-11 21:20:29,cust_2021424,GRRE,personal_loan,44092,12,778,low,approved,44092,online_banking,false,293
app_20250111_00003613,2025-01-11 04:23:19,cust_8227807,NLAM,credit_card,8320,24,575,medium,rejected,0,call_center,false,16
app_20250111_00003614,2025-01-11 19:47:20,cust_9131416,NLAM,refinance,406745,180,487,high,rejected,0,online_banking,true,52
app_20250111_00003615,2025-01-11 06:01:41,cust_7869999,SESV,auto_loan,42706,72,725,low,approved,42706,mobile_app,true,814
app_20250111_00003616,2025-01-11 09:38:08,cust_1472761,BENL,refinance,212124,360,712,low,approved,212124,mobile,true,305
app_20250111_00003617,2025-01-11 20:06:56,cust_5511536,BENL,auto_loan,47523,24,614,medium,rejected,0,call_center,true,91
app_20250111_00003618,2025-01-11 18:08:52,cust_3028069,AUTR,cash_loan,44015,24,529,medium,rejected,0,branch,false,107
app_20250111_00003619,2025-01-11 15:02:02,cust_825305,ESMA,personal_loan,17359,42,413,high,rejected,0,web,false,5
app_20250111_00003620,2025-01-11 13:24:40,cust_3033730,DEHE,personal_loan,41784,24,477,high,rejected,0,web,false,116
app_20250111_00003621,2025-01-11 18:23:07,cust_7276380,AUTR,education_loan,34815,60,421,high,rejected,0,atm,false,35
app_20250111_00003622,2025-01-11 02:36:08,cust_5177975,PLWA,credit_card,37116,12,602,medium,approved,37116,web,false,729
app_20250111_00003623,2025-01-11 08:08:59,cust_2809542,SESV,mortgage,444067,360,557,medium,approved,444067,mobile_app,false,135
app_20250111_00003624,2025-01-11 09:55:40,cust_517418,SESV,refinance,348810,120,671,medium,approved,348810,web,true,145
app_20250111_00003625,2025-01-11 18:40:15,cust_8663716,ESMA,credit_card,13340,36,572,medium,approved,13340,branch,true,293
app_20250111_00003626,2025-01-11 07:20:12,cust_7410262,ATVI,personal_loan,16769,18,610,medium,approved,16769,partner,true,878
app_20250111_00003627,2025-01-11 19:14:45,cust_8181482,FRID,business_loan,34227,24,600,medium,rejected,0,branch,true,49
app_20250111_00003628,2025-01-11 20:44:10,cust_3653485,UKLO,business_loan,18242,12,649,medium,approved,18242,mobile,true,637
app_20250111_00003629,2025-01-11 22:24:29,cust_2822225,DEHE,personal_loan,43546,36,745,low,approved,43546,mobile,true,770
app_20250111_00003630,2025-01-11 14:22:46,cust_522584,CZPR,auto_loan,13795,60,822,low,approved,13795,atm,false,460
app_20250111_00003631,2025-01-11 20:23:51,cust_9231881,BENL,personal_loan,47364,48,614,medium,approved,47364,mobile,true,779
app_20250111_00003632,2025-01-11 19:58:53,cust_481343,ITMI,business_loan,33694,60,545,medium,approved,33694,partner,false,845
app_20250111_00003633,2025-01-11 14:59:29,cust_681814,PORP,mortgage,444417,300,654,medium,approved,444417,call_center,true,171
app_20250111_00003634,2025-01-11 00:03:12,cust_3774473,UKLO,refinance,355405,120,594,medium,rejected,0,branch,true,26
app_20250111_00003635,2025-01-11 22:21:50,cust_1113321,DEHE,personal_loan,17060,36,718,low,approved,17060,web,true,824
app_20250111_00003636,2025-01-11 01:56:12,cust_7904513,PORP,personal_loan,15098,12,788,low,approved,15098,partner,true,700
app_20250111_00003637,2025-01-11 03:13:59,cust_9457198,ATVI,personal_loan,9340,12,563,medium,approved,9340,call_center,true,205
app_20250111_00003638,2025-01-11 23:08:14,cust_3771438,PLWA,refinance,271751,180,636,medium,approved,271751,atm,true,561
app_20250111_00003639,2025-01-11 15:10:06,cust_7940327,ITMI,cash_loan,12921,12,676,medium,approved,12921,online_banking,false,122
app_20250111_00003640,2025-01-11 21:53:21,cust_1864228,ESMA,refinance,133612,240,788,low,approved,133612,online_banking,false,829
app_20250111_00003641,2025-01-11 04:14:35,cust_318240,ESMA,education_loan,37429,60,542,medium,rejected,0,online_banking,true,67
app_20250111_00003642,2025-01-11 13:35:38,cust_2419195,BENL,cash_loan,16840,12,626,medium,approved,16840,mobile_app,true,673
app_20250111_00003643,2025-01-11 12:27:26,cust_151616,UKLO,education_loan,28695,24,673,medium,approved,28695,partner,true,479
app_20250111_00003644,2025-01-11 07:51:26,cust_884838,PLWA,credit_card,34527,30,673,medium,approved,34527,mobile,false,375
app_20250111_00003645,2025-01-11 07:31:12,cust_9407211,CZPR,cash_loan,48349,48,647,medium,rejected,0,web,true,6
app_20250111_00003646,2025-01-11 05:44:48,cust_644318,ATVI,auto_loan,57621,24,639,medium,approved,57621,partner,true,180
app_20250111_00003647,2025-01-11 19:16:26,cust_4744614,AUTR,auto_loan,45907,72,580,medium,approved,45907,branch,false,252
app_20250111_00003648,2025-01-11 20:02:59,cust_6443796,FRID,credit_card,17231,36,794,low,approved,17231,mobile,true,67
app_20250111_00003649,2025-01-11 23:46:40,cust_6859942,UKLO,auto_loan,31314,60,621,medium,approved,31314,mobile_app,true,358
app_20250111_00003650,2025-01-11 02:20:24,cust_8886165,PLWA,credit_card,27423,36,645,medium,approved,27423,partner,true,877
app_20250111_00003651,2025-01-11 06:01:06,cust_2771602,DEHE,mortgage,277459,300,639,medium,approved,277459,atm,true,154
app_20250111_00003652,2025-01-11 19:02:54,cust_3663075,ATVI,cash_loan,31660,18,542,medium,approved,31660,call_center,true,749
app_20250111_00003653,2025-01-11 21:44:59,cust_9187865,DEHE,credit_card,30176,12,663,medium,approved,30176,mobile_app,false,351
app_20250111_00003654,2025-01-11 23:51:47,cust_3075671,DEHE,refinance,126013,180,563,medium,rejected,0,mobile,false,40
app_20250111_00003655,2025-01-11 10:48:16,cust_926016,FRID,education_loan,25965,36,455,high,rejected,0,partner,false,142
app_20250111_00003656,2025-01-11 03:43:35,cust_8549837,DEHE,credit_card,42269,12,529,medium,rejected,0,call_center,false,156
app_20250111_00003657,2025-01-11 23:53:38,cust_9239419,ESMA,mortgage,168464,120,653,medium,rejected,0,web,true,37
app_20250111_00003658,2025-01-11 01:10:37,cust_5757954,NLAM,education_loan,36510,60,802,low,approved,36510,web,false,278
app_20250111_00003659,2025-01-11 15:33:36,cust_7695052,ITMI,refinance,375978,300,677,medium,approved,375978,online_banking,false,694
app_20250111_00003660,2025-01-11 17:47:06,cust_4344139,AUTR,business_loan,12434,60,648,medium,rejected,0,mobile,true,94
app_20250111_00003661,2025-01-11 13:51:26,cust_3277963,ITMI,education_loan,31147,60,673,medium,approved,31147,call_center,true,748
app_20250111_00003662,2025-01-11 02:18:18,cust_3113644,FRID,credit_card,29259,42,724,low,approved,29259,partner,false,212
app_20250111_00003663,2025-01-11 18:04:28,cust_5099318,GRRE,credit_card,17334,36,413,high,rejected,0,branch,true,68
app_20250111_00003664,2025-01-11 23:52:59,cust_1563533,FRID,refinance,380404,360,558,medium,rejected,0,web,false,164
app_20250111_00003665,2025-01-11 09:21:28,cust_1073486,NLAM,auto_loan,57123,24,766,low,approved,57123,web,false,890
app_20250111_00003666,2025-01-11 10:25:00,cust_5273856,GRRE,mortgage,174410,120,721,low,approved,174410,mobile_app,false,164
app_20250111_00003667,2025-01-11 09:37:09,cust_7973028,ATVI,refinance,163828,120,512,medium,rejected,0,atm,false,25
app_20250111_00003668,2025-01-11 20:52:25,cust_915186,UKLO,business_loan,21557,60,582,medium,rejected,0,branch,false,24
app_20250111_00003669,2025-01-11 20:29:49,cust_6005233,GRRE,cash_loan,28521,36,639,medium,approved,28521,online_banking,false,356
app_20250111_00003670,2025-01-11 06:50:23,cust_8925974,CHBE,mortgage,452511,240,617,medium,approved,452511,call_center,true,521
app_20250111_00003671,2025-01-11 07:30:06,cust_7440404,ESMA,credit_card,36903,30,784,low,approved,36903,mobile_app,false,541
app_20250111_00003672,2025-01-11 13:44:42,cust_3039228,PLWA,personal_loan,21774,48,742,low,approved,21774,mobile_app,true,588
app_20250111_00003673,2025-01-11 02:08:08,cust_6811944,BENL,refinance,413133,240,669,medium,approved,413133,atm,false,698
app_20250111_00003674,2025-01-11 08:58:03,cust_8141767,ATVI,mortgage,402966,240,690,medium,approved,402966,branch,true,876
app_20250111_00003675,2025-01-11 20:08:34,cust_8231633,FRID,personal_loan,21013,18,700,low,approved,21013,mobile,true,251
app_20250111_00003676,2025-01-11 21:46:09,cust_1888035,SESV,cash_loan,34633,48,652,medium,approved,34633,partner,false,158
app_20250111_00003677,2025-01-11 12:48:21,cust_9630731,AUTR,education_loan,6456,36,800,low,approved,6456,branch,false,851
app_20250111_00003678,2025-01-11 17:41:43,cust_1882294,CZPR,business_loan,12199,48,677,medium,approved,12199,mobile,false,147
app_20250111_00003679,2025-01-11 01:59:46,cust_8677003,PLWA,refinance,420168,300,664,medium,approved,420168,atm,true,48
app_20250111_00003680,2025-01-11 08:11:30,cust_4973689,GRRE,education_loan,35469,48,674,medium,approved,35469,mobile,true,785
app_20250111_00003681,2025-01-11 02:19:46,cust_1112605,ESMA,cash_loan,25692,42,718,low,approved,25692,mobile_app,false,127
app_20250111_00003682,2025-01-11 04:06:52,cust_9291941,ESMA,cash_loan,4161,18,563,medium,approved,4161,branch,true,775
app_20250111_00003683,2025-01-11 00:15:13,cust_3073732,BENL,business_loan,19888,24,684,medium,rejected,0,web,true,126
app_20250111_00003684,2025-01-11 14:30:10,cust_758993,SESV,business_loan,8286,60,617,medium,approved,8286,partner,true,873
app_20250111_00003685,2025-01-11 05:53:11,cust_1821535,PLWA,credit_card,41552,24,545,medium,rejected,0,online_banking,true,106
app_20250111_00003686,2025-01-11 19:34:36,cust_9365206,ESMA,cash_loan,27597,36,743,low,approved,27597,online_banking,false,876
app_20250111_00003687,2025-01-11 12:19:10,cust_8751168,AUTR,education_loan,4501,60,636,medium,approved,4501,call_center,true,89
app_20250111_00003688,2025-01-11 11:36:18,cust_4688410,GRRE,cash_loan,42817,42,706,low,approved,42817,atm,false,552
app_20250111_00003689,2025-01-11 18:54:49,cust_9108293,PORP,refinance,148873,360,673,medium,rejected,0,branch,false,7
app_20250111_00003690,2025-01-11 06:53:42,cust_8323158,GRRE,auto_loan,28934,72,579,medium,rejected,0,mobile_app,false,26
app_20250111_00003691,2025-01-11 21:22:35,cust_8075001,DEHE,auto_loan,31978,36,712,low,approved,31978,partner,true,368
app_20250111_00003692,2025-01-11 05:48:10,cust_3186384,CHBE,business_loan,3625,12,547,medium,approved,3625,call_center,true,53
app_20250111_00003693,2025-01-11 07:33:26,cust_1763094,BENL,mortgage,131709,360,709,low,approved,131709,online_banking,false,526
app_20250111_00003694,2025-01-11 00:00:54,cust_1561255,FRID,credit_card,16370,42,750,low,approved,16370,online_banking,true,763
app_20250111_00003695,2025-01-11 03:10:00,cust_1311162,PLWA,credit_card,26135,12,507,medium,rejected,0,mobile_app,true,109
app_20250111_00003696,2025-01-11 00:35:45,cust_719719,PORP,personal_loan,14833,30,661,medium,approved,14833,atm,false,33
app_20250111_00003697,2025-01-11 08:07:27,cust_5000248,DEHE,personal_loan,14935,18,652,medium,approved,14935,mobile,true,442
app_20250111_00003698,2025-01-11 10:17:55,cust_8356665,FRID,personal_loan,6571,24,827,low,approved,6571,mobile_app,true,872
app_20250111_00003699,2025-01-11 13:47:03,cust_5438561,GRRE,mortgage,156508,360,796,low,approved,156508,atm,true,552
app_20250111_00003700,2025-01-11 23:05:48,cust_7874253,NLAM,business_loan,6467,12,525,medium,rejected,0,branch,true,179
app_20250111_00003701,2025-01-11 00:31:40,cust_4374597,PLWA,mortgage,405876,300,696,medium,approved,405876,online_banking,true,683
app_20250111_00003702,2025-01-11 10:47:51,cust_7364048,SESV,cash_loan,33099,30,697,medium,approved,33099,branch,true,145
app_20250111_00003703,2025-01-11 13:52:39,cust_1040781,BENL,mortgage,192296,180,705,low,approved,192296,online_banking,false,370
app_20250111_00003704,2025-01-11 11:07:15,cust_1733692,SESV,cash_loan,5654,42,669,medium,approved,5654,call_center,true,818
app_20250111_00003705,2025-01-11 07:17:47,cust_5361098,PORP,business_loan,12759,36,677,medium,rejected,0,web,true,171
app_20250111_00003706,2025-01-11 05:50:20,cust_5029900,NLAM,personal_loan,17556,24,558,medium,rejected,0,online_banking,true,72
app_20250111_00003707,2025-01-11 18:55:16,cust_2630831,ITMI,education_loan,13368,36,707,low,approved,13368,partner,true,476
app_20250111_00003708,2025-01-11 05:35:54,cust_1672089,ESMA,credit_card,11727,12,675,medium,approved,11727,mobile,true,472
app_20250111_00003709,2025-01-11 09:32:57,cust_1764164,AUTR,refinance,295034,180,567,medium,approved,295034,online_banking,true,122
app_20250111_00003710,2025-01-11 18:22:26,cust_1812766,GRRE,credit_card,49007,48,712,low,approved,49007,atm,true,651
app_20250111_00003711,2025-01-11 10:01:49,cust_1897128,ESMA,business_loan,8691,60,717,low,approved,8691,mobile_app,true,728
app_20250111_00003712,2025-01-11 09:58:00,cust_9083909,PLWA,personal_loan,16236,48,509,medium,rejected,0,partner,true,146
app_20250111_00003713,2025-01-11 19:17:28,cust_2077484,FRID,refinance,208299,240,657,medium,rejected,0,mobile_app,false,5
app_20250111_00003714,2025-01-11 14:59:25,cust_4348219,ATVI,mortgage,442830,360,549,medium,approved,442830,online_banking,true,834
app_20250111_00003715,2025-01-11 23:50:53,cust_774051,GRRE,mortgage,384031,240,799,low,approved,384031,partner,false,133
app_20250111_00003716,2025-01-11 05:38:21,cust_5365690,AUTR,cash_loan,15174,36,650,medium,approved,15174,online_banking,false,875
app_20250111_00003717,2025-01-11 15:33:08,cust_5773899,DEHE,personal_loan,24888,24,473,high,rejected,0,mobile,false,108
app_20250111_00003718,2025-01-11 03:36:05,cust_7389164,FRID,personal_loan,6649,36,550,medium,rejected,0,web,false,173
app_20250111_00003719,2025-01-11 02:57:16,cust_9218911,PORP,business_loan,23159,36,788,low,approved,23159,atm,true,285
app_20250111_00003720,2025-01-11 23:34:44,cust_1243282,AUTR,auto_loan,41419,36,588,medium,rejected,0,branch,false,79
app_20250111_00003721,2025-01-11 03:53:23,cust_8154025,CZPR,cash_loan,24780,24,686,medium,approved,24780,atm,true,800
app_20250111_00003722,2025-01-11 00:22:40,cust_7829977,PORP,business_loan,20323,36,745,low,approved,20323,partner,true,820
app_20250111_00003723,2025-01-11 22:10:46,cust_1764277,UKLO,mortgage,438176,180,546,medium,approved,438176,atm,false,225
app_20250111_00003724,2025-01-11 14:05:24,cust_2044410,PLWA,auto_loan,49473,36,643,medium,approved,49473,call_center,true,624
app_20250111_00003725,2025-01-11 03:32:56,cust_4419614,FRID,cash_loan,6087,36,824,low,approved,6087,branch,true,334
app_20250111_00003726,2025-01-11 07:56:04,cust_9358018,NLAM,credit_card,12637,24,678,medium,approved,12637,partner,true,632
app_20250111_00003727,2025-01-11 16:29:05,cust_5836488,CZPR,education_loan,9561,12,713,low,approved,9561,branch,true,830
app_20250111_00003728,2025-01-11 18:09:54,cust_6011570,BENL,auto_loan,52520,36,541,medium,rejected,0,mobile,false,74
app_20250111_00003729,2025-01-11 04:31:58,cust_2274000,PORP,personal_loan,9190,48,628,medium,approved,9190,partner,false,648
app_20250111_00003730,2025-01-11 23:12:44,cust_412769,DEHE,credit_card,7742,42,709,low,approved,7742,mobile_app,true,280
app_20250111_00003731,2025-01-11 23:41:24,cust_1684214,ATVI,cash_loan,41457,48,783,low,approved,41457,online_banking,false,175
app_20250111_00003732,2025-01-11 21:28:59,cust_9221618,SESV,education_loan,12129,12,527,medium,rejected,0,atm,true,171
app_20250111_00003733,2025-01-11 15:52:58,cust_2057499,SESV,credit_card,25995,36,738,low,approved,25995,web,false,114
app_20250111_00003734,2025-01-11 14:45:12,cust_578888,ITMI,education_loan,22652,36,701,low,rejected,0,partner,true,48
app_20250111_00003735,2025-01-11 22:16:53,cust_4260769,GRRE,personal_loan,7126,24,697,medium,approved,7126,mobile,false,482
app_20250111_00003736,2025-01-11 22:00:05,cust_3085944,SESV,credit_card,18427,48,599,medium,rejected,0,branch,true,82
app_20250111_00003737,2025-01-11 03:18:03,cust_5991406,GRRE,credit_card,49528,42,596,medium,rejected,0,atm,true,112
app_20250111_00003738,2025-01-11 14:54:04,cust_6518929,ESMA,mortgage,321625,300,614,medium,rejected,0,online_banking,false,96
app_20250111_00003739,2025-01-11 10:51:36,cust_8346712,BENL,business_loan,37431,36,605,medium,approved,37431,online_banking,true,147
app_20250111_00003740,2025-01-11 09:19:07,cust_243591,ESMA,personal_loan,44456,18,534,medium,rejected,0,web,false,155
app_20250111_00003741,2025-01-11 13:48:42,cust_1252394,ITMI,mortgage,90724,360,601,medium,rejected,0,online_banking,true,22
app_20250111_00003742,2025-01-11 13:24:03,cust_5125356,BENL,mortgage,491101,180,474,high,rejected,0,partner,false,102
app_20250111_00003743,2025-01-11 18:21:40,cust_9966161,ITMI,credit_card,45521,18,724,low,approved,45521,partner,true,652
app_20250111_00003744,2025-01-11 16:42:15,cust_2273796,AUTR,business_loan,4954,36,602,medium,approved,4954,partner,true,59
app_20250111_00003745,2025-01-11 20:24:15,cust_1723653,GRRE,refinance,428634,240,715,low,approved,428634,online_banking,false,192
app_20250111_00003746,2025-01-11 17:44:20,cust_3860126,ESMA,auto_loan,29308,72,672,medium,approved,29308,online_banking,true,120
app_20250111_00003747,2025-01-11 20:03:08,cust_6431863,UKLO,refinance,130658,240,704,low,approved,130658,online_banking,true,331
app_20250111_00003748,2025-01-11 17:13:49,cust_6164949,GRRE,personal_loan,16381,48,541,medium,approved,16381,mobile,true,167
app_20250111_00003749,2025-01-11 07:03:06,cust_3538904,ITMI,cash_loan,35421,30,618,medium,approved,35421,mobile,false,394
app_20250111_00003750,2025-01-11 17:31:59,cust_1870486,AUTR,auto_loan,16987,48,659,medium,rejected,0,web,true,141
app_20250111_00003751,2025-01-11 16:17:52,cust_4147334,DEHE,cash_loan,27874,18,627,medium,approved,27874,call_center,false,654
app_20250111_00003752,2025-01-11 16:18:50,cust_4008015,CHBE,auto_loan,47953,24,579,medium,approved,47953,atm,true,646
app_20250111_00003753,2025-01-11 13:50:40,cust_4913592,UKLO,credit_card,17001,24,463,high,rejected,0,online_banking,true,14
app_20250111_00003754,2025-01-11 02:46:53,cust_562354,SESV,education_loan,26302,12,606,medium,approved,26302,atm,false,708
app_20250111_00003755,2025-01-11 10:07:43,cust_837886,CZPR,personal_loan,21009,30,526,medium,approved,21009,online_banking,true,372
app_20250111_00003756,2025-01-11 14:09:26,cust_1723143,GRRE,auto_loan,39724,60,516,medium,rejected,0,online_banking,true,62
app_20250111_00003757,2025-01-11 17:44:58,cust_2577683,ATVI,credit_card,10331,36,733,low,approved,10331,atm,false,402
app_20250111_00003758,2025-01-11 21:02:27,cust_4992528,FRID,credit_card,23361,30,684,medium,approved,23361,mobile,true,334
app_20250111_00003759,2025-01-11 08:40:10,cust_4644780,FRID,credit_card,37062,24,537,medium,rejected,0,branch,true,12
app_20250111_00003760,2025-01-11 09:16:36,cust_9167523,SESV,personal_loan,33335,42,781,low,approved,33335,branch,true,350
app_20250111_00003761,2025-01-11 03:29:08,cust_3548576,AUTR,cash_loan,47104,24,649,medium,approved,47104,web,true,203
app_20250111_00003762,2025-01-11 17:19:28,cust_2644335,GRRE,refinance,407323,360,850,low,approved,407323,mobile,false,307
app_20250111_00003763,2025-01-11 09:52:54,cust_1053006,CZPR,education_loan,16887,48,645,medium,rejected,0,atm,false,140
app_20250111_00003764,2025-01-11 04:05:14,cust_6612507,ESMA,auto_loan,14788,36,573,medium,rejected,0,mobile,true,89
app_20250111_00003765,2025-01-11 12:28:50,cust_7108862,AUTR,credit_card,13700,48,769,low,approved,13700,atm,false,253
app_20250111_00003766,2025-01-11 13:42:00,cust_9287568,ESMA,mortgage,60622,300,529,medium,rejected,0,mobile,false,82
app_20250111_00003767,2025-01-11 16:59:42,cust_8613131,ESMA,credit_card,48566,24,551,medium,approved,48566,online_banking,false,218
app_20250111_00003768,2025-01-11 21:30:24,cust_7009608,ITMI,refinance,341612,120,535,medium,rejected,0,online_banking,false,114
app_20250111_00003769,2025-01-11 15:39:03,cust_6497776,ITMI,personal_loan,49084,24,717,low,approved,49084,mobile_app,true,759
app_20250111_00003770,2025-01-11 22:23:54,cust_3259034,CZPR,education_loan,15052,24,609,medium,approved,15052,web,true,316
app_20250111_00003771,2025-01-11 11:23:08,cust_6048102,ITMI,mortgage,179390,180,557,medium,rejected,0,atm,false,116
app_20250111_00003772,2025-01-11 05:34:32,cust_8103158,ITMI,business_loan,14933,48,543,medium,approved,14933,atm,true,302
app_20250111_00003773,2025-01-11 13:40:20,cust_4066158,DEHE,credit_card,47410,18,699,medium,approved,47410,atm,false,464
app_20250111_00003774,2025-01-11 06:55:17,cust_389740,GRRE,credit_card,25658,42,744,low,approved,25658,call_center,true,241
app_20250111_00003775,2025-01-11 04:51:42,cust_2782488,PLWA,business_loan,13104,48,531,medium,rejected,0,online_banking,true,31
app_20250111_00003776,2025-01-11 10:34:26,cust_6522445,PORP,cash_loan,36376,48,610,medium,rejected,0,web,true,96
app_20250111_00003777,2025-01-11 10:22:11,cust_4960404,FRID,education_loan,13064,36,677,medium,rejected,0,call_center,false,9
app_20250111_00003778,2025-01-11 08:32:26,cust_3749628,CZPR,mortgage,331446,180,582,medium,approved,331446,partner,false,73
app_20250111_00003779,2025-01-11 06:56:44,cust_1116389,CHBE,refinance,177094,240,561,medium,approved,177094,branch,true,172
app_20250111_00003780,2025-01-11 10:13:07,cust_6089544,CHBE,auto_loan,5952,48,581,medium,approved,5952,mobile_app,false,679
app_20250111_00003781,2025-01-11 06:44:25,cust_7624589,NLAM,business_loan,6205,60,736,low,approved,6205,atm,true,739
app_20250111_00003782,2025-01-11 21:50:23,cust_4458018,NLAM,cash_loan,24454,42,672,medium,approved,24454,mobile,false,768
app_20250111_00003783,2025-01-11 13:06:57,cust_540445,DEHE,auto_loan,44787,72,711,low,approved,44787,call_center,true,824
app_20250111_00003784,2025-01-11 13:06:06,cust_3457866,CZPR,auto_loan,56302,36,673,medium,approved,56302,web,true,841
app_20250111_00003785,2025-01-11 17:49:39,cust_4476690,CZPR,personal_loan,43241,42,636,medium,approved,43241,mobile,false,119
app_20250111_00003786,2025-01-11 06:04:07,cust_2094055,ESMA,credit_card,20549,30,643,medium,approved,20549,partner,false,607
app_20250111_00003787,2025-01-11 05:54:28,cust_6170165,ESMA,refinance,225166,300,574,medium,rejected,0,online_banking,false,147
app_20250111_00003788,2025-01-11 21:59:26,cust_9988986,GRRE,credit_card,31750,42,808,low,approved,31750,call_center,false,791
app_20250111_00003789,2025-01-11 18:39:18,cust_8652626,PLWA,cash_loan,1036,48,801,low,approved,1036,partner,true,570
app_20250111_00003790,2025-01-11 06:27:16,cust_1197076,AUTR,business_loan,17332,60,404,high,rejected,0,call_center,true,46
app_20250111_00003791,2025-01-11 20:42:51,cust_639383,SESV,mortgage,144773,360,631,medium,approved,144773,mobile_app,false,480
app_20250111_00003792,2025-01-11 16:24:25,cust_8595035,ATVI,mortgage,311311,360,516,medium,approved,311311,online_banking,true,37
app_20250111_00003793,2025-01-11 17:34:26,cust_9813386,BENL,cash_loan,18623,24,694,medium,approved,18623,call_center,true,248
app_20250111_00003794,2025-01-11 12:55:14,cust_7727298,ATVI,personal_loan,17641,12,703,low,approved,17641,call_center,true,862
app_20250111_00003795,2025-01-11 17:58:00,cust_2189603,SESV,credit_card,45857,24,633,medium,approved,45857,mobile_app,true,391
app_20250111_00003796,2025-01-11 06:38:47,cust_4204819,ITMI,mortgage,267733,120,685,medium,approved,267733,call_center,true,520
app_20250111_00003797,2025-01-11 02:32:36,cust_6123833,SESV,personal_loan,3453,24,694,medium,approved,3453,mobile,true,354
app_20250111_00003798,2025-01-11 13:57:05,cust_2999385,CZPR,business_loan,16551,24,723,low,approved,16551,call_center,false,451
app_20250111_00003799,2025-01-11 05:47:00,cust_3770587,CHBE,business_loan,21948,48,593,medium,rejected,0,branch,false,50
app_20250111_00003800,2025-01-11 18:06:21,cust_3323156,NLAM,personal_loan,15346,36,739,low,approved,15346,partner,true,353
app_20250111_00003801,2025-01-11 16:12:07,cust_8696880,ITMI,education_loan,22185,48,682,medium,approved,22185,online_banking,false,137
app_20250111_00003802,2025-01-11 04:48:16,cust_1395155,CZPR,personal_loan,18028,42,631,medium,approved,18028,web,true,72
app_20250111_00003803,2025-01-11 04:47:19,cust_4943032,FRID,refinance,412035,360,648,medium,approved,412035,call_center,false,698
app_20250111_00003804,2025-01-11 14:18:18,cust_1249635,ITMI,credit_card,2267,48,517,medium,rejected,0,mobile_app,true,151
app_20250111_00003805,2025-01-11 00:31:49,cust_9656626,NLAM,credit_card,6116,12,656,medium,approved,6116,mobile,false,771
app_20250111_00003806,2025-01-11 20:30:31,cust_3661872,NLAM,credit_card,15728,36,699,medium,approved,15728,web,false,113
app_20250111_00003807,2025-01-11 13:57:07,cust_1570340,NLAM,business_loan,28009,12,850,low,approved,28009,web,true,650
app_20250111_00003808,2025-01-11 22:47:13,cust_1116777,AUTR,education_loan,37456,36,695,medium,approved,37456,partner,true,619
app_20250111_00003809,2025-01-11 04:15:25,cust_2283715,ESMA,education_loan,34942,36,850,low,approved,34942,web,true,243
app_20250111_00003810,2025-01-11 10:59:12,cust_4164931,GRRE,auto_loan,9625,60,612,medium,rejected,0,atm,false,94
app_20250111_00003811,2025-01-11 02:25:45,cust_7725875,PLWA,mortgage,129915,240,663,medium,approved,129915,atm,true,315
app_20250111_00003812,2025-01-11 23:15:10,cust_1668575,BENL,business_loan,36727,36,667,medium,approved,36727,mobile,true,132
app_20250111_00003813,2025-01-11 05:16:58,cust_9829543,FRID,credit_card,13923,12,408,high,rejected,0,mobile,false,111
app_20250111_00003814,2025-01-11 09:45:51,cust_5074282,UKLO,mortgage,494267,180,638,medium,approved,494267,partner,false,636
app_20250111_00003815,2025-01-11 08:18:18,cust_6799464,PORP,credit_card,44073,30,549,medium,approved,44073,online_banking,true,858
app_20250111_00003816,2025-01-11 03:43:56,cust_1178296,ITMI,credit_card,4293,48,616,medium,approved,4293,partner,false,111
app_20250111_00003817,2025-01-11 00:09:33,cust_2719118,ITMI,education_loan,15425,60,629,medium,approved,15425,branch,true,634
app_20250111_00003818,2025-01-11 05:00:46,cust_8383767,CZPR,personal_loan,13938,12,548,medium,approved,13938,atm,false,749
app_20250111_00003819,2025-01-11 06:15:41,cust_2661702,CZPR,business_loan,18632,12,529,medium,approved,18632,web,true,49
app_20250111_00003820,2025-01-11 23:01:44,cust_9253288,SESV,mortgage,348156,240,588,medium,approved,348156,branch,true,329
app_20250111_00003821,2025-01-11 00:37:21,cust_2265891,CHBE,education_loan,6214,60,671,medium,approved,6214,mobile,true,748
app_20250111_00003822,2025-01-11 16:38:48,cust_8578025,NLAM,refinance,152838,240,810,low,approved,152838,mobile_app,false,782
app_20250111_00003823,2025-01-11 05:17:57,cust_786724,AUTR,cash_loan,6826,42,491,high,rejected,0,mobile,false,154
app_20250111_00003824,2025-01-11 16:32:36,cust_7015795,ESMA,business_loan,20797,36,808,low,approved,20797,partner,false,428
app_20250111_00003825,2025-01-11 15:55:49,cust_8888410,UKLO,personal_loan,17023,48,719,low,approved,17023,online_banking,false,844
app_20250111_00003826,2025-01-11 05:22:13,cust_2763981,ESMA,auto_loan,26481,48,814,low,approved,26481,mobile,false,158
app_20250111_00003827,2025-01-11 02:26:16,cust_5161595,NLAM,cash_loan,21548,30,540,medium,approved,21548,mobile,true,567
app_20250111_00003828,2025-01-11 17:55:58,cust_7367599,PLWA,credit_card,38017,30,706,low,approved,38017,mobile,true,165
app_20250111_00003829,2025-01-11 09:16:51,cust_6528630,ATVI,refinance,109635,240,591,medium,rejected,0,partner,false,177
app_20250111_00003830,2025-01-11 07:25:24,cust_149032,CZPR,education_loan,37886,48,572,medium,rejected,0,atm,true,105
app_20250111_00003831,2025-01-11 14:19:34,cust_5956391,AUTR,education_loan,9905,12,500,medium,rejected,0,branch,false,44
app_20250111_00003832,2025-01-11 08:34:47,cust_2266223,DEHE,refinance,421474,360,522,medium,rejected,0,branch,false,86
app_20250111_00003833,2025-01-11 09:40:06,cust_9559427,ESMA,cash_loan,18052,24,635,medium,rejected,0,web,true,170
app_20250111_00003834,2025-01-11 02:38:30,cust_4215956,GRRE,credit_card,11236,30,810,low,approved,11236,atm,true,793
app_20250111_00003835,2025-01-11 23:34:48,cust_908087,PLWA,business_loan,36423,48,700,low,approved,36423,online_banking,false,274
app_20250111_00003836,2025-01-11 09:44:01,cust_7764626,ITMI,personal_loan,36680,36,626,medium,approved,36680,branch,true,734
app_20250111_00003837,2025-01-11 12:18:33,cust_8805485,ATVI,business_loan,15608,12,756,low,approved,15608,online_banking,true,507
app_20250111_00003838,2025-01-11 02:14:19,cust_6514417,FRID,education_loan,11904,48,782,low,approved,11904,mobile,false,742
app_20250111_00003839,2025-01-11 23:56:55,cust_4074022,AUTR,credit_card,29865,12,664,medium,approved,29865,atm,true,177
app_20250111_00003840,2025-01-11 12:59:05,cust_2033249,PLWA,cash_loan,48929,30,659,medium,rejected,0,mobile_app,false,67
app_20250111_00003841,2025-01-11 02:16:36,cust_2079121,PLWA,mortgage,374436,360,725,low,rejected,0,atm,true,62
app_20250111_00003842,2025-01-11 05:24:41,cust_5840168,FRID,auto_loan,37095,72,521,medium,rejected,0,mobile_app,true,105
app_20250111_00003843,2025-01-11 09:28:37,cust_1756311,CZPR,mortgage,467679,240,743,low,rejected,0,partner,true,171
app_20250111_00003844,2025-01-11 04:46:22,cust_1034770,BENL,education_loan,16051,24,463,high,rejected,0,branch,false,93
app_20250111_00003845,2025-01-11 00:32:53,cust_4618975,ESMA,cash_loan,9913,42,657,medium,rejected,0,partner,true,112
app_20250111_00003846,2025-01-11 18:59:58,cust_1234472,NLAM,personal_loan,23926,30,603,medium,approved,23926,web,true,314
app_20250111_00003847,2025-01-11 03:10:01,cust_5874156,ESMA,cash_loan,6938,42,754,low,approved,6938,call_center,false,899
app_20250111_00003848,2025-01-11 21:17:41,cust_4482201,ESMA,mortgage,455893,180,677,medium,rejected,0,online_banking,true,141
app_20250111_00003849,2025-01-11 11:08:03,cust_3976752,ATVI,auto_loan,23145,48,707,low,rejected,0,online_banking,true,44
app_20250111_00003850,2025-01-11 20:15:19,cust_1866755,DEHE,auto_loan,7739,36,569,medium,rejected,0,web,true,117
app_20250111_00003851,2025-01-11 10:20:00,cust_4450830,PORP,auto_loan,11605,60,499,high,rejected,0,mobile,false,41
app_20250111_00003852,2025-01-11 20:57:46,cust_2771728,UKLO,business_loan,20047,24,740,low,approved,20047,mobile_app,false,33
app_20250111_00003853,2025-01-11 06:48:25,cust_8999271,PORP,credit_card,37546,30,604,medium,approved,37546,atm,true,528
app_20250111_00003854,2025-01-11 21:15:11,cust_4874823,ATVI,auto_loan,46804,60,635,medium,rejected,0,branch,true,131
app_20250111_00003855,2025-01-11 02:21:15,cust_1202093,GRRE,credit_card,32476,48,606,medium,approved,32476,mobile,false,645
app_20250111_00003856,2025-01-11 02:03:59,cust_5600351,DEHE,credit_card,33937,36,723,low,rejected,0,online_banking,true,34
app_20250111_00003857,2025-01-11 07:27:15,cust_8976969,UKLO,education_loan,15583,36,630,medium,rejected,0,call_center,true,72
app_20250111_00003858,2025-01-11 07:37:43,cust_4628793,SESV,mortgage,283032,120,829,low,approved,283032,branch,true,609
app_20250111_00003859,2025-01-11 20:43:07,cust_1574566,BENL,business_loan,32825,36,597,medium,approved,32825,call_center,true,891
app_20250111_00003860,2025-01-11 13:43:30,cust_7033901,PLWA,education_loan,30554,60,780,low,approved,30554,mobile_app,false,413
app_20250111_00003861,2025-01-11 16:47:57,cust_8200075,ESMA,personal_loan,44138,42,555,medium,rejected,0,call_center,false,145
app_20250111_00003862,2025-01-11 00:34:37,cust_5466294,NLAM,refinance,337377,240,544,medium,approved,337377,mobile,true,818
app_20250111_00003863,2025-01-11 15:53:22,cust_2182373,BENL,business_loan,13899,12,505,medium,rejected,0,online_banking,true,61
app_20250111_00003864,2025-01-11 01:21:15,cust_3306151,SESV,cash_loan,27023,12,850,low,approved,27023,web,true,791
app_20250111_00003865,2025-01-11 08:16:48,cust_9425241,ATVI,mortgage,99499,240,636,medium,rejected,0,online_banking,false,172
app_20250111_00003866,2025-01-11 18:29:19,cust_5233781,FRID,personal_loan,25136,36,626,medium,approved,25136,call_center,false,374
app_20250111_00003867,2025-01-11 18:36:22,cust_1299344,SESV,mortgage,419606,240,534,medium,approved,419606,call_center,false,513
app_20250111_00003868,2025-01-11 22:20:38,cust_5798935,ESMA,refinance,85111,240,529,medium,rejected,0,mobile_app,false,60
app_20250111_00003869,2025-01-11 00:13:16,cust_4447373,GRRE,personal_loan,41579,18,742,low,approved,41579,call_center,false,573
app_20250111_00003870,2025-01-11 08:19:10,cust_7910150,ITMI,credit_card,5094,30,406,high,rejected,0,call_center,false,34
app_20250111_00003871,2025-01-11 15:01:58,cust_5906406,SESV,refinance,258455,240,561,medium,approved,258455,online_banking,true,83
app_20250111_00003872,2025-01-11 08:54:50,cust_4606833,ITMI,business_loan,24601,36,653,medium,approved,24601,partner,false,206
app_20250111_00003873,2025-01-11 12:07:35,cust_5343204,CHBE,refinance,277938,300,586,medium,rejected,0,branch,false,100
app_20250111_00003874,2025-01-11 10:15:21,cust_7128612,ESMA,auto_loan,27805,36,572,medium,rejected,0,call_center,false,11
app_20250111_00003875,2025-01-11 09:27:46,cust_1847482,FRID,cash_loan,8497,30,644,medium,approved,8497,partner,true,479
app_20250111_00003876,2025-01-11 18:53:29,cust_237529,PLWA,business_loan,29708,48,673,medium,approved,29708,atm,false,599
app_20250111_00003877,2025-01-11 18:47:06,cust_4178957,DEHE,refinance,63004,300,626,medium,approved,63004,branch,false,502
app_20250111_00003878,2025-01-11 12:20:37,cust_2407619,ATVI,mortgage,137038,120,704,low,approved,137038,mobile_app,false,394
app_20250111_00003879,2025-01-11 14:32:54,cust_7730573,CHBE,business_loan,28313,12,443,high,approved,28313,mobile_app,false,560
app_20250111_00003880,2025-01-11 01:33:58,cust_7779160,PORP,mortgage,308682,120,660,medium,approved,308682,web,true,478
app_20250111_00003881,2025-01-11 22:18:22,cust_9296033,AUTR,personal_loan,1823,48,614,medium,approved,1823,mobile_app,false,472
app_20250111_00003882,2025-01-11 08:37:51,cust_6926990,BENL,education_loan,2540,36,850,low,approved,2540,web,false,40
app_20250111_00003883,2025-01-11 22:06:00,cust_3766071,DEHE,refinance,242616,240,685,medium,approved,242616,call_center,false,667
app_20250111_00003884,2025-01-11 05:18:30,cust_8553979,SESV,personal_loan,41747,18,694,medium,approved,41747,partner,false,327
app_20250111_00003885,2025-01-11 01:14:13,cust_532955,DEHE,mortgage,489011,240,567,medium,approved,489011,mobile_app,true,279
app_20250111_00003886,2025-01-11 12:58:55,cust_6145897,FRID,business_loan,24507,48,579,medium,approved,24507,atm,true,745
app_20250111_00003887,2025-01-11 17:46:23,cust_3210945,PLWA,education_loan,24153,60,679,medium,rejected,0,web,true,69
app_20250111_00003888,2025-01-11 12:31:41,cust_8097998,GRRE,auto_loan,22309,24,499,high,rejected,0,branch,false,168
app_20250111_00003889,2025-01-11 23:20:43,cust_6464920,NLAM,education_loan,16590,36,624,medium,rejected,0,online_banking,false,59
app_20250111_00003890,2025-01-11 07:03:00,cust_7207437,AUTR,mortgage,374287,120,714,low,approved,374287,online_banking,false,380
app_20250111_00003891,2025-01-11 07:46:59,cust_1723105,NLAM,mortgage,295148,180,729,low,approved,295148,atm,true,90
app_20250111_00003892,2025-01-11 04:00:50,cust_6239288,FRID,personal_loan,33590,24,611,medium,approved,33590,mobile_app,false,76
app_20250111_00003893,2025-01-11 18:57:12,cust_2635833,ESMA,personal_loan,27433,48,625,medium,approved,27433,mobile,true,141
app_20250111_00003894,2025-01-11 21:34:56,cust_1524789,AUTR,auto_loan,49328,72,592,medium,rejected,0,branch,true,145
app_20250111_00003895,2025-01-11 02:57:18,cust_1907679,ITMI,education_loan,14309,24,850,low,approved,14309,partner,true,345
app_20250111_00003896,2025-01-11 17:04:08,cust_2424125,SESV,mortgage,284454,120,817,low,approved,284454,mobile_app,false,138
app_20250111_00003897,2025-01-11 08:03:51,cust_3159471,ESMA,credit_card,29352,36,624,medium,approved,29352,online_banking,true,619
app_20250111_00003898,2025-01-11 17:16:35,cust_6671655,PLWA,personal_loan,45508,24,707,low,approved,45508,mobile,true,319
app_20250111_00003899,2025-01-11 13:12:45,cust_8955495,DEHE,business_loan,29586,24,558,medium,rejected,0,call_center,false,152
app_20250111_00003900,2025-01-11 09:23:36,cust_9423281,ITMI,mortgage,310391,300,594,medium,rejected,0,mobile,false,165
app_20250111_00003901,2025-01-11 20:20:06,cust_6577014,FRID,mortgage,359695,240,651,medium,approved,359695,call_center,true,733
app_20250111_00003902,2025-01-11 09:14:28,cust_8195284,SESV,credit_card,2355,12,588,medium,rejected,0,atm,false,14
app_20250111_00003903,2025-01-11 09:22:49,cust_2190231,ATVI,refinance,99499,120,736,low,approved,99499,online_banking,true,397
app_20250111_00003904,2025-01-11 06:08:01,cust_1935692,CZPR,business_loan,34407,24,492,high,rejected,0,atm,false,70
app_20250111_00003905,2025-01-11 01:15:29,cust_7258422,PORP,business_loan,7875,12,696,medium,approved,7875,mobile_app,true,396
app_20250111_00003906,2025-01-11 11:00:09,cust_2590836,BENL,education_loan,18410,24,689,medium,rejected,0,call_center,false,97
app_20250111_00003907,2025-01-11 05:18:47,cust_5440223,ATVI,credit_card,20791,24,590,medium,rejected,0,web,false,132
app_20250111_00003908,2025-01-11 09:58:24,cust_8081663,PORP,cash_loan,10985,42,683,medium,approved,10985,web,true,126
app_20250111_00003909,2025-01-11 15:37:29,cust_6643326,GRRE,credit_card,16960,48,716,low,approved,16960,online_banking,false,332
app_20250111_00003910,2025-01-11 20:14:12,cust_1357583,ATVI,education_loan,26535,24,733,low,approved,26535,atm,false,671
app_20250111_00003911,2025-01-11 19:02:55,cust_1793733,CZPR,mortgage,128805,300,733,low,approved,128805,mobile_app,true,830
app_20250111_00003912,2025-01-11 08:29:37,cust_5353769,FRID,refinance,243937,240,659,medium,rejected,0,mobile_app,false,163
app_20250111_00003913,2025-01-11 02:32:36,cust_2092312,ITMI,cash_loan,24453,30,850,low,rejected,0,branch,false,102
app_20250111_00003914,2025-01-11 21:22:39,cust_5067763,ATVI,auto_loan,6026,48,750,low,approved,6026,web,false,839
app_20250111_00003915,2025-01-11 20:29:39,cust_4705187,UKLO,cash_loan,46087,24,622,medium,approved,46087,mobile_app,true,750
app_20250111_00003916,2025-01-11 20:12:07,cust_9423255,DEHE,auto_loan,57073,36,625,medium,approved,57073,mobile_app,true,198
app_20250111_00003917,2025-01-11 04:50:56,cust_541683,NLAM,refinance,415695,180,723,low,rejected,0,mobile_app,false,94
app_20250111_00003918,2025-01-11 01:27:04,cust_5588098,ITMI,mortgage,458010,240,456,high,approved,458010,atm,false,539
app_20250111_00003919,2025-01-11 10:26:01,cust_152225,FRID,personal_loan,41157,30,813,low,approved,41157,mobile,true,129
app_20250111_00003920,2025-01-11 02:12:16,cust_8797515,GRRE,refinance,378568,120,530,medium,rejected,0,web,false,131
app_20250111_00003921,2025-01-11 03:50:16,cust_3067673,ESMA,business_loan,29146,36,845,low,approved,29146,online_banking,true,562
app_20250111_00003922,2025-01-11 10:30:44,cust_337311,CZPR,business_loan,5445,48,660,medium,approved,5445,mobile_app,false,91
app_20250111_00003923,2025-01-11 11:46:23,cust_788864,ITMI,cash_loan,17491,18,809,low,approved,17491,atm,false,380
app_20250111_00003924,2025-01-11 07:10:39,cust_1894189,SESV,mortgage,154516,180,582,medium,rejected,0,web,false,167
app_20250111_00003925,2025-01-11 05:42:02,cust_9545614,UKLO,auto_loan,27292,24,548,medium,rejected,0,call_center,false,98
app_20250111_00003926,2025-01-11 12:05:01,cust_9881777,BENL,personal_loan,22255,48,808,low,approved,22255,online_banking,true,69
app_20250111_00003927,2025-01-11 05:18:18,cust_7831281,GRRE,business_loan,39150,36,473,high,rejected,0,branch,false,84
app_20250111_00003928,2025-01-11 17:28:53,cust_2951052,PORP,refinance,173516,180,479,high,rejected,0,call_center,false,124
app_20250111_00003929,2025-01-11 13:18:43,cust_8165507,BENL,education_loan,22047,12,621,medium,approved,22047,mobile_app,true,600
app_20250111_00003930,2025-01-11 10:14:24,cust_7902648,FRID,mortgage,407071,180,774,low,approved,407071,partner,true,523
app_20250111_00003931,2025-01-11 16:05:31,cust_3493461,ATVI,mortgage,429698,360,850,low,rejected,0,web,true,106
app_20250111_00003932,2025-01-11 02:46:26,cust_3597723,GRRE,mortgage,499722,180,615,medium,approved,499722,call_center,true,292
app_20250111_00003933,2025-01-11 22:09:12,cust_7465658,UKLO,personal_loan,42087,30,621,medium,approved,42087,mobile_app,true,591
app_20250111_00003934,2025-01-11 19:16:56,cust_7380443,ITMI,auto_loan,11337,36,736,low,approved,11337,call_center,true,566
app_20250111_00003935,2025-01-11 04:57:38,cust_9821378,ITMI,cash_loan,9684,24,838,low,approved,9684,online_banking,false,452
app_20250111_00003936,2025-01-11 09:03:45,cust_9834998,NLAM,cash_loan,37148,36,598,medium,rejected,0,call_center,false,136
app_20250111_00003937,2025-01-11 22:19:13,cust_4006873,AUTR,mortgage,187580,120,822,low,approved,187580,mobile_app,false,415
app_20250111_00003938,2025-01-11 00:30:23,cust_5862409,DEHE,mortgage,274936,360,697,medium,approved,274936,partner,false,764
app_20250111_00003939,2025-01-11 13:24:36,cust_3341668,ITMI,business_loan,18796,24,529,medium,approved,18796,online_banking,true,119
app_20250111_00003940,2025-01-11 09:47:26,cust_2850278,NLAM,auto_loan,56596,60,602,medium,approved,56596,web,false,337
app_20250111_00003941,2025-01-11 20:03:09,cust_7303186,ATVI,auto_loan,12224,36,603,medium,approved,12224,atm,false,188
app_20250111_00003942,2025-01-11 03:47:45,cust_9776142,NLAM,auto_loan,33896,36,609,medium,approved,33896,branch,false,321
app_20250111_00003943,2025-01-11 12:30:18,cust_9393157,DEHE,business_loan,8003,48,709,low,approved,8003,mobile_app,true,303
app_20250111_00003944,2025-01-11 00:28:01,cust_4947674,CHBE,refinance,299622,300,681,medium,rejected,0,call_center,true,42
app_20250111_00003945,2025-01-11 07:58:28,cust_4160798,DEHE,education_loan,24972,48,779,low,approved,24972,web,false,334
app_20250111_00003946,2025-01-11 19:08:14,cust_4928594,CHBE,mortgage,256251,360,609,medium,approved,256251,atm,true,545
app_20250111_00003947,2025-01-11 16:47:59,cust_8775317,DEHE,cash_loan,5906,12,636,medium,rejected,0,online_banking,false,156
app_20250111_00003948,2025-01-11 01:59:39,cust_3934375,PORP,mortgage,473995,360,445,high,rejected,0,online_banking,true,122
app_20250111_00003949,2025-01-11 03:34:42,cust_9603913,ESMA,education_loan,36152,48,632,medium,rejected,0,web,true,138
app_20250111_00003950,2025-01-11 03:27:59,cust_2935047,CZPR,education_loan,30224,48,830,low,approved,30224,branch,true,878
app_20250111_00003951,2025-01-11 14:06:03,cust_1130358,CZPR,cash_loan,27132,30,836,low,rejected,0,partner,false,109
app_20250111_00003952,2025-01-11 04:18:09,cust_4810844,GRRE,credit_card,23707,12,601,medium,approved,23707,branch,true,353
app_20250111_00003953,2025-01-11 15:17:34,cust_6926523,GRRE,education_loan,33029,36,487,high,rejected,0,branch,false,81
app_20250111_00003954,2025-01-11 20:29:15,cust_6170246,FRID,business_loan,28592,12,537,medium,rejected,0,branch,true,11
app_20250111_00003955,2025-01-11 23:51:34,cust_7588694,AUTR,cash_loan,16543,18,749,low,approved,16543,mobile,false,522
app_20250111_00003956,2025-01-11 20:27:44,cust_2383544,ESMA,education_loan,2821,48,583,medium,approved,2821,partner,false,716
app_20250111_00003957,2025-01-11 10:46:47,cust_5348259,ITMI,cash_loan,17614,30,649,medium,approved,17614,web,true,701
app_20250111_00003958,2025-01-11 18:37:17,cust_1718962,PLWA,cash_loan,5025,18,738,low,approved,5025,mobile,true,49
app_20250111_00003959,2025-01-11 05:08:35,cust_3867406,GRRE,credit_card,18610,12,690,medium,rejected,0,mobile,false,63
app_20250111_00003960,2025-01-11 23:09:45,cust_9340685,UKLO,credit_card,1203,12,478,high,rejected,0,mobile,false,87
app_20250111_00003961,2025-01-11 12:51:10,cust_1914379,ATVI,refinance,151577,300,709,low,approved,151577,branch,true,802
app_20250111_00003962,2025-01-11 22:30:51,cust_5525972,DEHE,refinance,196006,180,701,low,approved,196006,atm,true,118
app_20250111_00003963,2025-01-11 03:17:01,cust_3185340,PLWA,credit_card,14873,30,509,medium,approved,14873,partner,true,634
app_20250111_00003964,2025-01-11 07:46:06,cust_3708358,ESMA,refinance,321857,360,760,low,approved,321857,web,true,544
app_20250111_00003965,2025-01-11 15:34:35,cust_965064,BENL,personal_loan,2247,36,775,low,approved,2247,online_banking,true,177
app_20250111_00003966,2025-01-11 19:00:04,cust_8631565,NLAM,cash_loan,22321,18,565,medium,approved,22321,online_banking,true,319
app_20250111_00003967,2025-01-11 17:40:22,cust_760453,AUTR,education_loan,36762,36,561,medium,rejected,0,call_center,true,176
app_20250111_00003968,2025-01-11 18:40:36,cust_8728189,FRID,personal_loan,15493,24,549,medium,approved,15493,mobile_app,true,614
app_20250111_00003969,2025-01-11 12:44:34,cust_1265285,AUTR,credit_card,12080,48,793,low,approved,12080,web,false,147
app_20250111_00003970,2025-01-11 22:16:20,cust_3396419,FRID,cash_loan,45372,18,660,medium,rejected,0,mobile_app,true,53
app_20250111_00003971,2025-01-11 22:18:34,cust_7567376,BENL,cash_loan,11541,24,578,medium,approved,11541,atm,false,870
app_20250111_00003972,2025-01-11 04:57:33,cust_9540006,DEHE,auto_loan,21621,60,718,low,approved,21621,partner,false,687
app_20250111_00003973,2025-01-11 15:39:59,cust_2730835,ESMA,business_loan,28879,12,685,medium,approved,28879,atm,true,393
app_20250111_00003974,2025-01-11 03:55:21,cust_9942305,CZPR,education_loan,37703,12,540,medium,approved,37703,web,true,487
app_20250111_00003975,2025-01-11 08:51:36,cust_6304681,CZPR,personal_loan,37730,42,634,medium,approved,37730,partner,false,593
app_20250111_00003976,2025-01-11 21:56:44,cust_6551413,GRRE,mortgage,114191,120,473,high,rejected,0,mobile_app,false,97
app_20250111_00003977,2025-01-11 16:21:02,cust_2745863,FRID,refinance,71668,240,771,low,approved,71668,partner,false,297
app_20250111_00003978,2025-01-11 13:14:46,cust_7170159,GRRE,mortgage,381240,300,741,low,approved,381240,web,false,513
app_20250111_00003979,2025-01-11 18:56:59,cust_4904881,ITMI,mortgage,181553,180,763,low,approved,181553,atm,true,55
app_20250111_00003980,2025-01-11 21:26:53,cust_9803927,DEHE,mortgage,127641,300,587,medium,rejected,0,online_banking,true,69
app_20250111_00003981,2025-01-11 04:47:06,cust_1100347,CHBE,mortgage,308028,120,850,low,approved,308028,branch,true,209
app_20250111_00003982,2025-01-11 11:18:57,cust_5767562,PLWA,personal_loan,24015,48,791,low,approved,24015,mobile_app,true,60
app_20250111_00003983,2025-01-11 01:37:50,cust_1964879,ESMA,auto_loan,25748,72,619,medium,approved,25748,atm,true,595
app_20250111_00003984,2025-01-11 23:20:39,cust_2646289,UKLO,cash_loan,19494,24,524,medium,approved,19494,online_banking,false,376
app_20250111_00003985,2025-01-11 23:12:12,cust_7420015,BENL,personal_loan,14117,36,780,low,approved,14117,atm,true,475
app_20250111_00003986,2025-01-11 19:51:18,cust_2899215,PORP,credit_card,14594,12,544,medium,approved,14594,online_banking,true,748
app_20250111_00003987,2025-01-11 03:29:27,cust_348274,ITMI,education_loan,17704,48,504,medium,approved,17704,mobile_app,false,331
app_20250111_00003988,2025-01-11 07:33:08,cust_8296193,BENL,mortgage,414604,180,692,medium,approved,414604,call_center,false,176
app_20250111_00003989,2025-01-11 09:37:17,cust_8011784,CHBE,refinance,109479,360,724,low,approved,109479,atm,false,99
app_20250111_00003990,2025-01-11 07:52:09,cust_2286152,UKLO,education_loan,10384,36,667,medium,approved,10384,mobile,false,507
app_20250111_00003991,2025-01-11 20:54:19,cust_7226600,NLAM,business_loan,35689,60,850,low,approved,35689,web,false,69
app_20250111_00003992,2025-01-11 22:18:51,cust_9667209,ITMI,auto_loan,23238,48,671,medium,approved,23238,mobile,false,55
app_20250111_00003993,2025-01-11 01:53:59,cust_3636031,UKLO,auto_loan,49395,24,713,low,approved,49395,mobile,false,96
app_20250111_00003994,2025-01-11 18:02:54,cust_2626186,PLWA,personal_loan,42445,24,690,medium,approved,42445,online_banking,true,790
app_20250111_00003995,2025-01-11 04:36:21,cust_5429691,DEHE,business_loan,7463,36,753,low,approved,7463,mobile_app,false,643
app_20250111_00003996,2025-01-11 23:33:35,cust_581261,AUTR,personal_loan,41506,24,685,medium,rejected,0,web,true,29
app_20250111_00003997,2025-01-11 15:22:29,cust_2263311,UKLO,cash_loan,25374,42,598,medium,rejected,0,branch,false,68
app_20250111_00003998,2025-01-11 19:04:44,cust_8469034,CZPR,mortgage,373088,240,710,low,approved,373088,online_banking,false,879
app_20250111_00003999,2025-01-11 16:12:38,cust_5090642,FRID,personal_loan,24165,24,663,medium,rejected,0,call_center,true,98
app_20250111_00004000,2025-01-11 21:23:26,cust_9010113,ATVI,business_loan,11856,48,634,medium,rejected,0,call_center,false,33
app_20250111_00004001,2025-01-11 23:19:52,cust_2281759,FRID,business_loan,6146,36,850,low,approved,6146,online_banking,true,477
app_20250111_00004002,2025-01-11 20:56:32,cust_1802367,CZPR,auto_loan,14469,72,850,low,approved,14469,mobile_app,false,606
app_20250111_00004003,2025-01-11 22:46:08,cust_8552568,AUTR,auto_loan,40049,48,689,medium,approved,40049,online_banking,true,890
app_20250111_00004004,2025-01-11 03:34:25,cust_5525048,GRRE,business_loan,16803,36,577,medium,rejected,0,call_center,true,123
app_20250111_00004005,2025-01-11 21:00:32,cust_5387104,UKLO,mortgage,119831,360,674,medium,rejected,0,online_banking,false,98
app_20250111_00004006,2025-01-11 04:07:54,cust_3350934,NLAM,refinance,283837,180,790,low,approved,283837,call_center,false,573
app_20250111_00004007,2025-01-11 14:35:50,cust_8687859,FRID,mortgage,130805,240,699,medium,rejected,0,partner,true,173
app_20250111_00004008,2025-01-11 19:38:31,cust_6422502,ESMA,mortgage,75036,180,684,medium,rejected,0,call_center,false,116
app_20250111_00004009,2025-01-11 21:27:30,cust_7986085,ATVI,refinance,232064,180,653,medium,approved,232064,atm,true,205
app_20250111_00004010,2025-01-11 18:59:38,cust_1751117,SESV,credit_card,17957,30,771,low,approved,17957,partner,false,216
app_20250111_00004011,2025-01-11 13:45:00,cust_8336877,GRRE,education_loan,35516,24,710,low,approved,35516,atm,false,455
app_20250111_00004012,2025-01-11 17:50:28,cust_7802134,DEHE,business_loan,37154,36,522,medium,approved,37154,branch,false,243
app_20250111_00004013,2025-01-11 14:56:58,cust_7143863,ITMI,mortgage,64186,120,850,low,approved,64186,online_banking,true,282
app_20250111_00004014,2025-01-11 04:37:48,cust_3839667,CZPR,education_loan,33348,36,577,medium,rejected,0,branch,true,14
app_20250111_00004015,2025-01-11 15:32:46,cust_4222719,ITMI,auto_loan,56138,48,730,low,rejected,0,mobile_app,false,153
app_20250111_00004016,2025-01-11 04:34:40,cust_8713787,GRRE,mortgage,321538,180,736,low,approved,321538,mobile,false,770
app_20250111_00004017,2025-01-11 00:45:11,cust_9371245,DEHE,mortgage,257528,120,589,medium,approved,257528,call_center,true,866
app_20250111_00004018,2025-01-11 16:20:40,cust_7703039,DEHE,refinance,124795,180,850,low,approved,124795,mobile,false,405
app_20250111_00004019,2025-01-11 16:32:29,cust_9498545,SESV,cash_loan,15954,12,818,low,approved,15954,call_center,false,417
app_20250111_00004020,2025-01-11 14:44:29,cust_1609653,FRID,refinance,218761,120,846,low,approved,218761,branch,false,304
app_20250111_00004021,2025-01-11 16:22:15,cust_4952493,CHBE,auto_loan,27293,72,714,low,approved,27293,call_center,false,604
app_20250111_00004022,2025-01-11 14:45:27,cust_7250656,PORP,business_loan,11492,60,643,medium,rejected,0,online_banking,false,57
app_20250111_00004023,2025-01-11 11:27:33,cust_5238791,BENL,auto_loan,55448,72,763,low,approved,55448,online_banking,false,425
app_20250111_00004024,2025-01-11 13:04:09,cust_2217918,BENL,cash_loan,12877,36,689,medium,approved,12877,mobile,false,382
app_20250111_00004025,2025-01-11 09:02:04,cust_3044773,AUTR,education_loan,22015,48,717,low,approved,22015,mobile_app,false,649
app_20250111_00004026,2025-01-11 08:53:51,cust_9916344,DEHE,auto_loan,7517,24,641,medium,approved,7517,call_center,true,720
app_20250111_00004027,2025-01-11 19:38:46,cust_6634491,PLWA,personal_loan,18539,42,714,low,approved,18539,atm,false,351
app_20250111_00004028,2025-01-11 21:40:10,cust_4857880,FRID,personal_loan,24300,12,638,medium,approved,24300,call_center,false,59
app_20250111_00004029,2025-01-11 19:38:03,cust_9125251,PORP,credit_card,28950,12,670,medium,rejected,0,partner,true,41
app_20250111_00004030,2025-01-11 03:02:39,cust_6305960,CZPR,cash_loan,24406,30,706,low,approved,24406,call_center,false,678
app_20250111_00004031,2025-01-11 17:58:51,cust_3813197,ITMI,business_loan,3970,12,543,medium,rejected,0,partner,true,116
app_20250111_00004032,2025-01-11 12:00:13,cust_737659,BENL,education_loan,15969,60,799,low,approved,15969,atm,true,304
app_20250111_00004033,2025-01-11 02:35:53,cust_9685124,CZPR,auto_loan,5339,48,587,medium,approved,5339,mobile,false,64
app_20250111_00004034,2025-01-11 10:00:40,cust_7859857,AUTR,personal_loan,45611,36,735,low,approved,45611,call_center,true,874
app_20250111_00004035,2025-01-11 03:41:15,cust_3151378,FRID,cash_loan,43282,24,721,low,approved,43282,branch,false,674
app_20250111_00004036,2025-01-11 23:01:47,cust_2410088,ITMI,auto_loan,40117,60,665,medium,rejected,0,partner,false,134
app_20250111_00004037,2025-01-11 09:48:28,cust_6089095,NLAM,refinance,100503,240,745,low,approved,100503,mobile_app,false,422
app_20250111_00004038,2025-01-11 14:22:52,cust_6057143,CHBE,education_loan,25534,36,739,low,approved,25534,call_center,true,630
app_20250111_00004039,2025-01-11 15:07:44,cust_8775289,CHBE,auto_loan,25441,72,681,medium,approved,25441,branch,false,881
app_20250111_00004040,2025-01-11 07:19:25,cust_9300656,AUTR,cash_loan,27275,36,817,low,approved,27275,atm,false,683
app_20250111_00004041,2025-01-11 08:11:12,cust_5982560,BENL,credit_card,19536,36,675,medium,approved,19536,partner,false,862
app_20250111_00004042,2025-01-11 05:43:29,cust_3209246,PLWA,refinance,418910,360,496,high,rejected,0,branch,true,60
app_20250111_00004043,2025-01-11 09:28:36,cust_5831057,UKLO,credit_card,47486,12,850,low,approved,47486,mobile,true,483
app_20250111_00004044,2025-01-11 00:35:33,cust_8008068,BENL,mortgage,203546,120,782,low,approved,203546,web,false,579
app_20250111_00004045,2025-01-11 01:31:58,cust_7850778,SESV,refinance,199359,180,593,medium,approved,199359,branch,false,803
app_20250111_00004046,2025-01-11 14:11:42,cust_8029491,SESV,cash_loan,12794,12,716,low,approved,12794,atm,true,500
app_20250111_00004047,2025-01-11 18:45:11,cust_7577167,FRID,mortgage,268397,180,720,low,approved,268397,call_center,true,396
app_20250111_00004048,2025-01-11 01:28:38,cust_4234303,CZPR,credit_card,34642,48,850,low,approved,34642,mobile,true,623
app_20250111_00004049,2025-01-11 18:38:41,cust_7030350,FRID,personal_loan,40950,12,803,low,approved,40950,mobile,false,144
app_20250111_00004050,2025-01-11 22:46:22,cust_4738819,BENL,education_loan,39311,24,647,medium,approved,39311,call_center,false,233
app_20250111_00004051,2025-01-11 11:28:33,cust_5180238,CZPR,credit_card,47557,30,677,medium,rejected,0,online_banking,true,36
app_20250111_00004052,2025-01-11 21:42:58,cust_3107577,ATVI,personal_loan,42190,36,613,medium,approved,42190,partner,true,516
app_20250111_00004053,2025-01-11 03:38:24,cust_2298570,PORP,personal_loan,25923,18,843,low,rejected,0,branch,false,176
app_20250111_00004054,2025-01-11 17:31:03,cust_8356052,SESV,personal_loan,37916,48,647,medium,rejected,0,mobile,false,105
app_20250111_00004055,2025-01-11 23:47:00,cust_7027057,ESMA,education_loan,29468,24,688,medium,approved,29468,partner,false,604
app_20250111_00004056,2025-01-11 08:08:17,cust_5323182,NLAM,business_loan,37365,12,668,medium,approved,37365,web,true,438
app_20250111_00004057,2025-01-11 01:41:53,cust_6826110,AUTR,auto_loan,36745,72,692,medium,approved,36745,mobile_app,true,49
app_20250111_00004058,2025-01-11 22:55:09,cust_8277059,ITMI,business_loan,26228,60,563,medium,rejected,0,mobile_app,true,120
app_20250111_00004059,2025-01-11 09:14:22,cust_4465885,PLWA,personal_loan,42009,36,430,high,rejected,0,web,true,177
app_20250111_00004060,2025-01-11 19:17:23,cust_152061,GRRE,business_loan,13383,24,658,medium,approved,13383,partner,true,774
app_20250111_00004061,2025-01-11 22:28:08,cust_1281891,ITMI,credit_card,2503,36,610,medium,approved,2503,mobile,false,710
app_20250111_00004062,2025-01-11 17:41:39,cust_6006931,SESV,auto_loan,11067,36,839,low,approved,11067,web,true,109
app_20250111_00004063,2025-01-11 23:05:48,cust_4597324,GRRE,credit_card,36162,30,745,low,rejected,0,mobile_app,false,167
app_20250111_00004064,2025-01-11 01:03:52,cust_8656104,ESMA,refinance,464239,300,785,low,approved,464239,mobile,false,710
app_20250111_00004065,2025-01-11 08:05:34,cust_4501442,SESV,business_loan,30421,24,694,medium,approved,30421,call_center,false,297
app_20250111_00004066,2025-01-11 08:41:18,cust_6403208,BENL,personal_loan,37690,18,576,medium,rejected,0,online_banking,false,157
app_20250111_00004067,2025-01-11 03:58:14,cust_7053693,PORP,credit_card,37054,12,640,medium,approved,37054,web,true,653
app_20250111_00004068,2025-01-11 04:56:56,cust_471146,AUTR,business_loan,29703,12,616,medium,approved,29703,online_banking,false,827
app_20250111_00004069,2025-01-11 04:57:39,cust_2555423,BENL,personal_loan,25346,24,559,medium,rejected,0,call_center,false,111
app_20250111_00004070,2025-01-11 02:02:44,cust_3488817,PORP,auto_loan,54749,72,743,low,approved,54749,mobile_app,false,780
app_20250111_00004071,2025-01-11 14:02:14,cust_2159026,ITMI,personal_loan,4564,42,476,high,rejected,0,branch,true,35
app_20250111_00004072,2025-01-11 16:36:28,cust_4658811,ITMI,personal_loan,22014,42,789,low,approved,22014,mobile,false,816
app_20250111_00004073,2025-01-11 00:14:20,cust_8322060,SESV,mortgage,429420,180,640,medium,rejected,0,web,true,155
app_20250111_00004074,2025-01-11 12:52:56,cust_639722,FRID,business_loan,9489,24,784,low,approved,9489,mobile,true,487
app_20250111_00004075,2025-01-11 19:24:32,cust_4718973,PORP,education_loan,20385,12,692,medium,approved,20385,mobile,true,272
app_20250111_00004076,2025-01-11 22:02:34,cust_6423677,ESMA,auto_loan,42869,24,611,medium,approved,42869,call_center,false,337
app_20250111_00004077,2025-01-11 05:26:12,cust_5143789,BENL,business_loan,18803,60,663,medium,rejected,0,call_center,true,162
app_20250111_00004078,2025-01-11 14:05:31,cust_6528473,ITMI,refinance,103553,180,617,medium,approved,103553,mobile_app,false,858
app_20250111_00004079,2025-01-11 23:13:21,cust_3834338,UKLO,mortgage,53305,300,619,medium,approved,53305,partner,false,856
app_20250111_00004080,2025-01-11 08:19:58,cust_7936833,PLWA,business_loan,24367,24,712,low,rejected,0,partner,true,29
app_20250111_00004081,2025-01-11 21:26:17,cust_2228471,CZPR,auto_loan,7211,24,550,medium,rejected,0,mobile,true,31
app_20250111_00004082,2025-01-11 17:51:19,cust_6136286,ESMA,auto_loan,45212,72,656,medium,approved,45212,web,false,643
app_20250111_00004083,2025-01-11 02:31:56,cust_3700195,ITMI,education_loan,6639,12,666,medium,approved,6639,online_banking,true,112
app_20250111_00004084,2025-01-11 19:22:13,cust_6583097,ATVI,education_loan,22456,36,573,medium,approved,22456,call_center,true,189
app_20250111_00004085,2025-01-11 23:34:45,cust_1921840,DEHE,refinance,426545,300,608,medium,approved,426545,partner,false,467
app_20250111_00004086,2025-01-11 06:06:50,cust_8710439,SESV,mortgage,310357,360,731,low,rejected,0,online_banking,true,133
app_20250111_00004087,2025-01-11 19:32:22,cust_7009774,PORP,credit_card,9306,36,796,low,approved,9306,online_banking,true,171
app_20250111_00004088,2025-01-11 21:29:27,cust_4568178,PORP,credit_card,28337,30,752,low,approved,28337,partner,true,539
app_20250111_00004089,2025-01-11 08:21:39,cust_1558490,CZPR,auto_loan,15992,72,677,medium,approved,15992,call_center,true,700
app_20250111_00004090,2025-01-11 01:24:20,cust_6025307,UKLO,cash_loan,15011,48,679,medium,approved,15011,atm,true,509
app_20250111_00004091,2025-01-11 05:24:19,cust_2069681,ESMA,business_loan,31822,36,660,medium,approved,31822,branch,false,515
app_20250111_00004092,2025-01-11 11:07:52,cust_8977146,GRRE,mortgage,323174,240,426,high,rejected,0,online_banking,false,15
app_20250111_00004093,2025-01-11 09:44:31,cust_6878290,ATVI,personal_loan,34381,12,579,medium,approved,34381,call_center,false,368
app_20250111_00004094,2025-01-11 12:24:16,cust_4855100,PLWA,cash_loan,14786,30,673,medium,approved,14786,branch,true,407
app_20250111_00004095,2025-01-11 09:59:49,cust_4627188,CHBE,mortgage,178750,360,696,medium,approved,178750,partner,false,355
app_20250111_00004096,2025-01-11 15:07:34,cust_6234090,SESV,mortgage,220146,120,623,medium,rejected,0,web,false,99
app_20250111_00004097,2025-01-11 08:15:34,cust_6276735,ESMA,education_loan,6687,60,638,medium,approved,6687,partner,false,768
app_20250111_00004098,2025-01-11 22:26:38,cust_7736563,SESV,cash_loan,13549,12,726,low,approved,13549,call_center,true,248
app_20250111_00004099,2025-01-11 11:41:36,cust_2813723,SESV,business_loan,36310,12,667,medium,approved,36310,partner,true,354
app_20250111_00004100,2025-01-11 02:59:34,cust_3863192,PLWA,personal_loan,36669,18,490,high,rejected,0,partner,false,64
app_20250111_00004101,2025-01-11 22:56:04,cust_772323,NLAM,cash_loan,46151,42,758,low,approved,46151,atm,true,882
app_20250111_00004102,2025-01-11 14:18:09,cust_3032123,NLAM,auto_loan,36463,48,638,medium,approved,36463,call_center,false,202
app_20250111_00004103,2025-01-11 03:47:37,cust_1919199,DEHE,personal_loan,11449,30,635,medium,approved,11449,call_center,true,798
app_20250111_00004104,2025-01-11 19:51:02,cust_5989360,ATVI,personal_loan,12252,42,480,high,rejected,0,mobile,false,127
app_20250111_00004105,2025-01-11 00:25:14,cust_4719343,DEHE,credit_card,48273,48,710,low,approved,48273,branch,false,683
app_20250111_00004106,2025-01-11 23:47:02,cust_8955481,ESMA,personal_loan,9585,24,591,medium,approved,9585,branch,false,535
app_20250111_00004107,2025-01-11 20:49:55,cust_5810532,SESV,credit_card,34401,24,582,medium,approved,34401,atm,false,733
app_20250111_00004108,2025-01-11 17:08:44,cust_1533886,ITMI,mortgage,476509,240,727,low,approved,476509,mobile_app,false,259
app_20250111_00004109,2025-01-11 01:49:24,cust_9635643,CZPR,auto_loan,23025,72,581,medium,rejected,0,partner,true,34
app_20250111_00004110,2025-01-11 00:27:18,cust_200407,ATVI,cash_loan,23563,24,692,medium,approved,23563,mobile_app,true,575
app_20250111_00004111,2025-01-11 08:38:16,cust_2209094,UKLO,cash_loan,48871,42,817,low,approved,48871,mobile,false,155
app_20250111_00004112,2025-01-11 11:31:33,cust_1161833,UKLO,mortgage,495356,240,538,medium,rejected,0,mobile_app,true,44
app_20250111_00004113,2025-01-11 12:38:37,cust_2132486,PORP,auto_loan,22887,36,812,low,approved,22887,atm,true,625
app_20250111_00004114,2025-01-11 22:45:30,cust_4978675,PLWA,cash_loan,12113,36,699,medium,approved,12113,web,true,734
app_20250111_00004115,2025-01-11 07:16:41,cust_6751339,NLAM,mortgage,491416,180,586,medium,rejected,0,online_banking,false,38
app_20250111_00004116,2025-01-11 13:39:34,cust_5931645,ITMI,mortgage,104544,300,679,medium,rejected,0,mobile,false,155
app_20250111_00004117,2025-01-11 08:46:09,cust_2963755,UKLO,education_loan,10492,60,743,low,approved,10492,online_banking,true,476
app_20250111_00004118,2025-01-11 04:39:37,cust_8707420,ITMI,business_loan,11590,24,642,medium,approved,11590,mobile_app,false,766
app_20250111_00004119,2025-01-11 15:52:09,cust_6999357,PORP,refinance,384270,180,595,medium,rejected,0,branch,false,68
app_20250111_00004120,2025-01-11 09:16:58,cust_9788798,ESMA,refinance,85206,240,652,medium,approved,85206,web,false,171
app_20250111_00004121,2025-01-11 10:35:57,cust_6141933,PLWA,personal_loan,39371,48,718,low,approved,39371,call_center,false,411
app_20250111_00004122,2025-01-11 05:10:47,cust_1505242,BENL,education_loan,2765,36,607,medium,rejected,0,call_center,true,172
app_20250111_00004123,2025-01-11 07:06:00,cust_201774,ITMI,cash_loan,48402,18,559,medium,rejected,0,mobile,false,22
app_20250111_00004124,2025-01-11 21:14:46,cust_5621887,DEHE,business_loan,17763,48,643,medium,approved,17763,mobile,false,437
app_20250111_00004125,2025-01-11 18:57:28,cust_9400426,PORP,business_loan,38950,24,555,medium,rejected,0,branch,false,170
app_20250111_00004126,2025-01-11 14:53:52,cust_3720593,FRID,auto_loan,33230,24,735,low,approved,33230,partner,true,353
app_20250111_00004127,2025-01-11 03:01:31,cust_8273955,GRRE,education_loan,12042,48,730,low,approved,12042,mobile,true,430
app_20250111_00004128,2025-01-11 12:43:33,cust_8794180,UKLO,auto_loan,26005,24,850,low,approved,26005,partner,false,195
app_20250111_00004129,2025-01-11 01:03:50,cust_4565383,AUTR,cash_loan,40947,30,710,low,approved,40947,online_banking,true,90
app_20250111_00004130,2025-01-11 23:55:50,cust_9984358,PORP,personal_loan,6954,48,560,medium,approved,6954,call_center,true,700
app_20250111_00004131,2025-01-11 18:48:07,cust_6156305,PORP,cash_loan,35759,42,658,medium,rejected,0,branch,true,46
app_20250111_00004132,2025-01-11 18:57:13,cust_861020,GRRE,refinance,217243,300,637,medium,rejected,0,partner,false,21
app_20250111_00004133,2025-01-11 21:23:34,cust_206120,FRID,credit_card,5717,42,819,low,approved,5717,partner,false,846
app_20250111_00004134,2025-01-11 03:20:55,cust_3214150,NLAM,credit_card,19113,12,494,high,rejected,0,call_center,true,18
app_20250111_00004135,2025-01-11 20:11:27,cust_1854954,GRRE,education_loan,36503,24,721,low,approved,36503,branch,true,671
app_20250111_00004136,2025-01-11 21:36:53,cust_8413706,BENL,refinance,410690,240,741,low,approved,410690,mobile_app,false,234
app_20250111_00004137,2025-01-11 11:59:09,cust_1387492,GRRE,education_loan,20850,48,725,low,approved,20850,online_banking,true,287
app_20250111_00004138,2025-01-11 19:21:26,cust_2487886,NLAM,mortgage,430315,360,850,low,rejected,0,mobile,false,45
app_20250111_00004139,2025-01-11 22:18:27,cust_2590185,DEHE,credit_card,42855,30,743,low,approved,42855,mobile,true,184
app_20250111_00004140,2025-01-11 14:00:33,cust_8973555,SESV,education_loan,30319,60,704,low,approved,30319,atm,true,498
app_20250111_00004141,2025-01-11 23:23:55,cust_459554,ITMI,auto_loan,20997,24,575,medium,approved,20997,mobile,false,844
app_20250111_00004142,2025-01-11 07:51:45,cust_1947864,SESV,refinance,382864,180,802,low,approved,382864,online_banking,false,259
app_20250111_00004143,2025-01-11 16:11:27,cust_858098,ITMI,cash_loan,39146,24,636,medium,approved,39146,branch,false,340
app_20250111_00004144,2025-01-11 15:55:59,cust_1319509,BENL,refinance,348839,240,575,medium,rejected,0,mobile,false,137
app_20250111_00004145,2025-01-11 11:01:40,cust_9904530,GRRE,business_loan,10376,24,609,medium,rejected,0,web,true,67
app_20250111_00004146,2025-01-11 15:14:06,cust_5759722,SESV,business_loan,12978,60,437,high,rejected,0,mobile_app,true,70
app_20250111_00004147,2025-01-11 00:50:51,cust_9205622,PLWA,refinance,147137,300,720,low,rejected,0,online_banking,false,84
app_20250111_00004148,2025-01-11 10:33:42,cust_566861,ITMI,credit_card,26301,36,786,low,approved,26301,mobile,false,571
app_20250111_00004149,2025-01-11 01:11:41,cust_6018582,GRRE,credit_card,47855,30,795,low,approved,47855,web,true,178
app_20250111_00004150,2025-01-11 20:51:31,cust_3560018,BENL,personal_loan,28009,36,602,medium,approved,28009,branch,true,702
app_20250111_00004151,2025-01-11 15:55:47,cust_6390622,DEHE,mortgage,142936,180,686,medium,approved,142936,call_center,true,105
app_20250111_00004152,2025-01-11 06:27:35,cust_3065315,FRID,refinance,290040,180,769,low,approved,290040,partner,false,848
app_20250111_00004153,2025-01-11 20:16:55,cust_4357488,SESV,education_loan,17203,48,663,medium,approved,17203,call_center,true,579
app_20250111_00004154,2025-01-11 20:02:28,cust_597492,ESMA,mortgage,300709,120,568,medium,approved,300709,web,false,677
app_20250111_00004155,2025-01-11 06:03:56,cust_1128184,FRID,business_loan,37396,48,609,medium,approved,37396,partner,false,428
app_20250111_00004156,2025-01-11 00:03:15,cust_6161673,CHBE,credit_card,3182,30,617,medium,approved,3182,partner,true,67
app_20250111_00004157,2025-01-11 16:40:24,cust_3464524,UKLO,refinance,353361,240,683,medium,approved,353361,call_center,true,698
app_20250111_00004158,2025-01-11 22:39:09,cust_9068768,AUTR,credit_card,34916,12,619,medium,approved,34916,call_center,false,730
app_20250111_00004159,2025-01-11 18:26:53,cust_8421533,CZPR,business_loan,7746,48,744,low,approved,7746,online_banking,false,791
app_20250111_00004160,2025-01-11 23:54:46,cust_3614086,AUTR,cash_loan,2726,24,723,low,approved,2726,partner,true,71
app_20250111_00004161,2025-01-11 01:23:03,cust_4634565,AUTR,credit_card,20472,24,742,low,approved,20472,mobile_app,false,631
app_20250111_00004162,2025-01-11 11:23:02,cust_4994654,NLAM,education_loan,10791,24,652,medium,rejected,0,web,false,75
app_20250111_00004163,2025-01-11 22:36:31,cust_2698568,ITMI,personal_loan,14778,30,710,low,rejected,0,web,false,104
app_20250111_00004164,2025-01-11 22:00:36,cust_1748951,ESMA,refinance,320801,180,536,medium,rejected,0,online_banking,true,142
app_20250111_00004165,2025-01-11 15:31:49,cust_1799086,ITMI,cash_loan,41544,42,756,low,approved,41544,partner,true,301
app_20250111_00004166,2025-01-11 02:50:02,cust_7915899,AUTR,mortgage,205725,360,643,medium,rejected,0,online_banking,true,167
app_20250111_00004167,2025-01-11 06:30:54,cust_9414467,AUTR,personal_loan,33914,48,788,low,approved,33914,branch,false,100
app_20250111_00004168,2025-01-11 18:48:02,cust_8794615,ITMI,business_loan,17112,12,659,medium,approved,17112,web,true,448
app_20250111_00004169,2025-01-11 00:28:00,cust_6383541,NLAM,credit_card,21797,42,409,high,rejected,0,online_banking,false,37
app_20250111_00004170,2025-01-11 10:49:31,cust_4941295,BENL,business_loan,2055,24,484,high,rejected,0,web,false,119
app_20250111_00004171,2025-01-11 19:04:34,cust_4946521,BENL,cash_loan,38897,18,765,low,approved,38897,web,false,695
app_20250111_00004172,2025-01-11 02:17:56,cust_5095875,ESMA,personal_loan,41276,48,678,medium,approved,41276,mobile,true,255
app_20250111_00004173,2025-01-11 21:57:19,cust_5944652,UKLO,refinance,330824,300,654,medium,rejected,0,online_banking,false,76
app_20250111_00004174,2025-01-11 16:51:30,cust_1086318,SESV,mortgage,446678,180,609,medium,rejected,0,call_center,false,128
app_20250111_00004175,2025-01-11 16:48:56,cust_1177049,ITMI,personal_loan,36499,36,615,medium,approved,36499,web,true,770
app_20250111_00004176,2025-01-11 20:20:05,cust_3240621,UKLO,cash_loan,11537,48,712,low,approved,11537,mobile,false,492
app_20250111_00004177,2025-01-11 08:40:11,cust_9147954,ESMA,refinance,304014,300,618,medium,approved,304014,online_banking,true,139
app_20250111_00004178,2025-01-11 04:05:08,cust_3962077,ATVI,business_loan,30015,24,656,medium,rejected,0,call_center,false,43
app_20250111_00004179,2025-01-11 15:55:10,cust_5733300,PORP,refinance,205739,120,632,medium,rejected,0,branch,false,140
app_20250111_00004180,2025-01-11 07:17:01,cust_2783331,PORP,auto_loan,30220,72,717,low,approved,30220,partner,true,793
app_20250111_00004181,2025-01-11 22:59:10,cust_7553027,UKLO,mortgage,309654,300,595,medium,rejected,0,atm,false,14
app_20250111_00004182,2025-01-11 04:34:57,cust_5404756,PORP,business_loan,10385,12,563,medium,approved,10385,mobile_app,false,282
app_20250111_00004183,2025-01-11 23:23:26,cust_4753994,NLAM,cash_loan,46371,36,749,low,approved,46371,partner,false,300
app_20250111_00004184,2025-01-11 00:38:22,cust_6566332,BENL,refinance,398503,120,671,medium,approved,398503,atm,true,717
app_20250111_00004185,2025-01-11 08:47:44,cust_4357606,ESMA,credit_card,12271,36,806,low,approved,12271,mobile,true,552
app_20250111_00004186,2025-01-11 05:11:30,cust_4332988,PORP,personal_loan,39742,42,769,low,approved,39742,mobile,true,238
app_20250111_00004187,2025-01-11 23:51:51,cust_1677560,DEHE,education_loan,32250,24,850,low,approved,32250,mobile_app,true,153
app_20250111_00004188,2025-01-11 18:48:30,cust_7608111,NLAM,auto_loan,42675,24,620,medium,rejected,0,mobile_app,true,104
app_20250111_00004189,2025-01-11 06:36:29,cust_6289985,FRID,education_loan,30259,48,542,medium,approved,30259,call_center,false,848
app_20250111_00004190,2025-01-11 22:07:27,cust_1733571,NLAM,auto_loan,17944,48,649,medium,approved,17944,online_banking,false,433
app_20250111_00004191,2025-01-11 05:46:12,cust_1423025,DEHE,credit_card,8291,48,547,medium,approved,8291,partner,false,56
app_20250111_00004192,2025-01-11 02:57:36,cust_5742726,CHBE,cash_loan,14234,18,647,medium,approved,14234,branch,false,323
app_20250111_00004193,2025-01-11 23:06:37,cust_5205672,PLWA,credit_card,22058,12,655,medium,approved,22058,web,true,653
app_20250111_00004194,2025-01-11 06:04:11,cust_6380796,CZPR,mortgage,165872,300,488,high,rejected,0,call_center,true,51
app_20250111_00004195,2025-01-11 22:12:21,cust_5484834,NLAM,refinance,115705,360,721,low,approved,115705,atm,true,546
app_20250111_00004196,2025-01-11 22:11:00,cust_3542008,ITMI,auto_loan,32403,72,607,medium,approved,32403,partner,true,412
app_20250111_00004197,2025-01-11 17:11:22,cust_5224597,CHBE,business_loan,30310,60,562,medium,approved,30310,mobile,true,514
app_20250111_00004198,2025-01-11 00:26:50,cust_5308241,ATVI,personal_loan,7647,12,592,medium,rejected,0,partner,false,91
app_20250111_00004199,2025-01-11 21:38:23,cust_8171065,FRID,education_loan,39405,24,653,medium,approved,39405,mobile,false,374
app_20250111_00004200,2025-01-11 08:54:42,cust_6849757,CZPR,education_loan,25496,12,459,high,rejected,0,mobile,true,83
app_20250111_00004201,2025-01-11 03:45:16,cust_6071435,PLWA,refinance,335553,360,696,medium,rejected,0,mobile,true,33
app_20250111_00004202,2025-01-11 05:48:02,cust_4635124,GRRE,mortgage,382249,180,690,medium,rejected,0,mobile_app,true,169
app_20250111_00004203,2025-01-11 10:49:19,cust_424900,UKLO,credit_card,1978,30,680,medium,approved,1978,online_banking,true,509
app_20250111_00004204,2025-01-11 06:03:11,cust_659995,PORP,mortgage,59212,120,623,medium,rejected,0,atm,true,73
app_20250111_00004205,2025-01-11 23:02:50,cust_7193292,ITMI,personal_loan,35893,42,579,medium,approved,35893,branch,true,880
app_20250111_00004206,2025-01-11 15:25:43,cust_5400896,AUTR,mortgage,210453,300,696,medium,approved,210453,call_center,true,489
app_20250111_00004207,2025-01-11 10:03:06,cust_9395676,BENL,refinance,415076,180,512,medium,approved,415076,atm,true,396
app_20250111_00004208,2025-01-11 23:58:25,cust_9871927,ATVI,business_loan,14828,12,724,low,approved,14828,web,true,862
app_20250111_00004209,2025-01-11 14:56:23,cust_107423,CHBE,auto_loan,7204,48,452,high,rejected,0,mobile_app,true,112
app_20250111_00004210,2025-01-11 06:26:51,cust_898117,ITMI,cash_loan,5847,48,643,medium,approved,5847,atm,true,237
app_20250111_00004211,2025-01-11 21:40:40,cust_8331684,AUTR,refinance,276068,120,848,low,approved,276068,call_center,false,467
app_20250111_00004212,2025-01-11 18:05:42,cust_1347344,NLAM,credit_card,2971,48,764,low,approved,2971,atm,true,405
app_20250111_00004213,2025-01-11 16:36:12,cust_5344302,AUTR,auto_loan,16843,36,705,low,approved,16843,call_center,false,716
app_20250111_00004214,2025-01-11 03:37:53,cust_384241,CZPR,personal_loan,43403,18,572,medium,approved,43403,mobile_app,true,285
app_20250111_00004215,2025-01-11 06:17:13,cust_4297763,BENL,credit_card,3929,48,560,medium,approved,3929,web,true,539
app_20250111_00004216,2025-01-11 13:25:33,cust_6658262,UKLO,auto_loan,8119,60,639,medium,rejected,0,mobile,true,161
app_20250111_00004217,2025-01-11 18:54:39,cust_4103159,NLAM,education_loan,12380,24,761,low,approved,12380,call_center,true,117
app_20250111_00004218,2025-01-11 22:30:20,cust_6598672,ESMA,credit_card,13692,12,649,medium,approved,13692,atm,false,160
app_20250111_00004219,2025-01-11 07:08:10,cust_1900510,BENL,mortgage,327341,180,624,medium,rejected,0,atm,true,52
app_20250111_00004220,2025-01-11 23:43:01,cust_2459339,BENL,refinance,428894,120,667,medium,approved,428894,branch,false,751
app_20250111_00004221,2025-01-11 09:39:31,cust_2430235,ITMI,personal_loan,17498,24,628,medium,approved,17498,mobile_app,true,364
app_20250111_00004222,2025-01-11 03:16:43,cust_633203,AUTR,credit_card,17894,42,676,medium,approved,17894,web,false,631
app_20250111_00004223,2025-01-11 01:37:21,cust_8724665,ESMA,business_loan,11492,60,755,low,approved,11492,mobile_app,false,259
app_20250111_00004224,2025-01-11 06:23:50,cust_3397069,SESV,cash_loan,49399,18,839,low,approved,49399,web,true,463
app_20250111_00004225,2025-01-11 15:45:49,cust_1569293,ESMA,mortgage,137618,120,842,low,approved,137618,mobile,true,67
app_20250111_00004226,2025-01-11 12:56:31,cust_9849383,ITMI,business_loan,38114,12,658,medium,rejected,0,partner,false,33
app_20250111_00004227,2025-01-11 06:38:52,cust_6374863,BENL,auto_loan,23619,36,694,medium,approved,23619,online_banking,false,325
app_20250111_00004228,2025-01-11 01:00:59,cust_9155892,PLWA,cash_loan,9077,30,558,medium,approved,9077,call_center,false,520
app_20250111_00004229,2025-01-11 17:59:34,cust_6588896,PORP,credit_card,39803,42,549,medium,approved,39803,partner,true,347
app_20250111_00004230,2025-01-11 07:05:17,cust_8693966,PORP,mortgage,422442,360,555,medium,rejected,0,atm,true,10
app_20250111_00004231,2025-01-11 19:38:54,cust_395277,PLWA,business_loan,7963,12,500,medium,rejected,0,web,false,150
app_20250111_00004232,2025-01-11 16:49:07,cust_324984,PLWA,cash_loan,1239,12,412,high,rejected,0,atm,false,79
app_20250111_00004233,2025-01-11 03:16:46,cust_3490080,GRRE,refinance,60298,360,583,medium,rejected,0,web,false,28
app_20250111_00004234,2025-01-11 18:19:35,cust_1285443,GRRE,mortgage,427605,360,607,medium,approved,427605,atm,true,789
app_20250111_00004235,2025-01-11 03:23:31,cust_9325518,PLWA,business_loan,8925,24,695,medium,approved,8925,mobile_app,true,757
app_20250111_00004236,2025-01-11 07:33:53,cust_7856831,GRRE,personal_loan,5235,36,658,medium,approved,5235,mobile,true,102
app_20250111_00004237,2025-01-11 05:44:13,cust_802317,UKLO,business_loan,34445,36,735,low,approved,34445,branch,false,897
app_20250111_00004238,2025-01-11 01:46:29,cust_5258137,ATVI,business_loan,9304,36,814,low,approved,9304,call_center,false,409
app_20250111_00004239,2025-01-11 13:39:35,cust_4263421,UKLO,auto_loan,7294,60,520,medium,approved,7294,online_banking,false,712
app_20250111_00004240,2025-01-11 06:31:49,cust_6352381,AUTR,refinance,246218,240,730,low,approved,246218,branch,false,838
app_20250111_00004241,2025-01-11 12:12:25,cust_129306,ITMI,mortgage,452086,360,768,low,approved,452086,online_banking,true,551
app_20250111_00004242,2025-01-11 08:46:41,cust_5185756,BENL,credit_card,45134,30,642,medium,approved,45134,online_banking,true,776
app_20250111_00004243,2025-01-11 08:53:31,cust_6812009,NLAM,business_loan,14713,12,596,medium,approved,14713,atm,true,124
app_20250111_00004244,2025-01-11 07:20:26,cust_1455116,SESV,credit_card,30955,48,693,medium,approved,30955,branch,true,747
app_20250111_00004245,2025-01-11 06:14:45,cust_3566498,ESMA,mortgage,416642,180,560,medium,approved,416642,mobile_app,false,381
app_20250111_00004246,2025-01-11 03:41:28,cust_2822870,PORP,auto_loan,7428,60,672,medium,rejected,0,online_banking,false,25
app_20250111_00004247,2025-01-11 10:29:56,cust_6405169,ITMI,refinance,271074,120,774,low,approved,271074,call_center,false,299
app_20250111_00004248,2025-01-11 17:59:24,cust_8999098,UKLO,business_loan,20777,48,695,medium,approved,20777,partner,true,206
app_20250111_00004249,2025-01-11 12:50:17,cust_7711351,PLWA,credit_card,37146,48,751,low,approved,37146,online_banking,true,234
app_20250111_00004250,2025-01-11 10:44:26,cust_1633936,UKLO,personal_loan,28859,12,684,medium,rejected,0,partner,true,46
app_20250111_00004251,2025-01-11 07:04:55,cust_2088967,FRID,credit_card,27242,42,612,medium,approved,27242,mobile,false,636
app_20250111_00004252,2025-01-11 14:28:24,cust_9616412,PLWA,personal_loan,2666,30,711,low,approved,2666,atm,true,723
app_20250111_00004253,2025-01-11 01:09:35,cust_1484902,CHBE,refinance,346030,360,553,medium,rejected,0,mobile,true,88
app_20250111_00004254,2025-01-11 08:09:03,cust_4524109,CZPR,mortgage,314093,180,683,medium,approved,314093,partner,true,614
app_20250111_00004255,2025-01-11 09:02:40,cust_3228694,DEHE,business_loan,2367,24,496,high,rejected,0,call_center,true,53
app_20250111_00004256,2025-01-11 19:53:25,cust_2565477,CHBE,refinance,64467,300,634,medium,rejected,0,atm,false,161
app_20250111_00004257,2025-01-11 09:20:35,cust_1778204,DEHE,personal_loan,39257,18,841,low,approved,39257,atm,true,73
app_20250111_00004258,2025-01-11 13:40:14,cust_3130055,AUTR,auto_loan,42641,60,513,medium,rejected,0,mobile_app,true,125
app_20250111_00004259,2025-01-11 18:52:41,cust_4879304,PORP,education_loan,19389,24,591,medium,rejected,0,atm,true,46
app_20250111_00004260,2025-01-11 21:05:31,cust_9127981,PLWA,education_loan,18674,36,631,medium,rejected,0,online_banking,false,121
app_20250111_00004261,2025-01-11 08:49:14,cust_2350550,SESV,credit_card,35347,48,547,medium,rejected,0,atm,false,98
app_20250111_00004262,2025-01-11 03:18:29,cust_5874289,CHBE,personal_loan,15947,24,343,high,rejected,0,mobile,false,145
app_20250111_00004263,2025-01-11 01:01:36,cust_9616730,PLWA,mortgage,227037,120,697,medium,rejected,0,atm,false,11
app_20250111_00004264,2025-01-11 01:33:56,cust_7502555,UKLO,education_loan,24490,36,657,medium,approved,24490,mobile_app,false,43
app_20250111_00004265,2025-01-11 09:50:53,cust_6360136,ITMI,auto_loan,16415,48,694,medium,approved,16415,online_banking,true,831
app_20250111_00004266,2025-01-11 00:31:19,cust_4214617,ATVI,credit_card,20560,48,791,low,approved,20560,call_center,false,242
app_20250111_00004267,2025-01-11 17:38:42,cust_9374389,CZPR,business_loan,29359,60,632,medium,approved,29359,mobile_app,false,669
app_20250111_00004268,2025-01-11 01:11:58,cust_4784631,GRRE,cash_loan,46157,18,491,high,rejected,0,partner,true,70
app_20250111_00004269,2025-01-11 02:02:16,cust_5215478,GRRE,cash_loan,7748,48,682,medium,approved,7748,branch,true,883
app_20250111_00004270,2025-01-11 06:51:13,cust_3150881,CZPR,personal_loan,38234,30,475,high,rejected,0,atm,true,45
app_20250111_00004271,2025-01-11 11:55:17,cust_2454157,UKLO,credit_card,7598,30,674,medium,rejected,0,mobile,true,170
app_20250111_00004272,2025-01-11 15:55:17,cust_1181476,SESV,cash_loan,10812,48,635,medium,rejected,0,mobile,false,134
app_20250111_00004273,2025-01-11 10:32:07,cust_9864625,GRRE,refinance,356122,300,653,medium,approved,356122,branch,false,204
app_20250111_00004274,2025-01-11 23:29:43,cust_9027250,ATVI,auto_loan,37304,24,750,low,rejected,0,call_center,false,155
app_20250111_00004275,2025-01-11 17:08:59,cust_2265202,SESV,credit_card,34765,12,750,low,approved,34765,web,true,159
app_20250111_00004276,2025-01-11 01:06:12,cust_1645655,SESV,business_loan,13380,36,504,medium,rejected,0,mobile_app,true,48
app_20250111_00004277,2025-01-11 09:17:16,cust_8289452,BENL,mortgage,221617,240,638,medium,approved,221617,online_banking,false,568
app_20250111_00004278,2025-01-11 23:43:00,cust_495617,CHBE,business_loan,7244,48,557,medium,rejected,0,partner,true,95
app_20250111_00004279,2025-01-11 09:18:13,cust_1791236,GRRE,education_loan,4320,36,675,medium,approved,4320,mobile,false,556
app_20250111_00004280,2025-01-11 21:32:12,cust_9914243,PORP,refinance,173340,300,539,medium,approved,173340,atm,false,143
app_20250111_00004281,2025-01-11 21:52:43,cust_4725388,NLAM,mortgage,357495,180,600,medium,rejected,0,call_center,false,124
app_20250111_00004282,2025-01-11 17:21:13,cust_1546746,SESV,credit_card,30463,12,850,low,approved,30463,branch,false,482
app_20250111_00004283,2025-01-11 21:57:55,cust_6343937,SESV,personal_loan,40283,42,628,medium,approved,40283,mobile,true,886
app_20250111_00004284,2025-01-11 13:56:19,cust_2303903,FRID,auto_loan,10740,24,604,medium,approved,10740,mobile,true,641
app_20250111_00004285,2025-01-11 09:12:00,cust_8109782,CZPR,education_loan,32758,60,574,medium,approved,32758,web,false,512
app_20250111_00004286,2025-01-11 11:14:03,cust_9886885,UKLO,business_loan,25040,60,549,medium,approved,25040,online_banking,false,404
app_20250111_00004287,2025-01-11 00:27:12,cust_3483544,ITMI,refinance,285158,300,611,medium,approved,285158,online_banking,false,837
app_20250111_00004288,2025-01-11 07:42:49,cust_9173779,DEHE,auto_loan,25676,72,813,low,approved,25676,mobile_app,true,445
app_20250111_00004289,2025-01-11 14:44:53,cust_2893434,ATVI,education_loan,16876,12,672,medium,approved,16876,mobile_app,true,107
app_20250111_00004290,2025-01-11 18:44:42,cust_7538866,ITMI,refinance,413918,360,619,medium,approved,413918,web,false,450
app_20250111_00004291,2025-01-11 18:08:07,cust_7350221,ESMA,personal_loan,30441,24,784,low,approved,30441,branch,true,248
app_20250111_00004292,2025-01-11 15:41:01,cust_7844934,CHBE,mortgage,187811,240,640,medium,rejected,0,call_center,false,53
app_20250111_00004293,2025-01-11 05:06:12,cust_6717846,NLAM,credit_card,21346,12,666,medium,approved,21346,mobile,false,504
app_20250111_00004294,2025-01-11 05:00:41,cust_9520925,SESV,refinance,326502,240,689,medium,rejected,0,branch,false,137
app_20250111_00004295,2025-01-11 14:25:28,cust_4753055,SESV,cash_loan,20205,36,471,high,rejected,0,atm,false,146
app_20250111_00004296,2025-01-11 11:59:50,cust_8309181,PORP,cash_loan,12228,18,560,medium,rejected,0,call_center,true,89
app_20250111_00004297,2025-01-11 12:46:44,cust_4825386,ESMA,refinance,420926,300,708,low,approved,420926,web,false,513
app_20250111_00004298,2025-01-11 21:03:49,cust_4585654,FRID,business_loan,15438,36,673,medium,approved,15438,online_banking,false,705
app_20250111_00004299,2025-01-11 09:56:30,cust_194910,ITMI,cash_loan,17702,18,681,medium,rejected,0,partner,false,98
app_20250111_00004300,2025-01-11 06:21:47,cust_5530093,AUTR,cash_loan,10747,48,746,low,approved,10747,mobile,false,378
app_20250111_00004301,2025-01-11 10:25:00,cust_8504816,ITMI,education_loan,7813,36,632,medium,approved,7813,mobile,true,556
app_20250111_00004302,2025-01-11 06:36:23,cust_6733314,PORP,business_loan,10902,36,661,medium,approved,10902,partner,false,470
app_20250111_00004303,2025-01-11 09:30:12,cust_8721129,CHBE,credit_card,45955,18,561,medium,rejected,0,branch,true,22
app_20250111_00004304,2025-01-11 11:13:20,cust_8138548,DEHE,personal_loan,3733,24,760,low,approved,3733,partner,false,105
app_20250111_00004305,2025-01-11 00:51:24,cust_8623361,AUTR,cash_loan,30369,24,717,low,approved,30369,online_banking,true,651
app_20250111_00004306,2025-01-11 04:29:31,cust_3842249,NLAM,auto_loan,45178,60,760,low,approved,45178,branch,false,43
app_20250111_00004307,2025-01-11 15:20:13,cust_8888994,ITMI,credit_card,6745,12,573,medium,rejected,0,partner,false,128
app_20250111_00004308,2025-01-11 16:17:27,cust_8501028,GRRE,personal_loan,28922,42,653,medium,approved,28922,mobile,true,685
app_20250111_00004309,2025-01-11 04:37:00,cust_7260464,DEHE,personal_loan,30229,42,686,medium,approved,30229,call_center,false,815
app_20250111_00004310,2025-01-11 10:01:07,cust_6837532,UKLO,cash_loan,47786,12,697,medium,rejected,0,branch,true,82
app_20250111_00004311,2025-01-11 04:21:07,cust_6326968,GRRE,personal_loan,42215,30,556,medium,rejected,0,branch,true,34
app_20250111_00004312,2025-01-11 05:23:53,cust_4803567,PLWA,business_loan,24682,36,655,medium,approved,24682,mobile_app,true,724
app_20250111_00004313,2025-01-11 21:32:34,cust_5899933,CZPR,education_loan,20257,48,640,medium,rejected,0,mobile,true,35
app_20250111_00004314,2025-01-11 04:30:21,cust_6632095,CZPR,refinance,400968,360,685,medium,rejected,0,web,false,103
app_20250111_00004315,2025-01-11 06:03:19,cust_2639340,AUTR,auto_loan,15235,72,735,low,approved,15235,call_center,false,709
app_20250111_00004316,2025-01-11 05:26:01,cust_2068943,BENL,business_loan,8457,24,751,low,approved,8457,online_banking,false,700
app_20250111_00004317,2025-01-11 16:21:15,cust_5477490,CHBE,cash_loan,16463,18,657,medium,rejected,0,branch,false,39
app_20250111_00004318,2025-01-11 08:37:52,cust_5937929,CZPR,mortgage,270196,120,691,medium,approved,270196,branch,false,735
app_20250111_00004319,2025-01-11 11:28:33,cust_1240305,ITMI,auto_loan,39911,60,692,medium,rejected,0,atm,false,163
app_20250111_00004320,2025-01-11 12:44:09,cust_3839199,PORP,auto_loan,46488,24,606,medium,approved,46488,mobile,true,751
app_20250111_00004321,2025-01-11 10:12:43,cust_5545792,PORP,credit_card,13359,30,802,low,approved,13359,atm,false,731
app_20250111_00004322,2025-01-11 12:27:22,cust_8700554,GRRE,mortgage,136747,300,763,low,approved,136747,online_banking,true,522
app_20250111_00004323,2025-01-11 05:38:28,cust_4180826,ATVI,auto_loan,41729,60,740,low,approved,41729,web,false,861
app_20250111_00004324,2025-01-11 01:33:25,cust_2302514,PLWA,personal_loan,8588,24,539,medium,approved,8588,call_center,true,63
app_20250111_00004325,2025-01-11 18:40:28,cust_6112696,DEHE,education_loan,12263,24,647,medium,approved,12263,call_center,true,601
app_20250111_00004326,2025-01-11 09:37:48,cust_4428921,PORP,personal_loan,5638,12,626,medium,approved,5638,branch,false,649
app_20250111_00004327,2025-01-11 12:18:31,cust_6683170,PORP,business_loan,37771,60,777,low,approved,37771,mobile,false,280
app_20250111_00004328,2025-01-11 23:40:31,cust_2851248,FRID,cash_loan,26792,30,604,medium,approved,26792,mobile_app,true,726
app_20250111_00004329,2025-01-11 05:43:36,cust_5649233,AUTR,auto_loan,14525,36,612,medium,approved,14525,call_center,false,158
app_20250111_00004330,2025-01-11 02:16:09,cust_2448045,AUTR,credit_card,19282,42,716,low,approved,19282,mobile,true,670
app_20250111_00004331,2025-01-11 19:32:20,cust_8565823,GRRE,refinance,191580,240,653,medium,approved,191580,web,true,143
app_20250111_00004332,2025-01-11 16:24:46,cust_411760,PLWA,business_loan,3729,60,718,low,rejected,0,branch,false,11
app_20250111_00004333,2025-01-11 04:17:13,cust_5225614,CHBE,business_loan,9497,12,653,medium,approved,9497,web,false,692
app_20250111_00004334,2025-01-11 16:46:14,cust_9161489,DEHE,credit_card,34612,18,574,medium,approved,34612,atm,false,347
app_20250111_00004335,2025-01-11 08:02:45,cust_9844382,ITMI,credit_card,8822,24,557,medium,approved,8822,call_center,true,59
app_20250111_00004336,2025-01-11 15:30:55,cust_9606478,BENL,auto_loan,38159,36,807,low,approved,38159,branch,true,186
app_20250111_00004337,2025-01-11 00:51:23,cust_2481984,CHBE,cash_loan,2913,48,531,medium,approved,2913,partner,false,752
app_20250111_00004338,2025-01-11 22:09:11,cust_4645609,ITMI,business_loan,29218,48,565,medium,rejected,0,mobile,true,81
app_20250111_00004339,2025-01-11 15:35:34,cust_1525563,PLWA,auto_loan,55566,36,697,medium,approved,55566,partner,false,616
app_20250111_00004340,2025-01-11 16:32:28,cust_4512811,DEHE,auto_loan,53656,72,533,medium,rejected,0,atm,true,76
app_20250111_00004341,2025-01-11 17:35:39,cust_6462361,BENL,education_loan,14058,60,530,medium,rejected,0,web,true,47
app_20250111_00004342,2025-01-11 07:50:42,cust_1469477,GRRE,mortgage,398571,300,713,low,approved,398571,online_banking,true,615
app_20250111_00004343,2025-01-11 14:19:43,cust_1736546,AUTR,refinance,398085,300,522,medium,approved,398085,partner,false,537
app_20250111_00004344,2025-01-11 02:09:55,cust_327755,UKLO,refinance,274674,180,521,medium,rejected,0,branch,false,167
app_20250111_00004345,2025-01-11 18:53:25,cust_3398346,PLWA,refinance,133207,120,841,low,approved,133207,atm,false,147
app_20250111_00004346,2025-01-11 04:10:19,cust_4141444,ATVI,personal_loan,36689,18,680,medium,approved,36689,web,false,399
app_20250111_00004347,2025-01-11 21:27:37,cust_9284157,SESV,refinance,357709,180,747,low,approved,357709,online_banking,true,235
app_20250111_00004348,2025-01-11 00:44:01,cust_1913691,PLWA,personal_loan,31964,30,628,medium,approved,31964,branch,false,263
app_20250111_00004349,2025-01-11 15:15:54,cust_1151035,SESV,credit_card,31710,36,771,low,approved,31710,online_banking,true,572
app_20250111_00004350,2025-01-11 08:11:22,cust_3564444,UKLO,business_loan,8257,60,725,low,approved,8257,mobile_app,true,102
app_20250111_00004351,2025-01-11 03:09:42,cust_6789534,ATVI,cash_loan,2438,42,585,medium,rejected,0,call_center,true,162
app_20250111_00004352,2025-01-11 18:53:01,cust_2381957,SESV,mortgage,181833,300,753,low,approved,181833,branch,true,314
app_20250111_00004353,2025-01-11 03:31:20,cust_6513962,SESV,education_loan,30507,48,507,medium,rejected,0,mobile_app,true,154
app_20250111_00004354,2025-01-11 23:09:52,cust_2926704,DEHE,business_loan,11733,48,663,medium,rejected,0,web,false,66
app_20250111_00004355,2025-01-11 23:34:48,cust_8273949,CHBE,business_loan,19504,24,692,medium,rejected,0,atm,true,69
app_20250111_00004356,2025-01-11 12:05:57,cust_5828513,GRRE,credit_card,19767,12,646,medium,approved,19767,call_center,false,558
app_20250111_00004357,2025-01-11 22:44:53,cust_2533306,PLWA,auto_loan,22699,48,795,low,approved,22699,online_banking,false,194
app_20250111_00004358,2025-01-11 09:12:41,cust_717801,FRID,auto_loan,10397,60,509,medium,rejected,0,call_center,true,34
app_20250111_00004359,2025-01-11 14:22:08,cust_3852557,SESV,business_loan,33097,48,593,medium,rejected,0,branch,true,96
app_20250111_00004360,2025-01-11 04:48:22,cust_3461350,NLAM,cash_loan,23088,18,778,low,approved,23088,mobile_app,false,868
app_20250111_00004361,2025-01-11 23:31:06,cust_2217638,AUTR,personal_loan,35916,12,708,low,approved,35916,call_center,true,435
app_20250111_00004362,2025-01-11 17:29:40,cust_6685193,FRID,personal_loan,33682,30,722,low,approved,33682,call_center,false,568
app_20250111_00004363,2025-01-11 20:51:19,cust_6357534,DEHE,cash_loan,9956,30,746,low,approved,9956,call_center,false,49
app_20250111_00004364,2025-01-11 16:05:55,cust_6642057,ITMI,personal_loan,49055,18,544,medium,rejected,0,partner,false,141
app_20250111_00004365,2025-01-11 18:07:28,cust_4810260,SESV,credit_card,11897,48,707,low,rejected,0,atm,false,88
app_20250111_00004366,2025-01-11 02:47:22,cust_9695601,SESV,cash_loan,15172,36,565,medium,approved,15172,mobile,false,706
app_20250111_00004367,2025-01-11 03:12:21,cust_7506832,BENL,refinance,65552,360,509,medium,rejected,0,mobile,false,90
app_20250111_00004368,2025-01-11 07:18:20,cust_9361980,SESV,personal_loan,17161,42,770,low,approved,17161,web,true,663
app_20250111_00004369,2025-01-11 09:07:17,cust_845756,ATVI,credit_card,37137,24,623,medium,approved,37137,web,true,839
app_20250111_00004370,2025-01-11 22:30:21,cust_3087781,SESV,refinance,408048,360,774,low,approved,408048,mobile_app,true,356
app_20250111_00004371,2025-01-11 07:19:17,cust_8470505,ITMI,mortgage,390333,360,727,low,approved,390333,mobile_app,true,823
app_20250111_00004372,2025-01-11 01:45:03,cust_6452911,PORP,refinance,73646,300,613,medium,approved,73646,mobile,false,294
app_20250111_00004373,2025-01-11 23:26:12,cust_1625545,DEHE,auto_loan,56135,24,545,medium,approved,56135,mobile_app,true,357
app_20250111_00004374,2025-01-11 07:01:32,cust_1490253,FRID,cash_loan,4843,42,524,medium,rejected,0,partner,false,166
app_20250111_00004375,2025-01-11 12:14:24,cust_2099160,PLWA,education_loan,7204,36,563,medium,rejected,0,atm,false,85
app_20250111_00004376,2025-01-11 21:13:57,cust_6494578,BENL,business_loan,4892,24,629,medium,approved,4892,atm,false,311
app_20250111_00004377,2025-01-11 00:18:46,cust_2699512,NLAM,auto_loan,25446,24,683,medium,approved,25446,online_banking,false,701
app_20250111_00004378,2025-01-11 22:12:22,cust_3227297,GRRE,credit_card,27286,24,554,medium,rejected,0,web,false,99
app_20250111_00004379,2025-01-11 07:59:39,cust_6553671,BENL,personal_loan,39492,42,561,medium,approved,39492,web,false,517
app_20250111_00004380,2025-01-11 16:01:54,cust_374146,GRRE,personal_loan,28227,18,662,medium,approved,28227,online_banking,true,641
app_20250111_00004381,2025-01-11 13:51:00,cust_758288,ITMI,mortgage,150225,300,566,medium,rejected,0,branch,false,154
app_20250111_00004382,2025-01-11 20:00:09,cust_8222792,CHBE,mortgage,92050,240,758,low,approved,92050,call_center,false,209
app_20250111_00004383,2025-01-11 07:52:06,cust_7351621,FRID,cash_loan,20610,30,673,medium,rejected,0,mobile_app,false,16
app_20250111_00004384,2025-01-11 14:09:42,cust_4910758,FRID,refinance,278072,360,673,medium,approved,278072,web,true,852
app_20250111_00004385,2025-01-11 09:56:00,cust_9063516,SESV,mortgage,246331,300,665,medium,rejected,0,partner,false,180
app_20250111_00004386,2025-01-11 06:09:51,cust_1693228,PLWA,education_loan,36095,24,654,medium,approved,36095,mobile_app,false,31
app_20250111_00004387,2025-01-11 19:46:03,cust_3230159,PORP,business_loan,2006,24,610,medium,rejected,0,mobile_app,true,75
app_20250111_00004388,2025-01-11 19:05:38,cust_7550926,GRRE,credit_card,31850,42,604,medium,rejected,0,online_banking,true,83
app_20250111_00004389,2025-01-11 00:43:25,cust_5926105,DEHE,credit_card,38653,36,602,medium,approved,38653,atm,false,292
app_20250111_00004390,2025-01-11 04:56:07,cust_7081103,CHBE,cash_loan,42855,24,693,medium,approved,42855,web,false,701
app_20250111_00004391,2025-01-11 16:33:18,cust_9651019,ITMI,personal_loan,14086,36,750,low,approved,14086,branch,false,880
app_20250111_00004392,2025-01-11 12:51:43,cust_6328279,CZPR,credit_card,11890,48,614,medium,approved,11890,web,true,395
app_20250111_00004393,2025-01-11 04:18:15,cust_1113852,AUTR,business_loan,25030,24,625,medium,approved,25030,mobile,true,684
app_20250111_00004394,2025-01-11 08:17:54,cust_9101158,PORP,cash_loan,10210,42,726,low,approved,10210,online_banking,false,894
app_20250111_00004395,2025-01-11 19:49:08,cust_4774232,PORP,business_loan,13522,60,707,low,approved,13522,partner,false,900
app_20250111_00004396,2025-01-11 07:10:06,cust_4729980,ATVI,personal_loan,42719,48,765,low,approved,42719,branch,true,109
app_20250111_00004397,2025-01-11 06:24:21,cust_8090447,FRID,mortgage,366789,240,598,medium,rejected,0,online_banking,false,143
app_20250111_00004398,2025-01-11 00:22:42,cust_3233507,PLWA,education_loan,35892,60,614,medium,approved,35892,web,true,53
app_20250111_00004399,2025-01-11 11:16:06,cust_2221198,SESV,personal_loan,42966,24,685,medium,approved,42966,partner,true,271
app_20250111_00004400,2025-01-11 18:07:17,cust_9147843,UKLO,cash_loan,23824,36,585,medium,approved,23824,atm,false,696
app_20250111_00004401,2025-01-11 04:02:19,cust_8752370,ATVI,mortgage,104114,120,658,medium,approved,104114,branch,false,136
app_20250111_00004402,2025-01-11 02:43:19,cust_1852739,ESMA,cash_loan,48375,18,654,medium,rejected,0,online_banking,true,176
app_20250111_00004403,2025-01-11 02:06:03,cust_7805341,ESMA,education_loan,4114,36,610,medium,rejected,0,online_banking,false,108
app_20250111_00004404,2025-01-11 15:41:18,cust_5307115,CZPR,personal_loan,47637,30,399,high,rejected,0,mobile_app,false,142
app_20250111_00004405,2025-01-11 08:33:45,cust_1219304,AUTR,cash_loan,34652,36,679,medium,approved,34652,call_center,true,538
app_20250111_00004406,2025-01-11 21:21:32,cust_6763379,PORP,mortgage,180185,120,714,low,approved,180185,mobile_app,false,301
app_20250111_00004407,2025-01-11 11:07:09,cust_6049842,NLAM,personal_loan,47920,36,700,low,approved,47920,mobile_app,false,537
app_20250111_00004408,2025-01-11 12:52:42,cust_9056583,UKLO,auto_loan,46483,72,741,low,approved,46483,mobile_app,true,280
app_20250111_00004409,2025-01-11 18:21:37,cust_8276525,PLWA,credit_card,46381,30,506,medium,rejected,0,mobile_app,false,172
app_20250111_00004410,2025-01-11 10:22:24,cust_4543930,FRID,mortgage,448874,180,505,medium,approved,448874,atm,false,595
app_20250111_00004411,2025-01-11 13:18:23,cust_8835458,AUTR,auto_loan,38061,24,653,medium,rejected,0,mobile,true,174
app_20250111_00004412,2025-01-11 03:02:29,cust_3616222,DEHE,personal_loan,20697,42,683,medium,approved,20697,atm,true,387
app_20250111_00004413,2025-01-11 23:19:19,cust_5134752,CZPR,business_loan,22731,24,682,medium,approved,22731,mobile,false,297
app_20250111_00004414,2025-01-11 23:06:46,cust_6153883,NLAM,credit_card,43197,18,715,low,approved,43197,branch,false,567
app_20250111_00004415,2025-01-11 05:53:29,cust_694925,CHBE,education_loan,19498,36,646,medium,approved,19498,mobile_app,true,342
app_20250111_00004416,2025-01-11 08:58:30,cust_3679300,CHBE,education_loan,6051,60,806,low,approved,6051,atm,true,885
app_20250111_00004417,2025-01-11 02:01:53,cust_1324323,CZPR,auto_loan,47541,48,850,low,approved,47541,online_banking,false,648
app_20250111_00004418,2025-01-11 21:18:57,cust_5820970,AUTR,refinance,379298,300,648,medium,rejected,0,call_center,false,75
app_20250111_00004419,2025-01-11 22:53:11,cust_3493970,BENL,refinance,138681,360,601,medium,approved,138681,partner,true,728
app_20250111_00004420,2025-01-11 07:04:50,cust_6150515,ITMI,auto_loan,18629,24,644,medium,approved,18629,mobile,false,682
app_20250111_00004421,2025-01-11 03:55:02,cust_8039407,CZPR,business_loan,6144,12,601,medium,approved,6144,call_center,true,682
app_20250111_00004422,2025-01-11 13:34:37,cust_8404813,PORP,refinance,432282,240,763,low,approved,432282,mobile_app,false,411
app_20250111_00004423,2025-01-11 04:45:49,cust_1899290,ESMA,education_loan,27796,48,659,medium,approved,27796,online_banking,true,490
app_20250111_00004424,2025-01-11 20:59:59,cust_7759307,AUTR,education_loan,33527,36,772,low,rejected,0,call_center,false,128
app_20250111_00004425,2025-01-11 19:08:05,cust_8381546,CHBE,mortgage,498490,120,832,low,approved,498490,mobile,false,577
app_20250111_00004426,2025-01-11 10:54:35,cust_1939003,UKLO,education_loan,5097,12,597,medium,rejected,0,branch,true,37
app_20250111_00004427,2025-01-11 13:38:22,cust_3143755,CHBE,refinance,447647,180,568,medium,rejected,0,web,true,45
app_20250111_00004428,2025-01-11 04:12:23,cust_3405139,ATVI,refinance,491218,120,777,low,approved,491218,online_banking,false,676
app_20250111_00004429,2025-01-11 15:17:11,cust_4169181,GRRE,cash_loan,8578,36,444,high,rejected,0,partner,true,25
app_20250111_00004430,2025-01-11 23:12:05,cust_2403772,AUTR,credit_card,6097,12,675,medium,approved,6097,partner,false,218
app_20250111_00004431,2025-01-11 03:40:17,cust_3271609,GRRE,mortgage,482905,360,540,medium,approved,482905,mobile,true,234
app_20250111_00004432,2025-01-11 04:22:21,cust_4434041,CZPR,refinance,221233,360,588,medium,rejected,0,call_center,false,36
app_20250111_00004433,2025-01-11 13:52:55,cust_2368772,SESV,personal_loan,27527,18,656,medium,approved,27527,web,false,514
app_20250111_00004434,2025-01-11 15:10:27,cust_8560944,CZPR,auto_loan,7366,72,692,medium,approved,7366,partner,false,196
app_20250111_00004435,2025-01-11 04:43:27,cust_3126823,ATVI,personal_loan,29720,42,850,low,approved,29720,partner,true,598
app_20250111_00004436,2025-01-11 23:11:59,cust_8616271,ITMI,business_loan,18367,60,818,low,approved,18367,branch,false,765
app_20250111_00004437,2025-01-11 16:32:52,cust_8154744,DEHE,education_loan,10944,48,547,medium,rejected,0,online_banking,false,135
app_20250111_00004438,2025-01-11 21:04:44,cust_2624713,FRID,credit_card,10834,42,581,medium,rejected,0,mobile,true,84
app_20250111_00004439,2025-01-11 18:47:30,cust_3734905,PLWA,refinance,417001,120,570,medium,approved,417001,online_banking,false,632
app_20250111_00004440,2025-01-11 17:48:32,cust_7694223,AUTR,mortgage,94412,300,755,low,approved,94412,call_center,true,361
app_20250111_00004441,2025-01-11 06:41:30,cust_1673417,FRID,auto_loan,36914,36,672,medium,approved,36914,partner,true,575
app_20250111_00004442,2025-01-11 08:09:21,cust_4863714,PLWA,credit_card,18020,48,665,medium,approved,18020,branch,false,671
app_20250111_00004443,2025-01-11 00:48:53,cust_5570624,GRRE,auto_loan,40728,24,734,low,approved,40728,mobile_app,true,464
app_20250111_00004444,2025-01-11 13:24:36,cust_6486453,DEHE,credit_card,39780,12,647,medium,approved,39780,partner,false,411
app_20250111_00004445,2025-01-11 21:57:12,cust_5110695,AUTR,mortgage,302523,180,543,medium,rejected,0,atm,true,61
app_20250111_00004446,2025-01-11 14:13:41,cust_3120815,CHBE,refinance,85648,120,850,low,rejected,0,partner,true,60
app_20250111_00004447,2025-01-11 13:53:50,cust_1476962,SESV,education_loan,35121,48,558,medium,approved,35121,call_center,true,611
app_20250111_00004448,2025-01-11 11:39:38,cust_8203122,CHBE,mortgage,298412,360,750,low,approved,298412,online_banking,true,167
app_20250111_00004449,2025-01-11 17:26:09,cust_8977036,PORP,business_loan,36469,12,773,low,rejected,0,mobile_app,true,16
app_20250111_00004450,2025-01-11 05:23:57,cust_4105309,GRRE,education_loan,28993,24,621,medium,approved,28993,call_center,true,759
app_20250111_00004451,2025-01-11 20:45:31,cust_4659701,ITMI,education_loan,34403,36,646,medium,approved,34403,mobile_app,true,787
app_20250111_00004452,2025-01-11 07:11:11,cust_9723101,AUTR,mortgage,277155,120,710,low,approved,277155,atm,true,467
app_20250111_00004453,2025-01-11 12:45:31,cust_6971780,CZPR,education_loan,4765,24,634,medium,rejected,0,mobile_app,false,67
app_20250111_00004454,2025-01-11 13:58:21,cust_9353341,CHBE,mortgage,95907,120,736,low,approved,95907,web,false,626
app_20250111_00004455,2025-01-11 17:57:53,cust_2690604,DEHE,personal_loan,22393,12,566,medium,approved,22393,partner,true,703
app_20250111_00004456,2025-01-11 10:00:13,cust_279346,PORP,credit_card,34552,12,588,medium,approved,34552,atm,false,309
app_20250111_00004457,2025-01-11 22:46:49,cust_6428293,PLWA,education_loan,9538,36,622,medium,approved,9538,atm,true,500
app_20250111_00004458,2025-01-11 07:50:58,cust_7661887,PORP,refinance,426481,360,675,medium,rejected,0,partner,true,89
app_20250111_00004459,2025-01-11 16:57:43,cust_5911115,PLWA,refinance,367727,300,850,low,approved,367727,online_banking,true,369
app_20250111_00004460,2025-01-11 10:32:41,cust_5531734,BENL,personal_loan,41585,24,524,medium,rejected,0,mobile,true,106
app_20250111_00004461,2025-01-11 21:26:16,cust_2731001,UKLO,business_loan,28638,24,683,medium,rejected,0,online_banking,true,135
app_20250111_00004462,2025-01-11 22:26:52,cust_8352159,SESV,credit_card,2424,18,554,medium,rejected,0,branch,true,139
app_20250111_00004463,2025-01-11 19:23:42,cust_8786831,ATVI,credit_card,39850,42,822,low,approved,39850,branch,false,246
app_20250111_00004464,2025-01-11 12:57:04,cust_9220561,AUTR,mortgage,59053,240,573,medium,approved,59053,call_center,true,530
app_20250111_00004465,2025-01-11 15:47:41,cust_3239337,FRID,refinance,391880,300,668,medium,approved,391880,mobile,false,522
app_20250111_00004466,2025-01-11 09:25:05,cust_6814586,ESMA,mortgage,388951,180,732,low,approved,388951,call_center,false,586
app_20250111_00004467,2025-01-11 05:19:29,cust_4013203,UKLO,credit_card,23055,42,623,medium,approved,23055,branch,true,621
app_20250111_00004468,2025-01-11 15:05:02,cust_6685469,ESMA,mortgage,329837,180,583,medium,approved,329837,mobile,false,58
app_20250111_00004469,2025-01-11 02:44:36,cust_3390012,GRRE,mortgage,324184,180,495,high,rejected,0,mobile,true,68
app_20250111_00004470,2025-01-11 10:16:56,cust_1836162,CHBE,mortgage,451123,360,732,low,approved,451123,web,true,100
app_20250111_00004471,2025-01-11 10:59:50,cust_2238370,PORP,mortgage,133322,180,698,medium,approved,133322,atm,true,489
app_20250111_00004472,2025-01-11 21:42:38,cust_4909253,ESMA,auto_loan,57812,72,637,medium,rejected,0,mobile_app,true,46
app_20250111_00004473,2025-01-11 10:13:20,cust_4593342,NLAM,business_loan,20119,60,718,low,approved,20119,mobile,false,536
app_20250111_00004474,2025-01-11 04:27:24,cust_3426246,CZPR,education_loan,13028,48,480,high,rejected,0,mobile_app,true,172
app_20250111_00004475,2025-01-11 04:07:47,cust_9430733,CHBE,mortgage,123098,120,652,medium,rejected,0,online_banking,true,48
app_20250111_00004476,2025-01-11 05:43:31,cust_2961538,FRID,business_loan,11062,12,682,medium,approved,11062,mobile,false,85
app_20250111_00004477,2025-01-11 16:52:17,cust_4259700,DEHE,refinance,86315,360,702,low,approved,86315,branch,false,395
app_20250111_00004478,2025-01-11 05:01:02,cust_5068873,AUTR,education_loan,8687,36,621,medium,rejected,0,call_center,false,89
app_20250111_00004479,2025-01-11 00:58:34,cust_8453520,PORP,mortgage,101930,360,630,medium,rejected,0,call_center,true,18
app_20250111_00004480,2025-01-11 03:36:46,cust_2484438,ESMA,cash_loan,17785,24,727,low,rejected,0,branch,true,7
app_20250111_00004481,2025-01-11 07:14:30,cust_9918567,NLAM,business_loan,18771,36,609,medium,approved,18771,branch,true,184
app_20250111_00004482,2025-01-11 22:27:57,cust_1136024,BENL,personal_loan,19121,12,607,medium,approved,19121,branch,false,800
app_20250111_00004483,2025-01-11 15:11:48,cust_5618421,CZPR,personal_loan,5066,18,768,low,approved,5066,online_banking,false,362
app_20250111_00004484,2025-01-11 00:10:33,cust_2902553,ITMI,refinance,400127,360,609,medium,approved,400127,atm,true,464
app_20250111_00004485,2025-01-11 02:08:42,cust_8401335,ITMI,education_loan,36215,12,501,medium,approved,36215,atm,true,218
app_20250111_00004486,2025-01-11 19:28:53,cust_3600160,ITMI,mortgage,164250,180,522,medium,rejected,0,online_banking,false,23
app_20250111_00004487,2025-01-11 16:54:55,cust_873390,UKLO,refinance,192436,300,664,medium,rejected,0,online_banking,false,38
app_20250111_00004488,2025-01-11 11:30:35,cust_4144947,AUTR,personal_loan,45058,12,679,medium,approved,45058,branch,true,745
app_20250111_00004489,2025-01-11 11:38:24,cust_1640964,SESV,business_loan,6479,60,596,medium,rejected,0,web,true,49
app_20250111_00004490,2025-01-11 15:56:25,cust_7743193,ATVI,mortgage,156356,180,728,low,approved,156356,mobile,true,305
app_20250111_00004491,2025-01-11 12:17:49,cust_9039179,GRRE,business_loan,18749,60,513,medium,approved,18749,atm,false,647
app_20250111_00004492,2025-01-11 02:15:04,cust_8451171,UKLO,business_loan,23204,48,771,low,approved,23204,mobile_app,true,221
app_20250111_00004493,2025-01-11 10:58:55,cust_1550286,BENL,refinance,178452,180,667,medium,approved,178452,branch,true,699
app_20250111_00004494,2025-01-11 00:56:31,cust_2470944,ITMI,cash_loan,45034,30,608,medium,approved,45034,atm,false,243
app_20250111_00004495,2025-01-11 22:19:11,cust_2296469,CHBE,mortgage,356717,180,765,low,approved,356717,branch,true,210
app_20250111_00004496,2025-01-11 05:55:08,cust_1878402,CZPR,cash_loan,27615,48,428,high,rejected,0,partner,true,23
app_20250111_00004497,2025-01-11 04:25:27,cust_6572635,CZPR,personal_loan,22616,24,664,medium,approved,22616,web,true,442
app_20250111_00004498,2025-01-11 04:18:18,cust_1831031,PLWA,education_loan,31752,12,792,low,approved,31752,online_banking,true,353
app_20250111_00004499,2025-01-11 02:55:11,cust_9516171,SESV,personal_loan,46784,42,804,low,approved,46784,partner,true,266
app_20250111_00004500,2025-01-11 19:29:50,cust_7119427,PORP,auto_loan,24256,36,699,medium,approved,24256,mobile_app,true,176
app_20250111_00004501,2025-01-11 23:02:40,cust_1872725,DEHE,business_loan,5958,36,696,medium,approved,5958,branch,true,565
app_20250111_00004502,2025-01-11 18:49:41,cust_402508,DEHE,mortgage,431864,240,828,low,approved,431864,web,false,278
app_20250111_00004503,2025-01-11 11:33:11,cust_153229,PORP,education_loan,31147,24,667,medium,approved,31147,mobile,false,323
app_20250111_00004504,2025-01-11 06:41:10,cust_8835969,GRRE,business_loan,22900,36,502,medium,rejected,0,branch,false,172
app_20250111_00004505,2025-01-11 10:25:13,cust_2370150,SESV,auto_loan,42881,48,599,medium,approved,42881,branch,false,786
app_20250111_00004506,2025-01-11 10:26:33,cust_7496948,SESV,personal_loan,39061,18,539,medium,rejected,0,mobile_app,false,122
app_20250111_00004507,2025-01-11 02:50:05,cust_3772044,PORP,business_loan,18068,48,636,medium,rejected,0,online_banking,false,7
app_20250111_00004508,2025-01-11 13:26:05,cust_5657726,GRRE,education_loan,9309,36,620,medium,approved,9309,branch,true,783
app_20250111_00004509,2025-01-11 17:01:49,cust_2256859,FRID,mortgage,379236,360,709,low,approved,379236,web,false,590
app_20250111_00004510,2025-01-11 02:17:11,cust_2634048,DEHE,business_loan,30192,36,735,low,approved,30192,mobile_app,true,566
app_20250111_00004511,2025-01-11 17:13:49,cust_3443362,ITMI,education_loan,38651,48,769,low,approved,38651,mobile,true,303
app_20250111_00004512,2025-01-11 23:35:54,cust_5969635,DEHE,refinance,255914,120,595,medium,approved,255914,atm,true,204
app_20250111_00004513,2025-01-11 01:32:16,cust_4656276,PLWA,auto_loan,52563,60,846,low,approved,52563,partner,false,804
app_20250111_00004514,2025-01-11 21:48:34,cust_8023353,GRRE,personal_loan,21221,24,768,low,approved,21221,atm,true,452
app_20250111_00004515,2025-01-11 15:40:41,cust_8763293,ITMI,mortgage,71992,360,531,medium,rejected,0,mobile,false,9
app_20250111_00004516,2025-01-11 03:14:41,cust_8312254,CZPR,refinance,268480,240,846,low,approved,268480,partner,true,863
app_20250111_00004517,2025-01-11 12:34:52,cust_6072394,AUTR,education_loan,39936,24,777,low,approved,39936,partner,false,339
app_20250111_00004518,2025-01-11 23:41:10,cust_6514254,ESMA,personal_loan,3244,48,447,high,rejected,0,web,false,121
app_20250111_00004519,2025-01-11 21:27:02,cust_3509148,CZPR,cash_loan,24371,36,597,medium,approved,24371,mobile,false,616
app_20250111_00004520,2025-01-11 08:04:56,cust_9514988,FRID,mortgage,125643,360,804,low,approved,125643,web,false,402
app_20250111_00004521,2025-01-11 04:55:19,cust_8885893,NLAM,refinance,97129,120,637,medium,approved,97129,call_center,false,139
app_20250111_00004522,2025-01-11 09:28:09,cust_5006195,ESMA,business_loan,9364,48,629,medium,approved,9364,atm,false,146
app_20250111_00004523,2025-01-11 14:48:56,cust_8229583,GRRE,auto_loan,52823,60,818,low,approved,52823,branch,true,132
app_20250111_00004524,2025-01-11 09:03:36,cust_7580130,GRRE,refinance,344924,360,660,medium,rejected,0,online_banking,false,132
app_20250111_00004525,2025-01-11 11:55:49,cust_3164964,PLWA,refinance,279231,120,554,medium,approved,279231,mobile_app,true,298
app_20250111_00004526,2025-01-11 09:44:48,cust_6415085,CHBE,business_loan,26409,12,615,medium,rejected,0,mobile,false,50
app_20250111_00004527,2025-01-11 22:31:01,cust_728199,BENL,cash_loan,29418,24,573,medium,approved,29418,partner,true,689
app_20250111_00004528,2025-01-11 18:53:26,cust_6523716,ESMA,business_loan,20400,12,531,medium,rejected,0,web,true,56
app_20250111_00004529,2025-01-11 03:30:22,cust_6823580,PLWA,education_loan,19275,48,724,low,approved,19275,partner,true,537
app_20250111_00004530,2025-01-11 20:00:03,cust_3380333,PLWA,auto_loan,51893,48,705,low,approved,51893,web,true,149
app_20250111_00004531,2025-01-11 04:31:49,cust_365200,GRRE,education_loan,24710,60,778,low,approved,24710,mobile_app,true,757
app_20250111_00004532,2025-01-11 17:07:12,cust_1006563,PORP,personal_loan,37736,48,736,low,rejected,0,mobile_app,false,25
app_20250111_00004533,2025-01-11 02:15:59,cust_3576198,GRRE,auto_loan,50744,48,698,medium,approved,50744,branch,false,147
app_20250111_00004534,2025-01-11 03:02:49,cust_4648155,PLWA,education_loan,38995,48,575,medium,rejected,0,partner,false,118
app_20250111_00004535,2025-01-11 12:43:06,cust_1396189,ESMA,auto_loan,22448,24,550,medium,rejected,0,partner,false,146
app_20250111_00004536,2025-01-11 23:33:26,cust_9127439,SESV,cash_loan,10452,18,687,medium,approved,10452,mobile,true,224
app_20250111_00004537,2025-01-11 12:41:59,cust_5345420,DEHE,mortgage,276838,300,569,medium,approved,276838,web,true,668
app_20250111_00004538,2025-01-11 09:40:59,cust_8567054,PLWA,business_loan,14866,36,561,medium,approved,14866,branch,false,625
app_20250111_00004539,2025-01-11 18:25:18,cust_5384085,CZPR,mortgage,215856,180,657,medium,rejected,0,online_banking,false,139
app_20250111_00004540,2025-01-11 07:13:40,cust_3774494,PORP,mortgage,216322,120,596,medium,rejected,0,online_banking,true,105
app_20250111_00004541,2025-01-11 18:57:16,cust_9822767,NLAM,credit_card,15410,12,724,low,approved,15410,atm,true,221
app_20250111_00004542,2025-01-11 17:08:29,cust_3746471,DEHE,education_loan,18548,36,575,medium,approved,18548,branch,true,373
app_20250111_00004543,2025-01-11 20:49:12,cust_3332401,ITMI,mortgage,158324,360,569,medium,approved,158324,partner,true,661
app_20250111_00004544,2025-01-11 04:37:41,cust_1055805,CHBE,refinance,444707,120,735,low,approved,444707,web,true,546
app_20250111_00004545,2025-01-11 15:13:49,cust_6520344,GRRE,credit_card,11461,30,592,medium,approved,11461,branch,true,718
app_20250111_00004546,2025-01-11 11:56:07,cust_2051359,BENL,personal_loan,3704,30,673,medium,approved,3704,web,true,431
app_20250111_00004547,2025-01-11 21:36:16,cust_4888621,SESV,cash_loan,44757,18,731,low,approved,44757,partner,true,318
app_20250111_00004548,2025-01-11 10:22:07,cust_120645,UKLO,education_loan,26937,24,643,medium,rejected,0,atm,true,60
app_20250111_00004549,2025-01-11 19:46:53,cust_6395477,SESV,refinance,405318,300,643,medium,approved,405318,call_center,true,317
app_20250111_00004550,2025-01-11 14:50:31,cust_3999373,ATVI,refinance,194101,240,604,medium,approved,194101,atm,false,572
app_20250111_00004551,2025-01-11 21:56:12,cust_2984784,FRID,education_loan,14454,48,546,medium,rejected,0,mobile,true,177
app_20250111_00004552,2025-01-11 07:04:35,cust_2151629,PORP,mortgage,448488,180,563,medium,rejected,0,web,true,67
app_20250111_00004553,2025-01-11 19:26:25,cust_2209042,FRID,business_loan,21285,24,615,medium,rejected,0,online_banking,false,21
app_20250111_00004554,2025-01-11 06:15:42,cust_6076113,ESMA,credit_card,39465,24,623,medium,rejected,0,branch,false,65
app_20250111_00004555,2025-01-11 17:41:52,cust_7415625,PLWA,cash_loan,42692,18,739,low,approved,42692,web,true,652
app_20250111_00004556,2025-01-11 07:00:52,cust_9132484,ATVI,business_loan,17689,24,571,medium,rejected,0,branch,true,171
app_20250111_00004557,2025-01-11 11:49:28,cust_136909,CZPR,mortgage,496908,360,805,low,approved,496908,atm,true,462
app_20250111_00004558,2025-01-11 15:47:08,cust_3538508,CZPR,business_loan,31530,24,592,medium,rejected,0,branch,false,25
app_20250111_00004559,2025-01-11 02:24:16,cust_658744,CHBE,mortgage,253185,300,564,medium,approved,253185,partner,false,68
app_20250111_00004560,2025-01-11 17:56:03,cust_6059041,PORP,education_loan,38269,24,620,medium,rejected,0,call_center,false,111
app_20250111_00004561,2025-01-11 14:57:10,cust_1161732,GRRE,credit_card,7611,18,568,medium,approved,7611,partner,false,846
app_20250111_00004562,2025-01-11 09:50:45,cust_6463230,ESMA,business_loan,34118,24,630,medium,approved,34118,atm,false,521
app_20250111_00004563,2025-01-11 00:39:53,cust_3390944,ITMI,personal_loan,20869,24,545,medium,approved,20869,web,false,280
app_20250111_00004564,2025-01-11 04:31:58,cust_8958542,ATVI,cash_loan,31393,12,579,medium,approved,31393,mobile,false,263
app_20250111_00004565,2025-01-11 23:48:00,cust_2374713,DEHE,personal_loan,7436,48,560,medium,approved,7436,mobile,false,147
app_20250111_00004566,2025-01-11 15:06:44,cust_6606300,AUTR,credit_card,20869,42,730,low,approved,20869,web,false,596
app_20250111_00004567,2025-01-11 07:10:20,cust_8625480,UKLO,cash_loan,32251,42,606,medium,approved,32251,atm,false,579
app_20250111_00004568,2025-01-11 18:28:53,cust_8965490,GRRE,credit_card,28855,30,838,low,approved,28855,partner,true,799
app_20250111_00004569,2025-01-11 17:50:15,cust_9814608,PORP,personal_loan,11014,18,649,medium,approved,11014,mobile,true,506
app_20250111_00004570,2025-01-11 23:16:09,cust_322612,SESV,cash_loan,39556,24,659,medium,rejected,0,mobile_app,false,124
app_20250111_00004571,2025-01-11 19:29:45,cust_5120155,NLAM,refinance,421423,300,652,medium,rejected,0,call_center,true,160
app_20250111_00004572,2025-01-11 03:31:20,cust_3796576,ESMA,credit_card,30034,48,688,medium,approved,30034,mobile_app,true,479
app_20250111_00004573,2025-01-11 12:00:16,cust_6752125,CHBE,cash_loan,16678,42,655,medium,approved,16678,mobile,false,869
app_20250111_00004574,2025-01-11 03:54:50,cust_4502109,DEHE,mortgage,474568,300,617,medium,rejected,0,branch,true,84
app_20250111_00004575,2025-01-11 16:57:01,cust_7981818,CHBE,cash_loan,37202,12,640,medium,rejected,0,atm,true,115
app_20250111_00004576,2025-01-11 01:10:18,cust_714221,ATVI,education_loan,32449,60,450,high,approved,32449,atm,false,294
app_20250111_00004577,2025-01-11 21:27:40,cust_6904047,PLWA,business_loan,23529,60,571,medium,rejected,0,partner,true,81
app_20250111_00004578,2025-01-11 22:59:32,cust_2977285,ESMA,mortgage,254853,300,643,medium,rejected,0,web,true,10
app_20250111_00004579,2025-01-11 22:39:59,cust_9882198,BENL,refinance,210300,180,579,medium,approved,210300,mobile_app,true,536
app_20250111_00004580,2025-01-11 23:00:33,cust_6068321,PORP,auto_loan,50628,24,542,medium,approved,50628,branch,true,535
app_20250111_00004581,2025-01-11 21:02:59,cust_4788031,AUTR,credit_card,24682,18,850,low,approved,24682,call_center,true,687
app_20250111_00004582,2025-01-11 23:56:05,cust_9457792,PLWA,business_loan,39996,48,620,medium,rejected,0,partner,false,73
app_20250111_00004583,2025-01-11 19:14:01,cust_1666586,CZPR,business_loan,28416,36,630,medium,approved,28416,mobile,false,757
app_20250111_00004584,2025-01-11 17:10:59,cust_5481213,GRRE,cash_loan,36204,18,690,medium,approved,36204,web,false,670
app_20250111_00004585,2025-01-11 13:14:35,cust_7603735,PLWA,credit_card,36420,30,700,low,approved,36420,partner,true,389
app_20250111_00004586,2025-01-11 07:25:00,cust_769672,ESMA,mortgage,67026,120,576,medium,rejected,0,mobile_app,true,23
app_20250111_00004587,2025-01-11 08:07:23,cust_4425028,ATVI,auto_loan,35742,36,594,medium,rejected,0,online_banking,true,180
app_20250111_00004588,2025-01-11 05:54:58,cust_2054758,BENL,auto_loan,26861,24,533,medium,rejected,0,mobile,true,22
app_20250111_00004589,2025-01-11 19:51:14,cust_9869962,AUTR,auto_loan,48517,48,700,low,rejected,0,online_banking,true,91
app_20250111_00004590,2025-01-11 11:56:00,cust_4479531,ITMI,personal_loan,3339,24,628,medium,approved,3339,partner,false,799
app_20250111_00004591,2025-01-11 21:46:26,cust_3572154,FRID,personal_loan,23095,24,681,medium,approved,23095,online_banking,false,324
app_20250111_00004592,2025-01-11 05:05:41,cust_4120323,ATVI,education_loan,39439,36,459,high,rejected,0,call_center,true,136
app_20250111_00004593,2025-01-11 05:01:59,cust_6362903,UKLO,refinance,269422,240,746,low,approved,269422,call_center,true,261
app_20250111_00004594,2025-01-11 03:25:00,cust_2501473,SESV,business_loan,6844,48,625,medium,approved,6844,mobile_app,true,68
app_20250111_00004595,2025-01-11 17:22:17,cust_7827323,DEHE,personal_loan,38443,30,744,low,approved,38443,branch,false,180
app_20250111_00004596,2025-01-11 09:52:33,cust_3381442,FRID,business_loan,9461,12,656,medium,approved,9461,mobile_app,true,484
app_20250111_00004597,2025-01-11 08:18:11,cust_6234237,UKLO,mortgage,305544,300,659,medium,approved,305544,web,false,199
app_20250111_00004598,2025-01-11 19:52:59,cust_8000063,PLWA,auto_loan,23568,48,534,medium,rejected,0,call_center,true,167
app_20250111_00004599,2025-01-11 15:33:57,cust_5164615,CHBE,mortgage,362350,180,554,medium,rejected,0,mobile,false,30
app_20250111_00004600,2025-01-11 19:15:17,cust_8037026,CHBE,education_loan,39093,12,760,low,approved,39093,partner,false,512
app_20250111_00004601,2025-01-11 19:34:29,cust_5953170,FRID,auto_loan,51383,72,727,low,approved,51383,call_center,false,787
app_20250111_00004602,2025-01-11 15:08:15,cust_8634061,ESMA,credit_card,15153,24,509,medium,approved,15153,atm,true,880
app_20250111_00004603,2025-01-11 07:45:14,cust_3049277,SESV,personal_loan,41860,12,557,medium,approved,41860,mobile_app,true,667
app_20250111_00004604,2025-01-11 20:25:18,cust_4217107,GRRE,personal_loan,33669,18,705,low,approved,33669,call_center,true,487
app_20250111_00004605,2025-01-11 12:37:46,cust_396497,CZPR,personal_loan,34754,42,589,medium,approved,34754,online_banking,true,619
app_20250111_00004606,2025-01-11 04:15:31,cust_9354739,CHBE,business_loan,15357,36,476,high,rejected,0,mobile,true,135
app_20250111_00004607,2025-01-11 06:41:43,cust_6664323,FRID,auto_loan,40146,24,764,low,approved,40146,mobile_app,true,392
app_20250111_00004608,2025-01-11 19:16:49,cust_2040782,AUTR,credit_card,36652,48,470,high,rejected,0,atm,true,63
app_20250111_00004609,2025-01-11 04:24:55,cust_9942850,UKLO,credit_card,27054,48,594,medium,rejected,0,atm,true,29
app_20250111_00004610,2025-01-11 05:11:32,cust_5092426,CHBE,personal_loan,30854,30,672,medium,approved,30854,atm,true,96
app_20250111_00004611,2025-01-11 12:09:47,cust_3710719,BENL,business_loan,37252,24,666,medium,approved,37252,partner,false,60
app_20250111_00004612,2025-01-11 13:45:00,cust_3598391,AUTR,business_loan,14586,12,719,low,approved,14586,call_center,true,728
app_20250111_00004613,2025-01-11 12:08:02,cust_2848758,PLWA,credit_card,30992,12,584,medium,approved,30992,branch,true,141
app_20250111_00004614,2025-01-11 19:23:05,cust_8369759,ESMA,education_loan,7408,48,623,medium,approved,7408,atm,false,865
app_20250111_00004615,2025-01-11 04:32:46,cust_9279697,ITMI,education_loan,22255,24,653,medium,rejected,0,branch,false,6
app_20250111_00004616,2025-01-11 22:11:45,cust_6348511,PLWA,credit_card,42154,30,466,high,rejected,0,partner,false,178
app_20250111_00004617,2025-01-11 22:10:34,cust_1094898,ITMI,auto_loan,12292,48,642,medium,approved,12292,mobile_app,true,673
app_20250111_00004618,2025-01-11 16:17:48,cust_2219226,PORP,business_loan,31722,36,636,medium,rejected,0,partner,false,31
app_20250111_00004619,2025-01-11 06:55:58,cust_5140791,PLWA,cash_loan,2068,48,556,medium,approved,2068,call_center,true,144
app_20250111_00004620,2025-01-11 19:15:26,cust_1494022,BENL,business_loan,17487,60,618,medium,approved,17487,online_banking,true,695
app_20250111_00004621,2025-01-11 22:46:36,cust_5713516,PORP,cash_loan,1576,12,427,high,rejected,0,partner,true,65
app_20250111_00004622,2025-01-11 05:03:27,cust_9767462,FRID,mortgage,462894,240,450,high,rejected,0,call_center,false,27
app_20250111_00004623,2025-01-11 23:09:05,cust_7786938,PLWA,business_loan,15595,60,691,medium,rejected,0,web,false,162
app_20250111_00004624,2025-01-11 20:43:07,cust_3428299,AUTR,personal_loan,3955,36,605,medium,rejected,0,call_center,true,141
app_20250111_00004625,2025-01-11 14:48:26,cust_835290,FRID,cash_loan,29100,24,734,low,approved,29100,call_center,true,170
app_20250111_00004626,2025-01-11 23:54:04,cust_7406116,FRID,education_loan,25026,24,658,medium,approved,25026,atm,true,293
app_20250111_00004627,2025-01-11 20:21:03,cust_1409801,UKLO,cash_loan,26744,12,774,low,approved,26744,mobile_app,true,698
app_20250111_00004628,2025-01-11 17:20:01,cust_1175227,UKLO,personal_loan,10494,48,697,medium,approved,10494,mobile_app,false,330
app_20250111_00004629,2025-01-11 03:14:26,cust_5954748,DEHE,business_loan,9665,36,544,medium,approved,9665,mobile_app,true,265
app_20250111_00004630,2025-01-11 07:41:04,cust_7482332,NLAM,education_loan,20474,24,693,medium,approved,20474,atm,true,93
app_20250111_00004631,2025-01-11 08:36:38,cust_5783443,PLWA,mortgage,74079,180,682,medium,approved,74079,mobile,true,669
app_20250111_00004632,2025-01-11 23:07:12,cust_3797667,ESMA,education_loan,17833,48,678,medium,approved,17833,partner,false,456
app_20250111_00004633,2025-01-11 15:28:15,cust_7241920,UKLO,auto_loan,22418,36,492,high,approved,22418,mobile,false,609
app_20250111_00004634,2025-01-11 11:44:07,cust_8243859,ESMA,mortgage,67246,300,850,low,approved,67246,mobile_app,false,583
app_20250111_00004635,2025-01-11 06:25:55,cust_2213712,ITMI,auto_loan,50800,72,804,low,approved,50800,mobile_app,true,805
app_20250111_00004636,2025-01-11 00:40:12,cust_7036611,CZPR,credit_card,49842,30,579,medium,rejected,0,branch,false,98
app_20250111_00004637,2025-01-11 05:02:40,cust_7813617,BENL,education_loan,39776,36,688,medium,approved,39776,call_center,true,641
app_20250111_00004638,2025-01-11 16:51:38,cust_9890664,ATVI,auto_loan,49784,72,614,medium,approved,49784,mobile,false,849
app_20250111_00004639,2025-01-11 05:42:41,cust_6035867,SESV,education_loan,30793,36,567,medium,rejected,0,branch,false,14
app_20250111_00004640,2025-01-11 20:04:47,cust_2204340,ITMI,cash_loan,4376,48,547,medium,rejected,0,atm,true,16
app_20250111_00004641,2025-01-11 21:35:54,cust_5858418,BENL,credit_card,30345,18,606,medium,rejected,0,online_banking,false,112
app_20250111_00004642,2025-01-11 15:29:53,cust_4575643,UKLO,auto_loan,40248,48,672,medium,rejected,0,branch,false,119
app_20250111_00004643,2025-01-11 18:53:18,cust_6309148,ITMI,refinance,130469,240,770,low,approved,130469,online_banking,false,784
app_20250111_00004644,2025-01-11 10:08:25,cust_8291056,NLAM,education_loan,26826,36,619,medium,approved,26826,mobile,true,545
app_20250111_00004645,2025-01-11 08:54:52,cust_3201235,PORP,refinance,294441,300,744,low,approved,294441,call_center,false,61
app_20250111_00004646,2025-01-11 21:13:34,cust_6982870,AUTR,education_loan,28336,24,605,medium,approved,28336,mobile,true,165
app_20250111_00004647,2025-01-11 00:15:46,cust_239076,AUTR,mortgage,178002,240,648,medium,approved,178002,web,true,203
app_20250111_00004648,2025-01-11 03:53:45,cust_4392476,CHBE,auto_loan,24778,72,783,low,approved,24778,web,true,79
app_20250111_00004649,2025-01-11 08:51:46,cust_5995852,UKLO,cash_loan,28621,18,639,medium,approved,28621,mobile_app,false,755
app_20250111_00004650,2025-01-11 18:36:26,cust_8892594,DEHE,education_loan,21785,48,699,medium,approved,21785,call_center,false,558
app_20250111_00004651,2025-01-11 04:33:59,cust_9314018,CHBE,credit_card,43758,24,557,medium,rejected,0,partner,true,57
app_20250111_00004652,2025-01-11 20:38:55,cust_9370277,PORP,auto_loan,56253,48,787,low,approved,56253,online_banking,false,696
app_20250111_00004653,2025-01-11 10:51:38,cust_183675,ESMA,auto_loan,25904,36,603,medium,rejected,0,web,false,177
app_20250111_00004654,2025-01-11 02:01:20,cust_1406320,ESMA,auto_loan,48204,36,787,low,rejected,0,call_center,true,168
app_20250111_00004655,2025-01-11 08:47:08,cust_7118038,UKLO,education_loan,26717,36,609,medium,rejected,0,mobile_app,false,114
app_20250111_00004656,2025-01-11 03:55:56,cust_2674096,AUTR,credit_card,24226,42,473,high,rejected,0,mobile,false,135
app_20250111_00004657,2025-01-11 17:49:38,cust_8012301,PORP,refinance,452182,120,707,low,rejected,0,atm,true,144
app_20250111_00004658,2025-01-11 21:14:42,cust_623066,ITMI,credit_card,8483,24,570,medium,rejected,0,branch,true,79
app_20250111_00004659,2025-01-11 06:54:45,cust_970193,CZPR,business_loan,30812,36,680,medium,rejected,0,online_banking,false,104
app_20250111_00004660,2025-01-11 17:45:01,cust_4382426,ITMI,credit_card,1870,18,815,low,approved,1870,online_banking,true,58
app_20250111_00004661,2025-01-11 06:29:31,cust_5842711,DEHE,auto_loan,55588,36,604,medium,approved,55588,atm,true,846
app_20250111_00004662,2025-01-11 00:34:26,cust_3875223,GRRE,personal_loan,36839,36,741,low,approved,36839,online_banking,false,179
app_20250111_00004663,2025-01-11 19:20:02,cust_9596479,CHBE,personal_loan,37550,18,633,medium,approved,37550,web,true,112
app_20250111_00004664,2025-01-11 09:06:36,cust_1638174,CZPR,personal_loan,2136,42,692,medium,approved,2136,mobile,true,772
app_20250111_00004665,2025-01-11 09:55:36,cust_327424,FRID,auto_loan,11478,72,665,medium,approved,11478,partner,false,746
app_20250111_00004666,2025-01-11 15:01:44,cust_6211143,PORP,education_loan,11411,36,494,high,rejected,0,mobile,true,177
app_20250111_00004667,2025-01-11 11:39:26,cust_6293618,CHBE,cash_loan,25210,42,542,medium,rejected,0,branch,true,16
app_20250111_00004668,2025-01-11 08:23:05,cust_8579609,PORP,education_loan,37335,12,682,medium,approved,37335,partner,false,811
app_20250111_00004669,2025-01-11 02:31:15,cust_8688083,PORP,personal_loan,37165,24,695,medium,approved,37165,partner,false,607
app_20250111_00004670,2025-01-11 01:00:16,cust_4610457,ATVI,mortgage,143755,240,768,low,approved,143755,branch,false,76
app_20250111_00004671,2025-01-11 12:34:28,cust_7480397,ESMA,education_loan,11590,60,418,high,approved,11590,call_center,false,867
app_20250111_00004672,2025-01-11 19:05:57,cust_5714292,ATVI,credit_card,2546,36,732,low,approved,2546,web,true,471
app_20250111_00004673,2025-01-11 20:43:12,cust_1075305,ITMI,auto_loan,25597,36,544,medium,rejected,0,atm,true,52
app_20250111_00004674,2025-01-11 06:10:58,cust_6163895,SESV,personal_loan,23448,12,850,low,approved,23448,branch,false,485
app_20250111_00004675,2025-01-11 09:00:29,cust_458409,PORP,auto_loan,31811,72,758,low,approved,31811,atm,false,245
app_20250111_00004676,2025-01-11 15:49:35,cust_6169280,CHBE,personal_loan,37611,48,711,low,approved,37611,online_banking,true,683
app_20250111_00004677,2025-01-11 16:34:12,cust_9493813,ITMI,business_loan,36081,24,512,medium,approved,36081,mobile_app,true,66
app_20250111_00004678,2025-01-11 14:06:11,cust_3644751,CHBE,mortgage,221855,180,529,medium,approved,221855,call_center,true,483
app_20250111_00004679,2025-01-11 16:09:12,cust_368482,ESMA,refinance,466192,180,626,medium,rejected,0,branch,false,132
app_20250111_00004680,2025-01-11 20:25:26,cust_7836309,BENL,personal_loan,14461,48,701,low,approved,14461,partner,true,256
app_20250111_00004681,2025-01-11 23:06:30,cust_264196,ITMI,education_loan,21125,60,710,low,approved,21125,branch,true,850
app_20250111_00004682,2025-01-11 04:20:22,cust_9169005,SESV,credit_card,6003,30,578,medium,approved,6003,web,true,403
app_20250111_00004683,2025-01-11 02:54:55,cust_6671898,SESV,credit_card,22854,12,711,low,approved,22854,web,true,617
app_20250111_00004684,2025-01-11 02:34:46,cust_9348642,ITMI,personal_loan,25300,42,838,low,approved,25300,atm,false,396
app_20250111_00004685,2025-01-11 06:43:52,cust_4960790,ESMA,auto_loan,13793,48,606,medium,rejected,0,mobile,true,47
app_20250111_00004686,2025-01-11 15:20:55,cust_3581830,ITMI,education_loan,3736,36,628,medium,approved,3736,online_banking,false,494
app_20250111_00004687,2025-01-11 23:37:03,cust_8828020,FRID,credit_card,10652,18,691,medium,approved,10652,mobile,true,524
app_20250111_00004688,2025-01-11 05:15:58,cust_7250216,AUTR,cash_loan,16030,18,629,medium,approved,16030,partner,false,301
app_20250111_00004689,2025-01-11 09:03:13,cust_537321,ATVI,mortgage,398680,180,721,low,approved,398680,partner,true,749
app_20250111_00004690,2025-01-11 13:04:23,cust_3336300,CHBE,credit_card,25652,12,689,medium,approved,25652,online_banking,false,529
app_20250111_00004691,2025-01-11 17:11:30,cust_2310873,ITMI,auto_loan,5566,48,572,medium,rejected,0,online_banking,true,15
app_20250111_00004692,2025-01-11 18:17:15,cust_6616904,AUTR,credit_card,33595,24,540,medium,rejected,0,mobile_app,false,151
app_20250111_00004693,2025-01-11 19:06:48,cust_3374875,ITMI,refinance,126434,180,678,medium,approved,126434,mobile,true,900
app_20250111_00004694,2025-01-11 03:14:50,cust_5322559,SESV,mortgage,260173,300,741,low,approved,260173,partner,false,845
app_20250111_00004695,2025-01-11 04:49:29,cust_6653765,FRID,credit_card,10487,12,850,low,approved,10487,atm,true,140
app_20250111_00004696,2025-01-11 03:24:29,cust_5160550,AUTR,refinance,234418,360,679,medium,approved,234418,online_banking,false,788
app_20250111_00004697,2025-01-11 19:56:53,cust_284612,ESMA,education_loan,17257,36,734,low,approved,17257,partner,false,655
app_20250111_00004698,2025-01-11 03:40:31,cust_2628649,ATVI,cash_loan,41113,30,700,low,approved,41113,web,false,118
app_20250111_00004699,2025-01-11 12:26:31,cust_6099017,PLWA,business_loan,37444,12,704,low,approved,37444,mobile_app,true,652
app_20250111_00004700,2025-01-11 19:47:08,cust_7280592,ESMA,business_loan,31194,24,501,medium,approved,31194,mobile_app,false,713
app_20250111_00004701,2025-01-11 18:33:13,cust_7944697,DEHE,personal_loan,29901,36,438,high,rejected,0,mobile,false,151
app_20250111_00004702,2025-01-11 18:17:53,cust_4883614,PORP,credit_card,43902,18,695,medium,rejected,0,mobile,false,50
app_20250111_00004703,2025-01-11 05:50:58,cust_5848363,PORP,personal_loan,20281,42,615,medium,approved,20281,mobile,true,623
app_20250111_00004704,2025-01-11 05:28:10,cust_2582155,ITMI,refinance,429216,360,694,medium,approved,429216,mobile,false,899
app_20250111_00004705,2025-01-11 23:45:00,cust_9691978,PORP,refinance,263870,360,601,medium,approved,263870,branch,false,300
app_20250111_00004706,2025-01-11 07:20:06,cust_4838160,ESMA,cash_loan,5909,36,817,low,approved,5909,call_center,true,247
app_20250111_00004707,2025-01-11 10:04:15,cust_3928475,FRID,personal_loan,25437,48,751,low,approved,25437,atm,false,191
app_20250111_00004708,2025-01-11 10:08:43,cust_8141987,FRID,personal_loan,1222,30,610,medium,approved,1222,mobile,false,596
app_20250111_00004709,2025-01-11 05:43:09,cust_6946746,ESMA,business_loan,12280,12,542,medium,approved,12280,call_center,false,879
app_20250111_00004710,2025-01-11 01:18:49,cust_9898837,ITMI,cash_loan,37813,30,447,high,rejected,0,online_banking,false,170
app_20250111_00004711,2025-01-11 22:39:07,cust_9123322,GRRE,refinance,97295,240,658,medium,approved,97295,mobile_app,true,85
app_20250111_00004712,2025-01-11 11:25:31,cust_7730476,CZPR,business_loan,9665,48,705,low,approved,9665,mobile,true,854
app_20250111_00004713,2025-01-11 03:28:27,cust_5840722,GRRE,mortgage,62942,180,845,low,approved,62942,mobile,true,172
app_20250111_00004714,2025-01-11 02:09:10,cust_1750747,PORP,education_loan,29865,60,723,low,approved,29865,mobile,true,505
app_20250111_00004715,2025-01-11 01:46:51,cust_3357196,PORP,business_loan,10577,24,521,medium,approved,10577,online_banking,true,498
app_20250111_00004716,2025-01-11 09:27:49,cust_707738,ITMI,education_loan,5269,36,463,high,rejected,0,online_banking,true,64
app_20250111_00004717,2025-01-11 21:20:37,cust_7702647,ATVI,refinance,279919,180,611,medium,approved,279919,web,false,443
app_20250111_00004718,2025-01-11 03:04:26,cust_2692208,NLAM,credit_card,10270,12,678,medium,approved,10270,mobile,true,768
app_20250111_00004719,2025-01-11 06:07:15,cust_7931639,BENL,cash_loan,28569,36,701,low,approved,28569,online_banking,true,818
app_20250111_00004720,2025-01-11 12:21:17,cust_962972,FRID,auto_loan,34123,72,684,medium,approved,34123,partner,false,615
app_20250111_00004721,2025-01-11 14:13:05,cust_9190700,CZPR,auto_loan,10065,60,597,medium,rejected,0,mobile_app,false,131
app_20250111_00004722,2025-01-11 13:24:01,cust_5569289,ITMI,business_loan,39174,24,715,low,approved,39174,partner,false,227
app_20250111_00004723,2025-01-11 07:11:38,cust_4142966,NLAM,personal_loan,27398,36,645,medium,approved,27398,branch,false,842
app_20250111_00004724,2025-01-11 14:49:23,cust_2169088,CZPR,education_loan,35513,12,757,low,approved,35513,mobile,true,298
app_20250111_00004725,2025-01-11 20:37:42,cust_7430691,NLAM,personal_loan,12193,48,657,medium,approved,12193,mobile_app,true,895
app_20250111_00004726,2025-01-11 08:29:37,cust_659208,DEHE,cash_loan,35391,42,767,low,approved,35391,mobile,false,786
app_20250111_00004727,2025-01-11 09:45:41,cust_242084,ESMA,credit_card,3880,30,850,low,approved,3880,online_banking,true,239
app_20250111_00004728,2025-01-11 06:32:07,cust_3380132,AUTR,auto_loan,7302,60,792,low,approved,7302,call_center,false,676
app_20250111_00004729,2025-01-11 02:40:36,cust_4459728,GRRE,business_loan,35286,36,499,high,rejected,0,atm,true,7
app_20250111_00004730,2025-01-11 04:36:36,cust_3663352,PLWA,education_loan,21429,12,497,high,rejected,0,atm,true,154
app_20250111_00004731,2025-01-11 16:20:55,cust_8882604,NLAM,cash_loan,21559,36,706,low,rejected,0,partner,true,125
app_20250111_00004732,2025-01-11 03:41:15,cust_3228346,SESV,personal_loan,30104,18,633,medium,rejected,0,web,true,120
app_20250111_00004733,2025-01-11 00:19:16,cust_3367036,CZPR,mortgage,422139,240,614,medium,approved,422139,web,true,572
app_20250111_00004734,2025-01-11 10:27:38,cust_1556411,BENL,personal_loan,39545,18,510,medium,approved,39545,atm,false,288
app_20250111_00004735,2025-01-11 10:16:53,cust_3695060,UKLO,education_loan,35267,48,767,low,approved,35267,atm,true,164
app_20250111_00004736,2025-01-11 02:23:44,cust_3304647,ITMI,cash_loan,17001,18,627,medium,approved,17001,web,true,184
app_20250111_00004737,2025-01-11 07:18:33,cust_1997934,PORP,personal_loan,47818,12,775,low,approved,47818,call_center,false,376
app_20250111_00004738,2025-01-11 22:38:45,cust_2355445,PORP,refinance,463834,180,487,high,rejected,0,web,true,160
app_20250111_00004739,2025-01-11 23:16:26,cust_9277027,FRID,personal_loan,39669,36,666,medium,rejected,0,mobile,true,176
app_20250111_00004740,2025-01-11 09:41:29,cust_2859833,CHBE,education_loan,16040,48,667,medium,approved,16040,mobile_app,false,174
app_20250111_00004741,2025-01-11 21:13:47,cust_6075097,ITMI,education_loan,15975,60,721,low,approved,15975,online_banking,true,638
app_20250111_00004742,2025-01-11 06:20:32,cust_7760319,ESMA,personal_loan,41695,24,829,low,approved,41695,branch,true,250
app_20250111_00004743,2025-01-11 15:14:25,cust_6495517,NLAM,education_loan,9522,48,602,medium,approved,9522,mobile_app,true,749
app_20250111_00004744,2025-01-11 16:39:41,cust_8624973,CHBE,business_loan,7782,12,782,low,approved,7782,call_center,true,82
app_20250111_00004745,2025-01-11 22:40:28,cust_3271964,AUTR,credit_card,5103,12,702,low,approved,5103,partner,true,740
app_20250111_00004746,2025-01-11 17:17:52,cust_7360912,ESMA,credit_card,14681,48,583,medium,rejected,0,online_banking,false,27
app_20250111_00004747,2025-01-11 19:31:18,cust_7262535,CZPR,mortgage,76785,360,649,medium,rejected,0,mobile_app,false,130
app_20250111_00004748,2025-01-11 16:56:21,cust_5854629,BENL,personal_loan,39220,36,590,medium,rejected,0,atm,false,72
app_20250111_00004749,2025-01-11 16:14:07,cust_4263748,NLAM,personal_loan,42779,36,606,medium,rejected,0,branch,true,166
app_20250111_00004750,2025-01-11 22:10:59,cust_5412949,ITMI,refinance,165834,360,559,medium,approved,165834,mobile_app,false,467
app_20250111_00004751,2025-01-11 17:34:06,cust_7181825,BENL,personal_loan,13243,24,662,medium,approved,13243,branch,true,484
app_20250111_00004752,2025-01-11 00:17:29,cust_8033174,PORP,personal_loan,24487,24,637,medium,approved,24487,branch,false,282
app_20250111_00004753,2025-01-11 15:15:22,cust_477845,PORP,cash_loan,28918,18,612,medium,rejected,0,partner,false,112
app_20250111_00004754,2025-01-11 07:28:41,cust_1744761,PLWA,auto_loan,57766,60,741,low,rejected,0,partner,true,10
app_20250111_00004755,2025-01-11 15:34:24,cust_1133201,FRID,refinance,52322,120,752,low,approved,52322,mobile,true,387
app_20250111_00004756,2025-01-11 22:22:38,cust_2250701,DEHE,mortgage,344480,180,585,medium,rejected,0,online_banking,false,136
app_20250111_00004757,2025-01-11 03:49:18,cust_7077090,BENL,auto_loan,24866,24,634,medium,approved,24866,atm,false,317
app_20250111_00004758,2025-01-11 20:04:38,cust_1911449,PLWA,mortgage,325938,300,623,medium,approved,325938,branch,true,356
app_20250111_00004759,2025-01-11 02:56:24,cust_5054953,GRRE,education_loan,5520,36,535,medium,rejected,0,partner,false,74
app_20250111_00004760,2025-01-11 19:29:03,cust_9450177,ESMA,business_loan,37763,48,614,medium,approved,37763,branch,false,278
app_20250111_00004761,2025-01-11 14:55:24,cust_5595550,AUTR,cash_loan,8739,42,749,low,approved,8739,call_center,false,200
app_20250111_00004762,2025-01-11 08:37:58,cust_2541143,UKLO,business_loan,24146,12,826,low,approved,24146,partner,false,896
app_20250111_00004763,2025-01-11 14:37:52,cust_4364073,ITMI,personal_loan,46432,12,666,medium,approved,46432,partner,false,206
app_20250111_00004764,2025-01-11 21:19:53,cust_2560695,BENL,mortgage,401463,300,713,low,approved,401463,online_banking,false,171
app_20250111_00004765,2025-01-11 19:39:44,cust_8866740,ATVI,auto_loan,14227,24,573,medium,approved,14227,web,true,467
app_20250111_00004766,2025-01-11 09:06:14,cust_4278434,PLWA,personal_loan,44088,42,751,low,approved,44088,atm,false,719
app_20250111_00004767,2025-01-11 20:09:09,cust_3875850,PLWA,credit_card,5892,24,724,low,approved,5892,branch,true,860
app_20250111_00004768,2025-01-11 05:23:05,cust_6093047,BENL,auto_loan,54570,24,574,medium,approved,54570,call_center,true,463
app_20250111_00004769,2025-01-11 11:23:42,cust_2096604,ITMI,mortgage,227811,360,712,low,approved,227811,online_banking,true,331
app_20250111_00004770,2025-01-11 05:35:45,cust_7748795,AUTR,personal_loan,32819,48,693,medium,approved,32819,online_banking,true,315
app_20250111_00004771,2025-01-11 22:11:26,cust_7918832,PORP,education_loan,28927,48,583,medium,approved,28927,branch,true,507
app_20250111_00004772,2025-01-11 01:45:34,cust_6251477,SESV,auto_loan,32431,36,786,low,approved,32431,mobile_app,true,400
app_20250111_00004773,2025-01-11 01:08:33,cust_3402765,PORP,personal_loan,19428,30,768,low,approved,19428,mobile_app,false,72
app_20250111_00004774,2025-01-11 08:40:07,cust_3805750,PLWA,business_loan,18132,24,729,low,approved,18132,partner,true,626
app_20250111_00004775,2025-01-11 00:32:08,cust_2228430,PORP,mortgage,292738,300,628,medium,rejected,0,atm,true,51
app_20250111_00004776,2025-01-11 02:50:20,cust_1658960,PLWA,refinance,250535,180,409,high,rejected,0,mobile_app,true,135
app_20250111_00004777,2025-01-11 05:55:40,cust_6721715,DEHE,personal_loan,46715,12,782,low,approved,46715,online_banking,true,486
app_20250111_00004778,2025-01-11 06:49:24,cust_2274789,CHBE,business_loan,16176,48,595,medium,approved,16176,partner,true,876
app_20250111_00004779,2025-01-11 03:43:59,cust_5918041,GRRE,education_loan,15861,12,615,medium,rejected,0,mobile_app,false,115
app_20250111_00004780,2025-01-11 01:29:52,cust_7677495,CHBE,mortgage,350568,120,531,medium,rejected,0,atm,true,126
app_20250111_00004781,2025-01-11 03:43:49,cust_3897925,FRID,business_loan,39643,48,566,medium,rejected,0,mobile,true,165
app_20250111_00004782,2025-01-11 23:42:40,cust_9006619,ATVI,cash_loan,40134,24,606,medium,rejected,0,web,false,108
app_20250111_00004783,2025-01-11 10:25:53,cust_1477030,CZPR,credit_card,28775,48,737,low,approved,28775,call_center,false,601
app_20250111_00004784,2025-01-11 23:12:42,cust_5530162,FRID,business_loan,36166,24,532,medium,rejected,0,mobile_app,true,166
app_20250111_00004785,2025-01-11 17:23:49,cust_6251833,ESMA,credit_card,48036,36,666,medium,approved,48036,atm,true,170
app_20250111_00004786,2025-01-11 06:21:12,cust_9213439,PORP,cash_loan,13349,36,697,medium,rejected,0,atm,false,113
app_20250111_00004787,2025-01-11 11:37:28,cust_9184957,CHBE,personal_loan,7239,36,720,low,approved,7239,web,false,273
app_20250111_00004788,2025-01-11 04:12:19,cust_1980633,GRRE,cash_loan,35832,12,671,medium,approved,35832,branch,false,466
app_20250111_00004789,2025-01-11 10:44:54,cust_1455363,NLAM,mortgage,252023,300,612,medium,approved,252023,web,true,87
app_20250111_00004790,2025-01-11 11:10:33,cust_6551123,ESMA,personal_loan,2774,30,576,medium,rejected,0,branch,false,27
app_20250111_00004791,2025-01-11 09:02:24,cust_5281483,AUTR,auto_loan,38642,72,602,medium,approved,38642,mobile,true,67
app_20250111_00004792,2025-01-11 01:34:27,cust_204949,PLWA,mortgage,274419,120,685,medium,approved,274419,mobile_app,true,359
app_20250111_00004793,2025-01-11 06:26:47,cust_1551970,ATVI,credit_card,19042,30,616,medium,approved,19042,web,false,710
app_20250111_00004794,2025-01-11 11:54:03,cust_3798074,PLWA,business_loan,37511,12,605,medium,rejected,0,atm,false,78
app_20250111_00004795,2025-01-11 13:51:40,cust_7548831,ITMI,cash_loan,23439,12,850,low,approved,23439,atm,true,727
app_20250111_00004796,2025-01-11 11:06:31,cust_4085010,GRRE,mortgage,145947,360,429,high,rejected,0,mobile_app,true,145
app_20250111_00004797,2025-01-11 00:27:18,cust_6374516,UKLO,credit_card,13178,12,850,low,approved,13178,branch,false,822
app_20250111_00004798,2025-01-11 03:05:06,cust_4043812,DEHE,mortgage,328564,240,557,medium,rejected,0,mobile_app,false,49
app_20250111_00004799,2025-01-11 16:32:06,cust_106681,CZPR,business_loan,8101,12,573,medium,rejected,0,web,false,97
app_20250111_00004800,2025-01-11 11:27:00,cust_4667634,BENL,personal_loan,23598,42,568,medium,rejected,0,partner,false,152
app_20250111_00004801,2025-01-11 09:50:02,cust_236917,AUTR,education_loan,38926,36,570,medium,approved,38926,branch,false,219
app_20250111_00004802,2025-01-11 15:12:36,cust_8277497,CHBE,cash_loan,42470,36,706,low,approved,42470,web,true,727
app_20250111_00004803,2025-01-11 15:35:30,cust_4627858,PORP,business_loan,17515,60,768,low,approved,17515,mobile,false,52
app_20250111_00004804,2025-01-11 04:43:56,cust_8668074,NLAM,refinance,112825,180,695,medium,approved,112825,online_banking,true,819
app_20250111_00004805,2025-01-11 00:09:37,cust_227949,GRRE,mortgage,297847,120,594,medium,approved,297847,mobile_app,false,569
app_20250111_00004806,2025-01-11 05:13:17,cust_504670,PORP,auto_loan,53608,60,649,medium,rejected,0,web,false,35
app_20250111_00004807,2025-01-11 04:40:24,cust_3298969,CZPR,refinance,272444,240,561,medium,approved,272444,atm,false,317
app_20250111_00004808,2025-01-11 17:55:03,cust_1817018,NLAM,personal_loan,19380,42,684,medium,approved,19380,atm,true,215
app_20250111_00004809,2025-01-11 10:57:06,cust_4285317,UKLO,mortgage,134292,180,626,medium,approved,134292,partner,false,616
app_20250111_00004810,2025-01-11 18:17:45,cust_3325891,ESMA,auto_loan,52789,24,705,low,approved,52789,call_center,false,194
app_20250111_00004811,2025-01-11 00:53:59,cust_1438084,CHBE,business_loan,3614,60,633,medium,rejected,0,online_banking,true,19
app_20250111_00004812,2025-01-11 13:28:18,cust_1540331,ESMA,refinance,298822,360,658,medium,approved,298822,call_center,true,268
app_20250111_00004813,2025-01-11 15:29:46,cust_4082817,GRRE,credit_card,15110,36,621,medium,rejected,0,atm,false,127
app_20250111_00004814,2025-01-11 03:13:19,cust_6376416,PORP,auto_loan,35761,48,624,medium,approved,35761,mobile_app,false,477
app_20250111_00004815,2025-01-11 21:46:15,cust_7221917,FRID,auto_loan,17235,72,777,low,approved,17235,branch,true,486
app_20250111_00004816,2025-01-11 14:06:51,cust_4824485,UKLO,cash_loan,1317,12,608,medium,approved,1317,call_center,true,299
app_20250111_00004817,2025-01-11 03:27:54,cust_1520116,SESV,auto_loan,40978,60,428,high,rejected,0,call_center,true,172
app_20250111_00004818,2025-01-11 16:53:12,cust_3752101,NLAM,mortgage,306518,180,710,low,approved,306518,online_banking,true,667
app_20250111_00004819,2025-01-11 06:42:38,cust_3866360,PORP,mortgage,235201,240,581,medium,rejected,0,partner,true,107
app_20250111_00004820,2025-01-11 12:16:41,cust_9343358,AUTR,credit_card,28183,36,725,low,rejected,0,web,true,56
app_20250111_00004821,2025-01-11 19:53:07,cust_1010284,UKLO,business_loan,17408,12,688,medium,rejected,0,call_center,false,38
app_20250111_00004822,2025-01-11 07:02:54,cust_4529068,ITMI,credit_card,26304,18,812,low,approved,26304,mobile,false,824
app_20250111_00004823,2025-01-11 10:03:02,cust_5422258,NLAM,education_loan,17912,12,772,low,approved,17912,online_banking,false,371
app_20250111_00004824,2025-01-11 00:38:26,cust_5138181,NLAM,mortgage,221223,180,726,low,approved,221223,call_center,false,703
app_20250111_00004825,2025-01-11 04:31:39,cust_5304505,SESV,cash_loan,22171,24,674,medium,approved,22171,mobile_app,true,675
app_20250111_00004826,2025-01-11 13:26:41,cust_1349815,ATVI,business_loan,31575,12,643,medium,approved,31575,mobile_app,true,777
app_20250111_00004827,2025-01-11 10:42:48,cust_4779425,UKLO,auto_loan,18575,48,706,low,approved,18575,mobile_app,true,181
app_20250111_00004828,2025-01-11 21:22:17,cust_8200340,CHBE,business_loan,10069,24,563,medium,rejected,0,mobile_app,true,80
app_20250111_00004829,2025-01-11 14:34:14,cust_566390,SESV,business_loan,21196,36,633,medium,approved,21196,partner,true,512
app_20250111_00004830,2025-01-11 17:39:16,cust_4359133,CZPR,credit_card,18312,36,612,medium,approved,18312,online_banking,false,89
app_20250111_00004831,2025-01-11 08:43:01,cust_6793442,DEHE,personal_loan,38754,18,553,medium,approved,38754,branch,false,120
app_20250111_00004832,2025-01-11 20:29:23,cust_6168642,ESMA,mortgage,274661,120,670,medium,approved,274661,online_banking,true,81
app_20250111_00004833,2025-01-11 07:26:57,cust_9225146,AUTR,cash_loan,4990,42,627,medium,approved,4990,online_banking,false,878
app_20250111_00004834,2025-01-11 20:40:27,cust_7702933,GRRE,cash_loan,40446,36,767,low,approved,40446,branch,true,91
app_20250111_00004835,2025-01-11 22:22:52,cust_9737250,FRID,refinance,459249,300,588,medium,approved,459249,atm,true,745
app_20250111_00004836,2025-01-11 13:08:39,cust_727098,CZPR,auto_loan,58319,60,637,medium,approved,58319,call_center,true,789
app_20250111_00004837,2025-01-11 06:54:30,cust_6418788,GRRE,cash_loan,11443,12,686,medium,approved,11443,branch,true,624
app_20250111_00004838,2025-01-11 19:15:34,cust_9782480,PLWA,refinance,200246,240,673,medium,approved,200246,online_banking,true,552
app_20250111_00004839,2025-01-11 00:09:07,cust_4614427,FRID,auto_loan,52404,60,483,high,rejected,0,partner,true,163
app_20250111_00004840,2025-01-11 23:12:13,cust_1252692,CZPR,mortgage,256336,180,665,medium,approved,256336,web,true,213
app_20250111_00004841,2025-01-11 03:58:47,cust_4554887,FRID,education_loan,32593,12,544,medium,approved,32593,online_banking,true,236
app_20250111_00004842,2025-01-11 19:19:36,cust_9622203,ESMA,personal_loan,21854,24,659,medium,rejected,0,call_center,false,153
app_20250111_00004843,2025-01-11 19:30:29,cust_7876933,ITMI,cash_loan,49743,24,706,low,approved,49743,online_banking,true,442
app_20250111_00004844,2025-01-11 11:43:52,cust_4424935,GRRE,credit_card,13663,18,591,medium,rejected,0,branch,false,109
app_20250111_00004845,2025-01-11 15:45:35,cust_8216146,BENL,refinance,428344,300,694,medium,rejected,0,branch,false,172
app_20250111_00004846,2025-01-11 03:16:09,cust_9559084,ITMI,refinance,362665,360,725,low,approved,362665,atm,true,249
app_20250111_00004847,2025-01-11 08:07:48,cust_9408106,PLWA,refinance,388848,180,662,medium,rejected,0,online_banking,true,15
app_20250111_00004848,2025-01-11 11:06:53,cust_5579934,AUTR,credit_card,39495,24,400,high,rejected,0,branch,false,161
app_20250111_00004849,2025-01-11 08:26:11,cust_2714980,GRRE,education_loan,4664,24,696,medium,approved,4664,partner,true,156
app_20250111_00004850,2025-01-11 22:07:06,cust_7396745,ITMI,refinance,316307,360,599,medium,approved,316307,partner,false,788
app_20250111_00004851,2025-01-11 05:00:06,cust_4434007,ITMI,personal_loan,12938,42,595,medium,approved,12938,online_banking,true,140
app_20250111_00004852,2025-01-11 03:13:33,cust_304285,PORP,refinance,452189,240,621,medium,rejected,0,mobile_app,false,16
app_20250111_00004853,2025-01-11 15:42:50,cust_9611985,ATVI,personal_loan,27318,12,742,low,approved,27318,branch,true,614
app_20250111_00004854,2025-01-11 21:50:44,cust_4985161,CZPR,cash_loan,33258,24,692,medium,approved,33258,mobile,true,826
app_20250111_00004855,2025-01-11 12:01:01,cust_398691,CHBE,credit_card,47567,36,704,low,approved,47567,mobile,true,299
app_20250111_00004856,2025-01-11 09:40:23,cust_3317571,PORP,cash_loan,37507,12,636,medium,rejected,0,web,false,63
app_20250111_00004857,2025-01-11 20:00:32,cust_5463936,CZPR,personal_loan,15713,36,614,medium,approved,15713,online_banking,false,549
app_20250111_00004858,2025-01-11 14:02:11,cust_500957,DEHE,education_loan,14833,12,750,low,approved,14833,partner,false,739
app_20250111_00004859,2025-01-11 03:15:09,cust_8934201,ATVI,business_loan,2741,36,811,low,approved,2741,atm,false,60
app_20250111_00004860,2025-01-11 05:16:24,cust_1850491,UKLO,education_loan,36201,24,428,high,rejected,0,partner,false,146
app_20250111_00004861,2025-01-11 09:27:26,cust_8867397,PLWA,credit_card,41980,30,550,medium,approved,41980,call_center,false,660
app_20250111_00004862,2025-01-11 05:23:26,cust_7060736,ATVI,auto_loan,10477,24,643,medium,approved,10477,atm,false,332
app_20250111_00004863,2025-01-11 00:03:43,cust_5931500,NLAM,personal_loan,39394,30,666,medium,approved,39394,call_center,false,263
app_20250111_00004864,2025-01-11 17:23:03,cust_9421273,CHBE,refinance,195211,300,702,low,approved,195211,web,true,471
app_20250111_00004865,2025-01-11 17:39:39,cust_4794546,PLWA,personal_loan,31048,18,574,medium,rejected,0,mobile,true,150
app_20250111_00004866,2025-01-11 15:49:25,cust_2131937,NLAM,auto_loan,9110,36,590,medium,approved,9110,mobile_app,false,781
app_20250111_00004867,2025-01-11 02:14:00,cust_9799503,ITMI,credit_card,33550,30,562,medium,approved,33550,online_banking,true,475
app_20250111_00004868,2025-01-11 14:26:04,cust_2367152,CZPR,cash_loan,11711,24,488,high,approved,11711,atm,false,712
app_20250111_00004869,2025-01-11 23:55:21,cust_9032598,PORP,cash_loan,35170,18,544,medium,approved,35170,mobile,true,302
app_20250111_00004870,2025-01-11 15:06:26,cust_1589093,CHBE,cash_loan,28808,36,772,low,approved,28808,atm,false,833
app_20250111_00004871,2025-01-11 05:54:22,cust_8429831,UKLO,refinance,485024,120,748,low,approved,485024,call_center,true,583
app_20250111_00004872,2025-01-11 08:38:22,cust_7903822,BENL,cash_loan,40829,42,748,low,approved,40829,online_banking,true,145
app_20250111_00004873,2025-01-11 23:06:27,cust_5158058,PORP,cash_loan,25146,24,584,medium,rejected,0,online_banking,true,162
app_20250111_00004874,2025-01-11 18:47:26,cust_5092468,DEHE,business_loan,19487,24,850,low,approved,19487,web,true,655
app_20250111_00004875,2025-01-11 04:01:32,cust_2378177,ITMI,mortgage,174785,120,618,medium,rejected,0,mobile_app,true,171
app_20250111_00004876,2025-01-11 14:50:36,cust_4709527,PLWA,cash_loan,44804,12,850,low,approved,44804,partner,true,31
app_20250111_00004877,2025-01-11 19:05:54,cust_2073797,UKLO,mortgage,206626,120,602,medium,rejected,0,mobile_app,true,149
app_20250111_00004878,2025-01-11 22:17:04,cust_1749795,ITMI,cash_loan,30122,42,465,high,rejected,0,mobile_app,false,88
app_20250111_00004879,2025-01-11 17:11:22,cust_2604768,PLWA,credit_card,6614,18,714,low,approved,6614,mobile_app,false,761
app_20250111_00004880,2025-01-11 07:36:49,cust_5848198,SESV,refinance,290530,180,548,medium,rejected,0,call_center,false,160
app_20250111_00004881,2025-01-11 16:50:14,cust_1521887,FRID,personal_loan,45129,12,720,low,approved,45129,web,true,594
app_20250111_00004882,2025-01-11 23:45:43,cust_4753243,SESV,education_loan,25962,60,720,low,approved,25962,online_banking,false,504
app_20250111_00004883,2025-01-11 08:45:59,cust_700509,ITMI,business_loan,38082,12,850,low,approved,38082,mobile,false,569
app_20250111_00004884,2025-01-11 05:06:49,cust_402717,ITMI,auto_loan,14113,48,713,low,approved,14113,partner,true,546
app_20250111_00004885,2025-01-11 13:53:03,cust_8753682,UKLO,mortgage,324222,120,635,medium,approved,324222,mobile_app,true,695
app_20250111_00004886,2025-01-11 23:19:34,cust_8680371,NLAM,mortgage,305656,120,698,medium,approved,305656,online_banking,true,165
app_20250111_00004887,2025-01-11 17:12:20,cust_2472838,FRID,education_loan,26811,12,664,medium,approved,26811,atm,true,432
app_20250111_00004888,2025-01-11 21:41:03,cust_4365979,PORP,education_loan,8910,24,678,medium,approved,8910,branch,true,352
app_20250111_00004889,2025-01-11 23:21:55,cust_4713978,DEHE,refinance,174252,360,575,medium,approved,174252,atm,false,398
app_20250111_00004890,2025-01-11 17:50:37,cust_3609327,PLWA,cash_loan,28158,48,598,medium,approved,28158,mobile_app,false,659
app_20250111_00004891,2025-01-11 23:59:39,cust_3384955,CZPR,mortgage,65772,120,724,low,approved,65772,online_banking,false,555
app_20250111_00004892,2025-01-11 01:36:37,cust_7142822,NLAM,mortgage,141943,300,485,high,rejected,0,branch,false,22
app_20250111_00004893,2025-01-11 20:35:44,cust_1026619,NLAM,auto_loan,17961,48,845,low,approved,17961,partner,false,760
app_20250111_00004894,2025-01-11 22:27:46,cust_2336136,CZPR,education_loan,37183,12,603,medium,approved,37183,online_banking,false,824
app_20250111_00004895,2025-01-11 10:58:19,cust_8713640,ITMI,cash_loan,49022,42,581,medium,rejected,0,branch,false,84
app_20250111_00004896,2025-01-11 15:39:06,cust_7226412,ATVI,personal_loan,18868,30,680,medium,approved,18868,mobile,false,97
app_20250111_00004897,2025-01-11 11:53:38,cust_119297,UKLO,education_loan,11121,48,631,medium,approved,11121,web,true,443
app_20250111_00004898,2025-01-11 14:01:46,cust_6316598,ESMA,refinance,227715,120,850,low,approved,227715,mobile_app,true,513
app_20250111_00004899,2025-01-11 23:16:32,cust_1895418,GRRE,business_loan,35029,36,801,low,approved,35029,call_center,true,816
app_20250111_00004900,2025-01-11 10:18:53,cust_6531920,GRRE,refinance,391711,360,641,medium,rejected,0,call_center,true,59
app_20250111_00004901,2025-01-11 23:14:00,cust_247065,GRRE,business_loan,11474,12,536,medium,rejected,0,branch,false,116
app_20250111_00004902,2025-01-11 01:36:35,cust_3858859,ESMA,refinance,443117,240,701,low,approved,443117,atm,true,45
app_20250111_00004903,2025-01-11 02:30:57,cust_1175543,UKLO,education_loan,12737,24,781,low,rejected,0,branch,false,115
app_20250111_00004904,2025-01-11 21:05:50,cust_1688173,AUTR,auto_loan,45282,36,751,low,approved,45282,branch,false,280
app_20250111_00004905,2025-01-11 14:42:31,cust_1618282,GRRE,cash_loan,31506,18,607,medium,approved,31506,online_banking,false,42
app_20250111_00004906,2025-01-11 22:42:25,cust_8269352,UKLO,education_loan,15549,24,659,medium,approved,15549,mobile,false,362
app_20250111_00004907,2025-01-11 22:18:49,cust_3909286,AUTR,refinance,271769,240,558,medium,approved,271769,atm,true,318
app_20250111_00004908,2025-01-11 23:31:49,cust_6758057,ITMI,cash_loan,28892,42,630,medium,approved,28892,atm,false,831
app_20250111_00004909,2025-01-11 23:37:37,cust_4662924,UKLO,cash_loan,28629,42,717,low,approved,28629,web,true,505
app_20250111_00004910,2025-01-11 10:08:34,cust_4527606,DEHE,refinance,134660,180,738,low,approved,134660,mobile_app,true,525
app_20250111_00004911,2025-01-11 08:17:13,cust_6818172,UKLO,credit_card,38831,18,730,low,approved,38831,online_banking,false,80
app_20250111_00004912,2025-01-11 06:49:29,cust_1156439,SESV,education_loan,14166,36,524,medium,rejected,0,atm,true,105
app_20250111_00004913,2025-01-11 00:51:25,cust_8383038,ESMA,business_loan,25054,36,662,medium,approved,25054,mobile,true,315
app_20250111_00004914,2025-01-11 21:54:46,cust_9809614,ESMA,education_loan,35213,36,711,low,approved,35213,mobile_app,false,558
app_20250111_00004915,2025-01-11 01:03:51,cust_5713703,ITMI,cash_loan,40948,18,839,low,approved,40948,web,false,595
app_20250111_00004916,2025-01-11 20:47:53,cust_6928083,ATVI,cash_loan,42881,18,664,medium,approved,42881,branch,true,364
app_20250111_00004917,2025-01-11 19:25:05,cust_1147447,AUTR,personal_loan,20060,48,570,medium,approved,20060,web,false,150
app_20250111_00004918,2025-01-11 07:18:26,cust_4017348,BENL,business_loan,9440,12,670,medium,rejected,0,branch,false,6
app_20250111_00004919,2025-01-11 09:10:36,cust_2672803,NLAM,personal_loan,33220,42,700,low,approved,33220,online_banking,false,474
app_20250111_00004920,2025-01-11 09:41:41,cust_6749231,GRRE,education_loan,13840,12,765,low,approved,13840,atm,true,170
app_20250111_00004921,2025-01-11 22:58:46,cust_730596,PORP,auto_loan,56532,24,567,medium,approved,56532,partner,false,74
app_20250111_00004922,2025-01-11 05:18:32,cust_9040873,PORP,mortgage,271178,360,523,medium,approved,271178,call_center,false,104
app_20250111_00004923,2025-01-11 18:52:00,cust_6318230,CHBE,personal_loan,7806,36,446,high,rejected,0,mobile_app,false,140
app_20250111_00004924,2025-01-11 23:22:10,cust_2934423,PORP,cash_loan,23253,36,760,low,approved,23253,web,false,610
app_20250111_00004925,2025-01-11 10:42:39,cust_5396448,ITMI,credit_card,46335,12,641,medium,approved,46335,atm,false,784
app_20250111_00004926,2025-01-11 15:05:25,cust_4100577,DEHE,mortgage,411275,360,727,low,approved,411275,partner,false,650
app_20250111_00004927,2025-01-11 14:26:14,cust_9035655,CZPR,refinance,289879,300,692,medium,approved,289879,branch,false,551
app_20250111_00004928,2025-01-11 19:11:18,cust_7323434,CZPR,credit_card,25398,30,635,medium,approved,25398,atm,false,793
app_20250111_00004929,2025-01-11 01:03:55,cust_6395016,SESV,mortgage,69096,300,797,low,approved,69096,mobile,true,406
app_20250111_00004930,2025-01-11 16:20:01,cust_984800,PLWA,education_loan,36517,24,710,low,approved,36517,online_banking,false,62
app_20250111_00004931,2025-01-11 10:21:07,cust_7703649,PORP,cash_loan,28366,36,831,low,rejected,0,mobile,false,142
app_20250111_00004932,2025-01-11 09:51:06,cust_3953356,SESV,personal_loan,24318,42,666,medium,approved,24318,branch,false,354
app_20250111_00004933,2025-01-11 09:34:50,cust_4538946,ITMI,education_loan,4110,36,640,medium,approved,4110,atm,true,175
app_20250111_00004934,2025-01-11 08:27:04,cust_356790,PORP,mortgage,454603,180,600,medium,approved,454603,mobile_app,false,234
app_20250111_00004935,2025-01-11 19:19:52,cust_8096953,PLWA,business_loan,39529,36,554,medium,rejected,0,online_banking,false,104
app_20250111_00004936,2025-01-11 10:05:24,cust_5205131,ITMI,education_loan,39579,12,546,medium,approved,39579,mobile_app,true,645
app_20250111_00004937,2025-01-11 08:02:01,cust_5996464,CZPR,auto_loan,59996,48,606,medium,rejected,0,mobile,true,137
app_20250111_00004938,2025-01-11 17:31:41,cust_2644815,FRID,cash_loan,2818,18,718,low,approved,2818,branch,false,492
app_20250111_00004939,2025-01-11 04:54:15,cust_2867952,PLWA,auto_loan,30650,48,479,high,rejected,0,online_banking,true,150
app_20250111_00004940,2025-01-11 13:56:48,cust_6514904,DEHE,credit_card,46963,12,521,medium,approved,46963,web,false,593
app_20250111_00004941,2025-01-11 03:13:15,cust_170834,BENL,refinance,317225,300,602,medium,approved,317225,partner,false,374
app_20250111_00004942,2025-01-11 10:00:33,cust_3698886,NLAM,education_loan,21875,36,636,medium,approved,21875,branch,false,501
app_20250111_00004943,2025-01-11 15:32:14,cust_8737294,NLAM,credit_card,29758,24,778,low,approved,29758,online_banking,true,879
app_20250111_00004944,2025-01-11 23:47:18,cust_7907533,ESMA,auto_loan,36826,60,649,medium,rejected,0,online_banking,true,53
app_20250111_00004945,2025-01-11 23:26:32,cust_1731024,PLWA,credit_card,1617,12,673,medium,approved,1617,mobile_app,false,346
app_20250111_00004946,2025-01-11 19:33:38,cust_6711025,SESV,credit_card,16272,24,636,medium,approved,16272,call_center,true,463
app_20250111_00004947,2025-01-11 11:55:36,cust_6072156,GRRE,business_loan,18030,12,638,medium,rejected,0,partner,true,28
app_20250111_00004948,2025-01-11 06:17:27,cust_1317591,CHBE,personal_loan,26873,42,546,medium,approved,26873,mobile_app,true,356
app_20250111_00004949,2025-01-11 02:12:29,cust_5705346,SESV,refinance,476444,300,630,medium,approved,476444,mobile,true,469
app_20250111_00004950,2025-01-11 10:54:43,cust_1205807,SESV,refinance,147527,240,714,low,approved,147527,mobile,false,540
app_20250111_00004951,2025-01-11 11:35:02,cust_5886562,SESV,auto_loan,25954,36,462,high,rejected,0,branch,true,152
app_20250111_00004952,2025-01-11 16:26:14,cust_1997930,UKLO,personal_loan,12796,24,759,low,approved,12796,web,true,801
app_20250111_00004953,2025-01-11 20:47:11,cust_9496848,SESV,refinance,90197,240,685,medium,approved,90197,branch,true,209
app_20250111_00004954,2025-01-11 12:43:51,cust_2777380,AUTR,business_loan,24518,36,698,medium,approved,24518,mobile,false,489
app_20250111_00004955,2025-01-11 13:11:43,cust_3231773,PLWA,business_loan,33192,12,683,medium,approved,33192,web,true,230
app_20250111_00004956,2025-01-11 04:54:59,cust_4695805,DEHE,cash_loan,27491,42,575,medium,rejected,0,mobile,true,60
app_20250111_00004957,2025-01-11 16:05:38,cust_5241264,AUTR,business_loan,5807,60,619,medium,rejected,0,mobile_app,false,113
app_20250111_00004958,2025-01-11 11:05:51,cust_9439939,PORP,mortgage,64363,120,601,medium,rejected,0,call_center,false,55
app_20250111_00004959,2025-01-11 15:37:49,cust_4951441,FRID,credit_card,11823,36,599,medium,rejected,0,atm,true,150
app_20250111_00004960,2025-01-11 19:53:14,cust_8019723,CHBE,cash_loan,32407,36,778,low,approved,32407,mobile_app,true,300
app_20250111_00004961,2025-01-11 12:15:58,cust_3349879,ATVI,auto_loan,22568,72,363,high,rejected,0,web,true,7
app_20250111_00004962,2025-01-11 20:09:11,cust_8822758,PORP,mortgage,231670,120,525,medium,approved,231670,atm,false,737
app_20250111_00004963,2025-01-11 03:05:39,cust_9517616,ATVI,cash_loan,46380,18,710,low,approved,46380,web,false,812
app_20250111_00004964,2025-01-11 01:48:43,cust_2274033,CHBE,auto_loan,18148,72,692,medium,approved,18148,atm,false,51
app_20250111_00004965,2025-01-11 15:13:33,cust_2152507,AUTR,business_loan,38511,36,733,low,approved,38511,partner,true,504
app_20250111_00004966,2025-01-11 04:35:34,cust_1558781,DEHE,personal_loan,40470,42,568,medium,approved,40470,online_banking,false,112
app_20250111_00004967,2025-01-11 18:11:53,cust_4032654,GRRE,credit_card,9700,42,657,medium,approved,9700,mobile_app,false,539
app_20250111_00004968,2025-01-11 05:45:55,cust_5462466,CZPR,education_loan,17304,24,574,medium,rejected,0,online_banking,false,28
app_20250111_00004969,2025-01-11 06:51:51,cust_4536850,BENL,education_loan,12615,24,606,medium,approved,12615,mobile_app,true,813
app_20250111_00004970,2025-01-11 06:13:05,cust_5628720,FRID,credit_card,6238,42,579,medium,rejected,0,call_center,false,159
app_20250111_00004971,2025-01-11 20:19:16,cust_5816118,DEHE,mortgage,72612,300,737,low,approved,72612,mobile_app,true,607
app_20250111_00004972,2025-01-11 18:40:47,cust_6045423,ESMA,mortgage,299765,360,573,medium,approved,299765,mobile,true,642
app_20250111_00004973,2025-01-11 01:40:14,cust_5200180,AUTR,business_loan,29764,48,693,medium,rejected,0,mobile,true,120
app_20250111_00004974,2025-01-11 07:24:08,cust_3242922,ESMA,auto_loan,20587,60,655,medium,approved,20587,call_center,true,844
app_20250111_00004975,2025-01-11 10:27:30,cust_3282066,NLAM,refinance,402535,240,587,medium,rejected,0,partner,false,41
app_20250111_00004976,2025-01-11 19:07:56,cust_1230983,UKLO,education_loan,13026,48,413,high,rejected,0,web,true,9
app_20250111_00004977,2025-01-11 02:02:35,cust_6379811,DEHE,credit_card,9380,18,591,medium,approved,9380,call_center,true,316
app_20250111_00004978,2025-01-11 14:24:06,cust_9226303,NLAM,education_loan,18403,60,647,medium,approved,18403,web,true,446
app_20250111_00004979,2025-01-11 21:07:23,cust_178595,CHBE,education_loan,8981,12,651,medium,approved,8981,call_center,true,745
app_20250111_00004980,2025-01-11 21:13:10,cust_6719229,PORP,mortgage,429354,180,557,medium,approved,429354,web,false,774
app_20250111_00004981,2025-01-11 20:55:28,cust_6960279,AUTR,credit_card,21865,30,672,medium,approved,21865,online_banking,false,624
app_20250111_00004982,2025-01-11 02:28:10,cust_850008,SESV,credit_card,32408,12,775,low,approved,32408,atm,true,452
app_20250111_00004983,2025-01-11 02:10:49,cust_2291291,GRRE,education_loan,6105,24,702,low,approved,6105,atm,false,734
app_20250111_00004984,2025-01-11 15:14:03,cust_7796399,ITMI,mortgage,358581,120,618,medium,approved,358581,branch,true,205
app_20250111_00004985,2025-01-11 19:38:33,cust_6400784,GRRE,refinance,139460,360,530,medium,approved,139460,web,true,114
app_20250111_00004986,2025-01-11 17:45:38,cust_9943938,BENL,business_loan,3631,24,842,low,approved,3631,mobile,false,293
app_20250111_00004987,2025-01-11 19:29:28,cust_1244168,ATVI,education_loan,8140,48,605,medium,approved,8140,mobile,true,192
app_20250111_00004988,2025-01-11 04:04:36,cust_6557024,AUTR,mortgage,432862,180,617,medium,rejected,0,mobile_app,false,24
app_20250111_00004989,2025-01-11 20:48:08,cust_8735146,ITMI,refinance,186777,300,697,medium,approved,186777,partner,false,141
app_20250111_00004990,2025-01-11 18:04:47,cust_3356000,PLWA,auto_loan,39894,36,734,low,approved,39894,web,true,393
app_20250111_00004991,2025-01-11 15:24:35,cust_6535966,CHBE,credit_card,17889,48,651,medium,approved,17889,partner,false,649
app_20250111_00004992,2025-01-11 13:55:21,cust_2024972,AUTR,mortgage,189341,360,524,medium,approved,189341,atm,false,557
app_20250111_00004993,2025-01-11 12:42:18,cust_3073210,AUTR,business_loan,27485,24,710,low,rejected,0,branch,true,50
app_20250111_00004994,2025-01-11 16:21:01,cust_9104372,CHBE,refinance,296592,180,702,low,rejected,0,mobile_app,false,8
app_20250111_00004995,2025-01-11 22:56:45,cust_8796789,NLAM,personal_loan,2430,48,656,medium,approved,2430,mobile_app,false,650
app_20250111_00004996,2025-01-11 10:26:09,cust_1465290,SESV,mortgage,427825,300,721,low,approved,427825,branch,true,637
app_20250111_00004997,2025-01-11 05:24:53,cust_7478095,ATVI,mortgage,304423,240,768,low,approved,304423,online_banking,true,325
app_20250111_00004998,2025-01-11 00:19:52,cust_6922641,AUTR,refinance,438161,120,564,medium,rejected,0,online_banking,true,16
app_20250111_00004999,2025-01-11 18:45:21,cust_9480464,AUTR,auto_loan,32476,24,822,low,approved,32476,web,true,313
app_20250111_00005000,2025-01-11 01:24:48,cust_2594405,ITMI,business_loan,26320,60,804,low,approved,26320,call_center,true,872
app_20250111_00005001,2025-01-11 11:17:45,cust_3950343,PORP,refinance,389560,240,750,low,rejected,0,web,false,76
app_20250111_00005002,2025-01-11 01:25:30,cust_9961366,AUTR,personal_loan,14976,36,542,medium,rejected,0,atm,false,122
app_20250111_00005003,2025-01-11 01:41:14,cust_6867609,PORP,auto_loan,13085,24,721,low,rejected,0,call_center,true,54
app_20250111_00005004,2025-01-11 23:14:00,cust_3277668,ESMA,personal_loan,49961,24,809,low,approved,49961,atm,true,604
app_20250111_00005005,2025-01-11 18:18:33,cust_4092949,UKLO,refinance,311517,360,630,medium,approved,311517,branch,true,619
app_20250111_00005006,2025-01-11 02:42:08,cust_1698985,PLWA,education_loan,31277,60,395,high,rejected,0,web,false,58
app_20250111_00005007,2025-01-11 06:25:07,cust_3373446,CHBE,education_loan,36741,60,696,medium,rejected,0,branch,false,40
app_20250111_00005008,2025-01-11 15:57:13,cust_1429737,ITMI,mortgage,82290,300,602,medium,approved,82290,call_center,true,780
app_20250111_00005009,2025-01-11 22:20:29,cust_9150538,GRRE,auto_loan,57124,60,605,medium,rejected,0,mobile,true,168
app_20250111_00005010,2025-01-11 03:26:15,cust_5937114,PLWA,auto_loan,32996,72,754,low,approved,32996,partner,true,483
app_20250111_00005011,2025-01-11 03:24:38,cust_1818674,ITMI,cash_loan,6905,48,479,high,rejected,0,partner,true,105
app_20250111_00005012,2025-01-11 03:26:19,cust_3839915,UKLO,personal_loan,2536,18,681,medium,approved,2536,web,false,592
app_20250111_00005013,2025-01-11 04:14:30,cust_504481,NLAM,auto_loan,9339,72,614,medium,approved,9339,online_banking,false,630
app_20250111_00005014,2025-01-11 06:03:45,cust_1353275,BENL,credit_card,37267,36,672,medium,approved,37267,branch,true,589
app_20250111_00005015,2025-01-11 16:39:10,cust_7656608,SESV,mortgage,361009,180,640,medium,approved,361009,branch,true,573
app_20250111_00005016,2025-01-11 09:41:43,cust_9374200,UKLO,refinance,482075,360,559,medium,rejected,0,mobile,false,51
app_20250111_00005017,2025-01-11 06:11:24,cust_9162504,PORP,auto_loan,41185,48,529,medium,rejected,0,mobile,false,120
app_20250111_00005018,2025-01-11 07:29:11,cust_4447713,ITMI,credit_card,32984,48,739,low,approved,32984,online_banking,false,50
app_20250111_00005019,2025-01-11 09:53:44,cust_3154285,GRRE,credit_card,26776,48,669,medium,rejected,0,partner,false,172
app_20250111_00005020,2025-01-11 06:43:36,cust_4517495,GRRE,cash_loan,38048,12,614,medium,approved,38048,online_banking,false,224
app_20250111_00005021,2025-01-11 09:54:44,cust_1977969,DEHE,refinance,103410,120,642,medium,approved,103410,mobile_app,true,741
app_20250111_00005022,2025-01-11 00:08:03,cust_722545,ITMI,credit_card,44135,18,594,medium,approved,44135,partner,true,796
app_20250111_00005023,2025-01-11 15:52:38,cust_3084270,PORP,education_loan,11446,24,632,medium,approved,11446,branch,false,607
app_20250111_00005024,2025-01-11 10:32:32,cust_7004619,ESMA,education_loan,5989,36,611,medium,approved,5989,branch,false,695
app_20250111_00005025,2025-01-11 18:58:16,cust_4338191,PLWA,personal_loan,15992,48,796,low,approved,15992,online_banking,true,319
app_20250111_00005026,2025-01-11 06:37:18,cust_9674938,DEHE,business_loan,2235,36,673,medium,approved,2235,partner,true,830
app_20250111_00005027,2025-01-11 16:17:58,cust_3592919,DEHE,education_loan,34480,12,650,medium,approved,34480,mobile,false,871
app_20250111_00005028,2025-01-11 20:26:01,cust_8075456,ESMA,refinance,343284,300,843,low,rejected,0,mobile_app,true,47
app_20250111_00005029,2025-01-11 00:19:08,cust_9766739,CZPR,business_loan,39229,60,368,high,rejected,0,call_center,true,7
app_20250111_00005030,2025-01-11 18:17:21,cust_3607340,FRID,mortgage,366922,180,641,medium,rejected,0,branch,false,99
app_20250111_00005031,2025-01-11 16:09:39,cust_5116586,FRID,mortgage,241405,180,643,medium,approved,241405,mobile,false,294
app_20250111_00005032,2025-01-11 12:50:46,cust_654602,FRID,credit_card,44184,48,681,medium,approved,44184,mobile_app,false,244
app_20250111_00005033,2025-01-11 11:51:57,cust_9131656,PLWA,refinance,132054,300,663,medium,approved,132054,call_center,false,96
app_20250111_00005034,2025-01-11 01:02:05,cust_6977524,CZPR,credit_card,6646,12,812,low,rejected,0,mobile_app,true,61
app_20250111_00005035,2025-01-11 02:53:25,cust_7994471,ITMI,mortgage,418022,300,502,medium,rejected,0,web,false,6
app_20250111_00005036,2025-01-11 05:29:47,cust_4700831,DEHE,personal_loan,36312,30,672,medium,approved,36312,mobile_app,true,147
app_20250111_00005037,2025-01-11 11:00:38,cust_2664655,ITMI,cash_loan,36019,18,750,low,approved,36019,online_banking,false,325
app_20250111_00005038,2025-01-11 18:22:43,cust_3008312,GRRE,refinance,370002,360,778,low,approved,370002,branch,true,213
app_20250111_00005039,2025-01-11 21:40:10,cust_225264,NLAM,education_loan,13057,48,753,low,approved,13057,branch,true,610
app_20250111_00005040,2025-01-11 23:29:04,cust_8918099,BENL,auto_loan,36752,60,725,low,rejected,0,web,true,49
app_20250111_00005041,2025-01-11 13:47:46,cust_4819237,CZPR,credit_card,46134,42,700,low,approved,46134,web,true,769
app_20250111_00005042,2025-01-11 03:37:36,cust_1755925,FRID,cash_loan,28425,24,488,high,rejected,0,atm,false,34
app_20250111_00005043,2025-01-11 15:46:09,cust_4004049,ITMI,business_loan,33829,12,684,medium,rejected,0,call_center,true,32
app_20250111_00005044,2025-01-11 08:39:53,cust_9821538,UKLO,education_loan,23794,36,711,low,approved,23794,web,false,263
app_20250111_00005045,2025-01-11 05:01:20,cust_2173366,ESMA,refinance,464853,120,556,medium,approved,464853,online_banking,false,42
app_20250111_00005046,2025-01-11 01:15:33,cust_3198779,CHBE,mortgage,105906,240,701,low,approved,105906,call_center,false,99
app_20250111_00005047,2025-01-11 09:21:58,cust_3739801,ATVI,business_loan,18922,12,651,medium,approved,18922,mobile_app,false,422
app_20250111_00005048,2025-01-11 16:26:32,cust_5976552,BENL,credit_card,35904,24,709,low,approved,35904,call_center,false,726
app_20250111_00005049,2025-01-11 10:04:51,cust_8358184,PORP,personal_loan,7984,42,619,medium,rejected,0,web,true,121
app_20250111_00005050,2025-01-11 13:28:03,cust_7363400,PORP,mortgage,296479,120,551,medium,approved,296479,atm,true,98
app_20250111_00005051,2025-01-11 10:58:32,cust_8362396,CZPR,refinance,129893,120,478,high,rejected,0,mobile,false,115
app_20250111_00005052,2025-01-11 08:33:23,cust_6662902,PORP,refinance,471819,360,641,medium,approved,471819,call_center,false,565
app_20250111_00005053,2025-01-11 12:46:39,cust_9091005,ITMI,personal_loan,20903,42,739,low,rejected,0,web,false,106
app_20250111_00005054,2025-01-11 03:23:21,cust_6849653,PORP,business_loan,9766,24,692,medium,rejected,0,call_center,false,114
app_20250111_00005055,2025-01-11 05:01:06,cust_2664125,GRRE,personal_loan,12714,36,750,low,approved,12714,mobile_app,false,623
app_20250111_00005056,2025-01-11 19:42:06,cust_1737282,ATVI,personal_loan,39825,24,622,medium,approved,39825,online_banking,false,68
app_20250111_00005057,2025-01-11 08:42:48,cust_4239216,CZPR,business_loan,25623,12,741,low,approved,25623,mobile,true,767
app_20250111_00005058,2025-01-11 06:26:26,cust_7537466,PLWA,personal_loan,25631,24,520,medium,rejected,0,branch,false,154
app_20250111_00005059,2025-01-11 19:21:00,cust_6738299,PORP,credit_card,34357,12,740,low,approved,34357,mobile,false,843
app_20250111_00005060,2025-01-11 18:45:36,cust_5781943,SESV,mortgage,103022,360,662,medium,rejected,0,web,true,157
app_20250111_00005061,2025-01-11 06:27:35,cust_7183434,UKLO,mortgage,465347,360,652,medium,approved,465347,mobile_app,false,536
app_20250111_00005062,2025-01-11 16:52:14,cust_1298873,CZPR,education_loan,18480,12,593,medium,rejected,0,mobile,false,142
app_20250111_00005063,2025-01-11 10:35:05,cust_688639,AUTR,credit_card,13301,24,607,medium,approved,13301,partner,false,72
app_20250111_00005064,2025-01-11 06:10:36,cust_4418618,PLWA,cash_loan,33075,42,764,low,approved,33075,web,true,382
app_20250111_00005065,2025-01-11 06:02:57,cust_5049668,FRID,refinance,103722,360,752,low,approved,103722,web,true,452
app_20250111_00005066,2025-01-11 14:23:45,cust_1055736,PORP,credit_card,13289,18,516,medium,approved,13289,atm,true,34
app_20250111_00005067,2025-01-11 07:33:26,cust_7298461,CZPR,business_loan,29563,60,555,medium,rejected,0,online_banking,true,25
app_20250111_00005068,2025-01-11 07:38:24,cust_1242738,SESV,business_loan,20953,36,498,high,rejected,0,branch,false,31
app_20250111_00005069,2025-01-11 19:12:21,cust_3837413,SESV,credit_card,49807,36,703,low,approved,49807,branch,true,458
app_20250111_00005070,2025-01-11 15:08:54,cust_2686188,CZPR,credit_card,9144,30,793,low,approved,9144,call_center,true,808
app_20250111_00005071,2025-01-11 23:05:28,cust_7953730,ESMA,education_loan,17253,60,612,medium,approved,17253,online_banking,false,884
app_20250111_00005072,2025-01-11 06:08:07,cust_1823697,UKLO,refinance,157765,120,572,medium,rejected,0,branch,true,168
app_20250111_00005073,2025-01-11 05:09:10,cust_1425191,AUTR,refinance,457365,300,625,medium,approved,457365,online_banking,true,664
app_20250111_00005074,2025-01-11 22:10:28,cust_1852125,PORP,cash_loan,46517,30,614,medium,approved,46517,mobile,true,576
app_20250111_00005075,2025-01-11 09:21:19,cust_7863414,GRRE,education_loan,8545,60,517,medium,rejected,0,mobile,false,136
app_20250111_00005076,2025-01-11 19:27:56,cust_4548327,ITMI,cash_loan,11865,42,619,medium,approved,11865,online_banking,true,492
app_20250111_00005077,2025-01-11 10:53:13,cust_5272111,ESMA,auto_loan,5320,48,850,low,approved,5320,mobile,true,244
app_20250111_00005078,2025-01-11 03:34:45,cust_9446639,SESV,education_loan,12466,12,655,medium,rejected,0,web,false,7
app_20250111_00005079,2025-01-11 09:53:43,cust_4722614,CZPR,cash_loan,7397,42,572,medium,rejected,0,partner,true,164
app_20250111_00005080,2025-01-11 15:57:37,cust_5440681,ESMA,auto_loan,59267,24,730,low,approved,59267,atm,false,74
app_20250111_00005081,2025-01-11 13:45:05,cust_856205,DEHE,credit_card,5756,30,529,medium,rejected,0,mobile,true,71
app_20250111_00005082,2025-01-11 17:53:49,cust_2260234,UKLO,personal_loan,15951,48,713,low,approved,15951,partner,true,65
app_20250111_00005083,2025-01-11 00:04:36,cust_9865350,BENL,cash_loan,48534,24,630,medium,approved,48534,web,false,564
app_20250111_00005084,2025-01-11 06:57:44,cust_988749,GRRE,education_loan,30331,60,541,medium,rejected,0,web,false,74
app_20250111_00005085,2025-01-11 22:13:06,cust_6021595,FRID,education_loan,24016,48,664,medium,approved,24016,mobile_app,true,766
app_20250111_00005086,2025-01-11 00:02:54,cust_8751678,PORP,mortgage,50728,180,749,low,approved,50728,mobile,true,214
app_20250111_00005087,2025-01-11 06:04:18,cust_8556862,SESV,refinance,461098,120,770,low,approved,461098,branch,false,78
app_20250111_00005088,2025-01-11 03:13:15,cust_9842775,DEHE,refinance,259879,240,496,high,rejected,0,mobile_app,false,5
app_20250111_00005089,2025-01-11 00:27:38,cust_5257251,ATVI,credit_card,14380,36,614,medium,approved,14380,web,false,722
app_20250111_00005090,2025-01-11 16:30:02,cust_6056474,PLWA,credit_card,18701,48,643,medium,rejected,0,online_banking,true,116
app_20250111_00005091,2025-01-11 00:55:33,cust_1852965,BENL,mortgage,65972,360,836,low,approved,65972,atm,true,608
app_20250111_00005092,2025-01-11 13:36:08,cust_5016805,FRID,cash_loan,31365,24,626,medium,approved,31365,mobile_app,false,46
app_20250111_00005093,2025-01-11 19:28:25,cust_569614,UKLO,credit_card,36199,48,649,medium,approved,36199,web,true,97
app_20250111_00005094,2025-01-11 03:57:20,cust_1675382,BENL,credit_card,31265,30,647,medium,approved,31265,call_center,false,101
app_20250111_00005095,2025-01-11 16:56:34,cust_5415581,NLAM,auto_loan,16738,60,675,medium,rejected,0,mobile_app,true,48
app_20250111_00005096,2025-01-11 12:21:22,cust_5332517,ITMI,mortgage,111972,120,544,medium,rejected,0,mobile,true,127
app_20250111_00005097,2025-01-11 14:09:53,cust_9071750,PLWA,mortgage,252926,240,787,low,approved,252926,atm,false,265
app_20250111_00005098,2025-01-11 04:38:23,cust_8710856,CHBE,personal_loan,6474,48,739,low,approved,6474,partner,true,584
app_20250111_00005099,2025-01-11 19:08:34,cust_1572620,BENL,personal_loan,9211,30,673,medium,rejected,0,partner,false,119
app_20250111_00005100,2025-01-11 03:09:49,cust_7314511,PLWA,personal_loan,29095,36,726,low,approved,29095,mobile_app,false,473
app_20250111_00005101,2025-01-11 09:17:05,cust_5509232,BENL,education_loan,35185,12,711,low,approved,35185,branch,true,805
app_20250111_00005102,2025-01-11 11:48:46,cust_3984481,BENL,personal_loan,47768,24,648,medium,rejected,0,online_banking,false,46
app_20250111_00005103,2025-01-11 21:30:23,cust_7272620,AUTR,business_loan,39562,24,785,low,approved,39562,branch,false,436
app_20250111_00005104,2025-01-11 02:01:52,cust_1222389,UKLO,cash_loan,40738,18,580,medium,approved,40738,call_center,false,771
app_20250111_00005105,2025-01-11 13:44:25,cust_798553,CHBE,personal_loan,43049,18,727,low,approved,43049,mobile_app,false,290
app_20250111_00005106,2025-01-11 12:02:42,cust_9172368,PORP,personal_loan,41313,24,697,medium,approved,41313,atm,false,55
app_20250111_00005107,2025-01-11 17:43:10,cust_3343509,UKLO,cash_loan,37243,36,607,medium,approved,37243,online_banking,true,35
app_20250111_00005108,2025-01-11 02:09:34,cust_5032124,PLWA,refinance,83544,120,720,low,approved,83544,branch,true,859
app_20250111_00005109,2025-01-11 12:11:52,cust_4880960,PORP,mortgage,160982,300,848,low,approved,160982,mobile_app,true,310
app_20250111_00005110,2025-01-11 19:07:43,cust_5486925,BENL,cash_loan,14516,48,507,medium,rejected,0,branch,true,148
app_20250111_00005111,2025-01-11 18:16:15,cust_8040831,ESMA,personal_loan,21406,24,591,medium,approved,21406,atm,true,513
app_20250111_00005112,2025-01-11 02:17:52,cust_8843384,CZPR,business_loan,33737,24,588,medium,approved,33737,branch,true,269
app_20250111_00005113,2025-01-11 22:12:09,cust_8739385,CZPR,credit_card,11065,12,669,medium,approved,11065,atm,true,296
app_20250111_00005114,2025-01-11 19:11:30,cust_7069689,CHBE,credit_card,26365,18,576,medium,approved,26365,branch,false,244
app_20250111_00005115,2025-01-11 21:32:33,cust_1282960,UKLO,refinance,53236,180,465,high,rejected,0,online_banking,true,136
app_20250111_00005116,2025-01-11 21:19:39,cust_1699349,BENL,refinance,344951,120,805,low,approved,344951,online_banking,false,613
app_20250111_00005117,2025-01-11 09:52:14,cust_4691899,DEHE,personal_loan,42215,18,775,low,approved,42215,branch,true,304
app_20250111_00005118,2025-01-11 05:26:46,cust_9450009,PORP,personal_loan,47436,24,563,medium,rejected,0,branch,true,161
app_20250111_00005119,2025-01-11 22:38:46,cust_6515247,DEHE,auto_loan,11538,60,629,medium,approved,11538,online_banking,false,758
app_20250111_00005120,2025-01-11 07:27:30,cust_9584763,FRID,refinance,420261,300,583,medium,rejected,0,call_center,false,122
app_20250111_00005121,2025-01-11 05:17:25,cust_419696,PLWA,education_loan,10913,36,850,low,approved,10913,online_banking,false,421
app_20250111_00005122,2025-01-11 03:40:49,cust_7035775,CZPR,mortgage,305661,300,580,medium,approved,305661,atm,false,281
app_20250111_00005123,2025-01-11 08:39:46,cust_3849068,ESMA,credit_card,48099,30,747,low,approved,48099,partner,false,658
app_20250111_00005124,2025-01-11 18:17:29,cust_9326514,BENL,personal_loan,25760,12,530,medium,rejected,0,call_center,true,84
app_20250111_00005125,2025-01-11 15:27:45,cust_3083678,CHBE,personal_loan,6813,30,551,medium,approved,6813,web,false,163
app_20250111_00005126,2025-01-11 17:02:35,cust_2367967,SESV,personal_loan,5607,24,610,medium,rejected,0,web,true,75
app_20250111_00005127,2025-01-11 12:30:53,cust_5522988,BENL,business_loan,20465,24,628,medium,approved,20465,online_banking,false,90
app_20250111_00005128,2025-01-11 23:22:52,cust_7362884,UKLO,credit_card,33720,36,576,medium,approved,33720,web,true,778
app_20250111_00005129,2025-01-11 23:27:41,cust_6422871,PLWA,business_loan,23074,60,623,medium,approved,23074,partner,true,819
app_20250111_00005130,2025-01-11 13:32:15,cust_3976396,FRID,credit_card,9314,18,647,medium,rejected,0,online_banking,true,53
app_20250111_00005131,2025-01-11 05:46:19,cust_9813984,AUTR,cash_loan,49777,42,724,low,approved,49777,partner,false,876
app_20250111_00005132,2025-01-11 14:45:08,cust_677718,ITMI,auto_loan,56710,36,657,medium,approved,56710,branch,false,872
app_20250111_00005133,2025-01-11 07:41:55,cust_4785492,GRRE,cash_loan,22889,24,615,medium,rejected,0,web,false,103
app_20250111_00005134,2025-01-11 03:09:43,cust_8025872,BENL,cash_loan,28212,18,700,low,approved,28212,branch,true,463
app_20250111_00005135,2025-01-11 04:25:47,cust_7429253,FRID,refinance,87935,360,522,medium,approved,87935,atm,true,737
app_20250111_00005136,2025-01-11 21:16:24,cust_2719370,AUTR,credit_card,47711,30,795,low,approved,47711,online_banking,false,746
app_20250111_00005137,2025-01-11 20:57:44,cust_2437847,CHBE,education_loan,13907,36,474,high,rejected,0,call_center,false,75
app_20250111_00005138,2025-01-11 21:33:54,cust_4623580,AUTR,refinance,489861,360,624,medium,approved,489861,online_banking,true,170
app_20250111_00005139,2025-01-11 02:45:45,cust_2981251,NLAM,auto_loan,50807,72,637,medium,approved,50807,branch,false,89
app_20250111_00005140,2025-01-11 05:36:48,cust_6575992,CHBE,mortgage,447461,120,769,low,approved,447461,mobile,true,589
app_20250111_00005141,2025-01-11 13:23:05,cust_1268317,ESMA,auto_loan,13477,36,628,medium,approved,13477,atm,false,112
app_20250111_00005142,2025-01-11 20:25:08,cust_4497999,ITMI,auto_loan,6745,48,684,medium,approved,6745,partner,false,192
app_20250111_00005143,2025-01-11 02:33:28,cust_8414387,BENL,cash_loan,17431,48,539,medium,approved,17431,call_center,true,824
app_20250111_00005144,2025-01-11 00:14:34,cust_2248395,DEHE,cash_loan,15677,18,758,low,approved,15677,atm,true,622
app_20250111_00005145,2025-01-11 09:38:20,cust_7245407,PLWA,refinance,76271,300,609,medium,approved,76271,atm,true,690
app_20250111_00005146,2025-01-11 01:34:38,cust_9318390,BENL,business_loan,34364,12,822,low,approved,34364,mobile_app,false,671
app_20250111_00005147,2025-01-11 18:44:09,cust_6035154,CHBE,education_loan,19179,12,586,medium,rejected,0,mobile,true,26
app_20250111_00005148,2025-01-11 10:57:28,cust_6803287,ATVI,education_loan,23359,36,666,medium,approved,23359,online_banking,false,255
app_20250111_00005149,2025-01-11 05:29:55,cust_8514544,CHBE,credit_card,5519,48,822,low,approved,5519,call_center,true,311
app_20250111_00005150,2025-01-11 00:40:16,cust_2258513,UKLO,personal_loan,22479,48,678,medium,approved,22479,partner,true,201
app_20250111_00005151,2025-01-11 12:47:02,cust_9533989,ITMI,cash_loan,32533,36,742,low,approved,32533,branch,false,566
app_20250111_00005152,2025-01-11 19:44:20,cust_9719155,ESMA,education_loan,30104,48,722,low,approved,30104,mobile,false,298
app_20250111_00005153,2025-01-11 19:24:40,cust_3833739,PORP,education_loan,24559,48,707,low,approved,24559,web,true,461
app_20250111_00005154,2025-01-11 05:43:23,cust_259008,GRRE,personal_loan,48361,24,717,low,approved,48361,partner,false,753
app_20250111_00005155,2025-01-11 08:12:16,cust_4647561,FRID,mortgage,240067,180,704,low,approved,240067,atm,false,572
app_20250111_00005156,2025-01-11 06:57:25,cust_6668876,PORP,cash_loan,32989,42,653,medium,rejected,0,atm,true,126
app_20250111_00005157,2025-01-11 21:51:43,cust_1813419,CHBE,education_loan,8202,24,544,medium,rejected,0,partner,false,42
app_20250111_00005158,2025-01-11 16:35:35,cust_7053989,GRRE,mortgage,374776,180,652,medium,approved,374776,call_center,false,187
app_20250111_00005159,2025-01-11 11:18:08,cust_6362070,AUTR,personal_loan,13817,24,703,low,approved,13817,mobile,false,744
app_20250111_00005160,2025-01-11 15:25:38,cust_3531057,PORP,refinance,109163,240,575,medium,approved,109163,partner,false,70
app_20250111_00005161,2025-01-11 00:33:46,cust_4358634,ITMI,cash_loan,25962,36,738,low,approved,25962,mobile_app,true,118
app_20250111_00005162,2025-01-11 15:35:46,cust_517605,ITMI,credit_card,34885,24,503,medium,rejected,0,mobile_app,true,93
app_20250111_00005163,2025-01-11 04:04:17,cust_251570,DEHE,personal_loan,49438,18,729,low,approved,49438,web,true,357
app_20250111_00005164,2025-01-11 02:23:46,cust_8919967,SESV,mortgage,480287,180,591,medium,rejected,0,atm,true,134
app_20250111_00005165,2025-01-11 02:39:31,cust_3165132,ESMA,business_loan,4354,60,510,medium,approved,4354,mobile,false,348
app_20250111_00005166,2025-01-11 05:27:32,cust_671768,CHBE,mortgage,128916,240,788,low,rejected,0,mobile,false,102
app_20250111_00005167,2025-01-11 22:21:59,cust_6433458,UKLO,personal_loan,49627,42,736,low,approved,49627,web,true,173
app_20250111_00005168,2025-01-11 20:06:37,cust_2404328,NLAM,personal_loan,29186,36,633,medium,approved,29186,branch,false,314
app_20250111_00005169,2025-01-11 12:55:49,cust_635267,SESV,cash_loan,26983,18,650,medium,approved,26983,branch,true,534
app_20250111_00005170,2025-01-11 09:58:14,cust_2811880,BENL,refinance,242866,120,561,medium,rejected,0,call_center,true,149
app_20250111_00005171,2025-01-11 19:26:36,cust_826354,PORP,personal_loan,1946,12,792,low,approved,1946,mobile,true,498
app_20250111_00005172,2025-01-11 10:14:32,cust_8441011,PORP,credit_card,46955,48,660,medium,approved,46955,branch,false,202
app_20250111_00005173,2025-01-11 02:27:35,cust_1969980,GRRE,mortgage,387033,120,709,low,approved,387033,atm,false,173
app_20250111_00005174,2025-01-11 01:03:13,cust_1762869,FRID,credit_card,39515,42,744,low,approved,39515,mobile_app,false,786
app_20250111_00005175,2025-01-11 04:43:11,cust_9687892,CZPR,personal_loan,38509,36,657,medium,approved,38509,partner,false,512
app_20250111_00005176,2025-01-11 22:27:08,cust_3018580,ATVI,cash_loan,2719,42,803,low,approved,2719,web,false,539
app_20250111_00005177,2025-01-11 22:17:48,cust_3292518,AUTR,cash_loan,47464,24,722,low,approved,47464,atm,true,797
app_20250111_00005178,2025-01-11 03:44:37,cust_3752823,SESV,business_loan,8336,36,673,medium,approved,8336,mobile,false,90
app_20250111_00005179,2025-01-11 16:01:50,cust_291345,PLWA,personal_loan,46075,36,665,medium,rejected,0,web,true,37
app_20250111_00005180,2025-01-11 12:10:47,cust_3814282,DEHE,refinance,454185,360,799,low,rejected,0,web,true,20
app_20250111_00005181,2025-01-11 16:31:46,cust_1247762,GRRE,personal_loan,45792,36,669,medium,approved,45792,branch,false,663
app_20250111_00005182,2025-01-11 04:30:44,cust_124656,NLAM,refinance,422493,120,608,medium,rejected,0,branch,false,28
app_20250111_00005183,2025-01-11 15:48:56,cust_2044719,ATVI,business_loan,32590,60,568,medium,rejected,0,call_center,true,57
app_20250111_00005184,2025-01-11 09:32:43,cust_8690773,PORP,education_loan,11874,24,736,low,approved,11874,online_banking,true,142
app_20250111_00005185,2025-01-11 01:06:09,cust_615913,ATVI,refinance,296659,360,541,medium,rejected,0,online_banking,false,61
app_20250111_00005186,2025-01-11 22:26:28,cust_2652625,SESV,credit_card,29013,18,797,low,approved,29013,call_center,true,796
app_20250111_00005187,2025-01-11 15:55:42,cust_8971114,ATVI,cash_loan,20978,30,605,medium,approved,20978,call_center,true,633
app_20250111_00005188,2025-01-11 15:18:04,cust_5032392,PLWA,mortgage,440538,360,762,low,approved,440538,mobile_app,true,589
app_20250111_00005189,2025-01-11 07:48:33,cust_4157396,GRRE,cash_loan,20577,12,479,high,rejected,0,web,true,32
app_20250111_00005190,2025-01-11 19:17:20,cust_3955666,PORP,education_loan,31636,12,679,medium,approved,31636,partner,true,535
app_20250111_00005191,2025-01-11 11:34:58,cust_2094154,ESMA,mortgage,492295,300,551,medium,approved,492295,mobile_app,false,239
app_20250111_00005192,2025-01-11 07:54:03,cust_4750682,GRRE,credit_card,44786,12,646,medium,rejected,0,web,false,135
app_20250111_00005193,2025-01-11 05:30:12,cust_357653,CHBE,mortgage,146706,360,592,medium,rejected,0,call_center,false,36
app_20250111_00005194,2025-01-11 03:45:24,cust_3927612,CZPR,education_loan,33687,60,678,medium,approved,33687,web,false,639
app_20250111_00005195,2025-01-11 10:15:15,cust_1079019,AUTR,refinance,296979,180,510,medium,approved,296979,atm,false,184
app_20250111_00005196,2025-01-11 15:20:11,cust_8391908,CZPR,refinance,82640,120,717,low,approved,82640,atm,true,293
app_20250111_00005197,2025-01-11 11:50:51,cust_4719055,PLWA,personal_loan,38446,42,607,medium,rejected,0,branch,true,172
app_20250111_00005198,2025-01-11 19:26:53,cust_1781374,UKLO,credit_card,27930,48,686,medium,approved,27930,call_center,true,460
app_20250111_00005199,2025-01-11 13:28:27,cust_8468768,PORP,business_loan,26826,36,616,medium,rejected,0,atm,true,164
app_20250111_00005200,2025-01-11 23:33:21,cust_8084407,DEHE,education_loan,12277,48,594,medium,approved,12277,partner,false,754
app_20250111_00005201,2025-01-11 04:06:54,cust_1431058,ESMA,education_loan,5305,36,519,medium,rejected,0,mobile,false,109
app_20250111_00005202,2025-01-11 09:29:13,cust_8711258,FRID,business_loan,30702,12,588,medium,rejected,0,partner,true,167
app_20250111_00005203,2025-01-11 17:49:21,cust_7499692,SESV,mortgage,165638,240,508,medium,approved,165638,branch,true,484
app_20250111_00005204,2025-01-11 12:41:49,cust_3618228,ITMI,business_loan,14483,24,608,medium,approved,14483,branch,true,806
app_20250111_00005205,2025-01-11 07:38:17,cust_8778490,PORP,auto_loan,30757,72,750,low,approved,30757,atm,true,128
app_20250111_00005206,2025-01-11 14:23:33,cust_5872600,NLAM,business_loan,25673,36,484,high,rejected,0,partner,false,88
app_20250111_00005207,2025-01-11 12:29:39,cust_5623457,PLWA,education_loan,24902,60,681,medium,rejected,0,branch,true,97
app_20250111_00005208,2025-01-11 02:39:05,cust_6799130,PORP,auto_loan,22719,24,594,medium,approved,22719,mobile_app,true,453
app_20250111_00005209,2025-01-11 21:12:17,cust_3712535,PLWA,cash_loan,47468,24,658,medium,rejected,0,partner,true,38
app_20250111_00005210,2025-01-11 20:40:41,cust_8615123,ATVI,personal_loan,14608,18,804,low,approved,14608,mobile_app,false,663
app_20250111_00005211,2025-01-11 22:14:06,cust_8920275,UKLO,education_loan,21305,60,676,medium,approved,21305,mobile_app,true,505
app_20250111_00005212,2025-01-11 02:10:26,cust_9485308,UKLO,credit_card,44283,30,687,medium,approved,44283,partner,false,655
app_20250111_00005213,2025-01-11 14:00:34,cust_4362483,BENL,refinance,344546,300,487,high,rejected,0,partner,false,86
app_20250111_00005214,2025-01-11 11:12:55,cust_5569007,CHBE,education_loan,24640,24,703,low,approved,24640,online_banking,true,544
app_20250111_00005215,2025-01-11 14:57:21,cust_4821640,GRRE,cash_loan,42944,36,765,low,approved,42944,atm,false,636
app_20250111_00005216,2025-01-11 03:00:51,cust_7683817,NLAM,personal_loan,12876,42,625,medium,approved,12876,web,false,113
app_20250111_00005217,2025-01-11 00:50:43,cust_5013322,PLWA,personal_loan,46362,36,583,medium,rejected,0,branch,false,179
app_20250111_00005218,2025-01-11 07:25:11,cust_6000160,GRRE,credit_card,23872,12,559,medium,approved,23872,branch,true,411
app_20250111_00005219,2025-01-11 10:27:17,cust_8690939,GRRE,personal_loan,22421,12,698,medium,approved,22421,partner,true,364
app_20250111_00005220,2025-01-11 14:03:21,cust_4686774,PORP,refinance,100322,240,784,low,approved,100322,mobile,false,640
app_20250111_00005221,2025-01-11 21:05:29,cust_9058700,PLWA,auto_loan,5134,72,652,medium,approved,5134,atm,true,157
app_20250111_00005222,2025-01-11 09:54:52,cust_2016927,DEHE,education_loan,2715,48,372,high,rejected,0,branch,true,174
app_20250111_00005223,2025-01-11 15:42:49,cust_2521766,CHBE,mortgage,378814,240,676,medium,approved,378814,branch,true,537
app_20250111_00005224,2025-01-11 18:38:45,cust_9774480,GRRE,refinance,256727,300,509,medium,approved,256727,web,true,773
app_20250111_00005225,2025-01-11 00:19:33,cust_4550523,PORP,auto_loan,24986,60,534,medium,approved,24986,call_center,true,446
app_20250111_00005226,2025-01-11 05:55:01,cust_4643596,ITMI,auto_loan,42081,72,652,medium,rejected,0,mobile,false,110
app_20250111_00005227,2025-01-11 13:55:51,cust_7322790,PORP,cash_loan,12324,24,717,low,approved,12324,mobile_app,false,736
app_20250111_00005228,2025-01-11 04:23:27,cust_9286332,SESV,refinance,440711,360,669,medium,approved,440711,call_center,true,83
app_20250111_00005229,2025-01-11 03:16:55,cust_2420063,CHBE,refinance,120628,180,646,medium,approved,120628,mobile_app,false,286
app_20250111_00005230,2025-01-11 01:39:22,cust_5682073,PLWA,mortgage,406639,120,830,low,approved,406639,atm,false,390
app_20250111_00005231,2025-01-11 07:46:03,cust_8008809,CZPR,cash_loan,10029,48,701,low,approved,10029,web,false,499
app_20250111_00005232,2025-01-11 14:14:05,cust_6665320,GRRE,refinance,350141,300,762,low,rejected,0,partner,true,57
app_20250111_00005233,2025-01-11 06:23:46,cust_2754153,FRID,personal_loan,24966,48,568,medium,rejected,0,atm,false,66
app_20250111_00005234,2025-01-11 22:19:53,cust_8080720,SESV,credit_card,30393,24,638,medium,approved,30393,partner,false,239
app_20250111_00005235,2025-01-11 23:07:14,cust_2730871,PLWA,cash_loan,24390,12,548,medium,rejected,0,online_banking,true,96
app_20250111_00005236,2025-01-11 19:56:42,cust_4226042,CZPR,credit_card,36909,48,663,medium,approved,36909,online_banking,false,221
app_20250111_00005237,2025-01-11 02:37:53,cust_9067307,CZPR,refinance,365814,120,529,medium,rejected,0,branch,false,138
app_20250111_00005238,2025-01-11 03:43:12,cust_7424074,PLWA,refinance,158566,180,383,high,rejected,0,call_center,true,79
app_20250111_00005239,2025-01-11 21:28:44,cust_3831068,UKLO,mortgage,163800,360,600,medium,approved,163800,online_banking,true,876
app_20250111_00005240,2025-01-11 23:27:10,cust_6914005,DEHE,business_loan,24869,24,691,medium,rejected,0,online_banking,false,164
app_20250111_00005241,2025-01-11 05:48:01,cust_3607613,NLAM,cash_loan,3520,42,721,low,approved,3520,atm,false,73
app_20250111_00005242,2025-01-11 03:00:06,cust_9027808,PORP,education_loan,39853,60,484,high,rejected,0,web,true,93
app_20250111_00005243,2025-01-11 01:26:24,cust_8975452,FRID,mortgage,360798,240,428,high,rejected,0,web,false,175
app_20250111_00005244,2025-01-11 12:33:13,cust_4591692,DEHE,cash_loan,41031,42,699,medium,rejected,0,mobile_app,true,53
app_20250111_00005245,2025-01-11 12:03:51,cust_9553204,ESMA,auto_loan,59938,48,620,medium,approved,59938,atm,false,830
app_20250111_00005246,2025-01-11 21:46:30,cust_3848434,AUTR,business_loan,38973,36,707,low,approved,38973,call_center,true,730
app_20250111_00005247,2025-01-11 05:05:30,cust_4092204,BENL,education_loan,18092,60,515,medium,approved,18092,partner,false,519
app_20250111_00005248,2025-01-11 07:01:42,cust_2911473,GRRE,auto_loan,21044,24,601,medium,approved,21044,partner,false,281
app_20250111_00005249,2025-01-11 21:30:53,cust_7515528,CHBE,auto_loan,43068,60,606,medium,approved,43068,mobile_app,false,470
app_20250111_00005250,2025-01-11 08:09:30,cust_5417140,UKLO,personal_loan,5080,12,507,medium,rejected,0,mobile_app,true,78
app_20250111_00005251,2025-01-11 04:17:31,cust_2226250,CHBE,auto_loan,44479,36,850,low,approved,44479,atm,true,432
app_20250111_00005252,2025-01-11 18:07:04,cust_6910010,ESMA,refinance,144795,360,573,medium,rejected,0,mobile_app,true,166
app_20250111_00005253,2025-01-11 01:12:11,cust_4572684,BENL,credit_card,29551,42,658,medium,approved,29551,online_banking,true,820
app_20250111_00005254,2025-01-11 22:03:27,cust_6413499,ATVI,auto_loan,47015,36,756,low,approved,47015,partner,false,478
app_20250111_00005255,2025-01-11 04:45:49,cust_6849612,DEHE,cash_loan,41971,18,598,medium,rejected,0,mobile,true,154
app_20250111_00005256,2025-01-11 02:58:03,cust_2268826,BENL,credit_card,10649,36,550,medium,approved,10649,mobile,true,650
app_20250111_00005257,2025-01-11 22:48:04,cust_458605,DEHE,education_loan,30197,24,648,medium,rejected,0,partner,false,100
app_20250111_00005258,2025-01-11 19:04:58,cust_3553655,CZPR,business_loan,6027,24,815,low,approved,6027,branch,true,184
app_20250111_00005259,2025-01-11 16:35:58,cust_3083552,PLWA,education_loan,21088,60,718,low,approved,21088,partner,true,682
app_20250111_00005260,2025-01-11 09:55:49,cust_6020256,CZPR,personal_loan,7175,36,603,medium,rejected,0,call_center,false,87
app_20250111_00005261,2025-01-11 17:04:09,cust_8812200,CZPR,personal_loan,28037,18,721,low,approved,28037,mobile,false,648
app_20250111_00005262,2025-01-11 02:40:49,cust_5251559,NLAM,refinance,233857,360,652,medium,rejected,0,mobile_app,true,133
app_20250111_00005263,2025-01-11 09:59:42,cust_3606721,DEHE,credit_card,27161,12,667,medium,approved,27161,branch,false,550
app_20250111_00005264,2025-01-11 02:49:34,cust_4832147,ATVI,business_loan,27031,12,636,medium,rejected,0,partner,true,111
app_20250111_00005265,2025-01-11 15:15:45,cust_8427715,UKLO,refinance,197180,240,680,medium,approved,197180,partner,false,193
app_20250111_00005266,2025-01-11 13:17:54,cust_7433529,DEHE,mortgage,141933,240,840,low,approved,141933,branch,false,425
app_20250111_00005267,2025-01-11 08:28:39,cust_6310962,PLWA,personal_loan,35944,36,597,medium,approved,35944,online_banking,false,485
app_20250111_00005268,2025-01-11 06:01:56,cust_9167329,ITMI,business_loan,4985,12,717,low,approved,4985,online_banking,false,731
app_20250111_00005269,2025-01-11 08:24:07,cust_6973869,SESV,auto_loan,49757,72,683,medium,approved,49757,atm,false,329
app_20250111_00005270,2025-01-11 01:48:11,cust_2722346,DEHE,auto_loan,16146,24,787,low,approved,16146,branch,false,856
app_20250111_00005271,2025-01-11 19:15:21,cust_3778696,ESMA,mortgage,188736,360,661,medium,approved,188736,mobile,true,268
app_20250111_00005272,2025-01-11 02:37:52,cust_868696,GRRE,education_loan,36237,60,850,low,approved,36237,mobile,true,715
app_20250111_00005273,2025-01-11 06:58:45,cust_9815688,SESV,credit_card,26175,24,426,high,rejected,0,atm,false,80
app_20250111_00005274,2025-01-11 01:04:50,cust_2004851,GRRE,business_loan,30841,24,575,medium,approved,30841,web,true,348
app_20250111_00005275,2025-01-11 08:13:25,cust_486015,DEHE,mortgage,145991,300,600,medium,approved,145991,call_center,true,338
app_20250111_00005276,2025-01-11 18:14:09,cust_8013989,SESV,business_loan,38375,60,606,medium,approved,38375,call_center,false,55
app_20250111_00005277,2025-01-11 08:01:37,cust_7912544,ESMA,education_loan,6822,60,706,low,approved,6822,atm,true,239
app_20250111_00005278,2025-01-11 15:06:24,cust_6231755,ITMI,cash_loan,35343,42,569,medium,rejected,0,branch,false,36
app_20250111_00005279,2025-01-11 07:54:25,cust_2944714,BENL,mortgage,329723,180,618,medium,approved,329723,mobile_app,false,195
app_20250111_00005280,2025-01-11 07:05:29,cust_5224437,BENL,auto_loan,7935,36,531,medium,rejected,0,partner,false,147
app_20250111_00005281,2025-01-11 14:44:16,cust_6848595,UKLO,refinance,295908,360,775,low,approved,295908,call_center,false,563
app_20250111_00005282,2025-01-11 12:22:51,cust_4135914,NLAM,education_loan,37735,36,847,low,approved,37735,web,true,738
app_20250111_00005283,2025-01-11 17:44:15,cust_1735101,PLWA,credit_card,22464,12,755,low,rejected,0,partner,true,34
app_20250111_00005284,2025-01-11 23:12:35,cust_6607711,DEHE,business_loan,38603,48,633,medium,rejected,0,atm,true,161
app_20250111_00005285,2025-01-11 20:18:44,cust_6204711,AUTR,refinance,442836,360,723,low,approved,442836,mobile,false,106
app_20250111_00005286,2025-01-11 13:53:52,cust_1787999,UKLO,refinance,352365,360,731,low,approved,352365,atm,false,624
app_20250111_00005287,2025-01-11 03:44:06,cust_6688853,ATVI,mortgage,414957,360,802,low,approved,414957,web,true,456
app_20250111_00005288,2025-01-11 05:46:51,cust_1625220,DEHE,mortgage,446209,360,745,low,approved,446209,online_banking,false,315
app_20250111_00005289,2025-01-11 16:51:24,cust_3249289,CZPR,refinance,323166,300,655,medium,rejected,0,partner,false,128
app_20250111_00005290,2025-01-11 10:47:50,cust_3600391,PORP,credit_card,41417,48,631,medium,approved,41417,web,false,43
app_20250111_00005291,2025-01-11 03:30:01,cust_2292487,CZPR,refinance,215816,240,468,high,rejected,0,web,false,121
app_20250111_00005292,2025-01-11 13:22:17,cust_4080294,GRRE,business_loan,12302,48,537,medium,approved,12302,mobile,true,737
app_20250111_00005293,2025-01-11 11:14:21,cust_8459416,UKLO,auto_loan,55393,48,793,low,approved,55393,online_banking,false,339
app_20250111_00005294,2025-01-11 06:57:38,cust_9699805,NLAM,cash_loan,6773,12,619,medium,rejected,0,online_banking,true,180
app_20250111_00005295,2025-01-11 07:41:54,cust_9175290,ESMA,education_loan,9983,24,668,medium,approved,9983,mobile,false,404
app_20250111_00005296,2025-01-11 18:33:42,cust_5914663,FRID,mortgage,471462,360,797,low,approved,471462,partner,true,140
app_20250111_00005297,2025-01-11 02:12:02,cust_8659182,AUTR,auto_loan,15568,72,699,medium,rejected,0,branch,false,119
app_20250111_00005298,2025-01-11 09:34:56,cust_5998322,UKLO,credit_card,42689,48,440,high,rejected,0,web,true,14
app_20250111_00005299,2025-01-11 23:41:37,cust_8035487,BENL,cash_loan,37115,36,519,medium,approved,37115,branch,true,62
app_20250111_00005300,2025-01-11 03:34:10,cust_7212276,UKLO,personal_loan,35837,24,595,medium,approved,35837,partner,true,605
app_20250111_00005301,2025-01-11 09:29:07,cust_4149628,SESV,credit_card,12063,18,689,medium,rejected,0,call_center,true,173
app_20250111_00005302,2025-01-11 06:54:03,cust_1108651,SESV,business_loan,31276,24,772,low,approved,31276,branch,true,820
app_20250111_00005303,2025-01-11 01:43:21,cust_2248787,FRID,mortgage,176185,300,713,low,approved,176185,atm,false,802
app_20250111_00005304,2025-01-11 08:01:23,cust_6106496,GRRE,auto_loan,33396,60,802,low,approved,33396,partner,false,262
app_20250111_00005305,2025-01-11 13:03:47,cust_1700343,UKLO,auto_loan,31816,24,662,medium,approved,31816,partner,true,189
app_20250111_00005306,2025-01-11 15:16:18,cust_2750762,FRID,credit_card,32672,48,746,low,approved,32672,mobile,true,833
app_20250111_00005307,2025-01-11 17:33:44,cust_5467562,PLWA,auto_loan,16676,60,567,medium,rejected,0,mobile_app,true,155
app_20250111_00005308,2025-01-11 07:30:02,cust_7458205,NLAM,refinance,361699,240,693,medium,approved,361699,branch,true,837
app_20250111_00005309,2025-01-11 18:54:20,cust_4110712,SESV,cash_loan,18139,18,588,medium,rejected,0,mobile,true,163
app_20250111_00005310,2025-01-11 16:06:54,cust_7668000,SESV,cash_loan,41120,36,517,medium,approved,41120,web,true,287
app_20250111_00005311,2025-01-11 06:08:52,cust_9793440,ATVI,refinance,445370,180,746,low,approved,445370,web,false,344
app_20250111_00005312,2025-01-11 07:21:02,cust_9948876,PORP,credit_card,20697,18,756,low,approved,20697,mobile_app,true,846
app_20250111_00005313,2025-01-11 03:56:04,cust_2806725,BENL,cash_loan,25025,12,524,medium,rejected,0,partner,false,156
app_20250111_00005314,2025-01-11 07:06:22,cust_245784,BENL,education_loan,22041,12,778,low,approved,22041,mobile_app,false,640
app_20250111_00005315,2025-01-11 16:44:16,cust_9966863,PLWA,education_loan,5982,24,670,medium,approved,5982,web,false,656
app_20250111_00005316,2025-01-11 17:54:12,cust_7225086,CHBE,mortgage,370473,180,577,medium,approved,370473,call_center,true,294
app_20250111_00005317,2025-01-11 18:47:00,cust_2124204,GRRE,refinance,284174,360,769,low,approved,284174,call_center,false,603
app_20250111_00005318,2025-01-11 18:58:47,cust_6889141,UKLO,education_loan,25563,24,565,medium,rejected,0,branch,false,151
app_20250111_00005319,2025-01-11 05:43:12,cust_7696351,PLWA,auto_loan,20988,48,649,medium,approved,20988,branch,false,131
app_20250111_00005320,2025-01-11 18:09:59,cust_5302796,AUTR,refinance,425027,120,630,medium,rejected,0,partner,true,136
app_20250111_00005321,2025-01-11 19:22:04,cust_8818550,DEHE,business_loan,16012,48,627,medium,approved,16012,call_center,false,196
app_20250111_00005322,2025-01-11 22:59:35,cust_4441236,AUTR,refinance,321445,180,651,medium,rejected,0,branch,true,43
app_20250111_00005323,2025-01-11 22:08:50,cust_8633863,PLWA,personal_loan,4646,18,561,medium,rejected,0,mobile,false,82
app_20250111_00005324,2025-01-11 12:38:13,cust_4901613,BENL,mortgage,89616,360,593,medium,approved,89616,partner,true,372
app_20250111_00005325,2025-01-11 20:16:24,cust_579855,PORP,cash_loan,19852,48,599,medium,rejected,0,call_center,true,113
app_20250111_00005326,2025-01-11 17:34:25,cust_4284849,ESMA,mortgage,269473,300,594,medium,rejected,0,branch,false,104
app_20250111_00005327,2025-01-11 12:34:51,cust_4108563,UKLO,cash_loan,3074,36,847,low,approved,3074,call_center,false,872
app_20250111_00005328,2025-01-11 15:07:29,cust_3337368,PLWA,refinance,447179,300,421,high,rejected,0,branch,true,86
app_20250111_00005329,2025-01-11 07:44:35,cust_2161994,ATVI,auto_loan,29753,48,604,medium,approved,29753,mobile,false,98
app_20250111_00005330,2025-01-11 07:28:37,cust_6839645,ESMA,credit_card,25535,12,641,medium,rejected,0,branch,false,26
app_20250111_00005331,2025-01-11 12:24:18,cust_8373479,ATVI,personal_loan,20729,18,734,low,approved,20729,mobile_app,true,305
app_20250111_00005332,2025-01-11 07:06:21,cust_7913267,PLWA,refinance,377152,180,668,medium,rejected,0,mobile,false,72
app_20250111_00005333,2025-01-11 00:57:39,cust_2565457,UKLO,credit_card,45545,18,525,medium,rejected,0,call_center,false,130
app_20250111_00005334,2025-01-11 05:26:59,cust_8606624,ESMA,personal_loan,8371,12,654,medium,approved,8371,mobile_app,false,487
app_20250111_00005335,2025-01-11 00:28:45,cust_6843409,NLAM,education_loan,29803,36,774,low,approved,29803,web,false,542
app_20250111_00005336,2025-01-11 18:56:04,cust_9792550,BENL,education_loan,35945,60,570,medium,rejected,0,mobile,true,10
app_20250111_00005337,2025-01-11 08:15:16,cust_8988085,GRRE,education_loan,37222,48,742,low,approved,37222,atm,false,526
app_20250111_00005338,2025-01-11 15:18:19,cust_530478,DEHE,mortgage,320500,240,584,medium,approved,320500,branch,false,684
app_20250111_00005339,2025-01-11 19:12:15,cust_8958733,CHBE,education_loan,11323,36,668,medium,approved,11323,branch,false,397
app_20250111_00005340,2025-01-11 17:45:29,cust_930652,ITMI,credit_card,36035,36,579,medium,rejected,0,call_center,false,8
app_20250111_00005341,2025-01-11 22:25:13,cust_8096585,GRRE,credit_card,29651,48,565,medium,rejected,0,mobile_app,true,129
app_20250111_00005342,2025-01-11 05:19:56,cust_9731817,CZPR,personal_loan,11638,42,850,low,approved,11638,web,false,796
app_20250111_00005343,2025-01-11 06:24:03,cust_3433390,PORP,auto_loan,31232,36,790,low,approved,31232,web,true,110
app_20250111_00005344,2025-01-11 04:32:47,cust_960688,FRID,cash_loan,17631,30,610,medium,rejected,0,online_banking,false,42
app_20250111_00005345,2025-01-11 23:58:49,cust_6171494,DEHE,refinance,286600,240,631,medium,approved,286600,mobile,false,729
app_20250111_00005346,2025-01-11 03:39:57,cust_9098718,DEHE,mortgage,277700,240,490,high,rejected,0,mobile,true,17
app_20250111_00005347,2025-01-11 08:32:41,cust_8741496,GRRE,refinance,162901,300,695,medium,approved,162901,mobile,true,184
app_20250111_00005348,2025-01-11 18:24:46,cust_6136631,AUTR,education_loan,37563,36,728,low,approved,37563,web,true,438
app_20250111_00005349,2025-01-11 08:12:56,cust_7283697,SESV,business_loan,34747,36,673,medium,rejected,0,atm,true,130
app_20250111_00005350,2025-01-11 11:02:23,cust_5892641,SESV,refinance,386512,300,736,low,approved,386512,branch,true,173
app_20250111_00005351,2025-01-11 17:22:28,cust_6483654,PORP,auto_loan,50236,60,664,medium,approved,50236,mobile_app,true,311
app_20250111_00005352,2025-01-11 18:23:09,cust_3818182,FRID,mortgage,51030,120,726,low,approved,51030,web,true,391
app_20250111_00005353,2025-01-11 16:08:49,cust_8004693,ITMI,personal_loan,16157,42,634,medium,approved,16157,branch,false,623
app_20250111_00005354,2025-01-11 04:28:29,cust_6389730,GRRE,auto_loan,28884,24,602,medium,approved,28884,online_banking,false,196
app_20250111_00005355,2025-01-11 04:57:00,cust_3614722,DEHE,credit_card,46470,12,479,high,rejected,0,branch,true,105
app_20250111_00005356,2025-01-11 21:10:08,cust_3265079,SESV,education_loan,13264,36,482,high,approved,13264,atm,false,409
app_20250111_00005357,2025-01-11 01:28:46,cust_6855437,DEHE,cash_loan,20106,36,688,medium,approved,20106,mobile_app,true,805
app_20250111_00005358,2025-01-11 02:31:38,cust_4040430,CZPR,cash_loan,4944,48,590,medium,approved,4944,web,true,116
app_20250111_00005359,2025-01-11 17:12:03,cust_3272085,FRID,cash_loan,39917,30,679,medium,rejected,0,online_banking,false,47
app_20250111_00005360,2025-01-11 08:48:07,cust_1874654,PLWA,mortgage,239013,360,631,medium,rejected,0,partner,false,69
app_20250111_00005361,2025-01-11 10:33:55,cust_6209012,PLWA,mortgage,119500,300,690,medium,approved,119500,atm,false,430
app_20250111_00005362,2025-01-11 00:59:14,cust_4401261,PLWA,cash_loan,36934,48,465,high,rejected,0,mobile_app,true,67
app_20250111_00005363,2025-01-11 21:01:40,cust_9225117,PLWA,cash_loan,25920,36,665,medium,approved,25920,atm,false,238
app_20250111_00005364,2025-01-11 10:21:07,cust_925924,GRRE,auto_loan,46748,24,632,medium,approved,46748,call_center,false,772
app_20250111_00005365,2025-01-11 02:12:58,cust_3405098,GRRE,personal_loan,25448,42,712,low,approved,25448,online_banking,true,532
app_20250111_00005366,2025-01-11 23:49:06,cust_3091540,ATVI,business_loan,34355,36,703,low,approved,34355,branch,true,358
app_20250111_00005367,2025-01-11 05:19:47,cust_7423156,GRRE,cash_loan,40395,42,610,medium,approved,40395,partner,false,322
app_20250111_00005368,2025-01-11 23:20:02,cust_9615244,BENL,cash_loan,21256,48,714,low,approved,21256,branch,true,306
app_20250111_00005369,2025-01-11 00:18:05,cust_6746131,CHBE,mortgage,448848,180,642,medium,approved,448848,web,false,660
app_20250111_00005370,2025-01-11 06:27:41,cust_3663858,ESMA,mortgage,281437,120,657,medium,approved,281437,mobile,true,185
app_20250111_00005371,2025-01-11 18:55:08,cust_2091437,UKLO,mortgage,128947,360,590,medium,rejected,0,web,true,112
app_20250111_00005372,2025-01-11 00:44:31,cust_2648850,ESMA,auto_loan,58207,72,446,high,rejected,0,atm,true,130
app_20250111_00005373,2025-01-11 16:57:59,cust_6100471,GRRE,credit_card,33652,24,696,medium,approved,33652,web,false,278
app_20250111_00005374,2025-01-11 06:28:23,cust_8938934,ITMI,business_loan,29333,60,590,medium,rejected,0,mobile_app,true,86
app_20250111_00005375,2025-01-11 17:25:49,cust_4045071,PLWA,refinance,290086,120,562,medium,approved,290086,branch,true,398
app_20250111_00005376,2025-01-11 15:32:36,cust_8950640,CHBE,auto_loan,41936,48,552,medium,rejected,0,web,true,68
app_20250111_00005377,2025-01-11 19:32:36,cust_5385284,NLAM,business_loan,17225,60,799,low,approved,17225,web,false,848
app_20250111_00005378,2025-01-11 06:44:52,cust_5483736,PORP,credit_card,22108,48,453,high,rejected,0,online_banking,false,152
app_20250111_00005379,2025-01-11 13:30:32,cust_154494,ATVI,auto_loan,53019,36,850,low,approved,53019,web,false,431
app_20250111_00005380,2025-01-11 01:56:17,cust_5432982,NLAM,business_loan,24606,48,577,medium,rejected,0,partner,true,180
app_20250111_00005381,2025-01-11 05:42:18,cust_6622676,CHBE,cash_loan,36774,42,776,low,approved,36774,call_center,false,897
app_20250111_00005382,2025-01-11 09:01:34,cust_555236,PORP,business_loan,15705,48,534,medium,approved,15705,call_center,true,343
app_20250111_00005383,2025-01-11 01:13:22,cust_6758459,ESMA,education_loan,9146,60,695,medium,approved,9146,web,false,247
app_20250111_00005384,2025-01-11 18:14:07,cust_7715056,FRID,business_loan,32798,60,564,medium,approved,32798,partner,false,550
app_20250111_00005385,2025-01-11 01:45:08,cust_5016120,ATVI,cash_loan,19767,18,415,high,rejected,0,online_banking,true,36
app_20250111_00005386,2025-01-11 13:17:41,cust_9598029,CZPR,personal_loan,39506,12,655,medium,approved,39506,web,true,602
app_20250111_00005387,2025-01-11 23:13:54,cust_6308735,DEHE,auto_loan,23748,48,581,medium,approved,23748,atm,true,596
app_20250111_00005388,2025-01-11 18:25:51,cust_5455019,NLAM,cash_loan,40019,12,714,low,approved,40019,call_center,true,851
app_20250111_00005389,2025-01-11 14:03:43,cust_5756782,CHBE,education_loan,38407,24,431,high,rejected,0,mobile,false,35
app_20250111_00005390,2025-01-11 20:18:09,cust_6769576,SESV,refinance,339910,120,641,medium,rejected,0,online_banking,true,11
app_20250111_00005391,2025-01-11 06:29:18,cust_4242362,UKLO,credit_card,17126,30,746,low,rejected,0,branch,false,82
app_20250111_00005392,2025-01-11 16:52:06,cust_8092741,UKLO,credit_card,4657,30,668,medium,rejected,0,web,true,170
app_20250111_00005393,2025-01-11 11:38:28,cust_7305363,SESV,credit_card,32363,48,485,high,rejected,0,mobile,true,49
app_20250111_00005394,2025-01-11 23:29:22,cust_536314,CHBE,education_loan,23599,60,616,medium,approved,23599,online_banking,true,225
app_20250111_00005395,2025-01-11 08:13:52,cust_3401530,DEHE,business_loan,22773,48,585,medium,approved,22773,online_banking,false,368
app_20250111_00005396,2025-01-11 10:54:33,cust_6703434,GRRE,education_loan,10997,36,533,medium,approved,10997,partner,false,721
app_20250111_00005397,2025-01-11 16:59:12,cust_409308,SESV,credit_card,38257,24,625,medium,approved,38257,partner,true,357
app_20250111_00005398,2025-01-11 19:05:09,cust_5380890,ESMA,cash_loan,16935,36,631,medium,approved,16935,partner,false,364
app_20250111_00005399,2025-01-11 16:51:20,cust_5389863,AUTR,personal_loan,20269,30,601,medium,rejected,0,partner,true,49
app_20250111_00005400,2025-01-11 19:54:34,cust_2207843,AUTR,credit_card,1984,24,525,medium,approved,1984,online_banking,true,59
app_20250111_00005401,2025-01-11 19:54:24,cust_1845003,BENL,business_loan,7455,12,628,medium,approved,7455,branch,true,160
app_20250111_00005402,2025-01-11 09:12:25,cust_1623563,GRRE,education_loan,21089,12,517,medium,rejected,0,mobile_app,false,14
app_20250111_00005403,2025-01-11 18:39:08,cust_2386112,SESV,education_loan,29739,60,809,low,approved,29739,web,false,173
app_20250111_00005404,2025-01-11 16:50:01,cust_3983167,UKLO,credit_card,44613,18,788,low,approved,44613,mobile,true,453
app_20250111_00005405,2025-01-11 16:13:29,cust_2128113,ATVI,auto_loan,58479,48,712,low,approved,58479,atm,true,772
app_20250111_00005406,2025-01-11 07:09:23,cust_3571479,ATVI,refinance,223841,120,546,medium,approved,223841,atm,true,666
app_20250111_00005407,2025-01-11 09:47:08,cust_4353792,ITMI,refinance,90716,180,623,medium,approved,90716,partner,false,467
app_20250111_00005408,2025-01-11 08:28:24,cust_6387943,ESMA,cash_loan,19876,24,516,medium,approved,19876,partner,false,458
app_20250111_00005409,2025-01-11 11:47:47,cust_8259783,CZPR,mortgage,197924,180,850,low,approved,197924,mobile_app,false,757
app_20250111_00005410,2025-01-11 04:13:49,cust_5237880,CHBE,auto_loan,31287,60,632,medium,approved,31287,call_center,true,573
app_20250111_00005411,2025-01-11 12:23:07,cust_9296099,UKLO,education_loan,30077,12,615,medium,approved,30077,mobile_app,true,377
app_20250111_00005412,2025-01-11 09:03:58,cust_2672482,BENL,cash_loan,25142,48,710,low,approved,25142,mobile_app,true,892
app_20250111_00005413,2025-01-11 02:23:40,cust_3278542,NLAM,mortgage,369195,120,618,medium,approved,369195,branch,true,43
app_20250111_00005414,2025-01-11 15:53:39,cust_4399208,BENL,business_loan,24349,24,405,high,rejected,0,mobile_app,false,10
app_20250111_00005415,2025-01-11 20:31:03,cust_8977715,GRRE,auto_loan,38490,72,832,low,approved,38490,mobile,false,119
app_20250111_00005416,2025-01-11 09:42:38,cust_2449924,CHBE,cash_loan,15289,18,664,medium,approved,15289,online_banking,false,402
app_20250111_00005417,2025-01-11 22:40:06,cust_8647330,SESV,education_loan,7487,24,528,medium,rejected,0,partner,true,56
app_20250111_00005418,2025-01-11 07:39:45,cust_8828927,ATVI,mortgage,362039,180,675,medium,approved,362039,web,true,65
app_20250111_00005419,2025-01-11 00:11:45,cust_5668506,CHBE,mortgage,232555,240,649,medium,rejected,0,mobile,false,64
app_20250111_00005420,2025-01-11 02:29:40,cust_4952563,ITMI,cash_loan,8524,24,674,medium,approved,8524,mobile,true,47
app_20250111_00005421,2025-01-11 16:52:04,cust_7909346,FRID,personal_loan,3220,36,463,high,rejected,0,atm,false,6
app_20250111_00005422,2025-01-11 18:02:48,cust_2022688,CHBE,personal_loan,22556,24,628,medium,approved,22556,branch,true,323
app_20250111_00005423,2025-01-11 04:18:11,cust_7709502,GRRE,refinance,57319,240,665,medium,approved,57319,branch,true,288
app_20250111_00005424,2025-01-11 09:41:10,cust_5368961,PORP,auto_loan,59220,72,703,low,rejected,0,call_center,false,142
app_20250111_00005425,2025-01-11 15:39:54,cust_4491343,DEHE,credit_card,11199,48,559,medium,rejected,0,branch,false,148
app_20250111_00005426,2025-01-11 22:31:17,cust_6456404,BENL,auto_loan,55190,60,739,low,approved,55190,atm,true,351
app_20250111_00005427,2025-01-11 02:02:45,cust_2782108,UKLO,personal_loan,2698,12,661,medium,approved,2698,partner,false,493
app_20250111_00005428,2025-01-11 17:35:39,cust_5502933,DEHE,auto_loan,54091,60,597,medium,approved,54091,mobile_app,true,410
app_20250111_00005429,2025-01-11 12:30:30,cust_989630,ATVI,auto_loan,57731,36,493,high,rejected,0,mobile_app,false,179
app_20250111_00005430,2025-01-11 07:19:06,cust_792593,PLWA,refinance,69087,180,691,medium,approved,69087,branch,true,142
app_20250111_00005431,2025-01-11 10:00:45,cust_3759888,ESMA,refinance,107624,360,648,medium,approved,107624,mobile,true,195
app_20250111_00005432,2025-01-11 12:13:15,cust_5297099,FRID,mortgage,331098,360,578,medium,approved,331098,branch,false,244
app_20250111_00005433,2025-01-11 19:38:32,cust_5433550,FRID,mortgage,259757,300,627,medium,approved,259757,atm,false,251
app_20250111_00005434,2025-01-11 08:25:53,cust_2487833,PORP,refinance,447042,120,617,medium,rejected,0,branch,false,86
app_20250111_00005435,2025-01-11 12:28:30,cust_7489022,GRRE,business_loan,35651,36,660,medium,approved,35651,mobile_app,true,613
app_20250111_00005436,2025-01-11 19:47:04,cust_9774961,ITMI,auto_loan,6914,36,628,medium,rejected,0,branch,true,95
app_20250111_00005437,2025-01-11 12:58:51,cust_1092500,CZPR,refinance,179111,180,470,high,rejected,0,partner,false,164
app_20250111_00005438,2025-01-11 14:59:31,cust_7037674,PORP,personal_loan,23429,48,573,medium,rejected,0,web,true,133
app_20250111_00005439,2025-01-11 01:29:51,cust_2529392,ESMA,auto_loan,42126,60,687,medium,approved,42126,online_banking,true,414
app_20250111_00005440,2025-01-11 19:47:19,cust_1855138,BENL,mortgage,242651,360,577,medium,approved,242651,mobile_app,true,183
app_20250111_00005441,2025-01-11 12:41:16,cust_2787319,UKLO,education_loan,27964,36,686,medium,approved,27964,call_center,false,462
app_20250111_00005442,2025-01-11 22:36:10,cust_9923307,CZPR,refinance,106732,300,564,medium,rejected,0,mobile_app,true,176
app_20250111_00005443,2025-01-11 02:38:25,cust_6471422,CHBE,auto_loan,51918,72,733,low,approved,51918,branch,false,279
app_20250111_00005444,2025-01-11 07:28:17,cust_7925035,NLAM,education_loan,20069,36,630,medium,approved,20069,online_banking,true,705
app_20250111_00005445,2025-01-11 06:24:57,cust_9037776,BENL,auto_loan,23296,72,655,medium,approved,23296,online_banking,false,328
app_20250111_00005446,2025-01-11 21:04:04,cust_1353133,NLAM,credit_card,28477,36,664,medium,rejected,0,mobile,true,7
app_20250111_00005447,2025-01-11 16:32:10,cust_2786557,PLWA,business_loan,13040,24,685,medium,approved,13040,mobile_app,true,766
app_20250111_00005448,2025-01-11 11:10:16,cust_7553002,CZPR,business_loan,23968,36,620,medium,approved,23968,online_banking,true,681
app_20250111_00005449,2025-01-11 00:31:20,cust_1401588,AUTR,education_loan,25750,24,754,low,approved,25750,partner,false,557
app_20250111_00005450,2025-01-11 11:19:02,cust_6976713,CZPR,auto_loan,26637,72,694,medium,rejected,0,mobile_app,false,5
app_20250111_00005451,2025-01-11 19:26:10,cust_3765784,ESMA,personal_loan,2765,30,710,low,approved,2765,mobile_app,true,205
app_20250111_00005452,2025-01-11 10:05:19,cust_1066443,FRID,cash_loan,43492,12,645,medium,approved,43492,web,false,733
app_20250111_00005453,2025-01-11 07:22:48,cust_8465384,CZPR,cash_loan,25150,24,667,medium,approved,25150,atm,false,357
app_20250111_00005454,2025-01-11 11:15:06,cust_6254074,ATVI,education_loan,20460,36,757,low,approved,20460,call_center,true,841
app_20250111_00005455,2025-01-11 15:42:28,cust_7573354,PORP,auto_loan,22746,72,664,medium,approved,22746,mobile,true,572
app_20250111_00005456,2025-01-11 21:16:39,cust_5829675,PORP,credit_card,40867,12,585,medium,rejected,0,branch,true,70
app_20250111_00005457,2025-01-11 10:00:19,cust_8905907,UKLO,mortgage,267287,360,537,medium,approved,267287,atm,false,232
app_20250111_00005458,2025-01-11 05:36:42,cust_1807614,SESV,business_loan,9691,48,601,medium,rejected,0,call_center,false,140
app_20250111_00005459,2025-01-11 09:30:51,cust_7355316,CHBE,education_loan,8269,36,515,medium,approved,8269,partner,false,461
app_20250111_00005460,2025-01-11 13:29:03,cust_8857149,PLWA,auto_loan,8026,48,820,low,approved,8026,web,true,547
app_20250111_00005461,2025-01-11 09:37:37,cust_392449,AUTR,credit_card,25314,18,488,high,approved,25314,branch,false,170
app_20250111_00005462,2025-01-11 08:07:22,cust_4896811,SESV,cash_loan,44219,30,673,medium,approved,44219,atm,true,729
app_20250111_00005463,2025-01-11 09:17:50,cust_7556436,GRRE,auto_loan,39915,60,610,medium,approved,39915,atm,false,430
app_20250111_00005464,2025-01-11 22:31:01,cust_1942725,CZPR,credit_card,20104,48,729,low,approved,20104,mobile_app,true,391
app_20250111_00005465,2025-01-11 11:53:05,cust_9692310,SESV,business_loan,8486,12,774,low,approved,8486,atm,false,737
app_20250111_00005466,2025-01-11 09:58:07,cust_116752,PORP,refinance,310416,180,651,medium,approved,310416,call_center,false,444
app_20250111_00005467,2025-01-11 11:03:05,cust_364671,ITMI,education_loan,7794,48,494,high,rejected,0,partner,true,175
app_20250111_00005468,2025-01-11 22:03:21,cust_9634765,UKLO,personal_loan,18668,42,519,medium,rejected,0,partner,true,132
app_20250111_00005469,2025-01-11 21:06:20,cust_3998899,FRID,personal_loan,23562,24,617,medium,approved,23562,web,false,839
app_20250111_00005470,2025-01-11 06:46:34,cust_465128,ATVI,credit_card,33088,18,634,medium,approved,33088,mobile_app,false,348
app_20250111_00005471,2025-01-11 05:39:49,cust_2298265,UKLO,business_loan,29902,36,644,medium,rejected,0,partner,false,114
app_20250111_00005472,2025-01-11 10:29:25,cust_9243412,SESV,education_loan,26103,12,541,medium,rejected,0,mobile_app,false,63
app_20250111_00005473,2025-01-11 22:46:03,cust_5497523,CHBE,auto_loan,8741,48,721,low,rejected,0,branch,false,9
app_20250111_00005474,2025-01-11 00:09:39,cust_3016825,GRRE,mortgage,251906,360,660,medium,approved,251906,mobile_app,false,836
app_20250111_00005475,2025-01-11 23:09:31,cust_5590655,ITMI,refinance,189370,240,699,medium,rejected,0,online_banking,true,20
app_20250111_00005476,2025-01-11 01:16:20,cust_8772791,UKLO,auto_loan,26842,72,546,medium,rejected,0,mobile_app,true,124
app_20250111_00005477,2025-01-11 13:22:04,cust_1718965,PORP,business_loan,31419,60,631,medium,rejected,0,online_banking,true,61
app_20250111_00005478,2025-01-11 04:53:06,cust_6373413,NLAM,education_loan,5396,36,686,medium,approved,5396,online_banking,false,714
app_20250111_00005479,2025-01-11 04:08:02,cust_7571689,BENL,business_loan,11615,12,850,low,approved,11615,web,false,700
app_20250111_00005480,2025-01-11 23:23:11,cust_837367,PLWA,cash_loan,41562,18,784,low,approved,41562,web,true,610
app_20250111_00005481,2025-01-11 09:52:51,cust_6788678,BENL,mortgage,343205,120,845,low,approved,343205,online_banking,true,221
app_20250111_00005482,2025-01-11 08:07:48,cust_7743221,CZPR,mortgage,355266,300,616,medium,rejected,0,partner,false,93
app_20250111_00005483,2025-01-11 08:23:00,cust_5392929,UKLO,business_loan,19640,36,739,low,approved,19640,online_banking,false,219
app_20250111_00005484,2025-01-11 07:12:49,cust_7876190,GRRE,business_loan,11687,36,607,medium,approved,11687,mobile_app,false,120
app_20250111_00005485,2025-01-11 23:03:57,cust_5408823,PLWA,personal_loan,2102,48,816,low,approved,2102,atm,true,187
app_20250111_00005486,2025-01-11 20:48:49,cust_2613192,CHBE,refinance,400013,240,727,low,approved,400013,web,false,594
app_20250111_00005487,2025-01-11 03:43:55,cust_9994497,ITMI,business_loan,26151,12,619,medium,rejected,0,partner,true,108
app_20250111_00005488,2025-01-11 10:37:24,cust_3066618,DEHE,mortgage,350416,120,729,low,approved,350416,branch,false,763
app_20250111_00005489,2025-01-11 01:38:55,cust_2509373,CZPR,personal_loan,13504,36,642,medium,rejected,0,branch,false,44
app_20250111_00005490,2025-01-11 10:57:56,cust_4404145,BENL,auto_loan,59028,24,538,medium,approved,59028,branch,true,808
app_20250111_00005491,2025-01-11 16:51:44,cust_4253935,GRRE,auto_loan,51786,60,678,medium,approved,51786,web,false,189
app_20250111_00005492,2025-01-11 13:05:11,cust_4373972,BENL,cash_loan,41333,36,634,medium,rejected,0,partner,false,37
app_20250111_00005493,2025-01-11 18:43:54,cust_8362660,NLAM,personal_loan,41643,18,664,medium,approved,41643,mobile_app,true,535
app_20250111_00005494,2025-01-11 13:17:03,cust_1027015,CHBE,credit_card,29113,24,577,medium,rejected,0,mobile,false,167
app_20250111_00005495,2025-01-11 16:17:10,cust_5209680,GRRE,credit_card,40329,12,628,medium,approved,40329,atm,true,661
app_20250111_00005496,2025-01-11 00:15:32,cust_3393935,UKLO,education_loan,33432,60,585,medium,approved,33432,call_center,true,44
app_20250111_00005497,2025-01-11 10:36:10,cust_2731714,ESMA,credit_card,35354,12,493,high,approved,35354,web,false,709
app_20250111_00005498,2025-01-11 18:14:38,cust_9007535,ITMI,mortgage,490973,120,601,medium,rejected,0,partner,true,75
app_20250111_00005499,2025-01-11 13:12:11,cust_643508,BENL,refinance,346261,300,634,medium,rejected,0,mobile,false,28
app_20250111_00005500,2025-01-11 14:39:02,cust_5897938,FRID,personal_loan,1927,24,544,medium,approved,1927,atm,false,242
app_20250111_00005501,2025-01-11 10:13:55,cust_981921,DEHE,cash_loan,21594,18,626,medium,rejected,0,call_center,true,43
app_20250111_00005502,2025-01-11 00:27:37,cust_570640,ITMI,credit_card,22727,18,588,medium,approved,22727,atm,true,371
app_20250111_00005503,2025-01-11 04:58:17,cust_1497193,DEHE,cash_loan,16169,24,643,medium,approved,16169,call_center,false,617
app_20250111_00005504,2025-01-11 06:40:01,cust_3884984,PORP,auto_loan,10967,72,593,medium,rejected,0,mobile,true,84
app_20250111_00005505,2025-01-11 18:16:45,cust_8904537,ESMA,cash_loan,35254,18,561,medium,rejected,0,atm,true,144
app_20250111_00005506,2025-01-11 12:42:37,cust_8819941,GRRE,personal_loan,13164,36,666,medium,rejected,0,web,true,116
app_20250111_00005507,2025-01-11 07:41:09,cust_4531470,CHBE,business_loan,9747,12,571,medium,approved,9747,call_center,true,260
app_20250111_00005508,2025-01-11 20:28:27,cust_8821408,BENL,refinance,148200,300,585,medium,approved,148200,mobile,false,768
app_20250111_00005509,2025-01-11 22:21:11,cust_909508,UKLO,refinance,499633,180,809,low,approved,499633,partner,false,89
app_20250111_00005510,2025-01-11 21:23:18,cust_9893210,FRID,credit_card,13158,36,546,medium,approved,13158,mobile_app,false,779
app_20250111_00005511,2025-01-11 04:25:40,cust_3361412,DEHE,auto_loan,30001,36,785,low,rejected,0,call_center,false,63
app_20250111_00005512,2025-01-11 06:28:06,cust_3477385,CZPR,personal_loan,14451,48,611,medium,approved,14451,atm,true,31
app_20250111_00005513,2025-01-11 04:25:04,cust_8276513,ITMI,education_loan,20409,48,687,medium,rejected,0,web,true,169
app_20250111_00005514,2025-01-11 05:05:27,cust_9386599,DEHE,mortgage,297321,240,589,medium,rejected,0,atm,true,88
app_20250111_00005515,2025-01-11 12:48:41,cust_4318226,ITMI,refinance,242219,360,604,medium,approved,242219,atm,false,198
app_20250111_00005516,2025-01-11 07:44:59,cust_1909211,SESV,business_loan,23541,60,567,medium,rejected,0,partner,true,52
app_20250111_00005517,2025-01-11 06:28:01,cust_6053692,ATVI,mortgage,199304,120,642,medium,approved,199304,atm,true,549
app_20250111_00005518,2025-01-11 09:35:22,cust_7002448,CZPR,business_loan,33191,24,623,medium,approved,33191,web,true,550
app_20250111_00005519,2025-01-11 09:38:32,cust_7861728,PLWA,cash_loan,23196,30,537,medium,rejected,0,mobile_app,true,40
app_20250111_00005520,2025-01-11 00:50:09,cust_4039080,NLAM,cash_loan,39105,12,483,high,rejected,0,call_center,false,130
app_20250111_00005521,2025-01-11 14:35:50,cust_3665218,ITMI,education_loan,10143,48,511,medium,approved,10143,mobile_app,true,618
app_20250111_00005522,2025-01-11 20:26:54,cust_7404300,PLWA,business_loan,5444,48,678,medium,approved,5444,mobile,false,763
app_20250111_00005523,2025-01-11 16:26:28,cust_8217438,PORP,refinance,156993,120,655,medium,approved,156993,partner,false,442
app_20250111_00005524,2025-01-11 08:01:46,cust_2959999,ESMA,education_loan,4845,48,597,medium,rejected,0,branch,false,78
app_20250111_00005525,2025-01-11 13:49:06,cust_4322120,PLWA,personal_loan,41621,12,817,low,approved,41621,atm,false,692
app_20250111_00005526,2025-01-11 00:42:46,cust_4369630,ESMA,refinance,370389,240,802,low,approved,370389,branch,true,630
app_20250111_00005527,2025-01-11 13:51:47,cust_2041244,FRID,mortgage,140967,360,850,low,approved,140967,partner,false,804
app_20250111_00005528,2025-01-11 11:27:34,cust_5012122,CHBE,refinance,308313,180,623,medium,approved,308313,partner,false,39
app_20250111_00005529,2025-01-11 22:23:58,cust_2007475,PLWA,mortgage,337976,120,498,high,rejected,0,online_banking,true,25
app_20250111_00005530,2025-01-11 20:07:12,cust_7028708,UKLO,personal_loan,12912,24,498,high,rejected,0,branch,true,107
app_20250111_00005531,2025-01-11 15:04:46,cust_1330847,CHBE,personal_loan,2578,18,683,medium,approved,2578,atm,true,80
app_20250111_00005532,2025-01-11 08:15:43,cust_6733827,PLWA,mortgage,78440,180,601,medium,approved,78440,web,true,169
app_20250111_00005533,2025-01-11 01:50:01,cust_1786809,PLWA,cash_loan,13647,36,645,medium,approved,13647,web,true,723
app_20250111_00005534,2025-01-11 16:48:38,cust_9289470,SESV,mortgage,304991,360,739,low,approved,304991,web,true,869
app_20250111_00005535,2025-01-11 12:32:35,cust_2202252,CHBE,credit_card,33070,42,620,medium,rejected,0,call_center,false,75
app_20250111_00005536,2025-01-11 14:15:24,cust_2500015,GRRE,education_loan,20602,12,714,low,approved,20602,mobile_app,false,109
app_20250111_00005537,2025-01-11 18:15:12,cust_8026302,UKLO,credit_card,22733,30,637,medium,approved,22733,mobile_app,false,607
app_20250111_00005538,2025-01-11 08:14:00,cust_1565933,ITMI,auto_loan,24549,24,511,medium,approved,24549,atm,false,795
app_20250111_00005539,2025-01-11 23:00:40,cust_9828127,CHBE,personal_loan,7746,36,618,medium,rejected,0,partner,false,107
app_20250111_00005540,2025-01-11 20:13:22,cust_4302952,CHBE,refinance,191178,180,661,medium,approved,191178,atm,false,231
app_20250111_00005541,2025-01-11 10:00:18,cust_4430356,ESMA,education_loan,17121,24,850,low,approved,17121,web,true,570
app_20250111_00005542,2025-01-11 20:41:23,cust_6086072,AUTR,business_loan,18596,48,613,medium,approved,18596,branch,true,303
app_20250111_00005543,2025-01-11 22:27:12,cust_1996314,CZPR,cash_loan,13376,48,632,medium,approved,13376,online_banking,true,454
app_20250111_00005544,2025-01-11 21:41:24,cust_9676636,GRRE,personal_loan,25486,30,618,medium,approved,25486,partner,true,413
app_20250111_00005545,2025-01-11 07:26:07,cust_7704313,ESMA,business_loan,14470,36,391,high,rejected,0,web,true,167
app_20250111_00005546,2025-01-11 05:05:56,cust_4120814,NLAM,refinance,332577,120,460,high,rejected,0,atm,true,151
app_20250111_00005547,2025-01-11 19:50:08,cust_6727003,BENL,education_loan,33350,36,624,medium,approved,33350,partner,false,86
app_20250111_00005548,2025-01-11 01:29:32,cust_5637638,NLAM,cash_loan,6527,12,598,medium,approved,6527,mobile,true,594
app_20250111_00005549,2025-01-11 20:43:47,cust_3796882,PORP,refinance,342300,120,645,medium,approved,342300,partner,true,346
app_20250111_00005550,2025-01-11 14:35:37,cust_2776782,ATVI,personal_loan,23751,36,510,medium,approved,23751,call_center,false,606
app_20250111_00005551,2025-01-11 03:20:18,cust_601730,FRID,cash_loan,21550,12,702,low,approved,21550,online_banking,false,606
app_20250111_00005552,2025-01-11 01:46:01,cust_7174824,ESMA,mortgage,171716,300,670,medium,approved,171716,web,false,34
app_20250111_00005553,2025-01-11 11:26:21,cust_2103349,CHBE,education_loan,4957,36,732,low,approved,4957,atm,false,193
app_20250111_00005554,2025-01-11 19:43:31,cust_7388150,ATVI,auto_loan,11906,60,755,low,approved,11906,online_banking,true,682
app_20250111_00005555,2025-01-11 07:28:15,cust_1411512,SESV,personal_loan,19697,18,704,low,approved,19697,mobile,false,692
app_20250111_00005556,2025-01-11 08:12:48,cust_8158895,ATVI,auto_loan,8278,60,850,low,rejected,0,mobile_app,true,87
app_20250111_00005557,2025-01-11 14:45:02,cust_2742447,ESMA,personal_loan,42035,24,763,low,approved,42035,mobile,true,284
app_20250111_00005558,2025-01-11 06:30:27,cust_587398,ITMI,mortgage,71179,360,729,low,approved,71179,branch,false,484
app_20250111_00005559,2025-01-11 11:20:06,cust_6977666,ESMA,education_loan,38065,60,449,high,rejected,0,partner,false,34
app_20250111_00005560,2025-01-11 06:01:19,cust_2988239,AUTR,credit_card,27277,36,675,medium,approved,27277,call_center,false,838
app_20250111_00005561,2025-01-11 21:24:24,cust_8272091,PORP,cash_loan,18322,36,681,medium,approved,18322,mobile,true,294
app_20250111_00005562,2025-01-11 01:50:20,cust_6056312,UKLO,personal_loan,18238,30,543,medium,rejected,0,partner,true,154
app_20250111_00005563,2025-01-11 03:01:12,cust_5535373,NLAM,mortgage,330118,180,584,medium,approved,330118,partner,true,349
app_20250111_00005564,2025-01-11 04:36:14,cust_1633707,BENL,education_loan,24846,36,537,medium,rejected,0,call_center,true,81
app_20250111_00005565,2025-01-11 13:04:11,cust_1039554,DEHE,credit_card,4705,36,603,medium,approved,4705,mobile,false,779
app_20250111_00005566,2025-01-11 19:33:42,cust_7881226,GRRE,credit_card,35455,42,629,medium,rejected,0,online_banking,false,151
app_20250111_00005567,2025-01-11 07:26:52,cust_844862,CZPR,education_loan,9034,48,559,medium,rejected,0,branch,true,80
app_20250111_00005568,2025-01-11 02:25:50,cust_6579481,ESMA,education_loan,33019,36,611,medium,approved,33019,web,false,600
app_20250111_00005569,2025-01-11 23:49:29,cust_5241251,AUTR,education_loan,4081,60,732,low,approved,4081,partner,false,257
app_20250111_00005570,2025-01-11 11:23:33,cust_5902995,CHBE,personal_loan,4149,30,765,low,approved,4149,web,true,711
app_20250111_00005571,2025-01-11 06:44:20,cust_3619337,CZPR,mortgage,410155,360,650,medium,approved,410155,branch,true,489
app_20250111_00005572,2025-01-11 13:49:08,cust_6777411,AUTR,business_loan,28627,48,671,medium,approved,28627,mobile_app,true,115
app_20250111_00005573,2025-01-11 13:06:21,cust_6496372,CHBE,education_loan,39002,60,554,medium,approved,39002,online_banking,false,456
app_20250111_00005574,2025-01-11 10:59:34,cust_7531885,BENL,mortgage,459786,360,644,medium,rejected,0,branch,false,95
app_20250111_00005575,2025-01-11 12:22:28,cust_5569649,CHBE,business_loan,25654,12,710,low,approved,25654,partner,true,273
app_20250111_00005576,2025-01-11 10:39:41,cust_762673,AUTR,education_loan,20936,12,759,low,approved,20936,atm,false,44
app_20250111_00005577,2025-01-11 17:22:31,cust_2134889,CZPR,credit_card,40871,12,603,medium,rejected,0,partner,true,114
app_20250111_00005578,2025-01-11 19:35:18,cust_5920308,FRID,personal_loan,4472,42,602,medium,approved,4472,atm,true,157
app_20250111_00005579,2025-01-11 00:10:53,cust_1648011,CHBE,business_loan,11154,36,600,medium,rejected,0,mobile,false,71
app_20250111_00005580,2025-01-11 15:24:29,cust_7143144,SESV,personal_loan,11390,24,679,medium,approved,11390,branch,false,736
app_20250111_00005581,2025-01-11 01:21:13,cust_6816324,BENL,credit_card,24992,42,720,low,approved,24992,atm,false,294
app_20250111_00005582,2025-01-11 23:02:00,cust_8590097,NLAM,business_loan,13472,48,725,low,approved,13472,web,true,70
app_20250111_00005583,2025-01-11 12:44:06,cust_6022653,BENL,auto_loan,55998,60,547,medium,approved,55998,mobile_app,true,751
app_20250111_00005584,2025-01-11 12:38:50,cust_1306382,ESMA,refinance,458705,360,783,low,approved,458705,mobile,true,268
app_20250111_00005585,2025-01-11 14:58:33,cust_5236269,PORP,education_loan,25245,36,596,medium,rejected,0,mobile_app,true,95
app_20250111_00005586,2025-01-11 21:20:44,cust_223329,GRRE,business_loan,36289,24,650,medium,approved,36289,call_center,false,757
app_20250111_00005587,2025-01-11 06:30:37,cust_4468888,AUTR,cash_loan,23827,30,665,medium,approved,23827,online_banking,false,516
app_20250111_00005588,2025-01-11 04:30:42,cust_6675127,ITMI,refinance,214360,120,552,medium,approved,214360,atm,false,702
app_20250111_00005589,2025-01-11 11:22:29,cust_1701395,CHBE,mortgage,340795,180,791,low,approved,340795,call_center,true,203
app_20250111_00005590,2025-01-11 05:05:57,cust_1263395,ITMI,business_loan,13002,36,535,medium,rejected,0,atm,false,174
app_20250111_00005591,2025-01-11 11:14:24,cust_5780048,NLAM,credit_card,25481,36,744,low,approved,25481,call_center,false,487
app_20250111_00005592,2025-01-11 02:47:01,cust_1571911,CHBE,mortgage,66212,240,597,medium,rejected,0,online_banking,true,92
app_20250111_00005593,2025-01-11 07:05:01,cust_6497755,FRID,cash_loan,18120,42,531,medium,rejected,0,atm,true,145
app_20250111_00005594,2025-01-11 04:35:51,cust_7019813,ITMI,mortgage,436640,120,680,medium,rejected,0,call_center,false,40
app_20250111_00005595,2025-01-11 01:25:06,cust_3286470,CHBE,mortgage,420075,300,493,high,rejected,0,online_banking,true,22
app_20250111_00005596,2025-01-11 18:02:30,cust_8771247,FRID,personal_loan,49448,30,687,medium,approved,49448,call_center,true,263
app_20250111_00005597,2025-01-11 20:22:12,cust_2165618,SESV,personal_loan,38536,18,688,medium,rejected,0,web,true,107
app_20250111_00005598,2025-01-11 11:34:54,cust_8971498,DEHE,refinance,328410,180,526,medium,rejected,0,mobile_app,false,130
app_20250111_00005599,2025-01-11 09:25:09,cust_7671600,GRRE,business_loan,12262,60,605,medium,rejected,0,mobile_app,true,171
app_20250111_00005600,2025-01-11 19:06:44,cust_8792909,PLWA,mortgage,338935,180,698,medium,approved,338935,web,false,504
app_20250111_00005601,2025-01-11 22:37:35,cust_8209187,CHBE,business_loan,2964,60,615,medium,approved,2964,mobile,true,160
app_20250111_00005602,2025-01-11 06:39:43,cust_4111225,AUTR,mortgage,293244,120,743,low,approved,293244,mobile,true,481
app_20250111_00005603,2025-01-11 23:58:15,cust_1818993,PORP,auto_loan,28047,48,687,medium,approved,28047,online_banking,false,637
app_20250111_00005604,2025-01-11 16:50:44,cust_5420104,CZPR,auto_loan,13853,24,659,medium,rejected,0,online_banking,true,29
app_20250111_00005605,2025-01-11 01:47:31,cust_528386,PORP,refinance,192920,240,777,low,approved,192920,atm,false,858
app_20250111_00005606,2025-01-11 20:35:28,cust_7556145,CHBE,cash_loan,10045,24,498,high,rejected,0,call_center,false,33
app_20250111_00005607,2025-01-11 15:50:37,cust_5846650,PORP,education_loan,23400,12,658,medium,rejected,0,call_center,true,97
app_20250111_00005608,2025-01-11 13:30:41,cust_8670231,PLWA,business_loan,13732,36,495,high,rejected,0,branch,true,147
app_20250111_00005609,2025-01-11 03:22:22,cust_4955819,ATVI,credit_card,9276,42,664,medium,approved,9276,online_banking,true,464
app_20250111_00005610,2025-01-11 11:43:02,cust_8937753,NLAM,credit_card,44238,36,584,medium,approved,44238,branch,true,823
app_20250111_00005611,2025-01-11 12:16:08,cust_328417,CHBE,personal_loan,9434,18,752,low,approved,9434,mobile_app,true,664
app_20250111_00005612,2025-01-11 10:23:07,cust_8237089,BENL,refinance,445167,180,613,medium,rejected,0,atm,true,5
app_20250111_00005613,2025-01-11 11:10:38,cust_2883664,ITMI,education_loan,9748,48,601,medium,rejected,0,online_banking,true,121
app_20250111_00005614,2025-01-11 20:58:27,cust_9735422,NLAM,refinance,92443,300,426,high,rejected,0,atm,false,166
app_20250111_00005615,2025-01-11 02:08:40,cust_8589083,PORP,education_loan,8241,24,759,low,approved,8241,branch,true,506
app_20250111_00005616,2025-01-11 09:09:45,cust_1107171,CZPR,auto_loan,23593,72,613,medium,approved,23593,call_center,false,138
app_20250111_00005617,2025-01-11 00:17:55,cust_616117,BENL,personal_loan,25773,36,542,medium,approved,25773,web,true,280
app_20250111_00005618,2025-01-11 01:29:14,cust_8153071,ESMA,mortgage,418945,120,764,low,approved,418945,partner,true,87
app_20250111_00005619,2025-01-11 09:01:09,cust_4237952,NLAM,auto_loan,42968,48,688,medium,approved,42968,mobile_app,true,790
app_20250111_00005620,2025-01-11 05:53:39,cust_2350772,PLWA,auto_loan,49395,48,594,medium,approved,49395,branch,true,279
app_20250111_00005621,2025-01-11 22:35:38,cust_7380597,UKLO,mortgage,422712,180,458,high,rejected,0,online_banking,false,59
app_20250111_00005622,2025-01-11 14:57:32,cust_5316794,PORP,refinance,75695,180,752,low,approved,75695,partner,false,78
app_20250111_00005623,2025-01-11 13:36:38,cust_2231334,GRRE,education_loan,16698,36,525,medium,approved,16698,call_center,true,361
app_20250111_00005624,2025-01-11 10:46:57,cust_6427860,ITMI,credit_card,3190,30,664,medium,rejected,0,branch,false,23
app_20250111_00005625,2025-01-11 13:09:02,cust_5546778,PLWA,education_loan,35578,60,619,medium,approved,35578,online_banking,false,438
app_20250111_00005626,2025-01-11 19:16:30,cust_9920743,GRRE,credit_card,16240,42,566,medium,approved,16240,partner,true,635
app_20250111_00005627,2025-01-11 13:42:05,cust_6212822,NLAM,personal_loan,17792,12,565,medium,rejected,0,atm,false,42
app_20250111_00005628,2025-01-11 13:01:34,cust_9482973,PORP,personal_loan,39082,48,671,medium,approved,39082,online_banking,true,30
app_20250111_00005629,2025-01-11 08:54:11,cust_5387401,UKLO,personal_loan,43124,36,833,low,approved,43124,atm,false,326
app_20250111_00005630,2025-01-11 00:36:48,cust_3947467,NLAM,business_loan,31903,24,495,high,rejected,0,atm,true,56
app_20250111_00005631,2025-01-11 07:28:43,cust_2561573,PLWA,education_loan,20864,12,605,medium,approved,20864,mobile_app,true,112
app_20250111_00005632,2025-01-11 04:01:57,cust_8553002,SESV,mortgage,460384,300,704,low,approved,460384,call_center,false,440
app_20250111_00005633,2025-01-11 05:00:54,cust_2903898,UKLO,refinance,394198,240,792,low,approved,394198,branch,false,506
app_20250111_00005634,2025-01-11 00:27:40,cust_2845891,DEHE,credit_card,24561,36,639,medium,approved,24561,web,true,343
app_20250111_00005635,2025-01-11 18:58:37,cust_2536708,NLAM,personal_loan,43732,36,575,medium,rejected,0,atm,true,123
app_20250111_00005636,2025-01-11 06:27:04,cust_1083769,NLAM,cash_loan,3128,36,779,low,approved,3128,call_center,false,451
app_20250111_00005637,2025-01-11 18:32:59,cust_7047531,FRID,personal_loan,40756,36,747,low,approved,40756,call_center,true,141
app_20250111_00005638,2025-01-11 01:22:00,cust_8632912,DEHE,mortgage,288478,120,679,medium,approved,288478,partner,true,162
app_20250111_00005639,2025-01-11 06:10:15,cust_8595403,BENL,refinance,109191,180,663,medium,approved,109191,partner,true,370
app_20250111_00005640,2025-01-11 21:34:23,cust_6732268,SESV,cash_loan,1346,24,813,low,approved,1346,partner,true,212
app_20250111_00005641,2025-01-11 16:52:12,cust_7663471,PLWA,credit_card,43326,24,659,medium,approved,43326,mobile_app,false,793
app_20250111_00005642,2025-01-11 11:40:26,cust_9819090,BENL,mortgage,499389,240,715,low,approved,499389,mobile_app,true,565
app_20250111_00005643,2025-01-11 21:57:00,cust_3466593,GRRE,personal_loan,8126,36,583,medium,approved,8126,online_banking,true,637
app_20250111_00005644,2025-01-11 20:13:15,cust_6368653,ITMI,education_loan,3675,24,652,medium,rejected,0,partner,false,19
app_20250111_00005645,2025-01-11 00:58:31,cust_9453498,GRRE,education_loan,13273,60,625,medium,approved,13273,call_center,false,311
app_20250111_00005646,2025-01-11 12:45:56,cust_3597442,PLWA,education_loan,15115,48,751,low,approved,15115,partner,false,642
app_20250111_00005647,2025-01-11 16:01:32,cust_6948457,AUTR,education_loan,20561,36,796,low,approved,20561,call_center,false,573
app_20250111_00005648,2025-01-11 08:02:27,cust_9378607,FRID,refinance,279271,300,551,medium,approved,279271,call_center,false,113
app_20250111_00005649,2025-01-11 19:36:20,cust_4409687,FRID,cash_loan,48772,36,829,low,approved,48772,web,true,839
app_20250111_00005650,2025-01-11 22:05:19,cust_4985492,PLWA,credit_card,3922,24,612,medium,rejected,0,online_banking,false,66
app_20250111_00005651,2025-01-11 19:18:00,cust_214856,DEHE,cash_loan,46227,36,724,low,approved,46227,online_banking,true,896
app_20250111_00005652,2025-01-11 17:16:01,cust_2163261,FRID,refinance,256356,180,808,low,rejected,0,mobile,true,113
app_20250111_00005653,2025-01-11 20:39:51,cust_1675591,ATVI,personal_loan,26280,24,587,medium,rejected,0,mobile,false,54
app_20250111_00005654,2025-01-11 13:06:05,cust_7158112,BENL,education_loan,11493,36,668,medium,approved,11493,mobile_app,true,349
app_20250111_00005655,2025-01-11 12:17:50,cust_4537580,PORP,education_loan,17422,24,668,medium,approved,17422,branch,false,626
app_20250111_00005656,2025-01-11 10:21:44,cust_2838630,ESMA,auto_loan,30355,72,620,medium,approved,30355,call_center,true,651
app_20250111_00005657,2025-01-11 02:24:25,cust_3084160,DEHE,personal_loan,5211,24,632,medium,rejected,0,partner,true,135
app_20250111_00005658,2025-01-11 23:23:34,cust_1580531,PLWA,personal_loan,19900,24,725,low,approved,19900,partner,false,859
app_20250111_00005659,2025-01-11 08:35:09,cust_339099,ESMA,education_loan,20445,12,675,medium,rejected,0,call_center,true,13
app_20250111_00005660,2025-01-11 03:46:42,cust_558635,ESMA,personal_loan,34608,36,792,low,rejected,0,mobile,false,129
app_20250111_00005661,2025-01-11 23:17:59,cust_9031697,CZPR,business_loan,28995,24,783,low,approved,28995,partner,false,471
app_20250111_00005662,2025-01-11 09:59:32,cust_3503148,GRRE,credit_card,12247,48,587,medium,rejected,0,atm,true,115
app_20250111_00005663,2025-01-11 07:30:46,cust_7899360,DEHE,mortgage,273711,300,742,low,approved,273711,atm,true,660
app_20250111_00005664,2025-01-11 18:20:24,cust_489852,CHBE,auto_loan,42718,72,726,low,approved,42718,mobile,true,127
app_20250111_00005665,2025-01-11 06:51:43,cust_8017725,ITMI,personal_loan,4766,24,744,low,rejected,0,call_center,false,138
app_20250111_00005666,2025-01-11 05:53:33,cust_4351748,AUTR,business_loan,8512,12,623,medium,approved,8512,mobile,true,491
app_20250111_00005667,2025-01-11 15:22:54,cust_1367275,GRRE,cash_loan,6067,30,738,low,approved,6067,mobile_app,true,752
app_20250111_00005668,2025-01-11 19:34:26,cust_7940864,BENL,auto_loan,9841,48,612,medium,approved,9841,web,false,194
app_20250111_00005669,2025-01-11 05:28:05,cust_7594581,CZPR,credit_card,28684,42,694,medium,approved,28684,call_center,true,871
app_20250111_00005670,2025-01-11 21:26:14,cust_3525413,ESMA,credit_card,1292,42,687,medium,approved,1292,atm,true,527
app_20250111_00005671,2025-01-11 07:35:41,cust_8933985,NLAM,education_loan,26931,24,626,medium,approved,26931,atm,true,837
app_20250111_00005672,2025-01-11 16:41:28,cust_9641071,BENL,auto_loan,23133,60,575,medium,rejected,0,online_banking,true,155
app_20250111_00005673,2025-01-11 01:18:47,cust_7610494,FRID,education_loan,23247,12,661,medium,approved,23247,call_center,true,530
app_20250111_00005674,2025-01-11 05:04:15,cust_8084133,DEHE,business_loan,37299,48,683,medium,rejected,0,web,false,142
app_20250111_00005675,2025-01-11 20:28:13,cust_2572117,GRRE,auto_loan,11734,48,716,low,approved,11734,web,false,326
app_20250111_00005676,2025-01-11 18:18:14,cust_309983,BENL,mortgage,258247,300,694,medium,approved,258247,partner,true,505
app_20250111_00005677,2025-01-11 08:11:16,cust_5296123,NLAM,refinance,243071,360,629,medium,approved,243071,mobile_app,true,364
app_20250111_00005678,2025-01-11 01:10:16,cust_8949775,CZPR,auto_loan,50957,36,639,medium,approved,50957,mobile_app,true,717
app_20250111_00005679,2025-01-11 16:14:29,cust_6005835,ATVI,cash_loan,49905,24,683,medium,approved,49905,branch,false,30
app_20250111_00005680,2025-01-11 05:49:17,cust_9355897,ESMA,business_loan,3347,24,666,medium,approved,3347,call_center,false,537
app_20250111_00005681,2025-01-11 04:24:31,cust_6860541,FRID,business_loan,24966,60,652,medium,approved,24966,call_center,true,692
app_20250111_00005682,2025-01-11 16:22:51,cust_504419,ESMA,cash_loan,15811,18,483,high,rejected,0,branch,true,133
app_20250111_00005683,2025-01-11 02:12:50,cust_1062638,SESV,education_loan,29941,48,558,medium,rejected,0,atm,false,44
app_20250111_00005684,2025-01-11 13:12:20,cust_782758,ESMA,personal_loan,4039,18,655,medium,approved,4039,partner,true,208
app_20250111_00005685,2025-01-11 04:24:33,cust_5860266,NLAM,business_loan,28962,24,636,medium,rejected,0,branch,true,58
app_20250111_00005686,2025-01-11 00:49:12,cust_1451584,BENL,personal_loan,47503,24,495,high,rejected,0,mobile_app,false,72
app_20250111_00005687,2025-01-11 02:38:36,cust_2428910,CZPR,education_loan,36992,12,547,medium,rejected,0,web,false,47
app_20250111_00005688,2025-01-11 02:09:59,cust_3549968,ESMA,business_loan,12053,48,569,medium,rejected,0,online_banking,false,67
app_20250111_00005689,2025-01-11 14:35:17,cust_3334526,NLAM,refinance,161193,300,658,medium,approved,161193,mobile_app,true,752
app_20250111_00005690,2025-01-11 09:27:58,cust_9935058,ATVI,personal_loan,24197,12,638,medium,rejected,0,mobile_app,false,132
app_20250111_00005691,2025-01-11 01:11:46,cust_3823977,AUTR,refinance,303886,180,464,high,rejected,0,call_center,true,109
app_20250111_00005692,2025-01-11 11:39:16,cust_5995540,GRRE,credit_card,14230,42,506,medium,approved,14230,online_banking,true,444
app_20250111_00005693,2025-01-11 05:01:09,cust_6930201,SESV,business_loan,11521,36,494,high,rejected,0,branch,false,129
app_20250111_00005694,2025-01-11 04:00:05,cust_7342367,NLAM,personal_loan,9242,36,495,high,rejected,0,atm,true,153
app_20250111_00005695,2025-01-11 12:52:13,cust_8806846,NLAM,auto_loan,11622,48,675,medium,approved,11622,call_center,false,680
app_20250111_00005696,2025-01-11 15:34:52,cust_4273930,FRID,personal_loan,36138,24,515,medium,approved,36138,partner,true,264
app_20250111_00005697,2025-01-11 16:33:53,cust_5850939,BENL,cash_loan,1441,18,665,medium,approved,1441,mobile_app,false,525
app_20250111_00005698,2025-01-11 15:12:31,cust_2175986,FRID,business_loan,4071,36,759,low,approved,4071,mobile_app,true,898
app_20250111_00005699,2025-01-11 16:55:06,cust_8452660,SESV,cash_loan,36710,24,642,medium,approved,36710,mobile_app,true,663
app_20250111_00005700,2025-01-11 12:48:50,cust_7622954,FRID,refinance,473234,300,733,low,approved,473234,partner,false,436
app_20250111_00005701,2025-01-11 08:59:50,cust_2660997,CHBE,business_loan,29849,60,615,medium,approved,29849,mobile,true,582
app_20250111_00005702,2025-01-11 17:33:22,cust_9898637,CHBE,education_loan,13763,36,731,low,approved,13763,branch,true,554
app_20250111_00005703,2025-01-11 10:14:50,cust_8756306,NLAM,education_loan,20509,36,686,medium,approved,20509,call_center,true,245
app_20250111_00005704,2025-01-11 06:31:18,cust_7384325,PLWA,credit_card,44599,48,597,medium,approved,44599,partner,false,217
app_20250111_00005705,2025-01-11 04:41:47,cust_5611147,CZPR,refinance,384376,240,719,low,approved,384376,mobile_app,false,744
app_20250111_00005706,2025-01-11 07:12:28,cust_3074219,FRID,cash_loan,30072,36,425,high,rejected,0,mobile,false,125
app_20250111_00005707,2025-01-11 15:56:16,cust_3837356,AUTR,credit_card,25333,36,656,medium,approved,25333,branch,false,219
app_20250111_00005708,2025-01-11 05:34:24,cust_5435712,UKLO,credit_card,31214,48,611,medium,approved,31214,call_center,false,463
app_20250111_00005709,2025-01-11 18:04:53,cust_5642498,GRRE,mortgage,90179,360,671,medium,approved,90179,atm,false,556
app_20250111_00005710,2025-01-11 13:15:05,cust_3876005,NLAM,refinance,64302,360,589,medium,rejected,0,mobile_app,false,159
app_20250111_00005711,2025-01-11 15:29:40,cust_6241651,DEHE,cash_loan,43992,36,628,medium,approved,43992,call_center,false,147
app_20250111_00005712,2025-01-11 18:43:31,cust_9078207,GRRE,refinance,115199,180,676,medium,rejected,0,branch,true,75
app_20250111_00005713,2025-01-11 01:01:35,cust_4651829,DEHE,auto_loan,41806,48,540,medium,rejected,0,atm,false,15
app_20250111_00005714,2025-01-11 08:50:42,cust_6979299,GRRE,refinance,390060,180,663,medium,approved,390060,web,false,118
app_20250111_00005715,2025-01-11 23:18:20,cust_1095553,UKLO,refinance,334826,120,581,medium,rejected,0,atm,false,112
app_20250111_00005716,2025-01-11 19:39:53,cust_8202778,ITMI,mortgage,253601,240,850,low,approved,253601,mobile_app,false,676
app_20250111_00005717,2025-01-11 17:43:21,cust_1362600,ESMA,business_loan,11680,12,759,low,rejected,0,partner,true,137
app_20250111_00005718,2025-01-11 21:53:09,cust_8185383,UKLO,business_loan,27038,60,615,medium,approved,27038,web,false,639
app_20250111_00005719,2025-01-11 01:18:05,cust_6356364,CHBE,personal_loan,41185,12,418,high,rejected,0,atm,false,143
app_20250111_00005720,2025-01-11 11:05:21,cust_1048195,DEHE,mortgage,289272,180,516,medium,rejected,0,call_center,false,80
app_20250111_00005721,2025-01-11 06:22:11,cust_3118109,PLWA,credit_card,9980,48,693,medium,approved,9980,mobile,true,411
app_20250111_00005722,2025-01-11 09:19:01,cust_3547214,ITMI,education_loan,4771,60,714,low,approved,4771,branch,false,232
app_20250111_00005723,2025-01-11 11:11:01,cust_3571524,PORP,auto_loan,18864,24,607,medium,approved,18864,call_center,false,836
app_20250111_00005724,2025-01-11 19:12:03,cust_6995664,PLWA,credit_card,24782,48,561,medium,rejected,0,atm,false,20
app_20250111_00005725,2025-01-11 21:45:08,cust_5362408,DEHE,business_loan,10230,24,719,low,approved,10230,web,true,485
app_20250111_00005726,2025-01-11 21:02:34,cust_4498225,CHBE,education_loan,13386,12,690,medium,approved,13386,atm,false,361
app_20250111_00005727,2025-01-11 03:19:33,cust_3312164,SESV,credit_card,49496,18,531,medium,rejected,0,mobile_app,false,166
app_20250111_00005728,2025-01-11 14:05:41,cust_2862155,FRID,auto_loan,33064,60,613,medium,rejected,0,branch,true,22
app_20250111_00005729,2025-01-11 12:02:00,cust_6417854,FRID,business_loan,22871,36,706,low,approved,22871,partner,false,814
app_20250111_00005730,2025-01-11 21:56:04,cust_5900963,ATVI,personal_loan,47827,48,682,medium,approved,47827,mobile,true,584
app_20250111_00005731,2025-01-11 03:10:01,cust_4638538,GRRE,auto_loan,6583,48,427,high,rejected,0,mobile_app,true,179
app_20250111_00005732,2025-01-11 03:14:47,cust_7031485,CZPR,auto_loan,22996,24,577,medium,approved,22996,branch,false,66
app_20250111_00005733,2025-01-11 00:50:01,cust_3403524,BENL,education_loan,28453,48,718,low,approved,28453,web,true,64
app_20250111_00005734,2025-01-11 19:40:04,cust_4607296,PORP,education_loan,2921,36,720,low,approved,2921,online_banking,true,684
app_20250111_00005735,2025-01-11 20:13:55,cust_7696209,FRID,mortgage,415667,300,841,low,approved,415667,branch,false,600
app_20250111_00005736,2025-01-11 03:54:09,cust_3806301,PLWA,cash_loan,33001,24,615,medium,approved,33001,atm,false,691
app_20250111_00005737,2025-01-11 16:47:57,cust_3859495,PLWA,auto_loan,50962,60,702,low,approved,50962,mobile,false,641
app_20250111_00005738,2025-01-11 14:06:58,cust_2162079,ITMI,refinance,291034,300,687,medium,approved,291034,mobile,false,885
app_20250111_00005739,2025-01-11 22:33:25,cust_4890576,PLWA,cash_loan,29750,48,837,low,approved,29750,online_banking,false,264
app_20250111_00005740,2025-01-11 22:11:06,cust_4284312,NLAM,business_loan,35604,60,734,low,approved,35604,partner,true,95
app_20250111_00005741,2025-01-11 02:40:22,cust_1448471,CZPR,personal_loan,5182,30,672,medium,rejected,0,branch,false,177
app_20250111_00005742,2025-01-11 05:09:18,cust_6968682,FRID,auto_loan,39776,36,650,medium,rejected,0,web,false,104
app_20250111_00005743,2025-01-11 22:34:06,cust_3538665,SESV,auto_loan,49042,36,558,medium,rejected,0,partner,false,49
app_20250111_00005744,2025-01-11 09:59:47,cust_4116941,FRID,credit_card,32036,30,607,medium,rejected,0,atm,true,145
app_20250111_00005745,2025-01-11 01:03:18,cust_6086277,PLWA,auto_loan,25966,48,727,low,rejected,0,branch,true,180
app_20250111_00005746,2025-01-11 06:27:17,cust_8046919,AUTR,education_loan,30558,36,684,medium,rejected,0,web,false,145
app_20250111_00005747,2025-01-11 04:26:49,cust_8087540,FRID,business_loan,32098,60,587,medium,rejected,0,web,true,172
app_20250111_00005748,2025-01-11 11:56:32,cust_6798230,SESV,cash_loan,27193,36,614,medium,approved,27193,branch,false,803
app_20250111_00005749,2025-01-11 22:42:13,cust_7383346,CZPR,auto_loan,23980,48,850,low,approved,23980,online_banking,true,233
app_20250111_00005750,2025-01-11 11:57:24,cust_7013445,ATVI,auto_loan,38036,36,550,medium,rejected,0,partner,false,165
app_20250111_00005751,2025-01-11 18:48:01,cust_8411766,AUTR,credit_card,13293,30,571,medium,approved,13293,web,true,610
app_20250111_00005752,2025-01-11 05:02:48,cust_508923,CHBE,business_loan,6695,24,543,medium,rejected,0,mobile_app,false,110
app_20250111_00005753,2025-01-11 08:46:31,cust_7358552,ESMA,personal_loan,14857,18,532,medium,approved,14857,mobile_app,false,355
app_20250111_00005754,2025-01-11 01:00:02,cust_6018898,CZPR,business_loan,20949,48,598,medium,rejected,0,partner,false,44
app_20250111_00005755,2025-01-11 21:12:49,cust_4959101,ATVI,education_loan,18641,48,637,medium,approved,18641,partner,true,817
app_20250111_00005756,2025-01-11 16:44:23,cust_7968408,PLWA,business_loan,22535,24,581,medium,approved,22535,call_center,false,418
app_20250111_00005757,2025-01-11 19:28:19,cust_6400276,CHBE,education_loan,38200,60,758,low,rejected,0,partner,true,130
app_20250111_00005758,2025-01-11 22:29:09,cust_9533171,PORP,business_loan,14770,48,581,medium,rejected,0,partner,true,31
app_20250111_00005759,2025-01-11 02:01:19,cust_1048675,NLAM,refinance,171663,300,841,low,approved,171663,branch,true,865
app_20250111_00005760,2025-01-11 00:48:53,cust_1040345,FRID,personal_loan,41627,30,628,medium,rejected,0,branch,true,133
app_20250111_00005761,2025-01-11 22:26:09,cust_6207686,GRRE,mortgage,384456,180,696,medium,approved,384456,partner,false,472
app_20250111_00005762,2025-01-11 22:38:49,cust_4674202,ESMA,business_loan,24544,36,629,medium,approved,24544,branch,false,634
app_20250111_00005763,2025-01-11 20:07:51,cust_5024473,UKLO,cash_loan,49756,24,594,medium,rejected,0,partner,true,139
app_20250111_00005764,2025-01-11 02:21:35,cust_6366093,BENL,education_loan,13700,48,632,medium,approved,13700,branch,false,252
app_20250111_00005765,2025-01-11 01:23:35,cust_3308226,PLWA,auto_loan,43184,24,409,high,rejected,0,partner,true,20
app_20250111_00005766,2025-01-11 03:18:17,cust_594056,FRID,cash_loan,18262,12,584,medium,approved,18262,mobile,false,126
app_20250111_00005767,2025-01-11 18:14:31,cust_9130388,UKLO,education_loan,34170,12,850,low,rejected,0,partner,true,166
app_20250111_00005768,2025-01-11 10:09:43,cust_1072695,CZPR,auto_loan,49047,60,530,medium,approved,49047,atm,false,382
app_20250111_00005769,2025-01-11 14:06:20,cust_1154707,NLAM,credit_card,23690,42,665,medium,rejected,0,web,false,8
app_20250111_00005770,2025-01-11 04:08:23,cust_209601,BENL,mortgage,90723,120,573,medium,approved,90723,partner,false,867
app_20250111_00005771,2025-01-11 02:13:30,cust_5431997,AUTR,mortgage,221854,120,482,high,rejected,0,mobile,true,178
app_20250111_00005772,2025-01-11 22:58:01,cust_1712003,FRID,personal_loan,32026,42,811,low,approved,32026,mobile_app,false,359
app_20250111_00005773,2025-01-11 04:18:28,cust_2215539,PORP,mortgage,109085,180,604,medium,approved,109085,branch,false,181
app_20250111_00005774,2025-01-11 08:43:00,cust_4392234,AUTR,credit_card,45990,48,681,medium,rejected,0,web,false,78
app_20250111_00005775,2025-01-11 00:42:15,cust_3904497,AUTR,cash_loan,27227,18,672,medium,rejected,0,call_center,false,60
app_20250111_00005776,2025-01-11 16:17:27,cust_839211,DEHE,auto_loan,28153,60,591,medium,approved,28153,mobile_app,true,832
app_20250111_00005777,2025-01-11 22:22:48,cust_3896172,UKLO,credit_card,22121,42,741,low,approved,22121,web,true,683
app_20250111_00005778,2025-01-11 00:27:28,cust_3251415,SESV,business_loan,15220,60,546,medium,rejected,0,online_banking,false,68
app_20250111_00005779,2025-01-11 02:17:35,cust_2619676,GRRE,personal_loan,5329,18,600,medium,rejected,0,atm,false,9
app_20250111_00005780,2025-01-11 15:08:22,cust_4187991,CHBE,auto_loan,21172,72,652,medium,rejected,0,mobile_app,false,30
app_20250111_00005781,2025-01-11 21:57:46,cust_1616541,CHBE,mortgage,395262,300,788,low,approved,395262,atm,false,786
app_20250111_00005782,2025-01-11 05:30:22,cust_2905479,ITMI,refinance,204564,300,683,medium,rejected,0,call_center,false,68
app_20250111_00005783,2025-01-11 08:23:40,cust_4295729,PLWA,mortgage,312857,180,555,medium,approved,312857,atm,true,849
app_20250111_00005784,2025-01-11 07:13:01,cust_8089675,GRRE,auto_loan,17495,60,562,medium,approved,17495,atm,true,633
app_20250111_00005785,2025-01-11 00:25:53,cust_6425709,ATVI,mortgage,224194,360,315,high,rejected,0,branch,true,46
app_20250111_00005786,2025-01-11 07:35:07,cust_1445419,ESMA,business_loan,17214,12,735,low,approved,17214,online_banking,false,125
app_20250111_00005787,2025-01-11 21:54:52,cust_455157,CZPR,education_loan,7756,60,469,high,rejected,0,branch,true,18
app_20250111_00005788,2025-01-11 21:23:00,cust_9071978,GRRE,business_loan,27146,36,740,low,approved,27146,web,true,548
app_20250111_00005789,2025-01-11 10:14:27,cust_4612135,FRID,refinance,313394,120,641,medium,rejected,0,mobile,true,38
app_20250111_00005790,2025-01-11 16:53:28,cust_958664,PLWA,auto_loan,49006,72,582,medium,approved,49006,mobile_app,false,38
app_20250111_00005791,2025-01-11 09:32:51,cust_904545,ATVI,auto_loan,28912,36,431,high,rejected,0,mobile,true,84
app_20250111_00005792,2025-01-11 20:01:13,cust_4074726,NLAM,education_loan,28698,12,643,medium,approved,28698,partner,false,252
app_20250111_00005793,2025-01-11 01:26:42,cust_1188090,SESV,personal_loan,19583,36,472,high,rejected,0,mobile_app,false,133
app_20250111_00005794,2025-01-11 09:23:23,cust_8063201,PLWA,credit_card,2022,30,680,medium,approved,2022,call_center,true,436
app_20250111_00005795,2025-01-11 15:40:02,cust_4798680,BENL,business_loan,33981,12,707,low,approved,33981,call_center,true,555
app_20250111_00005796,2025-01-11 07:36:12,cust_2028127,GRRE,auto_loan,7964,48,700,low,approved,7964,call_center,false,322
app_20250111_00005797,2025-01-11 07:18:50,cust_5160850,NLAM,personal_loan,37674,42,666,medium,rejected,0,call_center,false,118
app_20250111_00005798,2025-01-11 15:00:07,cust_7999390,DEHE,refinance,253933,120,829,low,approved,253933,partner,true,198
app_20250111_00005799,2025-01-11 21:33:59,cust_3360499,GRRE,refinance,283170,180,554,medium,rejected,0,mobile,true,158
app_20250111_00005800,2025-01-11 17:03:19,cust_7109681,SESV,credit_card,27403,42,727,low,approved,27403,online_banking,true,618
app_20250111_00005801,2025-01-11 01:41:46,cust_4732227,UKLO,auto_loan,29321,72,613,medium,rejected,0,online_banking,true,24
app_20250111_00005802,2025-01-11 17:07:05,cust_3348195,SESV,mortgage,57434,300,632,medium,approved,57434,mobile_app,false,468
app_20250111_00005803,2025-01-11 15:07:24,cust_2722525,SESV,business_loan,30550,60,522,medium,rejected,0,call_center,false,14
app_20250111_00005804,2025-01-11 14:23:38,cust_4956666,UKLO,education_loan,27722,12,632,medium,rejected,0,mobile_app,true,101
app_20250111_00005805,2025-01-11 11:33:21,cust_3014754,UKLO,education_loan,38184,60,748,low,approved,38184,mobile_app,true,147
app_20250111_00005806,2025-01-11 01:54:18,cust_350143,GRRE,credit_card,42898,42,722,low,approved,42898,mobile,true,278
app_20250111_00005807,2025-01-11 04:58:02,cust_8575601,DEHE,cash_loan,26592,48,812,low,approved,26592,web,true,356
app_20250111_00005808,2025-01-11 13:41:27,cust_8823648,SESV,education_loan,17460,60,658,medium,approved,17460,call_center,true,620
app_20250111_00005809,2025-01-11 01:26:58,cust_1437876,CZPR,refinance,392475,180,811,low,approved,392475,web,false,732
app_20250111_00005810,2025-01-11 19:58:43,cust_9806938,PORP,credit_card,49205,30,698,medium,approved,49205,atm,false,261
app_20250111_00005811,2025-01-11 06:19:00,cust_3573262,PORP,personal_loan,23901,24,604,medium,approved,23901,partner,false,356
app_20250111_00005812,2025-01-11 19:16:26,cust_9845067,ATVI,refinance,233660,180,528,medium,approved,233660,partner,true,281
app_20250111_00005813,2025-01-11 23:06:21,cust_8450816,ATVI,education_loan,35061,48,765,low,approved,35061,mobile,true,95
app_20250111_00005814,2025-01-11 10:51:14,cust_5207862,BENL,personal_loan,26067,12,538,medium,rejected,0,branch,true,64
app_20250111_00005815,2025-01-11 08:27:37,cust_8782925,GRRE,education_loan,31755,60,616,medium,rejected,0,branch,true,46
app_20250111_00005816,2025-01-11 05:49:12,cust_2692059,AUTR,personal_loan,27325,48,557,medium,approved,27325,mobile_app,false,151
app_20250111_00005817,2025-01-11 10:31:49,cust_9709125,DEHE,auto_loan,51124,48,729,low,approved,51124,call_center,false,899
app_20250111_00005818,2025-01-11 20:13:50,cust_7842911,CHBE,credit_card,38744,42,661,medium,rejected,0,web,true,128
app_20250111_00005819,2025-01-11 09:13:04,cust_2212586,ESMA,auto_loan,10133,24,724,low,approved,10133,mobile_app,true,595
app_20250111_00005820,2025-01-11 12:36:13,cust_2637012,BENL,business_loan,36572,48,845,low,approved,36572,atm,false,690
app_20250111_00005821,2025-01-11 22:57:34,cust_5265587,CZPR,cash_loan,18853,42,718,low,approved,18853,mobile_app,true,186
app_20250111_00005822,2025-01-11 19:30:33,cust_1706380,ITMI,refinance,82316,180,797,low,approved,82316,atm,false,700
app_20250111_00005823,2025-01-11 21:54:21,cust_3816282,DEHE,cash_loan,5436,30,636,medium,rejected,0,call_center,true,133
app_20250111_00005824,2025-01-11 20:37:05,cust_8022049,SESV,mortgage,195513,240,542,medium,approved,195513,partner,false,250
app_20250111_00005825,2025-01-11 21:44:53,cust_8592579,DEHE,personal_loan,30668,48,496,high,approved,30668,online_banking,true,59
app_20250111_00005826,2025-01-11 22:16:21,cust_6123493,CHBE,business_loan,35279,36,596,medium,approved,35279,partner,false,78
app_20250111_00005827,2025-01-11 05:50:54,cust_6043361,PLWA,education_loan,21740,60,626,medium,rejected,0,web,true,126
app_20250111_00005828,2025-01-11 06:24:57,cust_4165974,GRRE,refinance,202135,180,755,low,approved,202135,call_center,true,502
app_20250111_00005829,2025-01-11 08:10:38,cust_124162,UKLO,mortgage,402465,120,715,low,approved,402465,call_center,true,504
app_20250111_00005830,2025-01-11 22:16:38,cust_1603113,GRRE,education_loan,27357,12,504,medium,rejected,0,call_center,true,105
app_20250111_00005831,2025-01-11 18:10:51,cust_3228262,CHBE,business_loan,12944,24,769,low,approved,12944,partner,false,450
app_20250111_00005832,2025-01-11 01:09:42,cust_5599647,ITMI,auto_loan,27785,24,599,medium,rejected,0,call_center,false,161
app_20250111_00005833,2025-01-11 22:31:50,cust_1670250,SESV,education_loan,19818,60,717,low,approved,19818,mobile,true,185
app_20250111_00005834,2025-01-11 17:50:15,cust_5651069,NLAM,refinance,158984,180,662,medium,rejected,0,mobile_app,true,166
app_20250111_00005835,2025-01-11 20:47:25,cust_6779039,UKLO,refinance,404631,300,671,medium,approved,404631,online_banking,true,823
app_20250111_00005836,2025-01-11 14:03:25,cust_8198945,PLWA,auto_loan,24932,60,631,medium,rejected,0,call_center,true,83
app_20250111_00005837,2025-01-11 00:40:19,cust_342913,BENL,business_loan,25809,36,636,medium,rejected,0,online_banking,true,107
app_20250111_00005838,2025-01-11 19:58:37,cust_112815,PORP,cash_loan,15905,36,510,medium,approved,15905,web,false,876
app_20250111_00005839,2025-01-11 19:44:47,cust_6278674,ESMA,personal_loan,47080,30,623,medium,approved,47080,web,false,468
app_20250111_00005840,2025-01-11 05:58:47,cust_1202922,DEHE,auto_loan,7364,48,715,low,approved,7364,call_center,true,69
app_20250111_00005841,2025-01-11 02:29:33,cust_1617361,ATVI,mortgage,494737,300,743,low,approved,494737,mobile,false,453
app_20250111_00005842,2025-01-11 13:05:42,cust_242724,ESMA,mortgage,491801,120,603,medium,rejected,0,atm,true,133
app_20250111_00005843,2025-01-11 02:14:25,cust_5389338,ATVI,personal_loan,31759,18,423,high,rejected,0,mobile,false,125
app_20250111_00005844,2025-01-11 05:54:00,cust_3372525,PORP,personal_loan,36490,30,665,medium,approved,36490,branch,false,356
app_20250111_00005845,2025-01-11 19:04:06,cust_2696094,CZPR,mortgage,118896,180,486,high,rejected,0,partner,false,149
app_20250111_00005846,2025-01-11 02:33:20,cust_727696,CHBE,business_loan,21583,36,599,medium,rejected,0,partner,true,24
app_20250111_00005847,2025-01-11 18:03:03,cust_6380054,DEHE,cash_loan,26786,18,626,medium,rejected,0,branch,false,141
app_20250111_00005848,2025-01-11 04:57:23,cust_4021987,CHBE,auto_loan,21659,24,550,medium,rejected,0,mobile,false,34
app_20250111_00005849,2025-01-11 13:07:16,cust_1414984,AUTR,business_loan,3557,12,673,medium,rejected,0,atm,true,42
app_20250111_00005850,2025-01-11 07:28:40,cust_1106033,PORP,refinance,345041,360,716,low,approved,345041,call_center,false,503
app_20250111_00005851,2025-01-11 08:31:08,cust_5252702,CZPR,refinance,74032,120,574,medium,rejected,0,online_banking,false,27
app_20250111_00005852,2025-01-11 07:29:14,cust_9051708,BENL,credit_card,20906,30,560,medium,approved,20906,partner,false,312
app_20250111_00005853,2025-01-11 20:01:11,cust_4452793,PLWA,auto_loan,20994,60,736,low,approved,20994,call_center,true,365
app_20250111_00005854,2025-01-11 11:45:10,cust_6138407,ITMI,auto_loan,24380,60,601,medium,approved,24380,atm,false,698
app_20250111_00005855,2025-01-11 15:29:21,cust_9946863,UKLO,auto_loan,35651,48,754,low,approved,35651,atm,false,385
app_20250111_00005856,2025-01-11 23:19:47,cust_7775889,PLWA,credit_card,22927,18,464,high,rejected,0,branch,false,177
app_20250111_00005857,2025-01-11 08:52:53,cust_9459499,FRID,cash_loan,37562,30,751,low,approved,37562,mobile,true,419
app_20250111_00005858,2025-01-11 00:44:15,cust_7057785,CZPR,auto_loan,28721,24,541,medium,rejected,0,online_banking,false,178
app_20250111_00005859,2025-01-11 17:43:39,cust_8941616,DEHE,refinance,135145,300,669,medium,approved,135145,mobile,true,492
app_20250111_00005860,2025-01-11 06:01:12,cust_8073781,ITMI,mortgage,73818,240,680,medium,approved,73818,web,false,201
app_20250111_00005861,2025-01-11 12:54:46,cust_2180142,DEHE,education_loan,32265,12,535,medium,rejected,0,partner,true,37
app_20250111_00005862,2025-01-11 00:08:23,cust_5894771,AUTR,mortgage,170198,180,700,low,approved,170198,web,true,398
app_20250111_00005863,2025-01-11 02:07:56,cust_3154501,ITMI,cash_loan,43216,48,459,high,rejected,0,mobile_app,false,159
app_20250111_00005864,2025-01-11 12:16:49,cust_7966615,NLAM,education_loan,31053,24,632,medium,approved,31053,partner,false,444
app_20250111_00005865,2025-01-11 13:10:29,cust_7513618,BENL,mortgage,319883,300,632,medium,approved,319883,partner,true,76
app_20250111_00005866,2025-01-11 00:28:18,cust_7685486,AUTR,refinance,470531,300,511,medium,approved,470531,branch,false,686
app_20250111_00005867,2025-01-11 18:35:08,cust_5534956,ATVI,auto_loan,41309,60,495,high,rejected,0,web,true,119
app_20250111_00005868,2025-01-11 21:41:16,cust_7487413,FRID,cash_loan,47414,30,652,medium,approved,47414,branch,true,312
app_20250111_00005869,2025-01-11 06:00:02,cust_7059971,FRID,cash_loan,34034,18,578,medium,rejected,0,online_banking,true,141
app_20250111_00005870,2025-01-11 09:41:44,cust_5286977,FRID,refinance,407252,360,392,high,rejected,0,atm,true,109
app_20250111_00005871,2025-01-11 18:58:02,cust_6233975,CHBE,personal_loan,11362,12,697,medium,approved,11362,web,false,802
app_20250111_00005872,2025-01-11 05:31:58,cust_8228802,DEHE,cash_loan,29771,30,789,low,approved,29771,web,true,804
app_20250111_00005873,2025-01-11 22:27:20,cust_5827260,ESMA,credit_card,7286,36,661,medium,approved,7286,mobile_app,true,728
app_20250111_00005874,2025-01-11 04:07:49,cust_6463652,ATVI,credit_card,37429,12,610,medium,approved,37429,mobile,true,489
app_20250111_00005875,2025-01-11 06:40:45,cust_4749639,PORP,education_loan,27369,48,469,high,rejected,0,call_center,true,30
app_20250111_00005876,2025-01-11 19:34:37,cust_8008946,FRID,refinance,72212,120,500,medium,approved,72212,mobile_app,false,389
app_20250111_00005877,2025-01-11 03:14:25,cust_2007154,UKLO,business_loan,6045,48,470,high,rejected,0,web,true,109
app_20250111_00005878,2025-01-11 20:26:59,cust_3524781,CZPR,mortgage,476916,360,599,medium,rejected,0,atm,true,136
app_20250111_00005879,2025-01-11 09:46:05,cust_3367783,AUTR,mortgage,432872,120,680,medium,rejected,0,online_banking,true,82
app_20250111_00005880,2025-01-11 21:06:41,cust_5258640,CZPR,personal_loan,25119,12,667,medium,approved,25119,online_banking,true,757
app_20250111_00005881,2025-01-11 03:50:30,cust_301708,GRRE,mortgage,330528,120,505,medium,rejected,0,mobile_app,true,8
app_20250111_00005882,2025-01-11 11:22:10,cust_6670896,DEHE,mortgage,137211,240,547,medium,approved,137211,web,false,855
app_20250111_00005883,2025-01-11 17:58:32,cust_2763174,GRRE,credit_card,18064,30,477,high,rejected,0,mobile,true,122
app_20250111_00005884,2025-01-11 09:42:14,cust_8457830,BENL,cash_loan,41681,24,705,low,approved,41681,branch,false,332
app_20250111_00005885,2025-01-11 11:25:24,cust_7318607,GRRE,auto_loan,47213,24,505,medium,approved,47213,partner,false,708
app_20250111_00005886,2025-01-11 07:54:25,cust_2382117,NLAM,auto_loan,54349,72,668,medium,rejected,0,branch,false,82
app_20250111_00005887,2025-01-11 07:23:30,cust_3398493,UKLO,personal_loan,38730,18,763,low,approved,38730,branch,false,186
app_20250111_00005888,2025-01-11 08:44:20,cust_9804450,ESMA,education_loan,26557,36,493,high,rejected,0,call_center,true,180
app_20250111_00005889,2025-01-11 09:26:04,cust_6800623,SESV,mortgage,393647,180,434,high,approved,393647,branch,true,373
app_20250111_00005890,2025-01-11 16:15:52,cust_9569959,SESV,personal_loan,37245,36,736,low,approved,37245,web,true,205
app_20250111_00005891,2025-01-11 14:20:54,cust_9335466,SESV,education_loan,11494,12,628,medium,approved,11494,web,true,848
app_20250111_00005892,2025-01-11 15:38:47,cust_3951602,PORP,refinance,272828,240,661,medium,approved,272828,call_center,true,621
app_20250111_00005893,2025-01-11 06:53:47,cust_248499,AUTR,cash_loan,40083,48,754,low,approved,40083,partner,true,816
app_20250111_00005894,2025-01-11 08:03:12,cust_5359414,FRID,personal_loan,2957,36,468,high,rejected,0,mobile_app,true,85
app_20250111_00005895,2025-01-11 12:04:26,cust_8049124,ITMI,auto_loan,49028,72,729,low,approved,49028,online_banking,true,100
app_20250111_00005896,2025-01-11 10:44:04,cust_6111886,ATVI,cash_loan,14773,30,677,medium,rejected,0,partner,true,149
app_20250111_00005897,2025-01-11 13:16:32,cust_3987677,AUTR,personal_loan,12298,12,680,medium,approved,12298,mobile_app,false,152
app_20250111_00005898,2025-01-11 07:53:36,cust_3693263,FRID,education_loan,28516,36,720,low,approved,28516,call_center,false,854
app_20250111_00005899,2025-01-11 05:15:05,cust_3564985,CHBE,personal_loan,43998,12,503,medium,rejected,0,atm,true,178
app_20250111_00005900,2025-01-11 09:04:19,cust_1337068,AUTR,mortgage,453646,300,562,medium,approved,453646,online_banking,true,291
app_20250111_00005901,2025-01-11 21:04:18,cust_7650578,NLAM,refinance,159014,240,615,medium,approved,159014,call_center,true,650
app_20250111_00005902,2025-01-11 16:35:37,cust_3025469,GRRE,auto_loan,30930,24,762,low,approved,30930,partner,false,716
app_20250111_00005903,2025-01-11 02:31:02,cust_722972,UKLO,cash_loan,21720,24,850,low,approved,21720,web,true,325
app_20250111_00005904,2025-01-11 08:25:03,cust_3223774,FRID,auto_loan,22809,24,644,medium,rejected,0,call_center,false,59
app_20250111_00005905,2025-01-11 13:08:33,cust_8256402,PORP,mortgage,435361,120,626,medium,approved,435361,mobile,true,775
app_20250111_00005906,2025-01-11 15:39:35,cust_5228172,PORP,education_loan,29714,36,583,medium,rejected,0,call_center,false,169
app_20250111_00005907,2025-01-11 04:17:00,cust_8478256,PORP,mortgage,443898,240,682,medium,approved,443898,call_center,true,104
app_20250111_00005908,2025-01-11 12:58:11,cust_6262312,GRRE,education_loan,34222,60,671,medium,approved,34222,web,true,86
app_20250111_00005909,2025-01-11 15:22:50,cust_5268914,GRRE,personal_loan,10971,12,547,medium,approved,10971,call_center,false,187
app_20250111_00005910,2025-01-11 06:48:41,cust_8745199,ITMI,business_loan,16143,36,586,medium,approved,16143,mobile,false,268
app_20250111_00005911,2025-01-11 06:01:10,cust_5246021,CZPR,auto_loan,44437,24,682,medium,approved,44437,partner,true,280
app_20250111_00005912,2025-01-11 09:03:10,cust_4270219,DEHE,refinance,282962,120,699,medium,approved,282962,atm,true,175
app_20250111_00005913,2025-01-11 14:39:03,cust_5786304,CHBE,mortgage,139559,240,790,low,approved,139559,atm,false,300
app_20250111_00005914,2025-01-11 17:22:53,cust_4443535,SESV,auto_loan,29266,48,536,medium,rejected,0,atm,false,176
app_20250111_00005915,2025-01-11 09:46:17,cust_8417982,NLAM,credit_card,40972,24,569,medium,rejected,0,partner,false,141
app_20250111_00005916,2025-01-11 11:35:15,cust_1961547,NLAM,personal_loan,36912,12,678,medium,approved,36912,call_center,true,784
app_20250111_00005917,2025-01-11 06:02:13,cust_9737771,CZPR,business_loan,15534,48,581,medium,approved,15534,online_banking,true,208
app_20250111_00005918,2025-01-11 09:51:15,cust_4917737,UKLO,education_loan,13453,24,594,medium,approved,13453,call_center,false,469
app_20250111_00005919,2025-01-11 15:55:43,cust_1238196,CZPR,personal_loan,12632,42,603,medium,rejected,0,call_center,true,129
app_20250111_00005920,2025-01-11 12:01:22,cust_1709992,CHBE,credit_card,21532,30,763,low,approved,21532,partner,true,193
app_20250111_00005921,2025-01-11 05:36:10,cust_3331065,ESMA,mortgage,283883,300,669,medium,approved,283883,mobile,false,228
app_20250111_00005922,2025-01-11 01:07:06,cust_2970963,ESMA,cash_loan,33133,18,599,medium,approved,33133,mobile_app,false,322
app_20250111_00005923,2025-01-11 10:37:13,cust_1539758,UKLO,personal_loan,38069,18,617,medium,approved,38069,web,true,352
app_20250111_00005924,2025-01-11 09:38:57,cust_5009891,CHBE,education_loan,15672,24,688,medium,approved,15672,atm,false,180
app_20250111_00005925,2025-01-11 11:06:36,cust_5632401,AUTR,education_loan,11942,24,787,low,approved,11942,web,false,71
app_20250111_00005926,2025-01-11 14:12:16,cust_6131822,DEHE,cash_loan,4929,24,512,medium,rejected,0,branch,false,63
app_20250111_00005927,2025-01-11 21:14:30,cust_3716894,PLWA,personal_loan,12272,18,680,medium,approved,12272,partner,false,599
app_20250111_00005928,2025-01-11 17:31:54,cust_1489310,CZPR,refinance,250177,120,604,medium,approved,250177,online_banking,false,509
app_20250111_00005929,2025-01-11 07:08:55,cust_2981198,FRID,personal_loan,9354,12,625,medium,approved,9354,web,false,238
app_20250111_00005930,2025-01-11 15:23:57,cust_6378821,FRID,credit_card,44278,24,689,medium,approved,44278,atm,true,468
app_20250111_00005931,2025-01-11 17:04:18,cust_8462237,UKLO,credit_card,43511,48,677,medium,approved,43511,call_center,true,553
app_20250111_00005932,2025-01-11 18:24:20,cust_4116045,FRID,personal_loan,36242,48,819,low,approved,36242,online_banking,true,812
app_20250111_00005933,2025-01-11 10:30:28,cust_6455848,SESV,personal_loan,36964,42,610,medium,rejected,0,web,false,95
app_20250111_00005934,2025-01-11 08:05:46,cust_6484361,ATVI,cash_loan,11527,18,711,low,approved,11527,atm,false,235
app_20250111_00005935,2025-01-11 04:59:26,cust_2886531,ITMI,cash_loan,23822,30,710,low,approved,23822,web,false,462
app_20250111_00005936,2025-01-11 03:07:55,cust_4713650,PORP,credit_card,40754,24,850,low,approved,40754,mobile,true,289
app_20250111_00005937,2025-01-11 15:30:30,cust_8701580,FRID,personal_loan,23808,42,627,medium,approved,23808,partner,false,556
app_20250111_00005938,2025-01-11 02:00:13,cust_7866090,AUTR,credit_card,32354,36,671,medium,approved,32354,mobile_app,false,663
app_20250111_00005939,2025-01-11 19:58:48,cust_9594508,DEHE,cash_loan,43951,12,688,medium,approved,43951,mobile,true,655
app_20250111_00005940,2025-01-11 12:33:17,cust_4245008,GRRE,education_loan,9101,12,669,medium,rejected,0,mobile,false,158
app_20250111_00005941,2025-01-11 23:16:19,cust_7366616,ESMA,mortgage,94874,360,653,medium,approved,94874,online_banking,false,425
app_20250111_00005942,2025-01-11 03:50:19,cust_6489884,PLWA,refinance,323402,360,617,medium,approved,323402,mobile_app,true,83
app_20250111_00005943,2025-01-11 21:55:25,cust_4331484,ATVI,education_loan,36974,36,660,medium,rejected,0,atm,true,80
app_20250111_00005944,2025-01-11 19:12:37,cust_3727947,UKLO,business_loan,23856,60,663,medium,approved,23856,call_center,true,817
app_20250111_00005945,2025-01-11 10:27:48,cust_4399960,CZPR,mortgage,59503,120,302,high,rejected,0,mobile_app,false,99
app_20250111_00005946,2025-01-11 21:49:13,cust_1433404,AUTR,refinance,334509,240,659,medium,approved,334509,web,false,317
app_20250111_00005947,2025-01-11 11:21:30,cust_4170727,ATVI,cash_loan,19123,42,724,low,approved,19123,web,false,718
app_20250111_00005948,2025-01-11 17:01:57,cust_8375833,ATVI,mortgage,419383,240,617,medium,approved,419383,web,true,614
app_20250111_00005949,2025-01-11 06:17:18,cust_3209425,AUTR,personal_loan,18773,24,658,medium,approved,18773,branch,true,164
app_20250111_00005950,2025-01-11 02:33:02,cust_6489755,NLAM,cash_loan,17056,24,566,medium,rejected,0,web,false,68
app_20250111_00005951,2025-01-11 00:12:08,cust_6753262,FRID,personal_loan,33275,36,650,medium,approved,33275,partner,false,772
app_20250111_00005952,2025-01-11 14:26:35,cust_6693934,AUTR,business_loan,15197,24,548,medium,rejected,0,atm,false,118
app_20250111_00005953,2025-01-11 00:35:10,cust_2169920,AUTR,education_loan,22005,12,594,medium,approved,22005,web,true,514
app_20250111_00005954,2025-01-11 06:08:38,cust_9837318,DEHE,business_loan,29915,24,562,medium,approved,29915,partner,true,175
app_20250111_00005955,2025-01-11 21:08:37,cust_987160,ATVI,mortgage,425979,300,787,low,approved,425979,call_center,true,160
app_20250111_00005956,2025-01-11 21:41:04,cust_8731675,ITMI,cash_loan,27114,36,713,low,approved,27114,call_center,false,247
app_20250111_00005957,2025-01-11 19:37:39,cust_9845788,FRID,mortgage,327533,240,709,low,approved,327533,branch,false,153
app_20250111_00005958,2025-01-11 22:09:18,cust_9792051,SESV,education_loan,26093,12,706,low,approved,26093,branch,false,412
app_20250111_00005959,2025-01-11 12:38:06,cust_5183134,FRID,credit_card,23917,36,633,medium,approved,23917,web,false,152
app_20250111_00005960,2025-01-11 13:52:19,cust_760776,NLAM,refinance,101601,180,487,high,rejected,0,atm,true,164
app_20250111_00005961,2025-01-11 20:51:29,cust_9932193,NLAM,personal_loan,46047,48,762,low,approved,46047,branch,true,671
app_20250111_00005962,2025-01-11 07:10:14,cust_8139394,PLWA,personal_loan,12639,30,526,medium,approved,12639,branch,false,126
app_20250111_00005963,2025-01-11 22:36:44,cust_2632328,FRID,mortgage,220367,360,702,low,rejected,0,online_banking,false,108
app_20250111_00005964,2025-01-11 03:47:53,cust_498827,AUTR,mortgage,494261,300,643,medium,approved,494261,mobile,false,284
app_20250111_00005965,2025-01-11 22:51:27,cust_6789607,FRID,cash_loan,2036,12,650,medium,approved,2036,web,false,374
app_20250111_00005966,2025-01-11 12:49:30,cust_770246,FRID,cash_loan,33882,18,565,medium,approved,33882,partner,true,590
app_20250111_00005967,2025-01-11 21:54:55,cust_939624,BENL,auto_loan,12482,60,543,medium,approved,12482,mobile_app,false,34
app_20250111_00005968,2025-01-11 01:28:49,cust_116602,FRID,education_loan,35817,12,657,medium,rejected,0,partner,true,134
app_20250111_00005969,2025-01-11 21:11:24,cust_9115789,PORP,mortgage,373746,240,618,medium,approved,373746,web,true,898
app_20250111_00005970,2025-01-11 13:49:09,cust_4774758,ITMI,personal_loan,24258,24,681,medium,approved,24258,mobile_app,true,341
app_20250111_00005971,2025-01-11 10:58:17,cust_3623541,SESV,refinance,389861,240,816,low,approved,389861,partner,false,157
app_20250111_00005972,2025-01-11 19:00:03,cust_4409661,SESV,credit_card,46393,24,734,low,approved,46393,web,false,280
app_20250111_00005973,2025-01-11 05:26:40,cust_3793048,DEHE,education_loan,36671,36,611,medium,approved,36671,online_banking,true,259
app_20250111_00005974,2025-01-11 02:33:11,cust_3743166,DEHE,personal_loan,44223,30,589,medium,approved,44223,web,false,530
app_20250111_00005975,2025-01-11 23:53:34,cust_8301130,CHBE,auto_loan,17506,36,637,medium,rejected,0,atm,true,164
app_20250111_00005976,2025-01-11 21:27:39,cust_8356310,CZPR,auto_loan,10321,72,598,medium,approved,10321,web,false,879
app_20250111_00005977,2025-01-11 19:50:00,cust_5391742,ITMI,refinance,112750,120,780,low,approved,112750,online_banking,true,626
app_20250111_00005978,2025-01-11 16:12:06,cust_2173764,GRRE,mortgage,390783,360,677,medium,rejected,0,atm,true,91
app_20250111_00005979,2025-01-11 00:19:21,cust_3422675,GRRE,credit_card,41509,18,589,medium,approved,41509,mobile_app,true,779
app_20250111_00005980,2025-01-11 16:35:38,cust_3584660,AUTR,refinance,422294,300,787,low,approved,422294,branch,true,773
app_20250111_00005981,2025-01-11 17:30:41,cust_9771070,NLAM,cash_loan,37467,30,654,medium,approved,37467,online_banking,false,820
app_20250111_00005982,2025-01-11 06:31:25,cust_8744512,UKLO,credit_card,37937,30,656,medium,approved,37937,partner,true,851
app_20250111_00005983,2025-01-11 09:35:43,cust_8719565,ITMI,education_loan,33783,36,722,low,rejected,0,branch,true,124
app_20250111_00005984,2025-01-11 08:21:23,cust_6357270,DEHE,cash_loan,38521,12,545,medium,approved,38521,mobile,true,183
app_20250111_00005985,2025-01-11 17:01:42,cust_8843127,AUTR,credit_card,15075,12,503,medium,approved,15075,call_center,false,114
app_20250111_00005986,2025-01-11 08:07:30,cust_3162295,FRID,credit_card,3564,30,771,low,approved,3564,call_center,true,691
app_20250111_00005987,2025-01-11 19:39:22,cust_9307981,GRRE,business_loan,23722,24,648,medium,approved,23722,mobile_app,false,88
app_20250111_00005988,2025-01-11 15:18:44,cust_4056330,PLWA,mortgage,201058,300,496,high,rejected,0,online_banking,true,180
app_20250111_00005989,2025-01-11 12:42:20,cust_9415329,PLWA,education_loan,15656,12,610,medium,approved,15656,web,false,308
app_20250111_00005990,2025-01-11 06:26:11,cust_1205257,ITMI,auto_loan,22324,60,790,low,approved,22324,branch,false,831
app_20250111_00005991,2025-01-11 14:59:11,cust_2075058,PORP,cash_loan,45547,18,578,medium,rejected,0,mobile,false,102
app_20250111_00005992,2025-01-11 02:54:56,cust_9683068,CZPR,business_loan,25837,12,641,medium,rejected,0,atm,false,162
app_20250111_00005993,2025-01-11 03:01:03,cust_7142941,NLAM,mortgage,347030,240,434,high,rejected,0,mobile,false,120
app_20250111_00005994,2025-01-11 00:14:23,cust_3603532,ESMA,business_loan,4344,48,473,high,rejected,0,call_center,true,38
app_20250111_00005995,2025-01-11 00:06:57,cust_4898598,ITMI,business_loan,33236,12,763,low,approved,33236,online_banking,false,863
app_20250111_00005996,2025-01-11 16:36:05,cust_4410800,DEHE,mortgage,472636,180,761,low,approved,472636,mobile_app,false,508
app_20250111_00005997,2025-01-11 07:53:32,cust_6046637,ATVI,cash_loan,27070,48,553,medium,rejected,0,atm,true,148
app_20250111_00005998,2025-01-11 15:12:00,cust_5249620,FRID,business_loan,19320,24,707,low,approved,19320,call_center,false,681
app_20250111_00005999,2025-01-11 23:54:18,cust_6916136,GRRE,mortgage,329177,180,615,medium,approved,329177,mobile_app,true,279
app_20250111_00006000,2025-01-11 16:58:31,cust_2723817,NLAM,personal_loan,8419,48,572,medium,approved,8419,mobile,true,210
app_20250111_00006001,2025-01-11 07:04:56,cust_8781653,ESMA,personal_loan,19123,48,816,low,approved,19123,branch,false,810
app_20250111_00006002,2025-01-11 06:20:12,cust_8407904,NLAM,refinance,422205,120,484,high,approved,422205,atm,true,613
app_20250111_00006003,2025-01-11 17:45:31,cust_9093394,SESV,cash_loan,22015,30,702,low,approved,22015,call_center,true,196
app_20250111_00006004,2025-01-11 14:10:48,cust_153559,CHBE,refinance,488008,180,638,medium,approved,488008,web,true,556
app_20250111_00006005,2025-01-11 18:30:58,cust_319900,PLWA,personal_loan,32770,30,442,high,rejected,0,atm,true,153
app_20250111_00006006,2025-01-11 23:31:32,cust_8102955,FRID,auto_loan,49195,48,729,low,approved,49195,online_banking,true,79
app_20250111_00006007,2025-01-11 12:15:51,cust_8376992,DEHE,mortgage,105104,180,668,medium,approved,105104,partner,false,333
app_20250111_00006008,2025-01-11 22:51:59,cust_7787068,BENL,cash_loan,32215,42,768,low,approved,32215,call_center,true,167
app_20250111_00006009,2025-01-11 05:32:08,cust_8654114,CHBE,personal_loan,48435,36,697,medium,approved,48435,partner,false,843
app_20250111_00006010,2025-01-11 06:01:05,cust_8181801,SESV,cash_loan,12682,12,682,medium,approved,12682,mobile_app,true,445
app_20250111_00006011,2025-01-11 01:54:25,cust_9254030,ITMI,business_loan,16134,36,731,low,approved,16134,web,false,849
app_20250111_00006012,2025-01-11 11:00:57,cust_7624350,UKLO,cash_loan,40625,42,687,medium,approved,40625,online_banking,false,752
app_20250111_00006013,2025-01-11 12:25:39,cust_6542346,GRRE,mortgage,174277,120,521,medium,rejected,0,atm,true,135
app_20250111_00006014,2025-01-11 01:09:01,cust_1674964,BENL,cash_loan,9122,36,695,medium,rejected,0,mobile_app,false,42
app_20250111_00006015,2025-01-11 17:18:06,cust_599422,AUTR,credit_card,48357,24,574,medium,rejected,0,online_banking,true,117
app_20250111_00006016,2025-01-11 11:43:12,cust_8712249,CHBE,cash_loan,42084,18,611,medium,approved,42084,atm,true,892
app_20250111_00006017,2025-01-11 01:32:20,cust_3770118,PORP,auto_loan,10607,48,653,medium,approved,10607,mobile_app,false,335
app_20250111_00006018,2025-01-11 01:28:49,cust_6999349,PLWA,personal_loan,4601,36,749,low,approved,4601,branch,true,250
app_20250111_00006019,2025-01-11 00:45:28,cust_3342123,PORP,mortgage,279821,240,702,low,approved,279821,call_center,true,733
app_20250111_00006020,2025-01-11 05:00:51,cust_3176694,ESMA,refinance,295156,240,501,medium,rejected,0,mobile_app,true,138
app_20250111_00006021,2025-01-11 17:48:40,cust_7056171,SESV,refinance,301258,300,516,medium,rejected,0,online_banking,false,141
app_20250111_00006022,2025-01-11 02:36:05,cust_6423509,BENL,personal_loan,35846,12,630,medium,approved,35846,branch,false,278
app_20250111_00006023,2025-01-11 12:57:21,cust_7078975,GRRE,personal_loan,18508,30,623,medium,approved,18508,atm,true,205
app_20250111_00006024,2025-01-11 19:51:24,cust_1311506,CHBE,business_loan,30643,48,606,medium,rejected,0,mobile,true,10
app_20250111_00006025,2025-01-11 07:37:30,cust_1607566,PLWA,credit_card,3306,42,665,medium,approved,3306,mobile,false,876
app_20250111_00006026,2025-01-11 10:39:16,cust_1485684,NLAM,personal_loan,21034,18,698,medium,approved,21034,call_center,false,378
app_20250111_00006027,2025-01-11 01:14:11,cust_4094772,ITMI,business_loan,11023,12,655,medium,approved,11023,mobile_app,false,610
app_20250111_00006028,2025-01-11 00:37:53,cust_3427097,BENL,business_loan,21884,12,615,medium,rejected,0,atm,true,50
app_20250111_00006029,2025-01-11 04:42:57,cust_4129803,GRRE,personal_loan,20722,18,542,medium,approved,20722,branch,false,755
app_20250111_00006030,2025-01-11 03:22:27,cust_9989369,UKLO,mortgage,394429,240,645,medium,approved,394429,call_center,false,206
app_20250111_00006031,2025-01-11 17:45:11,cust_2378199,NLAM,business_loan,28359,60,656,medium,approved,28359,call_center,true,150
app_20250111_00006032,2025-01-11 08:11:06,cust_7059495,UKLO,auto_loan,27285,36,621,medium,rejected,0,atm,true,104
app_20250111_00006033,2025-01-11 11:18:30,cust_115103,FRID,cash_loan,20579,48,641,medium,approved,20579,call_center,true,597
app_20250111_00006034,2025-01-11 05:05:07,cust_593427,CHBE,education_loan,34948,36,760,low,approved,34948,online_banking,false,364
app_20250111_00006035,2025-01-11 19:34:59,cust_2270160,BENL,credit_card,19869,48,411,high,rejected,0,branch,false,115
app_20250111_00006036,2025-01-11 09:21:40,cust_2372857,ITMI,credit_card,15665,24,528,medium,rejected,0,web,true,156
app_20250111_00006037,2025-01-11 11:08:11,cust_9254150,CHBE,personal_loan,32763,36,657,medium,approved,32763,branch,true,600
app_20250111_00006038,2025-01-11 12:04:24,cust_8535071,SESV,education_loan,26313,24,850,low,approved,26313,atm,true,542
app_20250111_00006039,2025-01-11 14:03:59,cust_9760772,ITMI,credit_card,11607,24,510,medium,rejected,0,partner,false,70
app_20250111_00006040,2025-01-11 02:21:13,cust_4149165,PLWA,mortgage,159803,240,651,medium,rejected,0,mobile_app,false,74
app_20250111_00006041,2025-01-11 05:21:44,cust_188330,FRID,refinance,97325,240,704,low,approved,97325,mobile_app,true,505
app_20250111_00006042,2025-01-11 01:24:14,cust_4516340,NLAM,cash_loan,22489,30,616,medium,rejected,0,call_center,true,30
app_20250111_00006043,2025-01-11 16:37:38,cust_862245,UKLO,personal_loan,42106,36,671,medium,approved,42106,call_center,true,142
app_20250111_00006044,2025-01-11 12:32:32,cust_8018320,ESMA,cash_loan,6452,12,709,low,approved,6452,mobile_app,true,662
app_20250111_00006045,2025-01-11 13:15:53,cust_2283807,ESMA,auto_loan,56901,24,712,low,approved,56901,call_center,false,335
app_20250111_00006046,2025-01-11 18:08:29,cust_9378510,DEHE,business_loan,6386,24,608,medium,approved,6386,mobile_app,true,784
app_20250111_00006047,2025-01-11 15:37:03,cust_2371184,DEHE,education_loan,6714,48,606,medium,approved,6714,web,false,796
app_20250111_00006048,2025-01-11 23:03:53,cust_3559837,UKLO,refinance,314551,180,407,high,rejected,0,web,false,23
app_20250111_00006049,2025-01-11 20:03:22,cust_8587218,FRID,auto_loan,59791,24,647,medium,approved,59791,web,true,250
app_20250111_00006050,2025-01-11 23:32:24,cust_8023370,ITMI,mortgage,435368,300,639,medium,approved,435368,mobile_app,false,686
app_20250111_00006051,2025-01-11 18:10:18,cust_1440921,DEHE,personal_loan,19092,48,599,medium,rejected,0,online_banking,false,20
app_20250111_00006052,2025-01-11 11:45:39,cust_727102,PORP,auto_loan,36990,36,688,medium,approved,36990,online_banking,false,371
app_20250111_00006053,2025-01-11 15:18:46,cust_4989481,AUTR,auto_loan,40892,72,528,medium,approved,40892,web,false,898
app_20250111_00006054,2025-01-11 17:24:51,cust_3379507,AUTR,credit_card,23175,18,518,medium,rejected,0,online_banking,false,124
app_20250111_00006055,2025-01-11 05:17:10,cust_1474733,CHBE,refinance,337013,180,521,medium,approved,337013,branch,true,567
app_20250111_00006056,2025-01-11 09:30:00,cust_7360156,UKLO,personal_loan,5525,36,717,low,approved,5525,online_banking,true,94
app_20250111_00006057,2025-01-11 08:05:23,cust_5756735,CZPR,cash_loan,1187,36,752,low,approved,1187,atm,false,518
app_20250111_00006058,2025-01-11 14:40:13,cust_636035,DEHE,refinance,123427,360,797,low,approved,123427,call_center,true,800
app_20250111_00006059,2025-01-11 18:54:48,cust_8449867,FRID,mortgage,346160,360,719,low,approved,346160,call_center,false,153
app_20250111_00006060,2025-01-11 04:36:55,cust_3044968,NLAM,auto_loan,21154,24,703,low,approved,21154,mobile_app,true,875
app_20250111_00006061,2025-01-11 18:49:24,cust_7566629,ITMI,business_loan,37965,24,672,medium,rejected,0,web,false,87
app_20250111_00006062,2025-01-11 05:14:11,cust_6485009,BENL,business_loan,39694,60,850,low,approved,39694,web,true,514
app_20250111_00006063,2025-01-11 16:13:54,cust_212808,AUTR,personal_loan,40330,24,727,low,approved,40330,mobile,false,206
app_20250111_00006064,2025-01-11 02:16:27,cust_4983757,NLAM,refinance,395880,240,743,low,approved,395880,partner,false,431
app_20250111_00006065,2025-01-11 07:37:36,cust_3243779,NLAM,education_loan,24166,48,581,medium,approved,24166,branch,false,591
app_20250111_00006066,2025-01-11 11:44:07,cust_5019222,ITMI,cash_loan,37096,36,691,medium,rejected,0,mobile,true,114
app_20250111_00006067,2025-01-11 16:51:02,cust_3191712,ITMI,credit_card,2858,48,653,medium,approved,2858,atm,true,875
app_20250111_00006068,2025-01-11 20:02:13,cust_295385,ITMI,mortgage,487291,360,495,high,rejected,0,partner,true,58
app_20250111_00006069,2025-01-11 21:26:47,cust_7906475,BENL,personal_loan,17859,24,553,medium,rejected,0,mobile_app,false,135
app_20250111_00006070,2025-01-11 10:17:58,cust_3004378,CHBE,refinance,136757,360,684,medium,approved,136757,mobile_app,true,497
app_20250111_00006071,2025-01-11 08:43:11,cust_5887527,CHBE,mortgage,195782,180,630,medium,approved,195782,mobile,true,605
app_20250111_00006072,2025-01-11 21:54:32,cust_9299914,CZPR,refinance,314476,180,698,medium,approved,314476,mobile,true,147
app_20250111_00006073,2025-01-11 04:54:55,cust_9980367,BENL,refinance,499559,300,664,medium,approved,499559,call_center,false,641
app_20250111_00006074,2025-01-11 12:13:40,cust_3660062,SESV,refinance,274638,240,696,medium,approved,274638,call_center,false,365
app_20250111_00006075,2025-01-11 12:24:35,cust_1602279,NLAM,refinance,119463,360,487,high,rejected,0,mobile,true,90
app_20250111_00006076,2025-01-11 01:44:04,cust_3128758,CHBE,credit_card,3337,48,653,medium,approved,3337,web,false,302
app_20250111_00006077,2025-01-11 02:49:20,cust_685339,PORP,education_loan,33718,24,759,low,approved,33718,web,true,328
app_20250111_00006078,2025-01-11 08:35:49,cust_6786118,ATVI,cash_loan,44049,36,805,low,approved,44049,online_banking,true,440
app_20250111_00006079,2025-01-11 10:03:35,cust_679952,UKLO,cash_loan,19065,30,757,low,approved,19065,atm,false,73
app_20250111_00006080,2025-01-11 08:05:59,cust_491796,AUTR,credit_card,30934,24,573,medium,rejected,0,atm,true,68
app_20250111_00006081,2025-01-11 04:49:36,cust_1296301,GRRE,mortgage,72182,360,699,medium,rejected,0,online_banking,false,176
app_20250111_00006082,2025-01-11 17:02:13,cust_4505892,BENL,mortgage,474919,240,683,medium,approved,474919,atm,false,686
app_20250111_00006083,2025-01-11 00:44:40,cust_9674884,CHBE,cash_loan,9276,18,697,medium,rejected,0,partner,false,110
app_20250111_00006084,2025-01-11 14:45:43,cust_4101547,SESV,personal_loan,41537,30,768,low,approved,41537,mobile_app,false,351
app_20250111_00006085,2025-01-11 10:45:48,cust_5451448,BENL,education_loan,12334,36,610,medium,approved,12334,call_center,false,244
app_20250111_00006086,2025-01-11 06:34:49,cust_3988011,UKLO,cash_loan,46938,42,631,medium,approved,46938,mobile,false,898
app_20250111_00006087,2025-01-11 19:50:53,cust_8034738,AUTR,refinance,333512,240,566,medium,approved,333512,call_center,true,876
app_20250111_00006088,2025-01-11 20:26:22,cust_9846183,PLWA,personal_loan,12401,48,657,medium,approved,12401,online_banking,true,548
app_20250111_00006089,2025-01-11 12:19:01,cust_7848437,UKLO,auto_loan,31827,72,850,low,approved,31827,mobile_app,true,771
app_20250111_00006090,2025-01-11 01:33:20,cust_8985346,ATVI,business_loan,7783,36,544,medium,rejected,0,branch,false,92
app_20250111_00006091,2025-01-11 17:45:36,cust_912443,CZPR,mortgage,435429,300,777,low,rejected,0,online_banking,false,52
app_20250111_00006092,2025-01-11 12:47:23,cust_5989790,GRRE,credit_card,35746,48,836,low,approved,35746,atm,false,766
app_20250111_00006093,2025-01-11 15:09:21,cust_9425475,PLWA,education_loan,24490,48,669,medium,rejected,0,online_banking,false,48
app_20250111_00006094,2025-01-11 02:36:33,cust_2658447,ATVI,cash_loan,40590,12,751,low,approved,40590,mobile_app,false,101
app_20250111_00006095,2025-01-11 08:48:42,cust_7415483,BENL,mortgage,485759,180,441,high,rejected,0,mobile_app,true,92
app_20250111_00006096,2025-01-11 19:49:10,cust_9838756,FRID,mortgage,270583,240,615,medium,rejected,0,atm,true,18
app_20250111_00006097,2025-01-11 09:05:13,cust_5064529,UKLO,cash_loan,16670,42,670,medium,rejected,0,web,false,8
app_20250111_00006098,2025-01-11 17:33:01,cust_5426234,CHBE,business_loan,17689,36,567,medium,approved,17689,mobile_app,false,74
app_20250111_00006099,2025-01-11 16:38:59,cust_8845086,UKLO,mortgage,367207,300,612,medium,approved,367207,atm,false,666
app_20250111_00006100,2025-01-11 21:34:09,cust_5824323,AUTR,personal_loan,35449,30,850,low,approved,35449,mobile_app,true,375
app_20250111_00006101,2025-01-11 13:48:04,cust_2877236,BENL,mortgage,461759,300,780,low,approved,461759,online_banking,true,264
app_20250111_00006102,2025-01-11 03:52:36,cust_1917226,ITMI,mortgage,136467,120,585,medium,rejected,0,web,false,49
app_20250111_00006103,2025-01-11 08:00:03,cust_6875919,DEHE,cash_loan,40048,36,645,medium,rejected,0,partner,true,140
app_20250111_00006104,2025-01-11 11:42:55,cust_9070640,NLAM,personal_loan,40118,42,711,low,approved,40118,branch,false,356
app_20250111_00006105,2025-01-11 23:44:33,cust_2006957,ESMA,personal_loan,20447,30,545,medium,approved,20447,online_banking,false,177
app_20250111_00006106,2025-01-11 19:04:29,cust_7774328,PLWA,mortgage,88031,240,706,low,approved,88031,branch,true,190
app_20250111_00006107,2025-01-11 03:09:18,cust_9709741,AUTR,education_loan,15204,60,660,medium,approved,15204,mobile,false,648
app_20250111_00006108,2025-01-11 02:22:19,cust_7480380,UKLO,mortgage,447158,240,509,medium,approved,447158,call_center,true,704
app_20250111_00006109,2025-01-11 09:49:12,cust_7450412,FRID,personal_loan,25621,24,740,low,approved,25621,online_banking,false,702
app_20250111_00006110,2025-01-11 09:57:05,cust_4090565,GRRE,education_loan,13613,24,620,medium,rejected,0,mobile_app,false,53
app_20250111_00006111,2025-01-11 04:04:42,cust_1376322,ESMA,refinance,146194,300,850,low,approved,146194,mobile,true,530
app_20250111_00006112,2025-01-11 21:24:55,cust_4256610,SESV,auto_loan,43803,36,558,medium,approved,43803,branch,true,579
app_20250111_00006113,2025-01-11 18:44:06,cust_7844152,ATVI,credit_card,1300,24,660,medium,rejected,0,partner,false,140
app_20250111_00006114,2025-01-11 19:00:25,cust_9000736,ESMA,education_loan,13117,24,561,medium,approved,13117,web,false,45
app_20250111_00006115,2025-01-11 05:55:52,cust_5421999,ITMI,mortgage,432200,120,596,medium,rejected,0,atm,false,60
app_20250111_00006116,2025-01-11 12:06:57,cust_6412660,ATVI,personal_loan,40767,48,683,medium,approved,40767,branch,true,341
app_20250111_00006117,2025-01-11 12:08:05,cust_367946,PORP,personal_loan,13805,24,774,low,approved,13805,call_center,true,478
app_20250111_00006118,2025-01-11 13:11:49,cust_9330472,ATVI,business_loan,8185,48,553,medium,approved,8185,mobile_app,false,220
app_20250111_00006119,2025-01-11 06:23:49,cust_5638359,CHBE,cash_loan,27353,48,590,medium,approved,27353,web,false,403
app_20250111_00006120,2025-01-11 22:30:45,cust_4168205,PORP,mortgage,461143,240,784,low,approved,461143,atm,true,785
app_20250111_00006121,2025-01-11 00:52:58,cust_7300698,GRRE,mortgage,264568,180,510,medium,rejected,0,mobile,true,52
app_20250111_00006122,2025-01-11 01:40:02,cust_6011913,ESMA,refinance,168608,120,470,high,rejected,0,mobile,true,175
app_20250111_00006123,2025-01-11 01:18:13,cust_5793918,NLAM,business_loan,11781,36,752,low,approved,11781,branch,false,793
app_20250111_00006124,2025-01-11 08:33:18,cust_4074799,PORP,credit_card,19565,24,563,medium,approved,19565,atm,false,466
app_20250111_00006125,2025-01-11 22:10:51,cust_7457088,ATVI,credit_card,30891,12,524,medium,approved,30891,mobile,true,769
app_20250111_00006126,2025-01-11 10:03:16,cust_8182603,SESV,business_loan,35998,24,586,medium,rejected,0,web,false,133
app_20250111_00006127,2025-01-11 16:43:04,cust_9633039,BENL,refinance,351204,180,325,high,rejected,0,partner,false,152
app_20250111_00006128,2025-01-11 21:50:43,cust_329188,ESMA,cash_loan,40535,30,790,low,approved,40535,branch,false,719
app_20250111_00006129,2025-01-11 21:21:10,cust_696331,NLAM,business_loan,27183,12,607,medium,approved,27183,branch,true,395
app_20250111_00006130,2025-01-11 18:00:28,cust_8315939,PLWA,personal_loan,49052,48,693,medium,approved,49052,mobile,false,195
app_20250111_00006131,2025-01-11 01:11:35,cust_8999721,PLWA,personal_loan,5413,36,669,medium,approved,5413,partner,true,347
app_20250111_00006132,2025-01-11 12:15:38,cust_4249364,CZPR,credit_card,39377,36,637,medium,rejected,0,call_center,true,86
app_20250111_00006133,2025-01-11 04:27:49,cust_5340305,ESMA,credit_card,7245,48,741,low,approved,7245,web,false,757
app_20250111_00006134,2025-01-11 23:21:14,cust_6299469,GRRE,mortgage,321135,360,618,medium,rejected,0,mobile_app,false,154
app_20250111_00006135,2025-01-11 01:40:10,cust_3519598,DEHE,credit_card,41922,36,636,medium,rejected,0,call_center,true,145
app_20250111_00006136,2025-01-11 07:38:23,cust_5154817,ITMI,personal_loan,9250,12,492,high,approved,9250,call_center,false,846
app_20250111_00006137,2025-01-11 02:36:18,cust_1610170,NLAM,business_loan,15846,24,544,medium,rejected,0,call_center,false,131
app_20250111_00006138,2025-01-11 22:33:04,cust_6731590,UKLO,personal_loan,34340,18,624,medium,approved,34340,web,true,725
app_20250111_00006139,2025-01-11 12:14:02,cust_1399980,ESMA,cash_loan,17557,36,632,medium,rejected,0,mobile_app,false,117
app_20250111_00006140,2025-01-11 06:55:07,cust_6887450,SESV,business_loan,14318,48,708,low,approved,14318,mobile,false,882
app_20250111_00006141,2025-01-11 01:02:10,cust_4090964,GRRE,education_loan,17269,60,652,medium,approved,17269,branch,false,667
app_20250111_00006142,2025-01-11 04:59:03,cust_1627669,PORP,business_loan,26110,12,744,low,approved,26110,atm,true,803
app_20250111_00006143,2025-01-11 04:41:23,cust_574324,ITMI,refinance,77596,180,515,medium,approved,77596,call_center,false,541
app_20250111_00006144,2025-01-11 01:33:33,cust_2145302,ATVI,education_loan,24920,24,540,medium,approved,24920,call_center,true,805
app_20250111_00006145,2025-01-11 08:25:24,cust_5176433,ESMA,personal_loan,38074,42,648,medium,approved,38074,partner,true,325
app_20250111_00006146,2025-01-11 17:57:42,cust_1847366,CZPR,business_loan,11541,48,544,medium,rejected,0,branch,false,120
app_20250111_00006147,2025-01-11 09:40:06,cust_8036041,ESMA,personal_loan,30436,42,507,medium,approved,30436,mobile_app,false,676
app_20250111_00006148,2025-01-11 22:08:18,cust_5264851,SESV,education_loan,26599,36,664,medium,rejected,0,call_center,false,151
app_20250111_00006149,2025-01-11 21:27:19,cust_4302884,SESV,business_loan,8281,48,738,low,approved,8281,call_center,false,251
app_20250111_00006150,2025-01-11 16:20:42,cust_5503008,UKLO,personal_loan,48584,24,535,medium,rejected,0,atm,true,81
app_20250111_00006151,2025-01-11 06:05:01,cust_8697564,AUTR,education_loan,6601,12,653,medium,approved,6601,partner,true,219
app_20250111_00006152,2025-01-11 22:10:32,cust_5037688,FRID,cash_loan,20472,30,718,low,approved,20472,mobile_app,false,79
app_20250111_00006153,2025-01-11 18:36:55,cust_3434238,PLWA,business_loan,21175,36,694,medium,approved,21175,atm,true,416
app_20250111_00006154,2025-01-11 11:33:14,cust_6004017,ESMA,business_loan,33042,36,679,medium,approved,33042,call_center,true,299
app_20250111_00006155,2025-01-11 01:33:20,cust_264828,FRID,refinance,236648,300,564,medium,approved,236648,web,true,155
app_20250111_00006156,2025-01-11 00:13:03,cust_3195608,SESV,education_loan,31324,36,632,medium,approved,31324,online_banking,true,273
app_20250111_00006157,2025-01-11 19:09:49,cust_247145,PLWA,refinance,358609,240,535,medium,approved,358609,web,false,328
app_20250111_00006158,2025-01-11 09:56:07,cust_4895084,DEHE,auto_loan,42616,60,757,low,approved,42616,call_center,false,568
app_20250111_00006159,2025-01-11 07:17:51,cust_518104,ESMA,auto_loan,34689,72,850,low,approved,34689,online_banking,false,626
app_20250111_00006160,2025-01-11 05:35:17,cust_6852222,CHBE,personal_loan,40383,30,704,low,approved,40383,online_banking,true,264
app_20250111_00006161,2025-01-11 20:00:14,cust_4239620,SESV,business_loan,11906,48,786,low,approved,11906,call_center,false,591
app_20250111_00006162,2025-01-11 17:29:09,cust_1783831,PORP,personal_loan,47032,48,841,low,approved,47032,branch,true,41
app_20250111_00006163,2025-01-11 17:28:39,cust_7808606,CHBE,cash_loan,40974,12,570,medium,approved,40974,call_center,true,469
app_20250111_00006164,2025-01-11 12:20:54,cust_4152298,CHBE,mortgage,101833,240,582,medium,rejected,0,branch,false,56
app_20250111_00006165,2025-01-11 18:50:20,cust_5185882,UKLO,credit_card,20942,18,680,medium,rejected,0,mobile,true,147
app_20250111_00006166,2025-01-11 12:10:33,cust_4577585,BENL,mortgage,330272,180,608,medium,approved,330272,branch,false,268
app_20250111_00006167,2025-01-11 16:34:58,cust_3525403,PORP,auto_loan,32933,72,850,low,approved,32933,mobile_app,false,139
app_20250111_00006168,2025-01-11 23:09:58,cust_7103406,ITMI,personal_loan,43397,30,798,low,approved,43397,call_center,false,140
app_20250111_00006169,2025-01-11 23:59:18,cust_7512401,GRRE,refinance,418484,180,753,low,approved,418484,call_center,false,519
app_20250111_00006170,2025-01-11 21:25:49,cust_2591424,CZPR,cash_loan,21388,18,850,low,approved,21388,branch,true,870
app_20250111_00006171,2025-01-11 13:52:54,cust_7059713,ITMI,mortgage,418502,360,510,medium,approved,418502,mobile_app,true,801
app_20250111_00006172,2025-01-11 20:46:23,cust_5414314,NLAM,business_loan,23362,48,488,high,rejected,0,branch,true,12
app_20250111_00006173,2025-01-11 11:13:41,cust_3427993,ESMA,education_loan,23139,60,563,medium,rejected,0,atm,true,86
app_20250111_00006174,2025-01-11 13:28:14,cust_6229621,BENL,cash_loan,43710,42,737,low,approved,43710,mobile_app,false,849
app_20250111_00006175,2025-01-11 11:15:30,cust_7677385,AUTR,refinance,280488,300,599,medium,approved,280488,branch,false,63
app_20250111_00006176,2025-01-11 15:55:13,cust_7219508,CHBE,personal_loan,3701,36,563,medium,rejected,0,atm,true,88
app_20250111_00006177,2025-01-11 15:44:26,cust_6872742,FRID,business_loan,12766,36,522,medium,approved,12766,mobile_app,false,141
app_20250111_00006178,2025-01-11 02:22:21,cust_8759573,UKLO,credit_card,47074,12,559,medium,rejected,0,mobile,true,175
app_20250111_00006179,2025-01-11 23:44:48,cust_7177669,CZPR,cash_loan,32776,30,483,high,rejected,0,mobile_app,true,117
app_20250111_00006180,2025-01-11 20:36:22,cust_1710034,CHBE,credit_card,5830,12,476,high,rejected,0,call_center,true,8
app_20250111_00006181,2025-01-11 18:40:24,cust_4040267,ITMI,auto_loan,46857,36,601,medium,approved,46857,mobile,true,615
app_20250111_00006182,2025-01-11 18:57:03,cust_4958870,BENL,credit_card,12120,42,828,low,approved,12120,atm,false,482
app_20250111_00006183,2025-01-11 19:47:22,cust_755796,CHBE,mortgage,475367,360,761,low,approved,475367,branch,false,326
app_20250111_00006184,2025-01-11 20:03:38,cust_6274818,BENL,personal_loan,1232,36,764,low,approved,1232,partner,false,172
app_20250111_00006185,2025-01-11 10:26:12,cust_7585190,FRID,refinance,355464,240,824,low,approved,355464,web,true,327
app_20250111_00006186,2025-01-11 01:16:52,cust_6033439,CZPR,education_loan,20725,48,669,medium,approved,20725,online_banking,false,159
app_20250111_00006187,2025-01-11 14:06:31,cust_4420721,FRID,refinance,92529,240,577,medium,rejected,0,mobile,true,40
app_20250111_00006188,2025-01-11 03:51:51,cust_1889691,ITMI,business_loan,33441,48,543,medium,approved,33441,online_banking,true,401
app_20250111_00006189,2025-01-11 23:07:22,cust_2783919,CHBE,credit_card,5364,42,655,medium,approved,5364,atm,true,772
app_20250111_00006190,2025-01-11 02:37:47,cust_2719959,ATVI,personal_loan,48289,42,493,high,rejected,0,mobile_app,true,99
app_20250111_00006191,2025-01-11 11:44:19,cust_5040945,CHBE,education_loan,3539,60,663,medium,rejected,0,online_banking,false,79
app_20250111_00006192,2025-01-11 20:26:51,cust_319232,ESMA,cash_loan,36968,24,697,medium,approved,36968,mobile_app,true,194
app_20250111_00006193,2025-01-11 22:39:04,cust_9292731,DEHE,business_loan,13103,36,612,medium,approved,13103,web,true,102
app_20250111_00006194,2025-01-11 02:25:49,cust_3409380,DEHE,credit_card,25786,24,592,medium,rejected,0,online_banking,true,42
app_20250111_00006195,2025-01-11 14:36:31,cust_2391707,CHBE,credit_card,16786,18,653,medium,approved,16786,online_banking,true,291
app_20250111_00006196,2025-01-11 09:39:09,cust_8180617,CHBE,business_loan,3934,24,709,low,approved,3934,branch,true,600
app_20250111_00006197,2025-01-11 00:22:10,cust_4789642,ESMA,education_loan,11668,36,731,low,approved,11668,web,true,872
app_20250111_00006198,2025-01-11 00:27:09,cust_2433280,FRID,cash_loan,30304,30,637,medium,approved,30304,branch,false,872
app_20250111_00006199,2025-01-11 21:16:21,cust_3913792,AUTR,auto_loan,46030,72,577,medium,rejected,0,branch,true,18
app_20250111_00006200,2025-01-11 22:18:18,cust_3681224,UKLO,education_loan,7381,12,552,medium,approved,7381,partner,false,405
app_20250111_00006201,2025-01-11 05:47:30,cust_5250441,BENL,credit_card,24036,42,850,low,approved,24036,partner,true,420
app_20250111_00006202,2025-01-11 00:30:16,cust_593154,DEHE,cash_loan,2252,36,680,medium,rejected,0,branch,true,133
app_20250111_00006203,2025-01-11 02:00:55,cust_6667064,NLAM,personal_loan,23375,30,613,medium,approved,23375,call_center,false,814
app_20250111_00006204,2025-01-11 09:24:08,cust_9401854,CZPR,education_loan,17850,24,821,low,approved,17850,partner,false,582
app_20250111_00006205,2025-01-11 17:04:09,cust_6111904,CHBE,business_loan,35862,12,690,medium,approved,35862,web,true,369
app_20250111_00006206,2025-01-11 04:58:18,cust_519630,ITMI,credit_card,16672,36,777,low,approved,16672,web,false,268
app_20250111_00006207,2025-01-11 20:49:07,cust_3803576,FRID,mortgage,99594,240,554,medium,approved,99594,mobile,true,143
app_20250111_00006208,2025-01-11 06:52:09,cust_3156356,UKLO,business_loan,8738,60,559,medium,rejected,0,mobile_app,true,19
app_20250111_00006209,2025-01-11 12:35:42,cust_8282888,DEHE,cash_loan,47948,24,615,medium,approved,47948,branch,true,757
app_20250111_00006210,2025-01-11 21:45:00,cust_8991315,PORP,auto_loan,52478,24,657,medium,approved,52478,partner,false,729
app_20250111_00006211,2025-01-11 22:22:41,cust_8454746,AUTR,cash_loan,42949,18,734,low,rejected,0,mobile_app,true,131
app_20250111_00006212,2025-01-11 14:22:55,cust_5478874,GRRE,credit_card,23534,24,659,medium,rejected,0,mobile,false,110
app_20250111_00006213,2025-01-11 16:46:26,cust_7704051,ATVI,credit_card,22346,30,692,medium,rejected,0,partner,false,118
app_20250111_00006214,2025-01-11 03:48:12,cust_4402924,ATVI,personal_loan,27034,48,648,medium,approved,27034,partner,false,203
app_20250111_00006215,2025-01-11 11:49:05,cust_5711315,UKLO,auto_loan,14286,36,701,low,approved,14286,web,true,132
app_20250111_00006216,2025-01-11 20:06:36,cust_9430168,CHBE,auto_loan,32329,60,570,medium,rejected,0,call_center,false,99
app_20250111_00006217,2025-01-11 01:10:41,cust_9276881,SESV,credit_card,40896,12,702,low,approved,40896,atm,false,487
app_20250111_00006218,2025-01-11 19:14:12,cust_9380659,CHBE,refinance,74795,180,675,medium,approved,74795,partner,false,489
app_20250111_00006219,2025-01-11 09:20:40,cust_9242246,CZPR,cash_loan,36935,12,589,medium,rejected,0,web,false,94
app_20250111_00006220,2025-01-11 06:21:37,cust_8664970,ESMA,cash_loan,45422,24,587,medium,approved,45422,atm,true,396
app_20250111_00006221,2025-01-11 10:39:09,cust_6503213,UKLO,business_loan,26752,36,636,medium,rejected,0,atm,false,177
app_20250111_00006222,2025-01-11 15:08:42,cust_9035512,GRRE,refinance,444401,300,668,medium,approved,444401,branch,true,366
app_20250111_00006223,2025-01-11 02:30:17,cust_293776,ESMA,cash_loan,31332,18,669,medium,approved,31332,mobile,true,472
app_20250111_00006224,2025-01-11 20:51:56,cust_4730418,SESV,auto_loan,31872,72,841,low,approved,31872,mobile,false,513
app_20250111_00006225,2025-01-11 13:26:36,cust_4671910,BENL,credit_card,35524,18,764,low,approved,35524,atm,true,513
app_20250111_00006226,2025-01-11 07:29:13,cust_1700714,DEHE,business_loan,17785,60,796,low,approved,17785,call_center,true,422
app_20250111_00006227,2025-01-11 12:10:14,cust_2938269,UKLO,auto_loan,18309,60,816,low,approved,18309,call_center,false,735
app_20250111_00006228,2025-01-11 07:16:49,cust_9694780,PLWA,personal_loan,36728,36,619,medium,approved,36728,mobile_app,false,736
app_20250111_00006229,2025-01-11 04:20:28,cust_5776375,CHBE,business_loan,19140,12,554,medium,approved,19140,branch,false,895
app_20250111_00006230,2025-01-11 21:44:36,cust_2493000,CHBE,credit_card,45916,18,706,low,approved,45916,online_banking,true,489
app_20250111_00006231,2025-01-11 06:43:30,cust_9403363,ITMI,mortgage,126478,240,621,medium,approved,126478,mobile_app,false,350
app_20250111_00006232,2025-01-11 15:44:08,cust_5200650,PLWA,credit_card,12611,18,719,low,approved,12611,call_center,false,94
app_20250111_00006233,2025-01-11 20:05:39,cust_9747081,UKLO,mortgage,206728,180,602,medium,rejected,0,online_banking,true,32
app_20250111_00006234,2025-01-11 17:06:22,cust_7518508,AUTR,mortgage,297945,300,636,medium,rejected,0,call_center,true,81
app_20250111_00006235,2025-01-11 15:27:04,cust_5656534,CHBE,auto_loan,8965,48,703,low,approved,8965,web,false,247
app_20250111_00006236,2025-01-11 05:33:02,cust_1080567,AUTR,business_loan,31538,36,666,medium,approved,31538,call_center,false,306
app_20250111_00006237,2025-01-11 13:27:34,cust_9921996,SESV,credit_card,4389,12,755,low,approved,4389,branch,true,847
app_20250111_00006238,2025-01-11 19:16:49,cust_2108945,DEHE,business_loan,8106,60,556,medium,approved,8106,mobile,true,653
app_20250111_00006239,2025-01-11 06:15:35,cust_1725711,NLAM,education_loan,30597,36,623,medium,approved,30597,online_banking,false,176
app_20250111_00006240,2025-01-11 03:30:00,cust_9102518,PLWA,mortgage,339623,240,545,medium,rejected,0,online_banking,false,166
app_20250111_00006241,2025-01-11 04:32:48,cust_1408565,PLWA,refinance,370164,300,689,medium,rejected,0,partner,true,123
app_20250111_00006242,2025-01-11 05:39:43,cust_158409,ESMA,auto_loan,32390,72,697,medium,approved,32390,web,false,836
app_20250111_00006243,2025-01-11 04:39:05,cust_5278277,PORP,cash_loan,13016,48,550,medium,approved,13016,online_banking,true,579
app_20250111_00006244,2025-01-11 15:12:53,cust_4355055,CHBE,mortgage,217964,120,716,low,rejected,0,partner,false,69
app_20250111_00006245,2025-01-11 22:35:24,cust_1654667,CZPR,refinance,99932,360,812,low,approved,99932,partner,false,65
app_20250111_00006246,2025-01-11 21:16:10,cust_1826814,SESV,cash_loan,9040,42,692,medium,rejected,0,branch,true,126
app_20250111_00006247,2025-01-11 05:26:01,cust_9245766,DEHE,auto_loan,11049,24,725,low,approved,11049,online_banking,true,795
app_20250111_00006248,2025-01-11 06:11:24,cust_9584162,ESMA,mortgage,313537,180,670,medium,approved,313537,call_center,false,166
app_20250111_00006249,2025-01-11 21:29:13,cust_6774018,ATVI,refinance,106475,180,732,low,approved,106475,mobile_app,true,245
app_20250111_00006250,2025-01-11 15:54:41,cust_2819096,BENL,auto_loan,21505,24,571,medium,approved,21505,call_center,false,745
app_20250111_00006251,2025-01-11 07:01:34,cust_2473885,ATVI,auto_loan,10532,60,636,medium,rejected,0,atm,true,17
app_20250111_00006252,2025-01-11 11:42:45,cust_8546385,SESV,education_loan,27300,24,629,medium,rejected,0,online_banking,false,8
app_20250111_00006253,2025-01-11 08:19:46,cust_2486611,SESV,personal_loan,21959,12,562,medium,rejected,0,atm,false,69
app_20250111_00006254,2025-01-11 03:23:57,cust_9789339,GRRE,cash_loan,18707,42,570,medium,rejected,0,mobile,true,67
app_20250111_00006255,2025-01-11 05:17:43,cust_6217769,BENL,mortgage,99970,240,800,low,approved,99970,call_center,true,384
app_20250111_00006256,2025-01-11 05:34:20,cust_6491026,CZPR,mortgage,138781,180,775,low,approved,138781,branch,false,567
app_20250111_00006257,2025-01-11 05:14:10,cust_3195608,UKLO,refinance,237591,240,581,medium,rejected,0,call_center,false,39
app_20250111_00006258,2025-01-11 00:31:32,cust_8830138,NLAM,personal_loan,13188,18,735,low,approved,13188,partner,true,428
app_20250111_00006259,2025-01-11 02:10:08,cust_3519443,UKLO,business_loan,20607,24,669,medium,approved,20607,web,true,698
app_20250111_00006260,2025-01-11 12:03:10,cust_5569845,PLWA,personal_loan,46817,18,573,medium,approved,46817,atm,false,831
app_20250111_00006261,2025-01-11 03:01:09,cust_5915249,PORP,cash_loan,43716,12,462,high,rejected,0,mobile_app,true,83
app_20250111_00006262,2025-01-11 12:32:11,cust_7443021,ITMI,business_loan,5567,48,767,low,approved,5567,atm,true,218
app_20250111_00006263,2025-01-11 05:12:21,cust_1821447,NLAM,cash_loan,22969,36,648,medium,approved,22969,mobile,false,220
app_20250111_00006264,2025-01-11 18:05:46,cust_7644848,AUTR,business_loan,6867,12,733,low,approved,6867,mobile,false,704
app_20250111_00006265,2025-01-11 14:45:00,cust_552819,CHBE,credit_card,3281,48,611,medium,rejected,0,online_banking,false,176
app_20250111_00006266,2025-01-11 21:06:47,cust_2110697,UKLO,refinance,342507,360,724,low,approved,342507,atm,false,226
app_20250111_00006267,2025-01-11 06:04:32,cust_3691543,AUTR,refinance,356455,180,655,medium,rejected,0,online_banking,true,7
app_20250111_00006268,2025-01-11 03:16:00,cust_2790887,ATVI,business_loan,21160,36,638,medium,rejected,0,atm,false,93
app_20250111_00006269,2025-01-11 09:19:39,cust_3338829,GRRE,personal_loan,15952,18,549,medium,rejected,0,online_banking,true,44
app_20250111_00006270,2025-01-11 09:23:29,cust_6509182,BENL,personal_loan,3155,30,544,medium,approved,3155,call_center,true,191
app_20250111_00006271,2025-01-11 07:14:42,cust_3393232,UKLO,education_loan,5312,24,538,medium,rejected,0,online_banking,true,23
app_20250111_00006272,2025-01-11 20:42:21,cust_6834141,FRID,cash_loan,37681,36,741,low,approved,37681,online_banking,false,398
app_20250111_00006273,2025-01-11 13:23:32,cust_9448586,AUTR,cash_loan,1561,36,709,low,approved,1561,mobile_app,true,668
app_20250111_00006274,2025-01-11 20:07:23,cust_3686336,ITMI,cash_loan,48970,42,582,medium,rejected,0,mobile_app,false,72
app_20250111_00006275,2025-01-11 22:31:43,cust_6221702,CZPR,education_loan,25872,24,770,low,approved,25872,mobile_app,false,327
app_20250111_00006276,2025-01-11 21:14:42,cust_2051416,UKLO,personal_loan,37542,42,602,medium,rejected,0,online_banking,true,19
app_20250111_00006277,2025-01-11 20:28:26,cust_1612148,NLAM,education_loan,15640,36,655,medium,approved,15640,mobile_app,true,501
app_20250111_00006278,2025-01-11 15:53:08,cust_1677767,PLWA,mortgage,194713,360,437,high,approved,194713,partner,false,296
app_20250111_00006279,2025-01-11 11:09:34,cust_567438,PLWA,business_loan,20909,36,640,medium,approved,20909,atm,true,673
app_20250111_00006280,2025-01-11 18:17:28,cust_140556,CZPR,credit_card,47231,36,617,medium,approved,47231,branch,true,677
app_20250111_00006281,2025-01-11 13:57:21,cust_2740776,SESV,education_loan,27859,24,683,medium,approved,27859,mobile_app,false,60
app_20250111_00006282,2025-01-11 08:17:42,cust_8908151,SESV,cash_loan,43836,30,434,high,rejected,0,mobile_app,false,86
app_20250111_00006283,2025-01-11 14:31:15,cust_5819863,BENL,refinance,73908,180,566,medium,rejected,0,web,true,63
app_20250111_00006284,2025-01-11 19:09:07,cust_3145353,ATVI,auto_loan,44821,60,696,medium,approved,44821,mobile,true,157
app_20250111_00006285,2025-01-11 12:04:09,cust_6973832,DEHE,credit_card,14255,24,798,low,approved,14255,atm,true,631
app_20250111_00006286,2025-01-11 00:25:34,cust_4042149,CHBE,business_loan,7909,60,567,medium,approved,7909,mobile_app,false,184
app_20250111_00006287,2025-01-11 23:43:50,cust_7618525,ESMA,credit_card,15822,24,657,medium,rejected,0,mobile_app,true,129
app_20250111_00006288,2025-01-11 21:08:09,cust_211540,AUTR,business_loan,17719,24,719,low,approved,17719,partner,true,789
app_20250111_00006289,2025-01-11 15:44:39,cust_2803322,SESV,cash_loan,24726,24,565,medium,rejected,0,partner,true,46
app_20250111_00006290,2025-01-11 15:41:55,cust_5308792,FRID,business_loan,25346,12,643,medium,approved,25346,mobile,true,785
app_20250111_00006291,2025-01-11 13:39:35,cust_7051749,ESMA,business_loan,21785,60,487,high,rejected,0,call_center,false,42
app_20250111_00006292,2025-01-11 20:24:52,cust_9723381,ATVI,cash_loan,35921,48,641,medium,approved,35921,call_center,false,684
app_20250111_00006293,2025-01-11 18:09:42,cust_6424811,UKLO,business_loan,7987,60,635,medium,approved,7987,online_banking,false,786
app_20250111_00006294,2025-01-11 06:00:23,cust_7027492,AUTR,credit_card,19137,24,486,high,rejected,0,call_center,true,123
app_20250111_00006295,2025-01-11 13:06:49,cust_8616647,CZPR,education_loan,4432,60,738,low,approved,4432,mobile,true,644
app_20250111_00006296,2025-01-11 21:06:44,cust_7461967,CZPR,personal_loan,48784,12,850,low,approved,48784,web,false,711
app_20250111_00006297,2025-01-11 14:13:52,cust_2687817,DEHE,refinance,307586,120,505,medium,approved,307586,atm,true,148
app_20250111_00006298,2025-01-11 08:00:29,cust_2183570,PORP,personal_loan,34576,36,745,low,approved,34576,atm,true,405
app_20250111_00006299,2025-01-11 07:49:20,cust_2891753,UKLO,credit_card,25030,36,698,medium,approved,25030,web,true,336
app_20250111_00006300,2025-01-11 11:51:23,cust_6348828,PLWA,refinance,494919,240,603,medium,approved,494919,mobile_app,false,495
app_20250111_00006301,2025-01-11 11:58:11,cust_8500838,ATVI,credit_card,24461,48,735,low,approved,24461,mobile,false,167
app_20250111_00006302,2025-01-11 09:26:56,cust_9937822,NLAM,business_loan,37721,60,594,medium,approved,37721,mobile,false,342
app_20250111_00006303,2025-01-11 02:24:21,cust_1262348,PORP,mortgage,419693,120,666,medium,approved,419693,web,true,595
app_20250111_00006304,2025-01-11 04:51:48,cust_7995790,UKLO,mortgage,251051,300,719,low,approved,251051,partner,false,233
app_20250111_00006305,2025-01-11 18:25:47,cust_5942918,AUTR,mortgage,270790,300,597,medium,approved,270790,partner,true,181
app_20250111_00006306,2025-01-11 18:18:35,cust_2348872,AUTR,refinance,130243,120,577,medium,approved,130243,mobile_app,true,240
app_20250111_00006307,2025-01-11 01:03:34,cust_2413814,UKLO,refinance,269352,180,664,medium,rejected,0,web,false,24
app_20250111_00006308,2025-01-11 06:22:17,cust_9399372,CZPR,business_loan,37124,24,702,low,approved,37124,branch,true,179
app_20250111_00006309,2025-01-11 15:40:06,cust_5715047,CHBE,mortgage,335321,360,545,medium,rejected,0,branch,false,74
app_20250111_00006310,2025-01-11 04:22:02,cust_8101066,NLAM,business_loan,3985,48,544,medium,rejected,0,mobile_app,true,45
app_20250111_00006311,2025-01-11 18:23:34,cust_1904789,SESV,cash_loan,3038,48,726,low,approved,3038,online_banking,true,442
app_20250111_00006312,2025-01-11 02:25:49,cust_3922121,UKLO,refinance,339268,360,556,medium,rejected,0,mobile_app,true,25
app_20250111_00006313,2025-01-11 06:12:10,cust_534759,ATVI,credit_card,1475,42,727,low,approved,1475,mobile_app,false,233
app_20250111_00006314,2025-01-11 11:42:57,cust_3359742,SESV,business_loan,19003,60,585,medium,approved,19003,atm,true,198
app_20250111_00006315,2025-01-11 08:34:14,cust_7743531,SESV,personal_loan,40268,18,591,medium,rejected,0,mobile,false,50
app_20250111_00006316,2025-01-11 19:57:57,cust_263016,AUTR,credit_card,19615,36,696,medium,rejected,0,mobile_app,false,95
app_20250111_00006317,2025-01-11 05:05:13,cust_9869521,PORP,refinance,121546,180,808,low,approved,121546,web,true,178
app_20250111_00006318,2025-01-11 02:28:26,cust_7367445,SESV,mortgage,82084,120,711,low,approved,82084,branch,false,120
app_20250111_00006319,2025-01-11 17:02:34,cust_7314423,AUTR,education_loan,25905,48,466,high,rejected,0,mobile_app,false,140
app_20250111_00006320,2025-01-11 01:19:15,cust_2980711,PORP,credit_card,9192,30,605,medium,rejected,0,mobile,true,125
app_20250111_00006321,2025-01-11 06:21:03,cust_8092242,ESMA,auto_loan,43130,36,463,high,rejected,0,branch,true,177
app_20250111_00006322,2025-01-11 10:18:56,cust_7826556,CHBE,refinance,381611,120,560,medium,rejected,0,mobile,false,114
app_20250111_00006323,2025-01-11 14:44:01,cust_3855778,GRRE,auto_loan,47545,36,538,medium,approved,47545,branch,true,557
app_20250111_00006324,2025-01-11 07:22:28,cust_2362508,FRID,auto_loan,9882,48,596,medium,rejected,0,branch,true,144
app_20250111_00006325,2025-01-11 05:26:41,cust_2806116,AUTR,credit_card,39781,30,654,medium,rejected,0,mobile,true,165
app_20250111_00006326,2025-01-11 12:32:14,cust_2434992,CZPR,mortgage,205759,180,652,medium,approved,205759,branch,true,307
app_20250111_00006327,2025-01-11 13:56:10,cust_8503107,FRID,education_loan,7819,48,790,low,approved,7819,mobile_app,false,662
app_20250111_00006328,2025-01-11 17:31:31,cust_7325920,PORP,cash_loan,2945,48,626,medium,approved,2945,partner,false,314
app_20250111_00006329,2025-01-11 07:50:47,cust_522185,FRID,mortgage,87847,240,571,medium,rejected,0,branch,true,108
app_20250111_00006330,2025-01-11 15:17:50,cust_3190177,CHBE,auto_loan,18132,72,660,medium,rejected,0,atm,false,151
app_20250111_00006331,2025-01-11 19:50:03,cust_2810598,SESV,education_loan,28493,36,632,medium,approved,28493,atm,true,98
app_20250111_00006332,2025-01-11 06:34:50,cust_1767670,DEHE,refinance,251404,300,537,medium,approved,251404,atm,true,261
app_20250111_00006333,2025-01-11 10:19:21,cust_5961247,NLAM,auto_loan,54334,72,747,low,approved,54334,online_banking,false,358
app_20250111_00006334,2025-01-11 23:05:13,cust_6252728,DEHE,credit_card,32713,48,650,medium,rejected,0,branch,true,81
app_20250111_00006335,2025-01-11 17:23:00,cust_3655981,SESV,credit_card,17761,30,671,medium,approved,17761,branch,false,348
app_20250111_00006336,2025-01-11 03:44:42,cust_9498234,ATVI,cash_loan,14402,48,693,medium,rejected,0,web,false,142
app_20250111_00006337,2025-01-11 00:15:17,cust_8513173,UKLO,business_loan,22621,12,850,low,approved,22621,atm,false,64
app_20250111_00006338,2025-01-11 15:42:32,cust_148672,GRRE,credit_card,43291,18,586,medium,approved,43291,web,true,250
app_20250111_00006339,2025-01-11 10:02:27,cust_7515693,ITMI,personal_loan,22406,12,547,medium,approved,22406,partner,true,48
app_20250111_00006340,2025-01-11 18:54:45,cust_6203404,PLWA,cash_loan,47663,18,778,low,approved,47663,mobile_app,true,296
app_20250111_00006341,2025-01-11 06:45:15,cust_7718561,BENL,mortgage,438695,300,535,medium,approved,438695,mobile,true,317
app_20250111_00006342,2025-01-11 03:55:36,cust_141208,CHBE,cash_loan,12714,48,688,medium,rejected,0,partner,true,157
app_20250111_00006343,2025-01-11 20:15:49,cust_8981887,ATVI,business_loan,24475,24,530,medium,rejected,0,partner,true,43
app_20250111_00006344,2025-01-11 17:04:42,cust_4482600,ATVI,business_loan,2365,12,552,medium,approved,2365,call_center,false,410
app_20250111_00006345,2025-01-11 14:56:57,cust_2409566,ESMA,credit_card,40582,30,672,medium,rejected,0,online_banking,false,159
app_20250111_00006346,2025-01-11 21:03:26,cust_5375732,GRRE,mortgage,422340,360,411,high,rejected,0,mobile_app,true,174
app_20250111_00006347,2025-01-11 15:37:54,cust_7759113,UKLO,education_loan,12463,24,586,medium,rejected,0,mobile_app,true,53
app_20250111_00006348,2025-01-11 10:36:07,cust_3984511,BENL,credit_card,11064,24,636,medium,approved,11064,call_center,true,726
app_20250111_00006349,2025-01-11 21:15:20,cust_1010757,SESV,auto_loan,10746,60,600,medium,rejected,0,mobile,true,60
app_20250111_00006350,2025-01-11 05:44:24,cust_5973248,CHBE,personal_loan,7873,48,850,low,approved,7873,web,false,687
app_20250111_00006351,2025-01-11 13:07:05,cust_3655474,AUTR,education_loan,13316,36,541,medium,rejected,0,mobile_app,true,26
app_20250111_00006352,2025-01-11 21:53:07,cust_9520564,NLAM,cash_loan,23989,12,564,medium,rejected,0,branch,false,16
app_20250111_00006353,2025-01-11 17:15:10,cust_6047528,DEHE,credit_card,27162,48,611,medium,rejected,0,web,false,44
app_20250111_00006354,2025-01-11 14:02:44,cust_4266112,AUTR,education_loan,32765,60,567,medium,approved,32765,mobile,true,31
app_20250111_00006355,2025-01-11 14:34:37,cust_5165130,SESV,credit_card,11999,48,506,medium,approved,11999,web,false,318
app_20250111_00006356,2025-01-11 04:22:01,cust_4746206,SESV,education_loan,37579,36,664,medium,approved,37579,web,true,676
app_20250111_00006357,2025-01-11 14:56:52,cust_1984678,FRID,auto_loan,50913,36,522,medium,rejected,0,web,true,85
app_20250111_00006358,2025-01-11 10:54:37,cust_1508460,FRID,business_loan,11263,12,664,medium,approved,11263,mobile,false,169
app_20250111_00006359,2025-01-11 23:58:02,cust_7913948,GRRE,credit_card,48475,24,644,medium,approved,48475,mobile,true,810
app_20250111_00006360,2025-01-11 09:31:28,cust_6091361,SESV,refinance,63790,180,567,medium,rejected,0,mobile_app,true,108
app_20250111_00006361,2025-01-11 17:55:11,cust_5501955,FRID,auto_loan,32628,24,589,medium,approved,32628,mobile,false,644
app_20250111_00006362,2025-01-11 03:34:03,cust_6472238,PORP,auto_loan,7598,24,514,medium,rejected,0,mobile,false,84
app_20250111_00006363,2025-01-11 00:43:39,cust_7745675,CHBE,mortgage,290362,180,681,medium,approved,290362,web,true,202
app_20250111_00006364,2025-01-11 03:30:49,cust_2387811,CZPR,education_loan,26936,24,727,low,approved,26936,mobile,false,627
app_20250111_00006365,2025-01-11 06:21:59,cust_8473193,PLWA,refinance,151303,360,629,medium,approved,151303,partner,false,807
app_20250111_00006366,2025-01-11 07:54:52,cust_3665812,PORP,auto_loan,42522,72,613,medium,rejected,0,web,false,21
app_20250111_00006367,2025-01-11 06:05:57,cust_8965280,GRRE,mortgage,370236,120,771,low,approved,370236,mobile,false,588
app_20250111_00006368,2025-01-11 17:14:28,cust_5254277,CZPR,mortgage,379288,120,648,medium,approved,379288,online_banking,true,189
app_20250111_00006369,2025-01-11 16:29:48,cust_8862567,FRID,auto_loan,31101,48,544,medium,approved,31101,branch,false,550
app_20250111_00006370,2025-01-11 23:04:38,cust_7404143,BENL,auto_loan,45267,72,664,medium,approved,45267,partner,true,694
app_20250111_00006371,2025-01-11 12:44:14,cust_5840540,DEHE,auto_loan,32798,60,641,medium,approved,32798,branch,true,312
app_20250111_00006372,2025-01-11 06:33:03,cust_5372743,AUTR,personal_loan,36778,48,381,high,rejected,0,mobile_app,false,123
app_20250111_00006373,2025-01-11 14:51:55,cust_3578006,PORP,cash_loan,27107,42,728,low,approved,27107,call_center,true,302
app_20250111_00006374,2025-01-11 15:12:18,cust_6039086,UKLO,personal_loan,47293,12,770,low,approved,47293,online_banking,false,850
app_20250111_00006375,2025-01-11 22:28:45,cust_7882969,DEHE,auto_loan,32100,72,700,low,approved,32100,web,false,186
app_20250111_00006376,2025-01-11 17:49:59,cust_735180,ESMA,auto_loan,41307,72,845,low,approved,41307,mobile,true,411
app_20250111_00006377,2025-01-11 05:06:27,cust_3155044,PLWA,education_loan,9498,60,850,low,approved,9498,partner,true,57
app_20250111_00006378,2025-01-11 14:41:50,cust_717666,ATVI,mortgage,151200,300,747,low,approved,151200,web,false,114
app_20250111_00006379,2025-01-11 14:49:57,cust_983685,ATVI,business_loan,10711,24,818,low,approved,10711,partner,false,510
app_20250111_00006380,2025-01-11 19:06:24,cust_829424,PORP,auto_loan,20037,36,586,medium,rejected,0,partner,true,40
app_20250111_00006381,2025-01-11 07:23:43,cust_7707560,BENL,mortgage,317332,180,588,medium,approved,317332,branch,false,636
app_20250111_00006382,2025-01-11 11:19:52,cust_4926923,PLWA,cash_loan,10305,36,522,medium,rejected,0,partner,false,133
app_20250111_00006383,2025-01-11 01:12:42,cust_3528482,FRID,education_loan,25543,24,742,low,approved,25543,branch,true,536
app_20250111_00006384,2025-01-11 06:44:39,cust_1102213,GRRE,refinance,478573,120,842,low,approved,478573,mobile,false,615
app_20250111_00006385,2025-01-11 06:35:50,cust_3703748,ATVI,cash_loan,48738,12,750,low,approved,48738,call_center,true,755
app_20250111_00006386,2025-01-11 16:16:38,cust_1653598,CZPR,cash_loan,44483,42,585,medium,rejected,0,branch,false,133
app_20250111_00006387,2025-01-11 05:36:45,cust_3205320,UKLO,personal_loan,6102,30,502,medium,approved,6102,partner,true,868
app_20250111_00006388,2025-01-11 19:10:43,cust_8540065,PLWA,mortgage,52950,120,719,low,approved,52950,atm,false,434
app_20250111_00006389,2025-01-11 17:53:42,cust_9066203,CHBE,refinance,303569,120,630,medium,approved,303569,atm,true,544
app_20250111_00006390,2025-01-11 07:14:09,cust_1818353,ATVI,business_loan,19957,24,555,medium,rejected,0,web,true,23
app_20250111_00006391,2025-01-11 08:49:37,cust_8282934,BENL,mortgage,321758,120,465,high,rejected,0,web,false,121
app_20250111_00006392,2025-01-11 08:02:43,cust_8070193,AUTR,education_loan,7993,48,493,high,rejected,0,online_banking,false,175
app_20250111_00006393,2025-01-11 20:46:28,cust_4092918,UKLO,personal_loan,11499,12,672,medium,approved,11499,mobile,false,133
app_20250111_00006394,2025-01-11 05:04:20,cust_7411968,SESV,auto_loan,37113,48,672,medium,approved,37113,mobile,false,266
app_20250111_00006395,2025-01-11 08:46:54,cust_741999,CZPR,refinance,306522,360,674,medium,approved,306522,mobile,false,658
app_20250111_00006396,2025-01-11 18:49:43,cust_6677230,PLWA,mortgage,134920,180,753,low,approved,134920,web,false,846
app_20250111_00006397,2025-01-11 13:55:39,cust_4790801,UKLO,mortgage,342045,120,730,low,approved,342045,branch,true,800
app_20250111_00006398,2025-01-11 20:52:43,cust_1477029,PORP,refinance,463407,240,660,medium,approved,463407,mobile,false,831
app_20250111_00006399,2025-01-11 12:59:20,cust_9853004,BENL,refinance,288957,240,522,medium,rejected,0,web,false,103
app_20250111_00006400,2025-01-11 21:35:30,cust_624919,FRID,mortgage,290082,120,649,medium,rejected,0,mobile_app,true,179
app_20250111_00006401,2025-01-11 03:33:26,cust_3760250,ATVI,auto_loan,52978,36,665,medium,approved,52978,atm,true,406
app_20250111_00006402,2025-01-11 08:52:59,cust_6646603,ITMI,cash_loan,31230,12,592,medium,rejected,0,atm,false,16
app_20250111_00006403,2025-01-11 01:46:05,cust_6938839,CZPR,mortgage,205471,240,707,low,approved,205471,web,false,407
app_20250111_00006404,2025-01-11 02:04:05,cust_3843483,UKLO,personal_loan,16977,24,733,low,approved,16977,mobile,true,581
app_20250111_00006405,2025-01-11 09:42:42,cust_3293782,ITMI,cash_loan,42166,42,628,medium,approved,42166,branch,false,896
app_20250111_00006406,2025-01-11 12:15:51,cust_8659398,GRRE,business_loan,21859,36,578,medium,rejected,0,mobile,false,5
app_20250111_00006407,2025-01-11 10:31:38,cust_9382495,FRID,credit_card,14259,24,632,medium,approved,14259,branch,false,273
app_20250111_00006408,2025-01-11 00:31:41,cust_369396,UKLO,auto_loan,31708,72,850,low,approved,31708,mobile_app,true,49
app_20250111_00006409,2025-01-11 02:13:36,cust_5359293,PORP,business_loan,20234,48,774,low,approved,20234,web,true,523
app_20250111_00006410,2025-01-11 09:24:48,cust_9229352,UKLO,refinance,288100,180,725,low,approved,288100,online_banking,false,742
app_20250111_00006411,2025-01-11 15:46:34,cust_8715634,FRID,auto_loan,19538,24,773,low,approved,19538,mobile_app,true,243
app_20250111_00006412,2025-01-11 01:27:43,cust_4565587,CZPR,refinance,273322,300,767,low,approved,273322,online_banking,true,279
app_20250111_00006413,2025-01-11 06:44:24,cust_9344502,ITMI,cash_loan,43719,18,587,medium,rejected,0,mobile_app,true,160
app_20250111_00006414,2025-01-11 20:10:40,cust_9796405,PLWA,business_loan,27577,36,487,high,rejected,0,call_center,false,177
app_20250111_00006415,2025-01-11 03:15:50,cust_3967840,ITMI,business_loan,22636,48,598,medium,approved,22636,online_banking,true,695
app_20250111_00006416,2025-01-11 06:21:56,cust_8988165,FRID,auto_loan,10049,48,585,medium,approved,10049,web,false,682
app_20250111_00006417,2025-01-11 19:20:22,cust_4867762,CHBE,cash_loan,8940,42,541,medium,rejected,0,web,false,14
app_20250111_00006418,2025-01-11 09:32:12,cust_7378225,UKLO,personal_loan,44738,12,655,medium,approved,44738,partner,true,628
app_20250111_00006419,2025-01-11 10:17:04,cust_3673719,UKLO,education_loan,31442,24,796,low,approved,31442,atm,false,88
app_20250111_00006420,2025-01-11 01:22:57,cust_3042205,DEHE,cash_loan,39863,36,784,low,approved,39863,partner,false,468
app_20250111_00006421,2025-01-11 02:45:17,cust_9671072,ITMI,cash_loan,20182,24,604,medium,approved,20182,atm,false,661
app_20250111_00006422,2025-01-11 20:25:28,cust_2369175,CHBE,business_loan,2559,48,764,low,approved,2559,partner,false,556
app_20250111_00006423,2025-01-11 08:13:41,cust_6858172,UKLO,mortgage,320649,240,546,medium,approved,320649,web,true,284
app_20250111_00006424,2025-01-11 02:41:54,cust_3424741,PORP,business_loan,30510,60,699,medium,approved,30510,web,false,698
app_20250111_00006425,2025-01-11 07:20:27,cust_2261603,ATVI,cash_loan,8051,48,646,medium,approved,8051,mobile,true,74
app_20250111_00006426,2025-01-11 18:44:23,cust_4435067,CHBE,cash_loan,9405,42,706,low,approved,9405,mobile_app,true,619
app_20250111_00006427,2025-01-11 02:09:54,cust_3058958,CZPR,business_loan,30716,36,850,low,approved,30716,call_center,false,311
app_20250111_00006428,2025-01-11 08:28:20,cust_6023421,CHBE,personal_loan,41966,36,655,medium,approved,41966,mobile,false,283
app_20250111_00006429,2025-01-11 22:10:11,cust_4039638,NLAM,education_loan,38754,12,542,medium,approved,38754,atm,true,359
app_20250111_00006430,2025-01-11 01:18:46,cust_2539698,PORP,business_loan,12207,60,622,medium,approved,12207,mobile_app,false,582
app_20250111_00006431,2025-01-11 23:35:02,cust_8313362,BENL,refinance,432554,240,734,low,approved,432554,atm,true,460
app_20250111_00006432,2025-01-11 06:56:11,cust_5471948,CZPR,cash_loan,23393,42,496,high,rejected,0,web,true,30
app_20250111_00006433,2025-01-11 05:08:12,cust_2749681,ITMI,business_loan,30223,36,663,medium,approved,30223,branch,true,898
app_20250111_00006434,2025-01-11 08:50:52,cust_7221454,GRRE,mortgage,229755,300,804,low,rejected,0,mobile_app,true,133
app_20250111_00006435,2025-01-11 23:16:46,cust_5913783,UKLO,education_loan,5217,12,709,low,approved,5217,atm,false,322
app_20250111_00006436,2025-01-11 21:15:14,cust_8694756,UKLO,business_loan,30557,36,482,high,rejected,0,mobile_app,true,40
app_20250111_00006437,2025-01-11 04:17:33,cust_1343482,FRID,mortgage,430373,120,603,medium,approved,430373,web,true,686
app_20250111_00006438,2025-01-11 14:50:01,cust_7388066,ATVI,mortgage,460583,240,582,medium,rejected,0,web,false,97
app_20250111_00006439,2025-01-11 20:37:01,cust_6308434,DEHE,business_loan,32892,12,524,medium,approved,32892,branch,false,142
app_20250111_00006440,2025-01-11 17:48:23,cust_9692969,PLWA,refinance,349426,120,585,medium,approved,349426,online_banking,false,634
app_20250111_00006441,2025-01-11 01:22:46,cust_2736204,ATVI,cash_loan,26370,12,742,low,approved,26370,mobile,false,509
app_20250111_00006442,2025-01-11 18:24:14,cust_5938195,CZPR,auto_loan,28277,24,625,medium,approved,28277,mobile_app,true,551
app_20250111_00006443,2025-01-11 23:23:16,cust_3779490,BENL,personal_loan,30695,36,573,medium,rejected,0,atm,false,177
app_20250111_00006444,2025-01-11 16:13:25,cust_5500867,CHBE,personal_loan,3158,30,573,medium,approved,3158,web,false,811
app_20250111_00006445,2025-01-11 21:19:03,cust_2026460,AUTR,personal_loan,2440,36,743,low,approved,2440,web,true,453
app_20250111_00006446,2025-01-11 06:17:08,cust_300592,UKLO,personal_loan,37861,12,693,medium,approved,37861,online_banking,true,796
app_20250111_00006447,2025-01-11 12:33:23,cust_827021,DEHE,auto_loan,50005,60,686,medium,approved,50005,atm,true,874
app_20250111_00006448,2025-01-11 14:42:35,cust_3385767,BENL,credit_card,27847,48,605,medium,rejected,0,online_banking,true,73
app_20250111_00006449,2025-01-11 04:00:21,cust_7500079,BENL,refinance,421185,120,646,medium,rejected,0,mobile,true,38
app_20250111_00006450,2025-01-11 02:32:25,cust_2965898,SESV,education_loan,4552,24,648,medium,approved,4552,mobile_app,false,319
app_20250111_00006451,2025-01-11 06:07:46,cust_5168280,BENL,education_loan,4535,24,642,medium,rejected,0,online_banking,false,143
app_20250111_00006452,2025-01-11 10:12:50,cust_6707617,UKLO,personal_loan,8957,18,793,low,approved,8957,atm,false,477
app_20250111_00006453,2025-01-11 20:22:46,cust_7947223,UKLO,education_loan,3678,36,754,low,approved,3678,call_center,true,758
app_20250111_00006454,2025-01-11 19:21:03,cust_327599,SESV,personal_loan,43452,18,574,medium,approved,43452,online_banking,true,896
app_20250111_00006455,2025-01-11 05:15:49,cust_1376427,CZPR,personal_loan,18531,42,482,high,rejected,0,mobile_app,false,166
app_20250111_00006456,2025-01-11 04:05:39,cust_1599500,CZPR,credit_card,7336,24,423,high,rejected,0,online_banking,true,31
app_20250111_00006457,2025-01-11 03:08:48,cust_5768923,CZPR,business_loan,20740,60,638,medium,approved,20740,branch,false,584
app_20250111_00006458,2025-01-11 05:47:22,cust_3352776,FRID,cash_loan,46119,30,625,medium,rejected,0,mobile,false,20
app_20250111_00006459,2025-01-11 18:07:22,cust_7688212,FRID,personal_loan,41078,42,697,medium,rejected,0,online_banking,true,118
app_20250111_00006460,2025-01-11 09:13:43,cust_647040,AUTR,cash_loan,36714,30,722,low,approved,36714,branch,false,440
app_20250111_00006461,2025-01-11 15:13:11,cust_6575461,FRID,refinance,479295,180,652,medium,rejected,0,web,false,113
app_20250111_00006462,2025-01-11 13:22:17,cust_5568924,GRRE,credit_card,26763,30,773,low,approved,26763,branch,false,596
app_20250111_00006463,2025-01-11 15:19:53,cust_2768358,ESMA,education_loan,15038,48,521,medium,approved,15038,web,true,730
app_20250111_00006464,2025-01-11 04:20:35,cust_4324180,PLWA,auto_loan,26216,36,530,medium,approved,26216,mobile,false,458
app_20250111_00006465,2025-01-11 15:34:24,cust_1328808,NLAM,personal_loan,33952,30,569,medium,approved,33952,partner,true,756
app_20250111_00006466,2025-01-11 06:40:33,cust_3459082,ESMA,education_loan,38443,36,529,medium,rejected,0,mobile_app,true,11
app_20250111_00006467,2025-01-11 08:08:31,cust_1048102,CHBE,personal_loan,49066,24,633,medium,approved,49066,partner,false,678
app_20250111_00006468,2025-01-11 23:33:49,cust_8362599,UKLO,education_loan,9929,48,561,medium,rejected,0,mobile,true,148
app_20250111_00006469,2025-01-11 01:25:01,cust_8696979,GRRE,credit_card,14668,24,593,medium,approved,14668,online_banking,true,580
app_20250111_00006470,2025-01-11 07:16:56,cust_2417203,PLWA,cash_loan,20732,36,572,medium,approved,20732,mobile,false,504
app_20250111_00006471,2025-01-11 06:46:08,cust_945044,ESMA,refinance,494447,360,648,medium,approved,494447,partner,true,270
app_20250111_00006472,2025-01-11 12:40:39,cust_4146301,PORP,cash_loan,32005,30,388,high,rejected,0,online_banking,true,38
app_20250111_00006473,2025-01-11 03:37:27,cust_8873359,BENL,cash_loan,38001,12,613,medium,rejected,0,mobile,true,104
app_20250111_00006474,2025-01-11 21:45:22,cust_9622973,UKLO,credit_card,22284,30,595,medium,approved,22284,partner,false,359
app_20250111_00006475,2025-01-11 14:29:10,cust_6236346,UKLO,cash_loan,43837,48,571,medium,rejected,0,branch,true,54
app_20250111_00006476,2025-01-11 13:31:35,cust_4253981,ESMA,business_loan,36042,12,760,low,approved,36042,call_center,false,717
app_20250111_00006477,2025-01-11 23:26:23,cust_9151749,PORP,credit_card,23114,12,742,low,approved,23114,online_banking,false,743
app_20250111_00006478,2025-01-11 23:27:39,cust_9109185,CHBE,cash_loan,8480,18,639,medium,rejected,0,mobile_app,true,47
app_20250111_00006479,2025-01-11 20:31:22,cust_3310091,PLWA,education_loan,37414,60,563,medium,approved,37414,atm,false,459
app_20250111_00006480,2025-01-11 13:16:06,cust_212211,GRRE,education_loan,11748,60,713,low,approved,11748,partner,true,208
app_20250111_00006481,2025-01-11 22:04:59,cust_1161045,SESV,credit_card,42424,30,850,low,approved,42424,online_banking,false,281
app_20250111_00006482,2025-01-11 03:22:26,cust_6550816,ITMI,business_loan,36383,12,695,medium,rejected,0,mobile,false,113
app_20250111_00006483,2025-01-11 10:51:31,cust_6083594,GRRE,mortgage,353732,120,642,medium,approved,353732,online_banking,true,406
app_20250111_00006484,2025-01-11 17:24:42,cust_4442837,GRRE,mortgage,77383,360,628,medium,approved,77383,web,true,88
app_20250111_00006485,2025-01-11 23:29:28,cust_6432773,CZPR,business_loan,11829,48,696,medium,rejected,0,mobile,true,17
app_20250111_00006486,2025-01-11 14:08:45,cust_6395519,ITMI,cash_loan,40220,30,613,medium,rejected,0,web,false,88
app_20250111_00006487,2025-01-11 12:37:28,cust_3326717,SESV,personal_loan,46925,42,525,medium,approved,46925,call_center,true,58
app_20250111_00006488,2025-01-11 17:58:52,cust_1060258,ITMI,credit_card,42195,24,682,medium,approved,42195,online_banking,false,517
app_20250111_00006489,2025-01-11 06:18:17,cust_1488951,ATVI,mortgage,207751,300,746,low,approved,207751,atm,true,848
app_20250111_00006490,2025-01-11 02:07:48,cust_4405565,CZPR,personal_loan,37568,24,850,low,approved,37568,online_banking,false,628
app_20250111_00006491,2025-01-11 16:55:12,cust_651378,AUTR,business_loan,18862,60,555,medium,rejected,0,mobile,false,51
app_20250111_00006492,2025-01-11 06:52:55,cust_1409595,BENL,refinance,440904,240,658,medium,approved,440904,web,false,675
app_20250111_00006493,2025-01-11 13:10:44,cust_3325891,PLWA,mortgage,472942,240,550,medium,approved,472942,online_banking,false,337
app_20250111_00006494,2025-01-11 10:05:39,cust_7565438,FRID,mortgage,240401,300,704,low,approved,240401,branch,true,888
app_20250111_00006495,2025-01-11 01:29:58,cust_7122011,DEHE,mortgage,351760,360,472,high,rejected,0,atm,false,156
app_20250111_00006496,2025-01-11 07:41:30,cust_497464,ESMA,business_loan,6252,48,648,medium,approved,6252,mobile,true,296
app_20250111_00006497,2025-01-11 22:25:18,cust_4680223,DEHE,refinance,247480,240,662,medium,approved,247480,mobile,true,325
app_20250111_00006498,2025-01-11 06:24:26,cust_8823944,CZPR,personal_loan,19159,48,808,low,approved,19159,partner,false,759
app_20250111_00006499,2025-01-11 16:04:35,cust_3649893,PLWA,business_loan,21714,36,848,low,approved,21714,online_banking,false,92
app_20250111_00006500,2025-01-11 08:50:12,cust_3745124,ITMI,refinance,421654,180,550,medium,rejected,0,mobile,false,11
app_20250111_00006501,2025-01-11 02:01:37,cust_3223680,SESV,auto_loan,15147,24,573,medium,rejected,0,call_center,true,171
app_20250111_00006502,2025-01-11 06:52:30,cust_6632072,SESV,business_loan,32844,36,697,medium,rejected,0,mobile,false,93
app_20250111_00006503,2025-01-11 03:18:59,cust_8419955,CHBE,business_loan,24009,12,587,medium,rejected,0,branch,false,42
app_20250111_00006504,2025-01-11 12:18:04,cust_5840840,DEHE,refinance,193859,300,583,medium,approved,193859,branch,true,44
app_20250111_00006505,2025-01-11 11:23:29,cust_9362749,DEHE,refinance,156868,300,577,medium,approved,156868,web,true,483
app_20250111_00006506,2025-01-11 05:36:01,cust_788019,BENL,personal_loan,26216,12,764,low,approved,26216,online_banking,false,146
app_20250111_00006507,2025-01-11 17:19:07,cust_587768,DEHE,education_loan,23032,60,540,medium,rejected,0,atm,false,35
app_20250111_00006508,2025-01-11 07:09:12,cust_5275692,CZPR,mortgage,154521,240,775,low,approved,154521,mobile_app,false,524
app_20250111_00006509,2025-01-11 05:54:41,cust_5873339,GRRE,cash_loan,13454,12,601,medium,approved,13454,call_center,true,283
app_20250111_00006510,2025-01-11 22:56:38,cust_8898272,ESMA,education_loan,26381,12,688,medium,approved,26381,online_banking,false,80
app_20250111_00006511,2025-01-11 22:32:56,cust_4348165,NLAM,business_loan,15340,48,746,low,approved,15340,partner,false,809
app_20250111_00006512,2025-01-11 09:33:19,cust_2981489,PORP,education_loan,15712,24,603,medium,approved,15712,atm,true,277
app_20250111_00006513,2025-01-11 01:41:16,cust_2712975,ESMA,auto_loan,38342,24,624,medium,approved,38342,branch,true,749
app_20250111_00006514,2025-01-11 07:46:07,cust_2897788,GRRE,credit_card,46956,24,657,medium,approved,46956,atm,true,727
app_20250111_00006515,2025-01-11 09:23:02,cust_9400377,ATVI,refinance,53805,240,631,medium,rejected,0,partner,false,17
app_20250111_00006516,2025-01-11 19:12:22,cust_7458772,FRID,education_loan,5676,60,688,medium,rejected,0,web,false,91
app_20250111_00006517,2025-01-11 21:49:00,cust_2666523,CHBE,personal_loan,15304,30,624,medium,approved,15304,call_center,false,83
app_20250111_00006518,2025-01-11 05:36:42,cust_6599013,ATVI,education_loan,2452,60,729,low,approved,2452,mobile_app,true,512
app_20250111_00006519,2025-01-11 04:09:31,cust_7582141,PORP,auto_loan,16142,60,652,medium,rejected,0,atm,true,59
app_20250111_00006520,2025-01-11 23:55:35,cust_1623677,PLWA,cash_loan,8221,42,408,high,rejected,0,partner,true,137
app_20250111_00006521,2025-01-11 20:53:14,cust_2483040,BENL,auto_loan,20946,36,564,medium,approved,20946,partner,false,127
app_20250111_00006522,2025-01-11 23:35:33,cust_8456938,FRID,education_loan,23697,60,705,low,approved,23697,partner,false,842
app_20250111_00006523,2025-01-11 18:50:13,cust_769232,ITMI,personal_loan,30004,42,592,medium,rejected,0,branch,true,176
app_20250111_00006524,2025-01-11 18:42:15,cust_5329973,UKLO,cash_loan,24584,36,640,medium,approved,24584,atm,false,244
app_20250111_00006525,2025-01-11 12:02:04,cust_3989918,ATVI,cash_loan,35905,36,635,medium,rejected,0,call_center,false,134
app_20250111_00006526,2025-01-11 03:42:46,cust_9524626,ITMI,mortgage,149683,180,606,medium,approved,149683,online_banking,false,414
app_20250111_00006527,2025-01-11 11:09:49,cust_4865696,SESV,mortgage,273708,120,508,medium,rejected,0,atm,false,15
app_20250111_00006528,2025-01-11 06:08:43,cust_216996,ATVI,personal_loan,15502,48,587,medium,rejected,0,branch,false,97
app_20250111_00006529,2025-01-11 06:20:22,cust_5711661,BENL,education_loan,21200,12,591,medium,approved,21200,branch,false,301
app_20250111_00006530,2025-01-11 21:53:51,cust_6646733,AUTR,credit_card,39154,12,698,medium,approved,39154,online_banking,true,631
app_20250111_00006531,2025-01-11 13:31:08,cust_8477002,PLWA,cash_loan,48002,36,562,medium,rejected,0,branch,true,145
app_20250111_00006532,2025-01-11 13:10:57,cust_6720528,BENL,business_loan,3969,60,550,medium,approved,3969,online_banking,true,389
app_20250111_00006533,2025-01-11 21:37:55,cust_4618806,ESMA,mortgage,118074,240,589,medium,rejected,0,branch,true,53
app_20250111_00006534,2025-01-11 07:48:57,cust_798245,GRRE,auto_loan,59633,48,745,low,approved,59633,online_banking,true,481
app_20250111_00006535,2025-01-11 10:41:31,cust_769266,AUTR,refinance,422459,180,694,medium,approved,422459,web,true,834
app_20250111_00006536,2025-01-11 07:54:34,cust_4966140,FRID,refinance,134345,300,522,medium,approved,134345,online_banking,true,838
app_20250111_00006537,2025-01-11 11:58:54,cust_2045039,BENL,auto_loan,9056,60,753,low,approved,9056,call_center,true,524
app_20250111_00006538,2025-01-11 19:50:36,cust_1628353,FRID,refinance,432573,240,739,low,approved,432573,mobile,true,726
app_20250111_00006539,2025-01-11 15:24:05,cust_4087488,UKLO,mortgage,442308,180,686,medium,approved,442308,web,false,564
app_20250111_00006540,2025-01-11 02:34:59,cust_6758176,AUTR,mortgage,82418,360,731,low,approved,82418,mobile,true,321
app_20250111_00006541,2025-01-11 02:59:58,cust_8887526,UKLO,personal_loan,5978,48,589,medium,approved,5978,web,true,521
app_20250111_00006542,2025-01-11 07:37:03,cust_4689739,BENL,mortgage,206287,120,634,medium,approved,206287,web,true,360
app_20250111_00006543,2025-01-11 22:39:43,cust_1490647,SESV,mortgage,244748,120,637,medium,approved,244748,mobile,false,748
app_20250111_00006544,2025-01-11 10:43:59,cust_3978454,SESV,education_loan,11569,36,664,medium,rejected,0,online_banking,true,146
app_20250111_00006545,2025-01-11 08:19:37,cust_1550268,SESV,business_loan,11462,48,658,medium,rejected,0,mobile,false,74
app_20250111_00006546,2025-01-11 05:01:22,cust_5988307,GRRE,auto_loan,13042,48,657,medium,approved,13042,call_center,true,815
app_20250111_00006547,2025-01-11 05:34:22,cust_8726873,GRRE,refinance,450398,240,747,low,approved,450398,online_banking,true,548
app_20250111_00006548,2025-01-11 16:57:47,cust_6320287,BENL,mortgage,222842,360,634,medium,rejected,0,call_center,true,156
app_20250111_00006549,2025-01-11 23:58:37,cust_2297433,ATVI,refinance,86615,180,847,low,approved,86615,web,true,159
app_20250111_00006550,2025-01-11 08:04:41,cust_451817,GRRE,credit_card,36963,48,667,medium,approved,36963,partner,true,123
app_20250111_00006551,2025-01-11 17:22:00,cust_9761505,ITMI,credit_card,2796,12,670,medium,approved,2796,call_center,true,666
app_20250111_00006552,2025-01-11 20:56:55,cust_8844208,PORP,auto_loan,58762,36,771,low,approved,58762,web,true,842
app_20250111_00006553,2025-01-11 04:21:09,cust_1604219,PORP,personal_loan,6278,18,635,medium,approved,6278,call_center,false,189
app_20250111_00006554,2025-01-11 23:30:08,cust_8162103,PLWA,education_loan,25313,24,524,medium,approved,25313,call_center,false,339
app_20250111_00006555,2025-01-11 04:10:18,cust_7102712,PORP,business_loan,20174,36,671,medium,rejected,0,partner,true,144
app_20250111_00006556,2025-01-11 18:24:57,cust_9570127,CHBE,credit_card,29941,42,615,medium,approved,29941,mobile_app,false,536
app_20250111_00006557,2025-01-11 06:01:45,cust_2740312,ESMA,refinance,403037,360,616,medium,approved,403037,atm,true,573
app_20250111_00006558,2025-01-11 14:47:22,cust_8619060,AUTR,cash_loan,23052,12,647,medium,rejected,0,web,false,82
app_20250111_00006559,2025-01-11 04:17:01,cust_5875736,GRRE,education_loan,26045,60,623,medium,rejected,0,partner,true,11
app_20250111_00006560,2025-01-11 20:31:00,cust_5387015,DEHE,education_loan,15954,36,658,medium,rejected,0,web,true,96
app_20250111_00006561,2025-01-11 18:33:50,cust_1662261,BENL,business_loan,12720,36,661,medium,rejected,0,online_banking,false,105
app_20250111_00006562,2025-01-11 12:33:52,cust_6871010,DEHE,personal_loan,46118,42,738,low,approved,46118,branch,true,600
app_20250111_00006563,2025-01-11 06:51:33,cust_7911738,PORP,cash_loan,24673,48,440,high,rejected,0,partner,false,42
app_20250111_00006564,2025-01-11 10:54:46,cust_8300519,ESMA,business_loan,3239,36,652,medium,approved,3239,partner,true,196
app_20250111_00006565,2025-01-11 08:48:27,cust_5528671,ESMA,refinance,194332,300,645,medium,approved,194332,mobile_app,true,668
app_20250111_00006566,2025-01-11 11:28:50,cust_2106537,UKLO,auto_loan,24869,36,683,medium,rejected,0,web,false,172
app_20250111_00006567,2025-01-11 20:00:13,cust_6432177,ATVI,mortgage,345546,240,747,low,approved,345546,atm,false,807
app_20250111_00006568,2025-01-11 11:06:11,cust_5585653,UKLO,auto_loan,33227,60,651,medium,approved,33227,web,true,299
app_20250111_00006569,2025-01-11 20:49:57,cust_5683793,SESV,personal_loan,36971,48,809,low,approved,36971,call_center,true,107
app_20250111_00006570,2025-01-11 13:49:40,cust_9020652,ATVI,cash_loan,23168,30,544,medium,approved,23168,mobile_app,true,463
app_20250111_00006571,2025-01-11 00:55:09,cust_9601268,CZPR,education_loan,11953,12,787,low,approved,11953,branch,false,76
app_20250111_00006572,2025-01-11 00:52:55,cust_3864591,ITMI,mortgage,372241,300,850,low,approved,372241,mobile,true,74
app_20250111_00006573,2025-01-11 06:14:45,cust_1741820,DEHE,cash_loan,42059,30,609,medium,approved,42059,partner,true,813
app_20250111_00006574,2025-01-11 21:35:05,cust_1954047,AUTR,refinance,120222,180,609,medium,approved,120222,web,true,113
app_20250111_00006575,2025-01-11 12:40:49,cust_8036188,PORP,credit_card,20405,36,682,medium,rejected,0,mobile_app,true,171
app_20250111_00006576,2025-01-11 19:47:37,cust_2681768,PORP,refinance,416582,360,667,medium,approved,416582,partner,false,550
app_20250111_00006577,2025-01-11 16:20:17,cust_1624192,GRRE,personal_loan,13220,36,478,high,rejected,0,atm,true,69
app_20250111_00006578,2025-01-11 13:23:16,cust_2177852,ATVI,personal_loan,24303,24,789,low,approved,24303,online_banking,true,752
app_20250111_00006579,2025-01-11 09:25:44,cust_949870,ESMA,refinance,202753,360,675,medium,approved,202753,mobile,false,381
app_20250111_00006580,2025-01-11 11:33:12,cust_4299388,CHBE,personal_loan,11181,18,744,low,approved,11181,mobile,true,151
app_20250111_00006581,2025-01-11 18:35:26,cust_6790188,SESV,auto_loan,28582,60,792,low,approved,28582,mobile_app,false,484
app_20250111_00006582,2025-01-11 22:24:38,cust_7960898,FRID,personal_loan,20606,36,775,low,approved,20606,mobile_app,false,179
app_20250111_00006583,2025-01-11 03:35:08,cust_7123258,PLWA,cash_loan,23127,12,711,low,approved,23127,mobile_app,true,519
app_20250111_00006584,2025-01-11 15:20:21,cust_7832820,PORP,mortgage,67083,360,710,low,approved,67083,web,true,168
app_20250111_00006585,2025-01-11 12:55:40,cust_3231889,FRID,education_loan,37068,36,546,medium,approved,37068,call_center,true,420
app_20250111_00006586,2025-01-11 23:50:55,cust_6423144,PORP,credit_card,5478,18,646,medium,rejected,0,online_banking,false,81
app_20250111_00006587,2025-01-11 08:20:47,cust_6438930,NLAM,refinance,484122,240,512,medium,approved,484122,online_banking,false,281
app_20250111_00006588,2025-01-11 08:38:35,cust_9239446,ESMA,refinance,455492,360,656,medium,rejected,0,call_center,true,178
app_20250111_00006589,2025-01-11 05:07:57,cust_9556455,CHBE,education_loan,2278,24,796,low,approved,2278,web,false,721
app_20250111_00006590,2025-01-11 23:06:09,cust_6306932,CZPR,refinance,420201,180,836,low,approved,420201,web,false,412
app_20250111_00006591,2025-01-11 19:41:56,cust_745723,GRRE,mortgage,467913,180,733,low,approved,467913,mobile,true,122
app_20250111_00006592,2025-01-11 09:37:03,cust_3297349,FRID,education_loan,33323,24,559,medium,rejected,0,mobile_app,false,76
app_20250111_00006593,2025-01-11 09:29:14,cust_1459267,ESMA,credit_card,24444,30,651,medium,approved,24444,atm,true,611
app_20250111_00006594,2025-01-11 16:12:11,cust_4532002,CHBE,auto_loan,48373,48,639,medium,approved,48373,call_center,false,334
app_20250111_00006595,2025-01-11 09:03:06,cust_8344682,CZPR,business_loan,5685,12,657,medium,approved,5685,call_center,true,869
app_20250111_00006596,2025-01-11 11:17:46,cust_4927532,GRRE,credit_card,8364,12,519,medium,approved,8364,branch,true,313
app_20250111_00006597,2025-01-11 19:51:25,cust_8632539,ATVI,refinance,191127,240,606,medium,rejected,0,mobile_app,true,31
app_20250111_00006598,2025-01-11 01:06:58,cust_3905619,CZPR,business_loan,16460,24,623,medium,approved,16460,call_center,true,208
app_20250111_00006599,2025-01-11 21:40:52,cust_3319249,PLWA,personal_loan,13806,12,602,medium,approved,13806,web,false,393
app_20250111_00006600,2025-01-11 21:17:13,cust_3926170,BENL,education_loan,27587,36,730,low,approved,27587,mobile,true,146
app_20250111_00006601,2025-01-11 20:11:46,cust_805358,BENL,cash_loan,2463,24,687,medium,approved,2463,partner,true,879
app_20250111_00006602,2025-01-11 00:40:52,cust_129644,GRRE,mortgage,342498,120,742,low,approved,342498,partner,true,362
app_20250111_00006603,2025-01-11 14:06:38,cust_6102637,ESMA,refinance,172436,240,734,low,approved,172436,call_center,false,616
app_20250111_00006604,2025-01-11 11:35:27,cust_637417,CHBE,mortgage,194964,300,608,medium,rejected,0,call_center,false,130
app_20250111_00006605,2025-01-11 20:32:00,cust_5394409,ESMA,auto_loan,33454,48,670,medium,approved,33454,mobile_app,false,154
app_20250111_00006606,2025-01-11 06:21:25,cust_4661327,BENL,auto_loan,29984,72,681,medium,rejected,0,branch,true,10
app_20250111_00006607,2025-01-11 02:47:51,cust_3918792,SESV,personal_loan,6342,36,815,low,approved,6342,partner,false,458
app_20250111_00006608,2025-01-11 01:04:22,cust_7990611,NLAM,mortgage,343838,180,689,medium,approved,343838,mobile_app,true,275
app_20250111_00006609,2025-01-11 17:10:41,cust_7518854,NLAM,credit_card,30787,42,704,low,approved,30787,mobile_app,true,459
app_20250111_00006610,2025-01-11 18:09:54,cust_6007920,CZPR,refinance,83723,180,588,medium,rejected,0,web,false,38
app_20250111_00006611,2025-01-11 12:32:51,cust_4603717,ITMI,cash_loan,8381,36,490,high,rejected,0,partner,false,121
app_20250111_00006612,2025-01-11 19:38:31,cust_4208277,BENL,business_loan,11151,36,641,medium,rejected,0,partner,true,63
app_20250111_00006613,2025-01-11 13:19:30,cust_4642312,FRID,education_loan,16030,36,679,medium,approved,16030,mobile,true,522
app_20250111_00006614,2025-01-11 14:53:24,cust_8557857,ATVI,business_loan,34496,36,688,medium,approved,34496,call_center,true,590
app_20250111_00006615,2025-01-11 12:28:49,cust_432852,SESV,auto_loan,58800,36,744,low,approved,58800,web,true,658
app_20250111_00006616,2025-01-11 23:28:47,cust_238244,AUTR,personal_loan,48091,12,601,medium,rejected,0,mobile,true,103
app_20250111_00006617,2025-01-11 11:09:41,cust_3047122,CHBE,auto_loan,30625,48,812,low,approved,30625,mobile_app,true,277
app_20250111_00006618,2025-01-11 06:30:51,cust_8200112,ATVI,personal_loan,18653,24,612,medium,approved,18653,mobile,false,661
app_20250111_00006619,2025-01-11 00:17:27,cust_7120241,FRID,business_loan,18210,12,790,low,approved,18210,partner,false,644
app_20250111_00006620,2025-01-11 23:38:14,cust_5219893,GRRE,personal_loan,21202,42,550,medium,approved,21202,mobile_app,false,471
app_20250111_00006621,2025-01-11 09:17:23,cust_709075,UKLO,auto_loan,40662,36,654,medium,rejected,0,branch,false,86
app_20250111_00006622,2025-01-11 17:15:40,cust_6584471,ESMA,credit_card,14710,18,677,medium,rejected,0,atm,false,58
app_20250111_00006623,2025-01-11 04:02:05,cust_9404373,CHBE,credit_card,5836,24,536,medium,approved,5836,partner,false,237
app_20250111_00006624,2025-01-11 10:35:09,cust_3566815,CZPR,credit_card,22574,48,712,low,rejected,0,mobile_app,true,164
app_20250111_00006625,2025-01-11 03:29:28,cust_469057,CHBE,personal_loan,30032,36,842,low,approved,30032,mobile,true,333
app_20250111_00006626,2025-01-11 16:03:14,cust_1980522,ESMA,credit_card,19803,12,663,medium,rejected,0,atm,false,79
app_20250111_00006627,2025-01-11 15:28:53,cust_9970409,BENL,auto_loan,33777,36,638,medium,approved,33777,call_center,true,797
app_20250111_00006628,2025-01-11 15:57:06,cust_8994141,ESMA,business_loan,4079,24,539,medium,rejected,0,mobile,true,51
app_20250111_00006629,2025-01-11 03:22:02,cust_8261692,SESV,mortgage,144345,300,674,medium,rejected,0,mobile_app,true,6
app_20250111_00006630,2025-01-11 16:51:57,cust_3935174,DEHE,personal_loan,38257,42,615,medium,approved,38257,mobile_app,true,303
app_20250111_00006631,2025-01-11 11:15:22,cust_1568231,UKLO,refinance,357899,300,518,medium,rejected,0,mobile,true,141
app_20250111_00006632,2025-01-11 22:57:11,cust_5978642,ATVI,business_loan,23662,60,801,low,approved,23662,mobile_app,true,591
app_20250111_00006633,2025-01-11 01:26:33,cust_7786322,ESMA,mortgage,136696,240,768,low,approved,136696,online_banking,true,862
app_20250111_00006634,2025-01-11 06:40:48,cust_7152010,BENL,credit_card,18088,30,610,medium,rejected,0,mobile,true,140
app_20250111_00006635,2025-01-11 06:30:38,cust_1371875,SESV,mortgage,227477,240,611,medium,rejected,0,atm,false,18
app_20250111_00006636,2025-01-11 20:55:34,cust_5358255,NLAM,auto_loan,26013,36,509,medium,approved,26013,mobile,false,642
app_20250111_00006637,2025-01-11 03:49:27,cust_6535199,PLWA,auto_loan,36597,36,574,medium,rejected,0,mobile_app,false,62
app_20250111_00006638,2025-01-11 16:49:08,cust_7434386,CZPR,refinance,395630,360,680,medium,rejected,0,partner,true,103
app_20250111_00006639,2025-01-11 01:04:15,cust_337255,BENL,refinance,247959,120,679,medium,approved,247959,web,true,698
app_20250111_00006640,2025-01-11 19:55:30,cust_1028710,SESV,mortgage,162618,360,680,medium,approved,162618,mobile,true,214
app_20250111_00006641,2025-01-11 02:03:06,cust_6030057,PLWA,refinance,451148,180,667,medium,rejected,0,partner,true,149
app_20250111_00006642,2025-01-11 20:04:47,cust_8314819,PORP,education_loan,27385,48,645,medium,approved,27385,mobile,true,688
app_20250111_00006643,2025-01-11 15:00:30,cust_889519,GRRE,credit_card,19865,24,490,high,approved,19865,branch,true,137
app_20250111_00006644,2025-01-11 03:15:21,cust_1514150,CZPR,cash_loan,30367,30,748,low,approved,30367,branch,true,69
app_20250111_00006645,2025-01-11 00:42:22,cust_5108822,NLAM,refinance,471860,120,605,medium,approved,471860,call_center,false,430
app_20250111_00006646,2025-01-11 09:55:51,cust_4360040,NLAM,business_loan,10058,24,516,medium,rejected,0,mobile,false,83
app_20250111_00006647,2025-01-11 04:38:33,cust_3226881,CHBE,cash_loan,22000,24,764,low,approved,22000,atm,true,615
app_20250111_00006648,2025-01-11 05:18:51,cust_1861365,FRID,education_loan,29839,36,581,medium,rejected,0,branch,false,104
app_20250111_00006649,2025-01-11 03:11:14,cust_9523856,PORP,refinance,282287,360,787,low,approved,282287,partner,true,580
app_20250111_00006650,2025-01-11 11:11:44,cust_7754406,AUTR,cash_loan,18847,24,666,medium,approved,18847,mobile,true,110
app_20250111_00006651,2025-01-11 19:40:21,cust_6528041,DEHE,mortgage,162933,360,661,medium,rejected,0,web,false,115
app_20250111_00006652,2025-01-11 11:39:47,cust_9339927,BENL,personal_loan,8564,18,636,medium,approved,8564,call_center,false,226
app_20250111_00006653,2025-01-11 00:56:27,cust_7479122,AUTR,cash_loan,44246,12,532,medium,approved,44246,partner,true,854
app_20250111_00006654,2025-01-11 15:01:53,cust_8215168,ATVI,cash_loan,29526,48,400,high,rejected,0,call_center,false,52
app_20250111_00006655,2025-01-11 23:26:40,cust_7888702,SESV,education_loan,26755,24,761,low,approved,26755,mobile,false,175
app_20250111_00006656,2025-01-11 03:01:24,cust_6484715,DEHE,credit_card,22296,12,534,medium,rejected,0,mobile,true,136
app_20250111_00006657,2025-01-11 19:55:10,cust_112931,BENL,business_loan,34497,36,765,low,rejected,0,partner,false,25
app_20250111_00006658,2025-01-11 22:34:45,cust_6576880,AUTR,auto_loan,42423,72,581,medium,approved,42423,branch,true,516
app_20250111_00006659,2025-01-11 12:27:18,cust_3779287,PORP,cash_loan,11850,24,493,high,approved,11850,atm,true,876
app_20250111_00006660,2025-01-11 06:20:55,cust_6746740,CZPR,auto_loan,43368,48,553,medium,rejected,0,mobile,true,44
app_20250111_00006661,2025-01-11 01:27:20,cust_6538400,BENL,cash_loan,43004,36,850,low,rejected,0,mobile,true,73
app_20250111_00006662,2025-01-11 05:09:01,cust_2781137,ATVI,personal_loan,12986,30,649,medium,approved,12986,web,true,794
app_20250111_00006663,2025-01-11 01:09:38,cust_2377074,NLAM,education_loan,25130,48,745,low,approved,25130,mobile,false,432
app_20250111_00006664,2025-01-11 22:02:00,cust_842665,ESMA,refinance,312120,240,467,high,approved,312120,mobile,false,843
app_20250111_00006665,2025-01-11 17:54:13,cust_9263720,NLAM,business_loan,10099,24,699,medium,approved,10099,mobile,true,402
app_20250111_00006666,2025-01-11 21:57:24,cust_3895787,AUTR,personal_loan,35426,30,621,medium,approved,35426,web,true,56
app_20250111_00006667,2025-01-11 23:46:05,cust_3199012,PORP,refinance,469283,180,565,medium,approved,469283,call_center,false,387
app_20250111_00006668,2025-01-11 13:27:00,cust_2441067,NLAM,cash_loan,19431,12,547,medium,approved,19431,web,true,119
app_20250111_00006669,2025-01-11 20:19:45,cust_3166007,NLAM,credit_card,44978,18,793,low,approved,44978,web,true,785
app_20250111_00006670,2025-01-11 08:27:38,cust_1611883,SESV,cash_loan,14008,48,643,medium,approved,14008,mobile_app,false,256
app_20250111_00006671,2025-01-11 18:39:48,cust_2167935,ATVI,mortgage,471417,360,526,medium,approved,471417,mobile,false,375
app_20250111_00006672,2025-01-11 16:13:55,cust_2800027,BENL,refinance,492943,300,728,low,approved,492943,mobile,false,411
app_20250111_00006673,2025-01-11 12:54:32,cust_2529941,ESMA,auto_loan,37481,24,624,medium,approved,37481,atm,true,692
app_20250111_00006674,2025-01-11 03:07:49,cust_2384333,CZPR,personal_loan,45647,42,776,low,approved,45647,online_banking,true,401
app_20250111_00006675,2025-01-11 17:50:58,cust_3177413,CHBE,personal_loan,2309,36,542,medium,rejected,0,online_banking,true,101
app_20250111_00006676,2025-01-11 06:35:38,cust_9540201,FRID,refinance,431378,240,569,medium,approved,431378,atm,true,116
app_20250111_00006677,2025-01-11 19:47:10,cust_5737560,ATVI,education_loan,15899,12,733,low,approved,15899,call_center,false,265
app_20250111_00006678,2025-01-11 01:59:38,cust_9564621,ATVI,auto_loan,18451,24,764,low,approved,18451,web,false,743
app_20250111_00006679,2025-01-11 02:46:16,cust_6852659,ITMI,auto_loan,59437,24,513,medium,rejected,0,branch,false,33
app_20250111_00006680,2025-01-11 12:58:33,cust_1475917,DEHE,business_loan,21026,48,562,medium,approved,21026,atm,true,283
app_20250111_00006681,2025-01-11 03:24:12,cust_1332091,CHBE,personal_loan,8419,18,654,medium,rejected,0,mobile_app,true,132
app_20250111_00006682,2025-01-11 05:55:32,cust_7221853,PORP,personal_loan,12983,30,601,medium,approved,12983,web,false,163
app_20250111_00006683,2025-01-11 19:18:33,cust_1342281,BENL,personal_loan,48406,24,721,low,approved,48406,branch,true,359
app_20250111_00006684,2025-01-11 01:05:58,cust_2773158,SESV,education_loan,29625,24,627,medium,approved,29625,atm,false,734
app_20250111_00006685,2025-01-11 02:17:43,cust_4996301,DEHE,refinance,290654,300,562,medium,rejected,0,mobile_app,true,41
app_20250111_00006686,2025-01-11 15:25:16,cust_5643486,AUTR,credit_card,15935,12,658,medium,approved,15935,mobile_app,true,325
app_20250111_00006687,2025-01-11 20:30:46,cust_3615685,SESV,auto_loan,24757,72,783,low,approved,24757,atm,false,393
app_20250111_00006688,2025-01-11 20:39:04,cust_5114325,ITMI,cash_loan,49145,12,794,low,approved,49145,online_banking,true,808
app_20250111_00006689,2025-01-11 16:58:33,cust_8670418,GRRE,business_loan,3634,60,605,medium,rejected,0,partner,true,145
app_20250111_00006690,2025-01-11 12:16:42,cust_8983466,PORP,personal_loan,43352,42,536,medium,rejected,0,mobile,false,137
app_20250111_00006691,2025-01-11 11:15:27,cust_3648534,AUTR,mortgage,268272,240,658,medium,rejected,0,partner,false,142
app_20250111_00006692,2025-01-11 01:16:53,cust_2254157,GRRE,cash_loan,34479,48,724,low,approved,34479,web,false,826
app_20250111_00006693,2025-01-11 20:04:18,cust_8727850,ATVI,personal_loan,44778,42,669,medium,approved,44778,branch,false,441
app_20250111_00006694,2025-01-11 08:26:52,cust_1651339,BENL,auto_loan,51298,72,518,medium,rejected,0,partner,true,15
app_20250111_00006695,2025-01-11 21:37:35,cust_9340457,UKLO,education_loan,17850,60,552,medium,rejected,0,atm,false,61
app_20250111_00006696,2025-01-11 01:45:44,cust_8413121,ESMA,business_loan,8542,24,702,low,approved,8542,branch,true,392
app_20250111_00006697,2025-01-11 22:35:21,cust_3483342,PORP,credit_card,17394,36,614,medium,rejected,0,online_banking,true,26
app_20250111_00006698,2025-01-11 12:26:36,cust_6077498,AUTR,business_loan,26480,36,801,low,approved,26480,web,false,826
app_20250111_00006699,2025-01-11 23:25:53,cust_4373874,PORP,education_loan,13109,36,706,low,approved,13109,online_banking,false,318
app_20250111_00006700,2025-01-11 07:53:04,cust_8307238,GRRE,business_loan,30042,60,497,high,approved,30042,mobile_app,true,527
app_20250111_00006701,2025-01-11 12:35:30,cust_5921283,NLAM,business_loan,17387,48,483,high,rejected,0,partner,true,48
app_20250111_00006702,2025-01-11 08:41:51,cust_3164603,ESMA,auto_loan,33242,60,497,high,rejected,0,mobile,true,20
app_20250111_00006703,2025-01-11 06:30:22,cust_6266702,CHBE,cash_loan,44368,48,654,medium,rejected,0,atm,true,94
app_20250111_00006704,2025-01-11 14:17:47,cust_6081267,GRRE,business_loan,38803,60,642,medium,approved,38803,partner,true,530
app_20250111_00006705,2025-01-11 03:15:26,cust_8184956,PLWA,auto_loan,18801,24,843,low,approved,18801,partner,false,773
app_20250111_00006706,2025-01-11 00:29:06,cust_5364222,CZPR,credit_card,49517,36,560,medium,rejected,0,web,true,53
app_20250111_00006707,2025-01-11 11:23:42,cust_5623660,FRID,credit_card,42734,30,676,medium,approved,42734,mobile,true,855
app_20250111_00006708,2025-01-11 15:57:38,cust_4627664,NLAM,mortgage,406253,180,633,medium,rejected,0,atm,true,169
app_20250111_00006709,2025-01-11 13:29:38,cust_281613,PORP,credit_card,24895,36,494,high,rejected,0,mobile,false,141
app_20250111_00006710,2025-01-11 07:00:17,cust_1724149,SESV,credit_card,14709,18,454,high,rejected,0,online_banking,false,121
app_20250111_00006711,2025-01-11 11:18:53,cust_5540440,CZPR,cash_loan,44861,18,745,low,approved,44861,partner,true,462
app_20250111_00006712,2025-01-11 19:03:17,cust_5361729,ESMA,refinance,146491,360,595,medium,rejected,0,atm,true,100
app_20250111_00006713,2025-01-11 22:02:33,cust_218218,ESMA,personal_loan,9693,36,685,medium,approved,9693,call_center,true,340
app_20250111_00006714,2025-01-11 13:49:38,cust_3723998,CHBE,business_loan,16561,36,504,medium,approved,16561,branch,false,413
app_20250111_00006715,2025-01-11 18:40:29,cust_2942399,CZPR,cash_loan,10159,42,775,low,approved,10159,mobile,false,68
app_20250111_00006716,2025-01-11 16:36:26,cust_6093658,FRID,credit_card,1745,24,576,medium,approved,1745,partner,true,801
app_20250111_00006717,2025-01-11 13:32:33,cust_8595540,CHBE,business_loan,19453,36,810,low,approved,19453,mobile,true,323
app_20250111_00006718,2025-01-11 13:23:49,cust_5779921,CHBE,credit_card,2080,42,579,medium,rejected,0,online_banking,false,84
app_20250111_00006719,2025-01-11 15:50:16,cust_2216407,ITMI,auto_loan,53644,36,465,high,rejected,0,partner,false,77
app_20250111_00006720,2025-01-11 19:22:13,cust_3920590,SESV,cash_loan,34134,36,723,low,approved,34134,atm,false,719
app_20250111_00006721,2025-01-11 22:23:18,cust_3894124,DEHE,refinance,184756,360,456,high,rejected,0,atm,true,76
app_20250111_00006722,2025-01-11 13:52:36,cust_4369889,BENL,auto_loan,14817,24,700,low,rejected,0,web,true,47
app_20250111_00006723,2025-01-11 10:54:04,cust_7680159,AUTR,cash_loan,44081,42,752,low,approved,44081,call_center,true,586
app_20250111_00006724,2025-01-11 15:45:04,cust_4422224,FRID,personal_loan,40208,24,679,medium,rejected,0,branch,true,9
app_20250111_00006725,2025-01-11 08:06:02,cust_1307772,PORP,auto_loan,12617,24,558,medium,approved,12617,call_center,true,269
app_20250111_00006726,2025-01-11 12:37:36,cust_8541395,SESV,education_loan,24290,60,685,medium,rejected,0,mobile,false,106
app_20250111_00006727,2025-01-11 09:14:34,cust_5670498,DEHE,personal_loan,29572,18,528,medium,rejected,0,partner,false,17
app_20250111_00006728,2025-01-11 09:19:59,cust_3673795,GRRE,cash_loan,49231,36,605,medium,approved,49231,partner,false,169
app_20250111_00006729,2025-01-11 01:18:52,cust_5566889,ATVI,personal_loan,16307,48,738,low,approved,16307,online_banking,false,482
app_20250111_00006730,2025-01-11 19:38:17,cust_4525741,DEHE,credit_card,23783,42,671,medium,rejected,0,branch,true,129
app_20250111_00006731,2025-01-11 01:52:36,cust_5685142,UKLO,mortgage,225724,180,537,medium,rejected,0,online_banking,true,160
app_20250111_00006732,2025-01-11 02:46:45,cust_1872468,UKLO,credit_card,10846,30,574,medium,rejected,0,mobile_app,true,57
app_20250111_00006733,2025-01-11 17:43:20,cust_6205944,FRID,credit_card,4899,12,327,high,rejected,0,call_center,false,98
app_20250111_00006734,2025-01-11 02:49:42,cust_4456352,ATVI,credit_card,5972,42,554,medium,approved,5972,branch,true,449
app_20250111_00006735,2025-01-11 20:18:21,cust_421148,ITMI,refinance,269496,180,759,low,approved,269496,mobile,true,223
app_20250111_00006736,2025-01-11 17:56:08,cust_9100090,PLWA,credit_card,23540,30,690,medium,approved,23540,atm,true,808
app_20250111_00006737,2025-01-11 22:39:04,cust_452368,ATVI,refinance,125648,360,648,medium,rejected,0,branch,false,170
app_20250111_00006738,2025-01-11 10:13:41,cust_3195560,AUTR,education_loan,20315,24,778,low,approved,20315,mobile,true,741
app_20250111_00006739,2025-01-11 07:15:30,cust_2070708,PORP,education_loan,33383,24,570,medium,approved,33383,partner,true,850
app_20250111_00006740,2025-01-11 06:33:51,cust_2864341,UKLO,personal_loan,48538,48,636,medium,approved,48538,mobile,true,164
app_20250111_00006741,2025-01-11 21:27:51,cust_2649872,DEHE,personal_loan,22807,36,583,medium,rejected,0,call_center,true,58
app_20250111_00006742,2025-01-11 09:15:36,cust_4160868,UKLO,business_loan,26313,12,587,medium,rejected,0,online_banking,true,55
app_20250111_00006743,2025-01-11 06:26:18,cust_424091,ATVI,mortgage,300230,180,616,medium,approved,300230,web,true,535
app_20250111_00006744,2025-01-11 21:55:04,cust_3731904,CZPR,mortgage,225294,120,713,low,approved,225294,branch,true,353
app_20250111_00006745,2025-01-11 08:22:10,cust_5666674,AUTR,credit_card,38537,48,759,low,approved,38537,atm,false,353
app_20250111_00006746,2025-01-11 09:06:11,cust_1351258,NLAM,personal_loan,9710,30,514,medium,rejected,0,partner,false,106
app_20250111_00006747,2025-01-11 17:41:24,cust_5022423,CZPR,credit_card,21144,42,711,low,approved,21144,partner,false,155
app_20250111_00006748,2025-01-11 17:31:38,cust_5746790,FRID,auto_loan,24999,72,517,medium,approved,24999,call_center,false,732
app_20250111_00006749,2025-01-11 02:13:19,cust_2161097,ATVI,business_loan,10419,60,690,medium,rejected,0,online_banking,false,131
app_20250111_00006750,2025-01-11 15:19:37,cust_7159869,ESMA,credit_card,4756,24,740,low,approved,4756,mobile_app,true,855
app_20250111_00006751,2025-01-11 18:39:26,cust_3020752,PORP,cash_loan,42917,18,603,medium,approved,42917,mobile_app,true,362
app_20250111_00006752,2025-01-11 09:17:15,cust_2384076,PORP,personal_loan,9282,12,652,medium,rejected,0,branch,true,98
app_20250111_00006753,2025-01-11 20:34:21,cust_7313272,BENL,refinance,73633,300,683,medium,approved,73633,mobile_app,true,98
app_20250111_00006754,2025-01-11 21:29:05,cust_7469634,ESMA,personal_loan,39505,30,646,medium,approved,39505,atm,true,720
app_20250111_00006755,2025-01-11 06:48:34,cust_6846242,SESV,refinance,341837,300,720,low,approved,341837,mobile,false,46
app_20250111_00006756,2025-01-11 03:02:34,cust_2753335,ITMI,education_loan,27386,48,575,medium,rejected,0,call_center,true,140
app_20250111_00006757,2025-01-11 07:21:41,cust_7217892,PLWA,business_loan,32635,48,501,medium,rejected,0,online_banking,false,66
app_20250111_00006758,2025-01-11 16:44:47,cust_3831863,BENL,business_loan,26267,60,694,medium,rejected,0,online_banking,false,178
app_20250111_00006759,2025-01-11 06:20:30,cust_9981379,BENL,cash_loan,47086,30,629,medium,approved,47086,mobile_app,true,889
app_20250111_00006760,2025-01-11 03:29:31,cust_2191367,GRRE,mortgage,264099,180,643,medium,approved,264099,atm,true,192
app_20250111_00006761,2025-01-11 17:11:13,cust_5580321,FRID,education_loan,18174,60,541,medium,rejected,0,call_center,true,119
app_20250111_00006762,2025-01-11 05:20:57,cust_5249735,PLWA,education_loan,24373,24,617,medium,approved,24373,branch,false,93
app_20250111_00006763,2025-01-11 06:37:33,cust_2110146,ITMI,refinance,442410,120,676,medium,approved,442410,atm,true,331
app_20250111_00006764,2025-01-11 10:45:55,cust_1871819,SESV,education_loan,15703,48,486,high,rejected,0,call_center,false,55
app_20250111_00006765,2025-01-11 14:01:53,cust_657439,CHBE,cash_loan,15147,12,472,high,rejected,0,partner,true,137
app_20250111_00006766,2025-01-11 15:08:29,cust_468034,ATVI,auto_loan,30114,60,729,low,approved,30114,mobile_app,false,437
app_20250111_00006767,2025-01-11 08:19:27,cust_363036,ITMI,credit_card,17585,48,671,medium,approved,17585,partner,true,110
app_20250111_00006768,2025-01-11 05:20:38,cust_4099443,UKLO,mortgage,291349,300,576,medium,rejected,0,mobile,false,75
app_20250111_00006769,2025-01-11 18:50:01,cust_201605,NLAM,mortgage,265991,120,690,medium,approved,265991,online_banking,false,91
app_20250111_00006770,2025-01-11 14:57:32,cust_807058,FRID,business_loan,30618,24,564,medium,rejected,0,partner,false,60
app_20250111_00006771,2025-01-11 16:14:47,cust_632561,AUTR,business_loan,33224,36,542,medium,rejected,0,partner,false,95
app_20250111_00006772,2025-01-11 23:17:22,cust_5478477,CHBE,personal_loan,13825,24,626,medium,approved,13825,web,true,348
app_20250111_00006773,2025-01-11 02:56:27,cust_2009643,SESV,refinance,251432,180,536,medium,approved,251432,branch,true,578
app_20250111_00006774,2025-01-11 10:31:20,cust_8729436,AUTR,personal_loan,13096,36,635,medium,approved,13096,atm,true,506
app_20250111_00006775,2025-01-11 01:44:47,cust_930858,GRRE,mortgage,375868,240,727,low,approved,375868,call_center,true,850
app_20250111_00006776,2025-01-11 22:14:07,cust_6342396,FRID,refinance,86956,180,645,medium,approved,86956,web,true,37
app_20250111_00006777,2025-01-11 15:59:37,cust_189486,PORP,personal_loan,4521,36,623,medium,approved,4521,partner,true,69
app_20250111_00006778,2025-01-11 18:22:25,cust_5743310,ATVI,personal_loan,11780,18,697,medium,approved,11780,partner,true,50
app_20250111_00006779,2025-01-11 20:17:47,cust_8633608,ESMA,personal_loan,17805,36,494,high,rejected,0,mobile,true,32
app_20250111_00006780,2025-01-11 06:12:58,cust_2074420,CZPR,auto_loan,41074,48,735,low,approved,41074,atm,true,625
app_20250111_00006781,2025-01-11 18:59:53,cust_7465412,CHBE,credit_card,15728,36,591,medium,approved,15728,branch,true,710
app_20250111_00006782,2025-01-11 10:55:39,cust_1809669,BENL,cash_loan,44318,30,588,medium,approved,44318,mobile,true,225
app_20250111_00006783,2025-01-11 21:23:00,cust_8797362,PORP,business_loan,12866,60,674,medium,approved,12866,mobile_app,true,591
app_20250111_00006784,2025-01-11 08:45:46,cust_1376666,FRID,education_loan,29134,60,595,medium,rejected,0,web,false,39
app_20250111_00006785,2025-01-11 23:25:40,cust_3470991,PORP,refinance,441360,120,597,medium,rejected,0,branch,true,121
app_20250111_00006786,2025-01-11 11:07:20,cust_2892463,FRID,education_loan,30750,24,641,medium,approved,30750,branch,false,101
app_20250111_00006787,2025-01-11 16:14:54,cust_7649000,AUTR,business_loan,28906,48,656,medium,approved,28906,partner,false,138
app_20250111_00006788,2025-01-11 01:47:31,cust_6416626,GRRE,cash_loan,33511,30,723,low,approved,33511,web,true,121
app_20250111_00006789,2025-01-11 19:04:30,cust_6426719,PLWA,refinance,401360,240,575,medium,rejected,0,atm,false,92
app_20250111_00006790,2025-01-11 12:33:43,cust_8209424,AUTR,auto_loan,46226,48,637,medium,approved,46226,call_center,false,138
app_20250111_00006791,2025-01-11 23:07:26,cust_9909472,SESV,cash_loan,13180,12,622,medium,approved,13180,mobile_app,false,716
app_20250111_00006792,2025-01-11 12:35:39,cust_5748934,DEHE,business_loan,31086,12,628,medium,approved,31086,mobile_app,true,376
app_20250111_00006793,2025-01-11 13:10:43,cust_2727054,UKLO,mortgage,193562,360,612,medium,approved,193562,atm,false,528
app_20250111_00006794,2025-01-11 22:53:39,cust_4990708,ATVI,education_loan,20316,12,555,medium,approved,20316,partner,false,562
app_20250111_00006795,2025-01-11 12:16:59,cust_8877638,SESV,auto_loan,20893,60,620,medium,approved,20893,partner,false,830
app_20250111_00006796,2025-01-11 23:31:53,cust_6513491,PLWA,credit_card,31312,36,709,low,approved,31312,online_banking,true,274
app_20250111_00006797,2025-01-11 20:47:24,cust_3266200,ESMA,refinance,382696,300,518,medium,rejected,0,branch,true,46
app_20250111_00006798,2025-01-11 14:22:01,cust_5748426,ATVI,cash_loan,11880,12,687,medium,rejected,0,call_center,false,156
app_20250111_00006799,2025-01-11 08:44:38,cust_4237393,NLAM,mortgage,199083,300,613,medium,approved,199083,atm,true,512
app_20250111_00006800,2025-01-11 13:43:18,cust_5646040,ITMI,auto_loan,33740,24,734,low,approved,33740,online_banking,false,227
app_20250111_00006801,2025-01-11 06:44:59,cust_2331729,FRID,credit_card,40468,12,598,medium,rejected,0,web,true,104
app_20250111_00006802,2025-01-11 03:09:45,cust_5647337,FRID,auto_loan,25385,48,717,low,approved,25385,partner,true,107
app_20250111_00006803,2025-01-11 18:36:16,cust_7234998,BENL,education_loan,3957,48,536,medium,rejected,0,mobile,false,57
app_20250111_00006804,2025-01-11 17:39:10,cust_9062207,ESMA,refinance,293059,120,638,medium,rejected,0,mobile_app,false,38
app_20250111_00006805,2025-01-11 21:31:04,cust_1100699,GRRE,credit_card,40532,18,567,medium,rejected,0,atm,false,21
app_20250111_00006806,2025-01-11 19:00:23,cust_9195783,ATVI,auto_loan,18589,48,589,medium,rejected,0,mobile_app,true,7
app_20250111_00006807,2025-01-11 10:49:33,cust_9280446,ESMA,credit_card,33218,18,657,medium,approved,33218,mobile,true,340
app_20250111_00006808,2025-01-11 22:00:56,cust_403744,PLWA,personal_loan,6543,30,575,medium,rejected,0,mobile,false,94
app_20250111_00006809,2025-01-11 01:29:44,cust_6883942,BENL,auto_loan,28060,36,594,medium,approved,28060,mobile_app,true,522
app_20250111_00006810,2025-01-11 04:32:53,cust_9026710,ESMA,mortgage,436520,240,641,medium,approved,436520,mobile_app,false,197
app_20250111_00006811,2025-01-11 22:37:04,cust_5171018,ESMA,personal_loan,15141,48,576,medium,rejected,0,partner,true,10
app_20250111_00006812,2025-01-11 04:07:56,cust_8481802,PORP,education_loan,19346,36,601,medium,approved,19346,atm,false,201
app_20250111_00006813,2025-01-11 07:33:52,cust_3599184,FRID,auto_loan,44413,24,509,medium,approved,44413,online_banking,false,793
app_20250111_00006814,2025-01-11 23:50:52,cust_9525749,ITMI,education_loan,13215,24,547,medium,approved,13215,web,false,616
app_20250111_00006815,2025-01-11 06:55:05,cust_1048913,CHBE,education_loan,12609,12,673,medium,approved,12609,partner,true,362
app_20250111_00006816,2025-01-11 06:22:46,cust_7904963,AUTR,refinance,85734,120,650,medium,approved,85734,mobile_app,true,527
app_20250111_00006817,2025-01-11 09:27:50,cust_3394783,GRRE,education_loan,7893,48,742,low,approved,7893,mobile_app,false,401
app_20250111_00006818,2025-01-11 05:33:52,cust_4919047,BENL,education_loan,11563,24,701,low,approved,11563,call_center,true,505
app_20250111_00006819,2025-01-11 17:58:05,cust_4315922,FRID,business_loan,24200,48,675,medium,rejected,0,atm,true,110
app_20250111_00006820,2025-01-11 17:33:53,cust_506113,ATVI,refinance,426587,240,548,medium,approved,426587,atm,true,618
app_20250111_00006821,2025-01-11 17:26:24,cust_2592839,BENL,business_loan,9338,60,485,high,approved,9338,atm,true,456
app_20250111_00006822,2025-01-11 15:36:24,cust_7584067,NLAM,auto_loan,31465,48,850,low,approved,31465,branch,true,371
app_20250111_00006823,2025-01-11 05:39:45,cust_7801569,CHBE,personal_loan,10981,12,729,low,approved,10981,call_center,true,898
app_20250111_00006824,2025-01-11 22:47:46,cust_193222,BENL,personal_loan,44722,42,526,medium,rejected,0,web,true,30
app_20250111_00006825,2025-01-11 14:04:33,cust_6768144,ATVI,education_loan,33745,60,829,low,approved,33745,web,true,140
app_20250111_00006826,2025-01-11 23:49:00,cust_4170595,PLWA,personal_loan,44589,48,679,medium,approved,44589,mobile,false,584
app_20250111_00006827,2025-01-11 19:21:26,cust_2493883,NLAM,business_loan,15849,12,524,medium,rejected,0,mobile,true,139
app_20250111_00006828,2025-01-11 00:20:04,cust_404299,FRID,personal_loan,38756,48,706,low,approved,38756,partner,false,437
app_20250111_00006829,2025-01-11 23:42:17,cust_6928229,NLAM,credit_card,37458,18,688,medium,approved,37458,atm,false,267
app_20250111_00006830,2025-01-11 15:36:52,cust_1688523,PLWA,business_loan,21932,12,665,medium,approved,21932,branch,true,289
app_20250111_00006831,2025-01-11 04:50:42,cust_8900862,BENL,personal_loan,45198,42,615,medium,approved,45198,web,false,30
app_20250111_00006832,2025-01-11 03:24:52,cust_8179575,DEHE,mortgage,131643,180,528,medium,approved,131643,branch,false,808
app_20250111_00006833,2025-01-11 09:21:27,cust_5043836,GRRE,auto_loan,9359,72,836,low,approved,9359,web,false,735
app_20250111_00006834,2025-01-11 13:42:59,cust_3261900,PLWA,refinance,96893,360,735,low,approved,96893,call_center,false,427
app_20250111_00006835,2025-01-11 18:28:06,cust_2114772,PORP,personal_loan,42622,48,557,medium,approved,42622,online_banking,true,627
app_20250111_00006836,2025-01-11 15:40:02,cust_4229508,UKLO,mortgage,439204,360,713,low,approved,439204,mobile_app,true,169
app_20250111_00006837,2025-01-11 15:48:14,cust_6381136,FRID,personal_loan,8462,36,746,low,approved,8462,web,true,802
app_20250111_00006838,2025-01-11 21:04:40,cust_4133497,PORP,auto_loan,45341,48,543,medium,rejected,0,online_banking,true,35
app_20250111_00006839,2025-01-11 10:45:50,cust_1596755,SESV,cash_loan,5195,36,527,medium,approved,5195,mobile_app,true,835
app_20250111_00006840,2025-01-11 21:53:46,cust_8285061,NLAM,personal_loan,42739,36,641,medium,approved,42739,atm,false,84
app_20250111_00006841,2025-01-11 00:56:50,cust_6641990,CZPR,mortgage,476259,180,579,medium,rejected,0,partner,false,29
app_20250111_00006842,2025-01-11 14:43:59,cust_1257868,CZPR,education_loan,2208,60,736,low,rejected,0,partner,true,119
app_20250111_00006843,2025-01-11 03:21:08,cust_1046071,GRRE,education_loan,4190,12,779,low,approved,4190,partner,true,193
app_20250111_00006844,2025-01-11 16:56:20,cust_5305076,ATVI,credit_card,45506,36,705,low,approved,45506,partner,true,849
app_20250111_00006845,2025-01-11 06:26:26,cust_3327092,GRRE,business_loan,2548,36,720,low,approved,2548,web,false,375
app_20250111_00006846,2025-01-11 00:54:03,cust_389012,NLAM,mortgage,487777,240,631,medium,approved,487777,web,true,504
app_20250111_00006847,2025-01-11 01:23:12,cust_1641336,ESMA,credit_card,15647,12,589,medium,rejected,0,web,true,83
app_20250111_00006848,2025-01-11 03:20:16,cust_3869336,CZPR,refinance,451617,120,527,medium,rejected,0,atm,true,73
app_20250111_00006849,2025-01-11 05:57:47,cust_6837336,BENL,auto_loan,13131,60,589,medium,rejected,0,branch,false,179
app_20250111_00006850,2025-01-11 09:47:45,cust_952596,FRID,cash_loan,3752,12,739,low,approved,3752,partner,true,537
app_20250111_00006851,2025-01-11 19:46:46,cust_9466807,UKLO,refinance,327695,180,574,medium,approved,327695,partner,false,408
app_20250111_00006852,2025-01-11 23:27:41,cust_3665753,ATVI,education_loan,24802,24,648,medium,rejected,0,call_center,true,146
app_20250111_00006853,2025-01-11 20:19:46,cust_5502724,PLWA,cash_loan,22709,48,676,medium,rejected,0,online_banking,true,94
app_20250111_00006854,2025-01-11 07:53:55,cust_1182306,ITMI,education_loan,19700,12,711,low,approved,19700,web,false,656
app_20250111_00006855,2025-01-11 04:52:44,cust_7925785,SESV,cash_loan,3388,36,688,medium,approved,3388,web,false,51
app_20250111_00006856,2025-01-11 06:13:33,cust_8940557,PORP,education_loan,39684,36,624,medium,rejected,0,atm,false,18
app_20250111_00006857,2025-01-11 07:26:25,cust_3796578,CZPR,personal_loan,2638,42,520,medium,rejected,0,branch,true,140
app_20250111_00006858,2025-01-11 23:14:18,cust_7090572,SESV,cash_loan,17295,12,615,medium,approved,17295,online_banking,true,274
app_20250111_00006859,2025-01-11 10:50:49,cust_5962216,CZPR,credit_card,37109,30,587,medium,approved,37109,mobile,false,120
app_20250111_00006860,2025-01-11 09:52:24,cust_9071489,SESV,refinance,467943,360,667,medium,rejected,0,mobile,true,51
app_20250111_00006861,2025-01-11 22:05:11,cust_5774047,AUTR,business_loan,2035,36,624,medium,rejected,0,mobile,false,51
app_20250111_00006862,2025-01-11 03:43:49,cust_7318456,NLAM,auto_loan,56651,48,763,low,approved,56651,branch,false,868
app_20250111_00006863,2025-01-11 10:42:59,cust_5877811,FRID,auto_loan,7464,36,671,medium,approved,7464,mobile_app,true,590
app_20250111_00006864,2025-01-11 03:12:59,cust_6536945,SESV,mortgage,202342,360,724,low,approved,202342,branch,true,335
app_20250111_00006865,2025-01-11 09:59:44,cust_4603676,BENL,cash_loan,40971,36,762,low,approved,40971,mobile,false,444
app_20250111_00006866,2025-01-11 15:16:57,cust_6288287,CZPR,mortgage,121874,240,604,medium,approved,121874,web,false,823
app_20250111_00006867,2025-01-11 22:22:22,cust_5441878,PLWA,auto_loan,33116,48,422,high,rejected,0,web,true,87
app_20250111_00006868,2025-01-11 14:35:08,cust_1954463,CZPR,auto_loan,15975,72,549,medium,rejected,0,call_center,true,112
app_20250111_00006869,2025-01-11 15:24:26,cust_2851302,PLWA,credit_card,3143,48,770,low,rejected,0,online_banking,true,150
app_20250111_00006870,2025-01-11 08:28:20,cust_5873141,ESMA,personal_loan,17173,12,850,low,approved,17173,branch,false,72
app_20250111_00006871,2025-01-11 12:16:22,cust_4544372,AUTR,mortgage,133448,180,561,medium,approved,133448,branch,false,147
app_20250111_00006872,2025-01-11 14:59:49,cust_5794411,CHBE,refinance,410084,240,633,medium,approved,410084,partner,true,87
app_20250111_00006873,2025-01-11 10:01:14,cust_5730630,NLAM,mortgage,207402,360,762,low,approved,207402,call_center,true,265
app_20250111_00006874,2025-01-11 19:24:57,cust_3657294,ITMI,business_loan,17588,12,531,medium,rejected,0,partner,true,65
app_20250111_00006875,2025-01-11 06:43:21,cust_4974081,ATVI,education_loan,8834,48,600,medium,rejected,0,call_center,false,104
app_20250111_00006876,2025-01-11 21:20:57,cust_5624565,GRRE,personal_loan,5544,30,628,medium,approved,5544,online_banking,true,579
app_20250111_00006877,2025-01-11 18:43:50,cust_9509744,UKLO,education_loan,33560,36,781,low,rejected,0,atm,true,21
app_20250111_00006878,2025-01-11 15:01:34,cust_9053640,PORP,education_loan,12799,60,499,high,rejected,0,atm,true,63
app_20250111_00006879,2025-01-11 12:42:21,cust_554091,SESV,refinance,228049,240,679,medium,rejected,0,branch,true,155
app_20250111_00006880,2025-01-11 13:56:41,cust_7467768,PLWA,refinance,202827,240,763,low,approved,202827,online_banking,false,277
app_20250111_00006881,2025-01-11 03:58:43,cust_1267540,CZPR,mortgage,88070,180,607,medium,rejected,0,partner,false,60
app_20250111_00006882,2025-01-11 06:04:33,cust_7921455,BENL,business_loan,38482,60,572,medium,rejected,0,partner,true,142
app_20250111_00006883,2025-01-11 05:45:47,cust_7637633,BENL,personal_loan,43435,12,850,low,approved,43435,web,true,409
app_20250111_00006884,2025-01-11 11:00:12,cust_5490525,NLAM,auto_loan,38005,24,667,medium,rejected,0,online_banking,false,22
app_20250111_00006885,2025-01-11 17:07:41,cust_9774869,ITMI,credit_card,16366,30,608,medium,approved,16366,web,false,113
app_20250111_00006886,2025-01-11 03:32:10,cust_8691233,BENL,mortgage,430843,300,807,low,approved,430843,atm,false,812
app_20250111_00006887,2025-01-11 08:10:03,cust_7350889,DEHE,auto_loan,15894,24,679,medium,approved,15894,mobile,true,453
app_20250111_00006888,2025-01-11 19:32:04,cust_1225654,AUTR,credit_card,14032,24,773,low,approved,14032,mobile_app,false,633
app_20250111_00006889,2025-01-11 19:44:14,cust_1778760,NLAM,auto_loan,47284,60,706,low,approved,47284,call_center,false,379
app_20250111_00006890,2025-01-11 16:47:41,cust_1896520,PORP,business_loan,7644,48,710,low,approved,7644,call_center,true,893
app_20250111_00006891,2025-01-11 15:14:59,cust_3682797,DEHE,credit_card,13653,42,609,medium,approved,13653,mobile_app,true,65
app_20250111_00006892,2025-01-11 00:32:37,cust_4076093,DEHE,refinance,162943,240,651,medium,approved,162943,mobile,false,175
app_20250111_00006893,2025-01-11 19:39:00,cust_3849757,ATVI,education_loan,11947,48,540,medium,rejected,0,web,true,125
app_20250111_00006894,2025-01-11 12:33:52,cust_1304719,UKLO,credit_card,26009,36,709,low,approved,26009,partner,true,435
app_20250111_00006895,2025-01-11 18:35:43,cust_4614360,PLWA,refinance,93398,300,615,medium,approved,93398,web,false,680
app_20250111_00006896,2025-01-11 17:48:58,cust_4728193,PLWA,credit_card,7403,12,689,medium,approved,7403,mobile_app,true,413
app_20250111_00006897,2025-01-11 09:31:09,cust_2765186,AUTR,refinance,436528,360,674,medium,approved,436528,partner,false,320
app_20250111_00006898,2025-01-11 06:43:46,cust_3796158,NLAM,cash_loan,19170,18,612,medium,approved,19170,partner,false,600
app_20250111_00006899,2025-01-11 19:43:01,cust_3116820,CHBE,refinance,288317,180,591,medium,rejected,0,branch,true,150
app_20250111_00006900,2025-01-11 18:29:54,cust_2273098,AUTR,cash_loan,20136,36,704,low,approved,20136,mobile,false,897
app_20250111_00006901,2025-01-11 07:15:58,cust_8628941,AUTR,mortgage,423693,180,581,medium,approved,423693,atm,false,244
app_20250111_00006902,2025-01-11 05:54:03,cust_1090608,PLWA,cash_loan,43171,42,593,medium,approved,43171,web,false,852
app_20250111_00006903,2025-01-11 10:35:59,cust_5303541,CHBE,personal_loan,7928,12,628,medium,approved,7928,partner,true,847
app_20250111_00006904,2025-01-11 22:54:17,cust_5702071,UKLO,refinance,465966,120,578,medium,rejected,0,call_center,false,159
app_20250111_00006905,2025-01-11 21:24:50,cust_2097886,NLAM,personal_loan,6806,42,554,medium,approved,6806,mobile,false,655
app_20250111_00006906,2025-01-11 04:51:11,cust_8858351,GRRE,business_loan,20809,24,368,high,rejected,0,online_banking,true,92
app_20250111_00006907,2025-01-11 19:07:37,cust_2930531,ATVI,credit_card,10248,30,582,medium,approved,10248,mobile_app,false,682
app_20250111_00006908,2025-01-11 00:06:48,cust_430801,CZPR,credit_card,10298,42,653,medium,rejected,0,atm,false,118
app_20250111_00006909,2025-01-11 21:59:46,cust_5479938,ITMI,credit_card,42897,24,720,low,approved,42897,partner,true,634
app_20250111_00006910,2025-01-11 23:44:36,cust_3688140,ATVI,personal_loan,18550,42,646,medium,approved,18550,atm,true,892
app_20250111_00006911,2025-01-11 16:12:47,cust_6286870,ITMI,cash_loan,46600,42,561,medium,approved,46600,partner,true,896
app_20250111_00006912,2025-01-11 15:34:07,cust_5101332,CZPR,refinance,136009,300,629,medium,approved,136009,mobile_app,false,837
app_20250111_00006913,2025-01-11 23:51:51,cust_5282066,DEHE,credit_card,43991,18,682,medium,rejected,0,online_banking,true,34
app_20250111_00006914,2025-01-11 15:13:06,cust_125657,DEHE,mortgage,154622,120,567,medium,rejected,0,atm,true,165
app_20250111_00006915,2025-01-11 11:48:27,cust_3914846,NLAM,refinance,340839,240,545,medium,rejected,0,web,false,55
app_20250111_00006916,2025-01-11 21:38:17,cust_7541132,FRID,business_loan,5163,36,698,medium,rejected,0,atm,false,52
app_20250111_00006917,2025-01-11 23:09:03,cust_9438394,PORP,education_loan,10032,48,511,medium,approved,10032,mobile_app,false,561
app_20250111_00006918,2025-01-11 02:41:10,cust_6569234,AUTR,credit_card,44940,42,604,medium,approved,44940,mobile_app,false,34
app_20250111_00006919,2025-01-11 17:54:36,cust_2461285,PLWA,credit_card,42253,48,850,low,approved,42253,partner,true,435
app_20250111_00006920,2025-01-11 11:57:11,cust_1433808,ESMA,mortgage,118188,300,648,medium,approved,118188,atm,true,50
app_20250111_00006921,2025-01-11 02:29:15,cust_1919137,PLWA,credit_card,32841,36,700,low,approved,32841,partner,true,542
app_20250111_00006922,2025-01-11 23:31:00,cust_5764167,ATVI,business_loan,6408,36,517,medium,rejected,0,mobile_app,false,121
app_20250111_00006923,2025-01-11 06:29:07,cust_4718469,NLAM,refinance,233436,240,778,low,approved,233436,branch,false,472
app_20250111_00006924,2025-01-11 06:36:30,cust_2804076,CZPR,credit_card,33130,12,657,medium,approved,33130,mobile_app,true,87
app_20250111_00006925,2025-01-11 02:10:04,cust_2277778,ITMI,auto_loan,54311,48,636,medium,approved,54311,mobile,true,442
app_20250111_00006926,2025-01-11 03:05:55,cust_5638288,FRID,business_loan,12068,48,434,high,rejected,0,partner,false,151
app_20250111_00006927,2025-01-11 00:02:28,cust_6387374,ITMI,business_loan,36678,24,708,low,approved,36678,atm,true,273
app_20250111_00006928,2025-01-11 06:52:27,cust_1200341,ESMA,education_loan,3742,48,522,medium,approved,3742,atm,true,266
app_20250111_00006929,2025-01-11 18:47:16,cust_7328567,UKLO,business_loan,33794,12,776,low,approved,33794,branch,false,577
app_20250111_00006930,2025-01-11 07:12:02,cust_9057605,FRID,personal_loan,46335,18,568,medium,rejected,0,web,true,143
app_20250111_00006931,2025-01-11 20:33:55,cust_2360961,PORP,mortgage,81768,240,638,medium,approved,81768,online_banking,true,326
app_20250111_00006932,2025-01-11 22:39:41,cust_1748701,ITMI,auto_loan,52419,24,681,medium,approved,52419,web,false,733
app_20250111_00006933,2025-01-11 19:54:05,cust_7975069,DEHE,auto_loan,24168,36,609,medium,approved,24168,mobile_app,false,450
app_20250111_00006934,2025-01-11 00:24:33,cust_1498651,SESV,mortgage,471786,240,577,medium,approved,471786,web,false,654
app_20250111_00006935,2025-01-11 14:48:38,cust_8555562,PORP,business_loan,29395,36,524,medium,rejected,0,branch,true,44
app_20250111_00006936,2025-01-11 03:33:17,cust_2594444,ITMI,credit_card,14279,36,582,medium,rejected,0,mobile,false,30
app_20250111_00006937,2025-01-11 19:08:45,cust_3639245,ATVI,mortgage,280260,180,488,high,rejected,0,partner,false,98
app_20250111_00006938,2025-01-11 00:27:18,cust_5950509,DEHE,cash_loan,34372,36,642,medium,approved,34372,mobile_app,true,261
app_20250111_00006939,2025-01-11 00:35:35,cust_9165781,ESMA,business_loan,22422,48,585,medium,rejected,0,online_banking,true,10
app_20250111_00006940,2025-01-11 12:12:58,cust_3034278,NLAM,auto_loan,57947,60,732,low,approved,57947,partner,true,774
app_20250111_00006941,2025-01-11 01:28:47,cust_1924553,ITMI,refinance,85889,360,760,low,approved,85889,web,true,796
app_20250111_00006942,2025-01-11 00:29:14,cust_7035602,AUTR,cash_loan,19574,30,665,medium,rejected,0,online_banking,true,93
app_20250111_00006943,2025-01-11 22:00:56,cust_7001223,NLAM,refinance,383303,240,850,low,approved,383303,atm,false,314
app_20250111_00006944,2025-01-11 13:11:31,cust_103680,PLWA,education_loan,31253,36,600,medium,approved,31253,mobile,false,554
app_20250111_00006945,2025-01-11 18:27:09,cust_7162694,AUTR,personal_loan,3948,48,748,low,approved,3948,atm,false,474
app_20250111_00006946,2025-01-11 23:12:22,cust_4428482,ATVI,cash_loan,23527,18,754,low,approved,23527,atm,false,593
app_20250111_00006947,2025-01-11 21:56:56,cust_8034840,ATVI,cash_loan,20758,30,469,high,rejected,0,partner,false,69
app_20250111_00006948,2025-01-11 15:40:43,cust_7649431,BENL,personal_loan,36548,30,701,low,approved,36548,atm,true,774
app_20250111_00006949,2025-01-11 13:26:10,cust_4242485,SESV,credit_card,5722,12,750,low,approved,5722,mobile,true,268
app_20250111_00006950,2025-01-11 08:48:41,cust_1815979,CZPR,auto_loan,11658,48,766,low,approved,11658,web,false,578
app_20250111_00006951,2025-01-11 05:35:05,cust_3233839,ESMA,cash_loan,19965,30,804,low,approved,19965,web,true,782
app_20250111_00006952,2025-01-11 03:47:41,cust_3837087,DEHE,education_loan,21687,24,673,medium,rejected,0,mobile_app,false,104
app_20250111_00006953,2025-01-11 07:40:42,cust_5381057,PLWA,business_loan,33742,24,574,medium,approved,33742,mobile,true,590
app_20250111_00006954,2025-01-11 08:25:59,cust_4584523,CZPR,auto_loan,19911,24,564,medium,rejected,0,mobile,false,159
app_20250111_00006955,2025-01-11 18:55:14,cust_6310052,ATVI,cash_loan,44431,30,841,low,approved,44431,partner,false,701
app_20250111_00006956,2025-01-11 20:29:18,cust_3919027,CZPR,auto_loan,20641,24,546,medium,rejected,0,mobile,true,33
app_20250111_00006957,2025-01-11 12:38:27,cust_3584133,UKLO,business_loan,8680,48,596,medium,approved,8680,branch,false,856
app_20250111_00006958,2025-01-11 21:29:57,cust_2922509,AUTR,refinance,162333,180,530,medium,rejected,0,branch,true,86
app_20250111_00006959,2025-01-11 00:43:15,cust_7772229,CHBE,personal_loan,44377,42,539,medium,approved,44377,call_center,true,474
app_20250111_00006960,2025-01-11 15:12:39,cust_7287554,BENL,personal_loan,13360,18,637,medium,approved,13360,web,true,81
app_20250111_00006961,2025-01-11 01:54:54,cust_2454218,DEHE,education_loan,20227,36,739,low,approved,20227,mobile,false,454
app_20250111_00006962,2025-01-11 05:37:31,cust_3539458,AUTR,auto_loan,25726,72,646,medium,approved,25726,call_center,true,175
app_20250111_00006963,2025-01-11 15:25:57,cust_9921579,PLWA,credit_card,10444,24,668,medium,rejected,0,call_center,true,51
app_20250111_00006964,2025-01-11 15:53:48,cust_9289088,PLWA,auto_loan,37819,24,657,medium,approved,37819,partner,false,410
app_20250111_00006965,2025-01-11 01:42:59,cust_7421081,SESV,refinance,187122,120,658,medium,rejected,0,web,true,143
app_20250111_00006966,2025-01-11 21:05:30,cust_9991562,AUTR,personal_loan,38107,12,780,low,approved,38107,mobile,false,806
app_20250111_00006967,2025-01-11 00:34:37,cust_7317290,ATVI,mortgage,226155,360,510,medium,approved,226155,branch,true,897
app_20250111_00006968,2025-01-11 03:05:20,cust_6910865,PORP,business_loan,3986,24,664,medium,approved,3986,atm,false,400
app_20250111_00006969,2025-01-11 11:24:40,cust_5084226,PORP,personal_loan,31497,36,582,medium,rejected,0,call_center,true,175
app_20250111_00006970,2025-01-11 10:40:06,cust_9486781,SESV,mortgage,274969,180,779,low,approved,274969,mobile,false,260
app_20250111_00006971,2025-01-11 02:37:39,cust_7067425,PORP,mortgage,477027,300,727,low,approved,477027,mobile,false,188
app_20250111_00006972,2025-01-11 11:11:40,cust_192804,SESV,personal_loan,10264,12,578,medium,rejected,0,web,false,126
app_20250111_00006973,2025-01-11 13:54:24,cust_5366231,CZPR,cash_loan,18049,30,710,low,approved,18049,call_center,false,403
app_20250111_00006974,2025-01-11 02:31:51,cust_5376107,SESV,business_loan,28003,36,626,medium,rejected,0,mobile_app,true,47
app_20250111_00006975,2025-01-11 01:09:46,cust_2325049,GRRE,personal_loan,12293,12,639,medium,rejected,0,mobile_app,true,26
app_20250111_00006976,2025-01-11 19:06:17,cust_1979833,NLAM,personal_loan,29318,42,547,medium,approved,29318,web,false,407
app_20250111_00006977,2025-01-11 11:08:18,cust_4180155,FRID,refinance,260169,360,691,medium,approved,260169,web,true,811
app_20250111_00006978,2025-01-11 11:15:37,cust_3849562,CZPR,credit_card,49453,24,629,medium,approved,49453,branch,false,517
app_20250111_00006979,2025-01-11 17:12:16,cust_7822427,PORP,cash_loan,6644,42,688,medium,approved,6644,web,true,286
app_20250111_00006980,2025-01-11 01:17:25,cust_3085920,PLWA,business_loan,5976,12,625,medium,approved,5976,branch,true,218
app_20250111_00006981,2025-01-11 08:38:09,cust_9563661,CZPR,auto_loan,51624,24,605,medium,approved,51624,call_center,false,31
app_20250111_00006982,2025-01-11 20:17:41,cust_1226057,SESV,cash_loan,25583,36,698,medium,approved,25583,partner,false,754
app_20250111_00006983,2025-01-11 23:38:32,cust_8314398,CZPR,cash_loan,1042,48,665,medium,approved,1042,web,false,847
app_20250111_00006984,2025-01-11 19:52:42,cust_5019799,SESV,personal_loan,31910,30,769,low,approved,31910,call_center,false,723
app_20250111_00006985,2025-01-11 12:22:32,cust_1276932,SESV,credit_card,17876,24,654,medium,approved,17876,call_center,false,591
app_20250111_00006986,2025-01-11 05:15:13,cust_2754319,BENL,refinance,304491,180,651,medium,approved,304491,web,true,493
app_20250111_00006987,2025-01-11 09:02:09,cust_6544856,FRID,cash_loan,43198,36,696,medium,approved,43198,web,false,539
app_20250111_00006988,2025-01-11 22:08:35,cust_9007215,FRID,refinance,348913,300,626,medium,rejected,0,partner,false,81
app_20250111_00006989,2025-01-11 03:07:29,cust_3758884,CZPR,education_loan,29088,36,617,medium,approved,29088,partner,false,171
app_20250111_00006990,2025-01-11 13:26:05,cust_9208178,UKLO,personal_loan,15873,12,695,medium,rejected,0,call_center,false,124
app_20250111_00006991,2025-01-11 09:08:56,cust_8818645,GRRE,education_loan,6845,60,689,medium,approved,6845,mobile_app,true,215
app_20250111_00006992,2025-01-11 07:02:46,cust_5378106,BENL,credit_card,48183,48,850,low,approved,48183,branch,true,602
app_20250111_00006993,2025-01-11 23:38:43,cust_5915502,AUTR,education_loan,21131,60,737,low,approved,21131,call_center,true,700
app_20250111_00006994,2025-01-11 12:24:50,cust_4603380,CZPR,education_loan,24945,24,793,low,approved,24945,atm,false,596
app_20250111_00006995,2025-01-11 13:03:00,cust_6206638,ATVI,auto_loan,51601,36,523,medium,rejected,0,mobile,true,142
app_20250111_00006996,2025-01-11 11:38:00,cust_7768319,UKLO,credit_card,21962,12,683,medium,approved,21962,call_center,true,228
app_20250111_00006997,2025-01-11 11:17:45,cust_3847288,UKLO,personal_loan,45818,12,711,low,approved,45818,mobile_app,false,499
app_20250111_00006998,2025-01-11 02:37:35,cust_6525005,GRRE,personal_loan,24763,18,581,medium,approved,24763,mobile_app,true,36
app_20250111_00006999,2025-01-11 00:14:08,cust_5568130,CHBE,auto_loan,52447,60,745,low,rejected,0,call_center,true,67
app_20250111_00007000,2025-01-11 19:06:18,cust_2162611,PLWA,auto_loan,28292,36,769,low,approved,28292,mobile,false,325
app_20250111_00007001,2025-01-11 14:54:23,cust_1874211,NLAM,cash_loan,7324,24,615,medium,approved,7324,online_banking,false,383
app_20250111_00007002,2025-01-11 04:15:35,cust_3041155,UKLO,personal_loan,17782,24,430,high,rejected,0,call_center,true,175
app_20250111_00007003,2025-01-11 11:17:37,cust_1216227,AUTR,auto_loan,20735,24,589,medium,approved,20735,call_center,false,161
app_20250111_00007004,2025-01-11 05:51:45,cust_5439959,NLAM,credit_card,30650,24,586,medium,approved,30650,atm,true,733
app_20250111_00007005,2025-01-11 10:51:51,cust_9335599,SESV,auto_loan,56639,60,600,medium,approved,56639,partner,true,722
app_20250111_00007006,2025-01-11 21:27:26,cust_972381,CZPR,auto_loan,17851,24,553,medium,rejected,0,mobile_app,false,16
app_20250111_00007007,2025-01-11 12:27:28,cust_2845500,ATVI,education_loan,4312,12,758,low,approved,4312,branch,true,193
app_20250111_00007008,2025-01-11 05:20:44,cust_7793393,SESV,credit_card,35434,24,769,low,approved,35434,atm,false,703
app_20250111_00007009,2025-01-11 06:24:30,cust_8386823,BENL,mortgage,205708,240,720,low,approved,205708,mobile,true,760
app_20250111_00007960,2025-01-11 17:10:53,cust_7694368,SESV,credit_card,10410,42,693,medium,approved,10410,atm,true,769
app_20250111_00008911,2025-01-11 08:33:28,cust_3599960,CZPR,refinance,171440,360,440,high,rejected,0,atm,true,60
app_20250111_00009862,2025-01-11 22:31:50,cust_6106030,FRID,auto_loan,42368,48,564,medium,approved,42368,mobile,true,364
app_20250111_00010813,2025-01-11 15:30:54,cust_4573658,PLWA,mortgage,156688,300,736,low,approved,156688,online_banking,true,794
app_20250111_00011764,2025-01-11 22:59:02,cust_377034,UKLO,business_loan,3138,12,766,low,approved,3138,web,false,413
app_20250111_00012715,2025-01-11 17:37:49,cust_6671884,ESMA,auto_loan,32538,36,689,medium,approved,32538,atm,true,518
app_20250111_00013666,2025-01-11 17:14:51,cust_499239,UKLO,personal_loan,48302,42,739,low,approved,48302,mobile,true,593
app_20250111_00014617,2025-01-11 09:18:30,cust_7757071,SESV,refinance,452166,240,627,medium,approved,452166,web,true,790
app_20250111_00015568,2025-01-11 11:21:23,cust_5770595,DEHE,auto_loan,55592,60,528,medium,approved,55592,branch,false,200
app_20250111_00016519,2025-01-11 15:00:52,cust_9607429,ITMI,credit_card,43686,12,693,medium,approved,43686,online_banking,false,609
app_20250111_00017470,2025-01-11 06:18:46,cust_117197,BENL,personal_loan,41955,30,534,medium,approved,41955,mobile,true,455
app_20250111_00018421,2025-01-11 08:46:17,cust_642106,FRID,credit_card,9044,12,645,medium,approved,9044,branch,false,477
app_20250111_00019372,2025-01-11 15:00:09,cust_7924800,ITMI,credit_card,32344,18,599,medium,approved,32344,call_center,false,381
app_20250111_00020323,2025-01-11 12:18:18,cust_8122243,SESV,auto_loan,49847,36,625,medium,approved,49847,mobile_app,false,791
app_20250111_00021274,2025-01-11 19:52:30,cust_4237565,ESMA,business_loan,27550,36,761,low,approved,27550,web,true,893
app_20250111_00022225,2025-01-11 07:24:16,cust_4448931,UKLO,mortgage,406642,120,558,medium,approved,406642,mobile,false,715
app_20250111_00023176,2025-01-11 19:20:08,cust_3566028,ATVI,credit_card,39823,18,605,medium,rejected,0,call_center,true,70
app_20250111_00024127,2025-01-11 06:36:12,cust_957015,BENL,cash_loan,1351,36,802,low,approved,1351,online_banking,false,245
app_20250111_00025078,2025-01-11 22:35:10,cust_940548,AUTR,auto_loan,57800,36,522,medium,rejected,0,branch,false,81
app_20250111_00026029,2025-01-11 05:35:19,cust_7732113,ATVI,auto_loan,26108,60,741,low,approved,26108,atm,true,733
app_20250111_00026980,2025-01-11 08:26:42,cust_833041,DEHE,credit_card,47683,12,654,medium,approved,47683,call_center,false,694
app_20250111_00027931,2025-01-11 23:33:10,cust_9920298,CHBE,credit_card,45404,30,614,medium,approved,45404,online_banking,true,257
app_20250111_00028882,2025-01-11 03:19:46,cust_9416051,BENL,refinance,98829,180,624,medium,rejected,0,branch,false,20
app_20250111_00029833,2025-01-11 08:01:49,cust_5060059,PORP,cash_loan,40918,24,491,high,approved,40918,mobile,false,233
app_20250111_00030784,2025-01-11 11:50:17,cust_4640070,ESMA,business_loan,22776,60,694,medium,rejected,0,atm,true,162
app_20250111_00031735,2025-01-11 03:17:26,cust_3151202,CHBE,business_loan,29734,12,681,medium,approved,29734,branch,false,320
app_20250111_00032686,2025-01-11 08:26:31,cust_909197,SESV,mortgage,146432,120,742,low,approved,146432,call_center,false,893
app_20250111_00033637,2025-01-11 11:08:43,cust_1024581,GRRE,business_loan,28382,48,592,medium,approved,28382,partner,true,845
app_20250111_00034588,2025-01-11 04:50:44,cust_9903701,PLWA,credit_card,10592,42,518,medium,approved,10592,partner,true,89
app_20250111_00035539,2025-01-11 21:24:12,cust_9470002,PORP,mortgage,403288,180,479,high,rejected,0,branch,false,148
app_20250111_00036490,2025-01-11 22:41:42,cust_2043460,CZPR,education_loan,11479,60,648,medium,approved,11479,web,true,868
app_20250111_00037441,2025-01-11 02:03:10,cust_2476061,BENL,credit_card,45447,12,642,medium,approved,45447,online_banking,true,802
app_20250111_00038392,2025-01-11 06:15:52,cust_3352387,NLAM,business_loan,22131,48,681,medium,approved,22131,atm,true,477
app_20250111_00039343,2025-01-11 06:35:11,cust_8557251,DEHE,auto_loan,37337,72,717,low,approved,37337,atm,true,827
app_20250111_00040294,2025-01-11 10:55:54,cust_6870955,DEHE,refinance,276047,360,484,high,rejected,0,call_center,false,23
app_20250111_00041245,2025-01-11 02:20:12,cust_370747,ITMI,education_loan,6660,60,564,medium,rejected,0,atm,false,43
app_20250111_00042196,2025-01-11 12:21:42,cust_387012,FRID,cash_loan,46843,30,627,medium,approved,46843,online_banking,false,651
app_20250111_00043147,2025-01-11 11:51:42,cust_881982,ESMA,refinance,453056,300,572,medium,rejected,0,partner,false,42
app_20250111_00044098,2025-01-11 00:35:10,cust_3693962,FRID,education_loan,2140,12,630,medium,approved,2140,online_banking,false,247
app_20250111_00045049,2025-01-11 11:07:11,cust_5402895,GRRE,business_loan,27251,48,475,high,rejected,0,mobile,true,147
app_20250111_00046000,2025-01-11 03:17:22,cust_8994639,GRRE,refinance,421000,360,666,medium,approved,421000,atm,false,525
app_20250111_00046951,2025-01-11 04:36:39,cust_7516794,DEHE,personal_loan,34287,30,593,medium,approved,34287,mobile_app,true,75
app_20250111_00047902,2025-01-11 14:06:24,cust_9017694,FRID,refinance,454466,120,566,medium,rejected,0,web,false,76
app_20250111_00048853,2025-01-11 05:44:15,cust_3899028,ITMI,cash_loan,24949,24,705,low,approved,24949,online_banking,true,573
app_20250111_00049804,2025-01-11 23:32:05,cust_8860025,ATVI,personal_loan,8537,24,551,medium,approved,8537,web,false,128
app_20250111_00050755,2025-01-11 06:08:44,cust_2738436,CZPR,education_loan,33772,12,670,medium,approved,33772,web,false,396
app_20250111_00051706,2025-01-11 12:57:29,cust_1026557,DEHE,education_loan,22544,24,739,low,approved,22544,call_center,true,696
app_20250111_00052657,2025-01-11 12:06:05,cust_5012720,UKLO,mortgage,59650,120,501,medium,rejected,0,web,false,85
app_20250111_00053608,2025-01-11 00:39:12,cust_386853,PORP,credit_card,26866,18,669,medium,approved,26866,atm,true,475
app_20250111_00054559,2025-01-11 22:38:48,cust_2954086,NLAM,cash_loan,8246,42,469,high,rejected,0,web,false,129
app_20250111_00055510,2025-01-11 07:41:15,cust_1709223,NLAM,credit_card,14017,48,820,low,approved,14017,branch,true,238
app_20250111_00056461,2025-01-11 04:37:49,cust_5206995,SESV,credit_card,16311,36,549,medium,rejected,0,call_center,true,15
app_20250111_00057412,2025-01-11 18:18:19,cust_6398629,ITMI,refinance,118693,180,586,medium,rejected,0,call_center,false,135
app_20250111_00058363,2025-01-11 19:05:07,cust_8262274,SESV,education_loan,33441,24,667,medium,rejected,0,mobile,true,54
app_20250111_00059314,2025-01-11 01:14:44,cust_7304949,CHBE,personal_loan,9072,42,664,medium,rejected,0,online_banking,true,145
app_20250111_00060265,2025-01-11 15:38:13,cust_2293052,CHBE,credit_card,21984,48,692,medium,approved,21984,mobile,true,319
app_20250111_00061216,2025-01-11 20:03:01,cust_4705727,ITMI,refinance,392738,300,577,medium,approved,392738,mobile_app,true,783
app_20250111_00062167,2025-01-11 19:54:58,cust_8969519,GRRE,personal_loan,31394,42,697,medium,rejected,0,web,false,153
app_20250111_00063118,2025-01-11 07:24:56,cust_9478557,PLWA,business_loan,31534,24,608,medium,approved,31534,call_center,false,522
app_20250111_00064069,2025-01-11 09:47:12,cust_5253263,BENL,credit_card,15684,24,604,medium,approved,15684,branch,true,281
app_20250111_00065020,2025-01-11 11:41:22,cust_3058234,NLAM,auto_loan,42952,60,633,medium,approved,42952,mobile_app,false,487
app_20250111_00065971,2025-01-11 15:57:42,cust_6195497,CZPR,refinance,127285,300,661,medium,rejected,0,atm,true,103
app_20250111_00066922,2025-01-11 10:09:03,cust_2049473,ATVI,cash_loan,6366,42,517,medium,approved,6366,call_center,false,813
app_20250111_00067873,2025-01-11 19:30:25,cust_1643119,ATVI,education_loan,29882,48,661,medium,approved,29882,web,true,659
app_20250111_00068824,2025-01-11 20:01:25,cust_5043443,UKLO,refinance,361792,360,681,medium,approved,361792,online_banking,false,422
app_20250111_00069775,2025-01-11 06:18:17,cust_4865219,ITMI,business_loan,7059,48,443,high,rejected,0,call_center,false,22
app_20250111_00070726,2025-01-11 14:48:22,cust_6435675,CZPR,education_loan,23529,60,559,medium,rejected,0,mobile,true,27
app_20250111_00071677,2025-01-11 22:29:17,cust_5065582,PLWA,refinance,472455,360,716,low,approved,472455,branch,true,44
app_20250111_00072628,2025-01-11 15:26:36,cust_8307501,FRID,credit_card,20038,48,664,medium,approved,20038,mobile_app,true,154
app_20250111_00073579,2025-01-11 05:35:18,cust_1446238,GRRE,mortgage,374317,240,562,medium,approved,374317,mobile_app,true,456
app_20250111_00074530,2025-01-11 07:09:12,cust_7998428,NLAM,personal_loan,8355,24,712,low,approved,8355,call_center,false,269
app_20250111_00075481,2025-01-11 01:40:42,cust_6346747,ATVI,education_loan,35972,60,649,medium,rejected,0,partner,true,159
app_20250111_00076432,2025-01-11 15:06:55,cust_4940623,BENL,personal_loan,42621,30,669,medium,rejected,0,web,false,66
app_20250111_00077383,2025-01-11 03:51:56,cust_909905,PORP,mortgage,434190,300,604,medium,approved,434190,partner,true,249
app_20250111_00078334,2025-01-11 09:09:34,cust_4851968,PORP,personal_loan,37720,18,831,low,approved,37720,mobile_app,true,496
app_20250111_00079285,2025-01-11 19:52:29,cust_4735348,ESMA,business_loan,5194,36,550,medium,approved,5194,mobile,true,128
app_20250111_00080236,2025-01-11 14:28:36,cust_2552305,FRID,mortgage,213198,360,625,medium,rejected,0,partner,true,105
app_20250111_00081187,2025-01-11 03:50:44,cust_8231598,FRID,refinance,446838,360,707,low,approved,446838,online_banking,true,183
app_20250111_00082138,2025-01-11 00:14:05,cust_490079,CZPR,refinance,357245,240,682,medium,approved,357245,web,true,333
app_20250111_00083089,2025-01-11 06:48:57,cust_5812893,GRRE,credit_card,27398,36,590,medium,approved,27398,online_banking,false,366
app_20250111_00084040,2025-01-11 13:10:55,cust_1742147,ESMA,mortgage,167098,120,671,medium,approved,167098,mobile,true,473
app_20250111_00084991,2025-01-11 00:05:35,cust_3776760,NLAM,mortgage,225646,300,511,medium,approved,225646,branch,true,124
app_20250111_00085942,2025-01-11 00:19:48,cust_5057460,DEHE,education_loan,11865,36,569,medium,rejected,0,branch,true,121
app_20250111_00086893,2025-01-11 00:19:50,cust_8836737,PLWA,personal_loan,44706,42,524,medium,approved,44706,call_center,false,857
app_20250111_00087844,2025-01-11 02:22:07,cust_6986386,GRRE,credit_card,29539,48,850,low,rejected,0,online_banking,true,11
app_20250111_00088795,2025-01-11 11:50:55,cust_9026166,CHBE,credit_card,38582,18,587,medium,approved,38582,mobile_app,false,205
app_20250111_00089746,2025-01-11 10:14:52,cust_2148117,NLAM,personal_loan,9135,12,747,low,approved,9135,partner,false,215
app_20250111_00090697,2025-01-11 08:43:30,cust_5109526,PORP,auto_loan,45053,48,794,low,approved,45053,call_center,false,549
app_20250111_00091648,2025-01-11 01:39:13,cust_3128668,DEHE,mortgage,187654,300,531,medium,rejected,0,mobile,false,57
app_20250111_00092599,2025-01-11 08:38:46,cust_4220040,GRRE,mortgage,285044,120,652,medium,approved,285044,partner,false,401
app_20250111_00093550,2025-01-11 22:13:08,cust_4226761,ESMA,auto_loan,31032,36,601,medium,approved,31032,mobile_app,false,150
app_20250111_00094501,2025-01-11 15:36:38,cust_2775924,BENL,cash_loan,19021,36,535,medium,approved,19021,online_banking,true,107
app_20250111_00095452,2025-01-11 10:51:54,cust_8245116,ITMI,mortgage,422567,300,591,medium,rejected,0,mobile,false,32
app_20250111_00096403,2025-01-11 00:11:54,cust_2918993,AUTR,education_loan,2652,12,603,medium,rejected,0,atm,false,122
app_20250111_00097354,2025-01-11 21:53:07,cust_9114158,DEHE,personal_loan,21765,36,679,medium,approved,21765,atm,true,770
app_20250111_00098305,2025-01-11 18:35:15,cust_4684684,CZPR,cash_loan,49319,24,574,medium,rejected,0,atm,true,6
app_20250111_00099256,2025-01-11 14:59:27,cust_2137582,CHBE,personal_loan,18948,36,810,low,rejected,0,branch,false,80
app_20250111_00100207,2025-01-11 10:33:16,cust_3483388,CHBE,mortgage,486688,240,727,low,approved,486688,atm,false,503
app_20250111_00101158,2025-01-11 15:40:29,cust_1903361,FRID,business_loan,28072,24,718,low,approved,28072,online_banking,true,646
app_20250111_00102109,2025-01-11 19:56:05,cust_7528385,PLWA,education_loan,8681,12,803,low,approved,8681,mobile,true,855
app_20250111_00103060,2025-01-11 15:55:48,cust_2557898,BENL,business_loan,25348,12,698,medium,approved,25348,call_center,false,426
app_20250111_00104011,2025-01-11 20:09:16,cust_3606824,ITMI,mortgage,334096,300,578,medium,approved,334096,atm,false,591
app_20250111_00104962,2025-01-11 20:36:19,cust_4081263,UKLO,auto_loan,28845,48,626,medium,rejected,0,web,true,20
app_20250111_00105913,2025-01-11 04:40:04,cust_9170928,ITMI,mortgage,136018,360,612,medium,approved,136018,branch,true,864
app_20250111_00106864,2025-01-11 19:40:25,cust_3720987,AUTR,mortgage,330619,240,550,medium,rejected,0,atm,false,113
app_20250111_00107815,2025-01-11 01:01:07,cust_321723,ITMI,business_loan,16053,48,596,medium,rejected,0,call_center,false,170
app_20250111_00108766,2025-01-11 19:33:30,cust_4451301,SESV,business_loan,27002,36,474,high,rejected,0,web,true,38
app_20250111_00109717,2025-01-11 08:20:21,cust_9622550,ESMA,education_loan,35893,48,812,low,approved,35893,online_banking,true,878
app_20250111_00110668,2025-01-11 12:11:24,cust_1925293,GRRE,education_loan,27820,36,758,low,approved,27820,online_banking,true,514
app_20250111_00111619,2025-01-11 22:47:15,cust_5237202,ESMA,refinance,102534,120,726,low,approved,102534,online_banking,true,585
app_20250111_00112570,2025-01-11 15:35:53,cust_9279135,ESMA,personal_loan,19856,24,537,medium,approved,19856,branch,false,653
app_20250111_00113521,2025-01-11 19:30:12,cust_2509717,SESV,personal_loan,8470,12,617,medium,approved,8470,partner,true,607
app_20250111_00114472,2025-01-11 16:04:15,cust_7250706,ATVI,mortgage,394681,300,676,medium,approved,394681,call_center,false,523
app_20250111_00115423,2025-01-11 21:12:42,cust_2652138,CZPR,auto_loan,57776,72,672,medium,approved,57776,call_center,false,159
app_20250111_00116374,2025-01-11 06:44:48,cust_6546748,CHBE,cash_loan,41728,18,585,medium,approved,41728,call_center,false,54
app_20250111_00117325,2025-01-11 11:17:38,cust_2306953,PORP,education_loan,14834,60,593,medium,approved,14834,branch,true,840
app_20250111_00118276,2025-01-11 08:46:33,cust_1537085,PORP,business_loan,19504,36,716,low,approved,19504,mobile_app,true,768
app_20250111_00119227,2025-01-11 16:53:42,cust_8578880,ATVI,education_loan,2527,24,504,medium,rejected,0,partner,true,71
app_20250111_00120178,2025-01-11 20:48:17,cust_3037288,PORP,cash_loan,22479,18,712,low,approved,22479,mobile_app,true,694
app_20250111_00121129,2025-01-11 11:12:58,cust_7600981,SESV,cash_loan,41804,48,685,medium,approved,41804,online_banking,true,361
app_20250111_00122080,2025-01-11 03:29:50,cust_2630857,FRID,personal_loan,29666,42,673,medium,approved,29666,web,true,632
app_20250111_00123031,2025-01-11 06:04:51,cust_8731371,NLAM,personal_loan,34118,30,565,medium,rejected,0,atm,false,153
app_20250111_00123982,2025-01-11 04:25:39,cust_5067696,CZPR,education_loan,32176,60,609,medium,approved,32176,online_banking,true,172
app_20250111_00124933,2025-01-11 20:58:54,cust_6076513,UKLO,personal_loan,39824,12,658,medium,approved,39824,mobile,false,198
app_20250111_00125884,2025-01-11 18:26:51,cust_4987640,ITMI,business_loan,30562,36,605,medium,approved,30562,mobile_app,false,640
app_20250111_00126835,2025-01-11 06:37:34,cust_8817954,BENL,business_loan,37973,24,501,medium,approved,37973,mobile,true,87
app_20250111_00127786,2025-01-11 00:57:07,cust_4239943,PLWA,auto_loan,44744,72,600,medium,approved,44744,online_banking,true,259
app_20250111_00128737,2025-01-11 00:36:07,cust_516670,CZPR,refinance,374189,240,623,medium,rejected,0,atm,true,42
app_20250111_00129688,2025-01-11 09:51:04,cust_2449054,AUTR,education_loan,39832,12,716,low,approved,39832,mobile_app,false,602
app_20250111_00130639,2025-01-11 17:34:34,cust_5492824,ITMI,credit_card,45337,18,534,medium,approved,45337,web,false,807
app_20250111_00131590,2025-01-11 06:23:41,cust_5594356,SESV,mortgage,353032,360,832,low,approved,353032,partner,true,402
app_20250111_00132541,2025-01-11 16:21:10,cust_5765493,PLWA,education_loan,26313,48,561,medium,approved,26313,call_center,false,241
app_20250111_00133492,2025-01-11 17:10:10,cust_4443000,ESMA,cash_loan,46140,24,619,medium,rejected,0,call_center,true,25
app_20250111_00134443,2025-01-11 01:53:48,cust_8529889,NLAM,cash_loan,34423,42,638,medium,approved,34423,mobile,true,282
app_20250111_00135394,2025-01-11 00:51:47,cust_4796082,CHBE,auto_loan,53446,48,678,medium,approved,53446,partner,true,709
app_20250111_00136345,2025-01-11 03:15:24,cust_8555935,SESV,auto_loan,28126,36,650,medium,approved,28126,mobile,true,833
app_20250111_00137296,2025-01-11 13:13:11,cust_9880799,DEHE,education_loan,29104,60,677,medium,rejected,0,branch,true,47
app_20250111_00138247,2025-01-11 07:24:35,cust_5119210,CZPR,mortgage,191341,240,622,medium,approved,191341,atm,true,39
app_20250111_00139198,2025-01-11 11:58:56,cust_767703,CHBE,business_loan,28957,12,676,medium,approved,28957,atm,false,359
app_20250111_00140149,2025-01-11 05:43:33,cust_5442293,FRID,auto_loan,26744,60,668,medium,rejected,0,call_center,false,119
app_20250111_00141100,2025-01-11 15:05:42,cust_2366378,ESMA,mortgage,472274,180,679,medium,approved,472274,online_banking,true,683
app_20250111_00142051,2025-01-11 03:21:17,cust_6026673,ESMA,auto_loan,52128,24,639,medium,approved,52128,call_center,false,372
app_20250111_00143002,2025-01-11 04:24:14,cust_2680997,CHBE,refinance,177334,180,734,low,approved,177334,mobile,true,290
app_20250111_00143953,2025-01-11 03:25:15,cust_9346093,ITMI,mortgage,164962,240,710,low,approved,164962,online_banking,false,280
app_20250111_00144904,2025-01-11 22:58:55,cust_7557403,PORP,cash_loan,20149,42,580,medium,approved,20149,online_banking,true,839
app_20250111_00145855,2025-01-11 11:04:13,cust_7340464,SESV,refinance,57975,300,684,medium,approved,57975,mobile_app,true,141
app_20250111_00146806,2025-01-11 01:29:45,cust_5913277,AUTR,mortgage,225751,180,739,low,approved,225751,call_center,true,659
app_20250111_00147757,2025-01-11 18:44:28,cust_7904566,ESMA,mortgage,257198,360,670,medium,approved,257198,mobile_app,true,739
app_20250111_00148708,2025-01-11 03:50:16,cust_4175059,BENL,mortgage,148756,240,666,medium,approved,148756,branch,true,410
app_20250111_00149659,2025-01-11 06:29:22,cust_3188714,ITMI,auto_loan,31135,72,666,medium,rejected,0,online_banking,false,41
app_20250111_00150610,2025-01-11 14:01:44,cust_3186690,BENL,credit_card,21558,30,636,medium,rejected,0,web,false,27
app_20250111_00151561,2025-01-11 17:53:16,cust_876716,NLAM,credit_card,46467,48,457,high,rejected,0,atm,false,69
app_20250111_00152512,2025-01-11 23:43:34,cust_4073809,ITMI,credit_card,26724,36,652,medium,approved,26724,online_banking,true,126
app_20250111_00153463,2025-01-11 14:06:06,cust_7553196,DEHE,auto_loan,43182,72,633,medium,rejected,0,web,true,81
app_20250111_00154414,2025-01-11 17:21:36,cust_3860656,CHBE,personal_loan,31148,48,561,medium,rejected,0,call_center,true,110
app_20250111_00155365,2025-01-11 12:01:39,cust_7331831,PORP,credit_card,35944,24,738,low,approved,35944,mobile,true,876
app_20250111_00156316,2025-01-11 00:22:19,cust_9288072,NLAM,cash_loan,31765,24,664,medium,approved,31765,call_center,true,676
app_20250111_00157267,2025-01-11 11:28:52,cust_2098690,DEHE,cash_loan,30938,12,485,high,rejected,0,mobile_app,false,67
app_20250111_00158218,2025-01-11 10:19:16,cust_7495941,ITMI,auto_loan,5425,48,697,medium,approved,5425,partner,true,105
app_20250111_00159169,2025-01-11 10:28:40,cust_6541623,BENL,personal_loan,20934,30,631,medium,approved,20934,web,true,111
app_20250111_00160120,2025-01-11 20:04:03,cust_3375030,CZPR,education_loan,2237,60,718,low,approved,2237,partner,true,612
app_20250111_00161071,2025-01-11 18:34:35,cust_4130270,CHBE,credit_card,32467,24,670,medium,approved,32467,call_center,true,762
app_20250111_00162022,2025-01-11 11:26:11,cust_3502322,BENL,auto_loan,35106,48,652,medium,approved,35106,call_center,false,643
app_20250111_00162973,2025-01-11 07:13:33,cust_7142424,DEHE,refinance,171176,120,632,medium,approved,171176,mobile,false,103
app_20250111_00163924,2025-01-11 12:23:40,cust_6912329,ESMA,business_loan,16423,48,850,low,approved,16423,web,false,456
app_20250111_00164875,2025-01-11 13:02:09,cust_5452729,NLAM,refinance,395754,300,489,high,rejected,0,branch,false,53
app_20250111_00165826,2025-01-11 11:41:03,cust_4530680,GRRE,mortgage,84814,300,706,low,approved,84814,partner,false,110
app_20250111_00166777,2025-01-11 18:16:06,cust_6986420,BENL,business_loan,5389,36,664,medium,approved,5389,mobile,true,423
app_20250111_00167728,2025-01-11 07:09:50,cust_784084,NLAM,credit_card,21072,48,677,medium,approved,21072,web,false,641
app_20250111_00168679,2025-01-11 23:25:24,cust_2894696,UKLO,education_loan,29005,24,691,medium,approved,29005,mobile,true,286
app_20250111_00169630,2025-01-11 15:36:02,cust_4950784,AUTR,credit_card,47589,36,578,medium,approved,47589,branch,true,72
app_20250111_00170581,2025-01-11 10:33:03,cust_9085345,NLAM,credit_card,32772,24,679,medium,rejected,0,web,true,109
app_20250111_00171532,2025-01-11 11:56:22,cust_9952175,AUTR,cash_loan,9433,42,686,medium,approved,9433,web,false,172
app_20250111_00172483,2025-01-11 08:29:19,cust_1600581,ATVI,business_loan,38953,36,717,low,approved,38953,partner,false,111
app_20250111_00173434,2025-01-11 13:30:58,cust_4373807,UKLO,education_loan,21863,24,567,medium,approved,21863,mobile_app,false,720
app_20250111_00174385,2025-01-11 20:20:43,cust_7462490,PORP,personal_loan,44204,36,715,low,approved,44204,call_center,false,587
app_20250111_00175336,2025-01-11 05:27:31,cust_4213971,UKLO,refinance,81895,240,742,low,approved,81895,call_center,true,413
app_20250111_00176287,2025-01-11 15:11:36,cust_5224032,PLWA,auto_loan,5801,36,563,medium,approved,5801,mobile,true,97
app_20250111_00177238,2025-01-11 02:34:41,cust_9411444,ATVI,refinance,307866,360,691,medium,approved,307866,call_center,true,37
app_20250111_00178189,2025-01-11 06:16:01,cust_9172866,CZPR,business_loan,27412,12,701,low,approved,27412,partner,true,315
app_20250111_00179140,2025-01-11 16:33:10,cust_5777146,AUTR,refinance,76924,360,747,low,approved,76924,mobile,false,742
app_20250111_00180091,2025-01-11 08:02:27,cust_972418,AUTR,business_loan,27353,12,571,medium,approved,27353,mobile,false,767
app_20250111_00181042,2025-01-11 09:18:28,cust_4577501,ATVI,mortgage,312071,180,576,medium,rejected,0,mobile_app,true,151
app_20250111_00181993,2025-01-11 20:24:21,cust_6354445,ESMA,auto_loan,59227,48,720,low,approved,59227,online_banking,true,453
app_20250111_00182944,2025-01-11 15:01:40,cust_2149623,FRID,business_loan,19432,48,769,low,approved,19432,branch,true,818
app_20250111_00183895,2025-01-11 04:44:57,cust_9770218,CZPR,cash_loan,47604,30,507,medium,approved,47604,mobile,true,704
app_20250111_00184846,2025-01-11 15:16:52,cust_7991722,ITMI,auto_loan,39383,60,593,medium,approved,39383,atm,false,165
app_20250111_00185797,2025-01-11 11:38:20,cust_1596008,CZPR,education_loan,7380,48,391,high,rejected,0,call_center,false,61
app_20250111_00186748,2025-01-11 18:34:48,cust_4983509,BENL,business_loan,4943,36,510,medium,rejected,0,call_center,false,92
app_20250111_00187699,2025-01-11 15:52:17,cust_8768174,PORP,credit_card,36942,30,617,medium,approved,36942,mobile_app,false,91
app_20250111_00188650,2025-01-11 05:10:58,cust_6876900,SESV,cash_loan,31358,24,565,medium,approved,31358,atm,true,396
app_20250111_00189601,2025-01-11 15:58:09,cust_8806701,PORP,business_loan,9199,12,613,medium,approved,9199,mobile_app,true,454
app_20250111_00190552,2025-01-11 03:29:24,cust_3669984,BENL,refinance,447077,180,838,low,approved,447077,branch,true,324
app_20250111_00191503,2025-01-11 07:09:02,cust_1121330,DEHE,business_loan,9069,48,695,medium,rejected,0,branch,true,40
app_20250111_00192454,2025-01-11 15:31:01,cust_366723,SESV,refinance,59754,180,716,low,approved,59754,call_center,true,617
app_20250111_00193405,2025-01-11 00:17:47,cust_8983621,BENL,mortgage,341277,300,586,medium,rejected,0,online_banking,false,9
app_20250111_00194356,2025-01-11 16:41:05,cust_710045,SESV,education_loan,5915,48,652,medium,approved,5915,call_center,true,112
app_20250111_00195307,2025-01-11 16:25:43,cust_6230362,BENL,personal_loan,21140,48,850,low,approved,21140,mobile_app,true,745
app_20250111_00196258,2025-01-11 05:52:46,cust_4067186,CZPR,refinance,179925,120,620,medium,approved,179925,partner,false,124
app_20250111_00197209,2025-01-11 06:19:32,cust_1251656,CZPR,auto_loan,36822,24,629,medium,rejected,0,atm,false,174
app_20250111_00198160,2025-01-11 12:26:54,cust_9942580,PORP,cash_loan,41313,36,639,medium,approved,41313,mobile_app,false,734
app_20250111_00199111,2025-01-11 17:46:11,cust_5870864,PLWA,cash_loan,20306,48,672,medium,rejected,0,online_banking,true,96
app_20250111_00200062,2025-01-11 04:02:28,cust_3650624,GRRE,cash_loan,1520,12,740,low,approved,1520,web,false,891
app_20250111_00201013,2025-01-11 13:54:31,cust_3819791,GRRE,personal_loan,28571,18,566,medium,approved,28571,mobile_app,false,387
app_20250111_00201964,2025-01-11 19:33:57,cust_4397370,PORP,education_loan,2656,12,731,low,approved,2656,partner,true,813
app_20250111_00202915,2025-01-11 22:06:17,cust_8150156,SESV,cash_loan,6118,12,569,medium,rejected,0,branch,true,131
app_20250111_00203866,2025-01-11 11:13:21,cust_6956539,AUTR,refinance,326448,240,735,low,approved,326448,atm,false,344
app_20250111_00204817,2025-01-11 11:03:27,cust_323187,AUTR,refinance,191512,180,670,medium,rejected,0,mobile,true,22
app_20250111_00205768,2025-01-11 07:24:01,cust_3644474,PORP,cash_loan,18282,48,686,medium,rejected,0,partner,false,122
app_20250111_00206719,2025-01-11 20:44:50,cust_8245538,SESV,auto_loan,15981,24,708,low,approved,15981,web,true,324
app_20250111_00207670,2025-01-11 16:33:11,cust_286159,NLAM,personal_loan,21534,48,569,medium,approved,21534,atm,false,357
app_20250111_00208621,2025-01-11 15:13:19,cust_2725813,ESMA,personal_loan,6642,18,604,medium,approved,6642,mobile,false,558
app_20250111_00209572,2025-01-11 00:31:24,cust_3909111,NLAM,mortgage,346897,240,656,medium,rejected,0,mobile,true,34
app_20250111_00210523,2025-01-11 09:13:11,cust_2048122,ITMI,auto_loan,56224,48,485,high,rejected,0,atm,false,89
app_20250111_00211474,2025-01-11 17:46:43,cust_197797,BENL,credit_card,29266,48,760,low,approved,29266,partner,true,701
app_20250111_00212425,2025-01-11 12:40:16,cust_8661392,AUTR,auto_loan,43089,72,510,medium,approved,43089,call_center,false,40
app_20250111_00213376,2025-01-11 10:15:44,cust_5581185,ESMA,refinance,160790,180,667,medium,rejected,0,branch,false,5
app_20250111_00214327,2025-01-11 21:08:22,cust_3892676,ESMA,business_loan,35032,24,682,medium,approved,35032,partner,true,69
app_20250111_00215278,2025-01-11 16:52:33,cust_3509936,ITMI,business_loan,30324,36,585,medium,rejected,0,call_center,false,97
app_20250111_00216229,2025-01-11 18:59:45,cust_2950602,GRRE,refinance,307870,240,644,medium,approved,307870,call_center,false,379
app_20250111_00217180,2025-01-11 21:20:15,cust_9287618,PORP,refinance,366435,180,688,medium,approved,366435,online_banking,false,505
app_20250111_00218131,2025-01-11 22:11:09,cust_6408147,SESV,credit_card,11433,24,553,medium,rejected,0,online_banking,false,73
app_20250111_00219082,2025-01-11 08:13:55,cust_7697076,BENL,personal_loan,36083,42,766,low,approved,36083,mobile,false,562
app_20250111_00220033,2025-01-11 15:49:22,cust_8623448,FRID,cash_loan,8753,36,693,medium,rejected,0,mobile,false,118
app_20250111_00220984,2025-01-11 02:33:31,cust_263877,AUTR,refinance,419251,240,808,low,approved,419251,mobile_app,true,54
app_20250111_00221935,2025-01-11 19:57:47,cust_8285666,ITMI,auto_loan,27322,36,621,medium,approved,27322,mobile_app,true,546
app_20250111_00222886,2025-01-11 16:59:27,cust_6791456,BENL,mortgage,456775,300,612,medium,approved,456775,mobile_app,true,226
app_20250111_00223837,2025-01-11 09:55:51,cust_2407093,PORP,cash_loan,10548,48,535,medium,approved,10548,web,false,762
app_20250111_00224788,2025-01-11 06:44:13,cust_5744649,GRRE,auto_loan,38053,36,568,medium,approved,38053,mobile,false,300
app_20250111_00225739,2025-01-11 06:44:54,cust_9771446,ESMA,mortgage,398562,360,671,medium,approved,398562,online_banking,false,852
app_20250111_00226690,2025-01-11 10:39:00,cust_2312446,FRID,mortgage,56676,300,654,medium,rejected,0,mobile_app,true,85
app_20250111_00227641,2025-01-11 21:16:51,cust_8405186,DEHE,cash_loan,28116,24,391,high,approved,28116,mobile_app,true,884
app_20250111_00228592,2025-01-11 11:34:34,cust_5325543,CHBE,business_loan,31800,48,581,medium,rejected,0,atm,false,42
app_20250111_00229543,2025-01-11 08:43:07,cust_7594268,FRID,credit_card,22804,42,641,medium,approved,22804,partner,true,792
app_20250111_00230494,2025-01-11 20:14:50,cust_5160206,ITMI,education_loan,33729,36,720,low,approved,33729,branch,false,253
app_20250111_00231445,2025-01-11 13:24:11,cust_7328955,ESMA,personal_loan,39477,12,850,low,approved,39477,mobile_app,true,725
app_20250111_00232396,2025-01-11 21:18:23,cust_1086124,NLAM,auto_loan,13819,72,580,medium,approved,13819,online_banking,true,452
app_20250111_00233347,2025-01-11 14:43:15,cust_1699805,GRRE,cash_loan,14934,24,631,medium,rejected,0,web,false,95
app_20250111_00234298,2025-01-11 22:14:03,cust_3149623,CHBE,cash_loan,9513,18,658,medium,approved,9513,mobile,true,700
app_20250111_00235249,2025-01-11 09:09:56,cust_7081557,DEHE,credit_card,43076,48,775,low,approved,43076,call_center,false,427
app_20250111_00236200,2025-01-11 01:33:47,cust_9270470,UKLO,refinance,99461,240,652,medium,approved,99461,mobile,false,477
app_20250111_00237151,2025-01-11 14:43:58,cust_9519820,DEHE,credit_card,40494,48,702,low,approved,40494,branch,true,499
app_20250111_00238102,2025-01-11 20:50:08,cust_3405038,CZPR,refinance,52524,240,596,medium,rejected,0,mobile,true,92
app_20250111_00239053,2025-01-11 16:53:20,cust_9664622,ESMA,personal_loan,11845,30,517,medium,rejected,0,web,true,77
app_20250111_00240004,2025-01-11 04:51:47,cust_5270933,ESMA,personal_loan,47476,18,735,low,approved,47476,mobile,false,162
app_20250111_00240955,2025-01-11 09:17:04,cust_5244470,NLAM,mortgage,460678,240,764,low,approved,460678,mobile_app,false,413
app_20250111_00241906,2025-01-11 17:41:01,cust_517284,ATVI,auto_loan,10108,72,789,low,approved,10108,mobile,true,624
app_20250111_00242857,2025-01-11 23:16:22,cust_2396766,AUTR,credit_card,26623,36,728,low,approved,26623,atm,false,575
app_20250111_00243808,2025-01-11 22:04:51,cust_7636623,ITMI,credit_card,19623,42,648,medium,approved,19623,mobile,false,835
app_20250111_00244759,2025-01-11 02:21:46,cust_5205386,NLAM,cash_loan,35504,12,758,low,approved,35504,partner,false,740
app_20250111_00245710,2025-01-11 16:58:07,cust_8161723,ESMA,personal_loan,48740,36,553,medium,approved,48740,web,false,302
app_20250111_00246661,2025-01-11 23:11:23,cust_8622014,UKLO,refinance,294534,360,595,medium,approved,294534,partner,false,898
app_20250111_00247612,2025-01-11 21:35:57,cust_4142695,CHBE,credit_card,14102,36,552,medium,rejected,0,partner,true,169
app_20250111_00248563,2025-01-11 23:18:02,cust_4013568,PLWA,credit_card,13245,36,467,high,rejected,0,web,true,45
app_20250111_00249514,2025-01-11 20:18:14,cust_655218,ITMI,refinance,353322,240,656,medium,rejected,0,online_banking,false,176
app_20250111_00250465,2025-01-11 19:14:32,cust_1903770,UKLO,credit_card,15752,36,651,medium,rejected,0,online_banking,false,14
app_20250111_00251416,2025-01-11 04:32:21,cust_5744007,GRRE,auto_loan,12810,24,684,medium,approved,12810,partner,false,786
app_20250111_00252367,2025-01-11 12:27:52,cust_1962422,ITMI,credit_card,31340,18,821,low,approved,31340,partner,true,267
app_20250111_00253318,2025-01-11 07:50:12,cust_8607985,PLWA,auto_loan,36175,60,791,low,approved,36175,branch,true,42
app_20250111_00254269,2025-01-11 17:32:58,cust_961164,ITMI,refinance,78595,300,752,low,approved,78595,branch,true,571
app_20250111_00255220,2025-01-11 13:23:43,cust_245170,NLAM,business_loan,18049,36,711,low,rejected,0,mobile_app,true,108
app_20250111_00256171,2025-01-11 02:27:37,cust_714066,FRID,refinance,333279,180,752,low,rejected,0,partner,true,36
app_20250111_00257122,2025-01-11 20:49:56,cust_8189871,ITMI,credit_card,45027,12,827,low,approved,45027,partner,false,449
app_20250111_00258073,2025-01-11 18:10:47,cust_5275151,NLAM,education_loan,29979,36,657,medium,approved,29979,web,false,684
app_20250111_00259024,2025-01-11 05:58:24,cust_565407,ITMI,auto_loan,37026,72,816,low,approved,37026,mobile_app,true,867
app_20250111_00259975,2025-01-11 01:20:57,cust_7947744,CZPR,credit_card,22924,48,704,low,approved,22924,mobile,false,257
app_20250111_00260926,2025-01-11 15:43:45,cust_1022466,DEHE,mortgage,189963,360,700,low,approved,189963,call_center,true,278
app_20250111_00261877,2025-01-11 16:21:57,cust_9693053,PLWA,refinance,339745,180,529,medium,approved,339745,mobile,true,570
app_20250111_00262828,2025-01-11 22:48:06,cust_6026987,PORP,mortgage,267597,240,611,medium,rejected,0,branch,false,23
app_20250111_00263779,2025-01-11 01:35:46,cust_454581,PLWA,business_loan,38328,60,726,low,rejected,0,web,true,120
app_20250111_00264730,2025-01-11 06:06:49,cust_5903394,CZPR,education_loan,22818,60,769,low,approved,22818,branch,false,894
app_20250111_00265681,2025-01-11 11:22:18,cust_917660,ATVI,auto_loan,6386,36,650,medium,rejected,0,partner,true,38
app_20250111_00266632,2025-01-11 10:56:48,cust_1004127,DEHE,credit_card,29878,18,545,medium,approved,29878,mobile,true,854
app_20250111_00267583,2025-01-11 17:23:27,cust_804132,GRRE,education_loan,16019,24,692,medium,rejected,0,call_center,false,95
app_20250111_00268534,2025-01-11 07:18:32,cust_6687105,UKLO,cash_loan,48654,42,573,medium,rejected,0,branch,true,140
app_20250111_00269485,2025-01-11 02:09:55,cust_5960211,SESV,refinance,471537,360,462,high,approved,471537,branch,true,664
app_20250111_00270436,2025-01-11 02:12:38,cust_2690249,PORP,credit_card,24595,30,668,medium,approved,24595,online_banking,false,832
app_20250111_00271387,2025-01-11 06:34:22,cust_5371137,PLWA,education_loan,19466,12,619,medium,approved,19466,call_center,true,96
app_20250111_00272338,2025-01-11 06:56:26,cust_9118337,FRID,business_loan,28322,48,646,medium,rejected,0,mobile_app,false,42
app_20250111_00273289,2025-01-11 21:13:36,cust_5810276,ESMA,credit_card,12936,42,454,high,rejected,0,branch,true,107
app_20250111_00274240,2025-01-11 13:20:36,cust_2673494,CHBE,cash_loan,30617,30,724,low,approved,30617,branch,true,462
app_20250111_00275191,2025-01-11 02:39:26,cust_1705262,ATVI,credit_card,47390,42,578,medium,rejected,0,mobile_app,false,155
app_20250111_00276142,2025-01-11 12:27:44,cust_6687807,ITMI,cash_loan,23087,42,735,low,approved,23087,mobile,true,249
app_20250111_00277093,2025-01-11 07:19:56,cust_2302188,DEHE,personal_loan,29757,36,553,medium,approved,29757,online_banking,true,295
app_20250111_00278044,2025-01-11 00:28:59,cust_1399357,UKLO,auto_loan,28324,48,780,low,approved,28324,branch,false,468
app_20250111_00278995,2025-01-11 15:24:13,cust_5674034,GRRE,education_loan,2671,12,620,medium,rejected,0,branch,true,47
app_20250111_00279946,2025-01-11 14:33:55,cust_6321539,NLAM,education_loan,4610,36,574,medium,rejected,0,online_banking,true,22
app_20250111_00280897,2025-01-11 13:33:25,cust_3552233,CZPR,refinance,124531,120,454,high,rejected,0,partner,true,118
app_20250111_00281848,2025-01-11 02:07:41,cust_7542801,ATVI,business_loan,16084,24,727,low,approved,16084,mobile_app,true,170
app_20250111_00282799,2025-01-11 21:41:14,cust_4827703,ESMA,business_loan,37818,36,767,low,approved,37818,branch,true,327
app_20250111_00283750,2025-01-11 21:39:06,cust_2829381,CZPR,mortgage,304578,240,624,medium,approved,304578,call_center,false,388
app_20250111_00284701,2025-01-11 20:27:16,cust_1084431,DEHE,mortgage,74297,180,669,medium,rejected,0,branch,true,144
app_20250111_00285652,2025-01-11 05:32:34,cust_1976041,CZPR,cash_loan,44829,18,625,medium,rejected,0,partner,true,17
app_20250111_00286603,2025-01-11 19:44:42,cust_7032251,ITMI,auto_loan,5655,36,480,high,rejected,0,mobile,false,148
app_20250111_00287554,2025-01-11 07:02:11,cust_6113498,FRID,education_loan,20585,12,566,medium,rejected,0,mobile,false,129
app_20250111_00288505,2025-01-11 21:21:23,cust_1152673,DEHE,auto_loan,46713,24,829,low,approved,46713,web,false,599
app_20250111_00289456,2025-01-11 13:50:27,cust_3568891,UKLO,credit_card,36106,30,722,low,approved,36106,mobile_app,false,32
app_20250111_00290407,2025-01-11 19:04:50,cust_6826249,FRID,credit_card,23920,48,645,medium,rejected,0,call_center,true,125
app_20250111_00291358,2025-01-11 06:56:35,cust_3898287,UKLO,personal_loan,43360,24,742,low,approved,43360,branch,false,692
app_20250111_00292309,2025-01-11 22:57:37,cust_9270251,UKLO,education_loan,7190,24,566,medium,rejected,0,web,true,51
app_20250111_00293260,2025-01-11 17:29:33,cust_1350043,DEHE,education_loan,31086,12,489,high,rejected,0,partner,true,140
app_20250111_00294211,2025-01-11 09:05:55,cust_680628,GRRE,business_loan,28815,60,629,medium,approved,28815,atm,true,95
app_20250111_00295162,2025-01-11 12:27:01,cust_3314883,GRRE,credit_card,5308,48,696,medium,rejected,0,branch,true,44
app_20250111_00296113,2025-01-11 18:45:13,cust_3496586,GRRE,personal_loan,20219,24,654,medium,approved,20219,mobile_app,true,211
app_20250111_00297064,2025-01-11 01:49:04,cust_8191352,ATVI,auto_loan,38220,36,603,medium,rejected,0,mobile,true,108
app_20250111_00298015,2025-01-11 08:58:17,cust_4731671,ITMI,education_loan,37915,12,508,medium,rejected,0,web,true,88
app_20250111_00298966,2025-01-11 06:22:17,cust_2374621,NLAM,auto_loan,32977,48,619,medium,approved,32977,mobile_app,false,84
app_20250111_00299917,2025-01-11 00:26:41,cust_1237525,FRID,cash_loan,5198,42,753,low,approved,5198,web,false,756
app_20250111_00300868,2025-01-11 03:56:12,cust_3185960,UKLO,education_loan,32054,12,606,medium,approved,32054,call_center,true,738
app_20250111_00301819,2025-01-11 02:19:49,cust_161094,ESMA,business_loan,37018,24,611,medium,approved,37018,web,true,707
app_20250111_00302770,2025-01-11 00:50:19,cust_9284059,CHBE,cash_loan,12985,36,535,medium,rejected,0,call_center,false,131
app_20250111_00303721,2025-01-11 06:20:21,cust_3439340,ATVI,personal_loan,21998,42,616,medium,approved,21998,branch,false,785
app_20250111_00304672,2025-01-11 16:07:24,cust_5477741,AUTR,refinance,466263,360,578,medium,rejected,0,atm,false,29
app_20250111_00305623,2025-01-11 03:57:58,cust_9583834,NLAM,auto_loan,44813,36,712,low,approved,44813,mobile,false,762
app_20250111_00306574,2025-01-11 18:53:04,cust_9393796,GRRE,refinance,53704,240,779,low,approved,53704,web,true,231
app_20250111_00307525,2025-01-11 03:23:59,cust_6434523,CHBE,refinance,394441,240,656,medium,approved,394441,mobile,false,584
app_20250111_00308476,2025-01-11 06:39:02,cust_3809095,AUTR,education_loan,14756,60,582,medium,rejected,0,mobile_app,false,73
app_20250111_00309427,2025-01-11 13:05:23,cust_534227,PORP,credit_card,34862,24,607,medium,approved,34862,atm,true,491
app_20250111_00310378,2025-01-11 18:22:20,cust_6065807,SESV,education_loan,36830,48,823,low,approved,36830,partner,true,472
app_20250111_00311329,2025-01-11 16:43:19,cust_8201845,PORP,mortgage,193618,360,787,low,approved,193618,partner,true,58
app_20250111_00312280,2025-01-11 23:13:21,cust_9804878,BENL,business_loan,19017,24,613,medium,approved,19017,atm,true,861
app_20250111_00313231,2025-01-11 15:07:47,cust_5850747,ITMI,credit_card,36378,42,634,medium,approved,36378,call_center,true,67
app_20250111_00314182,2025-01-11 22:58:43,cust_7771106,CZPR,personal_loan,3380,48,581,medium,approved,3380,atm,true,202
app_20250111_00315133,2025-01-11 02:11:36,cust_5449075,DEHE,personal_loan,7529,30,508,medium,rejected,0,atm,true,121
app_20250111_00316084,2025-01-11 21:17:49,cust_1869667,CZPR,credit_card,38002,12,736,low,approved,38002,online_banking,false,307
app_20250111_00317035,2025-01-11 19:56:20,cust_6000835,PORP,personal_loan,11010,36,718,low,rejected,0,call_center,true,121
app_20250111_00317986,2025-01-11 18:41:32,cust_791295,CZPR,business_loan,5129,24,820,low,approved,5129,partner,false,820
app_20250111_00318937,2025-01-11 05:30:57,cust_8524910,SESV,personal_loan,35862,36,638,medium,approved,35862,branch,true,775
app_20250111_00319888,2025-01-11 19:24:20,cust_9392481,SESV,credit_card,15646,12,541,medium,rejected,0,web,false,92
app_20250111_00320839,2025-01-11 21:10:44,cust_5194878,ATVI,mortgage,420038,180,850,low,approved,420038,atm,false,163
app_20250111_00321790,2025-01-11 18:11:57,cust_9073316,BENL,business_loan,37261,12,490,high,rejected,0,mobile,false,155
app_20250111_00322741,2025-01-11 04:35:30,cust_2516305,FRID,personal_loan,20169,48,783,low,approved,20169,mobile_app,true,709
app_20250111_00323692,2025-01-11 10:26:56,cust_4314469,ESMA,refinance,408513,300,800,low,approved,408513,branch,true,603
app_20250111_00324643,2025-01-11 14:02:41,cust_4625999,UKLO,personal_loan,46920,36,669,medium,approved,46920,atm,false,108
app_20250111_00325594,2025-01-11 17:52:22,cust_6056176,GRRE,mortgage,74163,120,366,high,approved,74163,partner,true,790
app_20250111_00326545,2025-01-11 21:59:19,cust_3013672,ATVI,refinance,398259,180,707,low,approved,398259,online_banking,true,820
app_20250111_00327496,2025-01-11 06:32:33,cust_3656533,CZPR,auto_loan,35627,24,621,medium,approved,35627,call_center,false,463
app_20250111_00328447,2025-01-11 11:04:07,cust_2900585,ITMI,education_loan,24614,36,573,medium,approved,24614,partner,true,870
app_20250111_00329398,2025-01-11 06:57:37,cust_5633257,CZPR,mortgage,421107,120,621,medium,approved,421107,mobile_app,true,488
app_20250111_00330349,2025-01-11 12:07:46,cust_4961644,BENL,credit_card,35206,24,705,low,approved,35206,mobile_app,true,735
app_20250111_00331300,2025-01-11 23:31:46,cust_3210132,ESMA,business_loan,25021,36,744,low,rejected,0,mobile,true,110
app_20250111_00332251,2025-01-11 13:16:24,cust_2391113,NLAM,business_loan,21193,48,466,high,rejected,0,branch,true,155
app_20250111_00333202,2025-01-11 03:11:03,cust_7824081,ITMI,education_loan,32963,36,560,medium,rejected,0,mobile,true,24
app_20250111_00334153,2025-01-11 21:26:24,cust_8551373,CHBE,credit_card,1940,30,526,medium,rejected,0,mobile,true,146
app_20250111_00335104,2025-01-11 08:24:49,cust_1239120,CHBE,refinance,207115,300,576,medium,rejected,0,call_center,true,144
app_20250111_00336055,2025-01-11 17:39:34,cust_3478250,SESV,education_loan,33624,48,583,medium,approved,33624,branch,true,522
app_20250111_00337006,2025-01-11 17:40:22,cust_4375869,NLAM,auto_loan,35241,36,604,medium,rejected,0,partner,true,143
app_20250111_00337957,2025-01-11 10:52:33,cust_9146176,AUTR,mortgage,220117,240,649,medium,approved,220117,web,true,746
app_20250111_00338908,2025-01-11 09:42:41,cust_4206506,AUTR,education_loan,16631,36,411,high,rejected,0,mobile_app,false,10
app_20250111_00339859,2025-01-11 02:08:21,cust_3002436,GRRE,personal_loan,40855,48,781,low,approved,40855,partner,false,716
app_20250111_00340810,2025-01-11 22:57:29,cust_1122587,ESMA,credit_card,45792,42,555,medium,rejected,0,online_banking,true,32
app_20250111_00341761,2025-01-11 15:01:58,cust_5272816,PORP,credit_card,26475,30,529,medium,rejected,0,mobile,false,122
app_20250111_00342712,2025-01-11 18:10:21,cust_8361005,BENL,credit_card,15312,12,719,low,approved,15312,mobile,false,103
app_20250111_00343663,2025-01-11 02:14:12,cust_6095026,ESMA,credit_card,39131,48,624,medium,approved,39131,mobile_app,false,471
app_20250111_00344614,2025-01-11 08:39:48,cust_7300852,ATVI,business_loan,18656,60,676,medium,approved,18656,mobile_app,true,455
app_20250111_00345565,2025-01-11 21:42:41,cust_1744353,PORP,auto_loan,55071,60,850,low,approved,55071,branch,false,111
app_20250111_00346516,2025-01-11 01:15:56,cust_3345743,DEHE,cash_loan,6428,30,782,low,approved,6428,atm,true,742
app_20250111_00347467,2025-01-11 14:31:38,cust_1185967,PLWA,education_loan,6800,24,647,medium,approved,6800,call_center,false,396
app_20250111_00348418,2025-01-11 15:39:07,cust_5818605,AUTR,credit_card,7377,36,735,low,approved,7377,online_banking,false,833
app_20250111_00349369,2025-01-11 01:30:06,cust_9089394,PLWA,mortgage,300057,120,612,medium,rejected,0,atm,true,148
app_20250111_00350320,2025-01-11 06:26:42,cust_1361767,GRRE,cash_loan,34266,24,828,low,approved,34266,partner,true,409
app_20250111_00351271,2025-01-11 17:07:28,cust_2291021,PLWA,credit_card,7125,42,479,high,rejected,0,web,false,44
app_20250111_00352222,2025-01-11 08:04:09,cust_5303776,ITMI,education_loan,6690,60,621,medium,approved,6690,atm,true,751
app_20250111_00353173,2025-01-11 19:34:42,cust_9242539,GRRE,cash_loan,38745,42,795,low,approved,38745,call_center,false,577
app_20250111_00354124,2025-01-11 02:31:18,cust_3482099,NLAM,refinance,86056,180,590,medium,approved,86056,partner,true,315
app_20250111_00355075,2025-01-11 12:18:32,cust_911647,DEHE,cash_loan,5952,48,663,medium,approved,5952,partner,true,339
app_20250111_00356026,2025-01-11 16:43:23,cust_7697720,PORP,auto_loan,29896,60,674,medium,rejected,0,online_banking,false,147
app_20250111_00356977,2025-01-11 22:29:56,cust_1140687,PORP,credit_card,35797,48,606,medium,rejected,0,call_center,true,59
app_20250111_00357928,2025-01-11 00:56:10,cust_8704349,PLWA,business_loan,39945,36,630,medium,approved,39945,mobile,false,121
app_20250111_00358879,2025-01-11 18:38:41,cust_1963453,ESMA,mortgage,421010,240,546,medium,rejected,0,mobile,true,147
app_20250111_00359830,2025-01-11 12:59:02,cust_2349354,CHBE,personal_loan,5089,30,777,low,approved,5089,mobile_app,false,356
app_20250111_00360781,2025-01-11 18:14:49,cust_5707677,GRRE,personal_loan,8349,36,636,medium,approved,8349,online_banking,false,898
app_20250111_00361732,2025-01-11 12:52:17,cust_2983262,UKLO,education_loan,36327,24,717,low,approved,36327,branch,false,751
app_20250111_00362683,2025-01-11 09:51:05,cust_2882203,SESV,auto_loan,53507,60,561,medium,approved,53507,web,true,638
app_20250111_00363634,2025-01-11 23:48:45,cust_3084457,CZPR,auto_loan,13034,36,646,medium,approved,13034,online_banking,true,298
app_20250111_00364585,2025-01-11 02:58:50,cust_4604431,CHBE,auto_loan,49834,48,712,low,approved,49834,branch,true,441
app_20250111_00365536,2025-01-11 17:43:45,cust_2916645,GRRE,credit_card,23722,12,475,high,rejected,0,atm,false,9
app_20250111_00366487,2025-01-11 08:20:26,cust_8161157,UKLO,credit_card,41860,36,637,medium,rejected,0,web,false,65
app_20250111_00367438,2025-01-11 20:18:47,cust_6297634,ITMI,cash_loan,33629,18,611,medium,approved,33629,atm,false,849
app_20250111_00368389,2025-01-11 02:06:19,cust_8925532,PLWA,personal_loan,2812,24,651,medium,approved,2812,call_center,false,605
app_20250111_00369340,2025-01-11 17:01:33,cust_5901629,PORP,mortgage,332829,240,623,medium,approved,332829,web,false,198
app_20250111_00370291,2025-01-11 12:21:17,cust_1081621,ATVI,cash_loan,28514,12,565,medium,approved,28514,call_center,true,829
app_20250111_00371242,2025-01-11 11:22:25,cust_9730694,ATVI,cash_loan,9540,18,648,medium,approved,9540,call_center,false,554
app_20250111_00372193,2025-01-11 13:09:02,cust_7911577,SESV,mortgage,247167,300,466,high,rejected,0,mobile_app,true,97
app_20250111_00373144,2025-01-11 22:47:39,cust_5316901,CHBE,personal_loan,41042,30,539,medium,rejected,0,call_center,false,124
app_20250111_00374095,2025-01-11 13:02:41,cust_2010190,DEHE,credit_card,10299,30,750,low,approved,10299,mobile_app,true,129
app_20250111_00375046,2025-01-11 00:24:35,cust_1980228,NLAM,cash_loan,49023,12,645,medium,approved,49023,branch,true,629
app_20250111_00375997,2025-01-11 10:52:10,cust_4100499,NLAM,education_loan,3518,48,649,medium,approved,3518,mobile,true,235
app_20250111_00376948,2025-01-11 19:01:26,cust_6446745,GRRE,credit_card,19659,30,781,low,approved,19659,branch,false,314
app_20250111_00377899,2025-01-11 14:32:30,cust_6465275,ESMA,cash_loan,42872,42,701,low,rejected,0,branch,false,177
app_20250111_00378850,2025-01-11 05:52:28,cust_3069711,GRRE,auto_loan,43962,72,622,medium,approved,43962,online_banking,true,589
app_20250111_00379801,2025-01-11 10:55:26,cust_7004015,ATVI,personal_loan,49770,18,665,medium,approved,49770,web,true,274
app_20250111_00380752,2025-01-11 10:58:49,cust_962291,PLWA,business_loan,12465,36,597,medium,rejected,0,call_center,true,105
app_20250111_00381703,2025-01-11 20:34:33,cust_8772941,SESV,cash_loan,48694,30,459,high,rejected,0,mobile,true,6
app_20250111_00382654,2025-01-11 04:00:14,cust_9777984,PLWA,refinance,463712,240,413,high,rejected,0,branch,true,43
app_20250111_00383605,2025-01-11 20:08:45,cust_3890505,PORP,mortgage,78496,240,644,medium,approved,78496,online_banking,true,509
app_20250111_00384556,2025-01-11 04:17:54,cust_1187063,PORP,education_loan,16479,24,609,medium,approved,16479,call_center,true,439
app_20250111_00385507,2025-01-11 06:04:48,cust_6969728,PLWA,education_loan,36906,12,653,medium,approved,36906,branch,true,829
app_20250111_00386458,2025-01-11 06:11:14,cust_6688803,AUTR,education_loan,18520,36,667,medium,approved,18520,partner,false,583
app_20250111_00387409,2025-01-11 05:46:27,cust_5394148,CZPR,auto_loan,59394,36,645,medium,rejected,0,mobile_app,true,128
app_20250111_00388360,2025-01-11 11:12:04,cust_8004987,CHBE,credit_card,49437,48,632,medium,rejected,0,call_center,true,83
app_20250111_00389311,2025-01-11 02:22:10,cust_9821461,UKLO,business_loan,17266,12,608,medium,approved,17266,partner,true,260
app_20250111_00390262,2025-01-11 07:16:28,cust_8872719,CZPR,cash_loan,37210,42,640,medium,rejected,0,mobile,true,37
app_20250111_00391213,2025-01-11 04:21:55,cust_3909731,ATVI,credit_card,9675,48,604,medium,approved,9675,web,false,399
app_20250111_00392164,2025-01-11 18:50:39,cust_2662047,CZPR,mortgage,296395,300,538,medium,rejected,0,partner,false,29
app_20250111_00393115,2025-01-11 06:25:56,cust_2091138,AUTR,credit_card,30749,30,558,medium,approved,30749,web,true,417
app_20250111_00394066,2025-01-11 09:46:23,cust_9356397,PORP,credit_card,33799,18,733,low,approved,33799,online_banking,true,436
app_20250111_00395017,2025-01-11 12:37:33,cust_785295,PLWA,cash_loan,35661,12,486,high,rejected,0,partner,false,99
app_20250111_00395968,2025-01-11 12:30:03,cust_2877653,DEHE,auto_loan,21032,24,672,medium,approved,21032,web,true,601
app_20250111_00396919,2025-01-11 04:46:22,cust_6540514,GRRE,personal_loan,30028,24,612,medium,approved,30028,partner,true,810
app_20250111_00397870,2025-01-11 14:28:36,cust_3075820,ITMI,auto_loan,53260,72,699,medium,rejected,0,mobile_app,false,33
app_20250111_00398821,2025-01-11 11:09:02,cust_2456129,ATVI,auto_loan,6229,72,850,low,approved,6229,mobile_app,true,208
app_20250111_00399772,2025-01-11 11:32:35,cust_4325917,AUTR,auto_loan,11888,48,732,low,approved,11888,online_banking,true,390
app_20250111_00400723,2025-01-11 20:38:12,cust_7563910,BENL,education_loan,15539,60,772,low,approved,15539,atm,false,791
app_20250111_00401674,2025-01-11 05:18:19,cust_1482241,DEHE,personal_loan,23788,18,566,medium,rejected,0,partner,true,35
app_20250111_00402625,2025-01-11 09:32:01,cust_5913032,SESV,business_loan,15465,36,628,medium,approved,15465,call_center,true,105
app_20250111_00403576,2025-01-11 08:17:40,cust_2812054,PLWA,education_loan,8481,24,487,high,rejected,0,web,true,70
app_20250111_00404527,2025-01-11 09:01:53,cust_3406434,ITMI,cash_loan,12858,30,550,medium,approved,12858,online_banking,true,396
app_20250111_00405478,2025-01-11 22:21:54,cust_7802974,DEHE,mortgage,478184,180,538,medium,rejected,0,branch,true,175
app_20250111_00406429,2025-01-11 13:08:14,cust_2954653,GRRE,auto_loan,56669,24,475,high,rejected,0,mobile_app,false,136
app_20250111_00407380,2025-01-11 21:00:41,cust_3144336,DEHE,business_loan,16825,48,535,medium,approved,16825,online_banking,false,242
app_20250111_00408331,2025-01-11 09:16:04,cust_2514669,ESMA,education_loan,22368,24,578,medium,approved,22368,call_center,true,191
app_20250111_00409282,2025-01-11 17:02:47,cust_3970737,UKLO,personal_loan,29523,36,596,medium,approved,29523,online_banking,true,585
app_20250111_00410233,2025-01-11 21:18:48,cust_831695,PORP,credit_card,28777,42,650,medium,approved,28777,mobile_app,true,355
app_20250111_00411184,2025-01-11 01:54:52,cust_1958192,BENL,auto_loan,12543,72,702,low,approved,12543,online_banking,false,573
app_20250111_00412135,2025-01-11 04:20:04,cust_4566955,ATVI,personal_loan,46844,36,611,medium,approved,46844,mobile_app,true,42
app_20250111_00413086,2025-01-11 06:44:32,cust_1887936,CHBE,business_loan,27622,24,653,medium,approved,27622,partner,true,481
app_20250111_00414037,2025-01-11 15:23:11,cust_8472252,ITMI,mortgage,130441,180,798,low,approved,130441,call_center,false,721
app_20250111_00414988,2025-01-11 05:05:13,cust_5570557,CZPR,education_loan,34499,24,776,low,approved,34499,mobile_app,true,87
app_20250111_00415939,2025-01-11 03:16:05,cust_9428982,PLWA,business_loan,39215,12,659,medium,approved,39215,atm,false,141
app_20250111_00416890,2025-01-11 23:43:11,cust_9430762,NLAM,mortgage,337951,360,714,low,approved,337951,call_center,true,405
app_20250111_00417841,2025-01-11 15:34:43,cust_8924534,CZPR,cash_loan,19193,48,754,low,approved,19193,atm,true,325
app_20250111_00418792,2025-01-11 23:04:55,cust_5992437,FRID,refinance,259387,180,643,medium,approved,259387,web,true,749
app_20250111_00419743,2025-01-11 17:29:43,cust_3734336,SESV,auto_loan,32394,24,702,low,approved,32394,online_banking,true,206
app_20250111_00420694,2025-01-11 15:17:52,cust_4773260,PORP,education_loan,21608,24,850,low,approved,21608,branch,true,257
app_20250111_00421645,2025-01-11 12:49:56,cust_5674856,SESV,mortgage,417921,120,560,medium,rejected,0,online_banking,true,38
app_20250111_00422596,2025-01-11 12:02:04,cust_7911740,CHBE,personal_loan,44290,42,599,medium,approved,44290,mobile_app,true,140
app_20250111_00423547,2025-01-11 04:04:42,cust_2215041,CZPR,business_loan,36970,60,806,low,approved,36970,online_banking,true,161
app_20250111_00424498,2025-01-11 06:51:55,cust_1622669,NLAM,mortgage,343234,120,715,low,approved,343234,mobile_app,true,656
app_20250111_00425449,2025-01-11 09:40:21,cust_312059,PORP,cash_loan,48138,42,628,medium,rejected,0,web,false,82
app_20250111_00426400,2025-01-11 22:42:35,cust_1909857,AUTR,mortgage,399908,180,659,medium,approved,399908,atm,false,430
app_20250111_00427351,2025-01-11 07:21:40,cust_3033154,PLWA,mortgage,223093,240,850,low,approved,223093,partner,false,323
app_20250111_00428302,2025-01-11 04:27:52,cust_5204508,ESMA,personal_loan,30289,24,573,medium,rejected,0,online_banking,false,138
app_20250111_00429253,2025-01-11 05:46:36,cust_8109948,ATVI,education_loan,30938,48,731,low,approved,30938,call_center,false,715
app_20250111_00430204,2025-01-11 03:44:07,cust_6613679,FRID,education_loan,30546,36,763,low,approved,30546,branch,false,636
app_20250111_00431155,2025-01-11 02:15:18,cust_536433,NLAM,credit_card,31522,42,635,medium,rejected,0,mobile_app,true,83
app_20250111_00432106,2025-01-11 21:37:26,cust_3554958,CHBE,personal_loan,49831,24,465,high,rejected,0,atm,true,14
app_20250111_00433057,2025-01-11 08:07:24,cust_1572023,NLAM,auto_loan,43745,60,501,medium,rejected,0,branch,false,10
app_20250111_00434008,2025-01-11 13:45:37,cust_4358072,BENL,refinance,195273,180,542,medium,rejected,0,online_banking,true,162
app_20250111_00434959,2025-01-11 12:49:53,cust_690811,ITMI,mortgage,462319,120,447,high,rejected,0,mobile,false,55
app_20250111_00435910,2025-01-11 08:06:28,cust_8844558,PLWA,mortgage,84026,180,608,medium,rejected,0,mobile,true,80
app_20250111_00436861,2025-01-11 15:09:16,cust_2686615,BENL,mortgage,263637,300,589,medium,rejected,0,partner,false,56
app_20250111_00437812,2025-01-11 17:17:28,cust_1568438,UKLO,credit_card,16782,48,608,medium,approved,16782,branch,false,781
app_20250111_00438763,2025-01-11 03:01:22,cust_5875507,AUTR,credit_card,40335,48,615,medium,approved,40335,branch,false,40
app_20250111_00439714,2025-01-11 07:53:30,cust_3846848,SESV,auto_loan,12159,72,629,medium,approved,12159,atm,true,872
app_20250111_00440665,2025-01-11 10:04:05,cust_5113696,PLWA,personal_loan,21202,12,743,low,rejected,0,online_banking,false,69
app_20250111_00441616,2025-01-11 16:18:05,cust_6758008,AUTR,auto_loan,36943,36,676,medium,approved,36943,branch,false,727
app_20250111_00442567,2025-01-11 11:52:37,cust_9320767,UKLO,mortgage,254097,120,558,medium,rejected,0,call_center,true,29
app_20250111_00443518,2025-01-11 15:35:29,cust_1187260,CZPR,auto_loan,21821,72,765,low,approved,21821,mobile_app,false,842
app_20250111_00444469,2025-01-11 18:26:43,cust_1187569,PORP,refinance,404930,120,755,low,approved,404930,branch,true,64
app_20250111_00445420,2025-01-11 01:32:01,cust_4515707,PLWA,cash_loan,45056,36,412,high,rejected,0,mobile_app,false,130
app_20250111_00446371,2025-01-11 13:56:31,cust_8672477,AUTR,cash_loan,12973,12,649,medium,approved,12973,atm,true,785
app_20250111_00447322,2025-01-11 16:24:45,cust_2842250,CHBE,business_loan,24502,48,504,medium,rejected,0,online_banking,false,22
app_20250111_00448273,2025-01-11 14:30:28,cust_2390496,AUTR,education_loan,39267,12,727,low,approved,39267,online_banking,false,213
app_20250111_00449224,2025-01-11 20:25:24,cust_9664866,ATVI,credit_card,38505,18,523,medium,rejected,0,online_banking,false,82
app_20250111_00450175,2025-01-11 02:40:05,cust_3708050,DEHE,education_loan,35234,60,644,medium,approved,35234,partner,true,506
app_20250111_00451126,2025-01-11 05:10:46,cust_5421954,UKLO,education_loan,8113,12,676,medium,rejected,0,atm,false,83
app_20250111_00452077,2025-01-11 18:04:14,cust_7030595,FRID,personal_loan,6255,42,528,medium,rejected,0,web,false,96
app_20250111_00453028,2025-01-11 07:45:29,cust_1149400,GRRE,personal_loan,14715,42,638,medium,rejected,0,web,true,63
app_20250111_00453979,2025-01-11 08:53:42,cust_3162879,CZPR,education_loan,11372,60,656,medium,approved,11372,online_banking,false,301
app_20250111_00454930,2025-01-11 12:07:25,cust_9669970,NLAM,mortgage,328811,360,591,medium,approved,328811,branch,false,533
app_20250111_00455881,2025-01-11 03:37:48,cust_209661,BENL,education_loan,32379,36,693,medium,approved,32379,branch,true,518
app_20250111_00456832,2025-01-11 18:20:51,cust_8331167,GRRE,business_loan,33715,60,537,medium,approved,33715,mobile,true,404
app_20250111_00457783,2025-01-11 06:59:42,cust_5792309,UKLO,auto_loan,25815,48,383,high,rejected,0,atm,true,105
app_20250111_00458734,2025-01-11 23:26:54,cust_9097098,GRRE,mortgage,438642,300,723,low,approved,438642,partner,true,388
app_20250111_00459685,2025-01-11 00:24:08,cust_3354054,ESMA,auto_loan,24028,24,605,medium,rejected,0,web,true,34
app_20250111_00460636,2025-01-11 15:04:57,cust_7225445,ATVI,credit_card,41593,18,817,low,rejected,0,branch,true,58
app_20250111_00461587,2025-01-11 06:53:53,cust_2073499,DEHE,auto_loan,37749,60,596,medium,approved,37749,branch,true,387
app_20250111_00462538,2025-01-11 14:58:33,cust_5618212,DEHE,cash_loan,49439,18,760,low,approved,49439,mobile_app,true,616
app_20250111_00463489,2025-01-11 08:33:06,cust_1481536,GRRE,credit_card,48891,18,636,medium,approved,48891,online_banking,false,502
app_20250111_00464440,2025-01-11 03:13:09,cust_5780598,GRRE,education_loan,38895,12,762,low,approved,38895,mobile,true,453
app_20250111_00465391,2025-01-11 23:11:03,cust_7920513,DEHE,education_loan,2723,60,600,medium,approved,2723,atm,false,254
app_20250111_00466342,2025-01-11 22:26:34,cust_597755,ITMI,credit_card,5960,30,796,low,approved,5960,mobile,false,770
app_20250111_00467293,2025-01-11 08:57:41,cust_346700,ATVI,education_loan,11013,12,807,low,approved,11013,call_center,false,409
app_20250111_00468244,2025-01-11 22:11:49,cust_8290040,AUTR,mortgage,348178,180,563,medium,rejected,0,mobile_app,false,156
app_20250111_00469195,2025-01-11 19:51:26,cust_2714402,PLWA,education_loan,36538,60,850,low,approved,36538,web,false,699
app_20250111_00470146,2025-01-11 02:53:45,cust_649417,DEHE,credit_card,40450,42,552,medium,rejected,0,atm,true,169
app_20250111_00471097,2025-01-11 08:47:37,cust_3747603,UKLO,education_loan,9291,24,500,medium,approved,9291,partner,true,572
app_20250111_00472048,2025-01-11 16:36:56,cust_8390654,PLWA,cash_loan,31004,48,643,medium,approved,31004,partner,false,640
app_20250111_00472999,2025-01-11 19:19:51,cust_2305923,SESV,refinance,487001,360,692,medium,approved,487001,atm,false,473
app_20250111_00473950,2025-01-11 06:11:30,cust_4915147,DEHE,education_loan,9004,36,451,high,rejected,0,partner,true,112
app_20250111_00474901,2025-01-11 09:15:57,cust_1570246,ATVI,credit_card,46559,18,688,medium,approved,46559,web,true,46
app_20250111_00475852,2025-01-11 17:42:39,cust_9013657,CZPR,personal_loan,35877,42,706,low,approved,35877,mobile_app,false,85
app_20250111_00476803,2025-01-11 21:23:04,cust_2481703,PLWA,education_loan,2511,36,658,medium,rejected,0,atm,false,134
app_20250111_00477754,2025-01-11 02:37:26,cust_3208802,ATVI,auto_loan,56867,48,749,low,rejected,0,online_banking,false,82
app_20250111_00478705,2025-01-11 06:20:54,cust_5474267,BENL,credit_card,1822,42,615,medium,rejected,0,online_banking,false,96
app_20250111_00479656,2025-01-11 00:27:54,cust_3029676,ATVI,mortgage,57580,300,613,medium,approved,57580,atm,false,465
app_20250111_00480607,2025-01-11 13:03:10,cust_2565579,CZPR,business_loan,9110,60,670,medium,approved,9110,partner,true,678
app_20250111_00481558,2025-01-11 10:08:34,cust_4896838,CHBE,credit_card,20950,30,649,medium,approved,20950,web,false,572
app_20250111_00482509,2025-01-11 18:25:12,cust_5004092,FRID,auto_loan,54970,60,580,medium,rejected,0,branch,true,121
app_20250111_00483460,2025-01-11 01:51:01,cust_4040828,ATVI,cash_loan,14220,48,588,medium,rejected,0,branch,false,109
app_20250111_00484411,2025-01-11 10:30:04,cust_9675318,ESMA,credit_card,13887,24,655,medium,rejected,0,partner,false,146
app_20250111_00485362,2025-01-11 18:13:53,cust_5646129,DEHE,personal_loan,45416,24,619,medium,approved,45416,partner,true,485
app_20250111_00486313,2025-01-11 02:45:12,cust_6242266,AUTR,mortgage,213860,180,705,low,approved,213860,atm,false,116
app_20250111_00487264,2025-01-11 08:10:36,cust_2986429,BENL,cash_loan,21808,30,527,medium,approved,21808,atm,true,184
app_20250111_00488215,2025-01-11 08:24:03,cust_327611,CHBE,business_loan,10394,24,739,low,approved,10394,atm,false,660
app_20250111_00489166,2025-01-11 12:34:49,cust_252885,PLWA,education_loan,14233,24,675,medium,approved,14233,call_center,true,282
app_20250111_00490117,2025-01-11 03:31:38,cust_3526139,NLAM,personal_loan,9704,48,737,low,approved,9704,online_banking,false,399
app_20250111_00491068,2025-01-11 06:12:24,cust_2238338,CZPR,education_loan,10768,12,695,medium,approved,10768,mobile,true,338
app_20250111_00492019,2025-01-11 06:23:13,cust_7752374,AUTR,auto_loan,9292,36,803,low,approved,9292,mobile_app,false,80
app_20250111_00492970,2025-01-11 22:36:11,cust_1113137,ESMA,personal_loan,3584,36,693,medium,rejected,0,branch,false,16
app_20250111_00493921,2025-01-11 14:54:06,cust_2707683,CHBE,education_loan,5575,48,606,medium,approved,5575,partner,false,896
app_20250111_00494872,2025-01-11 22:15:25,cust_4975197,SESV,auto_loan,52088,24,779,low,approved,52088,call_center,false,120
app_20250111_00495823,2025-01-11 03:58:44,cust_6737725,DEHE,auto_loan,37386,72,648,medium,rejected,0,atm,false,156
app_20250111_00496774,2025-01-11 16:13:49,cust_6843958,ATVI,personal_loan,37125,42,696,medium,rejected,0,call_center,true,44
app_20250111_00497725,2025-01-11 13:21:25,cust_6494036,ESMA,education_loan,5980,12,618,medium,approved,5980,mobile,false,73
app_20250111_00498676,2025-01-11 06:43:30,cust_5856673,SESV,refinance,388501,240,653,medium,approved,388501,call_center,true,560
app_20250111_00499627,2025-01-11 21:48:20,cust_4412274,CZPR,credit_card,19222,12,623,medium,approved,19222,web,false,275
app_20250111_00500578,2025-01-11 14:21:21,cust_2947529,FRID,refinance,321639,120,708,low,approved,321639,mobile,true,377
app_20250111_00501529,2025-01-11 15:20:11,cust_9999680,CHBE,refinance,196773,120,757,low,approved,196773,atm,false,348
app_20250111_00502480,2025-01-11 17:44:20,cust_793411,CHBE,mortgage,328203,120,662,medium,approved,328203,online_banking,false,495
app_20250111_00503431,2025-01-11 11:03:19,cust_9551748,ESMA,auto_loan,50686,48,563,medium,rejected,0,mobile,false,14
app_20250111_00504382,2025-01-11 13:25:00,cust_6648222,ATVI,personal_loan,45423,12,545,medium,rejected,0,branch,false,162
app_20250111_00505333,2025-01-11 00:51:38,cust_2755191,DEHE,education_loan,31277,36,666,medium,approved,31277,partner,false,358
app_20250111_00506284,2025-01-11 11:41:39,cust_3902472,ITMI,auto_loan,26284,48,832,low,approved,26284,mobile_app,true,698
app_20250111_00507235,2025-01-11 02:23:24,cust_4822822,GRRE,cash_loan,45701,12,649,medium,approved,45701,mobile_app,false,584
app_20250111_00508186,2025-01-11 02:42:53,cust_2006339,NLAM,personal_loan,18929,24,543,medium,rejected,0,web,true,77
app_20250111_00509137,2025-01-11 06:50:12,cust_9887081,PORP,business_loan,27163,60,637,medium,approved,27163,atm,true,108
app_20250111_00510088,2025-01-11 16:33:06,cust_9462335,GRRE,business_loan,28273,60,816,low,approved,28273,web,false,120
app_20250111_00511039,2025-01-11 04:13:33,cust_550679,BENL,mortgage,74128,180,656,medium,rejected,0,online_banking,true,27
app_20250111_00511990,2025-01-11 01:08:12,cust_3504617,BENL,personal_loan,14127,12,627,medium,rejected,0,branch,true,157
app_20250111_00512941,2025-01-11 21:50:10,cust_288054,FRID,auto_loan,20313,24,685,medium,approved,20313,mobile,false,88
app_20250111_00513892,2025-01-11 08:48:12,cust_2543634,SESV,education_loan,30758,36,611,medium,approved,30758,mobile_app,true,251
app_20250111_00514843,2025-01-11 23:50:13,cust_3266391,NLAM,personal_loan,11570,30,712,low,approved,11570,mobile_app,false,535
app_20250111_00515794,2025-01-11 02:01:07,cust_9247176,PORP,cash_loan,47302,30,699,medium,approved,47302,call_center,false,825
app_20250111_00516745,2025-01-11 18:26:40,cust_4787358,UKLO,education_loan,30987,48,753,low,approved,30987,web,false,695
app_20250111_00517696,2025-01-11 11:11:19,cust_7693854,AUTR,credit_card,42940,24,716,low,approved,42940,partner,true,516
app_20250111_00518647,2025-01-11 23:15:53,cust_807764,SESV,business_loan,8992,60,787,low,approved,8992,web,true,711
app_20250111_00519598,2025-01-11 18:53:25,cust_4692857,NLAM,credit_card,11530,12,516,medium,approved,11530,branch,false,608
app_20250111_00520549,2025-01-11 00:53:24,cust_1756840,FRID,credit_card,25738,48,698,medium,approved,25738,call_center,true,87
app_20250111_00521500,2025-01-11 11:11:55,cust_6791340,PLWA,auto_loan,55164,36,631,medium,approved,55164,online_banking,true,433
app_20250111_00522451,2025-01-11 03:22:52,cust_7130810,SESV,business_loan,6244,12,687,medium,approved,6244,online_banking,false,792
app_20250111_00523402,2025-01-11 23:06:30,cust_1580269,BENL,auto_loan,21618,72,530,medium,rejected,0,call_center,false,21
app_20250111_00524353,2025-01-11 05:27:28,cust_5364567,ITMI,education_loan,38568,60,657,medium,approved,38568,mobile,false,160
app_20250111_00525304,2025-01-11 01:43:46,cust_7044148,SESV,business_loan,8943,24,588,medium,approved,8943,mobile,false,892
app_20250111_00526255,2025-01-11 13:55:52,cust_4344330,PORP,cash_loan,26200,36,626,medium,approved,26200,call_center,true,884
app_20250111_00527206,2025-01-11 10:17:55,cust_4192776,GRRE,education_loan,8808,48,651,medium,approved,8808,web,false,361
app_20250111_00528157,2025-01-11 20:56:13,cust_8029967,NLAM,credit_card,41473,48,695,medium,rejected,0,call_center,false,28
app_20250111_00529108,2025-01-11 10:58:55,cust_5713776,BENL,credit_card,27985,36,621,medium,approved,27985,atm,false,730
app_20250111_00530059,2025-01-11 04:51:47,cust_2811024,BENL,auto_loan,38384,24,667,medium,approved,38384,branch,false,728
app_20250111_00531010,2025-01-11 16:06:37,cust_2253169,AUTR,personal_loan,18876,12,592,medium,approved,18876,online_banking,true,129
app_20250111_00531961,2025-01-11 12:59:44,cust_6662667,PORP,mortgage,219677,120,611,medium,approved,219677,partner,true,803
app_20250111_00532912,2025-01-11 03:04:36,cust_1387796,ITMI,refinance,380445,360,717,low,approved,380445,web,false,164
app_20250111_00533863,2025-01-11 08:01:09,cust_405957,ATVI,education_loan,27654,12,507,medium,rejected,0,branch,false,174
app_20250111_00534814,2025-01-11 19:34:03,cust_9494505,ESMA,personal_loan,42781,36,667,medium,approved,42781,mobile,false,840
app_20250111_00535765,2025-01-11 12:24:35,cust_6029303,ESMA,refinance,271458,300,580,medium,approved,271458,online_banking,false,465
app_20250111_00536716,2025-01-11 06:02:39,cust_7722264,ITMI,refinance,260865,240,596,medium,approved,260865,branch,false,522
app_20250111_00537667,2025-01-11 11:34:42,cust_5317795,UKLO,personal_loan,32462,42,660,medium,approved,32462,atm,false,177
app_20250111_00538618,2025-01-11 15:23:03,cust_3871684,ITMI,personal_loan,26296,48,568,medium,rejected,0,partner,true,144
app_20250111_00539569,2025-01-11 03:41:16,cust_3214747,SESV,education_loan,16821,48,668,medium,rejected,0,web,true,143
app_20250111_00540520,2025-01-11 12:48:57,cust_1912759,CHBE,business_loan,8517,48,600,medium,approved,8517,call_center,false,390
app_20250111_00541471,2025-01-11 20:34:34,cust_529903,SESV,personal_loan,16654,48,640,medium,rejected,0,branch,true,166
app_20250111_00542422,2025-01-11 01:24:35,cust_2638934,AUTR,business_loan,19170,36,826,low,approved,19170,mobile_app,true,831
app_20250111_00543373,2025-01-11 16:18:55,cust_9184134,ATVI,cash_loan,28455,24,757,low,approved,28455,mobile_app,false,672
app_20250111_00544324,2025-01-11 20:53:32,cust_2029202,FRID,personal_loan,45358,24,616,medium,approved,45358,mobile,false,849
app_20250111_00545275,2025-01-11 05:58:17,cust_8524414,PLWA,mortgage,302697,240,676,medium,rejected,0,mobile_app,true,13
app_20250111_00546226,2025-01-11 16:17:33,cust_5698964,BENL,mortgage,214574,120,699,medium,rejected,0,partner,true,35
app_20250111_00547177,2025-01-11 16:12:38,cust_4982111,GRRE,credit_card,37874,42,634,medium,approved,37874,web,true,433
app_20250111_00548128,2025-01-11 11:01:48,cust_1971715,SESV,business_loan,26125,24,581,medium,rejected,0,mobile_app,false,173
app_20250111_00549079,2025-01-11 03:30:24,cust_5650424,SESV,cash_loan,27367,30,660,medium,approved,27367,web,false,874
app_20250111_00550030,2025-01-11 14:12:28,cust_6439167,AUTR,business_loan,14487,48,664,medium,approved,14487,mobile,true,769
app_20250111_00550981,2025-01-11 12:59:16,cust_983719,ESMA,personal_loan,31189,12,492,high,rejected,0,mobile_app,false,177
app_20250111_00551932,2025-01-11 15:00:21,cust_4632331,NLAM,credit_card,34632,24,661,medium,approved,34632,atm,true,302
app_20250111_00552883,2025-01-11 20:51:04,cust_5969330,DEHE,refinance,264855,360,526,medium,approved,264855,branch,false,674
app_20250111_00553834,2025-01-11 22:17:27,cust_7353355,CHBE,auto_loan,5591,48,850,low,approved,5591,call_center,false,272
app_20250111_00554785,2025-01-11 01:12:08,cust_2081521,ESMA,business_loan,6062,48,612,medium,approved,6062,branch,true,330
app_20250111_00555736,2025-01-11 09:08:04,cust_4210133,CHBE,personal_loan,19896,12,706,low,approved,19896,branch,true,217
app_20250111_00556687,2025-01-11 22:11:54,cust_2023462,CHBE,education_loan,15031,36,501,medium,approved,15031,partner,false,42
app_20250111_00557638,2025-01-11 00:36:53,cust_3416944,PLWA,credit_card,23099,24,702,low,approved,23099,branch,false,302
app_20250111_00558589,2025-01-11 15:15:31,cust_1921286,ATVI,personal_loan,9702,30,650,medium,approved,9702,mobile,false,35
app_20250111_00559540,2025-01-11 23:39:01,cust_5658294,BENL,refinance,280231,360,608,medium,rejected,0,call_center,false,79
app_20250111_00560491,2025-01-11 06:14:51,cust_6448027,ATVI,business_loan,26889,36,663,medium,rejected,0,atm,false,180
app_20250111_00561442,2025-01-11 14:34:25,cust_5742862,NLAM,education_loan,21360,48,352,high,rejected,0,online_banking,false,21
app_20250111_00562393,2025-01-11 01:30:32,cust_3629192,AUTR,business_loan,35464,48,724,low,approved,35464,mobile,true,809
app_20250111_00563344,2025-01-11 06:25:08,cust_8857259,GRRE,education_loan,24492,48,767,low,approved,24492,online_banking,true,793
app_20250111_00564295,2025-01-11 23:33:41,cust_3117116,ATVI,refinance,375112,120,736,low,approved,375112,mobile_app,true,366
app_20250111_00565246,2025-01-11 21:10:46,cust_7660647,GRRE,education_loan,32805,48,667,medium,approved,32805,atm,false,811
app_20250111_00566197,2025-01-11 16:20:55,cust_9781128,CHBE,business_loan,4033,48,491,high,rejected,0,call_center,true,104
app_20250111_00567148,2025-01-11 23:05:31,cust_1944592,CHBE,business_loan,18881,24,567,medium,rejected,0,call_center,false,44
app_20250111_00568099,2025-01-11 16:11:55,cust_4164533,ITMI,cash_loan,31359,42,584,medium,approved,31359,online_banking,false,799
app_20250111_00569050,2025-01-11 19:56:38,cust_5829415,DEHE,mortgage,187980,360,535,medium,approved,187980,branch,true,469
app_20250111_00570001,2025-01-11 02:46:19,cust_7530787,NLAM,education_loan,29700,48,621,medium,rejected,0,mobile_app,false,10
app_20250111_00570952,2025-01-11 08:09:55,cust_9626231,DEHE,cash_loan,15190,42,641,medium,approved,15190,branch,true,274
app_20250111_00571903,2025-01-11 00:45:05,cust_434609,FRID,business_loan,19613,36,704,low,approved,19613,atm,true,766
app_20250111_00572854,2025-01-11 12:27:50,cust_4230551,ITMI,mortgage,157599,360,578,medium,approved,157599,web,false,611
app_20250111_00573805,2025-01-11 10:53:04,cust_1535349,BENL,mortgage,70221,240,707,low,approved,70221,online_banking,true,261
app_20250111_00574756,2025-01-11 22:36:53,cust_799901,CZPR,personal_loan,10464,42,645,medium,rejected,0,web,false,147
app_20250111_00575707,2025-01-11 17:40:43,cust_6247023,CHBE,personal_loan,9399,12,596,medium,rejected,0,call_center,false,51
app_20250111_00576658,2025-01-11 12:13:24,cust_9041527,ITMI,credit_card,13227,12,398,high,rejected,0,branch,false,5
app_20250111_00577609,2025-01-11 08:18:37,cust_3749976,FRID,cash_loan,14994,30,633,medium,approved,14994,mobile,false,344
app_20250111_00578560,2025-01-11 08:53:19,cust_5962971,ESMA,business_loan,9029,36,711,low,approved,9029,call_center,false,659
app_20250111_00579511,2025-01-11 15:51:23,cust_8482024,FRID,business_loan,11836,36,529,medium,rejected,0,mobile_app,false,6
app_20250111_00580462,2025-01-11 16:32:56,cust_571720,FRID,mortgage,270646,120,676,medium,approved,270646,online_banking,true,496
app_20250111_00581413,2025-01-11 10:27:18,cust_3258209,UKLO,refinance,226070,360,625,medium,approved,226070,branch,true,727
app_20250111_00582364,2025-01-11 10:04:01,cust_6660557,ATVI,refinance,110758,120,719,low,rejected,0,web,false,165
app_20250111_00583315,2025-01-11 04:32:36,cust_6771485,SESV,education_loan,9907,24,515,medium,rejected,0,online_banking,true,107
app_20250111_00584266,2025-01-11 06:00:04,cust_8473512,GRRE,cash_loan,2761,12,464,high,rejected,0,partner,false,21
app_20250111_00585217,2025-01-11 20:16:20,cust_4311017,ESMA,education_loan,31411,24,486,high,rejected,0,partner,false,35
app_20250111_00586168,2025-01-11 10:35:12,cust_7713319,FRID,business_loan,30111,12,642,medium,approved,30111,mobile_app,true,411
app_20250111_00587119,2025-01-11 08:39:31,cust_6425873,ESMA,business_loan,21162,12,601,medium,rejected,0,web,true,98
app_20250111_00588070,2025-01-11 17:43:55,cust_4516513,ESMA,mortgage,65540,180,624,medium,rejected,0,atm,true,170
app_20250111_00589021,2025-01-11 02:43:46,cust_6055700,PORP,education_loan,19921,24,703,low,approved,19921,atm,false,477
app_20250111_00589972,2025-01-11 02:14:14,cust_2012930,UKLO,cash_loan,3272,30,487,high,approved,3272,web,false,219
app_20250111_00590923,2025-01-11 02:58:54,cust_5940353,ITMI,business_loan,38280,60,565,medium,approved,38280,web,true,634
app_20250111_00591874,2025-01-11 00:42:06,cust_1362109,PLWA,cash_loan,10412,30,497,high,rejected,0,atm,false,160
app_20250111_00592825,2025-01-11 12:58:00,cust_1974524,PORP,credit_card,2627,24,714,low,approved,2627,mobile_app,true,625
app_20250111_00593776,2025-01-11 03:22:25,cust_9442047,AUTR,mortgage,186519,120,727,low,approved,186519,call_center,false,818
app_20250111_00594727,2025-01-11 13:22:55,cust_5775797,NLAM,cash_loan,46214,18,683,medium,approved,46214,atm,true,507
app_20250111_00595678,2025-01-11 08:43:26,cust_5386651,UKLO,cash_loan,16457,12,575,medium,rejected,0,branch,false,30
app_20250111_00596629,2025-01-11 13:56:10,cust_2944945,CHBE,cash_loan,45389,18,697,medium,approved,45389,mobile,true,160
app_20250111_00597580,2025-01-11 03:04:24,cust_2170952,NLAM,personal_loan,37175,24,833,low,approved,37175,online_banking,true,65
app_20250111_00598531,2025-01-11 23:31:35,cust_502589,DEHE,personal_loan,38088,24,712,low,approved,38088,mobile,true,62
app_20250111_00599482,2025-01-11 16:06:34,cust_4452748,ESMA,cash_loan,7349,30,643,medium,approved,7349,partner,false,63
app_20250111_00600433,2025-01-11 15:50:42,cust_1495760,CZPR,auto_loan,6313,48,566,medium,approved,6313,mobile_app,false,31
app_20250111_00601384,2025-01-11 15:58:44,cust_7114886,ESMA,personal_loan,35100,12,737,low,approved,35100,web,true,581
app_20250111_00602335,2025-01-11 14:54:38,cust_3989415,DEHE,cash_loan,39450,48,498,high,approved,39450,atm,false,703
app_20250111_00603286,2025-01-11 15:28:18,cust_2684379,ITMI,business_loan,35717,60,822,low,approved,35717,partner,false,507
app_20250111_00604237,2025-01-11 17:57:20,cust_3308137,PORP,education_loan,20304,36,581,medium,rejected,0,mobile_app,false,136
app_20250111_00605188,2025-01-11 06:16:51,cust_6775300,ATVI,credit_card,21755,36,760,low,approved,21755,mobile_app,false,659
app_20250111_00606139,2025-01-11 18:18:33,cust_5740123,CHBE,mortgage,352326,360,735,low,approved,352326,partner,true,396
app_20250111_00607090,2025-01-11 15:47:44,cust_1059144,CZPR,auto_loan,17461,60,708,low,approved,17461,call_center,false,453
app_20250111_00608041,2025-01-11 07:26:55,cust_3127388,CZPR,auto_loan,13337,36,753,low,approved,13337,atm,true,600
app_20250111_00608992,2025-01-11 02:51:09,cust_1677452,GRRE,education_loan,6369,48,731,low,approved,6369,mobile_app,false,427
app_20250111_00609943,2025-01-11 12:32:32,cust_5031830,AUTR,education_loan,20884,36,635,medium,rejected,0,partner,true,164
app_20250111_00610894,2025-01-11 10:42:31,cust_6672632,PORP,refinance,208039,180,662,medium,approved,208039,mobile_app,true,586
app_20250111_00611845,2025-01-11 22:20:50,cust_566091,FRID,cash_loan,21095,12,850,low,approved,21095,call_center,true,145
app_20250111_00612796,2025-01-11 10:38:07,cust_655280,FRID,education_loan,15430,48,610,medium,approved,15430,mobile_app,true,279
app_20250111_00613747,2025-01-11 03:43:29,cust_1767777,PLWA,personal_loan,13875,36,716,low,approved,13875,web,true,219
app_20250111_00614698,2025-01-11 14:14:25,cust_4687007,AUTR,auto_loan,26978,48,674,medium,approved,26978,call_center,false,186
app_20250111_00615649,2025-01-11 02:58:15,cust_5866431,PLWA,credit_card,13350,42,699,medium,approved,13350,web,false,469
app_20250111_00616600,2025-01-11 12:56:41,cust_1365343,PORP,refinance,339192,300,676,medium,approved,339192,call_center,false,801
app_20250111_00617551,2025-01-11 16:57:17,cust_7610476,UKLO,personal_loan,16426,36,671,medium,approved,16426,web,true,283
app_20250111_00618502,2025-01-11 15:12:41,cust_9712708,ITMI,business_loan,7928,36,663,medium,approved,7928,call_center,false,80
app_20250111_00619453,2025-01-11 09:12:31,cust_8362379,PLWA,refinance,224530,360,780,low,approved,224530,call_center,true,253
app_20250111_00620404,2025-01-11 22:32:24,cust_9297522,ESMA,credit_card,40264,30,535,medium,rejected,0,partner,false,171
app_20250111_00621355,2025-01-11 16:47:27,cust_8211753,NLAM,education_loan,19395,60,570,medium,rejected,0,partner,true,146
app_20250111_00622306,2025-01-11 05:54:22,cust_3881683,NLAM,refinance,468446,120,650,medium,approved,468446,partner,false,257
app_20250111_00623257,2025-01-11 17:57:59,cust_6992442,ATVI,refinance,195151,120,774,low,approved,195151,partner,true,613
app_20250111_00624208,2025-01-11 18:25:05,cust_3272722,NLAM,education_loan,27592,24,747,low,approved,27592,mobile_app,false,62
app_20250111_00625159,2025-01-11 10:16:31,cust_3617954,SESV,mortgage,156315,120,586,medium,approved,156315,mobile_app,true,507
app_20250111_00626110,2025-01-11 04:25:53,cust_908671,FRID,credit_card,34565,24,722,low,approved,34565,mobile,false,213
app_20250111_00627061,2025-01-11 12:00:16,cust_7212898,AUTR,refinance,393361,120,714,low,approved,393361,atm,true,165
app_20250111_00628012,2025-01-11 04:46:40,cust_3357636,ITMI,business_loan,39717,60,783,low,approved,39717,atm,false,499
app_20250111_00628963,2025-01-11 06:49:43,cust_9689573,ITMI,credit_card,7311,12,616,medium,approved,7311,web,true,643
app_20250111_00629914,2025-01-11 04:35:06,cust_4077817,CHBE,refinance,66090,120,523,medium,approved,66090,online_banking,true,758
app_20250111_00630865,2025-01-11 17:35:19,cust_5348261,FRID,cash_loan,8438,42,595,medium,rejected,0,web,false,28
app_20250111_00631816,2025-01-11 16:53:11,cust_4910568,CZPR,personal_loan,6889,18,736,low,approved,6889,web,false,666
app_20250111_00632767,2025-01-11 20:40:40,cust_1901849,DEHE,business_loan,21422,48,501,medium,rejected,0,atm,false,166
app_20250111_00633718,2025-01-11 10:15:32,cust_5263094,FRID,cash_loan,32561,12,614,medium,approved,32561,web,true,523
app_20250111_00634669,2025-01-11 21:03:17,cust_6911713,ITMI,business_loan,11079,12,663,medium,rejected,0,mobile,false,18
app_20250111_00635620,2025-01-11 02:42:03,cust_6984681,GRRE,refinance,83027,240,394,high,rejected,0,mobile,false,63
app_20250111_00636571,2025-01-11 16:02:33,cust_6049174,CZPR,business_loan,19806,60,721,low,approved,19806,call_center,false,324
app_20250111_00637522,2025-01-11 00:42:36,cust_3014189,BENL,mortgage,292629,240,619,medium,approved,292629,mobile,false,730
app_20250111_00638473,2025-01-11 15:24:22,cust_4970253,BENL,auto_loan,17356,48,759,low,approved,17356,call_center,true,372
app_20250111_00639424,2025-01-11 12:02:18,cust_1502849,NLAM,education_loan,39184,36,511,medium,rejected,0,call_center,false,99
app_20250111_00640375,2025-01-11 23:20:16,cust_2367276,CHBE,cash_loan,40831,48,545,medium,rejected,0,partner,true,161
app_20250111_00641326,2025-01-11 11:01:30,cust_7266530,DEHE,auto_loan,14872,24,577,medium,approved,14872,online_banking,false,54
app_20250111_00642277,2025-01-11 17:46:03,cust_3958667,PORP,cash_loan,42737,12,581,medium,approved,42737,call_center,false,164
app_20250111_00643228,2025-01-11 23:36:33,cust_2004646,PORP,mortgage,466016,120,680,medium,approved,466016,web,true,316
app_20250111_00644179,2025-01-11 22:53:57,cust_8073387,FRID,credit_card,4590,42,714,low,approved,4590,web,true,572
app_20250111_00645130,2025-01-11 12:31:44,cust_8533959,AUTR,mortgage,263873,360,599,medium,approved,263873,mobile,false,58
app_20250111_00646081,2025-01-11 11:55:14,cust_944234,BENL,cash_loan,23804,24,670,medium,rejected,0,mobile,false,147
app_20250111_00647032,2025-01-11 23:11:36,cust_5795954,FRID,business_loan,25147,48,600,medium,rejected,0,partner,true,133
app_20250111_00647983,2025-01-11 04:44:27,cust_3947520,DEHE,refinance,75531,300,810,low,rejected,0,branch,false,58
app_20250111_00648934,2025-01-11 04:33:51,cust_3998471,DEHE,cash_loan,34545,12,690,medium,rejected,0,partner,false,73
app_20250111_00649885,2025-01-11 10:05:47,cust_8382059,PLWA,refinance,311827,180,664,medium,rejected,0,branch,false,12
app_20250111_00650836,2025-01-11 06:28:59,cust_5457183,NLAM,education_loan,7441,48,458,high,rejected,0,mobile,true,111
app_20250111_00651787,2025-01-11 16:50:18,cust_4584849,FRID,personal_loan,32966,48,654,medium,approved,32966,atm,false,332
app_20250111_00652738,2025-01-11 21:44:40,cust_1185416,FRID,business_loan,33671,48,758,low,rejected,0,mobile,false,90
app_20250111_00653689,2025-01-11 18:45:12,cust_7928465,DEHE,personal_loan,20071,36,760,low,approved,20071,branch,false,562
app_20250111_00654640,2025-01-11 09:58:23,cust_8731599,FRID,business_loan,24786,48,565,medium,rejected,0,online_banking,true,134
app_20250111_00655591,2025-01-11 00:00:30,cust_3987680,ATVI,personal_loan,35505,42,587,medium,approved,35505,web,false,521
app_20250111_00656542,2025-01-11 03:01:08,cust_4332548,CHBE,personal_loan,15426,18,632,medium,approved,15426,call_center,false,180
app_20250111_00657493,2025-01-11 23:08:51,cust_1011609,NLAM,education_loan,29669,48,642,medium,approved,29669,call_center,true,514
app_20250111_00658444,2025-01-11 11:24:02,cust_3694790,AUTR,credit_card,14206,24,639,medium,approved,14206,mobile_app,false,204
app_20250111_00659395,2025-01-11 14:33:54,cust_1207639,PLWA,credit_card,48702,18,502,medium,approved,48702,mobile_app,false,835
app_20250111_00660346,2025-01-11 17:41:25,cust_4292180,DEHE,mortgage,82234,300,643,medium,rejected,0,mobile_app,true,148
app_20250111_00661297,2025-01-11 18:04:02,cust_6825146,BENL,refinance,454402,120,725,low,approved,454402,mobile_app,false,787
app_20250111_00662248,2025-01-11 06:51:09,cust_2431644,NLAM,refinance,350073,120,502,medium,rejected,0,atm,true,73
app_20250111_00663199,2025-01-11 12:21:58,cust_6287797,AUTR,education_loan,33740,36,650,medium,approved,33740,atm,false,884
app_20250111_00664150,2025-01-11 08:30:03,cust_3634748,AUTR,cash_loan,23154,18,639,medium,approved,23154,partner,true,618
app_20250111_00665101,2025-01-11 01:10:10,cust_8970815,CHBE,refinance,209091,120,744,low,approved,209091,partner,true,900
app_20250111_00666052,2025-01-11 19:01:19,cust_5900046,NLAM,business_loan,2699,24,606,medium,rejected,0,call_center,false,153
app_20250111_00667003,2025-01-11 04:23:48,cust_6521664,GRRE,personal_loan,49452,12,789,low,approved,49452,online_banking,false,860
app_20250111_00667954,2025-01-11 04:11:45,cust_4207496,PORP,refinance,260047,300,767,low,approved,260047,online_banking,false,286
app_20250111_00668905,2025-01-11 04:39:38,cust_3147625,CZPR,credit_card,40301,12,783,low,approved,40301,atm,false,450
app_20250111_00669856,2025-01-11 13:11:32,cust_1095618,PORP,credit_card,46968,42,706,low,approved,46968,mobile_app,true,89
app_20250111_00670807,2025-01-11 13:03:58,cust_5503700,SESV,business_loan,9301,12,850,low,approved,9301,online_banking,false,192
app_20250111_00671758,2025-01-11 02:30:33,cust_6007490,BENL,personal_loan,7381,18,665,medium,approved,7381,branch,false,369
app_20250111_00672709,2025-01-11 06:59:34,cust_7058048,PORP,cash_loan,46357,36,692,medium,rejected,0,mobile,true,40
app_20250111_00673660,2025-01-11 21:11:42,cust_1574577,FRID,refinance,433221,300,613,medium,approved,433221,branch,false,888
app_20250111_00674611,2025-01-11 17:55:26,cust_8180408,CZPR,refinance,212031,180,711,low,approved,212031,mobile_app,false,572
app_20250111_00675562,2025-01-11 08:26:54,cust_8857306,SESV,cash_loan,11212,24,468,high,approved,11212,branch,true,825
app_20250111_00676513,2025-01-11 03:57:22,cust_6483903,PLWA,personal_loan,7058,48,508,medium,rejected,0,mobile,false,64
app_20250111_00677464,2025-01-11 04:04:22,cust_4048249,SESV,business_loan,33922,24,634,medium,approved,33922,atm,false,375
app_20250111_00678415,2025-01-11 22:12:54,cust_6361116,CZPR,business_loan,25855,60,712,low,approved,25855,partner,true,764
app_20250111_00679366,2025-01-11 17:05:30,cust_9925023,GRRE,credit_card,49039,30,600,medium,approved,49039,partner,true,221
app_20250111_00680317,2025-01-11 01:43:40,cust_1068013,DEHE,refinance,384672,180,850,low,approved,384672,branch,false,342
app_20250111_00681268,2025-01-11 16:38:05,cust_8088580,ITMI,cash_loan,47035,36,561,medium,approved,47035,online_banking,false,488
app_20250111_00682219,2025-01-11 19:44:41,cust_7604298,DEHE,auto_loan,37482,48,716,low,approved,37482,atm,false,622
app_20250111_00683170,2025-01-11 02:47:10,cust_8960564,SESV,mortgage,323603,360,614,medium,approved,323603,atm,false,381
app_20250111_00684121,2025-01-11 04:01:42,cust_2670365,PORP,personal_loan,24221,18,621,medium,rejected,0,mobile,false,120
app_20250111_00685072,2025-01-11 07:27:45,cust_5210666,CHBE,refinance,234085,240,504,medium,rejected,0,atm,false,26
app_20250111_00686023,2025-01-11 10:17:17,cust_689361,GRRE,personal_loan,44128,24,714,low,approved,44128,call_center,false,142
app_20250111_00686974,2025-01-11 13:46:19,cust_4182666,DEHE,personal_loan,11635,30,699,medium,approved,11635,mobile_app,true,729
app_20250111_00687925,2025-01-11 21:16:13,cust_6789719,ATVI,mortgage,302163,120,639,medium,rejected,0,online_banking,true,110
app_20250111_00688876,2025-01-11 20:38:08,cust_1818933,SESV,cash_loan,22541,36,578,medium,approved,22541,web,false,716
app_20250111_00689827,2025-01-11 00:18:45,cust_1703157,DEHE,refinance,429978,120,747,low,approved,429978,mobile_app,false,537
app_20250111_00690778,2025-01-11 03:00:04,cust_8691134,ATVI,education_loan,15319,12,619,medium,approved,15319,call_center,true,476
app_20250111_00691729,2025-01-11 08:15:59,cust_2800322,PLWA,education_loan,6148,36,607,medium,rejected,0,mobile,false,142
app_20250111_00692680,2025-01-11 02:51:26,cust_5495629,DEHE,personal_loan,12661,12,702,low,approved,12661,mobile_app,true,672
app_20250111_00693631,2025-01-11 21:12:07,cust_2353942,UKLO,mortgage,393271,360,600,medium,rejected,0,call_center,true,127
app_20250111_00694582,2025-01-11 13:02:10,cust_1290594,FRID,education_loan,18531,12,614,medium,approved,18531,mobile,true,544
app_20250111_00695533,2025-01-11 07:43:14,cust_4139271,FRID,cash_loan,17549,24,605,medium,approved,17549,partner,true,512
app_20250111_00696484,2025-01-11 22:32:38,cust_1372535,BENL,business_loan,17089,36,631,medium,rejected,0,atm,false,126
app_20250111_00697435,2025-01-11 17:05:00,cust_4711709,SESV,education_loan,14880,48,781,low,approved,14880,branch,true,764
app_20250111_00698386,2025-01-11 18:22:08,cust_9276691,GRRE,cash_loan,18101,30,581,medium,approved,18101,online_banking,true,68
app_20250111_00699337,2025-01-11 17:08:46,cust_5342231,FRID,refinance,61215,300,594,medium,approved,61215,mobile,true,203
app_20250111_00700288,2025-01-11 05:09:30,cust_913750,UKLO,refinance,317876,300,699,medium,approved,317876,mobile,false,247
app_20250111_00701239,2025-01-11 08:45:31,cust_1061129,PLWA,business_loan,16071,48,539,medium,rejected,0,online_banking,true,126
app_20250111_00702190,2025-01-11 17:06:07,cust_474834,GRRE,personal_loan,28598,24,684,medium,rejected,0,mobile,true,51
app_20250111_00703141,2025-01-11 20:49:08,cust_418454,ATVI,personal_loan,17529,36,755,low,approved,17529,atm,false,834
app_20250111_00704092,2025-01-11 09:33:50,cust_8171908,UKLO,education_loan,9159,24,746,low,approved,9159,atm,false,767
app_20250111_00705043,2025-01-11 02:02:51,cust_1938351,PORP,credit_card,39457,12,596,medium,rejected,0,mobile,false,29
app_20250111_00705994,2025-01-11 11:49:54,cust_378628,AUTR,cash_loan,47135,42,608,medium,rejected,0,call_center,true,128
app_20250111_00706945,2025-01-11 22:32:06,cust_4636560,ESMA,personal_loan,10924,42,638,medium,approved,10924,call_center,true,607
app_20250111_00707896,2025-01-11 15:51:19,cust_8354894,ESMA,auto_loan,26160,60,701,low,approved,26160,atm,false,690
app_20250111_00708847,2025-01-11 16:14:40,cust_8287618,SESV,credit_card,24589,18,544,medium,rejected,0,mobile_app,true,65
app_20250111_00709798,2025-01-11 02:43:53,cust_3505634,FRID,business_loan,9621,12,604,medium,approved,9621,call_center,true,468
app_20250111_00710749,2025-01-11 10:32:45,cust_9094703,CZPR,auto_loan,58002,48,850,low,approved,58002,atm,false,222
app_20250111_00711700,2025-01-11 14:02:27,cust_3817580,SESV,auto_loan,58760,48,430,high,approved,58760,call_center,true,101
app_20250111_00712651,2025-01-11 16:46:19,cust_8614687,UKLO,cash_loan,44962,42,665,medium,approved,44962,mobile_app,false,654
app_20250111_00713602,2025-01-11 12:06:03,cust_1541269,PLWA,personal_loan,25521,36,802,low,approved,25521,mobile,true,637
app_20250111_00714553,2025-01-11 08:28:24,cust_6147545,FRID,business_loan,31186,60,550,medium,approved,31186,partner,false,163
app_20250111_00715504,2025-01-11 20:37:38,cust_898250,UKLO,mortgage,56013,240,504,medium,rejected,0,mobile_app,true,110
app_20250111_00716455,2025-01-11 21:30:10,cust_5351158,SESV,refinance,237054,360,694,medium,rejected,0,partner,false,37
app_20250111_00717406,2025-01-11 05:51:58,cust_6174244,CZPR,refinance,236170,240,707,low,approved,236170,mobile_app,false,776
app_20250111_00718357,2025-01-11 13:47:13,cust_4987093,CHBE,credit_card,40459,36,772,low,approved,40459,branch,true,887
app_20250111_00719308,2025-01-11 03:10:56,cust_1812706,PLWA,business_loan,6148,24,709,low,rejected,0,online_banking,false,54
app_20250111_00720259,2025-01-11 03:36:02,cust_9644803,ATVI,credit_card,37517,12,766,low,approved,37517,call_center,true,390
app_20250111_00721210,2025-01-11 18:51:41,cust_672203,AUTR,credit_card,48188,30,533,medium,rejected,0,call_center,false,111
app_20250111_00722161,2025-01-11 15:52:47,cust_5390707,ESMA,mortgage,274710,300,707,low,approved,274710,call_center,false,398
app_20250111_00723112,2025-01-11 11:49:46,cust_4634072,PLWA,cash_loan,16319,30,703,low,approved,16319,mobile_app,true,366
app_20250111_00724063,2025-01-11 20:54:13,cust_1904224,ITMI,business_loan,26638,24,631,medium,rejected,0,mobile_app,true,113
app_20250111_00725014,2025-01-11 00:09:11,cust_4965949,ATVI,mortgage,265208,120,701,low,approved,265208,atm,true,273
app_20250111_00725965,2025-01-11 23:22:29,cust_2004322,ESMA,mortgage,89998,360,837,low,approved,89998,atm,false,177
app_20250111_00726916,2025-01-11 12:38:32,cust_4380943,ESMA,credit_card,43487,12,702,low,approved,43487,branch,false,684
app_20250111_00727867,2025-01-11 08:54:12,cust_6046692,ESMA,business_loan,21789,36,539,medium,approved,21789,partner,false,652
app_20250111_00728818,2025-01-11 07:56:53,cust_3373348,FRID,business_loan,18345,12,737,low,approved,18345,call_center,true,370
app_20250111_00729769,2025-01-11 07:26:48,cust_2960901,CZPR,mortgage,486320,240,813,low,approved,486320,web,false,665
app_20250111_00730720,2025-01-11 13:00:37,cust_1145997,DEHE,auto_loan,38716,48,510,medium,approved,38716,atm,false,732
app_20250111_00731671,2025-01-11 23:05:48,cust_291677,CHBE,business_loan,35296,12,632,medium,approved,35296,atm,false,273
app_20250111_00732622,2025-01-11 15:56:19,cust_6183554,FRID,personal_loan,36395,12,681,medium,approved,36395,online_banking,true,289
app_20250111_00733573,2025-01-11 09:53:18,cust_5865409,ATVI,mortgage,432349,360,850,low,rejected,0,branch,true,66
app_20250111_00734524,2025-01-11 06:55:21,cust_4107430,ITMI,business_loan,36144,60,517,medium,approved,36144,mobile,false,446
app_20250111_00735475,2025-01-11 18:33:51,cust_6839024,UKLO,mortgage,133216,240,532,medium,rejected,0,web,false,144
app_20250111_00736426,2025-01-11 23:37:42,cust_9213993,BENL,mortgage,361342,120,393,high,rejected,0,online_banking,false,151
app_20250111_00737377,2025-01-11 20:05:23,cust_4721794,ITMI,mortgage,199979,180,535,medium,rejected,0,online_banking,true,37
app_20250111_00738328,2025-01-11 06:07:08,cust_4468308,FRID,education_loan,10307,12,572,medium,approved,10307,atm,true,42
app_20250111_00739279,2025-01-11 22:40:14,cust_6996585,ESMA,credit_card,22507,24,533,medium,rejected,0,call_center,false,179
app_20250111_00740230,2025-01-11 00:14:18,cust_5928250,ATVI,credit_card,3691,48,475,high,rejected,0,mobile,false,146
app_20250111_00741181,2025-01-11 11:06:06,cust_2898733,ESMA,refinance,234221,120,565,medium,approved,234221,branch,true,131
app_20250111_00742132,2025-01-11 22:21:48,cust_454840,ATVI,refinance,388673,300,418,high,approved,388673,partner,true,245
app_20250111_00743083,2025-01-11 12:16:02,cust_3726068,CZPR,refinance,178557,180,512,medium,rejected,0,mobile,false,97
app_20250111_00744034,2025-01-11 16:42:11,cust_6305135,PORP,education_loan,4032,12,609,medium,approved,4032,atm,false,134
app_20250111_00744985,2025-01-11 13:32:45,cust_2395214,CHBE,auto_loan,18434,24,622,medium,approved,18434,mobile_app,false,898
app_20250111_00745936,2025-01-11 02:56:41,cust_9373499,NLAM,business_loan,18542,36,616,medium,approved,18542,atm,false,322
app_20250111_00746887,2025-01-11 23:01:07,cust_7270083,CHBE,personal_loan,27078,42,699,medium,approved,27078,mobile,false,162
app_20250111_00747838,2025-01-11 19:54:21,cust_6991954,PORP,education_loan,17524,48,529,medium,approved,17524,online_banking,true,154
app_20250111_00748789,2025-01-11 00:25:40,cust_3296872,BENL,personal_loan,3728,18,850,low,approved,3728,atm,true,766
app_20250111_00749740,2025-01-11 17:24:17,cust_7112845,CZPR,credit_card,32524,12,744,low,approved,32524,branch,true,196
app_20250111_00750691,2025-01-11 06:07:31,cust_3479560,ESMA,refinance,334592,360,632,medium,approved,334592,mobile,true,31
app_20250111_00751642,2025-01-11 06:10:25,cust_614486,PORP,education_loan,3181,60,520,medium,rejected,0,mobile_app,true,171
app_20250111_00752593,2025-01-11 16:25:36,cust_9962201,ITMI,auto_loan,25722,48,543,medium,rejected,0,atm,true,83
app_20250111_00753544,2025-01-11 19:31:43,cust_5654744,CZPR,business_loan,18779,12,663,medium,approved,18779,web,false,158
app_20250111_00754495,2025-01-11 13:51:40,cust_2143881,PLWA,education_loan,12613,60,654,medium,rejected,0,mobile_app,false,5
app_20250111_00755446,2025-01-11 06:03:46,cust_5995804,ATVI,personal_loan,5695,30,563,medium,approved,5695,mobile,true,567
app_20250111_00756397,2025-01-11 23:10:55,cust_6000078,ATVI,refinance,212493,180,819,low,approved,212493,branch,false,764
app_20250111_00757348,2025-01-11 13:19:18,cust_3569547,CHBE,education_loan,18937,36,470,high,rejected,0,atm,false,83
app_20250111_00758299,2025-01-11 16:13:43,cust_2523683,UKLO,refinance,493447,180,505,medium,approved,493447,call_center,true,231
app_20250111_00759250,2025-01-11 06:48:43,cust_8129005,BENL,business_loan,4966,48,692,medium,approved,4966,mobile_app,true,179
app_20250111_00760201,2025-01-11 06:05:27,cust_8574875,NLAM,credit_card,6887,24,704,low,approved,6887,partner,false,329
app_20250111_00761152,2025-01-11 11:49:57,cust_8897732,SESV,cash_loan,29038,36,621,medium,approved,29038,atm,false,224
app_20250111_00762103,2025-01-11 05:54:42,cust_8115641,UKLO,personal_loan,16764,36,500,medium,rejected,0,partner,false,22
app_20250111_00763054,2025-01-11 05:44:33,cust_9572555,UKLO,auto_loan,22805,36,603,medium,approved,22805,branch,true,547
app_20250111_00764005,2025-01-11 15:36:23,cust_7304457,AUTR,cash_loan,7446,36,727,low,rejected,0,mobile,false,75
app_20250111_00764956,2025-01-11 00:10:25,cust_6644697,SESV,auto_loan,41168,48,748,low,approved,41168,partner,false,808
app_20250111_00765907,2025-01-11 07:47:48,cust_3809967,BENL,mortgage,153509,180,850,low,rejected,0,online_banking,true,22
app_20250111_00766858,2025-01-11 14:10:33,cust_7856297,NLAM,education_loan,8971,36,680,medium,approved,8971,call_center,true,840
app_20250111_00767809,2025-01-11 09:17:06,cust_8016611,DEHE,personal_loan,16115,18,658,medium,approved,16115,atm,true,671
app_20250111_00768760,2025-01-11 01:41:27,cust_1675493,BENL,education_loan,13299,60,729,low,rejected,0,mobile,false,83
app_20250111_00769711,2025-01-11 01:57:45,cust_5847182,AUTR,personal_loan,42708,12,631,medium,approved,42708,mobile_app,true,357
app_20250111_00770662,2025-01-11 04:41:58,cust_3616110,ITMI,mortgage,125234,120,850,low,approved,125234,call_center,false,686
app_20250111_00771613,2025-01-11 20:39:26,cust_5754623,CHBE,mortgage,100413,240,476,high,rejected,0,online_banking,true,41
app_20250111_00772564,2025-01-11 18:39:09,cust_1739941,PORP,credit_card,14652,42,634,medium,approved,14652,partner,false,857
app_20250111_00773515,2025-01-11 09:09:42,cust_489912,DEHE,education_loan,15850,24,642,medium,approved,15850,online_banking,true,702
app_20250111_00774466,2025-01-11 12:22:18,cust_6432151,GRRE,credit_card,5991,30,755,low,approved,5991,online_banking,false,740
app_20250111_00775417,2025-01-11 08:48:55,cust_2377625,GRRE,education_loan,2489,36,804,low,approved,2489,mobile_app,false,181
app_20250111_00776368,2025-01-11 16:40:17,cust_3028058,FRID,mortgage,412429,240,665,medium,approved,412429,partner,false,314
app_20250111_00777319,2025-01-11 03:52:25,cust_8136616,GRRE,refinance,470285,360,724,low,approved,470285,online_banking,false,507
app_20250111_00778270,2025-01-11 23:29:51,cust_6789520,DEHE,credit_card,20511,18,500,medium,approved,20511,partner,true,214
app_20250111_00779221,2025-01-11 04:47:05,cust_4249623,FRID,education_loan,8997,24,526,medium,rejected,0,web,false,80
app_20250111_00780172,2025-01-11 07:31:26,cust_9606418,FRID,education_loan,19981,60,703,low,approved,19981,call_center,true,227
app_20250111_00781123,2025-01-11 07:16:51,cust_642303,DEHE,credit_card,16510,24,624,medium,approved,16510,mobile,true,782
app_20250111_00782074,2025-01-11 14:08:46,cust_7930664,PORP,cash_loan,15587,36,676,medium,approved,15587,call_center,false,688
app_20250111_00783025,2025-01-11 05:06:11,cust_3170619,ESMA,education_loan,18696,12,695,medium,approved,18696,partner,true,218
app_20250111_00783976,2025-01-11 18:05:28,cust_348008,AUTR,mortgage,107982,240,535,medium,rejected,0,web,true,151
app_20250111_00784927,2025-01-11 09:40:48,cust_2083967,CHBE,education_loan,24770,24,649,medium,approved,24770,call_center,true,790
app_20250111_00785878,2025-01-11 10:47:37,cust_7242740,BENL,mortgage,256750,180,622,medium,rejected,0,mobile_app,true,100
app_20250111_00786829,2025-01-11 23:12:26,cust_7283400,FRID,mortgage,271780,300,562,medium,rejected,0,mobile,true,64
app_20250111_00787780,2025-01-11 05:39:52,cust_9183733,AUTR,mortgage,372084,300,794,low,approved,372084,mobile,false,152
app_20250111_00788731,2025-01-11 08:58:24,cust_9186532,FRID,mortgage,388508,300,624,medium,approved,388508,call_center,true,394
app_20250111_00789682,2025-01-11 18:21:41,cust_8875731,FRID,cash_loan,42095,30,537,medium,rejected,0,partner,false,117
app_20250111_00790633,2025-01-11 15:01:47,cust_597744,FRID,refinance,331330,300,543,medium,rejected,0,mobile_app,true,46
app_20250111_00791584,2025-01-11 00:16:16,cust_8392354,FRID,auto_loan,21747,60,515,medium,approved,21747,mobile,true,659
app_20250111_00792535,2025-01-11 22:25:08,cust_8396030,DEHE,education_loan,33951,36,720,low,approved,33951,branch,false,662
app_20250111_00793486,2025-01-11 07:18:46,cust_6232862,CHBE,personal_loan,36082,30,632,medium,approved,36082,call_center,true,223
app_20250111_00794437,2025-01-11 04:54:03,cust_3944404,DEHE,education_loan,28086,48,661,medium,approved,28086,mobile_app,true,35
app_20250111_00795388,2025-01-11 12:50:58,cust_8589044,ATVI,mortgage,198817,120,712,low,approved,198817,web,true,430
app_20250111_00796339,2025-01-11 02:05:42,cust_9749851,CHBE,mortgage,302402,300,562,medium,approved,302402,call_center,false,873
app_20250111_00797290,2025-01-11 20:21:01,cust_1382684,FRID,education_loan,20952,60,358,high,rejected,0,call_center,false,57
app_20250111_00798241,2025-01-11 10:06:15,cust_5604780,NLAM,credit_card,43572,18,549,medium,rejected,0,mobile,true,113
app_20250111_00799192,2025-01-11 04:41:04,cust_4757827,PORP,refinance,480533,120,495,high,rejected,0,mobile,true,96
app_20250111_00800143,2025-01-11 22:18:03,cust_6158194,CZPR,business_loan,13546,24,778,low,approved,13546,mobile,true,776
app_20250111_00801094,2025-01-11 19:08:42,cust_7094352,DEHE,mortgage,155980,120,586,medium,approved,155980,partner,true,701
app_20250111_00802045,2025-01-11 01:32:41,cust_2696389,FRID,cash_loan,34241,18,744,low,approved,34241,mobile,false,368
app_20250111_00802996,2025-01-11 20:00:25,cust_7650031,UKLO,business_loan,16117,60,488,high,approved,16117,mobile,true,143
app_20250111_00803947,2025-01-11 23:41:46,cust_5505037,DEHE,business_loan,15387,36,783,low,approved,15387,atm,true,251
app_20250111_00804898,2025-01-11 13:10:30,cust_8610813,ITMI,mortgage,481962,240,713,low,approved,481962,atm,true,882
app_20250111_00805849,2025-01-11 12:58:57,cust_7159203,FRID,credit_card,22316,42,733,low,rejected,0,branch,false,75
app_20250111_00806800,2025-01-11 00:23:17,cust_7153289,CHBE,business_loan,23070,24,658,medium,rejected,0,online_banking,false,74
app_20250111_00807751,2025-01-11 14:03:10,cust_6796059,DEHE,mortgage,222846,180,660,medium,approved,222846,mobile_app,true,771
app_20250111_00808702,2025-01-11 23:30:47,cust_8885820,PLWA,cash_loan,29716,24,677,medium,rejected,0,partner,false,47
app_20250111_00809653,2025-01-11 09:27:35,cust_9867313,ITMI,auto_loan,16920,48,847,low,approved,16920,online_banking,true,395
app_20250111_00810604,2025-01-11 21:12:02,cust_9223939,UKLO,education_loan,12874,36,637,medium,approved,12874,online_banking,true,743
app_20250111_00811555,2025-01-11 06:16:52,cust_8277674,ITMI,auto_loan,23290,72,553,medium,rejected,0,mobile_app,false,94
app_20250111_00812506,2025-01-11 09:42:09,cust_1829370,PLWA,personal_loan,36939,18,771,low,approved,36939,partner,true,112
app_20250111_00813457,2025-01-11 13:33:51,cust_4576705,PLWA,credit_card,24116,48,848,low,approved,24116,mobile,false,824
app_20250111_00814408,2025-01-11 02:11:26,cust_545543,NLAM,cash_loan,15843,48,742,low,approved,15843,web,true,238
app_20250111_00815359,2025-01-11 06:34:17,cust_9789457,UKLO,credit_card,5313,24,658,medium,approved,5313,partner,false,539
app_20250111_00816310,2025-01-11 12:36:03,cust_3340396,FRID,auto_loan,33918,60,637,medium,approved,33918,mobile,false,796
app_20250111_00817261,2025-01-11 21:00:11,cust_9010791,ATVI,refinance,471796,240,596,medium,approved,471796,branch,false,783
app_20250111_00818212,2025-01-11 15:42:50,cust_3770177,GRRE,education_loan,21397,24,630,medium,approved,21397,web,false,178
app_20250111_00819163,2025-01-11 18:30:55,cust_2668524,CZPR,refinance,261956,360,720,low,approved,261956,mobile_app,false,181
app_20250111_00820114,2025-01-11 01:09:50,cust_4738367,UKLO,business_loan,18642,60,636,medium,rejected,0,mobile_app,true,135
app_20250111_00821065,2025-01-11 11:12:49,cust_9262271,AUTR,mortgage,411999,240,603,medium,approved,411999,atm,true,446
app_20250111_00822016,2025-01-11 06:43:27,cust_2189530,ESMA,cash_loan,18868,18,666,medium,approved,18868,web,true,128
app_20250111_00822967,2025-01-11 14:22:23,cust_5802243,FRID,auto_loan,16334,48,453,high,rejected,0,atm,false,82
app_20250111_00823918,2025-01-11 21:57:09,cust_7862525,PORP,personal_loan,41120,12,741,low,approved,41120,branch,false,34
app_20250111_00824869,2025-01-11 15:55:17,cust_1340936,UKLO,business_loan,9110,60,668,medium,approved,9110,mobile,true,770
app_20250111_00825820,2025-01-11 00:10:16,cust_1330515,UKLO,education_loan,25252,60,368,high,rejected,0,call_center,false,70
app_20250111_00826771,2025-01-11 04:56:31,cust_656877,PORP,cash_loan,18024,12,699,medium,approved,18024,web,false,204
app_20250111_00827722,2025-01-11 14:02:50,cust_6591017,PORP,cash_loan,5094,24,777,low,approved,5094,mobile,false,356
app_20250111_00828673,2025-01-11 04:16:50,cust_2240899,PLWA,mortgage,204503,240,756,low,approved,204503,call_center,true,182
app_20250111_00829624,2025-01-11 16:39:48,cust_1171846,NLAM,auto_loan,41332,72,834,low,approved,41332,partner,true,308
app_20250111_00830575,2025-01-11 03:01:48,cust_7662894,CHBE,cash_loan,24949,42,603,medium,approved,24949,partner,true,405
app_20250111_00831526,2025-01-11 10:57:22,cust_8111073,CHBE,credit_card,47235,30,662,medium,rejected,0,online_banking,true,121
app_20250111_00832477,2025-01-11 12:31:52,cust_5494338,ATVI,auto_loan,11298,72,580,medium,rejected,0,call_center,true,20
app_20250111_00833428,2025-01-11 21:15:32,cust_8920398,BENL,education_loan,24707,60,770,low,approved,24707,web,true,109
app_20250111_00834379,2025-01-11 23:14:14,cust_2822399,SESV,education_loan,16802,12,850,low,approved,16802,web,true,332
app_20250111_00835330,2025-01-11 09:59:01,cust_2581706,NLAM,refinance,158185,180,738,low,approved,158185,atm,true,346
app_20250111_00836281,2025-01-11 07:10:49,cust_8972724,FRID,personal_loan,7439,30,617,medium,approved,7439,online_banking,false,84
app_20250111_00837232,2025-01-11 11:50:30,cust_832654,PORP,mortgage,430900,240,605,medium,approved,430900,online_banking,true,473
app_20250111_00838183,2025-01-11 11:10:51,cust_3337464,BENL,cash_loan,40494,12,737,low,approved,40494,call_center,true,442
app_20250111_00839134,2025-01-11 11:24:05,cust_4432460,UKLO,credit_card,5919,36,680,medium,approved,5919,web,true,341
app_20250111_00840085,2025-01-11 04:39:35,cust_3428428,AUTR,cash_loan,26277,24,614,medium,approved,26277,branch,false,885
app_20250111_00841036,2025-01-11 03:45:30,cust_661552,GRRE,education_loan,21748,48,480,high,rejected,0,call_center,true,39
app_20250111_00841987,2025-01-11 17:09:51,cust_9773682,AUTR,auto_loan,54448,60,712,low,approved,54448,atm,true,595
app_20250111_00842938,2025-01-11 23:53:44,cust_8057589,GRRE,credit_card,14074,42,564,medium,approved,14074,mobile,true,563
app_20250111_00843889,2025-01-11 15:03:28,cust_5542027,DEHE,mortgage,232204,180,584,medium,rejected,0,atm,true,108
app_20250111_00844840,2025-01-11 15:58:02,cust_8264017,GRRE,personal_loan,23037,36,631,medium,approved,23037,mobile_app,true,613
app_20250111_00845791,2025-01-11 03:32:21,cust_4153858,AUTR,auto_loan,54192,72,460,high,rejected,0,branch,false,69
app_20250111_00846742,2025-01-11 08:06:27,cust_8061524,DEHE,mortgage,263074,360,681,medium,rejected,0,online_banking,false,46
app_20250111_00847693,2025-01-11 10:42:05,cust_6449765,ITMI,education_loan,37671,48,574,medium,rejected,0,atm,false,141
app_20250111_00848644,2025-01-11 14:00:02,cust_5565559,AUTR,education_loan,20059,24,703,low,approved,20059,branch,true,844
app_20250111_00849595,2025-01-11 23:25:17,cust_5747503,PLWA,personal_loan,49883,24,562,medium,rejected,0,atm,false,134
app_20250111_00850546,2025-01-11 23:38:22,cust_5642854,PORP,credit_card,25962,24,512,medium,rejected,0,partner,false,45
app_20250111_00851497,2025-01-11 14:30:47,cust_5936631,CHBE,education_loan,15641,24,591,medium,rejected,0,atm,true,98
app_20250111_00852448,2025-01-11 04:58:30,cust_4310725,CZPR,refinance,193660,120,502,medium,approved,193660,mobile_app,false,399
app_20250111_00853399,2025-01-11 00:15:36,cust_4384158,CHBE,education_loan,34050,48,421,high,rejected,0,partner,false,90
app_20250111_00854350,2025-01-11 03:58:59,cust_2861611,ESMA,personal_loan,34525,42,773,low,approved,34525,call_center,true,304
app_20250111_00855301,2025-01-11 03:57:24,cust_8523127,PORP,education_loan,14095,48,468,high,rejected,0,web,true,83
app_20250111_00856252,2025-01-11 20:23:12,cust_1157806,ITMI,education_loan,19512,12,632,medium,approved,19512,online_banking,false,419
app_20250111_00857203,2025-01-11 14:29:07,cust_8819657,PLWA,mortgage,211508,240,654,medium,rejected,0,online_banking,false,147
app_20250111_00858154,2025-01-11 01:53:19,cust_3814297,NLAM,personal_loan,6505,18,685,medium,approved,6505,web,false,811
app_20250111_00859105,2025-01-11 18:10:22,cust_8192745,CHBE,personal_loan,19803,42,572,medium,rejected,0,call_center,true,133
app_20250111_00860056,2025-01-11 16:44:59,cust_7938163,UKLO,credit_card,38037,18,485,high,rejected,0,partner,false,97
app_20250111_00861007,2025-01-11 01:36:40,cust_7329884,NLAM,education_loan,25925,24,538,medium,rejected,0,online_banking,false,98
app_20250111_00861958,2025-01-11 13:48:16,cust_3756230,PORP,business_loan,2800,36,546,medium,rejected,0,web,true,61
app_20250111_00862909,2025-01-11 16:20:57,cust_2861626,BENL,credit_card,34368,42,719,low,approved,34368,call_center,false,151
app_20250111_00863860,2025-01-11 20:44:15,cust_4644977,SESV,cash_loan,26612,48,629,medium,approved,26612,atm,false,473
app_20250111_00864811,2025-01-11 15:45:57,cust_9086929,CZPR,education_loan,19036,12,609,medium,approved,19036,partner,true,276
app_20250111_00865762,2025-01-11 20:21:18,cust_7188282,AUTR,cash_loan,15666,12,835,low,approved,15666,partner,false,136
app_20250111_00866713,2025-01-11 22:53:24,cust_6066738,CZPR,auto_loan,7932,48,580,medium,approved,7932,web,true,737
app_20250111_00867664,2025-01-11 16:13:20,cust_8033629,PLWA,cash_loan,18322,18,711,low,approved,18322,atm,true,112
app_20250111_00868615,2025-01-11 12:47:41,cust_2687717,ATVI,credit_card,1778,24,687,medium,approved,1778,web,true,212
app_20250111_00869566,2025-01-11 04:06:02,cust_4891044,CHBE,cash_loan,18513,42,825,low,approved,18513,web,false,453
app_20250111_00870517,2025-01-11 07:46:30,cust_6010230,CZPR,cash_loan,32994,18,636,medium,rejected,0,mobile_app,true,58
app_20250111_00871468,2025-01-11 06:26:13,cust_9805193,CZPR,education_loan,14023,60,591,medium,approved,14023,atm,true,483
app_20250111_00872419,2025-01-11 22:22:46,cust_8198427,SESV,mortgage,458629,120,761,low,approved,458629,branch,true,761
app_20250111_00873370,2025-01-11 21:49:29,cust_1193620,AUTR,personal_loan,20215,12,674,medium,rejected,0,mobile,false,63
app_20250111_00874321,2025-01-11 22:24:53,cust_8044361,BENL,refinance,336092,360,748,low,approved,336092,mobile,false,701
app_20250111_00875272,2025-01-11 13:17:39,cust_625713,UKLO,refinance,371714,120,600,medium,approved,371714,web,false,267
app_20250111_00876223,2025-01-11 22:20:24,cust_4307202,NLAM,refinance,197096,300,619,medium,rejected,0,mobile,true,118
app_20250111_00877174,2025-01-11 04:59:39,cust_8381063,BENL,cash_loan,23876,24,713,low,approved,23876,online_banking,false,667
app_20250111_00878125,2025-01-11 00:06:17,cust_1090036,NLAM,credit_card,41478,24,788,low,approved,41478,web,false,187
app_20250111_00879076,2025-01-11 06:13:02,cust_9983756,DEHE,cash_loan,9614,36,750,low,approved,9614,online_banking,false,770
app_20250111_00880027,2025-01-11 06:18:31,cust_2755000,NLAM,cash_loan,9932,12,601,medium,approved,9932,online_banking,true,54
app_20250111_00880978,2025-01-11 22:14:17,cust_2535174,UKLO,business_loan,31622,12,507,medium,rejected,0,mobile_app,true,95
app_20250111_00881929,2025-01-11 16:34:05,cust_7299543,NLAM,education_loan,27765,36,774,low,approved,27765,mobile,true,556
app_20250111_00882880,2025-01-11 06:27:46,cust_6986576,ESMA,credit_card,34160,18,850,low,approved,34160,online_banking,false,99
app_20250111_00883831,2025-01-11 11:07:24,cust_4110186,SESV,education_loan,33737,36,738,low,approved,33737,online_banking,false,197
app_20250111_00884782,2025-01-11 20:09:16,cust_3593277,GRRE,education_loan,35876,24,640,medium,approved,35876,atm,true,326
app_20250111_00885733,2025-01-11 12:21:07,cust_1560166,AUTR,mortgage,186256,120,495,high,rejected,0,mobile_app,true,74
app_20250111_00886684,2025-01-11 05:34:41,cust_4449433,UKLO,credit_card,41876,30,740,low,approved,41876,partner,false,403
app_20250111_00887635,2025-01-11 02:29:03,cust_4786058,PORP,education_loan,29533,24,827,low,approved,29533,web,true,242
app_20250111_00888586,2025-01-11 20:42:24,cust_1826522,FRID,personal_loan,29234,30,717,low,approved,29234,web,false,454
app_20250111_00889537,2025-01-11 00:00:54,cust_4153028,GRRE,personal_loan,46778,24,718,low,approved,46778,web,false,613
app_20250111_00890488,2025-01-11 09:46:38,cust_3785242,ITMI,education_loan,10807,48,649,medium,rejected,0,mobile,false,131
app_20250111_00891439,2025-01-11 08:07:40,cust_9623419,SESV,personal_loan,1066,42,688,medium,approved,1066,mobile_app,true,570
app_20250111_00892390,2025-01-11 18:47:28,cust_2173052,PLWA,credit_card,19836,42,551,medium,approved,19836,branch,false,330
app_20250111_00893341,2025-01-11 03:01:45,cust_2640399,AUTR,business_loan,10348,24,487,high,rejected,0,partner,true,31
app_20250111_00894292,2025-01-11 10:55:52,cust_2380140,CHBE,education_loan,32303,48,694,medium,approved,32303,call_center,false,742
app_20250111_00895243,2025-01-11 00:12:13,cust_932304,AUTR,business_loan,16696,12,606,medium,approved,16696,web,true,721
app_20250111_00896194,2025-01-11 08:55:10,cust_7920470,NLAM,auto_loan,37932,60,668,medium,approved,37932,call_center,false,608
app_20250111_00897145,2025-01-11 23:16:11,cust_8903635,PORP,auto_loan,39724,72,593,medium,rejected,0,web,false,113
app_20250111_00898096,2025-01-11 23:21:15,cust_4080849,ESMA,personal_loan,18618,12,782,low,approved,18618,call_center,true,167
app_20250111_00899047,2025-01-11 23:03:45,cust_9599077,FRID,business_loan,33108,60,738,low,approved,33108,online_banking,true,510
app_20250111_00899998,2025-01-11 11:46:48,cust_1743207,NLAM,business_loan,16769,24,695,medium,approved,16769,partner,true,622
app_20250111_00900949,2025-01-11 07:52:37,cust_9456749,ATVI,education_loan,29812,48,580,medium,rejected,0,partner,false,176
app_20250111_00901900,2025-01-11 13:30:57,cust_3645916,GRRE,cash_loan,18901,48,834,low,approved,18901,partner,false,706
app_20250111_00902851,2025-01-11 00:32:53,cust_2935508,SESV,business_loan,16810,48,674,medium,rejected,0,online_banking,false,160
app_20250111_00903802,2025-01-11 16:28:46,cust_1791899,SESV,business_loan,35164,12,519,medium,rejected,0,partner,true,8
app_20250111_00904753,2025-01-11 20:10:19,cust_7411450,PORP,business_loan,25073,48,801,low,approved,25073,partner,false,230
app_20250111_00905704,2025-01-11 16:48:15,cust_1172482,AUTR,credit_card,42438,48,576,medium,approved,42438,branch,false,794
app_20250111_00906655,2025-01-11 20:30:53,cust_9572854,GRRE,education_loan,17659,12,782,low,approved,17659,mobile,false,460
app_20250111_00907606,2025-01-11 14:51:19,cust_1888293,ITMI,refinance,449937,120,843,low,approved,449937,partner,false,48
app_20250111_00908557,2025-01-11 07:42:51,cust_1030374,BENL,personal_loan,27194,42,761,low,approved,27194,branch,false,718
app_20250111_00909508,2025-01-11 10:47:09,cust_1259210,SESV,business_loan,11312,60,658,medium,approved,11312,online_banking,true,89
