application_id,event_time,customer_id,region_code,product_type,requested_amount,term_months,credit_score,risk_level,decision_status,approved_amount,channel,employee_review_flag,processing_time_sec
app_20250112_00000000,2025-01-12 16:56:18,cust_9450604,DEHE,credit_card,19660,12,632,medium,approved,19660,atm,false,345
app_20250112_00000001,2025-01-12 19:15:38,cust_6399806,NLAM,cash_loan,10087,42,642,medium,approved,10087,online_banking,false,693
app_20250112_00000002,2025-01-12 11:21:46,cust_1628622,CHBE,cash_loan,25613,30,727,low,approved,25613,mobile,false,72
app_20250112_00000003,2025-01-12 09:11:11,cust_6476659,BENL,cash_loan,32353,36,591,medium,approved,32353,mobile,true,169
app_20250112_00000004,2025-01-12 14:03:29,cust_9229267,DEHE,refinance,125439,180,688,medium,approved,125439,partner,false,857
app_20250112_00000005,2025-01-12 08:50:59,cust_8355906,PORP,credit_card,37737,36,573,medium,rejected,0,mobile_app,true,166
app_20250112_00000006,2025-01-12 16:37:37,cust_4368759,UKLO,cash_loan,28311,48,486,high,rejected,0,partner,true,104
app_20250112_00000007,2025-01-12 22:41:24,cust_2041356,ITMI,credit_card,17018,48,727,low,approved,17018,web,true,547
app_20250112_00000008,2025-01-12 05:52:58,cust_2415370,PLWA,personal_loan,30550,30,745,low,approved,30550,web,true,446
app_20250112_00000009,2025-01-12 13:21:39,cust_6265984,PORP,mortgage,377722,360,612,medium,approved,377722,mobile_app,false,379
app_20250112_00000010,2025-01-12 06:45:05,cust_2241687,AUTR,cash_loan,34270,24,583,medium,rejected,0,call_center,false,33
app_20250112_00000011,2025-01-12 05:49:12,cust_5367789,GRRE,personal_loan,30007,30,783,low,approved,30007,atm,true,228
app_20250112_00000012,2025-01-12 18:05:45,cust_2875909,CZPR,refinance,53527,180,710,low,approved,53527,atm,false,442
app_20250112_00000013,2025-01-12 13:31:06,cust_5265150,UKLO,credit_card,1320,24,621,medium,approved,1320,mobile,false,620
app_20250112_00000014,2025-01-12 07:03:04,cust_3986433,PORP,cash_loan,11383,48,634,medium,rejected,0,partner,false,133
app_20250112_00000015,2025-01-12 18:36:58,cust_9609804,PORP,mortgage,86795,120,573,medium,rejected,0,web,true,147
app_20250112_00000016,2025-01-12 23:57:13,cust_1233220,AUTR,personal_loan,2101,30,734,low,approved,2101,branch,false,886
app_20250112_00000017,2025-01-12 08:44:54,cust_2435395,CZPR,business_loan,20986,60,612,medium,rejected,0,mobile_app,false,14
app_20250112_00000018,2025-01-12 23:33:08,cust_5699514,UKLO,mortgage,435027,120,766,low,approved,435027,call_center,true,301
app_20250112_00000019,2025-01-12 09:36:12,cust_1833637,DEHE,mortgage,305766,240,652,medium,approved,305766,online_banking,true,597
app_20250112_00000020,2025-01-12 11:21:32,cust_724002,ATVI,refinance,400171,240,713,low,approved,400171,mobile,false,584
app_20250112_00000021,2025-01-12 19:55:35,cust_9667089,PORP,credit_card,13540,42,640,medium,approved,13540,web,false,517
app_20250112_00000022,2025-01-12 07:44:10,cust_3518979,AUTR,mortgage,79194,240,776,low,approved,79194,branch,true,280
app_20250112_00000023,2025-01-12 17:37:34,cust_1817321,ESMA,education_loan,16910,48,487,high,rejected,0,online_banking,false,13
app_20250112_00000024,2025-01-12 10:30:14,cust_4429300,PORP,education_loan,36813,24,698,medium,rejected,0,call_center,true,176
app_20250112_00000025,2025-01-12 18:52:40,cust_5883440,DEHE,cash_loan,43705,30,777,low,approved,43705,web,false,581
app_20250112_00000026,2025-01-12 07:55:25,cust_6821621,PORP,mortgage,425692,120,620,medium,approved,425692,mobile,false,191
app_20250112_00000027,2025-01-12 07:46:28,cust_2015049,CZPR,mortgage,143284,300,454,high,rejected,0,partner,true,18
app_20250112_00000028,2025-01-12 23:40:11,cust_4832657,GRRE,personal_loan,47714,36,569,medium,rejected,0,branch,true,108
app_20250112_00000029,2025-01-12 19:40:49,cust_7064776,PORP,credit_card,7775,48,850,low,approved,7775,online_banking,true,812
app_20250112_00000030,2025-01-12 22:24:10,cust_150535,ITMI,personal_loan,48221,36,642,medium,approved,48221,branch,true,369
app_20250112_00000031,2025-01-12 10:09:54,cust_1340152,CZPR,personal_loan,46850,42,604,medium,approved,46850,web,true,697
app_20250112_00000032,2025-01-12 10:10:21,cust_2065066,NLAM,personal_loan,33264,12,679,medium,approved,33264,web,false,409
app_20250112_00000033,2025-01-12 07:26:10,cust_8582323,ATVI,mortgage,457011,240,681,medium,rejected,0,mobile,true,64
app_20250112_00000034,2025-01-12 22:43:52,cust_3711910,ITMI,refinance,203679,360,578,medium,approved,203679,atm,false,787
app_20250112_00000035,2025-01-12 22:57:38,cust_9245680,AUTR,credit_card,1633,24,583,medium,rejected,0,mobile_app,false,168
app_20250112_00000036,2025-01-12 15:06:42,cust_9014492,PORP,credit_card,20209,48,781,low,approved,20209,branch,true,35
app_20250112_00000037,2025-01-12 08:32:09,cust_9026314,ATVI,credit_card,14635,42,778,low,approved,14635,web,false,744
app_20250112_00000038,2025-01-12 13:24:55,cust_7314194,CZPR,refinance,299757,120,688,medium,approved,299757,web,false,461
app_20250112_00000039,2025-01-12 21:28:35,cust_4002595,AUTR,refinance,250601,240,657,medium,approved,250601,call_center,false,699
app_20250112_00000040,2025-01-12 17:12:58,cust_6161996,AUTR,credit_card,22276,18,786,low,approved,22276,call_center,false,412
app_20250112_00000041,2025-01-12 10:58:12,cust_1352349,SESV,credit_card,46233,12,643,medium,rejected,0,branch,true,116
app_20250112_00000042,2025-01-12 05:54:35,cust_2713538,DEHE,auto_loan,26491,48,570,medium,approved,26491,branch,true,739
app_20250112_00000043,2025-01-12 14:14:21,cust_8471824,AUTR,education_loan,15217,60,603,medium,approved,15217,mobile_app,false,693
app_20250112_00000044,2025-01-12 21:22:41,cust_1682493,PLWA,cash_loan,44149,30,765,low,approved,44149,atm,false,323
app_20250112_00000045,2025-01-12 03:49:07,cust_445362,CHBE,refinance,53526,120,596,medium,rejected,0,web,false,80
app_20250112_00000046,2025-01-12 11:22:19,cust_8090384,SESV,personal_loan,45052,18,642,medium,approved,45052,partner,true,154
app_20250112_00000047,2025-01-12 04:59:27,cust_2662909,NLAM,auto_loan,27936,36,425,high,rejected,0,web,false,87
app_20250112_00000048,2025-01-12 20:07:59,cust_6965193,PLWA,mortgage,291394,180,799,low,approved,291394,branch,true,280
app_20250112_00000049,2025-01-12 06:34:39,cust_3704750,PLWA,personal_loan,37683,42,608,medium,approved,37683,mobile_app,true,366
app_20250112_00000050,2025-01-12 20:10:33,cust_7405949,PLWA,auto_loan,26235,36,771,low,approved,26235,call_center,true,789
app_20250112_00000051,2025-01-12 07:16:03,cust_910378,PORP,credit_card,15426,48,475,high,rejected,0,partner,true,52
app_20250112_00000052,2025-01-12 18:48:12,cust_9413189,GRRE,auto_loan,33002,60,552,medium,rejected,0,online_banking,false,173
app_20250112_00000053,2025-01-12 23:08:45,cust_4495905,UKLO,mortgage,60068,300,740,low,approved,60068,partner,false,315
app_20250112_00000054,2025-01-12 16:41:44,cust_4883911,ATVI,business_loan,27139,12,718,low,approved,27139,online_banking,false,685
app_20250112_00000055,2025-01-12 20:37:57,cust_9180075,GRRE,education_loan,30549,12,748,low,approved,30549,branch,false,185
app_20250112_00000056,2025-01-12 12:10:36,cust_6648396,ITMI,credit_card,3139,30,686,medium,approved,3139,branch,true,723
app_20250112_00000057,2025-01-12 06:55:00,cust_8075121,FRID,education_loan,11394,12,835,low,approved,11394,atm,false,738
app_20250112_00000058,2025-01-12 23:51:34,cust_825820,GRRE,business_loan,34253,60,647,medium,approved,34253,partner,false,74
app_20250112_00000059,2025-01-12 12:33:35,cust_5497880,PORP,education_loan,13112,48,651,medium,rejected,0,atm,true,47
app_20250112_00000060,2025-01-12 02:08:33,cust_6976521,PLWA,credit_card,36850,24,628,medium,approved,36850,partner,false,199
app_20250112_00000061,2025-01-12 02:24:15,cust_102952,PLWA,credit_card,44193,24,618,medium,rejected,0,atm,true,11
app_20250112_00000062,2025-01-12 18:17:34,cust_3928459,ESMA,auto_loan,26261,36,724,low,approved,26261,partner,false,779
app_20250112_00000063,2025-01-12 10:21:24,cust_7710251,ATVI,business_loan,32784,24,498,high,rejected,0,atm,true,145
app_20250112_00000064,2025-01-12 04:27:25,cust_9041006,UKLO,education_loan,13978,12,796,low,approved,13978,mobile,false,793
app_20250112_00000065,2025-01-12 00:53:37,cust_3805334,NLAM,cash_loan,8672,36,595,medium,rejected,0,branch,false,124
app_20250112_00000066,2025-01-12 13:33:59,cust_1053449,ATVI,personal_loan,8871,12,613,medium,approved,8871,mobile_app,false,490
app_20250112_00000067,2025-01-12 23:41:45,cust_5493344,ITMI,credit_card,32367,18,755,low,approved,32367,branch,true,889
app_20250112_00000068,2025-01-12 18:54:38,cust_9615492,PLWA,refinance,154956,120,641,medium,approved,154956,branch,true,90
app_20250112_00000069,2025-01-12 23:12:42,cust_8897345,CHBE,refinance,145948,180,690,medium,approved,145948,partner,true,821
app_20250112_00000070,2025-01-12 00:55:46,cust_6176807,DEHE,credit_card,29381,48,474,high,rejected,0,atm,true,86
app_20250112_00000071,2025-01-12 02:53:21,cust_4117088,UKLO,auto_loan,50825,36,564,medium,rejected,0,online_banking,false,120
app_20250112_00000072,2025-01-12 06:19:11,cust_4545402,PORP,personal_loan,4342,12,717,low,approved,4342,branch,false,634
app_20250112_00000073,2025-01-12 00:58:09,cust_9281719,PLWA,credit_card,43896,12,676,medium,approved,43896,mobile_app,false,769
app_20250112_00000074,2025-01-12 18:49:43,cust_2985915,ESMA,refinance,494632,180,627,medium,rejected,0,call_center,true,150
app_20250112_00000075,2025-01-12 20:42:57,cust_723536,ITMI,refinance,453613,180,648,medium,approved,453613,mobile_app,true,346
app_20250112_00000076,2025-01-12 11:40:37,cust_4996147,CZPR,credit_card,10322,12,517,medium,rejected,0,call_center,false,88
app_20250112_00000077,2025-01-12 12:16:10,cust_4517202,UKLO,cash_loan,38905,12,655,medium,approved,38905,online_banking,true,609
app_20250112_00000078,2025-01-12 17:50:28,cust_7813338,CZPR,business_loan,8294,48,710,low,approved,8294,call_center,false,729
app_20250112_00000079,2025-01-12 10:48:03,cust_1078459,GRRE,mortgage,351056,180,541,medium,rejected,0,mobile,false,61
app_20250112_00000080,2025-01-12 04:47:26,cust_8878275,FRID,auto_loan,32151,72,614,medium,approved,32151,branch,false,53
app_20250112_00000081,2025-01-12 16:40:58,cust_7465507,SESV,mortgage,475383,120,586,medium,rejected,0,mobile,false,169
app_20250112_00000082,2025-01-12 19:12:22,cust_4208994,SESV,personal_loan,15673,12,637,medium,rejected,0,mobile,false,170
app_20250112_00000083,2025-01-12 17:57:52,cust_9353752,AUTR,auto_loan,54893,24,547,medium,approved,54893,online_banking,false,325
app_20250112_00000084,2025-01-12 06:02:07,cust_5200398,UKLO,credit_card,45906,18,554,medium,rejected,0,call_center,false,72
app_20250112_00000085,2025-01-12 16:06:01,cust_7128246,ATVI,mortgage,189793,300,634,medium,rejected,0,online_banking,false,81
app_20250112_00000086,2025-01-12 09:24:54,cust_5958352,SESV,credit_card,7730,36,555,medium,rejected,0,branch,true,137
app_20250112_00000087,2025-01-12 08:29:39,cust_4649339,AUTR,auto_loan,25572,48,444,high,rejected,0,mobile_app,true,155
app_20250112_00000088,2025-01-12 08:34:56,cust_721880,PORP,auto_loan,21355,72,736,low,approved,21355,branch,false,61
app_20250112_00000089,2025-01-12 19:44:11,cust_7747104,PORP,refinance,453072,180,752,low,approved,453072,call_center,true,705
app_20250112_00000090,2025-01-12 05:22:23,cust_7122578,CZPR,auto_loan,47561,60,691,medium,approved,47561,partner,false,814
app_20250112_00000091,2025-01-12 14:13:39,cust_5206605,UKLO,cash_loan,10280,42,726,low,approved,10280,partner,true,122
app_20250112_00000092,2025-01-12 23:29:09,cust_5881608,NLAM,personal_loan,38637,42,554,medium,rejected,0,mobile_app,false,119
app_20250112_00000093,2025-01-12 19:31:08,cust_1840074,SESV,cash_loan,19037,36,625,medium,approved,19037,branch,false,799
app_20250112_00000094,2025-01-12 03:55:42,cust_8288009,BENL,education_loan,30713,48,720,low,approved,30713,branch,true,829
app_20250112_00000095,2025-01-12 20:05:54,cust_3124187,ITMI,auto_loan,59019,24,622,medium,approved,59019,atm,true,67
app_20250112_00000096,2025-01-12 17:10:46,cust_5493194,SESV,personal_loan,40291,30,757,low,approved,40291,mobile_app,true,228
app_20250112_00000097,2025-01-12 14:03:22,cust_6815385,ATVI,credit_card,36057,42,734,low,approved,36057,branch,false,63
app_20250112_00000098,2025-01-12 00:02:58,cust_6110558,SESV,credit_card,29142,48,492,high,rejected,0,mobile_app,false,124
app_20250112_00000099,2025-01-12 19:33:08,cust_8992114,BENL,credit_card,36327,18,509,medium,rejected,0,call_center,true,92
app_20250112_00000100,2025-01-12 16:04:05,cust_1796836,PORP,personal_loan,13727,42,778,low,approved,13727,online_banking,true,776
app_20250112_00000101,2025-01-12 16:28:41,cust_6235675,ATVI,credit_card,6139,36,453,high,rejected,0,partner,true,35
app_20250112_00000102,2025-01-12 02:40:10,cust_5252927,SESV,business_loan,19287,60,657,medium,approved,19287,branch,true,708
app_20250112_00000103,2025-01-12 16:14:13,cust_4225223,PORP,auto_loan,46209,36,595,medium,rejected,0,web,true,168
app_20250112_00000104,2025-01-12 14:37:22,cust_1933496,PORP,refinance,481217,120,732,low,approved,481217,mobile,true,296
app_20250112_00000105,2025-01-12 18:44:52,cust_9342923,AUTR,education_loan,16636,60,540,medium,approved,16636,partner,false,621
app_20250112_00000106,2025-01-12 11:59:34,cust_5714001,SESV,mortgage,168189,360,589,medium,rejected,0,online_banking,true,42
app_20250112_00000107,2025-01-12 12:57:38,cust_8516785,SESV,education_loan,12552,48,675,medium,approved,12552,mobile_app,false,565
app_20250112_00000108,2025-01-12 10:02:23,cust_659566,ESMA,cash_loan,32824,24,674,medium,rejected,0,mobile_app,true,96
app_20250112_00000109,2025-01-12 14:10:27,cust_8338783,GRRE,auto_loan,31079,48,569,medium,approved,31079,mobile,true,725
app_20250112_00000110,2025-01-12 09:46:34,cust_7832621,AUTR,business_loan,37692,24,693,medium,approved,37692,mobile,false,303
app_20250112_00000111,2025-01-12 04:37:52,cust_4476540,ITMI,cash_loan,30268,24,752,low,approved,30268,online_banking,false,438
app_20250112_00000112,2025-01-12 15:01:57,cust_702942,GRRE,credit_card,10974,42,615,medium,approved,10974,atm,false,668
app_20250112_00000113,2025-01-12 11:52:25,cust_6137022,FRID,mortgage,224167,360,553,medium,rejected,0,online_banking,true,47
app_20250112_00000114,2025-01-12 21:48:33,cust_1543747,PLWA,mortgage,468288,240,631,medium,approved,468288,online_banking,true,354
app_20250112_00000115,2025-01-12 01:55:12,cust_221984,BENL,education_loan,38865,36,732,low,approved,38865,partner,true,59
app_20250112_00000116,2025-01-12 00:04:15,cust_3566913,AUTR,credit_card,45251,12,495,high,rejected,0,branch,false,80
app_20250112_00000117,2025-01-12 14:58:11,cust_5530715,GRRE,mortgage,402950,120,583,medium,rejected,0,online_banking,true,67
app_20250112_00000118,2025-01-12 02:21:09,cust_8137045,UKLO,education_loan,17463,60,671,medium,approved,17463,mobile,false,365
app_20250112_00000119,2025-01-12 18:27:01,cust_2554872,CHBE,personal_loan,8008,36,850,low,approved,8008,mobile_app,true,135
app_20250112_00000120,2025-01-12 11:05:57,cust_2712411,NLAM,mortgage,240408,120,564,medium,approved,240408,mobile_app,false,205
app_20250112_00000121,2025-01-12 06:20:15,cust_7573656,NLAM,credit_card,43490,12,652,medium,approved,43490,online_banking,false,306
app_20250112_00000122,2025-01-12 17:44:15,cust_2228054,ATVI,auto_loan,39807,72,502,medium,approved,39807,partner,true,114
app_20250112_00000123,2025-01-12 21:37:15,cust_7546214,ITMI,personal_loan,41387,42,745,low,approved,41387,branch,false,641
app_20250112_00000124,2025-01-12 23:06:51,cust_7743295,ESMA,personal_loan,18440,12,595,medium,approved,18440,branch,false,810
app_20250112_00000125,2025-01-12 21:26:15,cust_3519777,AUTR,credit_card,1174,30,483,high,rejected,0,mobile,true,177
app_20250112_00000126,2025-01-12 19:27:39,cust_5508434,ATVI,personal_loan,21783,24,842,low,approved,21783,partner,false,49
app_20250112_00000127,2025-01-12 22:06:55,cust_3904566,SESV,mortgage,432379,360,583,medium,rejected,0,partner,false,94
app_20250112_00000128,2025-01-12 12:18:20,cust_8492153,PLWA,credit_card,9857,48,612,medium,approved,9857,online_banking,false,525
app_20250112_00000129,2025-01-12 06:18:56,cust_131004,ESMA,cash_loan,36721,36,650,medium,approved,36721,atm,false,682
app_20250112_00000130,2025-01-12 16:31:35,cust_1358864,BENL,credit_card,2923,30,730,low,approved,2923,online_banking,false,511
app_20250112_00000131,2025-01-12 21:24:17,cust_449788,BENL,cash_loan,2522,42,628,medium,approved,2522,mobile,true,463
app_20250112_00000132,2025-01-12 22:57:54,cust_3101511,DEHE,credit_card,46071,42,699,medium,approved,46071,partner,false,417
app_20250112_00000133,2025-01-12 01:56:50,cust_3900435,ESMA,credit_card,39627,24,674,medium,approved,39627,branch,false,47
app_20250112_00000134,2025-01-12 16:23:25,cust_3224980,ESMA,business_loan,16935,48,706,low,approved,16935,partner,true,337
app_20250112_00000135,2025-01-12 12:38:32,cust_5045234,AUTR,mortgage,208005,120,691,medium,approved,208005,mobile,false,544
app_20250112_00000136,2025-01-12 01:20:10,cust_352819,AUTR,mortgage,403900,360,645,medium,approved,403900,mobile,false,553
app_20250112_00000137,2025-01-12 04:16:22,cust_2651330,CZPR,business_loan,37080,36,797,low,approved,37080,online_banking,true,762
app_20250112_00000138,2025-01-12 21:25:26,cust_9353372,UKLO,personal_loan,4734,12,705,low,approved,4734,mobile_app,false,201
app_20250112_00000139,2025-01-12 05:07:04,cust_133010,AUTR,personal_loan,45770,12,526,medium,rejected,0,call_center,true,20
app_20250112_00000140,2025-01-12 00:23:40,cust_3454519,ITMI,refinance,438092,180,620,medium,approved,438092,atm,false,100
app_20250112_00000141,2025-01-12 19:24:02,cust_9647352,CHBE,mortgage,478266,120,708,low,approved,478266,web,false,542
app_20250112_00000142,2025-01-12 03:32:46,cust_9098183,UKLO,credit_card,17971,18,528,medium,approved,17971,online_banking,true,55
app_20250112_00000143,2025-01-12 05:38:01,cust_9678638,ATVI,credit_card,43593,24,614,medium,rejected,0,mobile,false,65
app_20250112_00000144,2025-01-12 01:28:39,cust_4835198,BENL,credit_card,8448,12,695,medium,approved,8448,mobile,false,98
app_20250112_00000145,2025-01-12 12:09:37,cust_8548331,SESV,refinance,455869,360,763,low,approved,455869,call_center,false,178
app_20250112_00000146,2025-01-12 02:46:48,cust_1321198,UKLO,education_loan,6459,48,660,medium,approved,6459,web,false,347
app_20250112_00000147,2025-01-12 00:52:04,cust_8788166,FRID,auto_loan,10576,24,541,medium,approved,10576,mobile,true,110
app_20250112_00000148,2025-01-12 09:50:03,cust_4110576,UKLO,cash_loan,41776,18,744,low,approved,41776,partner,false,281
app_20250112_00000149,2025-01-12 14:49:00,cust_365007,SESV,mortgage,456931,240,745,low,approved,456931,atm,false,426
app_20250112_00000150,2025-01-12 00:52:54,cust_2732845,GRRE,education_loan,21004,24,550,medium,rejected,0,mobile,false,22
app_20250112_00000151,2025-01-12 16:08:24,cust_4979708,GRRE,education_loan,27433,12,602,medium,rejected,0,atm,true,125
app_20250112_00000152,2025-01-12 16:39:58,cust_2960658,FRID,business_loan,12064,60,655,medium,approved,12064,partner,true,400
app_20250112_00000153,2025-01-12 17:49:15,cust_9989769,AUTR,education_loan,26402,48,581,medium,rejected,0,atm,false,29
app_20250112_00000154,2025-01-12 16:08:00,cust_8334780,ESMA,education_loan,27312,60,616,medium,rejected,0,atm,false,157
app_20250112_00000155,2025-01-12 21:30:02,cust_4312195,SESV,cash_loan,10247,30,607,medium,rejected,0,atm,true,29
app_20250112_00000156,2025-01-12 08:03:08,cust_7677958,BENL,personal_loan,13354,18,668,medium,approved,13354,online_banking,false,598
app_20250112_00000157,2025-01-12 08:55:48,cust_6089299,DEHE,cash_loan,34529,48,475,high,rejected,0,mobile,true,5
app_20250112_00000158,2025-01-12 23:20:16,cust_7475035,BENL,credit_card,48522,18,754,low,approved,48522,partner,false,73
app_20250112_00000159,2025-01-12 05:46:21,cust_6056352,SESV,business_loan,21708,36,850,low,approved,21708,web,false,528
app_20250112_00000160,2025-01-12 16:29:04,cust_3428821,PLWA,cash_loan,41053,42,757,low,approved,41053,call_center,true,376
app_20250112_00000161,2025-01-12 13:52:24,cust_5107085,UKLO,mortgage,143049,180,774,low,approved,143049,branch,false,358
app_20250112_00000162,2025-01-12 23:14:40,cust_117955,PLWA,credit_card,18793,36,509,medium,rejected,0,branch,true,105
app_20250112_00000163,2025-01-12 22:53:10,cust_100761,SESV,business_loan,30235,60,716,low,approved,30235,mobile,false,590
app_20250112_00000164,2025-01-12 05:21:30,cust_7355330,PORP,auto_loan,42697,72,669,medium,approved,42697,mobile,true,412
app_20250112_00000165,2025-01-12 15:44:51,cust_644794,FRID,personal_loan,25870,12,632,medium,approved,25870,call_center,false,215
app_20250112_00000166,2025-01-12 13:28:22,cust_8299827,CZPR,business_loan,7901,36,618,medium,approved,7901,web,true,388
app_20250112_00000167,2025-01-12 20:23:08,cust_2654132,UKLO,cash_loan,12723,18,689,medium,rejected,0,atm,false,91
app_20250112_00000168,2025-01-12 12:11:13,cust_6738053,BENL,credit_card,22042,30,627,medium,approved,22042,mobile_app,false,377
app_20250112_00000169,2025-01-12 10:29:15,cust_8080477,NLAM,education_loan,35522,12,575,medium,approved,35522,mobile,false,356
app_20250112_00000170,2025-01-12 15:23:57,cust_3231935,ATVI,auto_loan,58707,24,802,low,approved,58707,partner,true,841
app_20250112_00000171,2025-01-12 06:53:34,cust_720122,ITMI,mortgage,440640,120,683,medium,approved,440640,branch,false,679
app_20250112_00000172,2025-01-12 14:49:33,cust_9022160,BENL,refinance,288025,300,712,low,approved,288025,branch,true,882
app_20250112_00000173,2025-01-12 03:28:44,cust_3089294,ESMA,education_loan,5468,24,602,medium,approved,5468,web,true,244
app_20250112_00000174,2025-01-12 05:45:18,cust_8451642,PORP,auto_loan,10740,72,705,low,rejected,0,online_banking,false,63
app_20250112_00000175,2025-01-12 02:18:02,cust_4474317,ATVI,business_loan,12310,60,519,medium,rejected,0,call_center,true,48
app_20250112_00000176,2025-01-12 04:04:35,cust_5002383,CHBE,education_loan,14933,36,784,low,rejected,0,atm,true,135
app_20250112_00000177,2025-01-12 14:34:15,cust_5946319,SESV,auto_loan,33039,24,585,medium,approved,33039,partner,true,135
app_20250112_00000178,2025-01-12 07:34:07,cust_1270085,SESV,education_loan,19658,36,763,low,rejected,0,online_banking,false,132
app_20250112_00000179,2025-01-12 17:29:58,cust_8513649,ITMI,mortgage,458364,300,732,low,approved,458364,branch,true,604
app_20250112_00000180,2025-01-12 05:03:57,cust_7103019,UKLO,mortgage,232222,360,673,medium,approved,232222,online_banking,false,728
app_20250112_00000181,2025-01-12 21:12:16,cust_9690605,UKLO,business_loan,6230,36,743,low,approved,6230,mobile_app,false,475
app_20250112_00000182,2025-01-12 14:26:37,cust_6185054,FRID,education_loan,14269,60,771,low,approved,14269,call_center,true,639
app_20250112_00000183,2025-01-12 23:09:21,cust_4006950,SESV,cash_loan,17211,36,519,medium,rejected,0,call_center,false,152
app_20250112_00000184,2025-01-12 16:55:13,cust_6815002,ITMI,mortgage,422454,120,598,medium,approved,422454,call_center,true,73
app_20250112_00000185,2025-01-12 00:31:03,cust_2571182,PLWA,cash_loan,3209,42,660,medium,approved,3209,branch,true,896
app_20250112_00000186,2025-01-12 16:34:48,cust_3801973,AUTR,education_loan,34229,48,745,low,approved,34229,partner,true,636
app_20250112_00000187,2025-01-12 21:09:27,cust_5717777,CZPR,refinance,457487,240,448,high,rejected,0,branch,false,89
app_20250112_00000188,2025-01-12 16:58:56,cust_8977789,ESMA,refinance,407000,240,634,medium,approved,407000,mobile_app,true,261
app_20250112_00000189,2025-01-12 23:07:17,cust_6729489,ATVI,refinance,129387,360,504,medium,rejected,0,online_banking,true,161
app_20250112_00000190,2025-01-12 23:17:24,cust_4226887,GRRE,refinance,458181,240,573,medium,approved,458181,mobile,false,820
app_20250112_00000191,2025-01-12 22:17:04,cust_7707095,ITMI,education_loan,38389,36,793,low,approved,38389,partner,true,459
app_20250112_00000192,2025-01-12 04:20:15,cust_8132590,ATVI,mortgage,124912,300,556,medium,approved,124912,call_center,true,875
app_20250112_00000193,2025-01-12 18:55:32,cust_9803284,NLAM,auto_loan,37494,72,588,medium,approved,37494,online_banking,false,173
app_20250112_00000194,2025-01-12 15:50:19,cust_2884445,PORP,mortgage,159512,120,517,medium,approved,159512,branch,false,656
app_20250112_00000195,2025-01-12 07:00:31,cust_540530,CZPR,business_loan,9063,12,619,medium,rejected,0,atm,true,167
app_20250112_00000196,2025-01-12 00:48:21,cust_9078795,ITMI,cash_loan,24790,48,693,medium,rejected,0,partner,true,94
app_20250112_00000197,2025-01-12 09:36:52,cust_4636656,AUTR,mortgage,375723,300,546,medium,rejected,0,call_center,true,168
app_20250112_00000198,2025-01-12 17:06:55,cust_8971522,PORP,mortgage,258114,240,588,medium,rejected,0,mobile_app,false,81
app_20250112_00000199,2025-01-12 21:56:21,cust_3868052,DEHE,auto_loan,48768,72,850,low,rejected,0,call_center,true,116
app_20250112_00000200,2025-01-12 20:32:40,cust_1361924,SESV,auto_loan,41860,60,652,medium,approved,41860,atm,false,307
app_20250112_00000201,2025-01-12 04:15:34,cust_4642892,ITMI,refinance,363076,120,642,medium,rejected,0,branch,true,132
app_20250112_00000202,2025-01-12 13:30:18,cust_5367960,UKLO,education_loan,26448,36,683,medium,rejected,0,partner,true,139
app_20250112_00000203,2025-01-12 04:15:55,cust_6768536,DEHE,personal_loan,22835,42,844,low,approved,22835,online_banking,false,487
app_20250112_00000204,2025-01-12 21:44:21,cust_7239494,BENL,refinance,463360,180,760,low,approved,463360,branch,true,179
app_20250112_00000205,2025-01-12 06:10:04,cust_8073736,UKLO,cash_loan,23827,24,636,medium,approved,23827,web,false,325
app_20250112_00000206,2025-01-12 20:51:28,cust_7832368,AUTR,credit_card,28583,18,722,low,approved,28583,online_banking,false,803
app_20250112_00000207,2025-01-12 09:56:30,cust_6930584,DEHE,business_loan,21366,60,620,medium,approved,21366,branch,true,125
app_20250112_00000208,2025-01-12 09:33:26,cust_2455696,BENL,education_loan,8225,12,684,medium,approved,8225,partner,false,268
app_20250112_00000209,2025-01-12 00:58:56,cust_4854015,AUTR,auto_loan,50642,24,798,low,approved,50642,mobile_app,false,59
app_20250112_00000210,2025-01-12 08:14:58,cust_831963,NLAM,mortgage,430237,240,546,medium,rejected,0,mobile_app,false,165
app_20250112_00000211,2025-01-12 00:16:41,cust_4771226,AUTR,cash_loan,6824,48,850,low,approved,6824,online_banking,true,350
app_20250112_00000212,2025-01-12 10:31:16,cust_3363373,CZPR,auto_loan,52387,48,754,low,approved,52387,call_center,false,410
app_20250112_00000213,2025-01-12 07:26:22,cust_2055377,UKLO,education_loan,35222,12,582,medium,rejected,0,call_center,true,34
app_20250112_00000214,2025-01-12 20:36:01,cust_7073982,ITMI,cash_loan,30983,30,768,low,approved,30983,partner,false,358
app_20250112_00000215,2025-01-12 12:17:09,cust_2354892,CZPR,personal_loan,11233,12,727,low,approved,11233,branch,false,882
app_20250112_00000216,2025-01-12 15:12:22,cust_9915127,SESV,auto_loan,33905,60,520,medium,approved,33905,online_banking,false,506
app_20250112_00000217,2025-01-12 16:03:39,cust_1501555,CZPR,refinance,126190,180,666,medium,approved,126190,mobile,false,358
app_20250112_00000218,2025-01-12 16:13:21,cust_283134,AUTR,business_loan,34517,36,703,low,approved,34517,online_banking,true,145
app_20250112_00000219,2025-01-12 09:01:47,cust_7547515,GRRE,credit_card,5333,12,586,medium,rejected,0,mobile_app,false,147
app_20250112_00000220,2025-01-12 06:04:18,cust_6805049,NLAM,personal_loan,20866,30,667,medium,approved,20866,online_banking,false,640
app_20250112_00000221,2025-01-12 13:00:40,cust_4298175,CHBE,personal_loan,5119,18,649,medium,approved,5119,partner,false,69
app_20250112_00000222,2025-01-12 10:19:56,cust_4278963,PLWA,education_loan,30332,48,620,medium,approved,30332,branch,false,36
app_20250112_00000223,2025-01-12 22:46:36,cust_1952720,UKLO,personal_loan,18022,18,573,medium,rejected,0,partner,true,90
app_20250112_00000224,2025-01-12 06:05:08,cust_5244445,NLAM,auto_loan,44538,24,610,medium,approved,44538,mobile_app,true,329
app_20250112_00000225,2025-01-12 08:14:33,cust_7942272,CHBE,refinance,235614,300,673,medium,approved,235614,partner,false,437
app_20250112_00000226,2025-01-12 02:18:39,cust_1968322,PORP,business_loan,21408,48,646,medium,approved,21408,branch,false,660
app_20250112_00000227,2025-01-12 02:21:23,cust_466637,NLAM,auto_loan,10302,60,579,medium,approved,10302,mobile,true,69
app_20250112_00000228,2025-01-12 17:54:34,cust_4277749,DEHE,business_loan,22980,24,485,high,rejected,0,partner,true,126
app_20250112_00000229,2025-01-12 12:54:29,cust_4432583,NLAM,credit_card,18537,18,592,medium,rejected,0,mobile_app,false,85
app_20250112_00000230,2025-01-12 00:44:29,cust_3129155,ITMI,credit_card,38013,36,677,medium,rejected,0,call_center,false,130
app_20250112_00000231,2025-01-12 21:51:23,cust_3008840,ITMI,refinance,230288,300,568,medium,rejected,0,online_banking,true,146
app_20250112_00000232,2025-01-12 05:14:57,cust_9775554,DEHE,business_loan,8051,24,685,medium,approved,8051,web,true,215
app_20250112_00000233,2025-01-12 13:32:41,cust_1969216,ITMI,business_loan,21489,24,783,low,approved,21489,partner,false,225
app_20250112_00000234,2025-01-12 15:27:36,cust_841994,NLAM,mortgage,292620,120,758,low,approved,292620,web,true,185
app_20250112_00000235,2025-01-12 01:16:02,cust_5311677,NLAM,mortgage,154250,300,707,low,approved,154250,atm,true,634
app_20250112_00000236,2025-01-12 00:56:10,cust_9366596,PORP,mortgage,285287,120,588,medium,approved,285287,partner,true,590
app_20250112_00000237,2025-01-12 04:21:02,cust_4898496,SESV,cash_loan,9499,36,537,medium,rejected,0,atm,true,25
app_20250112_00000238,2025-01-12 18:32:54,cust_2776830,UKLO,credit_card,37246,24,683,medium,approved,37246,partner,true,759
app_20250112_00000239,2025-01-12 22:17:42,cust_8205601,NLAM,credit_card,9361,24,604,medium,approved,9361,mobile_app,false,476
app_20250112_00000240,2025-01-12 09:29:37,cust_3360433,CZPR,refinance,372076,360,728,low,approved,372076,mobile_app,true,631
app_20250112_00000241,2025-01-12 09:12:50,cust_5135797,FRID,business_loan,24931,12,600,medium,approved,24931,atm,false,485
app_20250112_00000242,2025-01-12 15:25:55,cust_4047787,ESMA,refinance,258026,300,736,low,approved,258026,partner,true,867
app_20250112_00000243,2025-01-12 03:46:19,cust_9763681,ITMI,mortgage,176513,120,743,low,approved,176513,mobile,true,538
app_20250112_00000244,2025-01-12 01:54:45,cust_793312,GRRE,business_loan,27664,12,777,low,rejected,0,mobile_app,false,180
app_20250112_00000245,2025-01-12 05:22:27,cust_5388801,CHBE,mortgage,60477,360,692,medium,approved,60477,mobile_app,true,179
app_20250112_00000246,2025-01-12 00:27:33,cust_5985002,BENL,business_loan,38777,48,656,medium,approved,38777,mobile,true,693
app_20250112_00000247,2025-01-12 01:34:42,cust_9735156,PLWA,refinance,340872,120,550,medium,rejected,0,mobile_app,true,107
app_20250112_00000248,2025-01-12 15:30:29,cust_167692,PORP,auto_loan,31352,24,477,high,rejected,0,online_banking,true,140
app_20250112_00000249,2025-01-12 21:07:47,cust_8391234,ITMI,auto_loan,40028,60,550,medium,rejected,0,mobile_app,true,58
app_20250112_00000250,2025-01-12 18:46:18,cust_2219496,NLAM,auto_loan,31586,72,682,medium,approved,31586,atm,false,451
app_20250112_00000251,2025-01-12 09:37:45,cust_8526347,PORP,cash_loan,19261,12,731,low,approved,19261,call_center,true,83
app_20250112_00000252,2025-01-12 04:15:56,cust_3670586,GRRE,business_loan,27602,24,599,medium,rejected,0,mobile,true,119
app_20250112_00000253,2025-01-12 14:33:18,cust_2838015,GRRE,cash_loan,19441,42,716,low,approved,19441,mobile,false,235
app_20250112_00000254,2025-01-12 19:17:50,cust_7172971,PLWA,cash_loan,44927,42,599,medium,rejected,0,partner,false,108
app_20250112_00000255,2025-01-12 04:56:28,cust_7615272,PLWA,personal_loan,1234,12,734,low,approved,1234,mobile,false,60
app_20250112_00000256,2025-01-12 15:52:38,cust_9335727,BENL,mortgage,115154,300,598,medium,approved,115154,atm,true,404
app_20250112_00000257,2025-01-12 08:41:41,cust_3304807,ATVI,credit_card,19307,18,771,low,approved,19307,mobile_app,true,51
app_20250112_00000258,2025-01-12 00:35:45,cust_9603280,BENL,credit_card,25176,12,705,low,approved,25176,web,false,184
app_20250112_00000259,2025-01-12 20:04:44,cust_2285399,SESV,mortgage,78019,360,660,medium,rejected,0,partner,false,17
app_20250112_00000260,2025-01-12 16:11:14,cust_2197717,CHBE,auto_loan,43393,24,594,medium,rejected,0,partner,true,53
app_20250112_00000261,2025-01-12 05:36:02,cust_1554268,NLAM,credit_card,47748,12,613,medium,approved,47748,call_center,true,833
app_20250112_00000262,2025-01-12 13:35:28,cust_2764477,ITMI,auto_loan,19015,60,745,low,approved,19015,mobile,true,308
app_20250112_00000263,2025-01-12 02:51:49,cust_9780026,BENL,personal_loan,49359,30,542,medium,approved,49359,web,true,728
app_20250112_00000264,2025-01-12 20:37:02,cust_1252914,AUTR,cash_loan,25519,18,671,medium,approved,25519,web,false,799
app_20250112_00000265,2025-01-12 23:43:19,cust_7976083,ESMA,education_loan,34343,60,810,low,approved,34343,mobile_app,false,512
app_20250112_00000266,2025-01-12 00:01:32,cust_9047771,CHBE,mortgage,473626,180,618,medium,approved,473626,call_center,false,122
app_20250112_00000267,2025-01-12 10:11:15,cust_9593343,GRRE,mortgage,159752,300,618,medium,approved,159752,atm,true,77
app_20250112_00000268,2025-01-12 01:40:29,cust_7128086,DEHE,auto_loan,50832,72,828,low,approved,50832,partner,false,712
app_20250112_00000269,2025-01-12 04:01:19,cust_1049865,PLWA,credit_card,28515,42,710,low,approved,28515,mobile,true,603
app_20250112_00000270,2025-01-12 16:09:05,cust_3458645,CHBE,credit_card,11424,24,708,low,approved,11424,mobile_app,false,155
app_20250112_00000271,2025-01-12 09:07:27,cust_2824059,PLWA,credit_card,5871,30,849,low,approved,5871,mobile,false,898
app_20250112_00000272,2025-01-12 01:39:45,cust_1770808,FRID,personal_loan,19982,36,567,medium,approved,19982,web,false,818
app_20250112_00000273,2025-01-12 11:38:16,cust_1562081,NLAM,credit_card,4850,36,789,low,approved,4850,web,true,120
app_20250112_00000274,2025-01-12 23:27:21,cust_2202562,UKLO,credit_card,18601,18,643,medium,approved,18601,online_banking,true,403
app_20250112_00000275,2025-01-12 14:00:56,cust_569205,UKLO,personal_loan,16593,48,782,low,approved,16593,mobile_app,false,205
app_20250112_00000276,2025-01-12 11:39:42,cust_1540388,PORP,credit_card,32112,42,739,low,approved,32112,atm,true,838
app_20250112_00000277,2025-01-12 17:09:52,cust_2913382,SESV,credit_card,19942,12,561,medium,approved,19942,partner,true,452
app_20250112_00000278,2025-01-12 22:36:29,cust_6461312,BENL,auto_loan,14161,72,558,medium,approved,14161,mobile_app,false,884
app_20250112_00000279,2025-01-12 09:41:15,cust_6687944,ATVI,refinance,446668,180,461,high,rejected,0,call_center,false,7
app_20250112_00000280,2025-01-12 05:44:29,cust_5177195,AUTR,mortgage,415396,360,715,low,approved,415396,online_banking,true,486
app_20250112_00000281,2025-01-12 21:21:20,cust_3217733,ATVI,cash_loan,47043,36,751,low,approved,47043,call_center,false,319
app_20250112_00000282,2025-01-12 23:12:10,cust_6243947,PLWA,education_loan,27081,60,564,medium,approved,27081,call_center,true,411
app_20250112_00000283,2025-01-12 20:08:39,cust_1035275,FRID,mortgage,436873,240,615,medium,approved,436873,online_banking,true,163
app_20250112_00000284,2025-01-12 18:30:44,cust_2810320,BENL,business_loan,32710,36,557,medium,rejected,0,mobile,true,167
app_20250112_00000285,2025-01-12 04:42:45,cust_5680212,DEHE,cash_loan,16001,48,605,medium,rejected,0,web,false,92
app_20250112_00000286,2025-01-12 19:04:29,cust_3760457,FRID,business_loan,19167,60,798,low,rejected,0,mobile,true,127
app_20250112_00000287,2025-01-12 19:18:49,cust_9685181,CZPR,education_loan,20500,24,702,low,rejected,0,online_banking,false,64
app_20250112_00000288,2025-01-12 21:27:50,cust_9624500,ESMA,business_loan,10033,60,594,medium,approved,10033,mobile,true,760
app_20250112_00000289,2025-01-12 12:51:16,cust_6417640,GRRE,cash_loan,32861,18,684,medium,approved,32861,atm,false,397
app_20250112_00000290,2025-01-12 07:41:25,cust_3291329,ESMA,education_loan,35457,12,710,low,approved,35457,mobile_app,true,251
app_20250112_00000291,2025-01-12 18:56:20,cust_1013809,PLWA,auto_loan,8442,72,825,low,approved,8442,mobile_app,true,771
app_20250112_00000292,2025-01-12 01:17:37,cust_5393318,AUTR,credit_card,11087,42,516,medium,approved,11087,atm,true,411
app_20250112_00000293,2025-01-12 00:21:04,cust_3955342,BENL,business_loan,18667,60,495,high,rejected,0,mobile,false,63
app_20250112_00000294,2025-01-12 10:21:27,cust_3082595,CHBE,auto_loan,56553,72,850,low,approved,56553,web,false,35
app_20250112_00000295,2025-01-12 08:31:21,cust_8003777,UKLO,mortgage,321945,300,610,medium,rejected,0,online_banking,false,60
app_20250112_00000296,2025-01-12 02:20:55,cust_5509614,NLAM,auto_loan,12182,48,593,medium,rejected,0,partner,true,168
app_20250112_00000297,2025-01-12 19:00:05,cust_5311044,GRRE,credit_card,13403,42,629,medium,approved,13403,web,true,110
app_20250112_00000298,2025-01-12 16:39:18,cust_2449164,CZPR,refinance,288461,120,516,medium,rejected,0,partner,false,11
app_20250112_00000299,2025-01-12 23:25:58,cust_687341,CHBE,credit_card,19710,24,799,low,rejected,0,partner,false,128
app_20250112_00000300,2025-01-12 04:40:00,cust_5381798,BENL,cash_loan,4114,48,616,medium,approved,4114,atm,true,614
app_20250112_00000301,2025-01-12 15:52:21,cust_9705108,UKLO,cash_loan,39686,12,661,medium,approved,39686,web,false,276
app_20250112_00000302,2025-01-12 00:38:23,cust_8717712,CZPR,education_loan,34905,60,683,medium,approved,34905,branch,false,514
app_20250112_00000303,2025-01-12 20:05:50,cust_3719253,ATVI,personal_loan,36200,24,582,medium,approved,36200,partner,false,649
app_20250112_00000304,2025-01-12 10:50:43,cust_4985038,CZPR,personal_loan,16527,24,676,medium,rejected,0,branch,true,109
app_20250112_00000305,2025-01-12 10:43:02,cust_6869218,FRID,education_loan,29164,24,630,medium,approved,29164,atm,false,630
app_20250112_00000306,2025-01-12 23:40:48,cust_6460637,ATVI,mortgage,342253,180,714,low,approved,342253,online_banking,true,56
app_20250112_00000307,2025-01-12 20:38:34,cust_9251512,PORP,mortgage,159025,240,620,medium,approved,159025,mobile_app,false,222
app_20250112_00000308,2025-01-12 04:03:04,cust_7452412,ITMI,credit_card,29875,12,585,medium,rejected,0,web,false,69
app_20250112_00000309,2025-01-12 05:24:14,cust_6073410,GRRE,cash_loan,15866,18,653,medium,approved,15866,branch,false,670
app_20250112_00000310,2025-01-12 04:20:27,cust_1298235,UKLO,personal_loan,4011,48,562,medium,rejected,0,online_banking,false,137
app_20250112_00000311,2025-01-12 17:05:51,cust_3369878,PORP,refinance,149893,120,605,medium,rejected,0,mobile,true,119
app_20250112_00000312,2025-01-12 23:21:39,cust_825070,ESMA,personal_loan,19175,24,486,high,approved,19175,mobile_app,true,480
app_20250112_00000313,2025-01-12 22:09:00,cust_5611520,CZPR,credit_card,12377,30,594,medium,approved,12377,partner,true,491
app_20250112_00000314,2025-01-12 12:13:01,cust_733511,BENL,refinance,494586,360,651,medium,approved,494586,call_center,false,840
app_20250112_00000315,2025-01-12 07:20:42,cust_6986258,ATVI,auto_loan,13637,24,557,medium,approved,13637,branch,false,546
app_20250112_00000316,2025-01-12 12:25:43,cust_7305685,AUTR,education_loan,39511,48,788,low,approved,39511,online_banking,false,861
app_20250112_00000317,2025-01-12 02:58:28,cust_4988134,NLAM,refinance,469547,180,718,low,approved,469547,call_center,false,743
app_20250112_00000318,2025-01-12 04:35:15,cust_5125738,GRRE,cash_loan,8219,30,599,medium,approved,8219,mobile_app,true,654
app_20250112_00000319,2025-01-12 15:04:28,cust_6972308,ITMI,refinance,126400,300,616,medium,rejected,0,atm,true,45
app_20250112_00000320,2025-01-12 08:48:27,cust_9159822,BENL,auto_loan,31873,72,701,low,approved,31873,call_center,false,391
app_20250112_00000321,2025-01-12 09:50:42,cust_9972268,BENL,cash_loan,49362,36,570,medium,approved,49362,atm,false,527
app_20250112_00000322,2025-01-12 22:14:47,cust_2388679,CZPR,education_loan,21085,60,789,low,approved,21085,mobile_app,true,471
app_20250112_00000323,2025-01-12 13:43:42,cust_9572212,DEHE,credit_card,42864,36,788,low,approved,42864,online_banking,false,378
app_20250112_00000324,2025-01-12 09:43:15,cust_204684,NLAM,cash_loan,22064,30,650,medium,approved,22064,online_banking,true,306
app_20250112_00000325,2025-01-12 16:15:46,cust_942070,UKLO,business_loan,37990,48,766,low,approved,37990,mobile,false,144
app_20250112_00000326,2025-01-12 18:17:26,cust_4173153,CZPR,auto_loan,32713,60,535,medium,rejected,0,mobile_app,true,13
app_20250112_00000327,2025-01-12 04:52:18,cust_8012909,CZPR,personal_loan,25400,12,611,medium,approved,25400,atm,true,427
app_20250112_00000328,2025-01-12 22:56:10,cust_5984108,ESMA,refinance,392586,240,678,medium,rejected,0,online_banking,true,6
app_20250112_00000329,2025-01-12 14:58:23,cust_7109277,PLWA,cash_loan,48770,12,705,low,approved,48770,call_center,false,656
app_20250112_00000330,2025-01-12 05:13:19,cust_6228815,GRRE,education_loan,11715,36,554,medium,approved,11715,call_center,true,517
app_20250112_00000331,2025-01-12 04:58:35,cust_1271226,PLWA,auto_loan,32236,24,484,high,approved,32236,mobile,true,243
app_20250112_00000332,2025-01-12 02:14:46,cust_9168110,BENL,personal_loan,4357,24,598,medium,rejected,0,mobile,false,174
app_20250112_00000333,2025-01-12 05:08:58,cust_5591182,SESV,auto_loan,33239,60,797,low,approved,33239,partner,false,867
app_20250112_00000334,2025-01-12 05:42:09,cust_9489720,CHBE,credit_card,5353,42,634,medium,rejected,0,branch,false,178
app_20250112_00000335,2025-01-12 21:49:03,cust_3163189,CHBE,auto_loan,35000,72,850,low,rejected,0,call_center,false,178
app_20250112_00000336,2025-01-12 03:42:13,cust_6563806,PORP,education_loan,7299,60,543,medium,approved,7299,web,false,898
app_20250112_00000337,2025-01-12 11:03:05,cust_9481696,AUTR,auto_loan,38013,72,741,low,approved,38013,branch,true,371
app_20250112_00000338,2025-01-12 04:13:33,cust_8769513,PLWA,cash_loan,9822,24,850,low,approved,9822,atm,false,869
app_20250112_00000339,2025-01-12 13:28:41,cust_3414387,CZPR,mortgage,85148,120,612,medium,approved,85148,mobile,true,60
app_20250112_00000340,2025-01-12 23:12:56,cust_161114,GRRE,personal_loan,43472,36,819,low,approved,43472,online_banking,false,393
app_20250112_00000341,2025-01-12 13:49:27,cust_5417051,AUTR,business_loan,6332,12,582,medium,rejected,0,partner,true,121
app_20250112_00000342,2025-01-12 04:07:32,cust_5148077,ESMA,refinance,204211,120,631,medium,approved,204211,mobile_app,true,371
app_20250112_00000343,2025-01-12 11:22:27,cust_3238435,UKLO,personal_loan,6908,42,653,medium,approved,6908,branch,true,61
app_20250112_00000344,2025-01-12 20:25:41,cust_7552086,ESMA,personal_loan,19604,30,506,medium,rejected,0,online_banking,false,42
app_20250112_00000345,2025-01-12 12:43:02,cust_6005300,ATVI,personal_loan,30203,48,705,low,approved,30203,mobile,false,879
app_20250112_00000346,2025-01-12 05:55:01,cust_7812524,PLWA,auto_loan,8961,72,618,medium,approved,8961,call_center,true,526
app_20250112_00000347,2025-01-12 22:33:24,cust_8022153,NLAM,business_loan,21507,12,850,low,approved,21507,call_center,false,603
app_20250112_00000348,2025-01-12 17:29:02,cust_9923963,DEHE,auto_loan,13520,60,796,low,approved,13520,online_banking,true,642
app_20250112_00000349,2025-01-12 21:09:34,cust_7224815,NLAM,credit_card,28343,18,517,medium,rejected,0,branch,false,5
app_20250112_00000350,2025-01-12 18:05:30,cust_3375167,SESV,education_loan,28600,12,527,medium,rejected,0,online_banking,false,52
app_20250112_00000351,2025-01-12 14:52:01,cust_8230008,UKLO,personal_loan,12809,12,539,medium,approved,12809,call_center,true,834
app_20250112_00000352,2025-01-12 18:16:21,cust_973528,NLAM,education_loan,18468,60,619,medium,approved,18468,atm,true,575
app_20250112_00000353,2025-01-12 07:21:49,cust_9638403,PLWA,mortgage,469025,240,625,medium,approved,469025,call_center,false,382
app_20250112_00000354,2025-01-12 12:13:04,cust_765806,ITMI,business_loan,3131,36,563,medium,approved,3131,mobile,true,654
app_20250112_00000355,2025-01-12 06:25:31,cust_372591,PLWA,personal_loan,37209,12,784,low,approved,37209,atm,true,898
app_20250112_00000356,2025-01-12 20:24:35,cust_5263809,DEHE,refinance,434601,300,539,medium,rejected,0,mobile_app,false,143
app_20250112_00000357,2025-01-12 10:16:50,cust_208207,AUTR,personal_loan,8615,48,623,medium,approved,8615,atm,false,127
app_20250112_00000358,2025-01-12 13:12:53,cust_7823718,GRRE,cash_loan,37345,18,689,medium,approved,37345,atm,false,536
app_20250112_00000359,2025-01-12 18:53:47,cust_4510932,BENL,credit_card,15323,30,561,medium,rejected,0,partner,true,100
app_20250112_00000360,2025-01-12 19:31:24,cust_3576291,SESV,auto_loan,15195,48,657,medium,rejected,0,call_center,true,106
app_20250112_00000361,2025-01-12 20:53:29,cust_6336426,ITMI,credit_card,23233,18,720,low,approved,23233,call_center,false,127
app_20250112_00000362,2025-01-12 06:23:57,cust_8574646,SESV,mortgage,346204,240,647,medium,rejected,0,mobile_app,true,153
app_20250112_00000363,2025-01-12 05:09:12,cust_9771956,AUTR,refinance,471156,180,725,low,approved,471156,web,true,569
app_20250112_00000364,2025-01-12 07:53:19,cust_6145011,ATVI,auto_loan,51812,36,681,medium,approved,51812,web,true,415
app_20250112_00000365,2025-01-12 10:51:42,cust_8165929,DEHE,personal_loan,47894,30,618,medium,rejected,0,mobile,false,167
app_20250112_00000366,2025-01-12 03:07:16,cust_5895120,PORP,mortgage,149007,240,779,low,approved,149007,online_banking,true,444
app_20250112_00000367,2025-01-12 15:37:14,cust_4134139,AUTR,cash_loan,6329,24,705,low,approved,6329,partner,false,899
app_20250112_00000368,2025-01-12 13:24:00,cust_2726373,SESV,education_loan,14570,12,354,high,rejected,0,partner,false,11
app_20250112_00000369,2025-01-12 06:16:33,cust_1235684,AUTR,mortgage,307232,180,532,medium,approved,307232,branch,true,400
app_20250112_00000370,2025-01-12 16:04:23,cust_9885709,BENL,business_loan,19742,24,776,low,approved,19742,partner,false,184
app_20250112_00000371,2025-01-12 01:26:58,cust_1839824,BENL,refinance,321795,240,658,medium,rejected,0,mobile,false,167
app_20250112_00000372,2025-01-12 17:24:31,cust_9164718,AUTR,credit_card,48118,30,652,medium,approved,48118,mobile_app,false,883
app_20250112_00000373,2025-01-12 07:43:22,cust_7301718,FRID,credit_card,45711,48,654,medium,approved,45711,web,false,424
app_20250112_00000374,2025-01-12 22:50:20,cust_9555110,DEHE,personal_loan,21526,30,522,medium,approved,21526,branch,false,882
app_20250112_00000375,2025-01-12 13:22:20,cust_7197693,ESMA,education_loan,34146,60,603,medium,approved,34146,atm,false,786
app_20250112_00000376,2025-01-12 13:52:00,cust_6777103,UKLO,personal_loan,45816,42,641,medium,approved,45816,call_center,true,412
app_20250112_00000377,2025-01-12 17:38:36,cust_2301561,SESV,auto_loan,25721,36,745,low,approved,25721,branch,true,648
app_20250112_00000378,2025-01-12 16:52:26,cust_7392610,CZPR,auto_loan,41527,48,561,medium,approved,41527,partner,false,469
app_20250112_00000379,2025-01-12 05:03:31,cust_2221538,PORP,credit_card,23379,30,645,medium,approved,23379,mobile_app,true,36
app_20250112_00000380,2025-01-12 01:38:59,cust_7579084,NLAM,education_loan,16486,48,560,medium,rejected,0,online_banking,false,163
app_20250112_00000381,2025-01-12 11:02:10,cust_4126839,PORP,auto_loan,53508,72,714,low,approved,53508,mobile_app,false,822
app_20250112_00000382,2025-01-12 00:27:55,cust_2956747,ATVI,education_loan,24792,60,638,medium,approved,24792,branch,true,833
app_20250112_00000383,2025-01-12 16:46:05,cust_1030640,BENL,mortgage,317899,240,704,low,approved,317899,online_banking,false,46
app_20250112_00000384,2025-01-12 13:45:03,cust_9032730,PORP,auto_loan,45772,72,644,medium,approved,45772,call_center,true,152
app_20250112_00000385,2025-01-12 10:05:50,cust_7811118,ITMI,refinance,459224,360,749,low,approved,459224,mobile,true,515
app_20250112_00000386,2025-01-12 02:40:13,cust_6875060,ATVI,credit_card,8110,36,528,medium,approved,8110,mobile_app,false,341
app_20250112_00000387,2025-01-12 04:09:59,cust_8111668,PLWA,mortgage,450531,240,799,low,approved,450531,partner,true,500
app_20250112_00000388,2025-01-12 05:37:21,cust_7910698,ATVI,education_loan,10637,24,645,medium,approved,10637,web,false,361
app_20250112_00000389,2025-01-12 23:31:19,cust_4604868,ATVI,mortgage,59766,300,527,medium,rejected,0,mobile,false,14
app_20250112_00000390,2025-01-12 04:03:23,cust_4953065,ATVI,auto_loan,23499,48,685,medium,approved,23499,atm,false,586
app_20250112_00000391,2025-01-12 09:42:51,cust_7073574,SESV,mortgage,64540,300,706,low,approved,64540,branch,false,100
app_20250112_00000392,2025-01-12 02:41:58,cust_5348847,BENL,refinance,365832,180,660,medium,rejected,0,online_banking,false,64
app_20250112_00000393,2025-01-12 02:24:44,cust_6050699,CHBE,refinance,268659,240,576,medium,rejected,0,mobile_app,true,15
app_20250112_00000394,2025-01-12 02:00:45,cust_7989251,SESV,business_loan,3623,24,677,medium,approved,3623,partner,true,638
app_20250112_00000395,2025-01-12 00:01:38,cust_1885080,SESV,personal_loan,5082,48,736,low,rejected,0,mobile,false,139
app_20250112_00000396,2025-01-12 20:22:37,cust_8938398,ESMA,education_loan,18504,60,604,medium,approved,18504,web,true,872
app_20250112_00000397,2025-01-12 02:21:28,cust_4391097,ATVI,auto_loan,56421,72,517,medium,approved,56421,mobile_app,false,461
app_20250112_00000398,2025-01-12 03:31:28,cust_6928141,CZPR,cash_loan,13340,42,643,medium,rejected,0,online_banking,true,150
app_20250112_00000399,2025-01-12 11:34:14,cust_9050719,FRID,cash_loan,18647,48,660,medium,approved,18647,online_banking,false,409
app_20250112_00000400,2025-01-12 23:07:38,cust_2825488,CZPR,mortgage,294073,360,695,medium,approved,294073,mobile,true,751
app_20250112_00000401,2025-01-12 07:06:53,cust_3789081,NLAM,refinance,360132,180,486,high,rejected,0,branch,true,97
app_20250112_00000402,2025-01-12 13:52:58,cust_7073168,ESMA,credit_card,47506,12,717,low,rejected,0,web,true,172
app_20250112_00000403,2025-01-12 05:15:50,cust_1192145,ITMI,refinance,102559,240,819,low,approved,102559,branch,false,894
app_20250112_00000404,2025-01-12 14:08:16,cust_4082983,GRRE,cash_loan,47915,30,617,medium,approved,47915,atm,false,538
app_20250112_00000405,2025-01-12 00:42:32,cust_4989600,CZPR,business_loan,34320,36,729,low,approved,34320,partner,false,692
app_20250112_00000406,2025-01-12 05:01:21,cust_6524782,SESV,mortgage,119936,360,732,low,approved,119936,atm,false,630
app_20250112_00000407,2025-01-12 05:10:59,cust_2609962,AUTR,auto_loan,12746,48,660,medium,approved,12746,atm,true,378
app_20250112_00000408,2025-01-12 14:12:37,cust_599932,SESV,refinance,466519,300,750,low,rejected,0,branch,false,135
app_20250112_00000409,2025-01-12 23:24:39,cust_2700179,CZPR,mortgage,105927,240,688,medium,approved,105927,online_banking,true,807
app_20250112_00000410,2025-01-12 14:16:59,cust_7307390,PORP,education_loan,39002,36,719,low,approved,39002,branch,true,361
app_20250112_00000411,2025-01-12 15:12:04,cust_6308473,GRRE,credit_card,27100,24,708,low,approved,27100,call_center,true,163
app_20250112_00000412,2025-01-12 17:30:32,cust_264941,BENL,education_loan,26330,60,640,medium,approved,26330,partner,true,108
app_20250112_00000413,2025-01-12 03:29:13,cust_2040305,SESV,cash_loan,49204,18,663,medium,approved,49204,online_banking,true,553
app_20250112_00000414,2025-01-12 09:34:56,cust_1150616,DEHE,education_loan,22999,12,848,low,approved,22999,branch,false,131
app_20250112_00000415,2025-01-12 10:21:34,cust_2378842,FRID,auto_loan,34283,24,644,medium,rejected,0,atm,false,105
app_20250112_00000416,2025-01-12 20:48:51,cust_728862,NLAM,auto_loan,37218,72,333,high,rejected,0,web,true,46
app_20250112_00000417,2025-01-12 01:09:17,cust_3102707,PORP,mortgage,255341,300,602,medium,approved,255341,mobile_app,false,253
app_20250112_00000418,2025-01-12 05:18:46,cust_5179158,CHBE,refinance,143600,180,486,high,approved,143600,atm,false,164
app_20250112_00000419,2025-01-12 05:25:48,cust_4887476,UKLO,personal_loan,32361,12,756,low,approved,32361,call_center,true,794
app_20250112_00000420,2025-01-12 05:27:16,cust_9358106,FRID,business_loan,34258,48,791,low,approved,34258,mobile_app,false,866
app_20250112_00000421,2025-01-12 04:11:11,cust_1740996,ESMA,education_loan,2764,12,605,medium,approved,2764,web,true,273
app_20250112_00000422,2025-01-12 16:27:03,cust_1360793,NLAM,personal_loan,20287,42,797,low,approved,20287,online_banking,false,453
app_20250112_00000423,2025-01-12 12:29:42,cust_3518894,PORP,auto_loan,50024,36,747,low,approved,50024,web,false,512
app_20250112_00000424,2025-01-12 11:46:05,cust_747032,BENL,mortgage,163372,120,540,medium,rejected,0,branch,false,130
app_20250112_00000425,2025-01-12 07:43:33,cust_4176780,PLWA,auto_loan,6908,72,730,low,approved,6908,call_center,true,668
app_20250112_00000426,2025-01-12 06:23:15,cust_1028948,ATVI,cash_loan,22465,48,703,low,approved,22465,call_center,true,530
app_20250112_00000427,2025-01-12 11:00:36,cust_3694063,GRRE,credit_card,41133,24,757,low,approved,41133,online_banking,true,351
app_20250112_00000428,2025-01-12 08:19:55,cust_7850275,ITMI,cash_loan,13280,48,737,low,approved,13280,web,true,445
app_20250112_00000429,2025-01-12 08:05:43,cust_9877262,BENL,mortgage,353470,360,719,low,approved,353470,branch,false,889
app_20250112_00000430,2025-01-12 01:50:45,cust_5728113,NLAM,education_loan,23221,60,644,medium,approved,23221,mobile_app,false,73
app_20250112_00000431,2025-01-12 18:19:00,cust_760059,PORP,education_loan,12876,60,642,medium,approved,12876,atm,true,380
app_20250112_00000432,2025-01-12 08:52:23,cust_471827,GRRE,auto_loan,55729,60,594,medium,rejected,0,online_banking,false,21
app_20250112_00000433,2025-01-12 05:40:11,cust_1211740,GRRE,business_loan,36612,12,671,medium,approved,36612,partner,true,374
app_20250112_00000434,2025-01-12 16:48:16,cust_749777,UKLO,refinance,345994,360,551,medium,rejected,0,call_center,true,106
app_20250112_00000435,2025-01-12 09:02:02,cust_1300281,SESV,education_loan,39339,48,616,medium,approved,39339,atm,false,482
app_20250112_00000436,2025-01-12 12:21:41,cust_2731602,ITMI,auto_loan,28530,48,687,medium,approved,28530,online_banking,true,732
app_20250112_00000437,2025-01-12 19:26:26,cust_1639710,PORP,mortgage,160473,240,646,medium,approved,160473,call_center,false,817
app_20250112_00000438,2025-01-12 21:09:27,cust_8410656,PLWA,refinance,312597,180,514,medium,rejected,0,partner,false,21
app_20250112_00000439,2025-01-12 23:19:42,cust_8394998,ESMA,mortgage,71751,120,420,high,approved,71751,online_banking,false,156
app_20250112_00000440,2025-01-12 14:31:54,cust_3490357,ATVI,mortgage,467325,180,740,low,approved,467325,web,false,48
app_20250112_00000441,2025-01-12 12:07:51,cust_3247733,SESV,mortgage,255076,120,650,medium,approved,255076,online_banking,true,496
app_20250112_00000442,2025-01-12 07:09:01,cust_1345910,SESV,education_loan,14179,12,587,medium,approved,14179,mobile,true,524
app_20250112_00000443,2025-01-12 09:40:15,cust_1061950,GRRE,cash_loan,23991,24,533,medium,rejected,0,partner,false,78
app_20250112_00000444,2025-01-12 04:20:03,cust_2030077,ITMI,mortgage,474921,120,622,medium,rejected,0,mobile,false,68
app_20250112_00000445,2025-01-12 16:30:45,cust_9689769,NLAM,cash_loan,29451,36,657,medium,approved,29451,web,false,130
app_20250112_00000446,2025-01-12 18:14:06,cust_8874112,NLAM,auto_loan,44359,24,676,medium,approved,44359,atm,true,790
app_20250112_00000447,2025-01-12 15:46:07,cust_9972710,ESMA,mortgage,171101,240,722,low,approved,171101,branch,true,691
app_20250112_00000448,2025-01-12 04:49:04,cust_4724528,PORP,mortgage,345118,180,693,medium,approved,345118,online_banking,false,477
app_20250112_00000449,2025-01-12 09:18:55,cust_2402507,SESV,auto_loan,27619,36,567,medium,rejected,0,web,false,141
app_20250112_00000450,2025-01-12 15:16:49,cust_5719081,PORP,refinance,270552,180,613,medium,rejected,0,branch,true,119
app_20250112_00000451,2025-01-12 07:20:25,cust_1312930,PLWA,business_loan,38985,60,471,high,rejected,0,partner,false,143
app_20250112_00000452,2025-01-12 07:45:05,cust_7565389,UKLO,auto_loan,32068,72,650,medium,approved,32068,atm,false,35
app_20250112_00000453,2025-01-12 11:16:37,cust_8083980,FRID,credit_card,10598,36,523,medium,rejected,0,atm,false,45
app_20250112_00000454,2025-01-12 14:24:05,cust_5021253,CHBE,personal_loan,2207,18,496,high,rejected,0,partner,false,170
app_20250112_00000455,2025-01-12 00:03:40,cust_9587880,ATVI,personal_loan,35526,36,558,medium,rejected,0,call_center,false,158
app_20250112_00000456,2025-01-12 03:15:53,cust_4373288,NLAM,business_loan,19197,60,562,medium,rejected,0,atm,false,124
app_20250112_00000457,2025-01-12 03:59:13,cust_6045722,AUTR,business_loan,14267,48,618,medium,rejected,0,call_center,true,166
app_20250112_00000458,2025-01-12 22:57:57,cust_1497931,AUTR,mortgage,397552,240,768,low,approved,397552,atm,true,282
app_20250112_00000459,2025-01-12 09:06:56,cust_4435964,PLWA,cash_loan,13596,24,726,low,approved,13596,online_banking,false,520
app_20250112_00000460,2025-01-12 02:55:13,cust_7641584,UKLO,credit_card,38028,36,690,medium,approved,38028,web,false,621
app_20250112_00000461,2025-01-12 06:19:20,cust_1638471,FRID,cash_loan,39495,30,815,low,approved,39495,atm,false,580
app_20250112_00000462,2025-01-12 15:04:58,cust_2598935,PLWA,education_loan,4874,36,666,medium,approved,4874,atm,false,241
app_20250112_00000463,2025-01-12 04:42:18,cust_965514,PLWA,auto_loan,31584,48,598,medium,approved,31584,mobile_app,false,38
app_20250112_00000464,2025-01-12 18:36:47,cust_6794233,NLAM,auto_loan,35919,48,642,medium,rejected,0,call_center,true,34
app_20250112_00000465,2025-01-12 21:34:17,cust_3605306,GRRE,refinance,122483,360,676,medium,rejected,0,atm,true,179
app_20250112_00000466,2025-01-12 17:30:06,cust_2479763,PORP,personal_loan,39524,12,677,medium,rejected,0,branch,false,103
app_20250112_00000467,2025-01-12 18:41:39,cust_2626378,ITMI,business_loan,25488,48,437,high,rejected,0,mobile_app,false,15
app_20250112_00000468,2025-01-12 06:49:47,cust_7031893,BENL,education_loan,6496,60,610,medium,approved,6496,partner,false,752
app_20250112_00000469,2025-01-12 03:00:31,cust_4113305,CZPR,cash_loan,7316,42,662,medium,approved,7316,online_banking,true,610
app_20250112_00000470,2025-01-12 23:01:15,cust_403641,PLWA,personal_loan,37438,48,494,high,rejected,0,branch,true,5
app_20250112_00000471,2025-01-12 22:13:11,cust_6303495,CHBE,mortgage,314087,300,646,medium,rejected,0,atm,true,100
app_20250112_00000472,2025-01-12 05:42:03,cust_1627894,FRID,business_loan,37317,60,688,medium,approved,37317,mobile,false,706
app_20250112_00000473,2025-01-12 02:58:20,cust_8553268,CZPR,education_loan,22028,24,561,medium,approved,22028,call_center,false,422
app_20250112_00000474,2025-01-12 06:04:53,cust_2511913,CHBE,education_loan,16853,36,631,medium,rejected,0,branch,true,10
app_20250112_00000475,2025-01-12 03:18:18,cust_8234185,ESMA,mortgage,473772,180,687,medium,rejected,0,branch,false,94
app_20250112_00000476,2025-01-12 14:20:23,cust_9144103,DEHE,business_loan,11689,12,646,medium,approved,11689,atm,false,544
app_20250112_00000477,2025-01-12 21:50:22,cust_2586256,BENL,refinance,330687,180,488,high,rejected,0,web,false,99
app_20250112_00000478,2025-01-12 01:24:21,cust_6789295,BENL,credit_card,12653,12,661,medium,rejected,0,atm,true,40
app_20250112_00000479,2025-01-12 13:14:43,cust_4188909,SESV,cash_loan,7518,36,558,medium,rejected,0,online_banking,true,160
app_20250112_00000480,2025-01-12 18:18:13,cust_818645,FRID,personal_loan,7530,36,497,high,rejected,0,mobile,false,16
app_20250112_00000481,2025-01-12 01:11:27,cust_6683982,ATVI,mortgage,429393,180,796,low,approved,429393,partner,false,247
app_20250112_00000482,2025-01-12 00:32:28,cust_7331734,UKLO,business_loan,21416,12,614,medium,approved,21416,mobile_app,false,318
app_20250112_00000483,2025-01-12 08:57:42,cust_4181037,CZPR,credit_card,15121,18,554,medium,rejected,0,branch,true,139
app_20250112_00000484,2025-01-12 02:14:37,cust_1851360,ESMA,auto_loan,56203,48,484,high,rejected,0,partner,false,93
app_20250112_00000485,2025-01-12 20:33:56,cust_2537333,FRID,personal_loan,6926,36,657,medium,rejected,0,online_banking,true,171
app_20250112_00000486,2025-01-12 01:13:37,cust_5958109,GRRE,business_loan,24354,24,821,low,approved,24354,web,false,283
app_20250112_00000487,2025-01-12 02:10:07,cust_5251069,SESV,refinance,229738,300,443,high,rejected,0,mobile_app,true,62
app_20250112_00000488,2025-01-12 14:24:17,cust_4384552,FRID,business_loan,25922,12,536,medium,approved,25922,online_banking,true,411
app_20250112_00000489,2025-01-12 04:14:55,cust_3193471,BENL,mortgage,347879,360,750,low,approved,347879,call_center,true,569
app_20250112_00000490,2025-01-12 01:41:08,cust_3595119,CZPR,cash_loan,26234,18,808,low,approved,26234,call_center,false,388
app_20250112_00000491,2025-01-12 01:15:18,cust_9973575,ATVI,cash_loan,6782,36,754,low,approved,6782,mobile_app,true,851
app_20250112_00000492,2025-01-12 00:11:14,cust_4920898,ITMI,education_loan,9992,48,671,medium,approved,9992,atm,true,579
app_20250112_00000493,2025-01-12 02:34:42,cust_7929345,PORP,education_loan,20684,60,611,medium,approved,20684,partner,false,167
app_20250112_00000494,2025-01-12 23:47:09,cust_3041828,DEHE,credit_card,46675,48,576,medium,rejected,0,partner,false,51
app_20250112_00000495,2025-01-12 18:02:23,cust_4838050,CZPR,credit_card,15368,18,850,low,approved,15368,web,true,813
app_20250112_00000496,2025-01-12 04:23:50,cust_1605172,BENL,refinance,118941,180,508,medium,rejected,0,mobile,true,34
app_20250112_00000497,2025-01-12 09:43:40,cust_2220487,BENL,credit_card,35677,30,757,low,approved,35677,call_center,false,744
app_20250112_00000498,2025-01-12 01:09:37,cust_8650677,FRID,personal_loan,39060,24,726,low,rejected,0,partner,false,159
app_20250112_00000499,2025-01-12 05:04:49,cust_1832600,AUTR,personal_loan,19970,36,514,medium,approved,19970,mobile_app,true,449
app_20250112_00000500,2025-01-12 09:41:42,cust_9216459,SESV,personal_loan,17827,36,597,medium,approved,17827,call_center,false,721
app_20250112_00000501,2025-01-12 20:36:56,cust_6858859,UKLO,credit_card,46265,36,612,medium,approved,46265,partner,false,109
app_20250112_00000502,2025-01-12 14:43:13,cust_236179,ITMI,refinance,57819,240,737,low,approved,57819,atm,true,574
app_20250112_00000503,2025-01-12 08:07:40,cust_288572,GRRE,cash_loan,24273,12,586,medium,rejected,0,online_banking,false,111
app_20250112_00000504,2025-01-12 22:43:47,cust_1677433,FRID,auto_loan,19996,72,540,medium,approved,19996,partner,true,756
app_20250112_00000505,2025-01-12 04:36:11,cust_650517,NLAM,cash_loan,31167,30,850,low,rejected,0,mobile,true,87
app_20250112_00000506,2025-01-12 23:41:50,cust_171725,ESMA,business_loan,23953,12,790,low,approved,23953,mobile,false,849
app_20250112_00000507,2025-01-12 05:28:33,cust_3239695,FRID,personal_loan,7253,12,774,low,approved,7253,call_center,true,201
app_20250112_00000508,2025-01-12 04:11:10,cust_9434991,UKLO,business_loan,20786,24,600,medium,approved,20786,online_banking,false,346
app_20250112_00000509,2025-01-12 19:55:02,cust_8390853,AUTR,business_loan,32724,48,698,medium,approved,32724,partner,true,531
app_20250112_00000510,2025-01-12 01:23:50,cust_7510227,CZPR,refinance,474017,300,705,low,approved,474017,mobile,false,216
app_20250112_00000511,2025-01-12 16:42:03,cust_1810581,FRID,mortgage,90277,120,663,medium,rejected,0,atm,true,27
app_20250112_00000512,2025-01-12 11:10:32,cust_8384819,DEHE,personal_loan,6655,18,704,low,approved,6655,mobile_app,false,580
app_20250112_00000513,2025-01-12 16:30:59,cust_3753185,GRRE,refinance,118212,240,617,medium,approved,118212,branch,false,191
app_20250112_00000514,2025-01-12 10:18:08,cust_5616993,NLAM,auto_loan,45179,24,504,medium,approved,45179,mobile,false,54
app_20250112_00000515,2025-01-12 15:00:50,cust_7736874,FRID,education_loan,7773,24,643,medium,approved,7773,mobile_app,false,56
app_20250112_00000516,2025-01-12 15:17:22,cust_7792596,BENL,education_loan,35551,48,512,medium,rejected,0,partner,true,140
app_20250112_00000517,2025-01-12 19:59:28,cust_3380931,SESV,credit_card,24328,36,670,medium,approved,24328,mobile_app,true,285
app_20250112_00000518,2025-01-12 03:24:17,cust_4979670,GRRE,cash_loan,4047,24,557,medium,rejected,0,web,false,7
app_20250112_00000519,2025-01-12 11:55:25,cust_2598493,CZPR,credit_card,29856,42,686,medium,rejected,0,call_center,true,55
app_20250112_00000520,2025-01-12 14:05:54,cust_9569318,AUTR,mortgage,154458,180,426,high,rejected,0,atm,false,29
app_20250112_00000521,2025-01-12 20:18:48,cust_8253127,UKLO,refinance,185101,120,607,medium,approved,185101,web,true,43
app_20250112_00000522,2025-01-12 13:46:09,cust_8238634,PLWA,mortgage,485164,360,770,low,approved,485164,atm,false,380
app_20250112_00000523,2025-01-12 08:33:46,cust_3608768,CHBE,cash_loan,21549,18,599,medium,approved,21549,call_center,false,634
app_20250112_00000524,2025-01-12 19:36:52,cust_1921072,DEHE,cash_loan,28593,42,691,medium,rejected,0,partner,false,74
app_20250112_00000525,2025-01-12 09:25:35,cust_8084251,UKLO,mortgage,130086,360,737,low,approved,130086,mobile_app,true,533
app_20250112_00000526,2025-01-12 00:12:40,cust_7999331,PORP,mortgage,90188,240,799,low,approved,90188,call_center,false,132
app_20250112_00000527,2025-01-12 10:51:46,cust_4442566,DEHE,cash_loan,4235,24,718,low,approved,4235,web,false,856
app_20250112_00000528,2025-01-12 13:16:09,cust_7064847,PORP,cash_loan,32760,18,599,medium,rejected,0,mobile_app,false,103
app_20250112_00000529,2025-01-12 21:32:31,cust_5045877,AUTR,personal_loan,48549,24,548,medium,approved,48549,web,false,96
app_20250112_00000530,2025-01-12 08:27:00,cust_8273924,DEHE,credit_card,14235,48,528,medium,rejected,0,atm,true,167
app_20250112_00000531,2025-01-12 17:14:36,cust_6629586,BENL,refinance,61038,360,621,medium,rejected,0,branch,false,115
app_20250112_00000532,2025-01-12 15:15:05,cust_8609113,SESV,cash_loan,31827,12,684,medium,rejected,0,branch,false,26
app_20250112_00000533,2025-01-12 13:47:08,cust_2103330,SESV,auto_loan,56310,60,537,medium,approved,56310,web,true,126
app_20250112_00000534,2025-01-12 08:02:19,cust_4044099,NLAM,personal_loan,21194,36,590,medium,rejected,0,branch,false,134
app_20250112_00000535,2025-01-12 04:33:26,cust_7306270,CZPR,refinance,85521,240,575,medium,rejected,0,branch,false,36
app_20250112_00000536,2025-01-12 13:53:40,cust_5116800,SESV,cash_loan,25250,48,809,low,approved,25250,call_center,false,540
app_20250112_00000537,2025-01-12 08:45:44,cust_5539403,CZPR,business_loan,28364,36,683,medium,approved,28364,call_center,false,681
app_20250112_00000538,2025-01-12 20:24:26,cust_4842518,AUTR,credit_card,38923,24,705,low,approved,38923,mobile,true,157
app_20250112_00000539,2025-01-12 20:18:58,cust_1598512,PLWA,auto_loan,49456,60,668,medium,rejected,0,branch,true,137
app_20250112_00000540,2025-01-12 22:59:30,cust_9336544,ESMA,credit_card,11379,12,698,medium,rejected,0,branch,false,11
app_20250112_00000541,2025-01-12 05:41:14,cust_744640,SESV,cash_loan,39991,42,814,low,approved,39991,atm,true,665
app_20250112_00000542,2025-01-12 19:05:40,cust_3513466,AUTR,refinance,321231,180,794,low,approved,321231,online_banking,false,677
app_20250112_00000543,2025-01-12 23:33:02,cust_9876353,PORP,refinance,300143,120,710,low,approved,300143,online_banking,false,781
app_20250112_00000544,2025-01-12 10:30:24,cust_6346207,FRID,credit_card,28033,48,561,medium,rejected,0,web,true,91
app_20250112_00000545,2025-01-12 23:17:02,cust_6938947,DEHE,education_loan,35978,12,636,medium,approved,35978,mobile_app,false,436
app_20250112_00000546,2025-01-12 18:45:01,cust_5081618,AUTR,auto_loan,50809,48,658,medium,rejected,0,call_center,false,123
app_20250112_00000547,2025-01-12 20:26:30,cust_3982731,FRID,refinance,263156,120,824,low,approved,263156,call_center,false,369
app_20250112_00000548,2025-01-12 01:19:10,cust_9551641,GRRE,mortgage,496620,180,715,low,approved,496620,atm,true,295
app_20250112_00000549,2025-01-12 14:29:57,cust_8347827,ESMA,auto_loan,27237,48,686,medium,rejected,0,branch,false,177
app_20250112_00000550,2025-01-12 19:49:48,cust_7212580,AUTR,mortgage,267606,120,754,low,approved,267606,online_banking,true,334
app_20250112_00000551,2025-01-12 14:53:06,cust_6554954,UKLO,credit_card,9179,36,705,low,approved,9179,call_center,true,751
app_20250112_00000552,2025-01-12 14:27:34,cust_6751548,ATVI,auto_loan,7648,72,592,medium,approved,7648,partner,false,254
app_20250112_00000553,2025-01-12 17:27:23,cust_5454967,CZPR,business_loan,24094,60,561,medium,approved,24094,partner,false,819
app_20250112_00000554,2025-01-12 04:42:16,cust_8458233,CZPR,personal_loan,31853,48,635,medium,rejected,0,partner,true,164
app_20250112_00000555,2025-01-12 08:29:17,cust_6204112,ITMI,business_loan,38245,48,631,medium,approved,38245,web,true,326
app_20250112_00000556,2025-01-12 00:20:06,cust_4764343,SESV,education_loan,19233,36,640,medium,rejected,0,mobile_app,false,163
app_20250112_00000557,2025-01-12 16:27:02,cust_5866628,DEHE,personal_loan,32782,18,652,medium,rejected,0,online_banking,false,82
app_20250112_00000558,2025-01-12 23:08:24,cust_6651080,CHBE,mortgage,66700,300,589,medium,approved,66700,web,true,519
app_20250112_00000559,2025-01-12 07:18:57,cust_6599092,PLWA,business_loan,7802,36,604,medium,approved,7802,call_center,false,525
app_20250112_00000560,2025-01-12 21:40:20,cust_5139422,SESV,refinance,427620,180,565,medium,approved,427620,branch,false,515
app_20250112_00000561,2025-01-12 13:34:38,cust_551903,DEHE,cash_loan,43838,48,665,medium,approved,43838,branch,false,81
app_20250112_00000562,2025-01-12 21:31:07,cust_3945389,UKLO,education_loan,9840,60,502,medium,approved,9840,atm,true,819
app_20250112_00000563,2025-01-12 15:39:16,cust_3942546,FRID,business_loan,22175,36,736,low,rejected,0,call_center,true,176
app_20250112_00000564,2025-01-12 06:57:44,cust_7849079,AUTR,credit_card,16049,18,572,medium,approved,16049,branch,false,775
app_20250112_00000565,2025-01-12 20:16:49,cust_5769371,BENL,cash_loan,6619,42,791,low,approved,6619,mobile,false,247
app_20250112_00000566,2025-01-12 19:46:27,cust_8723128,ITMI,credit_card,23459,24,575,medium,rejected,0,branch,true,51
app_20250112_00000567,2025-01-12 09:32:05,cust_4299363,ITMI,education_loan,8220,36,496,high,rejected,0,web,false,162
app_20250112_00000568,2025-01-12 07:20:39,cust_2248773,AUTR,cash_loan,15045,12,618,medium,rejected,0,mobile_app,true,141
app_20250112_00000569,2025-01-12 13:07:37,cust_1549064,NLAM,mortgage,136262,360,635,medium,approved,136262,web,false,469
app_20250112_00000570,2025-01-12 22:21:59,cust_4843348,CZPR,cash_loan,5342,12,586,medium,rejected,0,atm,false,176
app_20250112_00000571,2025-01-12 07:09:01,cust_3767356,CZPR,refinance,364840,240,688,medium,approved,364840,atm,true,253
app_20250112_00000572,2025-01-12 13:06:44,cust_8623957,SESV,business_loan,37253,12,526,medium,approved,37253,online_banking,false,577
app_20250112_00000573,2025-01-12 14:31:02,cust_6647592,DEHE,cash_loan,5326,12,622,medium,approved,5326,call_center,false,654
app_20250112_00000574,2025-01-12 03:09:00,cust_9325769,BENL,business_loan,2452,48,629,medium,approved,2452,branch,false,636
app_20250112_00000575,2025-01-12 02:40:53,cust_6759334,ITMI,personal_loan,20212,12,591,medium,rejected,0,web,true,6
app_20250112_00000576,2025-01-12 06:45:57,cust_5430243,PORP,credit_card,17457,30,719,low,approved,17457,call_center,false,302
app_20250112_00000577,2025-01-12 06:48:11,cust_6395062,UKLO,cash_loan,41666,12,628,medium,rejected,0,online_banking,false,14
app_20250112_00000578,2025-01-12 15:33:32,cust_9114652,CZPR,personal_loan,24760,36,467,high,rejected,0,mobile_app,true,164
app_20250112_00000579,2025-01-12 18:19:49,cust_5056167,FRID,credit_card,19125,24,608,medium,approved,19125,branch,true,669
app_20250112_00000580,2025-01-12 13:10:10,cust_5652019,CZPR,credit_card,39983,42,850,low,approved,39983,online_banking,true,823
app_20250112_00000581,2025-01-12 13:44:00,cust_3157890,ESMA,auto_loan,31929,60,531,medium,rejected,0,branch,true,13
app_20250112_00000582,2025-01-12 03:23:56,cust_442459,CHBE,personal_loan,12789,48,563,medium,approved,12789,web,false,425
app_20250112_00000583,2025-01-12 17:07:50,cust_7561180,BENL,personal_loan,41682,24,564,medium,approved,41682,online_banking,false,308
app_20250112_00000584,2025-01-12 23:46:59,cust_8701639,ATVI,credit_card,30506,30,720,low,approved,30506,atm,false,371
app_20250112_00000585,2025-01-12 10:57:47,cust_2218709,AUTR,business_loan,18385,36,671,medium,rejected,0,mobile_app,true,46
app_20250112_00000586,2025-01-12 10:29:35,cust_2859711,CHBE,refinance,311063,300,713,low,approved,311063,web,false,494
app_20250112_00000587,2025-01-12 20:15:24,cust_3937138,NLAM,cash_loan,48139,12,604,medium,rejected,0,mobile,true,156
app_20250112_00000588,2025-01-12 20:55:27,cust_5050403,DEHE,refinance,439893,300,500,medium,rejected,0,call_center,true,168
app_20250112_00000589,2025-01-12 07:21:36,cust_9087749,BENL,mortgage,135380,360,720,low,approved,135380,mobile_app,false,731
app_20250112_00000590,2025-01-12 22:01:40,cust_1786176,UKLO,education_loan,23189,24,748,low,rejected,0,branch,false,169
app_20250112_00000591,2025-01-12 09:08:11,cust_5653944,ATVI,auto_loan,13436,60,639,medium,approved,13436,mobile,true,760
app_20250112_00000592,2025-01-12 07:18:21,cust_3974678,PORP,credit_card,42090,42,827,low,approved,42090,online_banking,false,92
app_20250112_00000593,2025-01-12 09:59:55,cust_8760701,AUTR,credit_card,36968,48,576,medium,rejected,0,web,false,104
app_20250112_00000594,2025-01-12 02:51:11,cust_3184563,UKLO,cash_loan,17561,12,850,low,approved,17561,atm,false,303
app_20250112_00000595,2025-01-12 02:00:15,cust_7306718,AUTR,cash_loan,9753,12,546,medium,rejected,0,call_center,true,122
app_20250112_00000596,2025-01-12 17:11:39,cust_647149,ITMI,personal_loan,14414,42,690,medium,approved,14414,atm,true,720
app_20250112_00000597,2025-01-12 19:39:35,cust_7351826,PORP,mortgage,357504,180,567,medium,approved,357504,mobile_app,true,442
app_20250112_00000598,2025-01-12 21:17:26,cust_2801038,PORP,auto_loan,5193,36,733,low,approved,5193,online_banking,true,231
app_20250112_00000599,2025-01-12 03:48:41,cust_9465919,UKLO,cash_loan,7066,36,530,medium,approved,7066,branch,true,318
app_20250112_00000600,2025-01-12 06:21:19,cust_2696710,CZPR,personal_loan,35095,12,618,medium,approved,35095,call_center,false,811
app_20250112_00000601,2025-01-12 14:33:11,cust_7781087,NLAM,business_loan,25754,48,615,medium,rejected,0,web,false,126
app_20250112_00000602,2025-01-12 20:21:30,cust_9266362,ESMA,credit_card,12782,30,647,medium,approved,12782,mobile_app,false,711
app_20250112_00000603,2025-01-12 19:51:12,cust_4207121,ITMI,auto_loan,32637,24,824,low,approved,32637,mobile_app,false,361
app_20250112_00000604,2025-01-12 11:01:03,cust_7018394,CZPR,refinance,349561,180,659,medium,approved,349561,mobile_app,false,501
app_20250112_00000605,2025-01-12 00:46:42,cust_1086648,SESV,personal_loan,4765,36,459,high,rejected,0,web,true,19
app_20250112_00000606,2025-01-12 10:39:59,cust_9190361,BENL,auto_loan,8043,36,808,low,approved,8043,atm,true,455
app_20250112_00000607,2025-01-12 03:20:39,cust_4041153,AUTR,personal_loan,44261,36,668,medium,rejected,0,call_center,true,146
app_20250112_00000608,2025-01-12 21:40:19,cust_5513467,PLWA,auto_loan,47264,24,558,medium,rejected,0,mobile,true,105
app_20250112_00000609,2025-01-12 20:33:39,cust_8271131,ITMI,business_loan,18297,48,661,medium,approved,18297,web,false,375
app_20250112_00000610,2025-01-12 19:17:36,cust_4876782,UKLO,education_loan,39189,36,616,medium,approved,39189,branch,true,307
app_20250112_00000611,2025-01-12 07:11:28,cust_254238,UKLO,personal_loan,21494,18,635,medium,approved,21494,web,true,687
app_20250112_00000612,2025-01-12 20:12:37,cust_3445270,BENL,refinance,139598,360,454,high,rejected,0,web,true,88
app_20250112_00000613,2025-01-12 06:57:04,cust_5084583,FRID,auto_loan,34930,60,693,medium,approved,34930,mobile_app,true,604
app_20250112_00000614,2025-01-12 07:14:04,cust_1415799,DEHE,refinance,354454,360,787,low,approved,354454,branch,true,160
app_20250112_00000615,2025-01-12 06:26:33,cust_3271562,PORP,refinance,185787,120,761,low,approved,185787,call_center,false,325
app_20250112_00000616,2025-01-12 01:48:50,cust_4472953,DEHE,business_loan,11763,60,537,medium,rejected,0,web,false,46
app_20250112_00000617,2025-01-12 20:12:27,cust_6154108,ESMA,personal_loan,3225,36,641,medium,rejected,0,partner,false,170
app_20250112_00000618,2025-01-12 14:45:17,cust_6467566,BENL,business_loan,14196,12,584,medium,rejected,0,mobile,false,69
app_20250112_00000619,2025-01-12 22:38:27,cust_6900381,CZPR,education_loan,4587,36,565,medium,rejected,0,atm,true,104
app_20250112_00000620,2025-01-12 02:42:33,cust_8267248,DEHE,auto_loan,20229,72,603,medium,rejected,0,web,true,148
app_20250112_00000621,2025-01-12 12:59:36,cust_1338158,PLWA,personal_loan,25893,24,609,medium,approved,25893,web,false,748
app_20250112_00000622,2025-01-12 23:47:12,cust_4004138,SESV,auto_loan,48898,36,600,medium,rejected,0,online_banking,true,48
app_20250112_00000623,2025-01-12 21:25:21,cust_8876431,ESMA,mortgage,252572,120,508,medium,approved,252572,mobile_app,true,221
app_20250112_00000624,2025-01-12 10:15:51,cust_8612086,NLAM,cash_loan,19071,18,615,medium,rejected,0,call_center,false,135
app_20250112_00000625,2025-01-12 15:13:57,cust_6303037,PLWA,cash_loan,19505,36,642,medium,approved,19505,branch,false,277
app_20250112_00000626,2025-01-12 11:51:01,cust_6742525,ATVI,auto_loan,31887,24,768,low,approved,31887,mobile_app,false,466
app_20250112_00000627,2025-01-12 04:20:21,cust_7252486,AUTR,credit_card,42668,48,637,medium,approved,42668,partner,true,221
app_20250112_00000628,2025-01-12 13:48:43,cust_3239977,FRID,personal_loan,10471,30,349,high,rejected,0,partner,true,158
app_20250112_00000629,2025-01-12 21:25:57,cust_2181965,ITMI,credit_card,16866,12,526,medium,approved,16866,mobile,false,894
app_20250112_00000630,2025-01-12 03:43:55,cust_9893732,ESMA,credit_card,42311,48,752,low,approved,42311,branch,false,646
app_20250112_00000631,2025-01-12 14:45:34,cust_3028098,BENL,auto_loan,50247,36,627,medium,approved,50247,branch,true,667
app_20250112_00000632,2025-01-12 12:02:49,cust_4042531,SESV,business_loan,13945,24,681,medium,approved,13945,partner,true,161
app_20250112_00000633,2025-01-12 11:40:15,cust_9769842,NLAM,education_loan,36217,60,816,low,approved,36217,partner,true,874
app_20250112_00000634,2025-01-12 08:19:17,cust_1408550,CZPR,mortgage,78291,180,475,high,rejected,0,partner,true,18
app_20250112_00000635,2025-01-12 08:13:55,cust_964556,SESV,mortgage,188165,360,464,high,rejected,0,call_center,false,145
app_20250112_00000636,2025-01-12 06:46:10,cust_4586017,UKLO,credit_card,14083,42,729,low,approved,14083,web,true,456
app_20250112_00000637,2025-01-12 07:34:48,cust_857951,SESV,education_loan,8041,12,722,low,approved,8041,call_center,true,789
app_20250112_00000638,2025-01-12 00:16:56,cust_3494211,ITMI,refinance,227691,180,607,medium,approved,227691,call_center,true,489
app_20250112_00000639,2025-01-12 00:52:11,cust_4402209,PLWA,refinance,94198,300,799,low,approved,94198,mobile_app,false,167
app_20250112_00000640,2025-01-12 05:46:33,cust_7234052,UKLO,auto_loan,52911,72,651,medium,approved,52911,partner,false,425
app_20250112_00000641,2025-01-12 13:17:06,cust_8143113,UKLO,refinance,402353,120,504,medium,approved,402353,online_banking,false,370
app_20250112_00000642,2025-01-12 11:19:58,cust_4353253,CZPR,refinance,122177,360,552,medium,approved,122177,partner,false,129
app_20250112_00000643,2025-01-12 16:28:03,cust_6021257,NLAM,cash_loan,4065,42,484,high,rejected,0,web,false,147
app_20250112_00000644,2025-01-12 19:44:13,cust_8517772,CHBE,mortgage,138616,120,629,medium,approved,138616,atm,false,719
app_20250112_00000645,2025-01-12 08:16:28,cust_4279232,ITMI,education_loan,37999,48,850,low,approved,37999,mobile_app,false,59
app_20250112_00000646,2025-01-12 03:12:51,cust_6796528,CZPR,mortgage,252426,180,615,medium,approved,252426,web,false,707
app_20250112_00000647,2025-01-12 12:56:01,cust_2660790,BENL,credit_card,14303,12,649,medium,approved,14303,mobile_app,false,556
app_20250112_00000648,2025-01-12 11:12:44,cust_228572,UKLO,personal_loan,42107,48,733,low,approved,42107,branch,true,234
app_20250112_00000649,2025-01-12 07:17:10,cust_2947176,FRID,refinance,369330,120,530,medium,approved,369330,branch,false,549
app_20250112_00000650,2025-01-12 09:41:44,cust_7155518,CZPR,cash_loan,38843,30,647,medium,approved,38843,online_banking,false,737
app_20250112_00000651,2025-01-12 10:16:07,cust_6552278,UKLO,cash_loan,16441,18,706,low,approved,16441,mobile,false,672
app_20250112_00000652,2025-01-12 13:55:21,cust_3187138,CHBE,business_loan,2616,12,627,medium,approved,2616,web,false,698
app_20250112_00000653,2025-01-12 22:27:42,cust_3459455,AUTR,education_loan,33120,48,503,medium,approved,33120,partner,true,194
app_20250112_00000654,2025-01-12 09:57:41,cust_5956013,ESMA,mortgage,381596,240,593,medium,rejected,0,online_banking,true,154
app_20250112_00000655,2025-01-12 02:17:05,cust_7093965,DEHE,refinance,357125,120,773,low,approved,357125,web,false,872
app_20250112_00000656,2025-01-12 23:24:32,cust_4984051,DEHE,auto_loan,44765,24,516,medium,rejected,0,mobile_app,true,103
app_20250112_00000657,2025-01-12 03:34:09,cust_8666155,UKLO,cash_loan,48213,48,593,medium,rejected,0,online_banking,true,78
app_20250112_00000658,2025-01-12 05:46:41,cust_8943081,ESMA,business_loan,39610,48,551,medium,rejected,0,branch,false,68
app_20250112_00000659,2025-01-12 05:58:05,cust_5952888,PLWA,cash_loan,34433,18,850,low,approved,34433,mobile,false,435
app_20250112_00000660,2025-01-12 05:19:03,cust_1512736,PORP,auto_loan,11119,72,616,medium,approved,11119,mobile_app,false,241
app_20250112_00000661,2025-01-12 17:00:03,cust_2857385,NLAM,mortgage,430210,300,750,low,approved,430210,atm,true,357
app_20250112_00000662,2025-01-12 14:58:05,cust_7622477,SESV,business_loan,29334,48,571,medium,rejected,0,online_banking,true,11
app_20250112_00000663,2025-01-12 21:15:59,cust_2122207,PLWA,personal_loan,41417,18,588,medium,approved,41417,mobile_app,false,611
app_20250112_00000664,2025-01-12 08:43:09,cust_6290605,ITMI,education_loan,5959,60,643,medium,rejected,0,online_banking,true,164
app_20250112_00000665,2025-01-12 04:08:46,cust_3571898,FRID,mortgage,305340,300,580,medium,approved,305340,mobile_app,false,799
app_20250112_00000666,2025-01-12 16:00:09,cust_9861020,SESV,business_loan,8135,48,658,medium,rejected,0,mobile_app,false,66
app_20250112_00000667,2025-01-12 00:48:28,cust_1387321,ESMA,business_loan,22833,36,598,medium,rejected,0,online_banking,false,79
app_20250112_00000668,2025-01-12 10:22:39,cust_6360669,PORP,auto_loan,58679,36,683,medium,approved,58679,web,true,181
app_20250112_00000669,2025-01-12 08:47:20,cust_3937315,PLWA,personal_loan,33951,30,790,low,approved,33951,partner,true,751
app_20250112_00000670,2025-01-12 12:55:00,cust_5423780,ESMA,education_loan,24574,12,656,medium,approved,24574,web,true,518
app_20250112_00000671,2025-01-12 11:43:18,cust_3804904,CHBE,mortgage,311138,120,717,low,approved,311138,branch,false,844
app_20250112_00000672,2025-01-12 19:49:00,cust_4917905,ESMA,cash_loan,37799,36,472,high,rejected,0,partner,true,102
app_20250112_00000673,2025-01-12 22:53:34,cust_7981039,DEHE,business_loan,22266,24,542,medium,rejected,0,mobile,false,49
app_20250112_00000674,2025-01-12 12:09:55,cust_3819881,PORP,business_loan,27795,48,633,medium,approved,27795,partner,false,326
app_20250112_00000675,2025-01-12 06:40:01,cust_7071067,BENL,auto_loan,14885,72,629,medium,rejected,0,partner,false,129
app_20250112_00000676,2025-01-12 01:10:33,cust_2238278,FRID,education_loan,10408,48,785,low,approved,10408,call_center,false,63
app_20250112_00000677,2025-01-12 22:29:34,cust_5188132,SESV,business_loan,2449,12,608,medium,approved,2449,branch,true,245
app_20250112_00000678,2025-01-12 06:18:23,cust_837192,SESV,cash_loan,31181,24,611,medium,approved,31181,online_banking,false,212
app_20250112_00000679,2025-01-12 19:44:36,cust_2589255,ESMA,personal_loan,4682,48,692,medium,approved,4682,atm,false,477
app_20250112_00000680,2025-01-12 19:29:23,cust_339962,CZPR,business_loan,7366,12,850,low,approved,7366,web,false,519
app_20250112_00000681,2025-01-12 03:02:35,cust_2940036,PLWA,business_loan,19761,12,613,medium,rejected,0,partner,true,96
app_20250112_00000682,2025-01-12 07:21:02,cust_4148744,CZPR,credit_card,7834,48,656,medium,approved,7834,online_banking,false,54
app_20250112_00000683,2025-01-12 16:25:28,cust_5094044,BENL,auto_loan,12178,36,580,medium,approved,12178,online_banking,false,900
app_20250112_00000684,2025-01-12 09:40:25,cust_8249783,ESMA,mortgage,308587,360,392,high,rejected,0,branch,false,128
app_20250112_00000685,2025-01-12 19:54:17,cust_1483503,GRRE,mortgage,131603,120,740,low,approved,131603,atm,true,570
app_20250112_00000686,2025-01-12 09:47:31,cust_4044071,CHBE,cash_loan,19795,24,506,medium,rejected,0,partner,true,47
app_20250112_00000687,2025-01-12 23:16:01,cust_7554430,DEHE,refinance,93054,300,711,low,approved,93054,mobile_app,true,800
app_20250112_00000688,2025-01-12 00:12:53,cust_1596073,NLAM,education_loan,16896,24,665,medium,approved,16896,atm,true,795
app_20250112_00000689,2025-01-12 21:09:36,cust_8371006,SESV,credit_card,11089,12,502,medium,approved,11089,online_banking,true,255
app_20250112_00000690,2025-01-12 23:12:15,cust_2679978,ESMA,auto_loan,36604,72,748,low,rejected,0,online_banking,false,42
app_20250112_00000691,2025-01-12 11:44:08,cust_2182870,PORP,refinance,72895,240,784,low,approved,72895,atm,true,170
app_20250112_00000692,2025-01-12 07:20:18,cust_1097663,FRID,credit_card,24349,24,714,low,rejected,0,partner,false,122
app_20250112_00000693,2025-01-12 15:37:12,cust_1060108,CZPR,personal_loan,25828,12,505,medium,approved,25828,partner,false,677
app_20250112_00000694,2025-01-12 04:24:07,cust_9530738,ATVI,education_loan,12181,60,416,high,rejected,0,partner,false,141
app_20250112_00000695,2025-01-12 15:05:22,cust_9672148,CZPR,credit_card,35857,30,850,low,approved,35857,mobile_app,true,744
app_20250112_00000696,2025-01-12 17:31:10,cust_3541367,ITMI,auto_loan,13310,36,850,low,approved,13310,atm,true,377
app_20250112_00000697,2025-01-12 14:42:36,cust_5236676,ITMI,mortgage,335116,240,794,low,approved,335116,mobile_app,true,64
app_20250112_00000698,2025-01-12 01:33:21,cust_227205,FRID,credit_card,19113,24,685,medium,rejected,0,web,true,119
app_20250112_00000699,2025-01-12 05:02:21,cust_1531434,ITMI,cash_loan,31556,36,732,low,approved,31556,call_center,false,62
app_20250112_00000700,2025-01-12 18:27:26,cust_7833931,PORP,refinance,216072,240,460,high,rejected,0,mobile,false,160
app_20250112_00000701,2025-01-12 06:00:07,cust_2288451,BENL,education_loan,37205,60,576,medium,rejected,0,partner,false,123
app_20250112_00000702,2025-01-12 12:01:34,cust_5728570,GRRE,auto_loan,26246,48,692,medium,approved,26246,call_center,true,742
app_20250112_00000703,2025-01-12 16:12:00,cust_675418,ESMA,refinance,465695,300,634,medium,approved,465695,web,true,487
app_20250112_00000704,2025-01-12 14:20:06,cust_5181666,GRRE,business_loan,28385,12,560,medium,rejected,0,mobile_app,false,39
app_20250112_00000705,2025-01-12 05:04:23,cust_9881508,GRRE,education_loan,31138,36,594,medium,approved,31138,branch,true,820
app_20250112_00000706,2025-01-12 08:04:07,cust_8708347,PORP,cash_loan,28776,42,744,low,approved,28776,online_banking,false,444
app_20250112_00000707,2025-01-12 14:20:33,cust_1281879,DEHE,mortgage,482844,120,747,low,approved,482844,atm,true,343
app_20250112_00000708,2025-01-12 18:57:17,cust_7170025,AUTR,personal_loan,10839,24,631,medium,approved,10839,web,true,191
app_20250112_00000709,2025-01-12 09:29:35,cust_7561066,DEHE,mortgage,394352,180,650,medium,approved,394352,call_center,false,828
app_20250112_00000710,2025-01-12 21:29:40,cust_6937454,ITMI,cash_loan,48298,48,648,medium,approved,48298,partner,true,667
app_20250112_00000711,2025-01-12 23:19:18,cust_3992147,FRID,personal_loan,20221,30,739,low,approved,20221,atm,false,341
app_20250112_00000712,2025-01-12 14:58:03,cust_1561355,AUTR,personal_loan,32914,36,638,medium,approved,32914,web,true,704
app_20250112_00000713,2025-01-12 18:46:25,cust_3287053,BENL,business_loan,9564,60,612,medium,approved,9564,call_center,true,709
app_20250112_00000714,2025-01-12 17:23:39,cust_1383967,GRRE,education_loan,7026,48,704,low,approved,7026,atm,false,659
app_20250112_00000715,2025-01-12 23:44:00,cust_2359218,SESV,refinance,407483,360,606,medium,rejected,0,branch,false,67
app_20250112_00000716,2025-01-12 15:19:19,cust_6946181,ITMI,auto_loan,35017,24,627,medium,rejected,0,web,false,115
app_20250112_00000717,2025-01-12 04:05:28,cust_2605404,ITMI,business_loan,29180,60,610,medium,approved,29180,mobile_app,false,705
app_20250112_00000718,2025-01-12 14:34:04,cust_1893317,SESV,auto_loan,55569,24,757,low,approved,55569,call_center,true,430
app_20250112_00000719,2025-01-12 09:33:43,cust_5911871,PLWA,mortgage,335575,360,570,medium,rejected,0,atm,false,151
app_20250112_00000720,2025-01-12 04:02:52,cust_5559391,NLAM,education_loan,12978,60,711,low,approved,12978,mobile_app,true,93
app_20250112_00000721,2025-01-12 16:10:10,cust_5963483,PORP,business_loan,33332,12,650,medium,approved,33332,atm,false,147
app_20250112_00000722,2025-01-12 19:43:03,cust_6634270,FRID,credit_card,29064,30,641,medium,approved,29064,call_center,true,679
app_20250112_00000723,2025-01-12 03:40:37,cust_4953172,SESV,personal_loan,46282,42,648,medium,approved,46282,web,false,114
app_20250112_00000724,2025-01-12 15:09:18,cust_7949792,GRRE,education_loan,34597,12,762,low,approved,34597,mobile_app,false,710
app_20250112_00000725,2025-01-12 15:21:35,cust_1155859,BENL,business_loan,32301,48,791,low,approved,32301,mobile,false,831
app_20250112_00000726,2025-01-12 01:34:18,cust_2272912,CZPR,refinance,373226,240,710,low,approved,373226,mobile,false,291
app_20250112_00000727,2025-01-12 09:35:02,cust_8760666,SESV,personal_loan,49696,36,469,high,rejected,0,web,false,107
app_20250112_00000728,2025-01-12 03:21:51,cust_7862427,NLAM,mortgage,196813,300,575,medium,rejected,0,branch,false,105
app_20250112_00000729,2025-01-12 22:28:32,cust_5132964,FRID,cash_loan,42819,24,635,medium,approved,42819,mobile_app,false,599
app_20250112_00000730,2025-01-12 03:53:46,cust_3796390,CHBE,education_loan,36965,24,612,medium,approved,36965,call_center,true,641
app_20250112_00000731,2025-01-12 08:57:13,cust_7207200,ESMA,auto_loan,49045,36,648,medium,approved,49045,atm,true,510
app_20250112_00000732,2025-01-12 08:35:05,cust_7170803,PLWA,education_loan,34479,24,595,medium,rejected,0,mobile_app,true,52
app_20250112_00000733,2025-01-12 22:38:09,cust_6108880,CZPR,education_loan,37746,60,614,medium,approved,37746,online_banking,false,377
app_20250112_00000734,2025-01-12 12:25:49,cust_4499891,SESV,credit_card,31877,48,542,medium,approved,31877,atm,true,89
app_20250112_00000735,2025-01-12 02:42:33,cust_7577171,BENL,mortgage,310437,120,668,medium,rejected,0,partner,false,23
app_20250112_00000736,2025-01-12 17:29:51,cust_7754539,ITMI,personal_loan,24832,18,615,medium,approved,24832,partner,true,105
app_20250112_00000737,2025-01-12 07:58:21,cust_4467312,BENL,personal_loan,44951,24,606,medium,approved,44951,partner,false,355
app_20250112_00000738,2025-01-12 13:02:30,cust_9741377,BENL,mortgage,396167,120,645,medium,approved,396167,branch,false,445
app_20250112_00000739,2025-01-12 15:12:48,cust_8193884,FRID,personal_loan,4410,24,736,low,approved,4410,branch,true,599
app_20250112_00000740,2025-01-12 05:22:22,cust_4669829,AUTR,education_loan,34699,48,519,medium,approved,34699,mobile_app,false,183
app_20250112_00000741,2025-01-12 05:53:22,cust_6567503,ATVI,personal_loan,18499,48,554,medium,approved,18499,web,true,558
app_20250112_00000742,2025-01-12 21:43:46,cust_6465758,CHBE,business_loan,29957,36,715,low,approved,29957,mobile_app,true,218
app_20250112_00000743,2025-01-12 01:36:07,cust_7904626,ITMI,business_loan,13381,48,685,medium,rejected,0,branch,true,98
app_20250112_00000744,2025-01-12 02:05:43,cust_4292121,ATVI,cash_loan,8474,24,585,medium,rejected,0,partner,true,5
app_20250112_00000745,2025-01-12 19:29:30,cust_990574,ESMA,refinance,283698,360,669,medium,approved,283698,atm,true,49
app_20250112_00000746,2025-01-12 07:12:26,cust_175747,UKLO,cash_loan,16769,18,644,medium,approved,16769,partner,true,512
app_20250112_00000747,2025-01-12 08:53:21,cust_5551222,NLAM,mortgage,290855,240,614,medium,approved,290855,branch,true,877
app_20250112_00000748,2025-01-12 03:11:18,cust_9766757,BENL,refinance,411941,120,715,low,approved,411941,branch,false,407
app_20250112_00000749,2025-01-12 19:13:29,cust_2242904,SESV,mortgage,337745,240,343,high,rejected,0,branch,false,100
app_20250112_00000750,2025-01-12 01:07:34,cust_8043140,UKLO,mortgage,246294,180,654,medium,approved,246294,online_banking,false,292
app_20250112_00000751,2025-01-12 10:35:23,cust_3568355,FRID,personal_loan,11967,42,656,medium,approved,11967,call_center,true,885
app_20250112_00000752,2025-01-12 01:32:02,cust_9072557,PLWA,personal_loan,8351,36,630,medium,rejected,0,partner,true,44
app_20250112_00000753,2025-01-12 01:33:27,cust_593324,BENL,auto_loan,37522,72,599,medium,approved,37522,partner,true,827
app_20250112_00000754,2025-01-12 03:00:08,cust_1253082,CZPR,education_loan,22037,12,583,medium,rejected,0,call_center,true,171
app_20250112_00000755,2025-01-12 23:34:07,cust_949328,NLAM,cash_loan,24372,24,651,medium,approved,24372,branch,false,520
app_20250112_00000756,2025-01-12 22:55:36,cust_6098307,NLAM,education_loan,24245,12,581,medium,rejected,0,partner,false,143
app_20250112_00000757,2025-01-12 20:38:45,cust_6276216,GRRE,business_loan,37602,24,711,low,approved,37602,online_banking,false,615
app_20250112_00000758,2025-01-12 15:19:32,cust_9296702,UKLO,business_loan,24108,12,617,medium,approved,24108,mobile,false,404
app_20250112_00000759,2025-01-12 07:11:09,cust_7120612,ITMI,personal_loan,30555,48,650,medium,approved,30555,online_banking,false,521
app_20250112_00000760,2025-01-12 23:25:28,cust_5893910,CZPR,auto_loan,21260,60,812,low,approved,21260,call_center,true,395
app_20250112_00000761,2025-01-12 21:37:25,cust_8400314,AUTR,business_loan,20864,36,668,medium,rejected,0,atm,true,18
app_20250112_00000762,2025-01-12 02:24:55,cust_6897137,SESV,business_loan,6251,48,725,low,approved,6251,web,false,365
app_20250112_00000763,2025-01-12 18:10:26,cust_9954746,PLWA,cash_loan,46042,12,654,medium,rejected,0,call_center,true,115
app_20250112_00000764,2025-01-12 23:22:30,cust_7830510,GRRE,refinance,444323,120,495,high,rejected,0,mobile_app,false,178
app_20250112_00000765,2025-01-12 12:46:56,cust_6922919,CHBE,refinance,329618,120,777,low,approved,329618,atm,false,161
app_20250112_00000766,2025-01-12 09:18:28,cust_3014027,ATVI,business_loan,33773,24,533,medium,rejected,0,web,false,163
app_20250112_00000767,2025-01-12 15:40:15,cust_129887,BENL,education_loan,31320,36,593,medium,rejected,0,call_center,false,97
app_20250112_00000768,2025-01-12 06:44:04,cust_1925452,UKLO,credit_card,23624,24,610,medium,approved,23624,online_banking,true,312
app_20250112_00000769,2025-01-12 23:46:47,cust_7393408,PLWA,cash_loan,45263,12,724,low,approved,45263,atm,true,490
app_20250112_00000770,2025-01-12 23:34:22,cust_8722973,FRID,cash_loan,26211,48,587,medium,rejected,0,online_banking,true,167
app_20250112_00000771,2025-01-12 17:52:47,cust_8650401,AUTR,business_loan,7364,12,586,medium,rejected,0,atm,false,122
app_20250112_00000772,2025-01-12 01:25:28,cust_152317,PLWA,refinance,92567,360,564,medium,approved,92567,branch,false,600
app_20250112_00000773,2025-01-12 11:00:14,cust_2637868,AUTR,auto_loan,55389,24,741,low,approved,55389,call_center,false,255
app_20250112_00000774,2025-01-12 11:30:28,cust_9317066,ESMA,credit_card,43351,18,742,low,rejected,0,atm,true,8
app_20250112_00000775,2025-01-12 19:25:11,cust_3011937,NLAM,cash_loan,37372,42,644,medium,rejected,0,mobile,false,125
app_20250112_00000776,2025-01-12 05:08:01,cust_6104618,ITMI,credit_card,31570,30,801,low,approved,31570,mobile_app,true,525
app_20250112_00000777,2025-01-12 07:53:53,cust_1063273,BENL,personal_loan,11485,48,406,high,rejected,0,partner,true,177
app_20250112_00000778,2025-01-12 09:57:32,cust_8821831,CZPR,business_loan,26292,12,488,high,approved,26292,mobile,true,631
app_20250112_00000779,2025-01-12 05:30:54,cust_2655572,UKLO,cash_loan,24210,24,759,low,approved,24210,partner,true,529
app_20250112_00000780,2025-01-12 00:53:37,cust_6117183,ATVI,mortgage,351444,300,657,medium,approved,351444,online_banking,false,290
app_20250112_00000781,2025-01-12 08:37:22,cust_9688394,CZPR,cash_loan,6554,18,550,medium,approved,6554,call_center,false,578
app_20250112_00000782,2025-01-12 14:49:53,cust_8036827,NLAM,business_loan,12964,36,523,medium,rejected,0,atm,false,140
app_20250112_00000783,2025-01-12 06:41:48,cust_3140146,ATVI,credit_card,7404,24,693,medium,rejected,0,mobile_app,true,157
app_20250112_00000784,2025-01-12 00:54:05,cust_2523225,CHBE,cash_loan,43015,30,616,medium,approved,43015,branch,false,391
app_20250112_00000785,2025-01-12 22:25:34,cust_6249284,ITMI,cash_loan,23142,30,655,medium,approved,23142,call_center,false,849
app_20250112_00000786,2025-01-12 01:47:44,cust_6995499,PLWA,business_loan,19250,48,793,low,approved,19250,web,true,176
app_20250112_00000787,2025-01-12 07:59:52,cust_2099726,AUTR,refinance,325056,180,708,low,approved,325056,atm,false,365
app_20250112_00000788,2025-01-12 09:22:03,cust_7428273,PLWA,personal_loan,17364,30,680,medium,approved,17364,web,true,811
app_20250112_00000789,2025-01-12 13:13:29,cust_1752164,FRID,cash_loan,31239,42,736,low,approved,31239,branch,false,143
app_20250112_00000790,2025-01-12 02:47:26,cust_7605952,FRID,education_loan,39433,24,747,low,approved,39433,mobile_app,false,494
app_20250112_00000791,2025-01-12 23:56:10,cust_7458174,AUTR,personal_loan,7644,36,753,low,approved,7644,web,true,551
app_20250112_00000792,2025-01-12 16:11:07,cust_3121726,NLAM,cash_loan,12323,42,635,medium,approved,12323,atm,false,628
app_20250112_00000793,2025-01-12 22:19:56,cust_6928653,ITMI,personal_loan,12528,42,531,medium,approved,12528,atm,true,501
app_20250112_00000794,2025-01-12 16:45:48,cust_8750708,GRRE,business_loan,30247,24,385,high,rejected,0,branch,true,170
app_20250112_00000795,2025-01-12 15:45:57,cust_2119140,ESMA,auto_loan,55523,24,741,low,approved,55523,branch,false,550
app_20250112_00000796,2025-01-12 17:24:48,cust_3450872,PLWA,personal_loan,46842,36,485,high,rejected,0,mobile_app,false,5
app_20250112_00000797,2025-01-12 10:03:47,cust_5310639,ESMA,refinance,207526,300,651,medium,rejected,0,partner,false,168
app_20250112_00000798,2025-01-12 17:07:32,cust_8941760,GRRE,refinance,291832,300,553,medium,rejected,0,web,true,128
app_20250112_00000799,2025-01-12 16:55:08,cust_4465178,CHBE,education_loan,9010,36,669,medium,approved,9010,mobile,true,733
app_20250112_00000800,2025-01-12 06:20:13,cust_1241351,UKLO,personal_loan,16156,36,620,medium,rejected,0,branch,true,118
app_20250112_00000801,2025-01-12 19:09:28,cust_9675421,BENL,education_loan,30143,36,845,low,approved,30143,call_center,true,446
app_20250112_00000802,2025-01-12 01:34:25,cust_8178601,PLWA,refinance,98965,180,528,medium,approved,98965,call_center,true,768
app_20250112_00000803,2025-01-12 21:20:25,cust_7355821,AUTR,mortgage,417527,120,690,medium,rejected,0,branch,true,141
app_20250112_00000804,2025-01-12 21:08:36,cust_4861577,PLWA,education_loan,7891,24,787,low,approved,7891,call_center,false,639
app_20250112_00000805,2025-01-12 19:54:54,cust_7961825,PORP,auto_loan,29180,48,597,medium,rejected,0,partner,true,180
app_20250112_00000806,2025-01-12 17:13:41,cust_957957,GRRE,personal_loan,37210,48,485,high,rejected,0,web,true,170
app_20250112_00000807,2025-01-12 20:26:49,cust_3001565,ATVI,education_loan,27042,12,722,low,approved,27042,atm,false,197
app_20250112_00000808,2025-01-12 14:40:56,cust_229337,SESV,education_loan,8835,60,660,medium,approved,8835,mobile_app,false,261
app_20250112_00000809,2025-01-12 03:33:23,cust_8290458,FRID,credit_card,40328,42,589,medium,approved,40328,call_center,true,725
app_20250112_00000810,2025-01-12 20:24:36,cust_5750061,CZPR,cash_loan,33788,18,447,high,rejected,0,branch,true,119
app_20250112_00000811,2025-01-12 07:29:28,cust_358843,BENL,auto_loan,38956,72,609,medium,approved,38956,branch,false,610
app_20250112_00000812,2025-01-12 05:50:39,cust_3757522,UKLO,cash_loan,7264,48,595,medium,rejected,0,atm,false,99
app_20250112_00000813,2025-01-12 12:06:28,cust_2788344,FRID,personal_loan,25667,36,568,medium,rejected,0,branch,false,136
app_20250112_00000814,2025-01-12 06:42:58,cust_1208789,NLAM,business_loan,35892,60,704,low,approved,35892,partner,true,522
app_20250112_00000815,2025-01-12 04:34:00,cust_4323781,UKLO,cash_loan,49779,24,659,medium,rejected,0,mobile,true,105
app_20250112_00000816,2025-01-12 02:13:31,cust_995457,SESV,mortgage,388548,240,701,low,approved,388548,mobile,true,40
app_20250112_00000817,2025-01-12 07:27:11,cust_9820353,DEHE,cash_loan,33208,30,689,medium,approved,33208,web,false,429
app_20250112_00000818,2025-01-12 07:15:00,cust_7254407,DEHE,credit_card,43899,42,613,medium,rejected,0,mobile_app,false,68
app_20250112_00000819,2025-01-12 22:15:29,cust_4075148,PLWA,auto_loan,52460,60,623,medium,approved,52460,call_center,false,788
app_20250112_00000820,2025-01-12 00:07:03,cust_8213831,PORP,refinance,481391,240,700,low,approved,481391,mobile_app,false,662
app_20250112_00000821,2025-01-12 03:30:51,cust_5972741,FRID,personal_loan,29544,48,654,medium,approved,29544,mobile,false,261
app_20250112_00000822,2025-01-12 03:27:49,cust_5587859,SESV,cash_loan,4340,18,816,low,approved,4340,web,false,521
app_20250112_00000823,2025-01-12 00:05:04,cust_2425943,NLAM,credit_card,33709,36,758,low,approved,33709,partner,false,731
app_20250112_00000824,2025-01-12 15:09:19,cust_2347398,NLAM,education_loan,21897,60,694,medium,approved,21897,branch,false,187
app_20250112_00000825,2025-01-12 16:05:46,cust_1866547,GRRE,auto_loan,35472,24,548,medium,approved,35472,call_center,true,691
app_20250112_00000826,2025-01-12 03:01:57,cust_4939982,CHBE,business_loan,8558,60,555,medium,approved,8558,mobile_app,false,711
app_20250112_00000827,2025-01-12 20:54:30,cust_3072561,BENL,personal_loan,33894,48,545,medium,approved,33894,atm,true,844
app_20250112_00000828,2025-01-12 01:41:01,cust_1392148,CZPR,education_loan,37738,48,509,medium,approved,37738,branch,true,684
app_20250112_00000829,2025-01-12 14:41:02,cust_1762027,ATVI,auto_loan,5172,36,791,low,approved,5172,mobile,true,94
app_20250112_00000830,2025-01-12 05:27:26,cust_6255224,DEHE,personal_loan,29816,24,641,medium,approved,29816,online_banking,true,776
app_20250112_00000831,2025-01-12 11:13:43,cust_5255917,AUTR,auto_loan,38393,48,700,low,approved,38393,call_center,true,400
app_20250112_00000832,2025-01-12 15:38:18,cust_3158345,SESV,education_loan,32561,60,654,medium,approved,32561,mobile,false,508
app_20250112_00000833,2025-01-12 00:49:17,cust_8176708,DEHE,personal_loan,40019,36,656,medium,approved,40019,mobile,false,489
app_20250112_00000834,2025-01-12 18:27:25,cust_1041829,PORP,mortgage,480927,300,659,medium,approved,480927,call_center,true,347
app_20250112_00000835,2025-01-12 07:51:05,cust_1324866,CHBE,business_loan,25907,60,675,medium,approved,25907,call_center,true,875
app_20250112_00000836,2025-01-12 12:32:07,cust_1537006,ATVI,mortgage,463628,120,565,medium,rejected,0,mobile_app,true,149
app_20250112_00000837,2025-01-12 20:11:08,cust_7874672,BENL,business_loan,35549,36,638,medium,approved,35549,mobile,true,741
app_20250112_00000838,2025-01-12 12:17:24,cust_9964781,NLAM,business_loan,2751,36,710,low,approved,2751,mobile_app,false,500
app_20250112_00000839,2025-01-12 11:55:54,cust_7113925,CHBE,cash_loan,23725,30,769,low,approved,23725,branch,false,368
app_20250112_00000840,2025-01-12 00:20:17,cust_5339597,ATVI,business_loan,3218,24,693,medium,approved,3218,mobile,true,267
app_20250112_00000841,2025-01-12 06:11:22,cust_9662303,NLAM,personal_loan,33437,24,617,medium,rejected,0,atm,true,29
app_20250112_00000842,2025-01-12 19:14:17,cust_6274444,BENL,education_loan,34604,36,596,medium,rejected,0,mobile,false,81
app_20250112_00000843,2025-01-12 13:10:22,cust_8991418,PLWA,education_loan,19722,36,592,medium,rejected,0,call_center,true,14
app_20250112_00000844,2025-01-12 11:25:34,cust_6880597,UKLO,mortgage,262067,360,788,low,approved,262067,call_center,true,69
app_20250112_00000845,2025-01-12 14:27:46,cust_3217097,PORP,mortgage,139561,180,631,medium,approved,139561,online_banking,true,611
app_20250112_00000846,2025-01-12 06:14:43,cust_304961,ITMI,education_loan,24662,60,672,medium,approved,24662,online_banking,true,464
app_20250112_00000847,2025-01-12 05:20:58,cust_588377,ESMA,cash_loan,3450,48,751,low,approved,3450,mobile,false,391
app_20250112_00000848,2025-01-12 16:38:33,cust_5156038,DEHE,cash_loan,35206,48,777,low,approved,35206,atm,true,266
app_20250112_00000849,2025-01-12 10:50:23,cust_1282805,AUTR,education_loan,4832,48,598,medium,approved,4832,call_center,false,348
app_20250112_00000850,2025-01-12 18:18:46,cust_9730610,NLAM,refinance,487483,120,704,low,approved,487483,partner,false,271
app_20250112_00000851,2025-01-12 13:33:06,cust_7253587,NLAM,auto_loan,26934,48,637,medium,rejected,0,mobile_app,false,73
app_20250112_00000852,2025-01-12 09:19:23,cust_4433083,CZPR,auto_loan,57289,60,633,medium,approved,57289,web,false,482
app_20250112_00000853,2025-01-12 17:55:03,cust_1366575,FRID,auto_loan,52932,72,785,low,approved,52932,web,true,248
app_20250112_00000854,2025-01-12 07:54:35,cust_7198729,NLAM,credit_card,42972,12,763,low,approved,42972,mobile,false,650
app_20250112_00000855,2025-01-12 01:52:06,cust_6687614,NLAM,credit_card,41149,36,757,low,approved,41149,call_center,false,882
app_20250112_00000856,2025-01-12 10:55:33,cust_5377330,SESV,personal_loan,44897,42,737,low,approved,44897,branch,true,367
app_20250112_00000857,2025-01-12 02:43:15,cust_7213062,ITMI,credit_card,11077,24,620,medium,rejected,0,mobile,true,27
app_20250112_00000858,2025-01-12 03:08:21,cust_9713652,ITMI,education_loan,17249,36,702,low,approved,17249,mobile,true,458
app_20250112_00000859,2025-01-12 17:17:14,cust_3403606,BENL,education_loan,9569,24,652,medium,approved,9569,mobile_app,false,551
app_20250112_00000860,2025-01-12 21:37:23,cust_662341,PORP,personal_loan,6872,30,598,medium,approved,6872,atm,false,251
app_20250112_00000861,2025-01-12 04:22:11,cust_7217580,CHBE,education_loan,30374,60,641,medium,approved,30374,partner,false,185
app_20250112_00000862,2025-01-12 22:26:05,cust_1982808,ATVI,credit_card,36093,42,624,medium,approved,36093,online_banking,true,785
app_20250112_00000863,2025-01-12 10:32:41,cust_5021717,PORP,auto_loan,15970,24,410,high,rejected,0,mobile_app,false,165
app_20250112_00000864,2025-01-12 09:32:05,cust_5764472,ITMI,business_loan,32172,48,568,medium,rejected,0,mobile_app,false,89
app_20250112_00000865,2025-01-12 19:49:42,cust_4774515,DEHE,personal_loan,12301,12,790,low,approved,12301,call_center,true,90
app_20250112_00000866,2025-01-12 01:31:03,cust_5229077,GRRE,cash_loan,2984,48,627,medium,approved,2984,mobile,false,643
app_20250112_00000867,2025-01-12 03:39:40,cust_7695469,NLAM,education_loan,24057,48,661,medium,approved,24057,mobile,true,642
app_20250112_00000868,2025-01-12 22:45:07,cust_1090072,NLAM,credit_card,30567,18,615,medium,approved,30567,atm,true,373
app_20250112_00000869,2025-01-12 11:03:45,cust_6913284,PLWA,personal_loan,6079,12,651,medium,approved,6079,mobile,false,622
app_20250112_00000870,2025-01-12 09:04:38,cust_5542108,GRRE,business_loan,2397,48,669,medium,approved,2397,online_banking,false,712
app_20250112_00000871,2025-01-12 06:35:53,cust_5446788,PLWA,credit_card,31894,18,768,low,approved,31894,web,true,323
app_20250112_00000872,2025-01-12 02:35:59,cust_7484261,DEHE,mortgage,287574,300,613,medium,approved,287574,web,true,236
app_20250112_00000873,2025-01-12 03:50:38,cust_7362636,ITMI,credit_card,23590,12,722,low,approved,23590,partner,true,369
app_20250112_00000874,2025-01-12 07:05:44,cust_7473979,CZPR,credit_card,15239,48,475,high,rejected,0,branch,true,44
app_20250112_00000875,2025-01-12 07:31:15,cust_6673616,PLWA,credit_card,30543,12,680,medium,rejected,0,online_banking,true,92
app_20250112_00000876,2025-01-12 08:24:22,cust_3111306,FRID,mortgage,486365,360,613,medium,approved,486365,atm,false,809
app_20250112_00000877,2025-01-12 03:40:03,cust_1979648,CHBE,auto_loan,37311,24,784,low,approved,37311,branch,true,277
app_20250112_00000878,2025-01-12 18:12:49,cust_9705323,ITMI,mortgage,383617,180,773,low,approved,383617,web,false,864
app_20250112_00000879,2025-01-12 03:51:18,cust_5164963,BENL,credit_card,40420,48,776,low,approved,40420,mobile_app,false,113
app_20250112_00000880,2025-01-12 22:27:57,cust_6080490,SESV,education_loan,38615,24,680,medium,rejected,0,web,true,17
app_20250112_00000881,2025-01-12 00:20:41,cust_6859749,PLWA,mortgage,376435,240,576,medium,approved,376435,branch,false,392
app_20250112_00000882,2025-01-12 05:23:14,cust_9214487,FRID,auto_loan,28955,36,620,medium,rejected,0,mobile,false,157
app_20250112_00000883,2025-01-12 07:15:01,cust_4410345,BENL,refinance,453435,120,696,medium,approved,453435,online_banking,true,133
app_20250112_00000884,2025-01-12 02:32:50,cust_1248986,ESMA,business_loan,29742,36,683,medium,approved,29742,partner,false,599
app_20250112_00000885,2025-01-12 21:08:20,cust_7562441,BENL,auto_loan,12874,36,602,medium,rejected,0,atm,true,9
app_20250112_00000886,2025-01-12 08:21:07,cust_7210379,CHBE,business_loan,15607,48,615,medium,approved,15607,call_center,false,662
app_20250112_00000887,2025-01-12 18:56:11,cust_5291037,FRID,mortgage,348023,300,850,low,approved,348023,mobile,false,894
app_20250112_00000888,2025-01-12 21:36:38,cust_9708050,ATVI,refinance,364776,300,684,medium,approved,364776,web,false,249
app_20250112_00000889,2025-01-12 05:09:57,cust_6467407,ATVI,personal_loan,19394,48,791,low,approved,19394,branch,true,102
app_20250112_00000890,2025-01-12 17:26:28,cust_2198542,ITMI,credit_card,6058,42,618,medium,approved,6058,call_center,true,341
app_20250112_00000891,2025-01-12 20:26:48,cust_4474279,ESMA,auto_loan,13647,60,550,medium,rejected,0,call_center,true,128
app_20250112_00000892,2025-01-12 12:13:12,cust_2858410,PORP,education_loan,13098,48,557,medium,rejected,0,online_banking,false,57
app_20250112_00000893,2025-01-12 09:46:55,cust_7377782,CZPR,business_loan,33115,12,519,medium,approved,33115,partner,false,250
app_20250112_00000894,2025-01-12 20:44:48,cust_8051698,NLAM,refinance,457190,300,802,low,approved,457190,mobile_app,false,569
app_20250112_00000895,2025-01-12 06:13:21,cust_391723,GRRE,business_loan,22620,60,682,medium,rejected,0,branch,true,53
app_20250112_00000896,2025-01-12 22:03:41,cust_5940823,ATVI,credit_card,42601,18,617,medium,approved,42601,online_banking,false,305
app_20250112_00000897,2025-01-12 21:11:43,cust_1833623,SESV,credit_card,26623,24,621,medium,approved,26623,partner,true,630
app_20250112_00000898,2025-01-12 06:40:37,cust_9147886,ITMI,business_loan,7415,12,628,medium,rejected,0,online_banking,true,18
app_20250112_00000899,2025-01-12 18:25:08,cust_3967029,FRID,business_loan,18189,36,529,medium,rejected,0,online_banking,false,121
app_20250112_00000900,2025-01-12 00:42:48,cust_5295745,SESV,business_loan,38119,24,708,low,approved,38119,web,true,348
app_20250112_00000901,2025-01-12 04:00:09,cust_363836,ATVI,business_loan,21889,60,576,medium,approved,21889,mobile,true,128
app_20250112_00000902,2025-01-12 11:41:58,cust_9314238,CHBE,credit_card,31841,24,754,low,approved,31841,partner,true,742
app_20250112_00000903,2025-01-12 16:47:43,cust_8441503,UKLO,auto_loan,39244,72,742,low,approved,39244,online_banking,true,636
app_20250112_00000904,2025-01-12 08:31:25,cust_9469813,PORP,cash_loan,46703,12,618,medium,rejected,0,branch,true,125
app_20250112_00000905,2025-01-12 19:54:19,cust_8974210,PLWA,education_loan,30844,60,585,medium,rejected,0,call_center,true,17
app_20250112_00000906,2025-01-12 02:53:36,cust_2130771,SESV,personal_loan,44170,18,718,low,approved,44170,call_center,false,859
app_20250112_00000907,2025-01-12 18:16:29,cust_3375118,FRID,cash_loan,30785,30,736,low,approved,30785,call_center,true,677
app_20250112_00000908,2025-01-12 12:12:53,cust_6750718,CZPR,business_loan,31469,48,598,medium,rejected,0,branch,false,41
app_20250112_00000909,2025-01-12 02:25:53,cust_5011455,CZPR,personal_loan,19378,42,691,medium,approved,19378,online_banking,true,691
app_20250112_00000910,2025-01-12 00:14:45,cust_9738891,FRID,credit_card,19351,36,696,medium,rejected,0,web,false,69
app_20250112_00000911,2025-01-12 19:48:38,cust_4553826,CHBE,credit_card,35705,36,652,medium,approved,35705,mobile_app,false,358
app_20250112_00000912,2025-01-12 06:23:58,cust_648877,DEHE,cash_loan,10227,42,730,low,approved,10227,online_banking,false,833
app_20250112_00000913,2025-01-12 19:51:02,cust_8523122,FRID,business_loan,22630,36,557,medium,rejected,0,call_center,true,179
app_20250112_00000914,2025-01-12 04:12:14,cust_2456528,ESMA,business_loan,23359,24,748,low,approved,23359,mobile_app,true,711
app_20250112_00000915,2025-01-12 20:20:25,cust_4932878,FRID,education_loan,20383,36,685,medium,approved,20383,mobile_app,false,720
app_20250112_00000916,2025-01-12 03:08:59,cust_2927207,NLAM,mortgage,245894,360,649,medium,approved,245894,branch,true,182
app_20250112_00000917,2025-01-12 04:47:31,cust_4869978,CHBE,cash_loan,27626,36,503,medium,rejected,0,online_banking,false,134
app_20250112_00000918,2025-01-12 20:25:47,cust_7941000,PORP,credit_card,33750,48,680,medium,rejected,0,atm,false,180
app_20250112_00000919,2025-01-12 14:11:14,cust_1794501,DEHE,personal_loan,33782,24,667,medium,approved,33782,call_center,false,151
app_20250112_00000920,2025-01-12 08:22:39,cust_3333341,AUTR,business_loan,33647,36,612,medium,rejected,0,atm,true,64
app_20250112_00000921,2025-01-12 16:41:18,cust_7515005,AUTR,credit_card,36593,36,655,medium,approved,36593,call_center,false,798
app_20250112_00000922,2025-01-12 18:57:36,cust_8290361,PORP,auto_loan,55025,24,773,low,approved,55025,online_banking,false,327
app_20250112_00000923,2025-01-12 09:16:00,cust_8173093,ESMA,credit_card,3033,30,715,low,rejected,0,partner,true,116
app_20250112_00000924,2025-01-12 08:35:02,cust_2509679,PLWA,education_loan,4502,24,653,medium,approved,4502,web,false,453
app_20250112_00000925,2025-01-12 16:01:23,cust_6454520,ATVI,auto_loan,37735,72,662,medium,approved,37735,online_banking,false,611
app_20250112_00000926,2025-01-12 13:15:39,cust_1642662,CZPR,cash_loan,40412,42,747,low,approved,40412,online_banking,false,778
app_20250112_00000927,2025-01-12 03:00:34,cust_3311079,CHBE,business_loan,34644,60,705,low,approved,34644,branch,false,33
app_20250112_00000928,2025-01-12 15:11:19,cust_1438120,UKLO,credit_card,47840,42,696,medium,approved,47840,call_center,true,764
app_20250112_00000929,2025-01-12 10:07:32,cust_6047153,UKLO,business_loan,27395,60,850,low,approved,27395,branch,false,703
app_20250112_00000930,2025-01-12 01:52:56,cust_6762465,FRID,personal_loan,40382,42,717,low,approved,40382,branch,false,547
app_20250112_00000931,2025-01-12 21:24:19,cust_8721258,GRRE,education_loan,34831,24,575,medium,approved,34831,atm,false,87
app_20250112_00000932,2025-01-12 08:10:24,cust_362937,GRRE,credit_card,8651,48,713,low,approved,8651,call_center,false,523
app_20250112_00000933,2025-01-12 20:04:24,cust_3640264,GRRE,refinance,89212,300,850,low,approved,89212,mobile_app,false,387
app_20250112_00000934,2025-01-12 16:31:39,cust_5353720,GRRE,business_loan,22755,48,547,medium,rejected,0,call_center,true,86
app_20250112_00000935,2025-01-12 06:18:40,cust_3504279,CZPR,cash_loan,15588,30,584,medium,rejected,0,branch,false,34
app_20250112_00000936,2025-01-12 10:43:14,cust_2463760,SESV,credit_card,42865,18,707,low,approved,42865,partner,false,83
app_20250112_00000937,2025-01-12 02:37:58,cust_3589808,ATVI,business_loan,12068,60,634,medium,approved,12068,mobile,false,430
app_20250112_00000938,2025-01-12 02:32:49,cust_2505182,DEHE,refinance,373889,360,601,medium,approved,373889,mobile_app,false,107
app_20250112_00000939,2025-01-12 19:46:29,cust_6736123,CZPR,auto_loan,54020,60,685,medium,rejected,0,web,true,44
app_20250112_00000940,2025-01-12 06:36:08,cust_3177705,ITMI,education_loan,2872,48,620,medium,approved,2872,online_banking,true,886
app_20250112_00000941,2025-01-12 22:55:00,cust_8869159,FRID,auto_loan,54789,60,560,medium,rejected,0,mobile_app,true,36
app_20250112_00000942,2025-01-12 03:53:48,cust_8381556,GRRE,cash_loan,48777,48,671,medium,rejected,0,atm,false,156
app_20250112_00000943,2025-01-12 21:56:29,cust_7314606,FRID,mortgage,53175,360,690,medium,approved,53175,call_center,false,258
app_20250112_00000944,2025-01-12 05:47:43,cust_2110600,CHBE,education_loan,6519,48,535,medium,rejected,0,online_banking,true,35
app_20250112_00000945,2025-01-12 00:09:23,cust_6947265,UKLO,credit_card,19547,18,472,high,approved,19547,mobile_app,false,618
app_20250112_00000946,2025-01-12 21:27:37,cust_4646367,PORP,personal_loan,19517,12,737,low,approved,19517,branch,false,61
app_20250112_00000947,2025-01-12 03:35:35,cust_5558555,DEHE,education_loan,2789,48,616,medium,rejected,0,mobile_app,false,83
app_20250112_00000948,2025-01-12 07:13:47,cust_995003,FRID,mortgage,497889,360,668,medium,approved,497889,web,true,438
app_20250112_00000949,2025-01-12 22:16:52,cust_7127808,AUTR,credit_card,13691,18,783,low,approved,13691,online_banking,true,407
app_20250112_00000950,2025-01-12 08:09:49,cust_9434515,UKLO,refinance,286736,180,754,low,rejected,0,web,false,172
app_20250112_00000951,2025-01-12 12:47:05,cust_9951739,DEHE,business_loan,18876,36,645,medium,approved,18876,online_banking,true,505
app_20250112_00000952,2025-01-12 18:49:16,cust_9438022,ITMI,auto_loan,55138,60,551,medium,approved,55138,atm,true,173
app_20250112_00000953,2025-01-12 16:23:54,cust_5554040,UKLO,business_loan,32376,48,721,low,rejected,0,call_center,false,116
app_20250112_00000954,2025-01-12 19:41:15,cust_6846426,AUTR,refinance,411539,180,517,medium,rejected,0,atm,false,23
app_20250112_00000955,2025-01-12 09:47:12,cust_173544,DEHE,refinance,286503,180,776,low,rejected,0,call_center,false,40
app_20250112_00000956,2025-01-12 23:46:53,cust_7182784,PLWA,cash_loan,10501,18,799,low,approved,10501,mobile_app,true,812
app_20250112_00000957,2025-01-12 12:19:05,cust_2785620,UKLO,education_loan,28724,24,627,medium,rejected,0,partner,false,104
app_20250112_00000958,2025-01-12 00:19:58,cust_1021137,NLAM,cash_loan,24807,18,454,high,rejected,0,branch,true,24
app_20250112_00000959,2025-01-12 07:27:00,cust_8420016,ESMA,personal_loan,32873,36,850,low,approved,32873,mobile,false,885
app_20250112_00000960,2025-01-12 03:25:25,cust_7970076,CHBE,personal_loan,44981,30,670,medium,approved,44981,partner,false,249
app_20250112_00000961,2025-01-12 18:53:49,cust_1980541,ESMA,refinance,464477,300,776,low,approved,464477,mobile_app,true,779
app_20250112_00000962,2025-01-12 21:45:56,cust_7810938,AUTR,auto_loan,49464,48,772,low,approved,49464,call_center,true,580
app_20250112_00000963,2025-01-12 08:21:44,cust_1175495,GRRE,refinance,173690,180,620,medium,approved,173690,mobile,true,807
app_20250112_00000964,2025-01-12 04:26:08,cust_7473915,CZPR,education_loan,30018,24,850,low,approved,30018,call_center,false,461
app_20250112_00000965,2025-01-12 05:46:16,cust_5090717,GRRE,business_loan,2452,60,717,low,approved,2452,web,true,224
app_20250112_00000966,2025-01-12 18:54:26,cust_1463614,FRID,personal_loan,18556,42,850,low,approved,18556,mobile_app,false,510
app_20250112_00000967,2025-01-12 00:25:28,cust_5214022,DEHE,credit_card,32376,42,662,medium,approved,32376,mobile,false,292
app_20250112_00000968,2025-01-12 16:47:26,cust_3195879,SESV,business_loan,16265,12,652,medium,approved,16265,online_banking,true,786
app_20250112_00000969,2025-01-12 05:24:40,cust_3200757,DEHE,business_loan,25770,48,629,medium,approved,25770,mobile_app,false,739
app_20250112_00000970,2025-01-12 23:49:37,cust_2613835,CHBE,auto_loan,50508,24,404,high,rejected,0,call_center,false,27
app_20250112_00000971,2025-01-12 21:42:02,cust_7621972,ITMI,auto_loan,33798,36,663,medium,approved,33798,branch,true,658
app_20250112_00000972,2025-01-12 19:43:39,cust_8750505,SESV,credit_card,5324,24,805,low,approved,5324,web,true,569
app_20250112_00000973,2025-01-12 01:21:26,cust_3799768,FRID,personal_loan,4392,24,728,low,approved,4392,mobile_app,false,355
app_20250112_00000974,2025-01-12 04:03:54,cust_1868083,ITMI,business_loan,28906,12,850,low,approved,28906,branch,true,446
app_20250112_00000975,2025-01-12 03:01:35,cust_7097274,AUTR,mortgage,483707,240,721,low,approved,483707,branch,false,811
app_20250112_00000976,2025-01-12 19:24:48,cust_7346731,ITMI,mortgage,120272,120,566,medium,rejected,0,branch,true,136
app_20250112_00000977,2025-01-12 09:46:43,cust_1177724,PLWA,mortgage,125020,180,597,medium,rejected,0,call_center,true,30
app_20250112_00000978,2025-01-12 14:48:45,cust_9012662,GRRE,mortgage,320832,120,586,medium,approved,320832,atm,false,771
app_20250112_00000979,2025-01-12 14:47:17,cust_9982224,SESV,education_loan,11112,60,383,high,rejected,0,branch,true,61
app_20250112_00000980,2025-01-12 07:50:33,cust_8957064,DEHE,education_loan,28327,36,519,medium,rejected,0,call_center,false,146
app_20250112_00000981,2025-01-12 08:17:19,cust_614964,ATVI,credit_card,11159,12,602,medium,approved,11159,online_banking,true,724
app_20250112_00000982,2025-01-12 20:55:20,cust_8704657,ATVI,business_loan,13468,60,850,low,approved,13468,partner,true,425
app_20250112_00000983,2025-01-12 13:40:43,cust_3707577,PORP,credit_card,45317,48,627,medium,approved,45317,mobile_app,true,381
app_20250112_00000984,2025-01-12 18:44:41,cust_6414439,ESMA,personal_loan,36066,12,595,medium,approved,36066,mobile,false,501
app_20250112_00000985,2025-01-12 07:18:55,cust_5871230,AUTR,auto_loan,18853,36,711,low,approved,18853,web,true,507
app_20250112_00000986,2025-01-12 15:12:56,cust_7303233,AUTR,mortgage,134153,300,652,medium,rejected,0,online_banking,false,151
app_20250112_00000987,2025-01-12 19:10:30,cust_5175439,UKLO,business_loan,37726,36,626,medium,approved,37726,mobile_app,false,645
app_20250112_00000988,2025-01-12 17:38:46,cust_4602090,GRRE,personal_loan,32343,30,613,medium,approved,32343,web,true,389
app_20250112_00000989,2025-01-12 02:33:28,cust_1623442,ITMI,education_loan,7656,24,531,medium,rejected,0,branch,false,8
app_20250112_00000990,2025-01-12 13:14:46,cust_8836670,AUTR,auto_loan,31404,48,656,medium,approved,31404,branch,true,44
app_20250112_00000991,2025-01-12 10:31:38,cust_7731477,GRRE,business_loan,36166,60,739,low,approved,36166,atm,true,216
app_20250112_00000992,2025-01-12 03:58:08,cust_9294890,ITMI,mortgage,99242,240,680,medium,approved,99242,online_banking,false,232
app_20250112_00000993,2025-01-12 20:11:22,cust_9455564,CZPR,auto_loan,57182,72,668,medium,approved,57182,call_center,false,114
app_20250112_00000994,2025-01-12 05:49:07,cust_7218435,NLAM,cash_loan,21137,30,630,medium,rejected,0,online_banking,false,76
app_20250112_00000995,2025-01-12 20:23:34,cust_9688477,NLAM,cash_loan,14409,24,713,low,approved,14409,online_banking,true,759
app_20250112_00000996,2025-01-12 19:43:05,cust_3781711,AUTR,credit_card,47304,48,780,low,approved,47304,web,true,873
app_20250112_00000997,2025-01-12 20:31:05,cust_2117080,NLAM,personal_loan,19566,48,731,low,approved,19566,web,false,464
app_20250112_00000998,2025-01-12 00:45:39,cust_4861863,GRRE,education_loan,39559,60,794,low,approved,39559,branch,false,70
app_20250112_00000999,2025-01-12 19:26:26,cust_5044831,DEHE,refinance,211143,300,646,medium,approved,211143,atm,true,758
app_20250112_00001000,2025-01-12 18:14:13,cust_9670691,ATVI,refinance,98499,300,503,medium,approved,98499,partner,false,274
app_20250112_00001001,2025-01-12 18:18:08,cust_3481590,ITMI,refinance,288074,180,621,medium,approved,288074,mobile,false,665
app_20250112_00001002,2025-01-12 12:54:06,cust_3711236,ITMI,business_loan,34280,60,540,medium,rejected,0,web,true,67
app_20250112_00001003,2025-01-12 17:19:56,cust_2497988,GRRE,credit_card,49108,36,704,low,approved,49108,web,false,276
app_20250112_00001004,2025-01-12 22:42:01,cust_1697903,ESMA,education_loan,20656,24,655,medium,rejected,0,call_center,true,159
app_20250112_00001005,2025-01-12 12:56:40,cust_9327251,DEHE,business_loan,7537,36,659,medium,rejected,0,web,false,66
app_20250112_00001006,2025-01-12 09:15:04,cust_7849194,CZPR,cash_loan,16678,30,810,low,approved,16678,atm,false,143
app_20250112_00001007,2025-01-12 20:19:08,cust_6155300,FRID,personal_loan,31027,42,563,medium,approved,31027,online_banking,true,572
app_20250112_00001008,2025-01-12 21:34:42,cust_8110891,SESV,cash_loan,43739,12,607,medium,rejected,0,branch,false,71
app_20250112_00001009,2025-01-12 07:51:59,cust_9722916,CZPR,auto_loan,54582,36,748,low,approved,54582,mobile_app,false,399
app_20250112_00001010,2025-01-12 01:57:33,cust_7328887,CHBE,education_loan,6327,36,596,medium,rejected,0,mobile_app,true,126
app_20250112_00001011,2025-01-12 17:36:49,cust_6058238,ITMI,mortgage,464414,240,635,medium,rejected,0,mobile,true,114
app_20250112_00001012,2025-01-12 04:12:24,cust_3431582,NLAM,refinance,238221,120,721,low,approved,238221,partner,true,651
app_20250112_00001013,2025-01-12 09:57:03,cust_708216,PORP,cash_loan,37436,36,720,low,approved,37436,call_center,true,612
app_20250112_00001014,2025-01-12 20:56:47,cust_3809237,ATVI,mortgage,250048,360,648,medium,rejected,0,call_center,true,150
app_20250112_00001015,2025-01-12 22:54:30,cust_4655854,CZPR,mortgage,52857,120,647,medium,approved,52857,atm,false,63
app_20250112_00001016,2025-01-12 05:49:10,cust_4942365,GRRE,business_loan,16963,60,632,medium,approved,16963,atm,true,503
app_20250112_00001017,2025-01-12 19:06:53,cust_5770769,UKLO,education_loan,30064,48,543,medium,approved,30064,mobile,false,656
app_20250112_00001018,2025-01-12 06:40:55,cust_7655405,DEHE,credit_card,33157,42,545,medium,rejected,0,online_banking,true,145
app_20250112_00001019,2025-01-12 01:28:12,cust_5121235,PLWA,cash_loan,33960,12,663,medium,approved,33960,web,true,677
app_20250112_00001020,2025-01-12 10:00:18,cust_9961039,CHBE,refinance,126601,300,671,medium,approved,126601,mobile_app,false,685
app_20250112_00001021,2025-01-12 13:34:23,cust_7091474,GRRE,auto_loan,13360,36,609,medium,approved,13360,web,false,216
app_20250112_00001022,2025-01-12 03:02:13,cust_5503234,DEHE,credit_card,48631,24,634,medium,rejected,0,atm,true,10
app_20250112_00001023,2025-01-12 14:18:49,cust_1109142,DEHE,business_loan,13634,60,502,medium,rejected,0,mobile,false,57
app_20250112_00001024,2025-01-12 02:15:01,cust_2927782,UKLO,mortgage,223160,300,694,medium,approved,223160,call_center,true,363
app_20250112_00001025,2025-01-12 18:18:01,cust_9498106,ITMI,credit_card,42404,48,601,medium,approved,42404,call_center,false,46
app_20250112_00001026,2025-01-12 16:37:50,cust_901328,ESMA,personal_loan,32926,36,520,medium,approved,32926,mobile,true,665
app_20250112_00001027,2025-01-12 01:48:16,cust_780490,PLWA,auto_loan,52801,48,493,high,rejected,0,atm,true,69
app_20250112_00001028,2025-01-12 20:30:33,cust_667600,AUTR,mortgage,364633,180,690,medium,approved,364633,atm,false,356
app_20250112_00001029,2025-01-12 08:03:20,cust_6445620,BENL,refinance,163565,240,554,medium,approved,163565,atm,false,756
app_20250112_00001030,2025-01-12 10:17:18,cust_5667347,PORP,education_loan,36951,60,524,medium,rejected,0,online_banking,true,14
app_20250112_00001031,2025-01-12 12:56:07,cust_6857719,ESMA,education_loan,24630,12,462,high,rejected,0,branch,false,164
app_20250112_00001032,2025-01-12 01:03:44,cust_880848,SESV,credit_card,23545,36,755,low,rejected,0,web,false,63
app_20250112_00001033,2025-01-12 14:27:18,cust_5555624,DEHE,mortgage,287729,240,672,medium,approved,287729,online_banking,true,49
app_20250112_00001034,2025-01-12 06:15:01,cust_2573508,FRID,credit_card,5476,12,714,low,rejected,0,online_banking,true,152
app_20250112_00001035,2025-01-12 17:03:35,cust_1440226,UKLO,cash_loan,42824,48,836,low,approved,42824,web,false,504
app_20250112_00001036,2025-01-12 09:00:21,cust_6127972,ATVI,refinance,160874,180,481,high,approved,160874,web,false,167
app_20250112_00001037,2025-01-12 21:33:29,cust_1452495,PORP,mortgage,182889,240,771,low,approved,182889,partner,false,152
app_20250112_00001038,2025-01-12 07:27:43,cust_478384,CHBE,refinance,412324,120,550,medium,rejected,0,web,true,82
app_20250112_00001039,2025-01-12 04:38:13,cust_254193,PLWA,mortgage,499465,360,712,low,approved,499465,web,false,364
app_20250112_00001040,2025-01-12 00:09:26,cust_1261324,SESV,credit_card,41309,48,604,medium,rejected,0,web,true,114
app_20250112_00001041,2025-01-12 23:49:43,cust_8240167,AUTR,credit_card,40974,42,671,medium,approved,40974,mobile,true,346
app_20250112_00001042,2025-01-12 04:42:36,cust_2642344,GRRE,credit_card,3060,48,720,low,approved,3060,branch,false,176
app_20250112_00001043,2025-01-12 17:01:46,cust_2080489,CHBE,business_loan,11766,36,655,medium,rejected,0,call_center,true,83
app_20250112_00001044,2025-01-12 20:13:29,cust_4069842,ESMA,refinance,51898,120,521,medium,rejected,0,atm,true,79
app_20250112_00001045,2025-01-12 18:05:01,cust_6897401,ATVI,business_loan,35802,36,614,medium,approved,35802,atm,false,402
app_20250112_00001046,2025-01-12 15:49:42,cust_8296471,DEHE,cash_loan,2232,48,603,medium,approved,2232,atm,true,273
app_20250112_00001047,2025-01-12 02:45:11,cust_111058,CHBE,credit_card,30831,18,588,medium,rejected,0,web,false,77
app_20250112_00001048,2025-01-12 20:55:31,cust_2153212,AUTR,mortgage,191861,360,620,medium,approved,191861,partner,true,69
app_20250112_00001049,2025-01-12 10:05:01,cust_3343592,PLWA,mortgage,119889,300,487,high,rejected,0,branch,true,165
app_20250112_00001050,2025-01-12 22:57:59,cust_2544589,BENL,refinance,348637,360,551,medium,rejected,0,web,true,34
app_20250112_00001051,2025-01-12 20:50:32,cust_2938951,CZPR,credit_card,12280,42,707,low,approved,12280,branch,true,454
app_20250112_00001052,2025-01-12 02:54:46,cust_9592634,SESV,mortgage,379530,240,504,medium,approved,379530,branch,false,181
app_20250112_00001053,2025-01-12 08:14:13,cust_2310701,ESMA,business_loan,31090,36,533,medium,approved,31090,partner,false,149
app_20250112_00001054,2025-01-12 07:53:33,cust_2067373,SESV,education_loan,19632,36,646,medium,rejected,0,mobile_app,true,123
app_20250112_00001055,2025-01-12 05:22:57,cust_6779862,FRID,credit_card,13273,48,692,medium,approved,13273,partner,false,96
app_20250112_00001056,2025-01-12 00:12:22,cust_1268894,FRID,education_loan,22704,36,697,medium,rejected,0,call_center,true,28
app_20250112_00001057,2025-01-12 20:40:33,cust_908842,FRID,auto_loan,5095,24,696,medium,approved,5095,branch,false,802
app_20250112_00001058,2025-01-12 07:46:03,cust_8659628,FRID,refinance,392305,120,558,medium,rejected,0,atm,true,41
app_20250112_00001059,2025-01-12 18:55:20,cust_7179054,PLWA,education_loan,7550,60,783,low,rejected,0,mobile,true,98
app_20250112_00001060,2025-01-12 04:32:08,cust_1148268,ESMA,business_loan,21749,12,764,low,approved,21749,online_banking,true,102
app_20250112_00001061,2025-01-12 16:52:35,cust_6481079,SESV,refinance,97756,120,408,high,rejected,0,atm,false,176
app_20250112_00001062,2025-01-12 22:45:14,cust_334538,SESV,education_loan,7035,36,529,medium,rejected,0,mobile,true,76
app_20250112_00001063,2025-01-12 07:46:55,cust_5719854,NLAM,auto_loan,53250,24,784,low,approved,53250,atm,true,283
app_20250112_00001064,2025-01-12 20:00:40,cust_6945101,DEHE,refinance,323917,300,809,low,approved,323917,mobile,false,129
app_20250112_00001065,2025-01-12 14:54:51,cust_2450241,PORP,auto_loan,45892,36,633,medium,approved,45892,mobile,true,504
app_20250112_00001066,2025-01-12 13:00:42,cust_4512400,BENL,credit_card,13178,42,776,low,rejected,0,online_banking,true,27
app_20250112_00001067,2025-01-12 19:37:57,cust_9387886,AUTR,mortgage,169246,300,608,medium,rejected,0,call_center,true,153
app_20250112_00001068,2025-01-12 07:48:56,cust_7172069,PLWA,business_loan,3188,36,300,high,rejected,0,web,false,120
app_20250112_00001069,2025-01-12 01:58:48,cust_242997,DEHE,mortgage,427778,240,483,high,rejected,0,mobile_app,true,12
app_20250112_00001070,2025-01-12 11:37:14,cust_2559412,ATVI,credit_card,28311,30,850,low,approved,28311,online_banking,false,563
app_20250112_00001071,2025-01-12 11:35:12,cust_7591254,ITMI,personal_loan,32654,24,668,medium,rejected,0,mobile,false,45
app_20250112_00001072,2025-01-12 11:50:41,cust_2809715,UKLO,business_loan,28082,24,612,medium,approved,28082,partner,true,95
app_20250112_00001073,2025-01-12 17:50:17,cust_6958115,ITMI,education_loan,15880,48,763,low,rejected,0,call_center,true,85
app_20250112_00001074,2025-01-12 13:13:02,cust_7605153,UKLO,education_loan,17921,36,560,medium,approved,17921,online_banking,false,192
app_20250112_00001075,2025-01-12 10:01:28,cust_4373977,GRRE,personal_loan,3670,36,665,medium,approved,3670,atm,false,643
app_20250112_00001076,2025-01-12 02:16:19,cust_9189151,CHBE,personal_loan,28787,48,795,low,approved,28787,partner,true,192
app_20250112_00001077,2025-01-12 20:58:20,cust_9196290,ATVI,credit_card,2068,12,646,medium,rejected,0,atm,true,111
app_20250112_00001078,2025-01-12 00:50:59,cust_7998502,PORP,refinance,316070,180,669,medium,approved,316070,mobile,false,343
app_20250112_00001079,2025-01-12 00:24:51,cust_8265308,CZPR,education_loan,28297,48,571,medium,rejected,0,web,false,63
app_20250112_00001080,2025-01-12 03:48:01,cust_3141788,UKLO,education_loan,12513,12,576,medium,approved,12513,mobile_app,false,86
app_20250112_00001081,2025-01-12 00:03:41,cust_1671796,FRID,credit_card,32646,30,601,medium,approved,32646,atm,true,871
app_20250112_00001082,2025-01-12 03:55:24,cust_4176013,DEHE,credit_card,6061,42,584,medium,approved,6061,call_center,true,668
app_20250112_00001083,2025-01-12 10:40:20,cust_2893807,PORP,personal_loan,24227,30,678,medium,approved,24227,branch,false,391
app_20250112_00001084,2025-01-12 14:13:51,cust_6643300,PLWA,mortgage,422530,120,706,low,approved,422530,partner,true,381
app_20250112_00001085,2025-01-12 19:19:30,cust_5185089,BENL,cash_loan,42779,48,488,high,approved,42779,web,true,201
app_20250112_00001086,2025-01-12 23:01:02,cust_1222396,UKLO,cash_loan,10017,30,574,medium,approved,10017,branch,false,46
app_20250112_00001087,2025-01-12 11:42:57,cust_6558719,DEHE,mortgage,240571,360,444,high,rejected,0,mobile_app,true,161
app_20250112_00001088,2025-01-12 22:07:25,cust_1416330,BENL,cash_loan,23626,12,771,low,approved,23626,web,false,146
app_20250112_00001089,2025-01-12 23:57:00,cust_4839061,SESV,cash_loan,34772,48,652,medium,approved,34772,atm,false,709
app_20250112_00001090,2025-01-12 11:47:29,cust_871727,ESMA,business_loan,32658,60,778,low,approved,32658,web,false,829
app_20250112_00001091,2025-01-12 21:05:02,cust_2906373,ESMA,credit_card,32807,12,697,medium,rejected,0,atm,false,82
app_20250112_00001092,2025-01-12 20:25:03,cust_815039,ATVI,credit_card,26844,36,699,medium,approved,26844,mobile_app,false,862
app_20250112_00001093,2025-01-12 20:41:23,cust_2505307,UKLO,cash_loan,30264,30,635,medium,rejected,0,mobile_app,true,172
app_20250112_00001094,2025-01-12 01:51:29,cust_2104115,SESV,personal_loan,5206,24,595,medium,rejected,0,atm,true,49
app_20250112_00001095,2025-01-12 11:32:10,cust_3808696,CHBE,mortgage,194467,120,774,low,approved,194467,branch,true,604
app_20250112_00001096,2025-01-12 18:26:26,cust_9411534,DEHE,refinance,308584,300,641,medium,rejected,0,mobile_app,true,106
app_20250112_00001097,2025-01-12 08:37:11,cust_5609700,AUTR,personal_loan,30763,36,740,low,approved,30763,web,true,76
app_20250112_00001098,2025-01-12 22:15:52,cust_7195171,DEHE,cash_loan,16807,30,565,medium,rejected,0,mobile,true,156
app_20250112_00001099,2025-01-12 11:02:30,cust_573993,NLAM,cash_loan,36647,48,741,low,rejected,0,call_center,false,87
app_20250112_00001100,2025-01-12 12:17:05,cust_9563720,NLAM,auto_loan,25831,72,648,medium,approved,25831,mobile_app,false,169
app_20250112_00001101,2025-01-12 05:40:03,cust_4404977,PLWA,refinance,115498,300,656,medium,rejected,0,atm,true,75
app_20250112_00001102,2025-01-12 08:25:15,cust_3585971,ATVI,refinance,105326,120,591,medium,approved,105326,mobile,true,552
app_20250112_00001103,2025-01-12 04:06:56,cust_2222619,CZPR,education_loan,28971,36,655,medium,approved,28971,branch,false,326
app_20250112_00001104,2025-01-12 20:33:23,cust_3988915,UKLO,education_loan,13726,24,493,high,rejected,0,mobile_app,false,170
app_20250112_00001105,2025-01-12 08:16:03,cust_5438996,ESMA,personal_loan,40384,42,778,low,approved,40384,call_center,false,725
app_20250112_00001106,2025-01-12 10:22:28,cust_755890,ITMI,auto_loan,51140,36,594,medium,rejected,0,call_center,true,160
app_20250112_00001107,2025-01-12 22:24:38,cust_8965389,ATVI,credit_card,45523,30,609,medium,approved,45523,partner,false,609
app_20250112_00001108,2025-01-12 07:37:48,cust_897301,ESMA,mortgage,268417,300,639,medium,approved,268417,mobile,true,534
app_20250112_00001109,2025-01-12 09:37:14,cust_6901186,PORP,mortgage,165440,300,680,medium,approved,165440,mobile,false,775
app_20250112_00001110,2025-01-12 12:36:56,cust_9677363,PORP,credit_card,48455,42,482,high,approved,48455,call_center,false,562
app_20250112_00001111,2025-01-12 08:10:08,cust_3395187,CHBE,mortgage,293072,180,716,low,approved,293072,online_banking,true,85
app_20250112_00001112,2025-01-12 18:06:07,cust_114984,GRRE,business_loan,8527,24,472,high,approved,8527,online_banking,false,215
app_20250112_00001113,2025-01-12 23:50:36,cust_7152976,CZPR,education_loan,31980,24,577,medium,rejected,0,call_center,false,16
app_20250112_00001114,2025-01-12 20:10:02,cust_5880721,CHBE,credit_card,35599,18,678,medium,rejected,0,mobile,false,107
app_20250112_00001115,2025-01-12 02:46:31,cust_3295452,ITMI,refinance,472539,300,557,medium,rejected,0,branch,false,137
app_20250112_00001116,2025-01-12 10:10:21,cust_9661581,PLWA,cash_loan,12089,30,661,medium,rejected,0,online_banking,false,27
app_20250112_00001117,2025-01-12 11:11:28,cust_1154690,FRID,cash_loan,5301,18,661,medium,approved,5301,mobile_app,false,428
app_20250112_00001118,2025-01-12 17:15:20,cust_7828934,ATVI,mortgage,360122,120,629,medium,rejected,0,atm,false,49
app_20250112_00001119,2025-01-12 05:34:20,cust_6615278,FRID,personal_loan,43240,18,573,medium,rejected,0,mobile,true,9
app_20250112_00001120,2025-01-12 11:08:42,cust_9529407,SESV,auto_loan,21011,60,522,medium,approved,21011,partner,true,598
app_20250112_00001121,2025-01-12 05:31:06,cust_2971740,BENL,personal_loan,26207,48,674,medium,approved,26207,atm,false,292
app_20250112_00001122,2025-01-12 02:13:42,cust_9492334,GRRE,credit_card,19268,12,635,medium,approved,19268,online_banking,false,439
app_20250112_00001123,2025-01-12 09:24:27,cust_7713139,CHBE,cash_loan,22767,48,549,medium,approved,22767,partner,false,588
app_20250112_00001124,2025-01-12 13:14:40,cust_6872447,UKLO,personal_loan,39733,18,655,medium,approved,39733,partner,true,595
app_20250112_00001125,2025-01-12 22:40:31,cust_2402469,ESMA,education_loan,17311,12,748,low,approved,17311,online_banking,false,316
app_20250112_00001126,2025-01-12 12:43:40,cust_5617511,GRRE,mortgage,411473,180,619,medium,rejected,0,mobile,true,106
app_20250112_00001127,2025-01-12 08:41:31,cust_8315259,PORP,credit_card,35950,18,777,low,approved,35950,web,false,885
app_20250112_00001128,2025-01-12 06:25:10,cust_6554436,CZPR,education_loan,29834,48,632,medium,rejected,0,call_center,true,168
app_20250112_00001129,2025-01-12 05:45:18,cust_1993063,ESMA,personal_loan,36849,42,838,low,approved,36849,partner,true,623
app_20250112_00001130,2025-01-12 02:25:21,cust_1470555,PLWA,personal_loan,15402,18,703,low,approved,15402,online_banking,false,143
app_20250112_00001131,2025-01-12 00:40:15,cust_7259835,CZPR,mortgage,384669,240,648,medium,rejected,0,partner,false,146
app_20250112_00001132,2025-01-12 22:53:16,cust_2728621,NLAM,credit_card,29679,42,737,low,approved,29679,partner,false,117
app_20250112_00001133,2025-01-12 15:24:03,cust_9194008,FRID,education_loan,24241,24,543,medium,rejected,0,partner,true,179
app_20250112_00001134,2025-01-12 22:19:31,cust_3858446,UKLO,business_loan,21283,48,682,medium,rejected,0,atm,true,152
app_20250112_00001135,2025-01-12 19:14:29,cust_9882668,ATVI,mortgage,321954,120,572,medium,rejected,0,mobile_app,true,103
app_20250112_00001136,2025-01-12 21:18:59,cust_685554,AUTR,refinance,485324,240,568,medium,rejected,0,partner,false,34
app_20250112_00001137,2025-01-12 02:26:40,cust_3502505,CHBE,credit_card,42620,24,660,medium,rejected,0,atm,false,106
app_20250112_00001138,2025-01-12 22:18:48,cust_3584152,DEHE,business_loan,10267,24,503,medium,approved,10267,mobile,true,66
app_20250112_00001139,2025-01-12 08:46:15,cust_2173646,ITMI,credit_card,7923,36,678,medium,rejected,0,mobile,true,171
app_20250112_00001140,2025-01-12 04:48:37,cust_163632,GRRE,credit_card,12062,30,688,medium,approved,12062,partner,true,868
app_20250112_00001141,2025-01-12 21:13:06,cust_7060726,UKLO,business_loan,3650,12,571,medium,approved,3650,mobile_app,false,158
app_20250112_00001142,2025-01-12 08:41:45,cust_9011839,FRID,cash_loan,29366,30,434,high,rejected,0,web,true,128
app_20250112_00001143,2025-01-12 16:27:17,cust_7909325,CZPR,business_loan,27002,36,668,medium,approved,27002,call_center,true,128
app_20250112_00001144,2025-01-12 04:46:30,cust_8989605,PLWA,mortgage,253260,360,557,medium,approved,253260,online_banking,true,363
app_20250112_00001145,2025-01-12 06:09:35,cust_1054582,CZPR,mortgage,404790,240,594,medium,rejected,0,mobile,true,126
app_20250112_00001146,2025-01-12 02:02:01,cust_372188,GRRE,credit_card,38432,30,741,low,approved,38432,call_center,false,202
app_20250112_00001147,2025-01-12 04:38:53,cust_1899881,CHBE,mortgage,149748,300,606,medium,approved,149748,mobile_app,true,574
app_20250112_00001148,2025-01-12 10:31:55,cust_2076293,GRRE,credit_card,37927,12,579,medium,approved,37927,online_banking,false,159
app_20250112_00001149,2025-01-12 00:52:07,cust_7563890,ATVI,refinance,148164,240,770,low,approved,148164,atm,false,528
app_20250112_00001150,2025-01-12 19:56:11,cust_5375485,FRID,mortgage,288113,360,700,low,approved,288113,call_center,false,114
app_20250112_00001151,2025-01-12 09:22:14,cust_5680048,DEHE,personal_loan,17107,30,773,low,approved,17107,mobile_app,true,223
app_20250112_00001152,2025-01-12 07:22:53,cust_4232083,CHBE,education_loan,5659,60,588,medium,approved,5659,online_banking,false,866
app_20250112_00001153,2025-01-12 20:42:06,cust_6465784,ITMI,education_loan,39738,60,556,medium,approved,39738,call_center,false,115
app_20250112_00001154,2025-01-12 03:16:48,cust_7803623,BENL,cash_loan,35530,18,613,medium,rejected,0,online_banking,true,114
app_20250112_00001155,2025-01-12 10:41:35,cust_647215,GRRE,refinance,437379,300,663,medium,approved,437379,mobile_app,false,407
app_20250112_00001156,2025-01-12 13:05:01,cust_7217970,CZPR,personal_loan,33238,36,750,low,approved,33238,mobile,false,602
app_20250112_00001157,2025-01-12 10:12:45,cust_9213163,DEHE,education_loan,26394,60,684,medium,rejected,0,mobile_app,false,129
app_20250112_00001158,2025-01-12 02:21:27,cust_7929798,ITMI,auto_loan,12945,48,677,medium,rejected,0,atm,true,98
app_20250112_00001159,2025-01-12 06:38:37,cust_9501383,PLWA,personal_loan,34964,12,759,low,approved,34964,web,true,515
app_20250112_00001160,2025-01-12 11:45:45,cust_5488795,SESV,cash_loan,33876,18,636,medium,approved,33876,partner,true,631
app_20250112_00001161,2025-01-12 08:59:32,cust_6754111,FRID,mortgage,203324,240,707,low,approved,203324,branch,true,479
app_20250112_00001162,2025-01-12 23:59:57,cust_196495,PLWA,education_loan,3351,12,580,medium,approved,3351,mobile,true,695
app_20250112_00001163,2025-01-12 10:10:32,cust_8689773,SESV,education_loan,39976,48,472,high,rejected,0,mobile_app,false,117
app_20250112_00001164,2025-01-12 22:00:17,cust_7353166,FRID,auto_loan,47577,60,763,low,approved,47577,branch,true,638
app_20250112_00001165,2025-01-12 16:26:12,cust_754183,PORP,refinance,328871,240,602,medium,approved,328871,online_banking,false,839
app_20250112_00001166,2025-01-12 18:16:53,cust_5305315,UKLO,cash_loan,12158,18,839,low,approved,12158,call_center,true,135
app_20250112_00001167,2025-01-12 00:57:35,cust_385018,NLAM,mortgage,150543,120,756,low,approved,150543,mobile,false,452
app_20250112_00001168,2025-01-12 18:00:35,cust_5048307,ATVI,credit_card,20888,24,731,low,approved,20888,partner,false,592
app_20250112_00001169,2025-01-12 21:21:11,cust_2714331,ESMA,mortgage,361874,240,686,medium,approved,361874,branch,true,812
app_20250112_00001170,2025-01-12 14:08:09,cust_8758381,CZPR,refinance,231296,120,717,low,approved,231296,mobile,true,471
app_20250112_00001171,2025-01-12 02:39:47,cust_9697175,CZPR,cash_loan,31814,30,626,medium,rejected,0,online_banking,true,75
app_20250112_00001172,2025-01-12 19:05:41,cust_9203541,PLWA,mortgage,350652,300,726,low,approved,350652,web,false,735
app_20250112_00001173,2025-01-12 05:06:06,cust_8714943,ITMI,cash_loan,10900,12,662,medium,approved,10900,branch,true,248
app_20250112_00001174,2025-01-12 19:27:32,cust_6192285,AUTR,business_loan,11661,48,734,low,approved,11661,branch,false,405
app_20250112_00001175,2025-01-12 05:25:10,cust_4865530,BENL,education_loan,35358,12,639,medium,approved,35358,partner,false,530
app_20250112_00001176,2025-01-12 23:10:09,cust_1890023,UKLO,cash_loan,42074,36,643,medium,rejected,0,atm,true,54
app_20250112_00001177,2025-01-12 13:53:56,cust_889674,CZPR,personal_loan,1513,24,751,low,approved,1513,online_banking,true,144
app_20250112_00001178,2025-01-12 10:32:48,cust_292797,BENL,business_loan,13989,36,542,medium,rejected,0,call_center,false,85
app_20250112_00001179,2025-01-12 20:35:20,cust_6956819,ESMA,auto_loan,37856,48,598,medium,approved,37856,mobile,false,455
app_20250112_00001180,2025-01-12 18:31:01,cust_7413343,CHBE,auto_loan,30062,72,536,medium,rejected,0,call_center,false,39
app_20250112_00001181,2025-01-12 21:28:58,cust_189192,FRID,business_loan,38735,60,685,medium,approved,38735,branch,false,828
app_20250112_00001182,2025-01-12 19:43:11,cust_4524573,SESV,refinance,149612,240,611,medium,approved,149612,partner,false,231
app_20250112_00001183,2025-01-12 11:24:04,cust_7107451,ITMI,business_loan,16079,48,603,medium,approved,16079,atm,true,81
app_20250112_00001184,2025-01-12 06:17:56,cust_3997930,FRID,cash_loan,24102,30,727,low,approved,24102,call_center,false,397
app_20250112_00001185,2025-01-12 08:55:04,cust_9149954,CZPR,personal_loan,46504,36,839,low,approved,46504,partner,false,500
app_20250112_00001186,2025-01-12 15:33:03,cust_3316694,FRID,business_loan,9461,36,531,medium,approved,9461,call_center,true,539
app_20250112_00001187,2025-01-12 09:10:28,cust_1241604,ITMI,refinance,282888,240,687,medium,rejected,0,mobile_app,false,131
app_20250112_00001188,2025-01-12 18:53:47,cust_4352194,SESV,cash_loan,48665,18,720,low,approved,48665,branch,false,776
app_20250112_00001189,2025-01-12 03:26:56,cust_1122503,SESV,cash_loan,38306,48,602,medium,rejected,0,mobile_app,false,101
app_20250112_00001190,2025-01-12 04:27:58,cust_5968890,PORP,credit_card,9279,24,523,medium,approved,9279,online_banking,false,411
app_20250112_00001191,2025-01-12 21:45:53,cust_5516009,ATVI,refinance,227283,300,752,low,approved,227283,call_center,true,61
app_20250112_00001192,2025-01-12 13:09:25,cust_1046871,UKLO,mortgage,395445,300,558,medium,approved,395445,mobile_app,true,697
app_20250112_00001193,2025-01-12 14:52:56,cust_5712951,ESMA,education_loan,10880,12,496,high,approved,10880,partner,true,573
app_20250112_00001194,2025-01-12 19:02:22,cust_8174642,CZPR,personal_loan,15976,18,850,low,approved,15976,call_center,false,573
app_20250112_00001195,2025-01-12 07:07:02,cust_8049800,ATVI,business_loan,30293,60,582,medium,approved,30293,mobile_app,false,561
app_20250112_00001196,2025-01-12 07:11:19,cust_686133,AUTR,refinance,101705,240,499,high,rejected,0,mobile_app,true,125
app_20250112_00001197,2025-01-12 10:09:30,cust_9525134,DEHE,credit_card,26878,48,663,medium,rejected,0,atm,false,57
app_20250112_00001198,2025-01-12 04:58:00,cust_2617856,BENL,auto_loan,21461,72,711,low,approved,21461,mobile_app,false,542
app_20250112_00001199,2025-01-12 04:08:27,cust_6434892,PLWA,mortgage,223175,360,607,medium,rejected,0,mobile,false,105
app_20250112_00001200,2025-01-12 15:08:10,cust_2191999,CHBE,auto_loan,35129,48,549,medium,rejected,0,mobile,true,178
app_20250112_00001201,2025-01-12 19:29:31,cust_4923222,PLWA,education_loan,14076,60,769,low,approved,14076,mobile,true,511
app_20250112_00001202,2025-01-12 05:20:53,cust_6602892,FRID,cash_loan,40615,42,694,medium,approved,40615,call_center,false,135
app_20250112_00001203,2025-01-12 00:22:31,cust_4818546,ESMA,education_loan,4985,24,596,medium,rejected,0,mobile_app,true,64
app_20250112_00001204,2025-01-12 08:13:16,cust_4279780,AUTR,auto_loan,52996,48,762,low,approved,52996,call_center,false,573
app_20250112_00001205,2025-01-12 07:41:10,cust_6999041,ATVI,business_loan,39366,60,609,medium,rejected,0,online_banking,false,13
app_20250112_00001206,2025-01-12 20:52:03,cust_5340081,NLAM,cash_loan,32448,48,651,medium,approved,32448,call_center,false,639
app_20250112_00001207,2025-01-12 14:25:36,cust_8483914,UKLO,mortgage,369748,240,649,medium,rejected,0,mobile_app,false,18
app_20250112_00001208,2025-01-12 15:28:34,cust_2168850,NLAM,credit_card,47668,42,692,medium,approved,47668,web,false,365
app_20250112_00001209,2025-01-12 10:29:12,cust_176868,ATVI,personal_loan,39169,12,675,medium,rejected,0,partner,false,118
app_20250112_00001210,2025-01-12 17:02:07,cust_4682854,PORP,business_loan,11710,24,467,high,rejected,0,partner,true,85
app_20250112_00001211,2025-01-12 17:29:15,cust_697181,CZPR,mortgage,156918,240,684,medium,rejected,0,web,true,25
app_20250112_00001212,2025-01-12 20:20:53,cust_6469897,CZPR,education_loan,16595,48,777,low,approved,16595,online_banking,false,393
app_20250112_00001213,2025-01-12 09:55:49,cust_9374050,CZPR,cash_loan,4236,36,587,medium,rejected,0,web,false,80
app_20250112_00001214,2025-01-12 10:49:19,cust_4227395,PLWA,auto_loan,23963,24,625,medium,approved,23963,call_center,true,312
app_20250112_00001215,2025-01-12 19:57:54,cust_8284488,PORP,refinance,356066,300,573,medium,rejected,0,partner,false,75
app_20250112_00001216,2025-01-12 16:43:26,cust_1144375,CZPR,credit_card,36285,18,520,medium,approved,36285,call_center,true,387
app_20250112_00001217,2025-01-12 23:25:16,cust_8078042,DEHE,education_loan,4526,60,642,medium,approved,4526,partner,false,221
app_20250112_00001218,2025-01-12 21:21:45,cust_3142957,ESMA,mortgage,89650,360,610,medium,approved,89650,branch,true,101
app_20250112_00001219,2025-01-12 23:20:54,cust_5941825,CHBE,personal_loan,2242,30,593,medium,rejected,0,atm,true,135
app_20250112_00001220,2025-01-12 11:26:53,cust_486525,DEHE,cash_loan,38247,18,563,medium,rejected,0,mobile_app,true,132
app_20250112_00001221,2025-01-12 18:33:25,cust_4317950,ESMA,education_loan,21421,48,733,low,approved,21421,branch,false,824
app_20250112_00001222,2025-01-12 03:15:24,cust_3086567,CHBE,education_loan,6316,36,534,medium,approved,6316,mobile,true,350
app_20250112_00001223,2025-01-12 23:01:49,cust_4272126,ATVI,education_loan,7378,12,602,medium,approved,7378,call_center,true,136
app_20250112_00001224,2025-01-12 15:50:46,cust_9343983,CZPR,refinance,68359,180,767,low,approved,68359,partner,true,241
app_20250112_00001225,2025-01-12 11:50:07,cust_9427593,NLAM,mortgage,462090,240,634,medium,approved,462090,call_center,true,35
app_20250112_00001226,2025-01-12 02:48:05,cust_7461053,ATVI,cash_loan,39206,18,643,medium,approved,39206,partner,true,63
app_20250112_00001227,2025-01-12 01:03:41,cust_7559046,ATVI,refinance,480101,120,632,medium,rejected,0,mobile,true,174
app_20250112_00001228,2025-01-12 05:52:08,cust_9428292,AUTR,business_loan,35789,12,607,medium,rejected,0,mobile,false,130
app_20250112_00001229,2025-01-12 01:30:47,cust_514272,FRID,cash_loan,12504,18,546,medium,rejected,0,atm,false,154
app_20250112_00001230,2025-01-12 05:37:02,cust_912468,NLAM,credit_card,12330,24,479,high,approved,12330,mobile,true,550
app_20250112_00001231,2025-01-12 06:35:32,cust_4360616,FRID,business_loan,26359,48,613,medium,approved,26359,branch,true,890
app_20250112_00001232,2025-01-12 03:06:08,cust_8327304,AUTR,personal_loan,38694,24,527,medium,rejected,0,mobile_app,true,111
app_20250112_00001233,2025-01-12 13:18:08,cust_8030576,PLWA,refinance,120907,300,606,medium,approved,120907,partner,true,281
app_20250112_00001234,2025-01-12 08:29:05,cust_1310552,FRID,auto_loan,55899,72,677,medium,approved,55899,branch,false,800
app_20250112_00001235,2025-01-12 14:40:01,cust_9897889,NLAM,auto_loan,9365,48,672,medium,approved,9365,mobile_app,true,156
app_20250112_00001236,2025-01-12 00:29:18,cust_3970869,BENL,business_loan,7389,12,533,medium,approved,7389,partner,true,297
app_20250112_00001237,2025-01-12 11:48:26,cust_1649155,UKLO,mortgage,195206,180,506,medium,rejected,0,call_center,true,137
app_20250112_00001238,2025-01-12 17:45:13,cust_1663416,GRRE,business_loan,19466,36,541,medium,rejected,0,partner,true,33
app_20250112_00001239,2025-01-12 21:25:39,cust_732084,PORP,education_loan,15415,36,615,medium,rejected,0,mobile,true,45
app_20250112_00001240,2025-01-12 06:18:20,cust_8736901,CHBE,education_loan,39673,12,677,medium,approved,39673,partner,true,736
app_20250112_00001241,2025-01-12 21:46:38,cust_1835896,PLWA,refinance,232084,120,760,low,approved,232084,branch,false,544
app_20250112_00001242,2025-01-12 12:34:03,cust_8292394,CZPR,mortgage,228823,120,690,medium,approved,228823,branch,false,415
app_20250112_00001243,2025-01-12 17:40:45,cust_9652610,BENL,business_loan,34870,60,612,medium,approved,34870,web,true,797
app_20250112_00001244,2025-01-12 04:13:56,cust_3806017,ITMI,business_loan,32948,12,507,medium,approved,32948,mobile_app,true,395
app_20250112_00001245,2025-01-12 18:29:22,cust_5538596,ESMA,business_loan,25974,24,506,medium,rejected,0,atm,true,101
app_20250112_00001246,2025-01-12 20:13:41,cust_7460383,FRID,cash_loan,26158,18,635,medium,approved,26158,mobile_app,false,633
app_20250112_00001247,2025-01-12 11:28:50,cust_3030701,BENL,business_loan,18935,24,740,low,approved,18935,mobile,false,726
app_20250112_00001248,2025-01-12 20:37:15,cust_7120375,AUTR,education_loan,32694,36,668,medium,rejected,0,branch,true,68
app_20250112_00001249,2025-01-12 19:57:26,cust_1441563,DEHE,auto_loan,52197,60,501,medium,rejected,0,online_banking,false,159
app_20250112_00001250,2025-01-12 17:30:37,cust_9127917,AUTR,business_loan,34714,24,616,medium,rejected,0,call_center,true,26
app_20250112_00001251,2025-01-12 06:26:58,cust_4331911,ESMA,credit_card,27866,24,735,low,approved,27866,partner,true,853
app_20250112_00001252,2025-01-12 00:48:36,cust_5976216,NLAM,business_loan,6489,36,504,medium,approved,6489,branch,true,682
app_20250112_00001253,2025-01-12 15:25:18,cust_5666513,ATVI,auto_loan,25290,24,649,medium,approved,25290,partner,false,96
app_20250112_00001254,2025-01-12 13:01:04,cust_5587074,NLAM,mortgage,245616,360,750,low,approved,245616,call_center,false,398
app_20250112_00001255,2025-01-12 15:47:28,cust_7136028,CZPR,education_loan,10679,12,616,medium,approved,10679,branch,true,664
app_20250112_00001256,2025-01-12 17:28:44,cust_5869051,AUTR,cash_loan,27458,18,592,medium,approved,27458,online_banking,true,326
app_20250112_00001257,2025-01-12 08:48:23,cust_4810579,FRID,mortgage,341312,180,744,low,approved,341312,mobile,false,830
app_20250112_00001258,2025-01-12 21:15:05,cust_288015,UKLO,personal_loan,23198,36,598,medium,rejected,0,online_banking,true,77
app_20250112_00001259,2025-01-12 01:51:45,cust_447883,UKLO,auto_loan,58869,72,647,medium,approved,58869,online_banking,false,227
app_20250112_00001260,2025-01-12 19:34:58,cust_7111142,UKLO,credit_card,12153,36,682,medium,approved,12153,mobile_app,false,448
app_20250112_00001261,2025-01-12 18:54:53,cust_513044,UKLO,auto_loan,54058,24,739,low,approved,54058,web,true,449
app_20250112_00001262,2025-01-12 18:08:18,cust_9026775,PLWA,education_loan,25393,48,647,medium,approved,25393,mobile,true,117
app_20250112_00001263,2025-01-12 06:40:57,cust_7532448,DEHE,personal_loan,34783,42,617,medium,approved,34783,mobile,false,110
app_20250112_00001264,2025-01-12 02:58:51,cust_8817190,ITMI,refinance,198467,180,592,medium,rejected,0,online_banking,true,102
app_20250112_00001265,2025-01-12 15:44:47,cust_8565520,GRRE,education_loan,3308,12,518,medium,approved,3308,branch,false,271
app_20250112_00001266,2025-01-12 22:10:09,cust_6654113,UKLO,business_loan,29008,12,743,low,approved,29008,atm,false,197
app_20250112_00001267,2025-01-12 00:33:29,cust_5035988,DEHE,auto_loan,6932,60,685,medium,approved,6932,online_banking,false,408
app_20250112_00001268,2025-01-12 10:17:24,cust_697258,CHBE,cash_loan,20536,42,478,high,rejected,0,mobile,true,141
app_20250112_00001269,2025-01-12 02:36:02,cust_5779925,DEHE,credit_card,22355,18,575,medium,approved,22355,online_banking,true,627
app_20250112_00001270,2025-01-12 13:23:54,cust_9648892,FRID,cash_loan,22918,42,589,medium,approved,22918,mobile_app,false,821
app_20250112_00001271,2025-01-12 04:51:53,cust_175110,GRRE,refinance,333682,120,763,low,rejected,0,atm,false,165
app_20250112_00001272,2025-01-12 09:24:50,cust_2395324,PLWA,education_loan,18222,12,848,low,approved,18222,mobile_app,false,598
app_20250112_00001273,2025-01-12 11:15:44,cust_2312941,AUTR,cash_loan,38710,24,539,medium,approved,38710,mobile_app,false,48
app_20250112_00001274,2025-01-12 10:11:55,cust_6326646,FRID,mortgage,84420,300,590,medium,approved,84420,mobile,true,164
app_20250112_00001275,2025-01-12 14:47:40,cust_3535083,ESMA,auto_loan,54491,48,627,medium,approved,54491,partner,true,141
app_20250112_00001276,2025-01-12 09:47:46,cust_5047730,DEHE,education_loan,6780,60,601,medium,approved,6780,web,false,662
app_20250112_00001277,2025-01-12 05:39:47,cust_8372546,PORP,auto_loan,9245,60,828,low,approved,9245,mobile_app,false,118
app_20250112_00001278,2025-01-12 05:37:46,cust_7040025,BENL,cash_loan,4009,18,847,low,approved,4009,atm,false,834
app_20250112_00001279,2025-01-12 19:20:24,cust_525317,ESMA,education_loan,7179,12,508,medium,approved,7179,call_center,false,208
app_20250112_00001280,2025-01-12 21:38:39,cust_3696632,FRID,refinance,185587,180,551,medium,rejected,0,partner,true,141
app_20250112_00001281,2025-01-12 01:19:47,cust_4478784,AUTR,mortgage,237637,120,610,medium,approved,237637,call_center,false,149
app_20250112_00001282,2025-01-12 23:20:44,cust_1842141,CZPR,business_loan,27905,36,550,medium,approved,27905,atm,false,284
app_20250112_00001283,2025-01-12 17:27:45,cust_9004058,ATVI,personal_loan,26531,24,628,medium,rejected,0,partner,false,50
app_20250112_00001284,2025-01-12 02:53:28,cust_4943507,FRID,auto_loan,50573,60,803,low,approved,50573,partner,false,783
app_20250112_00001285,2025-01-12 08:20:43,cust_1558886,BENL,credit_card,36175,12,561,medium,rejected,0,partner,false,116
app_20250112_00001286,2025-01-12 06:47:34,cust_7079348,FRID,business_loan,4314,48,670,medium,rejected,0,mobile_app,true,140
app_20250112_00001287,2025-01-12 03:37:09,cust_7539172,AUTR,personal_loan,2648,30,836,low,approved,2648,partner,false,554
app_20250112_00001288,2025-01-12 21:17:10,cust_6584215,ESMA,education_loan,17806,24,735,low,approved,17806,partner,false,669
app_20250112_00001289,2025-01-12 03:42:52,cust_3688669,ESMA,refinance,425874,120,609,medium,approved,425874,branch,false,806
app_20250112_00001290,2025-01-12 17:31:18,cust_7943450,GRRE,mortgage,63209,180,533,medium,rejected,0,web,true,25
app_20250112_00001291,2025-01-12 08:22:35,cust_3550961,DEHE,personal_loan,29653,36,848,low,approved,29653,atm,true,890
app_20250112_00001292,2025-01-12 12:28:13,cust_8253615,SESV,business_loan,25058,12,684,medium,approved,25058,web,true,687
app_20250112_00001293,2025-01-12 09:02:42,cust_9115454,FRID,personal_loan,14737,42,549,medium,approved,14737,branch,true,201
app_20250112_00001294,2025-01-12 06:55:05,cust_2809985,CHBE,credit_card,21008,42,757,low,approved,21008,atm,false,598
app_20250112_00001295,2025-01-12 23:44:32,cust_5366574,PLWA,cash_loan,44972,18,670,medium,approved,44972,mobile_app,true,386
app_20250112_00001296,2025-01-12 13:36:48,cust_3300524,SESV,business_loan,15281,36,609,medium,approved,15281,atm,true,182
app_20250112_00001297,2025-01-12 20:40:40,cust_4932820,UKLO,mortgage,190197,300,705,low,approved,190197,atm,false,446
app_20250112_00001298,2025-01-12 02:32:27,cust_3594815,CHBE,credit_card,17544,18,560,medium,approved,17544,mobile,true,345
app_20250112_00001299,2025-01-12 16:28:58,cust_1464093,AUTR,cash_loan,37709,30,581,medium,approved,37709,partner,false,469
app_20250112_00001300,2025-01-12 03:10:06,cust_5362853,ATVI,credit_card,45853,42,561,medium,rejected,0,mobile,false,29
app_20250112_00001301,2025-01-12 22:28:17,cust_3149257,UKLO,personal_loan,14795,18,645,medium,approved,14795,web,true,237
app_20250112_00001302,2025-01-12 20:17:38,cust_5967686,AUTR,auto_loan,32524,24,682,medium,approved,32524,web,true,547
app_20250112_00001303,2025-01-12 17:18:18,cust_7421865,UKLO,business_loan,39584,36,597,medium,rejected,0,web,true,73
app_20250112_00001304,2025-01-12 10:41:21,cust_9583272,NLAM,refinance,339096,300,545,medium,rejected,0,branch,false,177
app_20250112_00001305,2025-01-12 15:03:21,cust_4410766,SESV,education_loan,21332,12,537,medium,approved,21332,partner,true,863
app_20250112_00001306,2025-01-12 05:15:04,cust_9508538,NLAM,refinance,186033,300,585,medium,rejected,0,online_banking,false,86
app_20250112_00001307,2025-01-12 14:23:23,cust_4074994,SESV,refinance,140193,180,571,medium,rejected,0,branch,false,10
app_20250112_00001308,2025-01-12 03:23:06,cust_6654605,ITMI,cash_loan,49089,48,575,medium,rejected,0,call_center,true,8
app_20250112_00001309,2025-01-12 11:28:55,cust_5632373,FRID,cash_loan,49552,48,578,medium,rejected,0,mobile,true,144
app_20250112_00001310,2025-01-12 21:45:19,cust_5828196,ESMA,mortgage,380643,120,781,low,approved,380643,branch,true,297
app_20250112_00001311,2025-01-12 16:37:23,cust_3365992,ESMA,cash_loan,15238,18,622,medium,approved,15238,branch,false,617
app_20250112_00001312,2025-01-12 21:36:12,cust_2670628,UKLO,credit_card,7499,12,850,low,approved,7499,web,false,639
app_20250112_00001313,2025-01-12 05:36:28,cust_5961000,SESV,business_loan,26270,36,668,medium,approved,26270,web,false,411
app_20250112_00001314,2025-01-12 08:02:38,cust_4546339,NLAM,cash_loan,18819,12,750,low,approved,18819,mobile_app,true,772
app_20250112_00001315,2025-01-12 15:38:50,cust_8078249,CZPR,personal_loan,32327,12,539,medium,rejected,0,mobile,false,130
app_20250112_00001316,2025-01-12 17:22:35,cust_9976259,UKLO,business_loan,3930,60,538,medium,approved,3930,web,false,260
app_20250112_00001317,2025-01-12 23:52:04,cust_697538,PORP,auto_loan,30501,36,633,medium,rejected,0,mobile_app,true,14
app_20250112_00001318,2025-01-12 09:29:21,cust_2428443,UKLO,cash_loan,42006,12,568,medium,rejected,0,partner,false,170
app_20250112_00001319,2025-01-12 06:13:22,cust_6817361,ATVI,mortgage,262612,180,679,medium,approved,262612,atm,false,765
app_20250112_00001320,2025-01-12 01:00:27,cust_3911578,PORP,business_loan,30707,24,633,medium,approved,30707,online_banking,false,631
app_20250112_00001321,2025-01-12 17:23:27,cust_5329325,PORP,cash_loan,25423,48,819,low,approved,25423,web,false,856
app_20250112_00001322,2025-01-12 21:15:50,cust_874614,CZPR,personal_loan,27565,36,515,medium,approved,27565,call_center,false,784
app_20250112_00001323,2025-01-12 13:40:09,cust_6700505,ITMI,credit_card,12062,12,721,low,approved,12062,mobile,true,585
app_20250112_00001324,2025-01-12 03:11:02,cust_5551645,NLAM,auto_loan,7417,48,602,medium,approved,7417,call_center,false,886
app_20250112_00001325,2025-01-12 05:57:44,cust_4404027,NLAM,mortgage,411494,120,615,medium,approved,411494,online_banking,false,493
app_20250112_00001326,2025-01-12 04:16:09,cust_7779172,GRRE,credit_card,40489,30,536,medium,approved,40489,online_banking,true,553
app_20250112_00001327,2025-01-12 11:22:57,cust_5530764,PORP,personal_loan,49375,24,558,medium,approved,49375,call_center,true,879
app_20250112_00001328,2025-01-12 23:25:44,cust_4990496,CZPR,auto_loan,28028,36,698,medium,rejected,0,mobile_app,false,119
app_20250112_00001329,2025-01-12 20:55:34,cust_316186,FRID,mortgage,154806,120,688,medium,approved,154806,branch,true,729
app_20250112_00001330,2025-01-12 05:20:33,cust_9157836,GRRE,refinance,450817,360,664,medium,approved,450817,web,false,635
app_20250112_00001331,2025-01-12 18:47:46,cust_4267346,PORP,mortgage,403771,360,667,medium,approved,403771,atm,false,512
app_20250112_00001332,2025-01-12 23:25:15,cust_9108659,UKLO,credit_card,22073,36,740,low,approved,22073,web,true,222
app_20250112_00001333,2025-01-12 21:12:58,cust_413091,CZPR,business_loan,26539,48,747,low,approved,26539,call_center,true,588
app_20250112_00001334,2025-01-12 04:54:24,cust_8756307,BENL,personal_loan,32185,24,639,medium,rejected,0,online_banking,true,158
app_20250112_00001335,2025-01-12 00:07:17,cust_711175,BENL,refinance,193528,240,565,medium,approved,193528,mobile_app,true,79
app_20250112_00001336,2025-01-12 16:24:55,cust_4076958,SESV,credit_card,17713,36,503,medium,rejected,0,branch,true,143
app_20250112_00001337,2025-01-12 21:54:12,cust_8661474,PORP,credit_card,26385,48,674,medium,approved,26385,partner,false,91
app_20250112_00001338,2025-01-12 16:54:07,cust_6514282,ITMI,personal_loan,30362,36,523,medium,rejected,0,branch,false,46
app_20250112_00001339,2025-01-12 04:15:32,cust_5199581,NLAM,personal_loan,11354,36,699,medium,approved,11354,mobile_app,true,152
app_20250112_00001340,2025-01-12 11:20:47,cust_1952868,CHBE,mortgage,180323,240,606,medium,rejected,0,atm,true,89
app_20250112_00001341,2025-01-12 03:01:50,cust_4077886,GRRE,mortgage,112458,360,602,medium,approved,112458,web,true,718
app_20250112_00001342,2025-01-12 10:14:28,cust_8384681,SESV,mortgage,239089,240,775,low,approved,239089,mobile_app,false,700
app_20250112_00001343,2025-01-12 19:36:11,cust_1784024,PORP,cash_loan,2981,48,601,medium,approved,2981,mobile_app,false,547
app_20250112_00001344,2025-01-12 15:57:48,cust_2016197,SESV,auto_loan,11824,60,595,medium,approved,11824,mobile,false,327
app_20250112_00001345,2025-01-12 18:02:12,cust_7886453,ITMI,business_loan,10346,48,517,medium,rejected,0,online_banking,false,158
app_20250112_00001346,2025-01-12 21:56:36,cust_9881420,AUTR,refinance,174455,360,753,low,approved,174455,mobile_app,false,95
app_20250112_00001347,2025-01-12 10:34:41,cust_2269374,DEHE,education_loan,16716,60,542,medium,rejected,0,atm,false,78
app_20250112_00001348,2025-01-12 07:35:49,cust_8616453,CZPR,education_loan,28492,24,692,medium,approved,28492,online_banking,false,167
app_20250112_00001349,2025-01-12 03:27:17,cust_5363576,GRRE,cash_loan,47399,36,794,low,approved,47399,mobile,false,168
app_20250112_00001350,2025-01-12 03:12:08,cust_6953410,DEHE,auto_loan,56209,48,583,medium,rejected,0,call_center,true,27
app_20250112_00001351,2025-01-12 12:09:00,cust_1648768,CHBE,business_loan,23458,48,640,medium,rejected,0,online_banking,true,119
app_20250112_00001352,2025-01-12 03:12:02,cust_4234747,ITMI,education_loan,13438,36,689,medium,approved,13438,online_banking,true,764
app_20250112_00001353,2025-01-12 03:52:25,cust_8919152,ESMA,refinance,98476,360,786,low,rejected,0,online_banking,false,104
app_20250112_00001354,2025-01-12 12:40:02,cust_9069863,CZPR,business_loan,29139,24,588,medium,rejected,0,mobile_app,true,168
app_20250112_00001355,2025-01-12 16:19:56,cust_7035724,AUTR,cash_loan,10334,18,529,medium,rejected,0,call_center,true,6
app_20250112_00001356,2025-01-12 19:36:22,cust_2288160,NLAM,credit_card,43133,12,728,low,rejected,0,mobile,false,137
app_20250112_00001357,2025-01-12 21:38:01,cust_755108,DEHE,cash_loan,5927,48,548,medium,rejected,0,mobile_app,false,75
app_20250112_00001358,2025-01-12 15:45:01,cust_6917868,ATVI,auto_loan,35783,48,745,low,approved,35783,mobile,false,584
app_20250112_00001359,2025-01-12 12:48:20,cust_1787734,NLAM,mortgage,299518,120,809,low,approved,299518,online_banking,false,81
app_20250112_00001360,2025-01-12 14:16:22,cust_1103440,ATVI,personal_loan,13115,48,547,medium,approved,13115,atm,true,486
app_20250112_00001361,2025-01-12 04:37:30,cust_7257152,GRRE,refinance,392924,240,623,medium,approved,392924,branch,false,371
app_20250112_00001362,2025-01-12 04:40:21,cust_548955,DEHE,education_loan,19041,36,630,medium,rejected,0,online_banking,false,23
app_20250112_00001363,2025-01-12 00:02:49,cust_7826538,UKLO,refinance,120930,240,621,medium,approved,120930,web,true,169
app_20250112_00001364,2025-01-12 20:05:18,cust_3100375,SESV,mortgage,147983,240,645,medium,approved,147983,mobile,true,171
app_20250112_00001365,2025-01-12 00:08:53,cust_2188480,BENL,cash_loan,6493,42,702,low,approved,6493,mobile_app,false,443
app_20250112_00001366,2025-01-12 11:35:33,cust_8760484,UKLO,business_loan,31866,48,708,low,approved,31866,web,true,107
app_20250112_00001367,2025-01-12 13:30:26,cust_1937655,CZPR,credit_card,11826,18,850,low,approved,11826,call_center,true,89
app_20250112_00001368,2025-01-12 21:36:38,cust_6833535,PORP,business_loan,9299,60,672,medium,rejected,0,branch,true,151
app_20250112_00001369,2025-01-12 14:46:48,cust_4040867,AUTR,mortgage,159234,180,648,medium,approved,159234,branch,true,477
app_20250112_00001370,2025-01-12 07:43:24,cust_8299710,ITMI,auto_loan,39710,36,764,low,approved,39710,partner,true,485
app_20250112_00001371,2025-01-12 22:08:15,cust_4124486,FRID,credit_card,49939,36,746,low,approved,49939,mobile_app,true,780
app_20250112_00001372,2025-01-12 13:43:16,cust_3306895,ITMI,personal_loan,25306,48,804,low,approved,25306,atm,false,132
app_20250112_00001373,2025-01-12 09:42:54,cust_9315261,SESV,cash_loan,3242,12,638,medium,approved,3242,mobile_app,true,556
app_20250112_00001374,2025-01-12 09:32:36,cust_1927782,UKLO,personal_loan,47010,42,742,low,rejected,0,mobile_app,false,133
app_20250112_00001375,2025-01-12 08:55:21,cust_590878,PLWA,credit_card,8753,30,585,medium,rejected,0,partner,true,83
app_20250112_00001376,2025-01-12 16:48:35,cust_2337489,AUTR,cash_loan,17368,18,552,medium,rejected,0,web,true,141
app_20250112_00001377,2025-01-12 17:12:48,cust_4989352,DEHE,personal_loan,35637,36,555,medium,approved,35637,online_banking,true,168
app_20250112_00001378,2025-01-12 10:45:00,cust_9832217,ATVI,personal_loan,21757,18,725,low,approved,21757,call_center,false,744
app_20250112_00001379,2025-01-12 04:00:34,cust_9798876,PORP,education_loan,20326,24,744,low,approved,20326,online_banking,false,311
app_20250112_00001380,2025-01-12 12:03:41,cust_4753474,UKLO,business_loan,10830,36,570,medium,approved,10830,web,false,377
app_20250112_00001381,2025-01-12 16:11:35,cust_7211227,NLAM,credit_card,36671,30,549,medium,rejected,0,partner,true,102
app_20250112_00001382,2025-01-12 05:19:28,cust_6653813,FRID,credit_card,11340,18,673,medium,approved,11340,branch,true,365
app_20250112_00001383,2025-01-12 07:36:57,cust_6880432,ITMI,auto_loan,50583,36,518,medium,approved,50583,web,true,375
app_20250112_00001384,2025-01-12 16:53:22,cust_4198057,BENL,auto_loan,58702,60,662,medium,approved,58702,atm,true,50
app_20250112_00001385,2025-01-12 01:58:38,cust_8352729,GRRE,cash_loan,21539,18,636,medium,approved,21539,partner,false,563
app_20250112_00001386,2025-01-12 23:01:05,cust_5359520,ATVI,credit_card,22052,12,716,low,approved,22052,branch,false,837
app_20250112_00001387,2025-01-12 10:00:47,cust_3673960,PLWA,cash_loan,49383,18,666,medium,approved,49383,call_center,false,560
app_20250112_00001388,2025-01-12 23:04:46,cust_1222966,CZPR,credit_card,27437,24,765,low,approved,27437,branch,false,518
app_20250112_00001389,2025-01-12 10:44:47,cust_9183932,NLAM,cash_loan,30958,18,722,low,approved,30958,mobile,false,293
app_20250112_00001390,2025-01-12 02:44:36,cust_1092296,ITMI,auto_loan,54475,48,428,high,rejected,0,mobile,true,46
app_20250112_00001391,2025-01-12 18:26:17,cust_5809272,GRRE,credit_card,8129,48,700,low,approved,8129,call_center,true,240
app_20250112_00001392,2025-01-12 14:10:59,cust_8750490,GRRE,education_loan,4112,36,508,medium,rejected,0,call_center,false,26
app_20250112_00001393,2025-01-12 17:05:53,cust_8328936,ITMI,mortgage,99737,180,740,low,approved,99737,atm,false,547
app_20250112_00001394,2025-01-12 15:59:19,cust_9313363,SESV,cash_loan,1733,24,785,low,approved,1733,mobile,true,485
app_20250112_00001395,2025-01-12 01:58:01,cust_4490170,ATVI,credit_card,27603,36,646,medium,approved,27603,mobile_app,true,721
app_20250112_00001396,2025-01-12 14:40:21,cust_3962338,NLAM,mortgage,445231,120,826,low,approved,445231,call_center,true,362
app_20250112_00001397,2025-01-12 00:37:51,cust_8685836,UKLO,mortgage,484237,240,656,medium,approved,484237,branch,true,31
app_20250112_00001398,2025-01-12 03:12:13,cust_6031439,NLAM,credit_card,28863,24,850,low,approved,28863,web,true,721
app_20250112_00001399,2025-01-12 10:47:24,cust_5152065,CHBE,personal_loan,22063,18,652,medium,approved,22063,branch,false,832
app_20250112_00001400,2025-01-12 15:59:58,cust_6520420,UKLO,refinance,348768,360,722,low,approved,348768,mobile_app,true,84
app_20250112_00001401,2025-01-12 07:43:18,cust_3663773,UKLO,refinance,197423,240,688,medium,rejected,0,branch,false,123
app_20250112_00001402,2025-01-12 01:41:21,cust_2055531,PORP,refinance,357096,120,676,medium,approved,357096,web,true,130
app_20250112_00001403,2025-01-12 23:03:21,cust_5156496,ESMA,credit_card,39133,48,673,medium,approved,39133,branch,true,326
app_20250112_00001404,2025-01-12 14:47:38,cust_5568118,BENL,refinance,322120,360,677,medium,approved,322120,mobile,false,672
app_20250112_00001405,2025-01-12 06:47:06,cust_6086369,UKLO,credit_card,7140,12,614,medium,approved,7140,partner,true,778
app_20250112_00001406,2025-01-12 22:41:54,cust_4254475,CHBE,education_loan,23163,60,446,high,rejected,0,atm,true,163
app_20250112_00001407,2025-01-12 14:26:44,cust_212545,SESV,business_loan,16660,36,771,low,approved,16660,call_center,false,705
app_20250112_00001408,2025-01-12 13:23:16,cust_1611337,ITMI,mortgage,70019,300,471,high,rejected,0,mobile,false,74
app_20250112_00001409,2025-01-12 08:14:56,cust_4126727,BENL,credit_card,37848,48,648,medium,approved,37848,partner,true,528
app_20250112_00001410,2025-01-12 23:06:04,cust_4820687,CZPR,refinance,266760,240,641,medium,approved,266760,call_center,false,365
app_20250112_00001411,2025-01-12 20:36:45,cust_5331938,ATVI,refinance,476493,180,715,low,approved,476493,mobile_app,true,315
app_20250112_00001412,2025-01-12 05:14:50,cust_9456683,AUTR,auto_loan,20119,24,618,medium,approved,20119,online_banking,true,427
app_20250112_00001413,2025-01-12 01:46:31,cust_7992854,CZPR,personal_loan,25598,18,729,low,approved,25598,call_center,false,585
app_20250112_00001414,2025-01-12 11:32:46,cust_1137505,DEHE,auto_loan,32042,24,504,medium,rejected,0,mobile_app,false,109
app_20250112_00001415,2025-01-12 15:40:13,cust_2170053,AUTR,personal_loan,3925,18,796,low,approved,3925,partner,true,308
app_20250112_00001416,2025-01-12 00:30:35,cust_5092554,AUTR,refinance,133833,180,641,medium,rejected,0,atm,true,94
app_20250112_00001417,2025-01-12 01:55:58,cust_8665966,DEHE,credit_card,39871,36,701,low,approved,39871,mobile_app,true,812
app_20250112_00001418,2025-01-12 14:49:18,cust_818752,ESMA,education_loan,26303,48,758,low,approved,26303,online_banking,false,553
app_20250112_00001419,2025-01-12 12:00:22,cust_7070612,CHBE,credit_card,32968,36,735,low,approved,32968,branch,true,561
app_20250112_00001420,2025-01-12 00:56:36,cust_7665443,BENL,personal_loan,5834,36,740,low,approved,5834,mobile_app,false,858
app_20250112_00001421,2025-01-12 02:29:05,cust_8397443,AUTR,credit_card,26868,30,574,medium,approved,26868,branch,true,528
app_20250112_00001422,2025-01-12 23:57:19,cust_1535448,CZPR,refinance,304544,240,645,medium,rejected,0,partner,false,128
app_20250112_00001423,2025-01-12 06:40:55,cust_7660994,BENL,cash_loan,16767,36,599,medium,rejected,0,atm,false,52
app_20250112_00001424,2025-01-12 21:20:21,cust_5007197,ITMI,credit_card,39247,42,509,medium,rejected,0,online_banking,true,176
app_20250112_00001425,2025-01-12 04:16:13,cust_7594008,DEHE,auto_loan,7836,72,645,medium,approved,7836,mobile_app,false,812
app_20250112_00001426,2025-01-12 20:27:07,cust_5378992,PLWA,credit_card,16077,30,618,medium,rejected,0,partner,false,147
app_20250112_00001427,2025-01-12 00:35:51,cust_7716560,CHBE,cash_loan,49211,18,850,low,approved,49211,partner,true,577
app_20250112_00001428,2025-01-12 17:22:25,cust_8964528,SESV,refinance,62928,180,649,medium,rejected,0,branch,false,64
app_20250112_00001429,2025-01-12 21:28:25,cust_8745485,ESMA,refinance,289505,360,832,low,approved,289505,online_banking,false,581
app_20250112_00001430,2025-01-12 19:22:39,cust_6561485,SESV,personal_loan,23136,48,579,medium,approved,23136,mobile_app,false,347
app_20250112_00001431,2025-01-12 07:31:01,cust_6793227,SESV,personal_loan,45271,48,584,medium,rejected,0,online_banking,false,87
app_20250112_00001432,2025-01-12 11:04:07,cust_7157720,SESV,auto_loan,40441,72,582,medium,rejected,0,web,true,164
app_20250112_00001433,2025-01-12 15:12:00,cust_1830682,BENL,mortgage,445637,360,709,low,approved,445637,call_center,true,828
app_20250112_00001434,2025-01-12 03:15:04,cust_6407977,SESV,auto_loan,13142,72,655,medium,approved,13142,call_center,true,46
app_20250112_00001435,2025-01-12 03:09:01,cust_4813622,SESV,refinance,426966,360,433,high,rejected,0,online_banking,false,12
app_20250112_00001436,2025-01-12 16:35:04,cust_571359,ITMI,cash_loan,1247,36,704,low,approved,1247,mobile_app,false,119
app_20250112_00001437,2025-01-12 06:55:32,cust_1159159,ESMA,personal_loan,7442,24,677,medium,approved,7442,call_center,false,876
app_20250112_00001438,2025-01-12 03:26:59,cust_809997,BENL,auto_loan,22412,24,672,medium,rejected,0,branch,false,90
app_20250112_00001439,2025-01-12 21:50:45,cust_7055693,CZPR,cash_loan,17259,24,711,low,approved,17259,branch,true,838
app_20250112_00001440,2025-01-12 16:07:22,cust_3630318,PLWA,education_loan,27308,60,675,medium,rejected,0,online_banking,false,156
app_20250112_00001441,2025-01-12 06:42:06,cust_5086215,UKLO,business_loan,23532,24,725,low,approved,23532,partner,true,143
app_20250112_00001442,2025-01-12 01:55:26,cust_4901302,ATVI,credit_card,28116,18,674,medium,approved,28116,mobile,true,412
app_20250112_00001443,2025-01-12 19:13:01,cust_2909123,GRRE,auto_loan,47855,48,659,medium,approved,47855,web,false,594
app_20250112_00001444,2025-01-12 05:57:01,cust_3996876,NLAM,cash_loan,47349,42,743,low,approved,47349,web,true,469
app_20250112_00001445,2025-01-12 01:39:13,cust_7534329,CHBE,refinance,433172,300,441,high,rejected,0,online_banking,false,137
app_20250112_00001446,2025-01-12 20:45:29,cust_159310,AUTR,education_loan,30532,48,653,medium,approved,30532,web,true,796
app_20250112_00001447,2025-01-12 12:44:08,cust_1509975,AUTR,auto_loan,21450,60,815,low,approved,21450,online_banking,false,700
app_20250112_00001448,2025-01-12 18:36:49,cust_8324526,AUTR,education_loan,39877,48,519,medium,rejected,0,online_banking,true,173
app_20250112_00001449,2025-01-12 08:48:18,cust_9079047,ATVI,personal_loan,29475,36,672,medium,approved,29475,online_banking,true,65
app_20250112_00001450,2025-01-12 06:07:14,cust_7663056,BENL,education_loan,15589,12,649,medium,rejected,0,web,true,43
app_20250112_00001451,2025-01-12 13:59:07,cust_8598864,ITMI,business_loan,25698,24,635,medium,rejected,0,mobile_app,true,90
app_20250112_00001452,2025-01-12 06:00:27,cust_4882826,DEHE,cash_loan,39969,30,604,medium,rejected,0,web,true,92
app_20250112_00001453,2025-01-12 14:37:08,cust_7878645,FRID,cash_loan,7559,36,744,low,approved,7559,online_banking,false,636
app_20250112_00001454,2025-01-12 03:11:40,cust_2926635,ITMI,personal_loan,7126,18,633,medium,approved,7126,web,true,245
app_20250112_00001455,2025-01-12 01:06:14,cust_4681131,AUTR,personal_loan,30987,18,723,low,approved,30987,atm,false,772
app_20250112_00001456,2025-01-12 19:50:04,cust_7161862,BENL,cash_loan,22118,42,544,medium,rejected,0,online_banking,false,10
app_20250112_00001457,2025-01-12 09:37:52,cust_9168541,PLWA,credit_card,32973,12,654,medium,approved,32973,mobile,false,790
app_20250112_00001458,2025-01-12 22:12:53,cust_4350272,UKLO,business_loan,4927,12,477,high,rejected,0,atm,true,88
app_20250112_00001459,2025-01-12 08:12:34,cust_3096799,ITMI,education_loan,28844,60,615,medium,approved,28844,partner,true,621
app_20250112_00001460,2025-01-12 04:14:45,cust_1259120,ESMA,mortgage,336546,360,544,medium,rejected,0,branch,false,43
app_20250112_00001461,2025-01-12 10:06:32,cust_7385519,PORP,refinance,383132,300,738,low,rejected,0,branch,false,85
app_20250112_00001462,2025-01-12 05:56:46,cust_5742728,PLWA,personal_loan,23210,42,471,high,rejected,0,branch,false,127
app_20250112_00001463,2025-01-12 14:42:41,cust_7554172,NLAM,business_loan,23959,36,410,high,rejected,0,partner,false,77
app_20250112_00001464,2025-01-12 06:13:28,cust_6056557,NLAM,auto_loan,49167,48,696,medium,approved,49167,branch,false,876
app_20250112_00001465,2025-01-12 16:20:41,cust_1576915,ESMA,education_loan,39267,48,562,medium,approved,39267,mobile_app,false,116
app_20250112_00001466,2025-01-12 09:00:31,cust_5207286,ATVI,business_loan,32019,24,609,medium,rejected,0,branch,true,62
app_20250112_00001467,2025-01-12 20:06:22,cust_6871974,PORP,cash_loan,1488,12,552,medium,rejected,0,mobile_app,false,126
app_20250112_00001468,2025-01-12 10:30:14,cust_1219470,ATVI,education_loan,31059,60,673,medium,rejected,0,atm,false,99
app_20250112_00001469,2025-01-12 11:07:28,cust_5029007,AUTR,cash_loan,35956,36,491,high,rejected,0,call_center,false,117
app_20250112_00001470,2025-01-12 08:25:26,cust_826175,ATVI,personal_loan,7073,24,751,low,approved,7073,online_banking,false,164
app_20250112_00001471,2025-01-12 04:05:42,cust_568465,PLWA,refinance,142232,180,682,medium,rejected,0,atm,false,9
app_20250112_00001472,2025-01-12 23:52:46,cust_4789699,NLAM,personal_loan,34532,48,646,medium,approved,34532,web,true,726
app_20250112_00001473,2025-01-12 15:43:53,cust_9055509,ATVI,personal_loan,43223,18,521,medium,approved,43223,web,false,102
app_20250112_00001474,2025-01-12 08:34:47,cust_3528429,BENL,cash_loan,3589,48,693,medium,rejected,0,web,false,19
app_20250112_00001475,2025-01-12 18:22:59,cust_6264916,SESV,auto_loan,34385,72,530,medium,rejected,0,mobile_app,true,33
app_20250112_00001476,2025-01-12 18:54:11,cust_2749469,PLWA,auto_loan,46432,36,734,low,approved,46432,atm,true,779
app_20250112_00001477,2025-01-12 15:52:35,cust_662910,FRID,mortgage,361455,360,759,low,approved,361455,mobile_app,true,870
app_20250112_00001478,2025-01-12 14:36:59,cust_2596476,NLAM,education_loan,2614,24,652,medium,approved,2614,web,true,799
app_20250112_00001479,2025-01-12 19:12:52,cust_2547591,UKLO,cash_loan,45051,30,710,low,approved,45051,mobile,true,382
app_20250112_00001480,2025-01-12 14:40:19,cust_6452716,ESMA,personal_loan,8986,36,750,low,approved,8986,atm,false,577
app_20250112_00001481,2025-01-12 03:21:13,cust_6601538,CZPR,mortgage,252658,120,479,high,approved,252658,call_center,false,207
app_20250112_00001482,2025-01-12 20:01:09,cust_5378123,ITMI,cash_loan,31040,36,300,high,rejected,0,mobile,true,39
app_20250112_00001483,2025-01-12 00:37:09,cust_2862606,SESV,mortgage,461368,120,678,medium,rejected,0,mobile_app,false,89
app_20250112_00001484,2025-01-12 05:45:36,cust_4830322,SESV,refinance,409555,360,682,medium,approved,409555,branch,false,810
app_20250112_00001485,2025-01-12 02:46:54,cust_8546703,ITMI,cash_loan,41709,24,674,medium,rejected,0,web,true,86
app_20250112_00001486,2025-01-12 15:47:25,cust_941082,BENL,education_loan,14365,48,537,medium,approved,14365,mobile_app,false,446
app_20250112_00001487,2025-01-12 18:16:43,cust_2771723,DEHE,education_loan,11422,60,572,medium,rejected,0,partner,false,106
app_20250112_00001488,2025-01-12 13:42:38,cust_6477217,ESMA,credit_card,3910,24,553,medium,rejected,0,mobile,true,42
app_20250112_00001489,2025-01-12 02:17:25,cust_8411502,PORP,auto_loan,26808,48,684,medium,approved,26808,atm,true,766
app_20250112_00001490,2025-01-12 06:59:25,cust_8952194,ITMI,personal_loan,49806,42,609,medium,rejected,0,atm,false,56
app_20250112_00001491,2025-01-12 00:25:25,cust_3364357,CZPR,education_loan,34925,36,554,medium,rejected,0,branch,false,63
app_20250112_00001492,2025-01-12 23:04:11,cust_4317088,CHBE,cash_loan,10432,30,647,medium,approved,10432,atm,true,755
app_20250112_00001493,2025-01-12 01:01:51,cust_4311837,CHBE,cash_loan,44905,42,567,medium,approved,44905,mobile_app,true,839
app_20250112_00001494,2025-01-12 14:24:48,cust_9111704,FRID,education_loan,35669,48,739,low,approved,35669,atm,false,469
app_20250112_00001495,2025-01-12 22:55:12,cust_8462262,UKLO,business_loan,29022,24,683,medium,rejected,0,atm,false,83
app_20250112_00001496,2025-01-12 22:46:37,cust_1164106,BENL,mortgage,61079,300,736,low,approved,61079,web,true,479
app_20250112_00001497,2025-01-12 14:12:45,cust_3992660,SESV,education_loan,3495,24,671,medium,rejected,0,call_center,false,56
app_20250112_00001498,2025-01-12 11:11:15,cust_5966795,DEHE,mortgage,203436,120,734,low,approved,203436,online_banking,true,553
app_20250112_00001499,2025-01-12 23:27:18,cust_7023774,DEHE,cash_loan,33573,12,613,medium,rejected,0,mobile_app,true,150
app_20250112_00001500,2025-01-12 09:38:55,cust_8007462,SESV,mortgage,231514,300,752,low,approved,231514,mobile_app,false,323
app_20250112_00001501,2025-01-12 01:08:35,cust_6628239,ESMA,personal_loan,29489,24,497,high,rejected,0,web,true,93
app_20250112_00001502,2025-01-12 10:38:02,cust_5188589,UKLO,refinance,66519,300,717,low,approved,66519,partner,true,548
app_20250112_00001503,2025-01-12 03:05:14,cust_7556779,ATVI,business_loan,31476,60,769,low,approved,31476,atm,false,270
app_20250112_00001504,2025-01-12 19:07:26,cust_912512,CZPR,business_loan,27251,12,644,medium,rejected,0,partner,true,49
app_20250112_00001505,2025-01-12 16:17:11,cust_7456790,GRRE,business_loan,23421,48,698,medium,approved,23421,online_banking,true,246
app_20250112_00001506,2025-01-12 00:18:41,cust_7016531,ATVI,auto_loan,10590,24,715,low,approved,10590,atm,false,334
app_20250112_00001507,2025-01-12 04:16:47,cust_7247647,CHBE,credit_card,32414,36,648,medium,rejected,0,mobile_app,true,47
app_20250112_00001508,2025-01-12 02:54:43,cust_491782,DEHE,auto_loan,48497,60,715,low,approved,48497,mobile,false,256
app_20250112_00001509,2025-01-12 13:33:41,cust_2304178,ATVI,auto_loan,46622,36,669,medium,approved,46622,mobile,true,445
app_20250112_00001510,2025-01-12 02:04:54,cust_6804967,NLAM,cash_loan,33200,36,598,medium,rejected,0,branch,true,24
app_20250112_00001511,2025-01-12 06:02:25,cust_5639038,UKLO,auto_loan,6942,24,635,medium,approved,6942,mobile_app,false,516
app_20250112_00001512,2025-01-12 07:47:11,cust_6742221,UKLO,business_loan,22669,48,839,low,approved,22669,partner,true,502
app_20250112_00001513,2025-01-12 18:40:10,cust_763926,PLWA,refinance,403137,240,667,medium,approved,403137,online_banking,false,277
app_20250112_00001514,2025-01-12 12:21:00,cust_7296360,ESMA,personal_loan,45712,18,850,low,approved,45712,partner,true,64
app_20250112_00001515,2025-01-12 11:32:26,cust_2496738,AUTR,business_loan,6621,24,642,medium,approved,6621,call_center,false,645
app_20250112_00001516,2025-01-12 16:51:06,cust_2665409,ATVI,credit_card,16906,36,589,medium,approved,16906,branch,false,291
app_20250112_00001517,2025-01-12 05:40:27,cust_550934,PLWA,education_loan,39096,12,630,medium,approved,39096,mobile_app,true,550
app_20250112_00001518,2025-01-12 22:57:19,cust_5745941,ITMI,mortgage,201572,360,637,medium,approved,201572,mobile,true,254
app_20250112_00001519,2025-01-12 22:09:45,cust_4236777,CHBE,credit_card,2996,48,536,medium,approved,2996,mobile_app,true,628
app_20250112_00001520,2025-01-12 21:00:02,cust_8512850,PORP,education_loan,37714,24,662,medium,rejected,0,web,false,30
app_20250112_00001521,2025-01-12 01:21:54,cust_6481433,SESV,refinance,187278,360,587,medium,approved,187278,web,true,645
app_20250112_00001522,2025-01-12 02:10:48,cust_2506866,ITMI,mortgage,159036,360,663,medium,approved,159036,branch,false,480
app_20250112_00001523,2025-01-12 12:14:52,cust_436743,CHBE,mortgage,387452,300,739,low,approved,387452,mobile_app,false,652
app_20250112_00001524,2025-01-12 14:30:31,cust_1505616,ATVI,auto_loan,37936,60,666,medium,approved,37936,online_banking,false,330
app_20250112_00001525,2025-01-12 05:01:57,cust_9976789,SESV,personal_loan,14203,12,730,low,approved,14203,mobile_app,false,888
app_20250112_00001526,2025-01-12 20:26:07,cust_320870,PORP,personal_loan,1051,24,603,medium,approved,1051,branch,true,218
app_20250112_00001527,2025-01-12 23:10:42,cust_7063059,PLWA,refinance,149151,300,646,medium,approved,149151,online_banking,true,404
app_20250112_00001528,2025-01-12 20:45:16,cust_312734,FRID,education_loan,15241,36,634,medium,rejected,0,online_banking,true,89
app_20250112_00001529,2025-01-12 09:36:08,cust_8349594,SESV,mortgage,157760,120,665,medium,rejected,0,web,false,33
app_20250112_00001530,2025-01-12 11:11:40,cust_4598463,NLAM,cash_loan,47928,30,745,low,approved,47928,web,true,331
app_20250112_00001531,2025-01-12 21:46:50,cust_4299331,CHBE,refinance,322175,180,700,low,approved,322175,call_center,false,869
app_20250112_00001532,2025-01-12 16:50:43,cust_4706610,UKLO,education_loan,18758,60,690,medium,approved,18758,web,true,753
app_20250112_00001533,2025-01-12 21:25:31,cust_6612969,SESV,personal_loan,40348,30,665,medium,approved,40348,branch,true,900
app_20250112_00001534,2025-01-12 07:53:53,cust_8499525,ITMI,education_loan,29004,36,617,medium,approved,29004,web,false,867
app_20250112_00001535,2025-01-12 21:30:18,cust_7309884,ITMI,auto_loan,45312,36,594,medium,approved,45312,mobile,false,897
app_20250112_00001536,2025-01-12 11:23:53,cust_2796939,SESV,credit_card,22725,24,641,medium,approved,22725,online_banking,false,429
app_20250112_00001537,2025-01-12 18:49:56,cust_8446175,ATVI,mortgage,310698,240,676,medium,approved,310698,atm,true,772
app_20250112_00001538,2025-01-12 19:06:41,cust_7490556,AUTR,auto_loan,56802,48,665,medium,rejected,0,branch,false,100
app_20250112_00001539,2025-01-12 13:10:28,cust_9996728,SESV,refinance,216714,180,662,medium,approved,216714,branch,true,689
app_20250112_00001540,2025-01-12 17:35:43,cust_5499085,GRRE,auto_loan,14626,36,494,high,approved,14626,web,true,883
app_20250112_00001541,2025-01-12 10:51:29,cust_6674487,PLWA,education_loan,33480,12,640,medium,approved,33480,online_banking,true,141
app_20250112_00001542,2025-01-12 10:31:58,cust_3263660,FRID,education_loan,6656,36,437,high,rejected,0,branch,true,59
app_20250112_00001543,2025-01-12 12:09:58,cust_899488,GRRE,personal_loan,21861,24,559,medium,rejected,0,call_center,false,161
app_20250112_00001544,2025-01-12 14:20:21,cust_286906,FRID,auto_loan,27307,48,723,low,approved,27307,atm,false,818
app_20250112_00001545,2025-01-12 00:43:36,cust_9307734,FRID,cash_loan,2552,24,545,medium,rejected,0,partner,false,17
app_20250112_00001546,2025-01-12 06:38:34,cust_3420604,PORP,credit_card,38068,30,603,medium,approved,38068,mobile_app,true,223
app_20250112_00001547,2025-01-12 07:33:41,cust_4811852,FRID,credit_card,46109,12,749,low,rejected,0,branch,true,107
app_20250112_00001548,2025-01-12 06:38:08,cust_5038634,NLAM,mortgage,470735,240,733,low,rejected,0,atm,false,177
app_20250112_00001549,2025-01-12 19:03:38,cust_3602013,NLAM,cash_loan,25265,30,662,medium,approved,25265,mobile_app,false,634
app_20250112_00001550,2025-01-12 06:30:14,cust_4698740,SESV,business_loan,26787,36,471,high,rejected,0,mobile_app,true,174
app_20250112_00001551,2025-01-12 09:28:53,cust_1236945,NLAM,credit_card,11435,12,750,low,approved,11435,call_center,true,868
app_20250112_00001552,2025-01-12 16:13:56,cust_1998682,SESV,credit_card,26790,18,736,low,approved,26790,mobile_app,false,258
app_20250112_00001553,2025-01-12 11:36:09,cust_4892705,AUTR,education_loan,29708,60,680,medium,approved,29708,call_center,true,548
app_20250112_00001554,2025-01-12 03:24:52,cust_7498814,GRRE,personal_loan,34457,18,629,medium,approved,34457,branch,false,633
app_20250112_00001555,2025-01-12 20:41:53,cust_4826995,UKLO,auto_loan,7735,72,669,medium,approved,7735,partner,true,389
app_20250112_00001556,2025-01-12 21:54:47,cust_2375626,NLAM,education_loan,6710,36,566,medium,rejected,0,mobile,true,174
app_20250112_00001557,2025-01-12 10:35:09,cust_8411170,BENL,refinance,287161,360,565,medium,rejected,0,web,true,14
app_20250112_00001558,2025-01-12 07:03:34,cust_7781654,NLAM,business_loan,34423,24,489,high,rejected,0,mobile_app,false,144
app_20250112_00001559,2025-01-12 16:50:51,cust_9629885,ATVI,refinance,475883,240,691,medium,approved,475883,partner,false,854
app_20250112_00001560,2025-01-12 10:59:34,cust_4839246,ITMI,mortgage,355392,180,776,low,approved,355392,mobile,true,81
app_20250112_00001561,2025-01-12 05:42:56,cust_341352,PORP,personal_loan,3143,12,624,medium,rejected,0,partner,false,100
app_20250112_00001562,2025-01-12 15:07:38,cust_1583220,ESMA,mortgage,279335,300,776,low,approved,279335,atm,true,590
app_20250112_00001563,2025-01-12 05:52:07,cust_8364526,SESV,cash_loan,21108,36,753,low,approved,21108,atm,false,126
app_20250112_00001564,2025-01-12 09:57:07,cust_7528675,FRID,business_loan,17643,36,391,high,rejected,0,branch,false,44
app_20250112_00001565,2025-01-12 16:55:08,cust_8490039,NLAM,personal_loan,48074,18,636,medium,approved,48074,web,false,507
app_20250112_00001566,2025-01-12 14:08:12,cust_5206806,ESMA,cash_loan,1381,24,509,medium,approved,1381,mobile,true,831
app_20250112_00001567,2025-01-12 05:07:49,cust_3552554,PORP,auto_loan,53200,24,746,low,approved,53200,partner,false,267
app_20250112_00001568,2025-01-12 14:34:12,cust_4833535,ITMI,auto_loan,40406,24,565,medium,rejected,0,mobile,false,30
app_20250112_00001569,2025-01-12 23:23:07,cust_5693007,FRID,mortgage,388365,180,506,medium,rejected,0,atm,false,171
app_20250112_00001570,2025-01-12 21:08:44,cust_3427295,PLWA,education_loan,14769,48,508,medium,approved,14769,call_center,false,824
app_20250112_00001571,2025-01-12 04:10:36,cust_5365468,DEHE,auto_loan,6700,36,729,low,approved,6700,atm,false,295
app_20250112_00001572,2025-01-12 23:08:35,cust_1518326,CZPR,credit_card,33093,12,722,low,approved,33093,call_center,true,870
app_20250112_00001573,2025-01-12 21:31:07,cust_9165396,NLAM,education_loan,31781,12,850,low,approved,31781,branch,true,870
app_20250112_00001574,2025-01-12 00:54:05,cust_5844372,SESV,refinance,176201,360,613,medium,approved,176201,branch,true,649
app_20250112_00001575,2025-01-12 03:28:40,cust_2818247,CZPR,refinance,133414,300,338,high,rejected,0,branch,false,133
app_20250112_00001576,2025-01-12 17:19:21,cust_9194590,PLWA,auto_loan,24827,48,708,low,approved,24827,web,true,596
app_20250112_00001577,2025-01-12 23:29:51,cust_7699315,ESMA,refinance,55818,120,730,low,approved,55818,atm,false,320
app_20250112_00001578,2025-01-12 23:11:17,cust_4759792,FRID,business_loan,19149,12,816,low,approved,19149,mobile,true,556
app_20250112_00001579,2025-01-12 11:41:56,cust_1204317,GRRE,cash_loan,21510,18,456,high,rejected,0,call_center,false,5
app_20250112_00001580,2025-01-12 02:31:27,cust_5037179,ITMI,credit_card,20503,48,679,medium,approved,20503,partner,true,377
app_20250112_00001581,2025-01-12 20:02:03,cust_8529535,GRRE,auto_loan,24976,72,850,low,approved,24976,call_center,false,611
app_20250112_00001582,2025-01-12 07:00:15,cust_5633478,SESV,education_loan,2387,24,752,low,approved,2387,partner,true,47
app_20250112_00001583,2025-01-12 16:46:14,cust_3675714,CZPR,education_loan,11711,60,790,low,rejected,0,call_center,false,21
app_20250112_00001584,2025-01-12 04:17:41,cust_4463505,BENL,personal_loan,46993,48,745,low,approved,46993,mobile,true,722
app_20250112_00001585,2025-01-12 18:21:24,cust_6420366,PORP,cash_loan,41111,18,574,medium,approved,41111,web,false,139
app_20250112_00001586,2025-01-12 16:17:34,cust_7279386,ATVI,cash_loan,14741,18,701,low,approved,14741,branch,true,405
app_20250112_00001587,2025-01-12 14:04:30,cust_2883354,SESV,credit_card,14354,12,850,low,approved,14354,branch,true,510
app_20250112_00001588,2025-01-12 20:30:30,cust_5150741,SESV,cash_loan,24227,48,594,medium,approved,24227,call_center,true,303
app_20250112_00001589,2025-01-12 11:18:37,cust_4599833,BENL,refinance,491647,180,643,medium,rejected,0,mobile_app,true,53
app_20250112_00001590,2025-01-12 06:36:10,cust_5701817,ATVI,mortgage,313442,240,665,medium,rejected,0,online_banking,true,159
app_20250112_00001591,2025-01-12 01:03:44,cust_3001763,GRRE,refinance,362642,300,610,medium,approved,362642,partner,true,533
app_20250112_00001592,2025-01-12 17:34:08,cust_7562384,ITMI,refinance,65559,240,627,medium,approved,65559,branch,true,532
app_20250112_00001593,2025-01-12 22:48:47,cust_382852,CZPR,business_loan,2316,48,687,medium,approved,2316,online_banking,false,711
app_20250112_00001594,2025-01-12 14:49:47,cust_9393723,CHBE,refinance,474416,180,461,high,rejected,0,online_banking,false,32
app_20250112_00001595,2025-01-12 00:18:33,cust_6214952,PLWA,refinance,139880,180,795,low,approved,139880,web,false,591
app_20250112_00001596,2025-01-12 00:08:56,cust_8649020,SESV,education_loan,34640,12,552,medium,approved,34640,branch,true,606
app_20250112_00001597,2025-01-12 18:11:54,cust_5575140,ESMA,refinance,229309,240,602,medium,approved,229309,atm,true,183
app_20250112_00001598,2025-01-12 15:48:39,cust_6059906,GRRE,auto_loan,57165,60,649,medium,approved,57165,online_banking,true,802
app_20250112_00001599,2025-01-12 18:12:03,cust_1942562,FRID,cash_loan,37477,30,691,medium,approved,37477,web,false,609
app_20250112_00001600,2025-01-12 20:58:14,cust_500673,AUTR,auto_loan,19983,48,628,medium,approved,19983,web,false,691
app_20250112_00001601,2025-01-12 00:27:02,cust_9987521,PLWA,personal_loan,16607,42,499,high,rejected,0,branch,false,135
app_20250112_00001602,2025-01-12 13:16:53,cust_4933183,CZPR,credit_card,13250,48,687,medium,approved,13250,mobile,true,55
app_20250112_00001603,2025-01-12 06:56:35,cust_3860596,GRRE,personal_loan,43991,18,628,medium,approved,43991,branch,true,296
app_20250112_00001604,2025-01-12 17:51:39,cust_4027051,DEHE,auto_loan,37255,72,587,medium,rejected,0,branch,true,49
app_20250112_00001605,2025-01-12 06:03:29,cust_208451,BENL,refinance,146473,180,671,medium,approved,146473,mobile,false,459
app_20250112_00001606,2025-01-12 08:51:03,cust_1904742,SESV,auto_loan,58950,48,711,low,approved,58950,mobile,false,151
app_20250112_00001607,2025-01-12 10:32:44,cust_4295107,AUTR,mortgage,488295,240,637,medium,approved,488295,partner,true,603
app_20250112_00001608,2025-01-12 19:14:12,cust_8826914,ESMA,cash_loan,31389,24,688,medium,rejected,0,atm,true,151
app_20250112_00001609,2025-01-12 21:34:16,cust_9680087,ESMA,credit_card,22599,36,621,medium,approved,22599,online_banking,false,87
app_20250112_00001610,2025-01-12 10:42:44,cust_8481191,AUTR,education_loan,5880,48,560,medium,approved,5880,call_center,true,599
app_20250112_00001611,2025-01-12 02:30:32,cust_8429691,UKLO,refinance,129811,300,704,low,approved,129811,online_banking,true,464
app_20250112_00001612,2025-01-12 05:45:32,cust_9556767,CZPR,education_loan,11855,48,612,medium,rejected,0,branch,true,77
app_20250112_00001613,2025-01-12 11:01:15,cust_7586601,UKLO,business_loan,22181,36,460,high,rejected,0,call_center,true,110
app_20250112_00001614,2025-01-12 09:59:00,cust_7247672,GRRE,business_loan,22826,36,506,medium,rejected,0,mobile,false,31
app_20250112_00001615,2025-01-12 12:48:39,cust_5051755,CZPR,refinance,122321,360,576,medium,approved,122321,mobile_app,true,433
app_20250112_00001616,2025-01-12 20:40:49,cust_1487598,GRRE,mortgage,54910,180,737,low,approved,54910,mobile,true,447
app_20250112_00001617,2025-01-12 13:18:05,cust_7937831,DEHE,credit_card,26402,30,657,medium,approved,26402,atm,true,196
app_20250112_00001618,2025-01-12 07:44:30,cust_3166572,ITMI,education_loan,32635,12,604,medium,rejected,0,atm,true,16
app_20250112_00001619,2025-01-12 03:44:38,cust_841080,NLAM,education_loan,18621,48,576,medium,rejected,0,mobile,false,12
app_20250112_00001620,2025-01-12 02:32:28,cust_3011287,BENL,education_loan,32081,36,635,medium,approved,32081,atm,false,559
app_20250112_00001621,2025-01-12 19:14:33,cust_5559773,AUTR,cash_loan,19044,48,635,medium,approved,19044,atm,false,144
app_20250112_00001622,2025-01-12 16:17:38,cust_8044671,UKLO,credit_card,9376,42,674,medium,approved,9376,mobile,false,805
app_20250112_00001623,2025-01-12 02:18:13,cust_4164768,AUTR,education_loan,36632,36,625,medium,approved,36632,atm,false,810
app_20250112_00001624,2025-01-12 04:07:05,cust_1394495,PLWA,personal_loan,44762,36,753,low,approved,44762,call_center,false,74
app_20250112_00001625,2025-01-12 07:14:45,cust_8584635,ATVI,business_loan,26024,60,720,low,approved,26024,partner,false,866
app_20250112_00001626,2025-01-12 08:38:30,cust_5477894,GRRE,mortgage,186285,120,719,low,approved,186285,partner,false,718
app_20250112_00001627,2025-01-12 15:22:28,cust_8605510,UKLO,auto_loan,29313,72,739,low,approved,29313,online_banking,true,884
app_20250112_00001628,2025-01-12 09:25:59,cust_2141687,UKLO,business_loan,15713,12,661,medium,approved,15713,mobile,false,710
app_20250112_00001629,2025-01-12 10:28:18,cust_872737,PLWA,personal_loan,23185,30,685,medium,approved,23185,web,true,730
app_20250112_00001630,2025-01-12 16:25:48,cust_6568887,ITMI,education_loan,34951,24,643,medium,approved,34951,branch,false,77
app_20250112_00001631,2025-01-12 07:59:55,cust_4196301,PLWA,mortgage,373541,360,641,medium,rejected,0,web,false,178
app_20250112_00001632,2025-01-12 03:23:31,cust_2357288,ATVI,mortgage,411456,120,745,low,approved,411456,web,false,727
app_20250112_00001633,2025-01-12 06:12:48,cust_6332134,PLWA,mortgage,124705,180,679,medium,rejected,0,online_banking,false,52
app_20250112_00001634,2025-01-12 08:41:44,cust_3142300,ATVI,education_loan,32489,24,673,medium,approved,32489,call_center,true,496
app_20250112_00001635,2025-01-12 05:50:00,cust_3814290,PORP,credit_card,2966,36,716,low,approved,2966,call_center,true,291
app_20250112_00001636,2025-01-12 22:26:51,cust_2079515,UKLO,credit_card,6031,30,727,low,approved,6031,partner,true,821
app_20250112_00001637,2025-01-12 14:02:11,cust_2545277,PLWA,refinance,54844,120,657,medium,approved,54844,web,false,369
app_20250112_00001638,2025-01-12 14:51:08,cust_1557259,ESMA,personal_loan,40927,18,765,low,approved,40927,partner,true,143
app_20250112_00001639,2025-01-12 14:32:40,cust_9442276,PLWA,cash_loan,22693,30,536,medium,approved,22693,mobile,true,610
app_20250112_00001640,2025-01-12 18:30:50,cust_2525261,BENL,education_loan,37777,36,551,medium,rejected,0,partner,false,93
app_20250112_00001641,2025-01-12 05:57:31,cust_7003453,GRRE,auto_loan,49962,48,698,medium,rejected,0,online_banking,false,142
app_20250112_00001642,2025-01-12 15:39:44,cust_6466250,SESV,refinance,464963,360,567,medium,approved,464963,atm,true,607
app_20250112_00001643,2025-01-12 20:15:38,cust_6185928,BENL,cash_loan,23824,12,534,medium,rejected,0,branch,true,70
app_20250112_00001644,2025-01-12 02:09:50,cust_2365409,NLAM,auto_loan,33275,36,613,medium,approved,33275,partner,false,443
app_20250112_00001645,2025-01-12 16:38:01,cust_9557627,UKLO,cash_loan,36118,30,562,medium,approved,36118,mobile,true,211
app_20250112_00001646,2025-01-12 13:10:39,cust_503694,ATVI,personal_loan,33457,36,575,medium,rejected,0,partner,false,70
app_20250112_00001647,2025-01-12 20:49:11,cust_5605779,GRRE,mortgage,394141,120,475,high,rejected,0,online_banking,false,99
app_20250112_00001648,2025-01-12 17:22:37,cust_6601459,CHBE,business_loan,8652,12,558,medium,approved,8652,mobile,false,166
app_20250112_00001649,2025-01-12 18:32:56,cust_2447961,CZPR,mortgage,438679,360,587,medium,approved,438679,partner,true,176
app_20250112_00001650,2025-01-12 04:56:03,cust_6399903,SESV,education_loan,3787,24,741,low,approved,3787,partner,true,645
app_20250112_00001651,2025-01-12 05:48:01,cust_4232361,BENL,business_loan,29966,60,553,medium,approved,29966,partner,true,261
app_20250112_00001652,2025-01-12 07:51:00,cust_4170239,ATVI,refinance,371029,120,556,medium,rejected,0,web,false,48
app_20250112_00001653,2025-01-12 21:50:50,cust_801578,BENL,personal_loan,9995,12,615,medium,approved,9995,web,true,900
app_20250112_00001654,2025-01-12 01:08:05,cust_5509872,NLAM,business_loan,16334,48,849,low,approved,16334,branch,false,509
app_20250112_00001655,2025-01-12 03:24:42,cust_2025710,ITMI,business_loan,30974,48,716,low,approved,30974,online_banking,true,318
app_20250112_00001656,2025-01-12 22:55:29,cust_4402974,FRID,personal_loan,29550,42,664,medium,rejected,0,call_center,true,19
app_20250112_00001657,2025-01-12 00:34:16,cust_7179120,SESV,education_loan,37722,12,624,medium,approved,37722,branch,false,756
app_20250112_00001658,2025-01-12 06:22:20,cust_2230565,SESV,credit_card,34615,18,605,medium,approved,34615,partner,false,188
app_20250112_00001659,2025-01-12 23:49:18,cust_4979711,CZPR,mortgage,124268,120,590,medium,rejected,0,mobile_app,false,175
app_20250112_00001660,2025-01-12 08:22:13,cust_7181209,CHBE,credit_card,31051,48,453,high,approved,31051,web,true,381
app_20250112_00001661,2025-01-12 22:38:51,cust_115637,AUTR,education_loan,12965,24,511,medium,approved,12965,branch,true,85
app_20250112_00001662,2025-01-12 05:27:11,cust_8761175,AUTR,personal_loan,1393,48,768,low,approved,1393,online_banking,false,266
app_20250112_00001663,2025-01-12 20:21:27,cust_5344052,AUTR,education_loan,11145,12,584,medium,approved,11145,call_center,true,701
app_20250112_00001664,2025-01-12 22:11:46,cust_3496602,SESV,business_loan,5001,48,712,low,approved,5001,call_center,false,438
app_20250112_00001665,2025-01-12 00:22:37,cust_8073463,UKLO,education_loan,4926,48,504,medium,rejected,0,call_center,true,56
app_20250112_00001666,2025-01-12 12:29:54,cust_4496437,BENL,business_loan,12762,60,774,low,approved,12762,mobile_app,false,499
app_20250112_00001667,2025-01-12 13:05:32,cust_8364417,UKLO,business_loan,30935,36,493,high,rejected,0,mobile,false,144
app_20250112_00001668,2025-01-12 10:28:13,cust_3582190,PLWA,mortgage,316198,180,783,low,approved,316198,call_center,true,497
app_20250112_00001669,2025-01-12 19:44:33,cust_8869995,CHBE,credit_card,13432,30,559,medium,approved,13432,web,false,371
app_20250112_00001670,2025-01-12 15:01:22,cust_5939956,ATVI,cash_loan,41003,36,652,medium,rejected,0,web,true,116
app_20250112_00001671,2025-01-12 18:36:35,cust_1583881,UKLO,education_loan,17238,48,675,medium,rejected,0,call_center,false,126
app_20250112_00001672,2025-01-12 01:34:27,cust_6846868,ITMI,personal_loan,3967,30,709,low,approved,3967,mobile,false,799
app_20250112_00001673,2025-01-12 13:19:13,cust_4123860,FRID,education_loan,29253,24,632,medium,approved,29253,mobile,true,899
app_20250112_00001674,2025-01-12 23:48:48,cust_3091821,PORP,refinance,425397,240,659,medium,rejected,0,branch,true,106
app_20250112_00001675,2025-01-12 15:30:17,cust_2144655,UKLO,cash_loan,28095,42,697,medium,rejected,0,call_center,true,152
app_20250112_00001676,2025-01-12 13:32:03,cust_1900073,NLAM,business_loan,16776,24,583,medium,approved,16776,partner,true,604
app_20250112_00001677,2025-01-12 02:26:39,cust_3858852,PLWA,business_loan,5960,36,651,medium,approved,5960,web,true,796
app_20250112_00001678,2025-01-12 02:30:30,cust_2466500,DEHE,credit_card,2210,48,527,medium,approved,2210,online_banking,false,843
app_20250112_00001679,2025-01-12 09:49:20,cust_7055443,FRID,mortgage,196117,180,689,medium,approved,196117,call_center,true,282
app_20250112_00001680,2025-01-12 04:28:27,cust_5155733,SESV,education_loan,23603,36,583,medium,approved,23603,online_banking,false,606
app_20250112_00001681,2025-01-12 11:24:17,cust_9900274,CHBE,business_loan,35880,36,850,low,approved,35880,branch,false,533
app_20250112_00001682,2025-01-12 08:28:00,cust_9824255,CHBE,personal_loan,19697,18,603,medium,approved,19697,mobile_app,false,702
app_20250112_00001683,2025-01-12 07:01:54,cust_3948644,UKLO,credit_card,45399,42,484,high,rejected,0,mobile,false,28
app_20250112_00001684,2025-01-12 04:56:18,cust_5284438,CHBE,credit_card,32612,12,730,low,approved,32612,partner,true,88
app_20250112_00001685,2025-01-12 09:44:18,cust_9337331,NLAM,auto_loan,5015,60,696,medium,approved,5015,call_center,true,76
app_20250112_00001686,2025-01-12 18:55:02,cust_6896504,PORP,mortgage,258158,240,767,low,approved,258158,branch,false,379
app_20250112_00001687,2025-01-12 12:58:27,cust_311368,GRRE,refinance,450063,360,702,low,approved,450063,call_center,true,738
app_20250112_00001688,2025-01-12 11:22:48,cust_5354364,ESMA,education_loan,6047,24,630,medium,approved,6047,mobile,true,512
app_20250112_00001689,2025-01-12 00:16:36,cust_9858894,PORP,credit_card,3868,24,662,medium,approved,3868,branch,true,305
app_20250112_00001690,2025-01-12 12:15:22,cust_2974885,CZPR,refinance,64022,360,738,low,approved,64022,online_banking,true,89
app_20250112_00001691,2025-01-12 01:18:50,cust_429752,AUTR,mortgage,316897,240,565,medium,rejected,0,partner,true,11
app_20250112_00001692,2025-01-12 18:15:04,cust_4770448,FRID,auto_loan,26896,60,497,high,rejected,0,atm,true,46
app_20250112_00001693,2025-01-12 17:57:33,cust_8767465,GRRE,mortgage,278117,120,611,medium,approved,278117,mobile_app,true,462
app_20250112_00001694,2025-01-12 12:15:21,cust_2523510,SESV,personal_loan,43814,18,660,medium,rejected,0,mobile,false,52
app_20250112_00001695,2025-01-12 04:35:58,cust_7227494,DEHE,education_loan,2597,48,544,medium,approved,2597,atm,false,365
app_20250112_00001696,2025-01-12 23:39:16,cust_8481938,CHBE,business_loan,22315,24,721,low,approved,22315,mobile_app,false,347
app_20250112_00001697,2025-01-12 20:18:14,cust_7401701,PLWA,personal_loan,26156,12,689,medium,approved,26156,mobile_app,false,138
app_20250112_00001698,2025-01-12 12:41:26,cust_5547500,ESMA,business_loan,28473,60,545,medium,approved,28473,branch,true,96
app_20250112_00001699,2025-01-12 16:53:29,cust_2440337,SESV,auto_loan,9961,60,640,medium,rejected,0,partner,true,106
app_20250112_00001700,2025-01-12 22:25:26,cust_3094989,NLAM,mortgage,186033,360,678,medium,approved,186033,mobile_app,false,113
app_20250112_00001701,2025-01-12 08:16:27,cust_3328108,ATVI,auto_loan,35076,72,694,medium,approved,35076,online_banking,false,760
app_20250112_00001702,2025-01-12 02:38:12,cust_2949556,DEHE,personal_loan,5260,48,633,medium,rejected,0,call_center,false,70
app_20250112_00001703,2025-01-12 01:21:22,cust_598023,NLAM,mortgage,244156,240,520,medium,approved,244156,online_banking,false,872
app_20250112_00001704,2025-01-12 01:47:01,cust_3487278,CHBE,refinance,282289,120,659,medium,approved,282289,call_center,true,519
app_20250112_00001705,2025-01-12 10:37:30,cust_3653781,DEHE,education_loan,9988,60,666,medium,approved,9988,branch,true,837
app_20250112_00001706,2025-01-12 06:05:59,cust_9498849,ITMI,business_loan,35759,36,824,low,approved,35759,online_banking,false,562
app_20250112_00001707,2025-01-12 14:30:37,cust_3505436,UKLO,mortgage,90298,360,676,medium,approved,90298,atm,true,780
app_20250112_00001708,2025-01-12 01:15:26,cust_4685834,PLWA,auto_loan,39348,60,481,high,rejected,0,atm,false,175
app_20250112_00001709,2025-01-12 08:39:34,cust_8140653,NLAM,cash_loan,15789,42,805,low,approved,15789,online_banking,true,108
app_20250112_00001710,2025-01-12 07:50:57,cust_4110633,BENL,credit_card,12919,48,683,medium,rejected,0,online_banking,false,171
app_20250112_00001711,2025-01-12 13:35:40,cust_6418237,UKLO,cash_loan,35990,48,738,low,approved,35990,partner,false,436
app_20250112_00001712,2025-01-12 15:16:20,cust_7095244,SESV,cash_loan,42045,42,663,medium,approved,42045,web,true,85
app_20250112_00001713,2025-01-12 06:13:25,cust_2318369,CHBE,credit_card,22410,24,460,high,rejected,0,atm,false,81
app_20250112_00001714,2025-01-12 12:52:53,cust_277610,AUTR,education_loan,29509,48,757,low,approved,29509,partner,false,621
app_20250112_00001715,2025-01-12 17:01:30,cust_6871426,UKLO,credit_card,30597,36,574,medium,rejected,0,mobile,true,36
app_20250112_00001716,2025-01-12 00:35:43,cust_5138400,DEHE,personal_loan,38367,42,697,medium,approved,38367,partner,false,634
app_20250112_00001717,2025-01-12 18:18:20,cust_5025866,GRRE,personal_loan,38282,42,534,medium,approved,38282,branch,true,805
app_20250112_00001718,2025-01-12 13:33:51,cust_9444657,CHBE,credit_card,13041,42,674,medium,rejected,0,call_center,false,59
app_20250112_00001719,2025-01-12 02:08:19,cust_9351978,GRRE,business_loan,24339,12,509,medium,approved,24339,web,false,696
app_20250112_00001720,2025-01-12 14:15:16,cust_3904947,SESV,credit_card,30179,18,487,high,approved,30179,mobile,true,526
app_20250112_00001721,2025-01-12 14:53:27,cust_571379,GRRE,cash_loan,10528,30,737,low,approved,10528,online_banking,true,350
app_20250112_00001722,2025-01-12 13:56:26,cust_5975335,ATVI,auto_loan,49829,24,642,medium,approved,49829,online_banking,false,158
app_20250112_00001723,2025-01-12 06:09:47,cust_7295252,AUTR,credit_card,27523,30,582,medium,rejected,0,partner,false,122
app_20250112_00001724,2025-01-12 15:34:37,cust_899260,CZPR,business_loan,2253,12,827,low,approved,2253,atm,true,633
app_20250112_00001725,2025-01-12 12:04:27,cust_2290996,ITMI,mortgage,114318,360,742,low,approved,114318,web,false,897
app_20250112_00001726,2025-01-12 19:21:11,cust_6902879,CHBE,personal_loan,14040,12,645,medium,approved,14040,mobile,false,532
app_20250112_00001727,2025-01-12 20:54:35,cust_7784481,FRID,mortgage,219431,120,646,medium,approved,219431,online_banking,false,416
app_20250112_00001728,2025-01-12 02:25:27,cust_3466480,CZPR,auto_loan,23954,60,634,medium,rejected,0,web,true,81
app_20250112_00001729,2025-01-12 18:45:57,cust_718980,CZPR,business_loan,4896,24,665,medium,approved,4896,mobile,true,252
app_20250112_00001730,2025-01-12 22:33:44,cust_3320915,PORP,business_loan,39252,60,506,medium,approved,39252,web,true,691
app_20250112_00001731,2025-01-12 07:18:25,cust_8517569,GRRE,credit_card,13316,36,638,medium,approved,13316,atm,true,237
app_20250112_00001732,2025-01-12 21:26:29,cust_9254247,CZPR,mortgage,114888,360,850,low,approved,114888,call_center,false,178
app_20250112_00001733,2025-01-12 16:27:18,cust_7371302,CZPR,education_loan,23460,36,552,medium,rejected,0,online_banking,false,76
app_20250112_00001734,2025-01-12 21:57:41,cust_3582049,UKLO,credit_card,3285,18,644,medium,approved,3285,mobile,true,609
app_20250112_00001735,2025-01-12 10:51:19,cust_1984236,ATVI,personal_loan,22522,48,632,medium,approved,22522,web,true,108
app_20250112_00001736,2025-01-12 05:14:17,cust_6162099,NLAM,refinance,183633,300,466,high,rejected,0,call_center,true,114
app_20250112_00001737,2025-01-12 05:19:59,cust_2223133,UKLO,credit_card,49704,18,691,medium,rejected,0,online_banking,true,162
app_20250112_00001738,2025-01-12 10:16:12,cust_8680756,PORP,credit_card,19107,18,850,low,approved,19107,mobile_app,false,355
app_20250112_00001739,2025-01-12 15:25:04,cust_4718909,UKLO,mortgage,167053,180,533,medium,approved,167053,atm,false,308
app_20250112_00001740,2025-01-12 10:42:06,cust_8997456,ATVI,auto_loan,5228,72,631,medium,rejected,0,atm,true,112
app_20250112_00001741,2025-01-12 08:20:10,cust_6207803,FRID,education_loan,15960,48,639,medium,rejected,0,mobile,true,136
app_20250112_00001742,2025-01-12 03:06:04,cust_3725564,PLWA,refinance,315812,240,747,low,approved,315812,web,false,642
app_20250112_00001743,2025-01-12 09:44:45,cust_6104224,PORP,personal_loan,43454,30,705,low,rejected,0,partner,false,88
app_20250112_00001744,2025-01-12 18:09:02,cust_4160553,AUTR,mortgage,221841,360,668,medium,approved,221841,partner,true,759
app_20250112_00001745,2025-01-12 03:57:59,cust_3118267,AUTR,education_loan,16263,36,671,medium,approved,16263,web,false,220
app_20250112_00001746,2025-01-12 13:24:37,cust_6282586,ITMI,credit_card,2979,18,499,high,rejected,0,web,false,173
app_20250112_00001747,2025-01-12 10:46:10,cust_4680562,AUTR,education_loan,35663,48,612,medium,approved,35663,web,true,785
app_20250112_00001748,2025-01-12 18:00:07,cust_9470858,BENL,credit_card,28191,42,815,low,approved,28191,mobile,false,621
app_20250112_00001749,2025-01-12 15:45:42,cust_3299849,NLAM,mortgage,125095,120,484,high,rejected,0,atm,false,6
app_20250112_00001750,2025-01-12 00:50:07,cust_9791471,AUTR,auto_loan,20907,72,674,medium,approved,20907,branch,true,451
app_20250112_00001751,2025-01-12 15:55:58,cust_785471,BENL,business_loan,4900,24,662,medium,approved,4900,branch,false,645
app_20250112_00001752,2025-01-12 09:35:32,cust_2216816,DEHE,auto_loan,18575,24,575,medium,approved,18575,partner,true,666
app_20250112_00001753,2025-01-12 08:10:45,cust_3522323,NLAM,business_loan,18514,24,638,medium,rejected,0,partner,true,26
app_20250112_00001754,2025-01-12 20:17:31,cust_8403753,NLAM,auto_loan,24962,60,629,medium,approved,24962,branch,false,837
app_20250112_00001755,2025-01-12 08:23:53,cust_7072687,CZPR,refinance,425544,360,439,high,rejected,0,atm,true,152
app_20250112_00001756,2025-01-12 10:48:20,cust_6759352,BENL,mortgage,64213,300,464,high,rejected,0,branch,true,158
app_20250112_00001757,2025-01-12 00:44:58,cust_8110872,PORP,auto_loan,8236,48,785,low,rejected,0,online_banking,true,46
app_20250112_00001758,2025-01-12 21:04:05,cust_5940595,PORP,business_loan,29321,12,599,medium,approved,29321,web,true,373
app_20250112_00001759,2025-01-12 20:02:23,cust_3043768,SESV,cash_loan,8024,48,749,low,approved,8024,partner,true,83
app_20250112_00001760,2025-01-12 05:38:34,cust_8247598,AUTR,auto_loan,34158,24,624,medium,rejected,0,online_banking,false,70
app_20250112_00001761,2025-01-12 15:14:00,cust_6942017,FRID,personal_loan,18578,30,594,medium,rejected,0,web,true,163
app_20250112_00001762,2025-01-12 18:48:40,cust_5094730,AUTR,business_loan,10652,36,560,medium,approved,10652,partner,true,279
app_20250112_00001763,2025-01-12 15:44:27,cust_1565884,PLWA,credit_card,30319,30,850,low,approved,30319,online_banking,true,849
app_20250112_00001764,2025-01-12 09:57:20,cust_7686348,BENL,personal_loan,34277,30,696,medium,rejected,0,atm,false,175
app_20250112_00001765,2025-01-12 05:46:10,cust_4958557,PLWA,mortgage,451159,240,719,low,approved,451159,mobile,false,763
app_20250112_00001766,2025-01-12 21:17:38,cust_504454,NLAM,auto_loan,18763,36,618,medium,rejected,0,partner,true,130
app_20250112_00001767,2025-01-12 00:16:15,cust_664180,ITMI,auto_loan,54953,24,689,medium,rejected,0,partner,true,108
app_20250112_00001768,2025-01-12 21:28:25,cust_2660399,ITMI,credit_card,49220,48,736,low,approved,49220,atm,true,774
app_20250112_00001769,2025-01-12 02:05:18,cust_5138435,ESMA,refinance,139860,240,660,medium,rejected,0,web,true,94
app_20250112_00001770,2025-01-12 06:28:16,cust_9031412,UKLO,credit_card,29567,24,598,medium,rejected,0,partner,false,166
app_20250112_00001771,2025-01-12 12:45:56,cust_4339508,CHBE,credit_card,7755,48,735,low,approved,7755,mobile,false,552
app_20250112_00001772,2025-01-12 01:00:48,cust_7165250,CHBE,personal_loan,26448,18,621,medium,approved,26448,web,true,401
app_20250112_00001773,2025-01-12 02:48:32,cust_6784956,UKLO,refinance,446145,240,616,medium,rejected,0,mobile_app,true,24
app_20250112_00001774,2025-01-12 00:45:49,cust_3746111,CZPR,business_loan,13723,60,480,high,approved,13723,online_banking,false,395
app_20250112_00001775,2025-01-12 14:23:16,cust_9943034,ESMA,cash_loan,9513,48,623,medium,approved,9513,call_center,true,299
app_20250112_00001776,2025-01-12 08:06:17,cust_4753813,FRID,cash_loan,28439,18,642,medium,approved,28439,branch,true,496
app_20250112_00001777,2025-01-12 22:35:59,cust_7743106,DEHE,business_loan,30389,36,724,low,approved,30389,web,false,302
app_20250112_00001778,2025-01-12 04:17:12,cust_9053535,ATVI,education_loan,18698,60,610,medium,approved,18698,partner,false,130
app_20250112_00001779,2025-01-12 12:53:19,cust_5609959,PORP,personal_loan,27143,42,749,low,approved,27143,partner,true,150
app_20250112_00001780,2025-01-12 16:12:01,cust_3712699,ESMA,credit_card,11958,42,764,low,approved,11958,mobile,false,409
app_20250112_00001781,2025-01-12 20:32:50,cust_9216643,CZPR,personal_loan,26641,36,743,low,approved,26641,online_banking,false,606
app_20250112_00001782,2025-01-12 16:10:15,cust_7794614,PORP,business_loan,2442,24,508,medium,approved,2442,call_center,true,198
app_20250112_00001783,2025-01-12 09:04:23,cust_8882006,NLAM,cash_loan,2194,12,749,low,approved,2194,call_center,false,129
app_20250112_00001784,2025-01-12 20:44:29,cust_7542725,ESMA,refinance,444265,360,729,low,approved,444265,atm,true,746
app_20250112_00001785,2025-01-12 03:15:14,cust_8680191,ITMI,business_loan,6936,36,653,medium,rejected,0,branch,false,167
app_20250112_00001786,2025-01-12 00:32:13,cust_1182259,ITMI,auto_loan,48253,36,451,high,rejected,0,online_banking,true,123
app_20250112_00001787,2025-01-12 00:56:23,cust_6518522,ITMI,personal_loan,46105,48,683,medium,approved,46105,branch,false,705
app_20250112_00001788,2025-01-12 21:44:10,cust_8656504,CHBE,credit_card,48520,18,674,medium,approved,48520,online_banking,false,59
app_20250112_00001789,2025-01-12 19:14:30,cust_1222569,PLWA,mortgage,405703,120,740,low,approved,405703,online_banking,false,271
app_20250112_00001790,2025-01-12 09:23:28,cust_1458515,CZPR,education_loan,18169,36,631,medium,approved,18169,mobile,false,39
app_20250112_00001791,2025-01-12 07:26:40,cust_9997753,BENL,business_loan,28548,48,773,low,approved,28548,mobile_app,true,879
app_20250112_00001792,2025-01-12 06:41:34,cust_8090459,NLAM,education_loan,12433,24,630,medium,rejected,0,partner,true,155
app_20250112_00001793,2025-01-12 09:42:03,cust_7432947,BENL,credit_card,22491,36,593,medium,rejected,0,online_banking,false,89
app_20250112_00001794,2025-01-12 03:19:02,cust_6409072,ATVI,business_loan,26882,60,597,medium,rejected,0,mobile,true,55
app_20250112_00001795,2025-01-12 05:25:22,cust_8518002,DEHE,personal_loan,11176,36,594,medium,rejected,0,web,false,100
app_20250112_00001796,2025-01-12 02:40:53,cust_1129439,DEHE,credit_card,26922,42,704,low,approved,26922,mobile,true,56
app_20250112_00001797,2025-01-12 17:41:41,cust_2058350,CHBE,refinance,111915,240,745,low,approved,111915,mobile,true,257
app_20250112_00001798,2025-01-12 15:33:14,cust_2806428,PLWA,cash_loan,10322,12,470,high,rejected,0,branch,false,51
app_20250112_00001799,2025-01-12 07:03:46,cust_9884175,GRRE,auto_loan,10469,60,490,high,rejected,0,partner,true,79
app_20250112_00001800,2025-01-12 18:06:30,cust_5441205,SESV,credit_card,15329,48,645,medium,approved,15329,mobile_app,false,673
app_20250112_00001801,2025-01-12 19:57:21,cust_440027,UKLO,business_loan,6368,60,581,medium,approved,6368,online_banking,false,760
app_20250112_00001802,2025-01-12 00:46:37,cust_7189672,ITMI,credit_card,26501,24,684,medium,rejected,0,mobile_app,false,29
app_20250112_00001803,2025-01-12 19:36:34,cust_6661006,CZPR,credit_card,6433,24,707,low,approved,6433,mobile,false,344
app_20250112_00001804,2025-01-12 20:47:33,cust_1822364,NLAM,auto_loan,15067,48,805,low,rejected,0,partner,false,138
app_20250112_00001805,2025-01-12 19:31:13,cust_7371162,BENL,refinance,256693,360,640,medium,approved,256693,mobile_app,true,787
app_20250112_00001806,2025-01-12 23:15:47,cust_4022658,PORP,credit_card,7652,18,652,medium,approved,7652,online_banking,false,846
app_20250112_00001807,2025-01-12 14:21:12,cust_2588059,UKLO,mortgage,183139,300,438,high,rejected,0,online_banking,false,32
app_20250112_00001808,2025-01-12 14:17:46,cust_6964015,NLAM,auto_loan,15957,72,660,medium,approved,15957,call_center,true,684
app_20250112_00001809,2025-01-12 02:23:02,cust_9049495,ITMI,education_loan,15885,36,636,medium,approved,15885,online_banking,false,202
app_20250112_00001810,2025-01-12 04:30:59,cust_9221331,FRID,cash_loan,17583,12,663,medium,approved,17583,online_banking,false,744
app_20250112_00001811,2025-01-12 17:52:16,cust_1474289,FRID,refinance,493555,300,666,medium,approved,493555,branch,false,452
app_20250112_00001812,2025-01-12 11:10:51,cust_407295,FRID,refinance,176232,180,805,low,approved,176232,branch,true,486
app_20250112_00001813,2025-01-12 16:42:30,cust_3861726,ITMI,education_loan,29133,60,640,medium,approved,29133,partner,false,204
app_20250112_00001814,2025-01-12 14:20:12,cust_9771322,PLWA,education_loan,25009,48,744,low,approved,25009,mobile,true,591
app_20250112_00001815,2025-01-12 10:10:27,cust_8462876,SESV,mortgage,380826,180,738,low,approved,380826,online_banking,false,68
app_20250112_00001816,2025-01-12 01:41:37,cust_5038110,ESMA,cash_loan,8387,12,432,high,rejected,0,mobile_app,false,153
app_20250112_00001817,2025-01-12 04:04:35,cust_946620,UKLO,mortgage,116645,120,795,low,approved,116645,web,true,610
app_20250112_00001818,2025-01-12 22:35:52,cust_3190035,PORP,mortgage,252695,120,641,medium,approved,252695,web,true,457
app_20250112_00001819,2025-01-12 18:01:36,cust_3771397,SESV,refinance,380571,240,678,medium,rejected,0,web,false,177
app_20250112_00001820,2025-01-12 01:33:59,cust_8503929,GRRE,auto_loan,25884,24,601,medium,rejected,0,mobile,false,6
app_20250112_00001821,2025-01-12 07:39:16,cust_8208828,ESMA,business_loan,23863,36,528,medium,approved,23863,mobile,false,783
app_20250112_00001822,2025-01-12 20:09:02,cust_9759199,CZPR,credit_card,36283,36,755,low,approved,36283,mobile,false,388
app_20250112_00001823,2025-01-12 17:59:23,cust_7606742,AUTR,personal_loan,9982,18,621,medium,approved,9982,mobile,false,277
app_20250112_00001824,2025-01-12 08:56:10,cust_4358949,ATVI,mortgage,458102,300,850,low,approved,458102,mobile,true,525
app_20250112_00001825,2025-01-12 21:37:44,cust_6254300,ITMI,refinance,206357,240,633,medium,approved,206357,mobile,false,861
app_20250112_00001826,2025-01-12 09:01:58,cust_9471306,ESMA,cash_loan,24528,48,560,medium,rejected,0,mobile,false,46
app_20250112_00001827,2025-01-12 11:55:40,cust_6336784,BENL,education_loan,23280,48,497,high,rejected,0,mobile,true,144
app_20250112_00001828,2025-01-12 12:20:07,cust_2689307,GRRE,mortgage,382579,240,699,medium,rejected,0,atm,true,113
app_20250112_00001829,2025-01-12 15:39:03,cust_567202,ESMA,credit_card,21507,18,756,low,approved,21507,web,false,467
app_20250112_00001830,2025-01-12 04:13:06,cust_7577374,PLWA,credit_card,15902,42,581,medium,rejected,0,call_center,false,137
app_20250112_00001831,2025-01-12 18:14:21,cust_5395154,PORP,refinance,194013,240,810,low,approved,194013,mobile_app,true,474
app_20250112_00001832,2025-01-12 05:58:42,cust_9402684,ATVI,refinance,409081,300,645,medium,approved,409081,call_center,false,325
app_20250112_00001833,2025-01-12 19:01:56,cust_1133748,SESV,mortgage,158854,180,553,medium,rejected,0,branch,false,102
app_20250112_00001834,2025-01-12 05:54:32,cust_2396742,UKLO,personal_loan,31849,18,599,medium,rejected,0,call_center,false,72
app_20250112_00001835,2025-01-12 20:56:51,cust_8496824,NLAM,mortgage,285423,240,600,medium,approved,285423,mobile_app,true,686
app_20250112_00001836,2025-01-12 01:20:02,cust_1317154,CZPR,business_loan,31349,36,542,medium,rejected,0,mobile,false,172
app_20250112_00001837,2025-01-12 04:11:58,cust_8503496,ITMI,personal_loan,22572,36,657,medium,approved,22572,mobile_app,true,637
app_20250112_00001838,2025-01-12 05:44:40,cust_9521377,SESV,mortgage,375670,240,615,medium,approved,375670,call_center,false,826
app_20250112_00001839,2025-01-12 08:29:55,cust_3454130,ATVI,refinance,270848,180,592,medium,approved,270848,web,false,791
app_20250112_00001840,2025-01-12 12:58:31,cust_3192830,SESV,credit_card,48090,42,501,medium,approved,48090,partner,true,98
app_20250112_00001841,2025-01-12 02:16:15,cust_7812335,FRID,credit_card,31983,24,684,medium,approved,31983,branch,false,497
app_20250112_00001842,2025-01-12 03:11:27,cust_3204210,ITMI,education_loan,34558,36,576,medium,rejected,0,call_center,true,171
app_20250112_00001843,2025-01-12 13:48:21,cust_8834297,NLAM,business_loan,8322,60,675,medium,approved,8322,web,true,34
app_20250112_00001844,2025-01-12 11:19:22,cust_9436308,NLAM,mortgage,185061,180,582,medium,approved,185061,atm,false,801
app_20250112_00001845,2025-01-12 10:44:53,cust_2634063,PLWA,cash_loan,15272,30,655,medium,rejected,0,online_banking,false,54
app_20250112_00001846,2025-01-12 08:40:51,cust_5198642,FRID,auto_loan,18375,72,505,medium,approved,18375,mobile,false,318
app_20250112_00001847,2025-01-12 16:18:34,cust_5295719,BENL,personal_loan,13195,36,750,low,approved,13195,branch,true,323
app_20250112_00001848,2025-01-12 20:21:42,cust_6003074,PLWA,education_loan,6736,48,667,medium,approved,6736,web,false,369
app_20250112_00001849,2025-01-12 16:41:26,cust_3233644,ITMI,auto_loan,35548,72,560,medium,rejected,0,partner,true,35
app_20250112_00001850,2025-01-12 01:41:41,cust_2864933,ATVI,education_loan,26581,24,651,medium,approved,26581,mobile_app,true,441
app_20250112_00001851,2025-01-12 09:45:40,cust_6347954,BENL,credit_card,47174,30,573,medium,rejected,0,mobile,false,137
app_20250112_00001852,2025-01-12 05:52:57,cust_6905436,ATVI,auto_loan,45238,72,546,medium,rejected,0,mobile_app,false,161
app_20250112_00001853,2025-01-12 02:21:08,cust_5106035,GRRE,business_loan,7855,12,699,medium,rejected,0,mobile,false,41
app_20250112_00001854,2025-01-12 21:44:57,cust_6484526,ESMA,education_loan,7077,36,698,medium,approved,7077,atm,false,91
app_20250112_00001855,2025-01-12 20:42:37,cust_9537568,PORP,mortgage,346063,360,763,low,approved,346063,mobile_app,false,411
app_20250112_00001856,2025-01-12 05:50:26,cust_5320162,AUTR,credit_card,24293,36,494,high,rejected,0,branch,true,175
app_20250112_00001857,2025-01-12 11:15:13,cust_5920614,AUTR,mortgage,183122,240,606,medium,approved,183122,online_banking,true,894
app_20250112_00001858,2025-01-12 05:33:22,cust_3526086,GRRE,auto_loan,36425,48,596,medium,rejected,0,online_banking,false,90
app_20250112_00001859,2025-01-12 16:32:32,cust_6770904,GRRE,auto_loan,5919,48,695,medium,approved,5919,mobile_app,true,762
app_20250112_00001860,2025-01-12 13:12:59,cust_7473160,GRRE,refinance,452348,300,594,medium,approved,452348,partner,false,119
app_20250112_00001861,2025-01-12 06:49:05,cust_8330090,BENL,personal_loan,28436,24,604,medium,approved,28436,partner,true,222
app_20250112_00001862,2025-01-12 11:30:19,cust_155726,SESV,business_loan,21510,36,712,low,approved,21510,call_center,false,502
app_20250112_00001863,2025-01-12 16:15:15,cust_5792954,ITMI,cash_loan,15067,48,744,low,approved,15067,mobile,true,284
app_20250112_00001864,2025-01-12 06:45:34,cust_5749020,PLWA,refinance,100491,300,504,medium,rejected,0,call_center,false,141
app_20250112_00001865,2025-01-12 14:30:20,cust_970003,DEHE,personal_loan,44801,36,775,low,rejected,0,mobile,false,67
app_20250112_00001866,2025-01-12 21:21:13,cust_2365504,UKLO,cash_loan,31846,18,603,medium,rejected,0,partner,false,38
app_20250112_00001867,2025-01-12 13:57:03,cust_7347856,CHBE,education_loan,28300,36,688,medium,approved,28300,branch,true,87
app_20250112_00001868,2025-01-12 03:39:07,cust_4939535,AUTR,education_loan,10763,48,654,medium,approved,10763,partner,true,581
app_20250112_00001869,2025-01-12 20:51:55,cust_9452196,CHBE,credit_card,46327,12,640,medium,approved,46327,mobile,false,170
app_20250112_00001870,2025-01-12 15:42:14,cust_3433707,AUTR,business_loan,30845,24,523,medium,rejected,0,mobile,true,159
app_20250112_00001871,2025-01-12 00:41:14,cust_177610,CZPR,cash_loan,43911,42,704,low,approved,43911,call_center,false,660
app_20250112_00001872,2025-01-12 16:12:20,cust_3088346,FRID,auto_loan,58472,36,554,medium,rejected,0,mobile_app,false,74
app_20250112_00001873,2025-01-12 22:52:57,cust_5523747,CZPR,education_loan,21324,60,638,medium,approved,21324,mobile,false,285
app_20250112_00001874,2025-01-12 04:35:18,cust_8673643,SESV,business_loan,20592,36,708,low,approved,20592,atm,false,630
app_20250112_00001875,2025-01-12 08:34:31,cust_8942315,ITMI,personal_loan,29568,30,685,medium,approved,29568,mobile_app,false,241
app_20250112_00001876,2025-01-12 11:19:49,cust_1624009,ATVI,cash_loan,46172,42,765,low,approved,46172,web,true,253
app_20250112_00001877,2025-01-12 21:17:41,cust_9727685,CZPR,cash_loan,9411,24,586,medium,rejected,0,call_center,false,135
app_20250112_00001878,2025-01-12 17:58:35,cust_4069084,DEHE,cash_loan,19519,30,555,medium,rejected,0,mobile,false,178
app_20250112_00001879,2025-01-12 00:32:10,cust_7990720,FRID,credit_card,46552,36,554,medium,rejected,0,web,false,12
app_20250112_00001880,2025-01-12 11:23:44,cust_3057569,ESMA,business_loan,24972,36,588,medium,approved,24972,online_banking,true,582
app_20250112_00001881,2025-01-12 15:50:44,cust_3626882,CZPR,credit_card,10894,42,811,low,rejected,0,partner,false,134
app_20250112_00001882,2025-01-12 02:37:12,cust_7824650,GRRE,refinance,296134,120,642,medium,rejected,0,partner,false,147
app_20250112_00001883,2025-01-12 10:15:33,cust_6974399,CZPR,mortgage,255571,180,740,low,approved,255571,atm,true,889
app_20250112_00001884,2025-01-12 00:54:46,cust_3741555,FRID,cash_loan,18305,36,744,low,approved,18305,branch,true,208
app_20250112_00001885,2025-01-12 14:25:42,cust_4668585,ESMA,credit_card,9039,42,613,medium,rejected,0,online_banking,true,68
app_20250112_00001886,2025-01-12 06:58:20,cust_8239248,UKLO,cash_loan,42197,42,649,medium,approved,42197,atm,false,78
app_20250112_00001887,2025-01-12 17:14:04,cust_9590069,GRRE,credit_card,29081,42,830,low,approved,29081,branch,false,372
app_20250112_00001888,2025-01-12 00:47:56,cust_2686797,ATVI,mortgage,77052,180,646,medium,approved,77052,web,true,758
app_20250112_00001889,2025-01-12 05:36:57,cust_8807613,BENL,mortgage,110288,300,655,medium,rejected,0,web,false,61
app_20250112_00001890,2025-01-12 20:37:11,cust_1183235,SESV,business_loan,21413,60,622,medium,rejected,0,online_banking,false,138
app_20250112_00001891,2025-01-12 10:02:35,cust_9997770,UKLO,business_loan,35694,12,686,medium,approved,35694,call_center,true,190
app_20250112_00001892,2025-01-12 06:01:36,cust_4576945,SESV,refinance,289095,180,649,medium,approved,289095,mobile,true,252
app_20250112_00001893,2025-01-12 00:48:25,cust_3071464,GRRE,business_loan,13198,60,675,medium,rejected,0,partner,false,36
app_20250112_00001894,2025-01-12 06:47:26,cust_5473973,GRRE,business_loan,6229,48,704,low,approved,6229,call_center,true,102
app_20250112_00001895,2025-01-12 03:04:28,cust_2258696,GRRE,credit_card,18989,24,765,low,approved,18989,online_banking,false,434
app_20250112_00001896,2025-01-12 14:45:04,cust_8631885,BENL,credit_card,12888,48,525,medium,rejected,0,branch,false,93
app_20250112_00001897,2025-01-12 14:20:33,cust_9832375,UKLO,refinance,368421,120,698,medium,approved,368421,branch,false,108
app_20250112_00001898,2025-01-12 18:29:23,cust_3805993,NLAM,credit_card,32972,30,489,high,rejected,0,mobile,true,76
app_20250112_00001899,2025-01-12 00:38:56,cust_500176,UKLO,cash_loan,16818,24,563,medium,rejected,0,branch,true,93
app_20250112_00001900,2025-01-12 21:09:21,cust_2509416,NLAM,mortgage,462816,360,593,medium,approved,462816,branch,true,432
app_20250112_00001901,2025-01-12 21:33:55,cust_3384362,FRID,personal_loan,43260,36,623,medium,rejected,0,mobile_app,true,167
app_20250112_00001902,2025-01-12 08:32:56,cust_7756556,UKLO,refinance,188458,360,633,medium,approved,188458,mobile_app,false,38
app_20250112_00001903,2025-01-12 06:53:38,cust_8983329,GRRE,mortgage,272080,240,656,medium,approved,272080,mobile,false,856
app_20250112_00001904,2025-01-12 06:23:35,cust_998466,ATVI,refinance,403366,300,564,medium,rejected,0,partner,true,49
app_20250112_00001905,2025-01-12 21:28:02,cust_4462261,DEHE,credit_card,23910,24,580,medium,rejected,0,web,false,52
app_20250112_00001906,2025-01-12 14:58:31,cust_1942836,CZPR,education_loan,16370,48,702,low,approved,16370,online_banking,true,37
app_20250112_00001907,2025-01-12 17:22:57,cust_3467144,GRRE,cash_loan,38577,48,632,medium,rejected,0,call_center,false,113
app_20250112_00001908,2025-01-12 22:05:02,cust_9297420,SESV,credit_card,7474,24,615,medium,approved,7474,call_center,false,819
app_20250112_00001909,2025-01-12 20:52:00,cust_3096198,PORP,mortgage,124002,180,686,medium,rejected,0,partner,false,173
app_20250112_00001910,2025-01-12 18:03:48,cust_1283977,SESV,mortgage,221030,240,518,medium,rejected,0,partner,true,152
app_20250112_00001911,2025-01-12 01:47:49,cust_148368,AUTR,auto_loan,30847,36,563,medium,rejected,0,mobile_app,true,172
app_20250112_00001912,2025-01-12 14:52:42,cust_4659951,BENL,cash_loan,20962,36,530,medium,rejected,0,branch,true,107
app_20250112_00001913,2025-01-12 10:22:57,cust_291325,SESV,refinance,357030,120,490,high,rejected,0,atm,false,143
app_20250112_00001914,2025-01-12 03:14:18,cust_2018564,ITMI,credit_card,19601,30,651,medium,approved,19601,atm,false,124
app_20250112_00001915,2025-01-12 00:26:35,cust_8974281,AUTR,mortgage,473967,240,650,medium,approved,473967,branch,true,524
app_20250112_00001916,2025-01-12 20:31:39,cust_773394,AUTR,education_loan,4978,60,656,medium,approved,4978,online_banking,false,836
app_20250112_00001917,2025-01-12 15:39:24,cust_4248818,GRRE,education_loan,4559,60,704,low,rejected,0,call_center,false,109
app_20250112_00001918,2025-01-12 12:01:53,cust_705216,UKLO,personal_loan,10381,12,743,low,approved,10381,web,false,38
app_20250112_00001919,2025-01-12 15:38:48,cust_973894,CZPR,auto_loan,45065,48,438,high,approved,45065,online_banking,false,689
app_20250112_00001920,2025-01-12 13:21:18,cust_370879,GRRE,mortgage,350628,240,622,medium,rejected,0,branch,true,145
app_20250112_00001921,2025-01-12 20:06:38,cust_5641004,ATVI,personal_loan,37235,36,682,medium,rejected,0,mobile,false,10
app_20250112_00001922,2025-01-12 03:48:36,cust_7341638,CHBE,refinance,442465,120,532,medium,rejected,0,branch,true,86
app_20250112_00001923,2025-01-12 16:31:46,cust_5250112,CHBE,credit_card,10718,48,556,medium,approved,10718,call_center,true,603
app_20250112_00001924,2025-01-12 01:05:04,cust_5417111,BENL,personal_loan,22703,42,779,low,approved,22703,branch,true,597
app_20250112_00001925,2025-01-12 03:08:26,cust_5124177,ITMI,cash_loan,26080,24,632,medium,approved,26080,partner,true,496
app_20250112_00001926,2025-01-12 10:17:13,cust_6578293,ITMI,refinance,277603,180,597,medium,rejected,0,mobile_app,true,176
app_20250112_00001927,2025-01-12 16:30:46,cust_3558029,CZPR,business_loan,23078,60,609,medium,approved,23078,atm,true,96
app_20250112_00001928,2025-01-12 19:05:22,cust_1671260,NLAM,mortgage,133847,120,681,medium,approved,133847,call_center,true,500
app_20250112_00001929,2025-01-12 22:27:52,cust_1296289,GRRE,cash_loan,15782,12,688,medium,rejected,0,partner,false,150
app_20250112_00001930,2025-01-12 14:01:32,cust_5464335,CHBE,education_loan,32370,48,666,medium,approved,32370,call_center,true,736
app_20250112_00001931,2025-01-12 18:40:12,cust_2093712,ATVI,personal_loan,12717,30,725,low,approved,12717,branch,true,166
app_20250112_00001932,2025-01-12 17:11:29,cust_3011776,PORP,auto_loan,42822,72,637,medium,approved,42822,atm,false,395
app_20250112_00001933,2025-01-12 04:50:28,cust_4710734,CZPR,refinance,449645,360,742,low,approved,449645,partner,true,735
app_20250112_00001934,2025-01-12 06:35:27,cust_2301133,GRRE,cash_loan,38788,18,515,medium,rejected,0,partner,true,165
app_20250112_00001935,2025-01-12 10:18:12,cust_6448180,PLWA,mortgage,395847,180,521,medium,rejected,0,mobile,false,144
app_20250112_00001936,2025-01-12 17:05:33,cust_9343704,UKLO,education_loan,37032,24,526,medium,rejected,0,mobile_app,true,47
app_20250112_00001937,2025-01-12 05:16:30,cust_8409958,PORP,refinance,86832,300,798,low,approved,86832,mobile_app,false,48
app_20250112_00001938,2025-01-12 16:44:19,cust_3590457,DEHE,education_loan,5457,36,746,low,approved,5457,atm,false,396
app_20250112_00001939,2025-01-12 07:13:43,cust_909110,FRID,business_loan,35225,12,669,medium,approved,35225,online_banking,false,667
app_20250112_00001940,2025-01-12 01:37:49,cust_2218277,ESMA,auto_loan,44553,48,569,medium,approved,44553,mobile,false,504
app_20250112_00001941,2025-01-12 05:35:21,cust_3901613,GRRE,credit_card,3240,48,524,medium,approved,3240,partner,false,831
app_20250112_00001942,2025-01-12 02:58:18,cust_1059449,ITMI,business_loan,28085,60,602,medium,approved,28085,web,false,131
app_20250112_00001943,2025-01-12 23:51:36,cust_2538907,GRRE,business_loan,20426,24,565,medium,approved,20426,web,false,629
app_20250112_00001944,2025-01-12 13:23:09,cust_2309961,FRID,personal_loan,42375,24,643,medium,rejected,0,mobile_app,true,55
app_20250112_00001945,2025-01-12 07:55:20,cust_9133966,BENL,cash_loan,21042,24,700,low,approved,21042,online_banking,true,267
app_20250112_00001946,2025-01-12 12:43:42,cust_1772805,PLWA,personal_loan,4460,48,633,medium,approved,4460,mobile_app,true,335
app_20250112_00001947,2025-01-12 11:17:28,cust_9301681,SESV,credit_card,21723,30,514,medium,rejected,0,partner,false,173
app_20250112_00001948,2025-01-12 18:54:42,cust_1510929,ATVI,mortgage,367557,300,543,medium,rejected,0,web,true,5
app_20250112_00001949,2025-01-12 00:26:16,cust_5257779,NLAM,refinance,449363,240,696,medium,rejected,0,mobile_app,true,6
app_20250112_00001950,2025-01-12 01:44:14,cust_3432632,GRRE,auto_loan,12169,36,755,low,approved,12169,web,true,124
app_20250112_00001951,2025-01-12 01:37:43,cust_6508990,PORP,credit_card,46666,30,836,low,approved,46666,online_banking,true,72
app_20250112_00001952,2025-01-12 04:38:07,cust_8474726,ITMI,refinance,138077,300,517,medium,rejected,0,call_center,false,71
app_20250112_00001953,2025-01-12 05:47:32,cust_7982629,FRID,cash_loan,27424,48,579,medium,approved,27424,branch,false,92
app_20250112_00001954,2025-01-12 21:57:38,cust_6558873,AUTR,credit_card,49627,48,438,high,rejected,0,partner,true,56
app_20250112_00001955,2025-01-12 23:51:47,cust_4677832,DEHE,education_loan,20112,60,592,medium,rejected,0,atm,true,44
app_20250112_00001956,2025-01-12 03:08:23,cust_4271059,UKLO,refinance,375541,240,539,medium,rejected,0,call_center,true,157
app_20250112_00001957,2025-01-12 18:56:49,cust_8001342,DEHE,cash_loan,9325,42,806,low,approved,9325,branch,true,90
app_20250112_00001958,2025-01-12 15:02:54,cust_6699605,NLAM,credit_card,21112,18,599,medium,rejected,0,partner,false,80
app_20250112_00001959,2025-01-12 17:19:33,cust_7197511,AUTR,business_loan,15577,24,565,medium,approved,15577,partner,false,126
app_20250112_00001960,2025-01-12 23:13:05,cust_624317,ITMI,education_loan,18965,24,477,high,rejected,0,mobile,false,76
app_20250112_00001961,2025-01-12 08:17:18,cust_1177858,PLWA,cash_loan,20524,12,817,low,approved,20524,call_center,true,180
app_20250112_00001962,2025-01-12 04:47:14,cust_6432707,ATVI,refinance,187046,120,644,medium,rejected,0,branch,false,28
app_20250112_00001963,2025-01-12 04:59:41,cust_478231,GRRE,cash_loan,13077,30,664,medium,approved,13077,mobile_app,false,822
app_20250112_00001964,2025-01-12 05:23:41,cust_2069874,CHBE,cash_loan,48866,36,580,medium,rejected,0,mobile,false,103
app_20250112_00001965,2025-01-12 10:08:02,cust_7898810,PORP,personal_loan,48066,30,757,low,approved,48066,branch,false,743
app_20250112_00001966,2025-01-12 01:54:54,cust_4793708,ESMA,education_loan,24238,60,670,medium,approved,24238,partner,false,783
app_20250112_00001967,2025-01-12 11:59:03,cust_1428967,AUTR,personal_loan,49345,42,585,medium,rejected,0,branch,true,104
app_20250112_00001968,2025-01-12 07:48:48,cust_6611663,UKLO,personal_loan,37682,12,791,low,approved,37682,web,false,686
app_20250112_00001969,2025-01-12 05:17:43,cust_2118327,BENL,cash_loan,3029,42,692,medium,approved,3029,web,false,824
app_20250112_00001970,2025-01-12 18:23:24,cust_6994287,FRID,refinance,304926,120,847,low,approved,304926,partner,false,657
app_20250112_00001971,2025-01-12 18:24:42,cust_5817970,CHBE,business_loan,36913,36,561,medium,rejected,0,web,true,111
app_20250112_00001972,2025-01-12 05:16:11,cust_6818302,CZPR,education_loan,25202,24,668,medium,approved,25202,partner,false,110
app_20250112_00001973,2025-01-12 10:28:30,cust_5132926,AUTR,mortgage,369338,360,622,medium,approved,369338,partner,true,750
app_20250112_00001974,2025-01-12 04:24:21,cust_7655802,GRRE,personal_loan,27478,24,642,medium,approved,27478,branch,false,296
app_20250112_00001975,2025-01-12 08:45:09,cust_6389904,ESMA,credit_card,47222,42,665,medium,rejected,0,call_center,false,64
app_20250112_00001976,2025-01-12 14:05:24,cust_7804755,PLWA,mortgage,297755,240,725,low,approved,297755,atm,true,64
app_20250112_00001977,2025-01-12 00:32:16,cust_7451559,PORP,business_loan,39515,12,503,medium,rejected,0,branch,false,87
app_20250112_00001978,2025-01-12 12:06:27,cust_9604408,AUTR,cash_loan,8632,24,685,medium,rejected,0,mobile_app,true,118
app_20250112_00001979,2025-01-12 23:56:53,cust_1637838,PORP,credit_card,10531,48,592,medium,approved,10531,branch,true,452
app_20250112_00001980,2025-01-12 16:31:15,cust_5101680,UKLO,business_loan,9243,12,631,medium,approved,9243,atm,false,133
app_20250112_00001981,2025-01-12 00:25:14,cust_3732989,ITMI,education_loan,34250,60,757,low,approved,34250,branch,false,887
app_20250112_00001982,2025-01-12 19:43:08,cust_8877167,CHBE,personal_loan,23055,18,735,low,approved,23055,web,true,241
app_20250112_00001983,2025-01-12 09:38:34,cust_6233487,UKLO,business_loan,11118,48,395,high,rejected,0,partner,true,180
app_20250112_00001984,2025-01-12 05:34:14,cust_1767573,UKLO,personal_loan,42540,30,672,medium,approved,42540,online_banking,true,818
app_20250112_00001985,2025-01-12 02:19:08,cust_502450,PLWA,credit_card,38999,36,456,high,rejected,0,mobile,true,84
app_20250112_00001986,2025-01-12 06:00:04,cust_3825896,GRRE,cash_loan,33289,48,758,low,approved,33289,web,true,490
app_20250112_00001987,2025-01-12 15:51:33,cust_9257615,CZPR,personal_loan,20805,24,484,high,rejected,0,mobile,true,65
app_20250112_00001988,2025-01-12 04:39:26,cust_1416270,CZPR,cash_loan,37287,48,598,medium,approved,37287,call_center,false,181
app_20250112_00001989,2025-01-12 20:59:32,cust_504116,PLWA,auto_loan,6058,48,544,medium,rejected,0,web,true,156
app_20250112_00001990,2025-01-12 03:00:31,cust_3219501,NLAM,mortgage,349755,120,505,medium,rejected,0,mobile,false,177
app_20250112_00001991,2025-01-12 22:39:20,cust_4548799,UKLO,credit_card,7331,30,634,medium,rejected,0,mobile_app,false,179
app_20250112_00001992,2025-01-12 18:06:07,cust_7089925,BENL,business_loan,15265,60,641,medium,rejected,0,web,false,47
app_20250112_00001993,2025-01-12 12:34:00,cust_634988,NLAM,cash_loan,34034,18,501,medium,rejected,0,atm,true,157
app_20250112_00001994,2025-01-12 05:27:19,cust_3884417,CHBE,business_loan,30266,60,549,medium,approved,30266,branch,true,474
app_20250112_00001995,2025-01-12 07:18:26,cust_7803183,CHBE,credit_card,9292,24,697,medium,approved,9292,mobile_app,true,537
app_20250112_00001996,2025-01-12 04:07:27,cust_7576304,PLWA,refinance,322413,360,739,low,rejected,0,partner,true,87
app_20250112_00001997,2025-01-12 13:01:49,cust_4648005,GRRE,business_loan,35405,24,776,low,approved,35405,partner,true,155
app_20250112_00001998,2025-01-12 22:13:10,cust_3223934,UKLO,cash_loan,15625,42,623,medium,approved,15625,partner,false,719
app_20250112_00001999,2025-01-12 10:17:39,cust_4519934,CZPR,business_loan,5389,24,731,low,approved,5389,call_center,false,420
app_20250112_00002000,2025-01-12 17:51:08,cust_7701733,AUTR,mortgage,77420,300,505,medium,rejected,0,mobile_app,false,120
app_20250112_00002001,2025-01-12 17:01:20,cust_573854,GRRE,education_loan,15849,60,731,low,approved,15849,mobile_app,false,490
app_20250112_00002002,2025-01-12 05:45:45,cust_5815943,ITMI,mortgage,140299,360,774,low,approved,140299,online_banking,true,556
app_20250112_00002003,2025-01-12 01:17:36,cust_8713235,DEHE,cash_loan,29788,12,621,medium,approved,29788,mobile_app,true,686
app_20250112_00002004,2025-01-12 21:01:53,cust_1906574,GRRE,cash_loan,8236,30,743,low,approved,8236,partner,false,332
app_20250112_00002005,2025-01-12 06:01:47,cust_6394583,PLWA,auto_loan,35220,36,470,high,rejected,0,web,true,179
app_20250112_00002006,2025-01-12 09:52:05,cust_4606962,BENL,refinance,166824,360,614,medium,rejected,0,partner,false,17
app_20250112_00002007,2025-01-12 06:31:13,cust_9440696,ATVI,credit_card,31263,18,709,low,rejected,0,call_center,false,16
app_20250112_00002008,2025-01-12 18:12:47,cust_6172930,SESV,business_loan,2184,48,691,medium,rejected,0,online_banking,false,174
app_20250112_00002009,2025-01-12 13:43:53,cust_7978692,PLWA,personal_loan,28555,30,654,medium,approved,28555,mobile,false,86
app_20250112_00002010,2025-01-12 14:42:34,cust_6815222,AUTR,personal_loan,20442,30,721,low,approved,20442,call_center,true,296
app_20250112_00002011,2025-01-12 09:55:14,cust_7022487,DEHE,refinance,456715,360,597,medium,approved,456715,web,false,552
app_20250112_00002012,2025-01-12 23:05:08,cust_3435758,FRID,mortgage,130582,360,528,medium,rejected,0,mobile,false,134
app_20250112_00002013,2025-01-12 02:49:37,cust_4949973,ATVI,mortgage,372131,240,681,medium,approved,372131,call_center,true,893
app_20250112_00002014,2025-01-12 03:19:06,cust_9838720,BENL,cash_loan,31895,48,618,medium,approved,31895,online_banking,true,108
app_20250112_00002015,2025-01-12 03:50:22,cust_5427480,BENL,auto_loan,45954,24,560,medium,approved,45954,online_banking,false,825
app_20250112_00002016,2025-01-12 02:37:17,cust_9935218,ESMA,credit_card,28400,12,609,medium,rejected,0,call_center,true,5
app_20250112_00002017,2025-01-12 17:51:26,cust_3997996,ESMA,education_loan,19610,48,655,medium,approved,19610,atm,true,702
app_20250112_00002018,2025-01-12 22:51:39,cust_9727421,ITMI,business_loan,3065,60,832,low,approved,3065,mobile,true,111
app_20250112_00002019,2025-01-12 00:19:34,cust_9939004,GRRE,credit_card,23265,12,685,medium,rejected,0,call_center,false,56
app_20250112_00002020,2025-01-12 14:34:53,cust_5397525,PORP,credit_card,9848,24,547,medium,approved,9848,web,false,542
app_20250112_00002021,2025-01-12 21:03:41,cust_276492,PORP,auto_loan,51199,24,688,medium,approved,51199,atm,true,342
app_20250112_00002022,2025-01-12 13:17:47,cust_7025943,SESV,credit_card,49907,30,715,low,approved,49907,atm,false,299
app_20250112_00002023,2025-01-12 02:07:52,cust_584561,ITMI,education_loan,27830,36,791,low,approved,27830,online_banking,false,874
app_20250112_00002024,2025-01-12 12:51:27,cust_2618493,ITMI,auto_loan,28181,36,553,medium,approved,28181,partner,true,497
app_20250112_00002025,2025-01-12 20:06:20,cust_1487208,BENL,business_loan,4251,48,600,medium,rejected,0,branch,false,138
app_20250112_00002026,2025-01-12 11:13:56,cust_3968313,UKLO,personal_loan,23762,42,789,low,approved,23762,branch,false,662
app_20250112_00002027,2025-01-12 12:38:03,cust_6759799,ITMI,auto_loan,37484,60,638,medium,rejected,0,mobile_app,false,104
app_20250112_00002028,2025-01-12 08:54:10,cust_2252468,ESMA,mortgage,437692,360,807,low,approved,437692,mobile,false,223
app_20250112_00002029,2025-01-12 02:13:19,cust_8758854,CHBE,business_loan,38422,60,570,medium,approved,38422,atm,false,356
app_20250112_00002030,2025-01-12 09:03:37,cust_4671385,AUTR,mortgage,338046,240,608,medium,approved,338046,branch,true,818
app_20250112_00002031,2025-01-12 21:03:15,cust_2332282,DEHE,credit_card,42993,36,828,low,approved,42993,mobile_app,true,146
app_20250112_00002032,2025-01-12 13:28:33,cust_1064707,FRID,refinance,86432,240,721,low,approved,86432,atm,false,892
app_20250112_00002033,2025-01-12 02:38:27,cust_867681,AUTR,personal_loan,32307,24,527,medium,rejected,0,mobile_app,false,137
app_20250112_00002034,2025-01-12 23:03:02,cust_8340722,PORP,refinance,268657,300,619,medium,rejected,0,online_banking,true,179
app_20250112_00002035,2025-01-12 18:31:02,cust_2940130,AUTR,cash_loan,29669,24,748,low,approved,29669,atm,false,428
app_20250112_00002036,2025-01-12 21:17:31,cust_6345972,ITMI,personal_loan,43408,36,604,medium,approved,43408,mobile,true,862
app_20250112_00002037,2025-01-12 01:29:40,cust_7250995,GRRE,credit_card,6107,48,683,medium,approved,6107,mobile_app,false,674
app_20250112_00002038,2025-01-12 15:35:13,cust_7434304,SESV,mortgage,57666,180,516,medium,rejected,0,call_center,false,67
app_20250112_00002039,2025-01-12 08:42:26,cust_5403780,GRRE,refinance,227251,360,710,low,approved,227251,branch,false,195
app_20250112_00002040,2025-01-12 15:01:27,cust_1211598,AUTR,auto_loan,11240,48,561,medium,rejected,0,partner,false,13
app_20250112_00002041,2025-01-12 15:48:43,cust_1290158,AUTR,cash_loan,43838,30,538,medium,rejected,0,mobile_app,true,54
app_20250112_00002042,2025-01-12 01:13:19,cust_3427215,ESMA,business_loan,7933,24,602,medium,rejected,0,web,false,127
app_20250112_00002043,2025-01-12 15:38:33,cust_7127151,ATVI,cash_loan,12449,18,826,low,approved,12449,web,false,44
app_20250112_00002044,2025-01-12 08:11:04,cust_349594,ITMI,cash_loan,25092,24,539,medium,rejected,0,call_center,true,105
app_20250112_00002045,2025-01-12 17:46:34,cust_217152,CHBE,auto_loan,6886,72,598,medium,approved,6886,mobile,false,530
app_20250112_00002046,2025-01-12 09:51:21,cust_374441,PLWA,cash_loan,16016,12,544,medium,rejected,0,branch,false,9
app_20250112_00002047,2025-01-12 20:50:13,cust_7152882,FRID,education_loan,10881,24,518,medium,rejected,0,partner,false,125
app_20250112_00002048,2025-01-12 18:25:50,cust_2769605,CHBE,cash_loan,27248,42,800,low,approved,27248,mobile_app,true,401
app_20250112_00002049,2025-01-12 17:46:54,cust_9001071,CZPR,auto_loan,17134,36,656,medium,rejected,0,call_center,true,42
app_20250112_00002050,2025-01-12 13:12:52,cust_964154,GRRE,auto_loan,51484,48,524,medium,rejected,0,mobile,true,151
app_20250112_00002051,2025-01-12 14:20:21,cust_1839050,ATVI,personal_loan,34814,48,615,medium,approved,34814,atm,true,170
app_20250112_00002052,2025-01-12 16:55:31,cust_2151652,ATVI,auto_loan,14933,72,441,high,rejected,0,mobile,true,161
app_20250112_00002053,2025-01-12 00:03:09,cust_470501,ESMA,education_loan,15549,48,591,medium,rejected,0,call_center,true,73
app_20250112_00002054,2025-01-12 04:13:31,cust_5967467,NLAM,education_loan,31943,48,657,medium,approved,31943,online_banking,true,494
app_20250112_00002055,2025-01-12 19:04:39,cust_2363840,UKLO,education_loan,8728,36,628,medium,approved,8728,call_center,false,900
app_20250112_00002056,2025-01-12 14:35:42,cust_4520987,ITMI,personal_loan,7317,12,599,medium,rejected,0,web,false,74
app_20250112_00002057,2025-01-12 02:17:21,cust_7578629,SESV,cash_loan,28270,30,676,medium,approved,28270,partner,false,585
app_20250112_00002058,2025-01-12 18:28:05,cust_3800146,UKLO,auto_loan,34896,48,519,medium,approved,34896,atm,true,546
app_20250112_00002059,2025-01-12 23:05:13,cust_4690191,CHBE,business_loan,15596,60,754,low,rejected,0,web,false,124
app_20250112_00002060,2025-01-12 22:23:49,cust_165047,CZPR,business_loan,26129,12,549,medium,rejected,0,mobile,false,160
app_20250112_00002061,2025-01-12 00:57:50,cust_4518948,BENL,education_loan,24196,24,607,medium,approved,24196,online_banking,true,562
app_20250112_00002062,2025-01-12 04:04:12,cust_7410537,NLAM,mortgage,80677,360,494,high,rejected,0,branch,false,91
app_20250112_00002063,2025-01-12 17:49:31,cust_4092098,FRID,business_loan,4339,24,579,medium,rejected,0,partner,false,44
app_20250112_00002064,2025-01-12 07:38:59,cust_9159874,BENL,mortgage,402653,180,850,low,approved,402653,mobile,true,231
app_20250112_00002065,2025-01-12 05:37:41,cust_153033,UKLO,education_loan,10875,60,782,low,approved,10875,online_banking,false,296
app_20250112_00002066,2025-01-12 21:46:07,cust_416048,DEHE,personal_loan,30705,30,648,medium,approved,30705,mobile_app,true,764
app_20250112_00002067,2025-01-12 23:38:03,cust_6618494,BENL,personal_loan,3673,18,785,low,approved,3673,online_banking,true,803
app_20250112_00002068,2025-01-12 19:34:29,cust_1820021,BENL,credit_card,21837,36,692,medium,approved,21837,mobile_app,false,693
app_20250112_00002069,2025-01-12 09:55:15,cust_101232,CHBE,cash_loan,49791,30,810,low,approved,49791,branch,true,442
app_20250112_00002070,2025-01-12 14:53:19,cust_602812,AUTR,education_loan,32529,12,668,medium,approved,32529,web,true,140
app_20250112_00002071,2025-01-12 12:17:32,cust_5346934,DEHE,refinance,398012,240,516,medium,approved,398012,call_center,false,735
app_20250112_00002072,2025-01-12 12:00:55,cust_2907305,PORP,business_loan,9034,60,686,medium,approved,9034,mobile,true,614
app_20250112_00002073,2025-01-12 14:51:36,cust_4958518,UKLO,refinance,327506,300,559,medium,rejected,0,online_banking,false,161
app_20250112_00002074,2025-01-12 19:32:43,cust_9449759,ATVI,personal_loan,48342,42,737,low,approved,48342,atm,false,362
app_20250112_00002075,2025-01-12 11:41:17,cust_7602334,AUTR,cash_loan,46831,48,545,medium,rejected,0,branch,false,180
app_20250112_00002076,2025-01-12 00:30:40,cust_4091486,ATVI,mortgage,390506,360,640,medium,approved,390506,call_center,false,245
app_20250112_00002077,2025-01-12 23:28:58,cust_7834869,CHBE,credit_card,36699,24,660,medium,approved,36699,web,false,272
app_20250112_00002078,2025-01-12 04:22:21,cust_8734939,BENL,mortgage,351580,240,745,low,approved,351580,call_center,true,725
app_20250112_00002079,2025-01-12 06:08:24,cust_8131179,CZPR,education_loan,3056,12,718,low,approved,3056,atm,false,635
app_20250112_00002080,2025-01-12 09:50:36,cust_2147971,NLAM,education_loan,10295,48,665,medium,approved,10295,mobile,false,467
app_20250112_00002081,2025-01-12 14:58:33,cust_6991669,ATVI,business_loan,36421,12,519,medium,rejected,0,partner,false,140
app_20250112_00002082,2025-01-12 01:52:12,cust_7862524,NLAM,auto_loan,34765,60,677,medium,rejected,0,web,true,161
app_20250112_00002083,2025-01-12 17:49:56,cust_8971421,SESV,personal_loan,9132,42,728,low,rejected,0,branch,true,119
app_20250112_00002084,2025-01-12 21:51:54,cust_6303543,UKLO,business_loan,38022,24,689,medium,rejected,0,web,false,170
app_20250112_00002085,2025-01-12 21:31:51,cust_9622476,GRRE,education_loan,15690,24,782,low,approved,15690,web,true,521
app_20250112_00002086,2025-01-12 13:24:02,cust_2404190,UKLO,business_loan,3889,48,666,medium,rejected,0,online_banking,true,138
app_20250112_00002087,2025-01-12 11:18:04,cust_6025492,ATVI,credit_card,33371,42,657,medium,approved,33371,mobile_app,true,208
app_20250112_00002088,2025-01-12 12:55:36,cust_2956795,ATVI,credit_card,47014,24,561,medium,approved,47014,atm,true,741
app_20250112_00002089,2025-01-12 09:33:29,cust_7865602,DEHE,personal_loan,40882,48,562,medium,approved,40882,mobile,false,735
app_20250112_00002090,2025-01-12 21:44:30,cust_7985454,AUTR,credit_card,2143,30,534,medium,approved,2143,online_banking,true,401
app_20250112_00002091,2025-01-12 13:44:37,cust_4913682,SESV,credit_card,33858,42,685,medium,approved,33858,online_banking,true,89
app_20250112_00002092,2025-01-12 14:26:57,cust_3543714,GRRE,credit_card,45450,24,753,low,approved,45450,call_center,true,663
app_20250112_00002093,2025-01-12 06:24:28,cust_9511343,ITMI,credit_card,14590,12,495,high,rejected,0,web,true,49
app_20250112_00002094,2025-01-12 20:48:54,cust_2165157,AUTR,auto_loan,10149,72,832,low,approved,10149,web,false,742
app_20250112_00002095,2025-01-12 15:58:07,cust_5529163,NLAM,credit_card,16683,18,576,medium,approved,16683,online_banking,true,786
app_20250112_00002096,2025-01-12 15:28:42,cust_9074736,NLAM,mortgage,152760,180,676,medium,approved,152760,call_center,true,649
app_20250112_00002097,2025-01-12 23:22:16,cust_9453420,ATVI,cash_loan,37733,12,471,high,rejected,0,mobile,false,121
app_20250112_00002098,2025-01-12 05:40:47,cust_1277764,FRID,mortgage,335857,360,669,medium,rejected,0,online_banking,false,54
app_20250112_00002099,2025-01-12 22:26:14,cust_5219190,ESMA,credit_card,21668,30,762,low,approved,21668,call_center,false,761
app_20250112_00002100,2025-01-12 02:47:12,cust_3824891,PORP,mortgage,97774,180,768,low,approved,97774,partner,true,385
app_20250112_00002101,2025-01-12 21:10:20,cust_8813612,ESMA,education_loan,20457,36,621,medium,approved,20457,branch,true,428
app_20250112_00002102,2025-01-12 18:48:37,cust_754212,PORP,education_loan,19362,36,612,medium,approved,19362,web,true,760
app_20250112_00002103,2025-01-12 21:32:59,cust_6332154,CHBE,mortgage,451413,360,548,medium,rejected,0,online_banking,true,47
app_20250112_00002104,2025-01-12 18:40:02,cust_2395556,AUTR,personal_loan,23504,48,679,medium,approved,23504,branch,true,56
app_20250112_00002105,2025-01-12 14:14:51,cust_1866113,SESV,cash_loan,27985,24,597,medium,rejected,0,web,false,136
app_20250112_00002106,2025-01-12 14:50:16,cust_9142302,PORP,refinance,369128,300,820,low,rejected,0,branch,false,56
app_20250112_00002107,2025-01-12 00:58:06,cust_2274124,SESV,auto_loan,19823,48,659,medium,approved,19823,mobile_app,false,190
app_20250112_00002108,2025-01-12 16:46:48,cust_4712147,PLWA,refinance,297765,300,572,medium,approved,297765,web,true,97
app_20250112_00002109,2025-01-12 22:01:14,cust_2514744,ESMA,personal_loan,13914,42,611,medium,rejected,0,partner,true,167
app_20250112_00002110,2025-01-12 07:00:47,cust_2940724,BENL,business_loan,34540,24,513,medium,rejected,0,call_center,true,96
app_20250112_00002111,2025-01-12 23:48:21,cust_4832343,CZPR,credit_card,35106,18,523,medium,approved,35106,online_banking,true,414
app_20250112_00002112,2025-01-12 06:39:11,cust_4425295,ATVI,mortgage,472345,120,611,medium,approved,472345,atm,false,398
app_20250112_00002113,2025-01-12 12:08:24,cust_4069108,FRID,mortgage,473925,360,812,low,approved,473925,mobile,false,482
app_20250112_00002114,2025-01-12 07:17:36,cust_149277,ITMI,personal_loan,15265,12,579,medium,rejected,0,call_center,true,8
app_20250112_00002115,2025-01-12 01:40:52,cust_4871149,DEHE,mortgage,378980,300,515,medium,approved,378980,mobile,true,341
app_20250112_00002116,2025-01-12 12:51:37,cust_4783517,NLAM,business_loan,20928,12,453,high,approved,20928,partner,true,435
app_20250112_00002117,2025-01-12 01:59:15,cust_4367145,AUTR,auto_loan,23029,24,823,low,approved,23029,partner,false,867
app_20250112_00002118,2025-01-12 04:24:29,cust_1926968,ATVI,personal_loan,23385,48,578,medium,rejected,0,atm,true,17
app_20250112_00002119,2025-01-12 20:07:48,cust_6004272,ITMI,auto_loan,53222,48,718,low,approved,53222,branch,true,349
app_20250112_00002120,2025-01-12 21:06:38,cust_6791709,AUTR,mortgage,174663,120,532,medium,approved,174663,online_banking,true,84
app_20250112_00002121,2025-01-12 09:02:34,cust_6451041,PORP,refinance,202818,180,625,medium,rejected,0,partner,true,100
app_20250112_00002122,2025-01-12 05:05:00,cust_8221045,DEHE,mortgage,86601,300,616,medium,approved,86601,web,true,460
app_20250112_00002123,2025-01-12 21:35:39,cust_1174615,AUTR,cash_loan,4249,24,714,low,approved,4249,call_center,true,169
app_20250112_00002124,2025-01-12 20:56:41,cust_5813906,DEHE,mortgage,261936,120,605,medium,rejected,0,mobile,true,107
app_20250112_00002125,2025-01-12 16:49:16,cust_3371391,ITMI,personal_loan,8611,24,660,medium,approved,8611,mobile,false,253
app_20250112_00002126,2025-01-12 12:14:55,cust_3040866,ESMA,mortgage,362689,240,658,medium,approved,362689,partner,false,373
app_20250112_00002127,2025-01-12 03:57:43,cust_1775575,PLWA,refinance,273562,240,618,medium,approved,273562,atm,false,276
app_20250112_00002128,2025-01-12 01:32:13,cust_5272516,UKLO,refinance,450857,180,564,medium,rejected,0,online_banking,false,80
app_20250112_00002129,2025-01-12 02:34:39,cust_5980718,DEHE,refinance,100788,360,607,medium,approved,100788,call_center,false,150
app_20250112_00002130,2025-01-12 03:01:12,cust_6887322,PLWA,auto_loan,56600,36,542,medium,rejected,0,mobile_app,true,21
app_20250112_00002131,2025-01-12 15:24:28,cust_5824397,NLAM,mortgage,432897,180,618,medium,approved,432897,mobile,true,777
app_20250112_00002132,2025-01-12 20:45:34,cust_6293002,GRRE,cash_loan,1986,30,736,low,approved,1986,online_banking,true,204
app_20250112_00002133,2025-01-12 17:14:45,cust_6087425,ESMA,credit_card,24178,12,514,medium,approved,24178,mobile_app,true,477
app_20250112_00002134,2025-01-12 00:01:34,cust_7354565,PORP,mortgage,344456,240,711,low,approved,344456,atm,false,875
app_20250112_00002135,2025-01-12 21:44:43,cust_7368447,DEHE,credit_card,44985,30,714,low,approved,44985,atm,true,476
app_20250112_00002136,2025-01-12 07:22:22,cust_6300339,ITMI,refinance,253015,120,622,medium,rejected,0,web,true,89
app_20250112_00002137,2025-01-12 06:21:50,cust_1659158,ATVI,business_loan,18657,48,850,low,approved,18657,web,false,812
app_20250112_00002138,2025-01-12 04:05:39,cust_2812342,ATVI,cash_loan,15000,30,525,medium,rejected,0,partner,false,8
app_20250112_00002139,2025-01-12 13:49:48,cust_7871976,ITMI,personal_loan,30035,42,517,medium,rejected,0,web,true,162
app_20250112_00002140,2025-01-12 03:47:10,cust_4021317,DEHE,education_loan,15111,24,679,medium,approved,15111,call_center,true,625
app_20250112_00002141,2025-01-12 14:31:59,cust_7121181,PLWA,business_loan,24662,60,625,medium,rejected,0,mobile_app,true,75
app_20250112_00002142,2025-01-12 09:01:16,cust_3959092,ITMI,auto_loan,26053,48,646,medium,rejected,0,branch,true,43
app_20250112_00002143,2025-01-12 22:32:02,cust_4027205,ESMA,credit_card,30094,12,599,medium,rejected,0,mobile_app,true,106
app_20250112_00002144,2025-01-12 00:58:39,cust_6474305,CHBE,credit_card,33381,42,822,low,approved,33381,mobile_app,false,532
app_20250112_00002145,2025-01-12 08:26:19,cust_7419799,PORP,auto_loan,54288,48,540,medium,rejected,0,partner,true,47
app_20250112_00002146,2025-01-12 05:52:29,cust_1988454,NLAM,business_loan,32551,36,618,medium,approved,32551,partner,true,116
app_20250112_00002147,2025-01-12 13:59:59,cust_8555925,BENL,personal_loan,49520,12,504,medium,approved,49520,mobile_app,false,163
app_20250112_00002148,2025-01-12 15:19:14,cust_7703511,ITMI,credit_card,38139,36,470,high,approved,38139,online_banking,true,359
app_20250112_00002149,2025-01-12 13:24:00,cust_1101612,GRRE,personal_loan,31556,48,499,high,approved,31556,web,true,498
app_20250112_00002150,2025-01-12 18:03:59,cust_3601741,SESV,credit_card,19666,18,682,medium,approved,19666,mobile,true,140
app_20250112_00002151,2025-01-12 17:33:37,cust_7176249,CZPR,credit_card,42248,30,468,high,approved,42248,online_banking,true,58
app_20250112_00002152,2025-01-12 06:59:35,cust_3056216,NLAM,cash_loan,22680,24,485,high,rejected,0,call_center,false,67
app_20250112_00002153,2025-01-12 17:13:36,cust_6664761,AUTR,education_loan,3812,24,485,high,rejected,0,call_center,false,167
app_20250112_00002154,2025-01-12 18:50:01,cust_1406212,GRRE,credit_card,31695,42,715,low,rejected,0,call_center,true,61
app_20250112_00002155,2025-01-12 10:18:57,cust_2287246,PORP,cash_loan,2445,30,562,medium,rejected,0,branch,false,163
app_20250112_00002156,2025-01-12 10:07:58,cust_7577775,SESV,credit_card,40500,36,666,medium,rejected,0,call_center,true,31
app_20250112_00002157,2025-01-12 18:59:21,cust_6455075,ESMA,credit_card,36472,42,603,medium,rejected,0,web,true,64
app_20250112_00002158,2025-01-12 16:38:43,cust_6178617,NLAM,auto_loan,43681,24,735,low,approved,43681,atm,false,312
app_20250112_00002159,2025-01-12 16:52:24,cust_2440779,ITMI,credit_card,4418,12,532,medium,approved,4418,mobile,true,722
app_20250112_00002160,2025-01-12 11:34:01,cust_8830654,AUTR,education_loan,11392,60,675,medium,rejected,0,online_banking,false,65
app_20250112_00002161,2025-01-12 08:41:56,cust_2920178,SESV,credit_card,26658,24,722,low,approved,26658,web,true,741
app_20250112_00002162,2025-01-12 20:26:37,cust_5565944,DEHE,credit_card,28440,42,680,medium,approved,28440,branch,false,549
app_20250112_00002163,2025-01-12 19:58:28,cust_6573628,ITMI,mortgage,276828,360,683,medium,approved,276828,call_center,true,760
app_20250112_00002164,2025-01-12 11:45:21,cust_2708288,CHBE,education_loan,30301,24,615,medium,approved,30301,mobile_app,true,426
app_20250112_00002165,2025-01-12 09:55:13,cust_6719631,PLWA,auto_loan,27571,36,722,low,approved,27571,web,true,714
app_20250112_00002166,2025-01-12 11:27:31,cust_9630119,DEHE,credit_card,4677,36,466,high,rejected,0,mobile_app,true,83
app_20250112_00002167,2025-01-12 09:05:18,cust_4003598,CHBE,credit_card,22200,30,572,medium,rejected,0,branch,false,44
app_20250112_00002168,2025-01-12 03:43:24,cust_8411320,ESMA,mortgage,275133,360,679,medium,approved,275133,partner,true,605
app_20250112_00002169,2025-01-12 07:44:38,cust_8435095,BENL,education_loan,23235,36,850,low,approved,23235,atm,false,173
app_20250112_00002170,2025-01-12 04:29:17,cust_2285639,PORP,cash_loan,40975,24,635,medium,approved,40975,branch,true,509
app_20250112_00002171,2025-01-12 11:29:47,cust_2885556,CHBE,personal_loan,44081,18,624,medium,rejected,0,atm,false,104
app_20250112_00002172,2025-01-12 13:41:21,cust_8037474,FRID,auto_loan,5304,72,563,medium,rejected,0,atm,false,24
app_20250112_00002173,2025-01-12 11:45:28,cust_7844975,CHBE,auto_loan,41874,36,778,low,rejected,0,partner,true,179
app_20250112_00002174,2025-01-12 00:15:33,cust_5948982,ATVI,personal_loan,2985,12,712,low,approved,2985,mobile_app,true,427
app_20250112_00002175,2025-01-12 03:09:59,cust_5722680,FRID,cash_loan,43606,18,617,medium,approved,43606,mobile,false,465
app_20250112_00002176,2025-01-12 04:32:27,cust_6252300,ATVI,education_loan,35405,60,716,low,approved,35405,web,true,599
app_20250112_00002177,2025-01-12 17:18:35,cust_1679783,BENL,education_loan,20007,60,723,low,approved,20007,partner,true,857
app_20250112_00002178,2025-01-12 12:01:51,cust_8202440,PLWA,credit_card,42545,12,718,low,approved,42545,mobile_app,false,610
app_20250112_00002179,2025-01-12 14:02:01,cust_2710985,UKLO,auto_loan,28751,24,850,low,approved,28751,atm,true,408
app_20250112_00002180,2025-01-12 07:26:57,cust_6550469,CZPR,credit_card,23498,36,616,medium,rejected,0,atm,true,170
app_20250112_00002181,2025-01-12 23:27:48,cust_9980338,DEHE,cash_loan,18684,18,568,medium,rejected,0,branch,false,130
app_20250112_00002182,2025-01-12 11:59:44,cust_9296130,CZPR,credit_card,49488,42,679,medium,rejected,0,online_banking,false,107
app_20250112_00002183,2025-01-12 18:53:53,cust_7482605,PORP,cash_loan,17594,12,713,low,approved,17594,mobile_app,false,223
app_20250112_00002184,2025-01-12 08:57:38,cust_3590334,FRID,business_loan,25289,60,771,low,approved,25289,mobile,true,785
app_20250112_00002185,2025-01-12 04:04:44,cust_9970919,PORP,credit_card,44915,18,654,medium,rejected,0,online_banking,true,147
app_20250112_00002186,2025-01-12 07:13:04,cust_2864468,BENL,auto_loan,49394,24,596,medium,approved,49394,atm,true,896
app_20250112_00002187,2025-01-12 17:20:24,cust_5509999,DEHE,cash_loan,41053,18,507,medium,rejected,0,web,true,113
app_20250112_00002188,2025-01-12 07:12:01,cust_7743099,FRID,personal_loan,44275,42,631,medium,approved,44275,online_banking,true,458
app_20250112_00002189,2025-01-12 13:24:20,cust_9601915,BENL,refinance,299309,300,682,medium,approved,299309,branch,true,79
app_20250112_00002190,2025-01-12 15:25:15,cust_5708731,NLAM,auto_loan,51260,60,633,medium,approved,51260,atm,true,732
app_20250112_00002191,2025-01-12 22:07:35,cust_2681825,PORP,cash_loan,32706,18,691,medium,rejected,0,mobile,false,89
app_20250112_00002192,2025-01-12 15:08:43,cust_7435384,PLWA,education_loan,36615,12,750,low,approved,36615,mobile_app,true,770
app_20250112_00002193,2025-01-12 16:17:54,cust_5214466,ATVI,mortgage,118375,120,748,low,approved,118375,mobile_app,true,126
app_20250112_00002194,2025-01-12 06:54:20,cust_110426,FRID,credit_card,39197,42,723,low,rejected,0,online_banking,true,78
app_20250112_00002195,2025-01-12 01:57:15,cust_3969025,ATVI,refinance,403583,240,769,low,approved,403583,atm,true,557
app_20250112_00002196,2025-01-12 05:25:18,cust_6158195,BENL,auto_loan,21820,36,665,medium,approved,21820,call_center,true,867
app_20250112_00002197,2025-01-12 09:46:27,cust_6849512,SESV,credit_card,3320,42,696,medium,approved,3320,atm,true,837
app_20250112_00002198,2025-01-12 08:34:15,cust_9434081,PLWA,personal_loan,18587,12,678,medium,approved,18587,atm,false,746
app_20250112_00002199,2025-01-12 09:08:47,cust_4991053,CHBE,business_loan,37789,36,671,medium,approved,37789,branch,false,340
app_20250112_00002200,2025-01-12 14:15:20,cust_4042926,FRID,education_loan,11368,36,650,medium,approved,11368,mobile,false,365
app_20250112_00002201,2025-01-12 10:51:08,cust_2875222,DEHE,refinance,308246,300,649,medium,approved,308246,call_center,false,105
app_20250112_00002202,2025-01-12 13:55:29,cust_5437219,PLWA,business_loan,6187,24,544,medium,rejected,0,mobile,true,147
app_20250112_00002203,2025-01-12 03:57:10,cust_5211552,UKLO,cash_loan,40340,24,796,low,approved,40340,web,true,211
app_20250112_00002204,2025-01-12 06:25:26,cust_6382855,ATVI,business_loan,18405,12,724,low,approved,18405,branch,false,534
app_20250112_00002205,2025-01-12 21:06:27,cust_1074237,PLWA,auto_loan,30768,48,561,medium,approved,30768,branch,true,797
app_20250112_00002206,2025-01-12 00:17:09,cust_6020776,ESMA,personal_loan,22514,48,726,low,approved,22514,online_banking,true,640
app_20250112_00002207,2025-01-12 03:34:07,cust_4196024,SESV,refinance,107699,360,818,low,approved,107699,mobile_app,true,363
app_20250112_00002208,2025-01-12 11:59:43,cust_4032285,PORP,cash_loan,38003,36,495,high,rejected,0,online_banking,true,109
app_20250112_00002209,2025-01-12 15:58:19,cust_729142,SESV,auto_loan,25624,60,721,low,rejected,0,partner,false,115
app_20250112_00002210,2025-01-12 23:25:07,cust_6776626,ATVI,auto_loan,29463,48,518,medium,rejected,0,atm,true,100
app_20250112_00002211,2025-01-12 08:30:12,cust_3549027,ESMA,mortgage,440055,120,610,medium,approved,440055,atm,true,341
app_20250112_00002212,2025-01-12 20:35:12,cust_9621510,CHBE,personal_loan,29789,42,706,low,approved,29789,atm,true,319
app_20250112_00002213,2025-01-12 00:54:11,cust_145450,DEHE,auto_loan,44194,48,596,medium,rejected,0,mobile,true,10
app_20250112_00002214,2025-01-12 09:03:36,cust_921584,BENL,business_loan,29920,36,684,medium,rejected,0,mobile_app,false,174
app_20250112_00002215,2025-01-12 08:44:52,cust_5343261,ESMA,personal_loan,2109,30,656,medium,rejected,0,call_center,true,12
app_20250112_00002216,2025-01-12 09:00:15,cust_5696819,CHBE,auto_loan,46872,36,764,low,approved,46872,branch,false,551
app_20250112_00002217,2025-01-12 17:14:36,cust_7224843,FRID,auto_loan,8889,24,709,low,approved,8889,mobile_app,true,410
app_20250112_00002218,2025-01-12 06:51:47,cust_6179498,ESMA,cash_loan,14417,42,687,medium,rejected,0,mobile,true,145
app_20250112_00002219,2025-01-12 12:36:01,cust_9220575,ESMA,cash_loan,37245,48,612,medium,rejected,0,web,true,129
app_20250112_00002220,2025-01-12 20:03:49,cust_500828,AUTR,education_loan,9125,12,613,medium,approved,9125,call_center,false,605
app_20250112_00002221,2025-01-12 14:44:52,cust_5336181,ITMI,refinance,498889,300,657,medium,approved,498889,web,false,87
app_20250112_00002222,2025-01-12 02:43:40,cust_8543097,GRRE,credit_card,19942,18,850,low,approved,19942,partner,false,43
app_20250112_00002223,2025-01-12 03:06:21,cust_4194337,GRRE,credit_card,41150,42,617,medium,approved,41150,web,false,118
app_20250112_00002224,2025-01-12 08:52:17,cust_822192,GRRE,refinance,253884,120,621,medium,approved,253884,atm,true,78
app_20250112_00002225,2025-01-12 23:00:06,cust_9241270,CZPR,cash_loan,18829,48,681,medium,approved,18829,branch,false,444
app_20250112_00002226,2025-01-12 22:11:50,cust_8732827,GRRE,auto_loan,36076,48,850,low,approved,36076,mobile,true,834
app_20250112_00002227,2025-01-12 05:42:59,cust_6389242,AUTR,personal_loan,38987,30,599,medium,rejected,0,online_banking,true,130
app_20250112_00002228,2025-01-12 15:47:20,cust_5910904,ATVI,cash_loan,46800,18,745,low,approved,46800,call_center,true,873
app_20250112_00002229,2025-01-12 12:07:40,cust_1135718,ATVI,refinance,306761,180,790,low,approved,306761,atm,false,687
app_20250112_00002230,2025-01-12 22:28:39,cust_790551,BENL,business_loan,8677,12,660,medium,approved,8677,web,false,414
app_20250112_00002231,2025-01-12 12:20:29,cust_8912707,FRID,cash_loan,22716,12,748,low,approved,22716,mobile_app,true,748
app_20250112_00002232,2025-01-12 20:34:12,cust_8372376,PORP,cash_loan,40500,24,731,low,approved,40500,mobile,true,232
app_20250112_00002233,2025-01-12 22:33:31,cust_5048747,FRID,education_loan,25188,12,665,medium,approved,25188,partner,false,597
app_20250112_00002234,2025-01-12 12:30:51,cust_5899137,PORP,credit_card,13431,36,672,medium,rejected,0,call_center,true,172
app_20250112_00002235,2025-01-12 01:23:39,cust_6456423,BENL,cash_loan,24141,18,751,low,approved,24141,branch,false,558
app_20250112_00002236,2025-01-12 04:11:12,cust_3713365,CZPR,personal_loan,11158,24,585,medium,rejected,0,atm,true,72
app_20250112_00002237,2025-01-12 01:07:34,cust_7616402,DEHE,credit_card,39911,48,626,medium,approved,39911,mobile_app,true,95
app_20250112_00002238,2025-01-12 17:41:20,cust_2285614,PLWA,credit_card,46901,24,706,low,approved,46901,branch,true,491
app_20250112_00002239,2025-01-12 17:33:56,cust_3140603,ITMI,mortgage,374088,180,716,low,approved,374088,call_center,true,55
app_20250112_00002240,2025-01-12 11:59:51,cust_9473137,PORP,business_loan,23958,12,671,medium,rejected,0,atm,false,90
app_20250112_00002241,2025-01-12 21:34:30,cust_7059921,SESV,business_loan,3164,36,530,medium,approved,3164,call_center,true,828
app_20250112_00002242,2025-01-12 09:36:29,cust_7853775,CHBE,credit_card,12183,12,736,low,approved,12183,web,false,330
app_20250112_00002243,2025-01-12 11:55:39,cust_6354310,FRID,auto_loan,40516,36,663,medium,approved,40516,branch,true,468
app_20250112_00002244,2025-01-12 07:08:40,cust_4204105,SESV,credit_card,7339,12,733,low,approved,7339,mobile,true,866
app_20250112_00002245,2025-01-12 05:46:12,cust_5566567,PLWA,business_loan,38948,60,676,medium,rejected,0,atm,true,26
app_20250112_00002246,2025-01-12 23:39:34,cust_7098956,ITMI,business_loan,18923,12,700,low,approved,18923,web,false,849
app_20250112_00002247,2025-01-12 02:41:23,cust_2770081,PLWA,education_loan,20828,36,636,medium,approved,20828,partner,true,771
app_20250112_00002248,2025-01-12 18:47:17,cust_6288578,PLWA,credit_card,2747,18,759,low,approved,2747,call_center,true,692
app_20250112_00002249,2025-01-12 02:44:00,cust_2318969,DEHE,credit_card,26106,12,583,medium,approved,26106,branch,true,769
app_20250112_00002250,2025-01-12 12:19:21,cust_2474611,PORP,education_loan,11237,36,709,low,approved,11237,partner,true,827
app_20250112_00002251,2025-01-12 06:45:17,cust_7872393,DEHE,business_loan,3581,36,598,medium,rejected,0,online_banking,true,62
app_20250112_00002252,2025-01-12 13:34:42,cust_8314260,CZPR,business_loan,18326,36,615,medium,approved,18326,mobile,true,144
app_20250112_00002253,2025-01-12 10:48:09,cust_7168173,AUTR,business_loan,8151,12,690,medium,approved,8151,branch,false,559
app_20250112_00002254,2025-01-12 04:41:27,cust_3404979,FRID,education_loan,21196,24,831,low,approved,21196,mobile,true,791
app_20250112_00002255,2025-01-12 16:01:42,cust_7093991,DEHE,business_loan,34574,24,474,high,rejected,0,branch,true,45
app_20250112_00002256,2025-01-12 05:11:42,cust_5141903,PORP,business_loan,3151,36,800,low,approved,3151,web,false,347
app_20250112_00002257,2025-01-12 00:33:16,cust_3792375,NLAM,business_loan,6240,48,659,medium,approved,6240,web,false,763
app_20250112_00002258,2025-01-12 11:20:56,cust_1780152,ITMI,credit_card,47973,42,787,low,approved,47973,branch,false,708
app_20250112_00002259,2025-01-12 14:31:52,cust_900160,CHBE,mortgage,79848,360,537,medium,rejected,0,web,false,33
app_20250112_00002260,2025-01-12 09:26:48,cust_4491077,ATVI,education_loan,27407,12,555,medium,rejected,0,mobile_app,true,66
app_20250112_00002261,2025-01-12 22:38:22,cust_8067600,CZPR,credit_card,45951,12,505,medium,rejected,0,web,false,48
app_20250112_00002262,2025-01-12 08:28:19,cust_1955017,DEHE,credit_card,34198,42,670,medium,rejected,0,call_center,true,18
app_20250112_00002263,2025-01-12 14:01:29,cust_4926013,UKLO,education_loan,7567,36,571,medium,approved,7567,web,true,655
app_20250112_00002264,2025-01-12 11:21:24,cust_7148271,SESV,refinance,273274,180,731,low,approved,273274,online_banking,true,755
app_20250112_00002265,2025-01-12 13:21:38,cust_7580356,PORP,education_loan,33968,48,608,medium,approved,33968,mobile,true,212
app_20250112_00002266,2025-01-12 09:12:32,cust_7225031,UKLO,education_loan,10083,24,578,medium,rejected,0,partner,false,143
app_20250112_00002267,2025-01-12 00:34:29,cust_9482485,UKLO,refinance,315548,360,635,medium,approved,315548,online_banking,true,170
app_20250112_00002268,2025-01-12 06:59:01,cust_5743935,FRID,credit_card,10168,24,649,medium,rejected,0,online_banking,false,147
app_20250112_00002269,2025-01-12 15:49:24,cust_7326246,ATVI,business_loan,15500,24,808,low,approved,15500,call_center,false,572
app_20250112_00002270,2025-01-12 23:30:51,cust_8914842,AUTR,credit_card,22303,48,625,medium,rejected,0,mobile,false,79
app_20250112_00002271,2025-01-12 11:14:40,cust_727428,ESMA,personal_loan,7035,24,850,low,approved,7035,online_banking,false,846
app_20250112_00002272,2025-01-12 10:00:26,cust_9598577,NLAM,education_loan,33967,24,376,high,rejected,0,branch,true,132
app_20250112_00002273,2025-01-12 10:15:49,cust_5713311,ITMI,credit_card,23032,42,662,medium,rejected,0,atm,false,40
app_20250112_00002274,2025-01-12 00:14:21,cust_5933173,PLWA,business_loan,24559,12,595,medium,approved,24559,branch,true,266
app_20250112_00002275,2025-01-12 07:07:55,cust_6636985,ITMI,education_loan,8481,48,702,low,approved,8481,branch,true,619
app_20250112_00002276,2025-01-12 23:58:12,cust_5032242,ATVI,education_loan,29907,12,533,medium,rejected,0,web,false,139
app_20250112_00002277,2025-01-12 10:00:29,cust_3659101,ITMI,cash_loan,20754,30,673,medium,approved,20754,web,true,131
app_20250112_00002278,2025-01-12 20:37:55,cust_9676548,PORP,education_loan,10748,60,672,medium,rejected,0,web,false,162
app_20250112_00002279,2025-01-12 21:05:47,cust_3592160,FRID,refinance,273840,300,663,medium,approved,273840,online_banking,false,871
app_20250112_00002280,2025-01-12 07:56:33,cust_9672727,DEHE,auto_loan,58004,24,540,medium,approved,58004,atm,false,507
app_20250112_00002281,2025-01-12 22:56:17,cust_2012447,CHBE,refinance,141869,360,676,medium,approved,141869,mobile_app,false,466
app_20250112_00002282,2025-01-12 09:14:22,cust_8173070,BENL,cash_loan,31543,30,532,medium,approved,31543,mobile,false,740
app_20250112_00002283,2025-01-12 01:37:31,cust_9311962,ESMA,personal_loan,31484,24,645,medium,approved,31484,atm,false,100
app_20250112_00002284,2025-01-12 04:51:34,cust_7569988,CZPR,auto_loan,42787,24,850,low,approved,42787,branch,true,631
app_20250112_00002285,2025-01-12 18:36:50,cust_689481,SESV,mortgage,183345,240,602,medium,approved,183345,web,false,371
app_20250112_00002286,2025-01-12 16:23:30,cust_1068398,ATVI,cash_loan,15233,30,736,low,rejected,0,mobile,true,151
app_20250112_00002287,2025-01-12 23:15:44,cust_2741192,FRID,refinance,480848,180,610,medium,approved,480848,call_center,true,401
app_20250112_00002288,2025-01-12 21:25:04,cust_7724272,PLWA,business_loan,24994,12,733,low,approved,24994,atm,true,635
app_20250112_00002289,2025-01-12 06:31:27,cust_8934642,NLAM,personal_loan,49287,18,850,low,approved,49287,call_center,true,378
app_20250112_00002290,2025-01-12 13:25:20,cust_8952020,DEHE,personal_loan,14234,48,472,high,rejected,0,web,true,30
app_20250112_00002291,2025-01-12 00:22:23,cust_1912931,DEHE,auto_loan,24001,24,495,high,approved,24001,mobile_app,true,311
app_20250112_00002292,2025-01-12 22:41:49,cust_2283425,DEHE,refinance,54721,300,665,medium,approved,54721,atm,true,447
app_20250112_00002293,2025-01-12 01:17:02,cust_8299800,ATVI,cash_loan,39364,12,585,medium,approved,39364,mobile_app,true,548
app_20250112_00002294,2025-01-12 11:12:42,cust_586075,BENL,mortgage,192885,240,614,medium,approved,192885,atm,false,280
app_20250112_00002295,2025-01-12 22:52:33,cust_961945,ESMA,business_loan,23594,24,761,low,approved,23594,branch,true,504
app_20250112_00002296,2025-01-12 23:27:44,cust_6033849,AUTR,cash_loan,30128,48,696,medium,rejected,0,branch,true,19
app_20250112_00002297,2025-01-12 19:58:11,cust_3098776,PLWA,auto_loan,9689,24,532,medium,rejected,0,mobile_app,true,97
app_20250112_00002298,2025-01-12 05:48:01,cust_2130803,CHBE,personal_loan,27579,30,371,high,rejected,0,online_banking,true,106
app_20250112_00002299,2025-01-12 22:19:55,cust_8114724,NLAM,personal_loan,8558,24,599,medium,rejected,0,partner,true,10
app_20250112_00002300,2025-01-12 08:58:33,cust_395888,ESMA,auto_loan,10207,60,690,medium,rejected,0,call_center,false,51
app_20250112_00002301,2025-01-12 14:56:10,cust_9532157,AUTR,refinance,337350,240,488,high,approved,337350,mobile,false,554
app_20250112_00002302,2025-01-12 09:05:20,cust_6582845,UKLO,credit_card,39599,18,727,low,approved,39599,web,true,315
app_20250112_00002303,2025-01-12 05:59:21,cust_6974981,DEHE,business_loan,3871,60,660,medium,approved,3871,branch,false,229
app_20250112_00002304,2025-01-12 10:26:50,cust_9423538,ITMI,personal_loan,20260,30,476,high,approved,20260,mobile_app,true,353
app_20250112_00002305,2025-01-12 22:59:30,cust_2070460,DEHE,business_loan,8367,60,837,low,approved,8367,mobile,false,846
app_20250112_00002306,2025-01-12 07:44:54,cust_5647148,NLAM,personal_loan,14880,48,815,low,approved,14880,branch,false,631
app_20250112_00002307,2025-01-12 05:14:49,cust_5381876,UKLO,personal_loan,32752,24,594,medium,approved,32752,mobile,false,463
app_20250112_00002308,2025-01-12 07:55:23,cust_2949615,DEHE,education_loan,30178,60,711,low,approved,30178,partner,false,94
app_20250112_00002309,2025-01-12 06:20:43,cust_4473196,NLAM,mortgage,244510,300,656,medium,approved,244510,partner,false,160
app_20250112_00002310,2025-01-12 16:17:55,cust_9706001,FRID,refinance,77085,120,666,medium,approved,77085,atm,true,534
app_20250112_00002311,2025-01-12 09:34:59,cust_4284869,NLAM,mortgage,81407,180,431,high,approved,81407,call_center,true,328
app_20250112_00002312,2025-01-12 09:35:38,cust_8908748,BENL,mortgage,278773,180,704,low,approved,278773,web,true,292
app_20250112_00002313,2025-01-12 17:19:05,cust_6018869,UKLO,credit_card,1096,42,575,medium,rejected,0,mobile,true,33
app_20250112_00002314,2025-01-12 11:54:01,cust_508564,CHBE,personal_loan,45229,36,616,medium,approved,45229,online_banking,true,339
app_20250112_00002315,2025-01-12 04:39:38,cust_5893859,UKLO,business_loan,10328,48,826,low,approved,10328,online_banking,true,52
app_20250112_00002316,2025-01-12 07:52:37,cust_7874066,AUTR,refinance,83596,360,785,low,rejected,0,call_center,true,162
app_20250112_00002317,2025-01-12 22:07:43,cust_434224,ESMA,personal_loan,6376,30,462,high,rejected,0,mobile,true,179
app_20250112_00002318,2025-01-12 12:09:39,cust_6852185,PORP,cash_loan,45326,30,815,low,approved,45326,mobile,false,292
app_20250112_00002319,2025-01-12 00:45:18,cust_3939000,PLWA,personal_loan,35791,48,666,medium,approved,35791,partner,true,450
app_20250112_00002320,2025-01-12 09:17:37,cust_4333197,CZPR,auto_loan,56192,60,650,medium,approved,56192,mobile_app,false,651
app_20250112_00002321,2025-01-12 14:15:31,cust_7259454,UKLO,cash_loan,47942,42,490,high,rejected,0,web,false,170
app_20250112_00002322,2025-01-12 17:10:58,cust_6751373,PORP,cash_loan,14945,12,471,high,rejected,0,web,true,33
app_20250112_00002323,2025-01-12 22:34:20,cust_2005861,UKLO,refinance,393406,240,793,low,approved,393406,partner,false,180
app_20250112_00002324,2025-01-12 08:30:16,cust_1627527,FRID,personal_loan,21562,18,689,medium,rejected,0,mobile_app,false,144
app_20250112_00002325,2025-01-12 14:30:54,cust_3240301,PLWA,business_loan,36729,48,524,medium,rejected,0,web,true,42
app_20250112_00002326,2025-01-12 19:57:44,cust_1465432,CHBE,credit_card,2317,24,750,low,approved,2317,online_banking,true,869
app_20250112_00002327,2025-01-12 00:37:27,cust_7678212,ITMI,credit_card,34700,24,724,low,approved,34700,mobile,true,87
app_20250112_00002328,2025-01-12 20:34:57,cust_2906528,GRRE,refinance,188889,300,634,medium,approved,188889,atm,false,100
app_20250112_00002329,2025-01-12 09:28:02,cust_2830680,UKLO,refinance,342200,180,705,low,approved,342200,branch,true,593
app_20250112_00002330,2025-01-12 14:28:46,cust_5535704,ESMA,refinance,131455,300,673,medium,rejected,0,partner,false,62
app_20250112_00002331,2025-01-12 01:39:22,cust_1663934,ESMA,refinance,270908,300,680,medium,approved,270908,mobile_app,false,63
app_20250112_00002332,2025-01-12 11:17:01,cust_2105472,SESV,cash_loan,15547,12,503,medium,approved,15547,call_center,false,55
app_20250112_00002333,2025-01-12 17:15:54,cust_3708796,NLAM,cash_loan,31407,30,553,medium,approved,31407,mobile,false,529
app_20250112_00002334,2025-01-12 18:29:36,cust_6116287,FRID,business_loan,14093,12,685,medium,rejected,0,atm,true,58
app_20250112_00002335,2025-01-12 21:12:27,cust_1959080,AUTR,credit_card,30363,36,650,medium,approved,30363,online_banking,false,179
app_20250112_00002336,2025-01-12 08:48:08,cust_5889434,GRRE,credit_card,10218,24,590,medium,rejected,0,mobile_app,false,39
app_20250112_00002337,2025-01-12 18:40:13,cust_3385463,ITMI,mortgage,427295,180,643,medium,approved,427295,web,true,385
app_20250112_00002338,2025-01-12 08:33:33,cust_1824869,ESMA,credit_card,44405,36,751,low,approved,44405,partner,false,729
app_20250112_00002339,2025-01-12 17:19:29,cust_991241,ATVI,business_loan,23887,60,738,low,approved,23887,atm,true,397
app_20250112_00002340,2025-01-12 16:06:15,cust_6635706,SESV,cash_loan,6063,48,525,medium,rejected,0,web,true,136
app_20250112_00002341,2025-01-12 16:51:54,cust_1734890,PLWA,business_loan,14128,48,490,high,rejected,0,atm,false,117
app_20250112_00002342,2025-01-12 06:51:01,cust_9392700,UKLO,auto_loan,43408,36,755,low,approved,43408,mobile_app,true,321
app_20250112_00002343,2025-01-12 18:36:13,cust_8417703,SESV,auto_loan,24810,36,545,medium,rejected,0,mobile,false,177
app_20250112_00002344,2025-01-12 13:30:40,cust_9351443,AUTR,mortgage,358977,360,751,low,approved,358977,branch,false,609
app_20250112_00002345,2025-01-12 21:23:25,cust_3262354,SESV,credit_card,22926,36,609,medium,rejected,0,partner,false,5
app_20250112_00002346,2025-01-12 14:43:45,cust_2784052,FRID,auto_loan,6625,48,710,low,approved,6625,call_center,false,769
app_20250112_00002347,2025-01-12 08:41:30,cust_3898013,PLWA,credit_card,32602,48,520,medium,rejected,0,branch,true,113
app_20250112_00002348,2025-01-12 17:31:20,cust_1431489,ATVI,auto_loan,7817,48,738,low,approved,7817,atm,false,526
app_20250112_00002349,2025-01-12 16:07:59,cust_1440935,UKLO,mortgage,243927,300,541,medium,rejected,0,call_center,true,144
app_20250112_00002350,2025-01-12 12:23:12,cust_7841963,AUTR,business_loan,27198,36,661,medium,rejected,0,online_banking,true,75
app_20250112_00002351,2025-01-12 22:19:40,cust_7526715,ITMI,education_loan,4553,48,726,low,approved,4553,atm,true,550
app_20250112_00002352,2025-01-12 05:53:56,cust_7302912,ITMI,cash_loan,39034,12,763,low,approved,39034,call_center,false,773
app_20250112_00002353,2025-01-12 11:13:34,cust_1479587,ESMA,auto_loan,27499,48,648,medium,approved,27499,web,false,372
app_20250112_00002354,2025-01-12 00:59:50,cust_5122128,AUTR,credit_card,12739,48,452,high,rejected,0,atm,true,107
app_20250112_00002355,2025-01-12 17:01:25,cust_9026737,ATVI,auto_loan,58796,36,564,medium,approved,58796,atm,false,324
app_20250112_00002356,2025-01-12 22:22:42,cust_8029747,FRID,credit_card,6841,42,620,medium,approved,6841,online_banking,false,273
app_20250112_00002357,2025-01-12 13:50:54,cust_642545,PLWA,credit_card,5178,36,627,medium,approved,5178,atm,false,145
app_20250112_00002358,2025-01-12 07:22:10,cust_5031415,FRID,education_loan,10082,24,519,medium,approved,10082,branch,false,403
app_20250112_00002359,2025-01-12 11:59:53,cust_8237434,BENL,refinance,419831,240,630,medium,rejected,0,branch,true,29
app_20250112_00002360,2025-01-12 03:17:50,cust_7815964,ESMA,auto_loan,59151,36,674,medium,approved,59151,atm,false,253
app_20250112_00002361,2025-01-12 12:57:19,cust_1675199,DEHE,mortgage,186988,120,648,medium,rejected,0,mobile,false,144
app_20250112_00002362,2025-01-12 02:12:19,cust_141463,PLWA,cash_loan,30242,42,616,medium,approved,30242,web,false,369
app_20250112_00002363,2025-01-12 20:56:40,cust_3277705,GRRE,auto_loan,39232,24,675,medium,approved,39232,atm,true,633
app_20250112_00002364,2025-01-12 15:28:17,cust_8394403,PLWA,refinance,394834,120,698,medium,approved,394834,mobile_app,true,776
app_20250112_00002365,2025-01-12 08:13:01,cust_2303912,PORP,refinance,272576,180,797,low,approved,272576,atm,true,83
app_20250112_00002366,2025-01-12 02:38:02,cust_8401251,AUTR,refinance,362600,180,820,low,approved,362600,mobile_app,true,512
app_20250112_00002367,2025-01-12 03:37:04,cust_8585872,NLAM,personal_loan,16734,42,697,medium,approved,16734,mobile,true,525
app_20250112_00002368,2025-01-12 07:44:47,cust_8197042,BENL,auto_loan,13335,24,644,medium,approved,13335,mobile,true,46
app_20250112_00002369,2025-01-12 17:27:21,cust_3201778,FRID,refinance,95265,120,628,medium,rejected,0,call_center,false,139
app_20250112_00002370,2025-01-12 06:18:07,cust_7328261,DEHE,mortgage,489353,180,600,medium,rejected,0,branch,true,121
app_20250112_00002371,2025-01-12 13:45:33,cust_2959360,PORP,business_loan,20102,60,697,medium,rejected,0,mobile,true,108
app_20250112_00002372,2025-01-12 03:15:37,cust_4808679,CZPR,personal_loan,31463,12,631,medium,approved,31463,partner,false,302
app_20250112_00002373,2025-01-12 16:51:01,cust_2413762,BENL,auto_loan,21150,60,849,low,approved,21150,branch,true,128
app_20250112_00002374,2025-01-12 18:37:38,cust_4825352,CZPR,mortgage,268319,240,753,low,approved,268319,partner,true,756
app_20250112_00002375,2025-01-12 16:41:41,cust_2826587,PORP,mortgage,249900,240,611,medium,approved,249900,web,true,859
app_20250112_00002376,2025-01-12 16:02:20,cust_1482894,GRRE,credit_card,13641,12,766,low,rejected,0,call_center,true,176
app_20250112_00002377,2025-01-12 13:03:42,cust_368668,PLWA,cash_loan,1430,24,670,medium,approved,1430,partner,true,625
app_20250112_00002378,2025-01-12 23:22:28,cust_6575464,NLAM,personal_loan,11855,24,744,low,approved,11855,partner,true,181
app_20250112_00002379,2025-01-12 08:33:20,cust_4218885,DEHE,cash_loan,28438,30,516,medium,rejected,0,online_banking,true,131
app_20250112_00002380,2025-01-12 16:12:48,cust_2665400,PORP,refinance,364078,240,637,medium,rejected,0,mobile,false,77
app_20250112_00002381,2025-01-12 14:47:29,cust_1615780,DEHE,auto_loan,28139,24,658,medium,approved,28139,web,false,674
app_20250112_00002382,2025-01-12 08:32:36,cust_4899622,CHBE,mortgage,392567,240,800,low,approved,392567,mobile_app,false,891
app_20250112_00002383,2025-01-12 13:02:13,cust_8922259,NLAM,credit_card,22403,42,689,medium,approved,22403,mobile_app,false,521
app_20250112_00002384,2025-01-12 09:03:07,cust_6495881,ESMA,cash_loan,33664,18,753,low,approved,33664,call_center,true,474
app_20250112_00002385,2025-01-12 01:17:47,cust_5548075,FRID,education_loan,24113,12,798,low,approved,24113,call_center,true,812
app_20250112_00002386,2025-01-12 17:05:17,cust_1756631,CHBE,auto_loan,36790,72,514,medium,rejected,0,branch,true,125
app_20250112_00002387,2025-01-12 05:46:15,cust_4423102,SESV,education_loan,12311,48,704,low,approved,12311,mobile,false,550
app_20250112_00002388,2025-01-12 20:47:10,cust_1601484,AUTR,refinance,371053,300,622,medium,approved,371053,mobile_app,true,457
app_20250112_00002389,2025-01-12 03:58:39,cust_9116280,CHBE,auto_loan,48769,36,524,medium,rejected,0,partner,false,157
app_20250112_00002390,2025-01-12 02:07:27,cust_3219378,FRID,credit_card,27985,48,676,medium,approved,27985,call_center,false,557
app_20250112_00002391,2025-01-12 16:32:10,cust_2972017,BENL,auto_loan,16337,48,581,medium,approved,16337,mobile,false,384
app_20250112_00002392,2025-01-12 10:05:23,cust_5918347,SESV,business_loan,22419,60,699,medium,rejected,0,mobile,true,145
app_20250112_00002393,2025-01-12 10:57:23,cust_5926756,ITMI,education_loan,4365,48,762,low,approved,4365,web,false,499
app_20250112_00002394,2025-01-12 01:14:49,cust_8888441,CHBE,cash_loan,46063,18,704,low,approved,46063,online_banking,true,370
app_20250112_00002395,2025-01-12 10:52:19,cust_4653878,CHBE,refinance,483424,180,559,medium,approved,483424,partner,false,671
app_20250112_00002396,2025-01-12 07:33:20,cust_7930689,ITMI,mortgage,287220,240,786,low,approved,287220,partner,false,450
app_20250112_00002397,2025-01-12 16:57:45,cust_8933698,SESV,auto_loan,37150,24,704,low,rejected,0,online_banking,true,25
app_20250112_00002398,2025-01-12 12:25:39,cust_6174175,BENL,business_loan,17466,12,628,medium,approved,17466,mobile,true,795
app_20250112_00002399,2025-01-12 15:47:09,cust_1098502,NLAM,credit_card,43597,18,537,medium,rejected,0,partner,true,156
app_20250112_00002400,2025-01-12 08:51:26,cust_6020438,GRRE,refinance,400483,120,668,medium,approved,400483,call_center,true,584
app_20250112_00002401,2025-01-12 06:41:18,cust_4501710,CHBE,refinance,193827,240,608,medium,approved,193827,partner,false,706
app_20250112_00002402,2025-01-12 03:47:45,cust_4239803,CZPR,cash_loan,29277,24,848,low,approved,29277,mobile,false,295
app_20250112_00002403,2025-01-12 05:24:11,cust_1649272,DEHE,cash_loan,6870,36,608,medium,approved,6870,atm,true,837
app_20250112_00002404,2025-01-12 16:44:55,cust_3554497,SESV,refinance,369712,240,558,medium,rejected,0,online_banking,true,97
app_20250112_00002405,2025-01-12 02:18:24,cust_9771402,BENL,business_loan,7548,60,653,medium,rejected,0,call_center,true,5
app_20250112_00002406,2025-01-12 04:50:28,cust_6558446,SESV,business_loan,7070,12,472,high,rejected,0,partner,true,83
app_20250112_00002407,2025-01-12 03:16:03,cust_8350767,ATVI,business_loan,21577,36,590,medium,approved,21577,mobile_app,true,847
app_20250112_00002408,2025-01-12 09:27:13,cust_4717363,PORP,business_loan,26891,36,589,medium,rejected,0,call_center,true,119
app_20250112_00002409,2025-01-12 02:17:26,cust_4393025,PORP,auto_loan,26485,72,658,medium,approved,26485,online_banking,false,567
app_20250112_00002410,2025-01-12 08:22:27,cust_1052363,FRID,business_loan,7379,48,633,medium,approved,7379,web,false,441
app_20250112_00002411,2025-01-12 18:15:53,cust_2873760,SESV,cash_loan,1029,30,734,low,approved,1029,atm,false,893
app_20250112_00002412,2025-01-12 17:17:16,cust_1744038,ESMA,business_loan,31162,24,618,medium,approved,31162,branch,true,375
app_20250112_00002413,2025-01-12 21:06:40,cust_676038,ESMA,auto_loan,49232,48,816,low,approved,49232,web,true,237
app_20250112_00002414,2025-01-12 11:48:56,cust_6075835,GRRE,personal_loan,5596,36,637,medium,approved,5596,atm,true,188
app_20250112_00002415,2025-01-12 00:16:24,cust_1391646,NLAM,credit_card,34680,12,682,medium,approved,34680,mobile_app,false,502
app_20250112_00002416,2025-01-12 06:53:00,cust_8761263,AUTR,refinance,117443,120,596,medium,rejected,0,online_banking,true,179
app_20250112_00002417,2025-01-12 05:23:56,cust_1278000,CHBE,education_loan,4120,48,663,medium,approved,4120,web,true,196
app_20250112_00002418,2025-01-12 17:29:20,cust_2469749,FRID,auto_loan,25950,72,604,medium,approved,25950,partner,true,97
app_20250112_00002419,2025-01-12 08:20:30,cust_5294585,ATVI,auto_loan,11283,72,651,medium,approved,11283,atm,true,247
app_20250112_00002420,2025-01-12 20:12:46,cust_5699048,ATVI,personal_loan,5249,42,623,medium,approved,5249,online_banking,true,310
app_20250112_00002421,2025-01-12 02:52:16,cust_2755808,AUTR,mortgage,117482,240,622,medium,approved,117482,branch,false,362
app_20250112_00002422,2025-01-12 12:25:31,cust_2583776,NLAM,refinance,119962,240,623,medium,rejected,0,partner,false,89
app_20250112_00002423,2025-01-12 14:34:52,cust_9474195,ITMI,education_loan,37666,48,742,low,approved,37666,partner,false,186
app_20250112_00002424,2025-01-12 18:40:47,cust_3818650,NLAM,personal_loan,46224,24,737,low,rejected,0,mobile,true,30
app_20250112_00002425,2025-01-12 19:56:52,cust_2513740,NLAM,refinance,158508,120,700,low,approved,158508,web,false,481
app_20250112_00002426,2025-01-12 05:33:43,cust_4740295,AUTR,education_loan,31837,60,484,high,rejected,0,atm,false,29
app_20250112_00002427,2025-01-12 23:25:05,cust_6227213,ATVI,cash_loan,38886,24,372,high,rejected,0,call_center,true,61
app_20250112_00002428,2025-01-12 20:07:08,cust_882604,UKLO,cash_loan,14643,42,695,medium,approved,14643,online_banking,false,686
app_20250112_00002429,2025-01-12 16:24:02,cust_7577687,PLWA,mortgage,214822,120,573,medium,approved,214822,web,false,432
app_20250112_00002430,2025-01-12 00:15:20,cust_3457704,GRRE,education_loan,38276,36,787,low,approved,38276,online_banking,true,639
app_20250112_00002431,2025-01-12 23:00:53,cust_7992322,PORP,cash_loan,46853,12,687,medium,approved,46853,mobile_app,false,44
app_20250112_00002432,2025-01-12 17:47:29,cust_3418697,PORP,business_loan,6562,36,571,medium,approved,6562,online_banking,true,322
app_20250112_00002433,2025-01-12 12:33:53,cust_2679190,ESMA,business_loan,10678,48,652,medium,rejected,0,online_banking,false,85
app_20250112_00002434,2025-01-12 20:58:05,cust_190561,CZPR,credit_card,45347,24,685,medium,approved,45347,partner,true,407
app_20250112_00002435,2025-01-12 10:21:09,cust_6922965,ITMI,education_loan,38092,60,587,medium,approved,38092,mobile_app,true,36
app_20250112_00002436,2025-01-12 06:09:55,cust_4482981,PORP,cash_loan,42159,36,634,medium,approved,42159,partner,true,453
app_20250112_00002437,2025-01-12 19:30:25,cust_6354814,ESMA,cash_loan,22092,30,605,medium,approved,22092,partner,false,600
app_20250112_00002438,2025-01-12 12:02:00,cust_3324057,SESV,business_loan,39533,12,628,medium,approved,39533,mobile_app,true,115
app_20250112_00002439,2025-01-12 10:01:04,cust_7385703,GRRE,credit_card,33874,12,593,medium,rejected,0,online_banking,true,164
app_20250112_00002440,2025-01-12 10:30:18,cust_8243141,PORP,business_loan,29143,24,653,medium,approved,29143,call_center,true,36
app_20250112_00002441,2025-01-12 22:35:22,cust_505322,FRID,business_loan,18038,24,643,medium,approved,18038,web,true,383
app_20250112_00002442,2025-01-12 06:21:24,cust_3044151,ITMI,mortgage,54734,120,829,low,approved,54734,web,false,796
app_20250112_00002443,2025-01-12 22:12:46,cust_5589113,CZPR,credit_card,28608,48,727,low,approved,28608,partner,false,150
app_20250112_00002444,2025-01-12 15:01:58,cust_7940345,BENL,education_loan,17305,12,498,high,rejected,0,mobile,true,135
app_20250112_00002445,2025-01-12 12:01:50,cust_1236955,ATVI,credit_card,18589,36,635,medium,approved,18589,online_banking,true,161
app_20250112_00002446,2025-01-12 16:24:07,cust_6961292,PORP,refinance,370762,240,660,medium,approved,370762,atm,false,90
app_20250112_00002447,2025-01-12 17:04:16,cust_4864776,AUTR,credit_card,29033,12,546,medium,rejected,0,call_center,false,43
app_20250112_00002448,2025-01-12 03:53:19,cust_9751895,ATVI,education_loan,5562,60,579,medium,rejected,0,mobile,false,158
app_20250112_00002449,2025-01-12 08:19:28,cust_3322764,NLAM,auto_loan,36176,24,727,low,approved,36176,mobile_app,false,872
app_20250112_00002450,2025-01-12 01:30:49,cust_2278386,BENL,personal_loan,40148,42,577,medium,approved,40148,web,false,288
app_20250112_00002451,2025-01-12 07:30:19,cust_1356949,ATVI,cash_loan,47014,48,555,medium,rejected,0,web,true,142
app_20250112_00002452,2025-01-12 15:40:33,cust_1613828,PORP,cash_loan,40319,12,505,medium,approved,40319,branch,true,420
app_20250112_00002453,2025-01-12 21:00:08,cust_8861706,GRRE,business_loan,28303,24,599,medium,approved,28303,mobile_app,true,542
app_20250112_00002454,2025-01-12 23:19:48,cust_7171600,CHBE,personal_loan,21471,24,627,medium,approved,21471,mobile_app,false,236
app_20250112_00002455,2025-01-12 16:56:32,cust_2930360,CHBE,credit_card,24170,36,727,low,rejected,0,web,true,67
app_20250112_00002456,2025-01-12 15:37:44,cust_6840711,ESMA,business_loan,8663,60,612,medium,approved,8663,mobile_app,true,550
app_20250112_00002457,2025-01-12 04:28:47,cust_4958008,CZPR,mortgage,127370,360,604,medium,approved,127370,mobile,true,757
app_20250112_00002458,2025-01-12 02:09:36,cust_3240336,AUTR,auto_loan,44982,60,587,medium,approved,44982,mobile_app,false,48
app_20250112_00002459,2025-01-12 20:44:45,cust_3401263,ESMA,business_loan,7285,60,585,medium,rejected,0,partner,false,171
app_20250112_00002460,2025-01-12 09:45:53,cust_505362,GRRE,business_loan,30933,36,669,medium,approved,30933,branch,false,300
app_20250112_00002461,2025-01-12 15:22:48,cust_812736,ATVI,education_loan,19511,48,809,low,approved,19511,call_center,true,752
app_20250112_00002462,2025-01-12 11:29:14,cust_216743,SESV,refinance,126549,360,563,medium,rejected,0,mobile,true,49
app_20250112_00002463,2025-01-12 04:27:59,cust_8163507,PORP,mortgage,114682,240,780,low,approved,114682,online_banking,true,620
app_20250112_00002464,2025-01-12 00:21:08,cust_9736569,CHBE,auto_loan,30389,48,516,medium,approved,30389,partner,true,730
app_20250112_00002465,2025-01-12 17:57:43,cust_8936052,ATVI,credit_card,46282,36,826,low,rejected,0,web,false,161
app_20250112_00002466,2025-01-12 13:16:54,cust_6429996,PLWA,refinance,213090,300,790,low,approved,213090,mobile_app,true,404
app_20250112_00002467,2025-01-12 07:32:32,cust_2520664,PLWA,credit_card,13288,18,637,medium,approved,13288,branch,false,366
app_20250112_00002468,2025-01-12 06:45:56,cust_7691928,AUTR,education_loan,35762,36,758,low,approved,35762,branch,false,131
app_20250112_00002469,2025-01-12 05:28:02,cust_4863899,ITMI,mortgage,76891,360,541,medium,rejected,0,mobile,false,14
app_20250112_00002470,2025-01-12 00:26:15,cust_951507,UKLO,auto_loan,49046,72,665,medium,approved,49046,online_banking,true,170
app_20250112_00002471,2025-01-12 17:45:40,cust_9606062,AUTR,mortgage,72902,360,710,low,approved,72902,call_center,true,46
app_20250112_00002472,2025-01-12 18:53:00,cust_7469018,AUTR,education_loan,17288,36,735,low,approved,17288,branch,true,892
app_20250112_00002473,2025-01-12 23:33:08,cust_2209233,SESV,auto_loan,18916,48,771,low,approved,18916,online_banking,true,900
app_20250112_00002474,2025-01-12 06:25:10,cust_905317,PORP,personal_loan,22971,48,619,medium,rejected,0,atm,false,61
app_20250112_00002475,2025-01-12 22:57:29,cust_3091055,BENL,education_loan,28337,48,792,low,approved,28337,online_banking,true,104
app_20250112_00002476,2025-01-12 05:26:24,cust_2191612,ESMA,mortgage,56656,240,700,low,rejected,0,mobile,true,42
app_20250112_00002477,2025-01-12 16:45:05,cust_4935960,NLAM,education_loan,38313,24,665,medium,rejected,0,branch,false,71
app_20250112_00002478,2025-01-12 05:59:12,cust_3954811,ITMI,education_loan,36242,12,768,low,approved,36242,web,false,579
app_20250112_00002479,2025-01-12 17:50:56,cust_3673472,AUTR,refinance,433426,360,522,medium,rejected,0,atm,true,85
app_20250112_00002480,2025-01-12 18:57:35,cust_4958055,ESMA,education_loan,7839,36,647,medium,rejected,0,call_center,false,13
app_20250112_00002481,2025-01-12 01:10:10,cust_7775258,FRID,credit_card,8091,18,691,medium,approved,8091,call_center,true,858
app_20250112_00002482,2025-01-12 18:38:04,cust_5190399,UKLO,mortgage,463408,120,621,medium,approved,463408,call_center,true,846
app_20250112_00002483,2025-01-12 19:38:05,cust_6491033,PLWA,auto_loan,57027,48,472,high,rejected,0,atm,true,60
app_20250112_00002484,2025-01-12 00:41:12,cust_5534359,FRID,refinance,262450,300,648,medium,approved,262450,call_center,true,261
app_20250112_00002485,2025-01-12 02:45:09,cust_3246783,UKLO,refinance,344656,300,660,medium,rejected,0,call_center,false,52
app_20250112_00002486,2025-01-12 17:36:04,cust_8373051,ATVI,education_loan,13767,12,485,high,rejected,0,mobile,true,112
app_20250112_00002487,2025-01-12 15:03:59,cust_489506,FRID,business_loan,29975,60,635,medium,rejected,0,partner,false,133
app_20250112_00002488,2025-01-12 17:12:43,cust_4760456,PLWA,business_loan,23464,24,690,medium,approved,23464,atm,true,144
app_20250112_00002489,2025-01-12 23:13:36,cust_2465467,NLAM,education_loan,6110,24,544,medium,rejected,0,mobile_app,true,150
app_20250112_00002490,2025-01-12 06:39:34,cust_9550669,DEHE,mortgage,450991,120,738,low,approved,450991,branch,false,769
app_20250112_00002491,2025-01-12 02:54:03,cust_3559025,ATVI,refinance,459949,300,518,medium,approved,459949,call_center,true,218
app_20250112_00002492,2025-01-12 11:57:43,cust_9569458,ATVI,refinance,438805,120,580,medium,approved,438805,web,true,112
app_20250112_00002493,2025-01-12 19:51:52,cust_7416924,ITMI,cash_loan,1743,36,825,low,approved,1743,partner,true,400
app_20250112_00002494,2025-01-12 21:48:57,cust_6887144,FRID,mortgage,63075,120,686,medium,rejected,0,web,true,149
app_20250112_00002495,2025-01-12 09:59:05,cust_1187285,BENL,auto_loan,26924,48,524,medium,approved,26924,online_banking,true,182
app_20250112_00002496,2025-01-12 19:50:12,cust_4383862,PLWA,cash_loan,8430,18,701,low,approved,8430,atm,false,622
app_20250112_00002497,2025-01-12 07:44:22,cust_7343532,AUTR,mortgage,401125,240,698,medium,approved,401125,atm,false,189
app_20250112_00002498,2025-01-12 16:32:15,cust_7039428,NLAM,auto_loan,30743,60,790,low,approved,30743,branch,true,718
app_20250112_00002499,2025-01-12 07:19:57,cust_8691907,PORP,personal_loan,15703,30,707,low,rejected,0,call_center,true,125
app_20250112_00002500,2025-01-12 14:54:01,cust_4822334,NLAM,mortgage,350120,240,605,medium,approved,350120,partner,true,408
app_20250112_00002501,2025-01-12 21:45:30,cust_6412087,FRID,personal_loan,41072,18,528,medium,approved,41072,call_center,true,424
app_20250112_00002502,2025-01-12 18:24:59,cust_4061262,ATVI,credit_card,49946,24,504,medium,rejected,0,call_center,true,150
app_20250112_00002503,2025-01-12 16:33:30,cust_7993535,DEHE,refinance,474003,120,622,medium,approved,474003,atm,true,191
app_20250112_00002504,2025-01-12 18:52:35,cust_4987913,UKLO,cash_loan,8185,12,731,low,approved,8185,partner,true,340
app_20250112_00002505,2025-01-12 01:28:58,cust_1438738,PORP,business_loan,9068,36,642,medium,approved,9068,atm,false,718
app_20250112_00002506,2025-01-12 00:50:04,cust_6672076,CZPR,cash_loan,40521,24,658,medium,approved,40521,mobile,true,251
app_20250112_00002507,2025-01-12 01:24:33,cust_3964751,CHBE,business_loan,39645,12,635,medium,approved,39645,call_center,true,127
app_20250112_00002508,2025-01-12 20:24:06,cust_8268763,ITMI,cash_loan,4431,30,641,medium,approved,4431,mobile,false,284
app_20250112_00002509,2025-01-12 03:19:27,cust_5377807,SESV,education_loan,39182,24,699,medium,rejected,0,web,false,82
app_20250112_00002510,2025-01-12 12:11:58,cust_6801902,UKLO,business_loan,4525,36,559,medium,rejected,0,web,false,59
app_20250112_00002511,2025-01-12 15:05:16,cust_9482004,GRRE,personal_loan,43851,36,568,medium,rejected,0,partner,true,46
app_20250112_00002512,2025-01-12 12:35:30,cust_4145438,NLAM,mortgage,161219,300,502,medium,approved,161219,atm,false,659
app_20250112_00002513,2025-01-12 01:08:38,cust_2004822,UKLO,credit_card,19445,12,644,medium,approved,19445,partner,true,76
app_20250112_00002514,2025-01-12 13:11:45,cust_9030996,PLWA,business_loan,38849,48,526,medium,rejected,0,mobile_app,true,8
app_20250112_00002515,2025-01-12 15:05:10,cust_9362396,PLWA,mortgage,490459,300,779,low,approved,490459,mobile,true,308
app_20250112_00002516,2025-01-12 05:38:21,cust_7327962,PLWA,business_loan,13721,24,696,medium,approved,13721,online_banking,true,559
app_20250112_00002517,2025-01-12 04:16:17,cust_6226897,UKLO,education_loan,15218,24,661,medium,rejected,0,partner,true,123
app_20250112_00002518,2025-01-12 23:44:17,cust_3065136,PORP,refinance,265128,240,411,high,rejected,0,mobile_app,true,81
app_20250112_00002519,2025-01-12 23:02:00,cust_8344212,ESMA,mortgage,350282,120,836,low,approved,350282,call_center,false,613
app_20250112_00002520,2025-01-12 21:44:38,cust_5062886,BENL,mortgage,219643,120,628,medium,approved,219643,partner,false,145
app_20250112_00002521,2025-01-12 14:05:32,cust_1683135,CZPR,personal_loan,47719,18,683,medium,approved,47719,web,true,624
app_20250112_00002522,2025-01-12 23:23:13,cust_3983540,DEHE,cash_loan,36473,48,713,low,approved,36473,online_banking,false,693
app_20250112_00002523,2025-01-12 02:53:39,cust_6330243,GRRE,cash_loan,5109,24,756,low,approved,5109,mobile,true,407
app_20250112_00002524,2025-01-12 00:47:43,cust_3854479,AUTR,personal_loan,4289,42,586,medium,approved,4289,partner,true,783
app_20250112_00002525,2025-01-12 10:58:54,cust_6338317,DEHE,mortgage,292365,300,614,medium,rejected,0,mobile_app,true,175
app_20250112_00002526,2025-01-12 22:02:30,cust_218358,ESMA,business_loan,35265,12,789,low,approved,35265,mobile_app,true,625
app_20250112_00002527,2025-01-12 19:35:03,cust_8011366,CZPR,personal_loan,48085,18,612,medium,approved,48085,call_center,false,39
app_20250112_00002528,2025-01-12 08:27:17,cust_4820321,FRID,mortgage,190410,240,850,low,rejected,0,atm,false,80
app_20250112_00002529,2025-01-12 08:27:52,cust_9100099,CZPR,credit_card,32370,42,697,medium,rejected,0,online_banking,true,69
app_20250112_00002530,2025-01-12 10:35:08,cust_9799150,CZPR,auto_loan,58783,24,741,low,approved,58783,web,true,189
app_20250112_00002531,2025-01-12 02:48:30,cust_429103,AUTR,refinance,249556,180,710,low,approved,249556,mobile_app,false,649
app_20250112_00002532,2025-01-12 17:46:13,cust_9033060,CZPR,business_loan,18138,48,729,low,approved,18138,atm,false,625
app_20250112_00002533,2025-01-12 08:13:38,cust_7199165,CHBE,refinance,275890,120,606,medium,approved,275890,partner,false,181
app_20250112_00002534,2025-01-12 17:48:35,cust_7272617,PORP,refinance,297801,360,703,low,approved,297801,mobile_app,true,798
app_20250112_00002535,2025-01-12 16:29:08,cust_2627212,CZPR,auto_loan,32329,24,604,medium,approved,32329,online_banking,false,432
app_20250112_00002536,2025-01-12 15:48:28,cust_4939140,ITMI,business_loan,23651,12,759,low,approved,23651,partner,false,743
app_20250112_00002537,2025-01-12 04:03:02,cust_1266536,NLAM,mortgage,157369,300,645,medium,rejected,0,partner,true,129
app_20250112_00002538,2025-01-12 10:38:08,cust_3997105,NLAM,cash_loan,38459,36,625,medium,approved,38459,mobile,true,857
app_20250112_00002539,2025-01-12 23:07:36,cust_8897220,FRID,auto_loan,48541,60,759,low,approved,48541,mobile,false,427
app_20250112_00002540,2025-01-12 20:39:45,cust_4751403,BENL,auto_loan,5908,72,736,low,approved,5908,atm,true,511
app_20250112_00002541,2025-01-12 05:38:36,cust_6563382,BENL,refinance,222846,300,607,medium,approved,222846,online_banking,true,37
app_20250112_00002542,2025-01-12 00:42:49,cust_2129974,ITMI,auto_loan,13972,24,850,low,approved,13972,partner,false,282
app_20250112_00002543,2025-01-12 10:27:25,cust_4433622,UKLO,business_loan,33656,48,615,medium,approved,33656,mobile_app,true,673
app_20250112_00002544,2025-01-12 08:57:25,cust_9164392,BENL,personal_loan,1872,30,843,low,approved,1872,atm,false,319
app_20250112_00002545,2025-01-12 21:05:21,cust_4533173,FRID,business_loan,15539,48,675,medium,approved,15539,branch,true,47
app_20250112_00002546,2025-01-12 22:38:26,cust_8991399,AUTR,auto_loan,42983,24,659,medium,approved,42983,mobile_app,true,750
app_20250112_00002547,2025-01-12 01:44:42,cust_1440584,GRRE,cash_loan,14495,42,427,high,rejected,0,mobile,true,14
app_20250112_00002548,2025-01-12 17:00:02,cust_4081940,UKLO,education_loan,23617,12,648,medium,approved,23617,atm,true,73
app_20250112_00002549,2025-01-12 08:37:07,cust_5883872,CHBE,personal_loan,26607,30,659,medium,approved,26607,partner,false,759
app_20250112_00002550,2025-01-12 21:06:13,cust_4084600,DEHE,auto_loan,9413,36,753,low,approved,9413,mobile_app,true,800
app_20250112_00002551,2025-01-12 18:19:45,cust_9336744,PLWA,personal_loan,4122,30,690,medium,approved,4122,mobile,false,808
app_20250112_00002552,2025-01-12 06:20:31,cust_9154390,ATVI,business_loan,29128,48,494,high,rejected,0,mobile,true,94
app_20250112_00002553,2025-01-12 20:24:28,cust_8510767,FRID,auto_loan,9434,36,603,medium,approved,9434,branch,true,218
app_20250112_00002554,2025-01-12 22:08:51,cust_5750472,ITMI,education_loan,26509,48,658,medium,approved,26509,mobile_app,false,536
app_20250112_00002555,2025-01-12 03:25:55,cust_221327,DEHE,cash_loan,9583,36,645,medium,approved,9583,web,true,151
app_20250112_00002556,2025-01-12 03:17:55,cust_5353367,BENL,personal_loan,18144,12,623,medium,approved,18144,web,false,150
app_20250112_00002557,2025-01-12 04:13:12,cust_6007982,AUTR,mortgage,452959,240,571,medium,approved,452959,web,false,570
app_20250112_00002558,2025-01-12 22:50:36,cust_2466774,ITMI,education_loan,30452,24,706,low,approved,30452,partner,false,339
app_20250112_00002559,2025-01-12 19:09:33,cust_5941051,AUTR,credit_card,34334,12,646,medium,rejected,0,partner,false,174
app_20250112_00002560,2025-01-12 04:52:04,cust_8279684,ESMA,education_loan,4167,60,442,high,approved,4167,atm,false,674
app_20250112_00002561,2025-01-12 02:58:39,cust_2725931,ESMA,mortgage,86325,240,636,medium,approved,86325,mobile_app,true,804
app_20250112_00002562,2025-01-12 23:20:21,cust_4055610,CZPR,mortgage,134808,240,553,medium,rejected,0,atm,false,83
app_20250112_00002563,2025-01-12 19:30:01,cust_2447336,DEHE,auto_loan,31577,36,635,medium,approved,31577,web,true,156
app_20250112_00002564,2025-01-12 06:42:36,cust_1524658,BENL,credit_card,11047,24,663,medium,approved,11047,partner,false,340
app_20250112_00002565,2025-01-12 19:21:25,cust_4561698,FRID,education_loan,12626,48,589,medium,rejected,0,web,true,72
app_20250112_00002566,2025-01-12 14:54:40,cust_9961647,AUTR,auto_loan,16342,48,608,medium,approved,16342,branch,true,436
app_20250112_00002567,2025-01-12 01:16:01,cust_5951021,SESV,education_loan,19816,36,654,medium,approved,19816,online_banking,false,622
app_20250112_00002568,2025-01-12 03:16:51,cust_3588846,ITMI,business_loan,16731,48,556,medium,rejected,0,atm,true,78
app_20250112_00002569,2025-01-12 07:22:01,cust_3921401,ITMI,auto_loan,47318,72,571,medium,rejected,0,online_banking,false,107
app_20250112_00002570,2025-01-12 02:18:53,cust_9164030,ESMA,mortgage,55504,240,790,low,approved,55504,web,true,834
app_20250112_00002571,2025-01-12 07:03:32,cust_8505543,ESMA,cash_loan,23397,18,599,medium,approved,23397,partner,false,608
app_20250112_00002572,2025-01-12 21:35:47,cust_9813109,BENL,credit_card,39555,36,773,low,rejected,0,online_banking,true,98
app_20250112_00002573,2025-01-12 06:23:27,cust_2651693,PORP,mortgage,371092,240,618,medium,approved,371092,mobile,true,332
app_20250112_00002574,2025-01-12 09:37:05,cust_2141616,SESV,personal_loan,26617,42,732,low,rejected,0,call_center,true,33
app_20250112_00002575,2025-01-12 05:13:49,cust_474132,UKLO,cash_loan,8609,42,624,medium,approved,8609,online_banking,true,812
app_20250112_00002576,2025-01-12 05:27:44,cust_6418657,SESV,business_loan,27615,48,599,medium,approved,27615,mobile,false,216
app_20250112_00002577,2025-01-12 13:04:16,cust_5041852,BENL,credit_card,46314,24,567,medium,approved,46314,partner,true,38
app_20250112_00002578,2025-01-12 17:04:49,cust_9684472,BENL,auto_loan,24054,24,722,low,approved,24054,online_banking,false,796
app_20250112_00002579,2025-01-12 19:45:21,cust_8636612,UKLO,refinance,495621,120,636,medium,rejected,0,online_banking,false,147
app_20250112_00002580,2025-01-12 15:21:15,cust_9829588,ESMA,mortgage,385646,360,568,medium,approved,385646,atm,false,878
app_20250112_00002581,2025-01-12 06:43:59,cust_3025523,NLAM,auto_loan,58514,36,640,medium,approved,58514,branch,false,572
app_20250112_00002582,2025-01-12 08:42:11,cust_6069787,BENL,mortgage,132928,240,676,medium,rejected,0,mobile_app,false,45
app_20250112_00002583,2025-01-12 05:01:10,cust_3808283,GRRE,business_loan,34009,36,591,medium,approved,34009,partner,false,850
app_20250112_00002584,2025-01-12 20:46:13,cust_4522750,ITMI,refinance,124413,360,676,medium,approved,124413,atm,true,239
app_20250112_00002585,2025-01-12 06:43:46,cust_5285028,CHBE,cash_loan,29294,12,668,medium,approved,29294,web,false,729
app_20250112_00002586,2025-01-12 20:23:05,cust_5524135,BENL,mortgage,174661,240,672,medium,rejected,0,mobile_app,false,60
app_20250112_00002587,2025-01-12 04:56:19,cust_342513,ESMA,refinance,246501,120,532,medium,approved,246501,online_banking,false,379
app_20250112_00002588,2025-01-12 04:11:59,cust_4267070,PORP,education_loan,31212,24,678,medium,rejected,0,mobile_app,true,48
app_20250112_00002589,2025-01-12 21:11:06,cust_2042667,NLAM,credit_card,13168,36,636,medium,approved,13168,branch,false,323
app_20250112_00002590,2025-01-12 20:24:43,cust_1084849,ESMA,credit_card,30967,48,783,low,approved,30967,online_banking,false,732
app_20250112_00002591,2025-01-12 08:54:22,cust_6436252,SESV,education_loan,11569,12,619,medium,approved,11569,atm,true,380
app_20250112_00002592,2025-01-12 00:23:25,cust_4034892,PORP,credit_card,23920,24,625,medium,approved,23920,web,false,805
app_20250112_00002593,2025-01-12 02:25:41,cust_3731756,AUTR,business_loan,31818,48,507,medium,approved,31818,mobile,true,824
app_20250112_00002594,2025-01-12 05:52:33,cust_1712201,NLAM,business_loan,6266,24,604,medium,rejected,0,web,false,159
app_20250112_00002595,2025-01-12 18:33:16,cust_742538,PORP,refinance,85436,180,681,medium,approved,85436,partner,true,849
app_20250112_00002596,2025-01-12 04:11:21,cust_3095907,DEHE,education_loan,26532,36,744,low,approved,26532,branch,true,250
app_20250112_00002597,2025-01-12 04:16:34,cust_4928940,PLWA,cash_loan,13432,36,646,medium,approved,13432,mobile_app,true,571
app_20250112_00002598,2025-01-12 16:20:25,cust_9072697,NLAM,mortgage,483666,240,697,medium,rejected,0,atm,false,167
app_20250112_00002599,2025-01-12 01:02:02,cust_6284458,GRRE,refinance,355969,240,575,medium,rejected,0,online_banking,false,162
app_20250112_00002600,2025-01-12 08:07:10,cust_9216072,SESV,education_loan,14867,36,610,medium,rejected,0,atm,true,98
app_20250112_00002601,2025-01-12 18:25:15,cust_2201236,DEHE,mortgage,344428,120,717,low,approved,344428,online_banking,false,761
app_20250112_00002602,2025-01-12 01:09:37,cust_3039942,NLAM,mortgage,103951,240,703,low,approved,103951,web,true,633
app_20250112_00002603,2025-01-12 02:39:33,cust_5273583,ESMA,mortgage,421469,360,545,medium,rejected,0,branch,true,18
app_20250112_00002604,2025-01-12 17:34:22,cust_8974461,DEHE,auto_loan,41368,36,559,medium,rejected,0,partner,false,25
app_20250112_00002605,2025-01-12 20:16:03,cust_2841100,AUTR,mortgage,465193,240,670,medium,approved,465193,mobile,true,86
app_20250112_00002606,2025-01-12 13:47:37,cust_2029973,FRID,personal_loan,23075,48,716,low,approved,23075,atm,false,79
app_20250112_00002607,2025-01-12 05:37:14,cust_2707916,BENL,credit_card,47700,48,681,medium,approved,47700,atm,true,31
app_20250112_00002608,2025-01-12 07:33:53,cust_9405007,PLWA,mortgage,463448,240,776,low,approved,463448,mobile_app,false,681
app_20250112_00002609,2025-01-12 14:30:37,cust_9062695,SESV,business_loan,6778,12,632,medium,approved,6778,branch,true,576
app_20250112_00002610,2025-01-12 16:37:44,cust_4631019,CHBE,cash_loan,33008,12,563,medium,rejected,0,mobile,false,69
app_20250112_00002611,2025-01-12 04:06:12,cust_8022176,UKLO,auto_loan,50667,60,691,medium,rejected,0,partner,false,51
app_20250112_00002612,2025-01-12 09:34:40,cust_6129978,ATVI,personal_loan,18840,36,579,medium,rejected,0,branch,false,62
app_20250112_00002613,2025-01-12 03:33:04,cust_8634333,NLAM,education_loan,27992,24,537,medium,rejected,0,atm,true,81
app_20250112_00002614,2025-01-12 12:04:56,cust_7821091,SESV,cash_loan,35514,48,586,medium,rejected,0,web,false,81
app_20250112_00002615,2025-01-12 16:28:26,cust_642003,ITMI,business_loan,30488,36,506,medium,rejected,0,partner,true,9
app_20250112_00002616,2025-01-12 16:55:37,cust_5254919,ATVI,auto_loan,46371,60,523,medium,rejected,0,branch,true,160
app_20250112_00002617,2025-01-12 20:49:23,cust_556145,GRRE,cash_loan,27531,18,596,medium,rejected,0,partner,false,118
app_20250112_00002618,2025-01-12 09:24:01,cust_3923976,BENL,cash_loan,28289,42,652,medium,approved,28289,mobile_app,true,368
app_20250112_00002619,2025-01-12 01:35:45,cust_5539058,PORP,cash_loan,32933,30,647,medium,rejected,0,mobile,true,149
app_20250112_00002620,2025-01-12 10:44:40,cust_5394435,ATVI,cash_loan,32721,30,737,low,approved,32721,branch,true,182
app_20250112_00002621,2025-01-12 14:15:40,cust_6669502,CZPR,auto_loan,51148,24,665,medium,rejected,0,online_banking,true,16
app_20250112_00002622,2025-01-12 05:35:28,cust_6362290,ATVI,cash_loan,25718,12,572,medium,approved,25718,web,false,117
app_20250112_00002623,2025-01-12 04:03:55,cust_4435775,GRRE,credit_card,33976,12,654,medium,approved,33976,call_center,true,801
app_20250112_00002624,2025-01-12 21:57:21,cust_1511310,ESMA,cash_loan,13756,48,691,medium,approved,13756,atm,true,189
app_20250112_00002625,2025-01-12 19:03:48,cust_5031088,GRRE,personal_loan,36724,36,814,low,approved,36724,partner,true,386
app_20250112_00002626,2025-01-12 02:42:06,cust_9364229,DEHE,refinance,144865,240,645,medium,approved,144865,web,false,449
app_20250112_00002627,2025-01-12 10:20:10,cust_2151965,ITMI,cash_loan,16480,36,658,medium,rejected,0,call_center,false,98
app_20250112_00002628,2025-01-12 15:14:18,cust_1856632,ATVI,personal_loan,31483,24,693,medium,rejected,0,mobile_app,false,106
app_20250112_00002629,2025-01-12 08:33:57,cust_6860070,DEHE,business_loan,9563,12,565,medium,approved,9563,partner,true,685
app_20250112_00002630,2025-01-12 06:51:46,cust_6419028,UKLO,auto_loan,25794,60,587,medium,approved,25794,mobile_app,false,527
app_20250112_00002631,2025-01-12 16:45:49,cust_5967507,GRRE,personal_loan,1966,36,507,medium,rejected,0,branch,true,10
app_20250112_00002632,2025-01-12 22:34:43,cust_9531596,DEHE,business_loan,14204,36,721,low,approved,14204,branch,false,219
app_20250112_00002633,2025-01-12 06:20:07,cust_7477828,ATVI,education_loan,29486,12,620,medium,approved,29486,web,true,588
app_20250112_00002634,2025-01-12 02:25:19,cust_7688620,UKLO,mortgage,146841,180,738,low,approved,146841,mobile,true,429
app_20250112_00002635,2025-01-12 15:41:48,cust_547106,ATVI,mortgage,125846,240,689,medium,rejected,0,branch,false,62
app_20250112_00002636,2025-01-12 15:23:05,cust_2407607,ESMA,cash_loan,20712,12,663,medium,approved,20712,partner,true,284
app_20250112_00002637,2025-01-12 15:17:32,cust_9156046,ITMI,credit_card,31364,12,685,medium,approved,31364,atm,false,586
app_20250112_00002638,2025-01-12 17:20:26,cust_7644231,UKLO,business_loan,28632,24,655,medium,approved,28632,mobile,false,444
app_20250112_00002639,2025-01-12 02:53:34,cust_3834003,NLAM,auto_loan,49077,48,585,medium,rejected,0,online_banking,true,102
app_20250112_00002640,2025-01-12 02:46:12,cust_8086609,NLAM,credit_card,33408,36,622,medium,approved,33408,mobile_app,false,874
app_20250112_00002641,2025-01-12 17:24:12,cust_2478497,UKLO,education_loan,14613,60,661,medium,approved,14613,branch,true,824
app_20250112_00002642,2025-01-12 18:06:31,cust_9806399,BENL,refinance,434360,180,844,low,approved,434360,online_banking,false,365
app_20250112_00002643,2025-01-12 14:17:39,cust_9765139,AUTR,auto_loan,44519,48,588,medium,approved,44519,web,true,619
app_20250112_00002644,2025-01-12 07:18:03,cust_7841159,FRID,refinance,207240,180,697,medium,approved,207240,branch,true,357
app_20250112_00002645,2025-01-12 13:00:16,cust_8902401,BENL,refinance,99598,300,440,high,rejected,0,call_center,false,156
app_20250112_00002646,2025-01-12 16:34:32,cust_2902876,UKLO,business_loan,31311,24,664,medium,approved,31311,mobile_app,true,765
app_20250112_00002647,2025-01-12 14:54:01,cust_7254296,FRID,mortgage,392887,240,672,medium,approved,392887,mobile,true,768
app_20250112_00002648,2025-01-12 11:43:06,cust_4892750,DEHE,mortgage,486486,180,676,medium,approved,486486,partner,false,168
app_20250112_00002649,2025-01-12 03:51:42,cust_5743630,GRRE,personal_loan,16772,24,750,low,approved,16772,atm,false,593
app_20250112_00002650,2025-01-12 08:27:02,cust_5315851,BENL,cash_loan,33770,30,764,low,approved,33770,online_banking,false,552
app_20250112_00002651,2025-01-12 08:46:01,cust_1972048,NLAM,refinance,109973,120,660,medium,approved,109973,web,true,553
app_20250112_00002652,2025-01-12 02:15:59,cust_2175441,CZPR,auto_loan,8482,60,419,high,rejected,0,online_banking,false,67
app_20250112_00002653,2025-01-12 08:04:07,cust_5232478,ATVI,credit_card,27432,30,588,medium,approved,27432,mobile_app,true,785
app_20250112_00002654,2025-01-12 13:48:36,cust_799265,ATVI,credit_card,46289,24,655,medium,approved,46289,partner,false,385
app_20250112_00002655,2025-01-12 11:41:08,cust_8731542,ATVI,mortgage,478866,240,635,medium,rejected,0,mobile_app,false,56
app_20250112_00002656,2025-01-12 21:45:41,cust_7107128,GRRE,business_loan,19368,60,699,medium,approved,19368,call_center,true,217
app_20250112_00002657,2025-01-12 01:39:15,cust_7399142,SESV,auto_loan,6410,60,640,medium,rejected,0,web,false,24
app_20250112_00002658,2025-01-12 13:34:13,cust_7928360,SESV,mortgage,486068,120,588,medium,rejected,0,atm,true,127
app_20250112_00002659,2025-01-12 03:23:01,cust_2304118,FRID,auto_loan,33931,72,680,medium,approved,33931,call_center,true,401
app_20250112_00002660,2025-01-12 20:25:49,cust_967248,ESMA,education_loan,38425,12,773,low,approved,38425,online_banking,true,172
app_20250112_00002661,2025-01-12 21:00:20,cust_5947400,UKLO,refinance,122374,300,696,medium,approved,122374,atm,true,70
app_20250112_00002662,2025-01-12 00:55:49,cust_2917512,SESV,education_loan,20621,48,676,medium,rejected,0,call_center,true,101
app_20250112_00002663,2025-01-12 13:32:28,cust_6217919,PLWA,auto_loan,8271,24,664,medium,approved,8271,branch,false,392
app_20250112_00002664,2025-01-12 09:38:33,cust_9544374,UKLO,credit_card,12604,48,602,medium,rejected,0,mobile,false,65
app_20250112_00002665,2025-01-12 04:19:44,cust_3612449,UKLO,refinance,403877,240,577,medium,rejected,0,partner,false,37
app_20250112_00002666,2025-01-12 07:16:58,cust_2856014,ATVI,mortgage,133109,180,769,low,approved,133109,partner,false,476
app_20250112_00002667,2025-01-12 05:14:21,cust_7617071,PORP,cash_loan,44469,12,699,medium,approved,44469,web,true,614
app_20250112_00002668,2025-01-12 22:03:38,cust_5422763,SESV,mortgage,304215,300,680,medium,rejected,0,atm,false,133
app_20250112_00002669,2025-01-12 17:52:16,cust_5333173,AUTR,education_loan,36775,36,750,low,approved,36775,mobile_app,true,606
app_20250112_00002670,2025-01-12 18:25:53,cust_196064,UKLO,education_loan,2187,36,587,medium,approved,2187,atm,false,87
app_20250112_00002671,2025-01-12 20:57:00,cust_5273699,BENL,credit_card,15356,18,703,low,approved,15356,partner,false,656
app_20250112_00002672,2025-01-12 15:38:22,cust_6716992,CHBE,mortgage,245750,120,599,medium,rejected,0,mobile_app,false,137
app_20250112_00002673,2025-01-12 12:41:34,cust_5182048,DEHE,credit_card,33098,18,788,low,approved,33098,mobile_app,false,126
app_20250112_00002674,2025-01-12 03:45:49,cust_2476412,NLAM,credit_card,25377,42,605,medium,rejected,0,web,true,57
app_20250112_00002675,2025-01-12 05:51:55,cust_765949,CZPR,credit_card,42733,24,641,medium,rejected,0,call_center,false,81
app_20250112_00002676,2025-01-12 03:51:12,cust_2891674,ESMA,refinance,385754,300,698,medium,rejected,0,branch,false,15
app_20250112_00002677,2025-01-12 05:33:57,cust_925647,CHBE,mortgage,67872,120,850,low,approved,67872,online_banking,true,792
app_20250112_00002678,2025-01-12 00:09:00,cust_6123050,FRID,education_loan,21707,48,622,medium,approved,21707,mobile_app,false,807
app_20250112_00002679,2025-01-12 03:13:18,cust_793053,CHBE,refinance,425385,360,750,low,approved,425385,atm,false,386
app_20250112_00002680,2025-01-12 10:10:29,cust_8782371,ITMI,mortgage,480161,300,529,medium,approved,480161,mobile,true,367
app_20250112_00002681,2025-01-12 16:28:06,cust_5082149,DEHE,cash_loan,25746,42,507,medium,approved,25746,mobile_app,true,537
app_20250112_00002682,2025-01-12 10:45:33,cust_1168324,NLAM,mortgage,71436,360,593,medium,approved,71436,partner,false,579
app_20250112_00002683,2025-01-12 22:03:10,cust_6896256,BENL,credit_card,37366,48,642,medium,rejected,0,mobile,true,16
app_20250112_00002684,2025-01-12 10:20:20,cust_1763276,ESMA,mortgage,352312,120,685,medium,approved,352312,call_center,false,279
app_20250112_00002685,2025-01-12 21:12:43,cust_6294621,CHBE,auto_loan,56613,72,731,low,approved,56613,mobile,false,48
app_20250112_00002686,2025-01-12 20:28:23,cust_8238887,NLAM,business_loan,19938,36,584,medium,rejected,0,branch,false,105
app_20250112_00002687,2025-01-12 23:30:47,cust_8656289,FRID,business_loan,33656,48,659,medium,rejected,0,mobile_app,false,53
app_20250112_00002688,2025-01-12 13:34:48,cust_3971167,SESV,auto_loan,43677,36,683,medium,rejected,0,web,true,78
app_20250112_00002689,2025-01-12 10:44:58,cust_4369361,PORP,auto_loan,16483,24,768,low,approved,16483,atm,false,605
app_20250112_00002690,2025-01-12 09:38:01,cust_7400606,ESMA,business_loan,15418,60,490,high,rejected,0,atm,true,156
app_20250112_00002691,2025-01-12 05:45:46,cust_8436403,AUTR,credit_card,18128,36,669,medium,approved,18128,atm,false,68
app_20250112_00002692,2025-01-12 03:03:58,cust_1230828,CHBE,cash_loan,42426,48,850,low,approved,42426,mobile,true,373
app_20250112_00002693,2025-01-12 15:28:09,cust_9868411,SESV,mortgage,372346,240,681,medium,rejected,0,call_center,false,109
app_20250112_00002694,2025-01-12 07:26:57,cust_683331,ESMA,personal_loan,27579,36,710,low,approved,27579,atm,false,813
app_20250112_00002695,2025-01-12 03:11:21,cust_6334973,UKLO,auto_loan,45357,48,688,medium,approved,45357,web,true,704
app_20250112_00002696,2025-01-12 16:19:51,cust_7370263,UKLO,auto_loan,14884,60,651,medium,approved,14884,call_center,false,688
app_20250112_00002697,2025-01-12 11:48:54,cust_6074241,GRRE,business_loan,36497,24,605,medium,approved,36497,call_center,true,459
app_20250112_00002698,2025-01-12 18:47:18,cust_8491473,PLWA,personal_loan,24391,18,580,medium,rejected,0,branch,false,133
app_20250112_00002699,2025-01-12 15:03:01,cust_1750288,FRID,mortgage,301149,300,621,medium,rejected,0,partner,false,49
app_20250112_00002700,2025-01-12 20:19:33,cust_5316203,CHBE,refinance,214563,180,736,low,approved,214563,call_center,true,278
app_20250112_00002701,2025-01-12 22:49:52,cust_6397228,NLAM,refinance,431777,120,570,medium,rejected,0,partner,true,62
app_20250112_00002702,2025-01-12 18:43:44,cust_4643862,AUTR,business_loan,15508,36,467,high,rejected,0,web,true,59
app_20250112_00002703,2025-01-12 07:57:11,cust_1468831,NLAM,cash_loan,1209,48,580,medium,approved,1209,mobile_app,false,123
app_20250112_00002704,2025-01-12 04:01:22,cust_6379841,PORP,business_loan,37560,60,681,medium,approved,37560,partner,false,458
app_20250112_00002705,2025-01-12 21:41:03,cust_266102,UKLO,personal_loan,46072,42,692,medium,approved,46072,atm,false,129
app_20250112_00002706,2025-01-12 14:18:50,cust_5211502,ESMA,cash_loan,33862,24,542,medium,approved,33862,mobile_app,true,878
app_20250112_00002707,2025-01-12 18:00:58,cust_6564786,BENL,personal_loan,30021,36,688,medium,rejected,0,partner,false,124
app_20250112_00002708,2025-01-12 08:34:21,cust_2338021,CHBE,education_loan,25518,24,767,low,approved,25518,call_center,true,210
app_20250112_00002709,2025-01-12 14:59:01,cust_3151799,CHBE,credit_card,38911,30,655,medium,rejected,0,mobile,true,13
app_20250112_00002710,2025-01-12 18:39:07,cust_4150489,CHBE,personal_loan,3320,36,615,medium,rejected,0,mobile_app,true,160
app_20250112_00002711,2025-01-12 21:18:45,cust_2341967,CZPR,refinance,382592,240,400,high,rejected,0,online_banking,true,25
app_20250112_00002712,2025-01-12 11:29:54,cust_1327930,ATVI,education_loan,35145,36,429,high,rejected,0,online_banking,true,113
app_20250112_00002713,2025-01-12 14:16:13,cust_4224005,ITMI,education_loan,9228,60,624,medium,approved,9228,online_banking,true,418
app_20250112_00002714,2025-01-12 16:35:55,cust_2175056,NLAM,mortgage,158757,300,615,medium,approved,158757,mobile,true,721
app_20250112_00002715,2025-01-12 18:51:50,cust_5581349,NLAM,refinance,236149,240,525,medium,rejected,0,mobile,false,88
app_20250112_00002716,2025-01-12 16:06:54,cust_4548515,ITMI,auto_loan,13263,72,630,medium,approved,13263,partner,false,261
app_20250112_00002717,2025-01-12 09:06:26,cust_3916001,SESV,refinance,222538,240,625,medium,rejected,0,call_center,true,120
app_20250112_00002718,2025-01-12 09:41:45,cust_6961400,CZPR,credit_card,21164,30,476,high,rejected,0,atm,false,95
app_20250112_00002719,2025-01-12 12:17:57,cust_3765753,BENL,education_loan,8277,60,530,medium,approved,8277,mobile,false,806
app_20250112_00002720,2025-01-12 16:25:56,cust_5000014,BENL,refinance,348056,300,726,low,approved,348056,web,false,674
app_20250112_00002721,2025-01-12 21:26:33,cust_2395349,ATVI,auto_loan,15523,72,672,medium,approved,15523,atm,false,540
app_20250112_00002722,2025-01-12 14:01:22,cust_7952241,PLWA,education_loan,10676,60,536,medium,rejected,0,online_banking,false,154
app_20250112_00002723,2025-01-12 23:22:57,cust_240950,ESMA,personal_loan,3504,18,530,medium,rejected,0,mobile,true,111
app_20250112_00002724,2025-01-12 03:25:52,cust_9443205,GRRE,business_loan,2212,48,450,high,approved,2212,mobile_app,true,337
app_20250112_00002725,2025-01-12 21:47:42,cust_9260770,CZPR,cash_loan,48900,42,459,high,rejected,0,web,true,107
app_20250112_00002726,2025-01-12 01:50:45,cust_8476125,UKLO,credit_card,33592,42,694,medium,approved,33592,branch,false,121
app_20250112_00002727,2025-01-12 17:39:19,cust_4280171,BENL,credit_card,46756,18,635,medium,rejected,0,atm,false,33
app_20250112_00002728,2025-01-12 20:52:40,cust_3898050,ESMA,refinance,292999,300,668,medium,rejected,0,web,false,172
app_20250112_00002729,2025-01-12 00:29:04,cust_3476110,CZPR,business_loan,38791,60,667,medium,rejected,0,call_center,true,55
app_20250112_00002730,2025-01-12 07:48:05,cust_3423042,FRID,refinance,175664,240,756,low,rejected,0,online_banking,false,68
app_20250112_00002731,2025-01-12 19:56:28,cust_3315829,ESMA,personal_loan,4589,48,500,medium,approved,4589,atm,false,638
app_20250112_00002732,2025-01-12 15:28:55,cust_5015739,AUTR,cash_loan,47524,24,656,medium,approved,47524,call_center,false,863
app_20250112_00002733,2025-01-12 17:28:45,cust_1309044,PLWA,personal_loan,8628,48,488,high,rejected,0,atm,false,32
app_20250112_00002734,2025-01-12 17:18:57,cust_2777328,PORP,cash_loan,5870,42,532,medium,rejected,0,call_center,false,20
app_20250112_00002735,2025-01-12 09:09:47,cust_2039678,FRID,education_loan,36870,24,622,medium,approved,36870,branch,true,175
app_20250112_00002736,2025-01-12 17:10:55,cust_652753,DEHE,auto_loan,12512,60,685,medium,rejected,0,atm,true,63
app_20250112_00002737,2025-01-12 17:24:22,cust_2195721,GRRE,business_loan,9038,36,589,medium,approved,9038,call_center,true,65
app_20250112_00002738,2025-01-12 05:12:57,cust_2912025,FRID,credit_card,45029,30,791,low,approved,45029,atm,false,752
app_20250112_00002739,2025-01-12 21:05:34,cust_3658201,CHBE,refinance,418112,360,749,low,approved,418112,partner,false,602
app_20250112_00002740,2025-01-12 04:53:54,cust_2019560,AUTR,refinance,346322,240,682,medium,approved,346322,call_center,false,410
app_20250112_00002741,2025-01-12 21:27:55,cust_9796921,ESMA,cash_loan,3809,12,803,low,approved,3809,web,true,233
app_20250112_00002742,2025-01-12 07:44:52,cust_1464815,PORP,auto_loan,54888,60,850,low,approved,54888,partner,false,101
app_20250112_00002743,2025-01-12 05:20:14,cust_9251596,GRRE,cash_loan,25503,24,683,medium,rejected,0,call_center,false,178
app_20250112_00002744,2025-01-12 12:33:38,cust_1409068,GRRE,business_loan,37482,48,794,low,approved,37482,online_banking,false,537
app_20250112_00002745,2025-01-12 01:52:17,cust_6020520,ITMI,credit_card,50000,30,491,high,approved,50000,atm,false,287
app_20250112_00002746,2025-01-12 23:05:01,cust_2738856,SESV,auto_loan,42598,60,779,low,approved,42598,branch,false,700
app_20250112_00002747,2025-01-12 16:40:43,cust_395916,FRID,mortgage,430614,360,667,medium,approved,430614,mobile_app,false,579
app_20250112_00002748,2025-01-12 20:09:59,cust_1807295,AUTR,business_loan,37885,12,498,high,rejected,0,call_center,false,169
app_20250112_00002749,2025-01-12 09:44:58,cust_3011996,ATVI,refinance,126822,120,591,medium,approved,126822,mobile_app,true,373
app_20250112_00002750,2025-01-12 19:48:18,cust_9057600,ESMA,credit_card,19242,42,639,medium,approved,19242,call_center,false,419
app_20250112_00002751,2025-01-12 09:43:54,cust_8893354,AUTR,credit_card,7170,42,618,medium,approved,7170,atm,false,251
app_20250112_00002752,2025-01-12 03:21:04,cust_2840955,ITMI,business_loan,29433,48,490,high,rejected,0,mobile,true,118
app_20250112_00002753,2025-01-12 11:17:53,cust_4736308,PORP,refinance,237018,360,360,high,rejected,0,partner,true,67
app_20250112_00002754,2025-01-12 01:41:39,cust_2201376,GRRE,refinance,458425,360,612,medium,approved,458425,mobile_app,true,570
app_20250112_00002755,2025-01-12 15:06:01,cust_3716905,ESMA,cash_loan,2680,36,662,medium,rejected,0,branch,true,27
app_20250112_00002756,2025-01-12 18:46:07,cust_7674145,ITMI,refinance,196598,180,790,low,approved,196598,mobile_app,false,302
app_20250112_00002757,2025-01-12 11:08:11,cust_4992076,GRRE,refinance,63882,180,577,medium,rejected,0,mobile,true,25
app_20250112_00002758,2025-01-12 17:12:54,cust_4704394,FRID,cash_loan,11078,48,780,low,approved,11078,mobile,false,646
app_20250112_00002759,2025-01-12 01:32:06,cust_3091537,CHBE,cash_loan,33461,36,639,medium,rejected,0,call_center,false,77
app_20250112_00002760,2025-01-12 07:02:11,cust_4772176,ITMI,refinance,462324,240,718,low,approved,462324,partner,false,748
app_20250112_00002761,2025-01-12 20:57:26,cust_6746177,NLAM,refinance,142501,240,786,low,approved,142501,mobile_app,false,625
app_20250112_00002762,2025-01-12 20:30:57,cust_1385090,UKLO,auto_loan,19346,60,766,low,rejected,0,atm,false,121
app_20250112_00002763,2025-01-12 19:54:48,cust_9553485,CHBE,auto_loan,37738,36,738,low,approved,37738,call_center,false,730
app_20250112_00002764,2025-01-12 11:59:03,cust_1254811,PLWA,business_loan,6378,12,762,low,approved,6378,web,true,465
app_20250112_00002765,2025-01-12 19:18:30,cust_4738785,AUTR,business_loan,11699,48,806,low,approved,11699,mobile_app,true,544
app_20250112_00002766,2025-01-12 16:26:58,cust_2477263,FRID,credit_card,44028,18,529,medium,approved,44028,web,false,244
app_20250112_00002767,2025-01-12 03:36:37,cust_7646137,FRID,business_loan,6914,12,568,medium,rejected,0,partner,false,174
app_20250112_00002768,2025-01-12 05:10:55,cust_9725478,CZPR,credit_card,49745,18,589,medium,approved,49745,call_center,true,877
app_20250112_00002769,2025-01-12 00:33:02,cust_7556402,ESMA,business_loan,26919,12,583,medium,approved,26919,mobile,true,632
app_20250112_00002770,2025-01-12 14:18:06,cust_4829024,ESMA,business_loan,39354,60,644,medium,approved,39354,partner,false,290
app_20250112_00002771,2025-01-12 08:25:15,cust_5375754,PORP,cash_loan,41946,24,673,medium,approved,41946,mobile_app,true,122
app_20250112_00002772,2025-01-12 10:10:07,cust_7522517,CZPR,personal_loan,21747,36,479,high,rejected,0,atm,false,74
app_20250112_00002773,2025-01-12 04:19:46,cust_7377960,PORP,refinance,94661,360,470,high,rejected,0,call_center,true,108
app_20250112_00002774,2025-01-12 00:56:55,cust_9362464,PLWA,auto_loan,8152,60,517,medium,rejected,0,branch,false,46
app_20250112_00002775,2025-01-12 17:46:00,cust_1014356,BENL,mortgage,412733,180,576,medium,rejected,0,web,true,106
app_20250112_00002776,2025-01-12 03:47:52,cust_3350496,ATVI,credit_card,19919,12,669,medium,approved,19919,atm,true,502
app_20250112_00002777,2025-01-12 20:51:08,cust_4072589,BENL,auto_loan,15221,48,576,medium,rejected,0,web,false,58
app_20250112_00002778,2025-01-12 07:34:12,cust_2461197,ESMA,business_loan,12168,48,463,high,rejected,0,branch,true,21
app_20250112_00002779,2025-01-12 10:06:35,cust_3711991,FRID,refinance,99802,120,719,low,approved,99802,online_banking,true,37
app_20250112_00002780,2025-01-12 23:32:54,cust_425840,DEHE,auto_loan,33864,60,827,low,approved,33864,call_center,false,783
app_20250112_00002781,2025-01-12 23:50:18,cust_3794676,UKLO,cash_loan,48789,18,850,low,approved,48789,partner,false,300
app_20250112_00002782,2025-01-12 07:22:41,cust_9926904,UKLO,business_loan,25480,36,850,low,approved,25480,call_center,false,853
app_20250112_00002783,2025-01-12 05:33:39,cust_2130563,PORP,refinance,353488,120,683,medium,approved,353488,web,false,164
app_20250112_00002784,2025-01-12 20:07:38,cust_5123305,GRRE,refinance,198159,300,583,medium,rejected,0,branch,false,144
app_20250112_00002785,2025-01-12 21:08:21,cust_7163544,CZPR,refinance,381460,180,524,medium,approved,381460,call_center,true,599
app_20250112_00002786,2025-01-12 19:45:57,cust_4649532,FRID,mortgage,161751,360,736,low,approved,161751,partner,false,308
app_20250112_00002787,2025-01-12 09:47:17,cust_7614228,ESMA,auto_loan,35666,72,636,medium,approved,35666,call_center,true,61
app_20250112_00002788,2025-01-12 03:06:13,cust_5889256,PORP,credit_card,18259,12,721,low,approved,18259,mobile_app,false,464
app_20250112_00002789,2025-01-12 23:07:37,cust_2097816,PORP,education_loan,13483,12,748,low,approved,13483,web,false,244
app_20250112_00002790,2025-01-12 20:06:26,cust_5552157,SESV,cash_loan,12531,42,527,medium,rejected,0,mobile,false,149
app_20250112_00002791,2025-01-12 22:40:43,cust_8423867,CZPR,credit_card,31527,12,580,medium,approved,31527,atm,true,817
app_20250112_00002792,2025-01-12 01:20:19,cust_8156197,CHBE,cash_loan,48512,42,651,medium,approved,48512,call_center,false,689
app_20250112_00002793,2025-01-12 04:12:18,cust_5004666,GRRE,cash_loan,49465,18,550,medium,rejected,0,call_center,true,67
app_20250112_00002794,2025-01-12 11:07:42,cust_3083401,ESMA,personal_loan,1996,12,550,medium,rejected,0,atm,false,141
app_20250112_00002795,2025-01-12 04:51:58,cust_9486083,NLAM,education_loan,18069,60,669,medium,approved,18069,partner,true,448
app_20250112_00002796,2025-01-12 11:23:28,cust_4869291,ESMA,auto_loan,49822,60,592,medium,rejected,0,branch,true,158
app_20250112_00002797,2025-01-12 13:22:06,cust_538446,AUTR,auto_loan,19604,24,766,low,approved,19604,atm,true,660
app_20250112_00002798,2025-01-12 19:28:35,cust_2724806,ESMA,auto_loan,25353,24,676,medium,approved,25353,call_center,true,729
app_20250112_00002799,2025-01-12 08:47:29,cust_3245441,ESMA,business_loan,12086,60,439,high,rejected,0,mobile,true,65
app_20250112_00002800,2025-01-12 22:19:34,cust_6457471,ESMA,cash_loan,46649,12,850,low,approved,46649,web,true,523
app_20250112_00002801,2025-01-12 23:28:27,cust_7078815,DEHE,refinance,57743,180,401,high,rejected,0,partner,false,59
app_20250112_00002802,2025-01-12 12:25:53,cust_7423781,FRID,refinance,115045,300,597,medium,rejected,0,branch,false,147
app_20250112_00002803,2025-01-12 07:07:42,cust_3423403,DEHE,education_loan,24674,60,761,low,approved,24674,online_banking,false,858
app_20250112_00002804,2025-01-12 02:16:17,cust_2744624,FRID,personal_loan,24956,12,753,low,approved,24956,mobile_app,true,245
app_20250112_00002805,2025-01-12 19:58:24,cust_8786994,DEHE,education_loan,25280,12,618,medium,approved,25280,mobile,true,370
app_20250112_00002806,2025-01-12 10:23:04,cust_6282456,ESMA,business_loan,19433,24,434,high,rejected,0,partner,false,112
app_20250112_00002807,2025-01-12 23:57:36,cust_7390261,BENL,auto_loan,50287,48,528,medium,rejected,0,partner,true,60
app_20250112_00002808,2025-01-12 23:57:04,cust_1779314,CHBE,cash_loan,31892,30,674,medium,rejected,0,atm,false,19
app_20250112_00002809,2025-01-12 15:45:51,cust_1440017,PORP,refinance,384928,360,760,low,approved,384928,call_center,true,365
app_20250112_00002810,2025-01-12 16:23:27,cust_2337211,PLWA,refinance,376842,360,693,medium,rejected,0,partner,false,24
app_20250112_00002811,2025-01-12 16:07:58,cust_1865968,ATVI,business_loan,17351,24,591,medium,approved,17351,atm,true,563
app_20250112_00002812,2025-01-12 08:17:56,cust_4273595,DEHE,personal_loan,8952,48,413,high,rejected,0,branch,false,126
app_20250112_00002813,2025-01-12 17:05:50,cust_4382174,SESV,personal_loan,1116,48,701,low,approved,1116,web,false,721
app_20250112_00002814,2025-01-12 01:46:53,cust_8891261,PLWA,personal_loan,38867,48,596,medium,rejected,0,atm,false,94
app_20250112_00002815,2025-01-12 16:23:31,cust_4778890,FRID,auto_loan,58460,60,744,low,approved,58460,call_center,true,611
app_20250112_00002816,2025-01-12 21:18:31,cust_1855647,FRID,mortgage,432017,240,623,medium,rejected,0,web,true,10
app_20250112_00002817,2025-01-12 04:50:21,cust_4218402,PLWA,business_loan,11733,24,700,low,approved,11733,partner,false,197
app_20250112_00002818,2025-01-12 19:19:39,cust_673790,PLWA,personal_loan,33944,42,731,low,approved,33944,partner,true,170
app_20250112_00002819,2025-01-12 08:48:44,cust_9956044,PORP,mortgage,53828,300,614,medium,approved,53828,partner,true,477
app_20250112_00002820,2025-01-12 13:49:44,cust_3228624,BENL,cash_loan,46229,42,699,medium,approved,46229,atm,true,239
app_20250112_00002821,2025-01-12 16:24:06,cust_2551695,SESV,credit_card,26919,24,850,low,approved,26919,web,true,481
app_20250112_00002822,2025-01-12 19:03:21,cust_4425351,ITMI,personal_loan,8915,48,732,low,approved,8915,online_banking,true,49
app_20250112_00002823,2025-01-12 23:28:33,cust_6343014,AUTR,refinance,252933,240,516,medium,approved,252933,mobile,true,249
app_20250112_00002824,2025-01-12 04:34:30,cust_126913,SESV,cash_loan,25667,48,764,low,approved,25667,call_center,true,394
app_20250112_00002825,2025-01-12 07:02:16,cust_475549,PORP,education_loan,26443,60,757,low,approved,26443,branch,true,530
app_20250112_00002826,2025-01-12 06:12:01,cust_5179321,BENL,auto_loan,52920,72,436,high,rejected,0,atm,true,72
app_20250112_00002827,2025-01-12 14:11:50,cust_4957773,NLAM,cash_loan,12253,42,750,low,rejected,0,mobile,true,13
app_20250112_00002828,2025-01-12 14:51:43,cust_3606547,GRRE,auto_loan,38718,48,595,medium,approved,38718,mobile_app,true,889
app_20250112_00002829,2025-01-12 19:24:34,cust_6344025,UKLO,credit_card,32513,18,465,high,rejected,0,web,true,34
app_20250112_00002830,2025-01-12 09:29:41,cust_1026727,UKLO,personal_loan,20131,36,688,medium,approved,20131,partner,false,395
app_20250112_00002831,2025-01-12 10:52:52,cust_5778961,ATVI,auto_loan,12244,72,521,medium,rejected,0,call_center,false,136
app_20250112_00002832,2025-01-12 20:05:59,cust_9691969,FRID,refinance,72060,240,517,medium,rejected,0,web,false,67
app_20250112_00002833,2025-01-12 13:31:23,cust_7788105,PORP,business_loan,35439,24,711,low,approved,35439,branch,true,255
app_20250112_00002834,2025-01-12 12:22:15,cust_7793694,PLWA,education_loan,15710,60,629,medium,approved,15710,web,false,124
app_20250112_00002835,2025-01-12 02:43:29,cust_9951618,ITMI,personal_loan,8165,12,766,low,approved,8165,atm,true,373
app_20250112_00002836,2025-01-12 13:10:44,cust_8660730,ESMA,auto_loan,12245,72,687,medium,approved,12245,branch,false,900
app_20250112_00002837,2025-01-12 19:20:07,cust_3619703,ITMI,cash_loan,42140,30,695,medium,approved,42140,online_banking,true,401
app_20250112_00002838,2025-01-12 05:13:52,cust_6226377,ITMI,business_loan,34586,24,798,low,approved,34586,branch,false,274
app_20250112_00002839,2025-01-12 01:55:31,cust_4091388,CHBE,credit_card,14501,48,697,medium,approved,14501,partner,false,742
app_20250112_00002840,2025-01-12 14:30:08,cust_3822532,SESV,credit_card,31822,42,697,medium,approved,31822,branch,false,694
app_20250112_00002841,2025-01-12 09:52:00,cust_4009878,CHBE,cash_loan,9997,24,738,low,approved,9997,call_center,true,343
app_20250112_00002842,2025-01-12 10:54:36,cust_7533752,ITMI,refinance,469600,120,593,medium,approved,469600,mobile_app,false,78
app_20250112_00002843,2025-01-12 21:17:26,cust_6709721,NLAM,business_loan,36747,12,768,low,approved,36747,mobile_app,true,168
app_20250112_00002844,2025-01-12 11:22:11,cust_6293161,FRID,refinance,131257,360,646,medium,approved,131257,partner,true,793
app_20250112_00002845,2025-01-12 05:24:32,cust_8057280,ESMA,mortgage,103723,240,699,medium,approved,103723,mobile_app,true,111
app_20250112_00002846,2025-01-12 14:06:29,cust_4853325,ITMI,education_loan,12130,48,751,low,approved,12130,call_center,true,734
app_20250112_00002847,2025-01-12 15:33:27,cust_4239861,AUTR,mortgage,115650,240,776,low,rejected,0,online_banking,false,139
app_20250112_00002848,2025-01-12 10:57:09,cust_6783562,ITMI,credit_card,25301,24,682,medium,rejected,0,mobile,true,147
app_20250112_00002849,2025-01-12 23:58:58,cust_8292987,ATVI,credit_card,48542,42,814,low,approved,48542,branch,false,487
app_20250112_00002850,2025-01-12 02:51:12,cust_5503630,ATVI,credit_card,35383,12,737,low,approved,35383,mobile_app,false,463
app_20250112_00002851,2025-01-12 04:27:39,cust_7520027,ESMA,auto_loan,32915,60,597,medium,rejected,0,web,true,29
app_20250112_00002852,2025-01-12 18:02:34,cust_7891058,NLAM,business_loan,28052,12,708,low,approved,28052,mobile_app,false,484
app_20250112_00002853,2025-01-12 03:06:21,cust_1938984,ATVI,cash_loan,12999,30,535,medium,rejected,0,call_center,true,100
app_20250112_00002854,2025-01-12 16:59:29,cust_6206878,BENL,cash_loan,49369,30,743,low,approved,49369,partner,false,610
app_20250112_00002855,2025-01-12 04:14:10,cust_165839,FRID,business_loan,18184,36,640,medium,rejected,0,branch,true,65
app_20250112_00002856,2025-01-12 01:52:47,cust_8583901,ATVI,credit_card,15910,30,567,medium,rejected,0,atm,false,178
app_20250112_00002857,2025-01-12 23:03:05,cust_8154951,ATVI,education_loan,2979,24,739,low,approved,2979,partner,true,208
app_20250112_00002858,2025-01-12 05:42:56,cust_3206492,PLWA,auto_loan,18615,48,480,high,rejected,0,online_banking,false,85
app_20250112_00002859,2025-01-12 04:33:03,cust_7027197,GRRE,auto_loan,44634,36,665,medium,approved,44634,partner,true,718
app_20250112_00002860,2025-01-12 07:13:09,cust_9568337,PLWA,personal_loan,21765,18,564,medium,approved,21765,branch,false,341
app_20250112_00002861,2025-01-12 00:48:33,cust_5932076,ATVI,refinance,419921,240,553,medium,rejected,0,atm,false,121
app_20250112_00002862,2025-01-12 12:16:15,cust_7643110,ATVI,business_loan,2817,48,696,medium,rejected,0,mobile,true,103
app_20250112_00002863,2025-01-12 05:10:58,cust_8485992,FRID,auto_loan,20702,60,701,low,rejected,0,partner,true,43
app_20250112_00002864,2025-01-12 12:51:45,cust_2216248,BENL,cash_loan,9089,36,601,medium,approved,9089,online_banking,false,192
app_20250112_00002865,2025-01-12 03:08:56,cust_8732954,CZPR,personal_loan,48419,48,683,medium,approved,48419,atm,true,768
app_20250112_00002866,2025-01-12 09:47:30,cust_6137249,BENL,mortgage,424589,360,606,medium,approved,424589,online_banking,true,127
app_20250112_00002867,2025-01-12 20:57:09,cust_1130913,PORP,personal_loan,47185,42,647,medium,approved,47185,web,false,871
app_20250112_00002868,2025-01-12 23:22:54,cust_7605064,ATVI,auto_loan,15826,24,533,medium,rejected,0,atm,true,16
app_20250112_00002869,2025-01-12 07:32:35,cust_453886,CHBE,refinance,299647,240,589,medium,rejected,0,call_center,false,174
app_20250112_00002870,2025-01-12 21:47:03,cust_9061112,AUTR,auto_loan,32330,24,602,medium,approved,32330,web,false,509
app_20250112_00002871,2025-01-12 08:00:32,cust_1888307,FRID,cash_loan,22952,12,671,medium,rejected,0,branch,true,47
app_20250112_00002872,2025-01-12 14:40:43,cust_142870,PORP,credit_card,43822,30,632,medium,approved,43822,atm,true,377
app_20250112_00002873,2025-01-12 09:49:04,cust_6191475,GRRE,cash_loan,21845,24,786,low,approved,21845,online_banking,false,628
app_20250112_00002874,2025-01-12 00:41:17,cust_491803,PLWA,mortgage,474214,240,594,medium,approved,474214,web,true,484
app_20250112_00002875,2025-01-12 14:36:04,cust_365103,ESMA,cash_loan,19790,42,577,medium,approved,19790,atm,false,143
app_20250112_00002876,2025-01-12 11:34:13,cust_5632800,CZPR,refinance,149866,360,789,low,approved,149866,call_center,false,241
app_20250112_00002877,2025-01-12 02:35:27,cust_7091818,DEHE,cash_loan,30229,36,844,low,rejected,0,online_banking,true,93
app_20250112_00002878,2025-01-12 05:25:44,cust_166308,FRID,personal_loan,48284,24,537,medium,approved,48284,atm,false,150
app_20250112_00002879,2025-01-12 10:06:15,cust_4902425,DEHE,mortgage,474173,360,667,medium,approved,474173,branch,true,290
app_20250112_00002880,2025-01-12 05:10:18,cust_3410588,ESMA,credit_card,15419,36,678,medium,rejected,0,atm,true,97
app_20250112_00002881,2025-01-12 07:51:25,cust_3717409,PLWA,auto_loan,55682,60,668,medium,approved,55682,web,false,717
app_20250112_00002882,2025-01-12 13:10:38,cust_3248849,BENL,personal_loan,48843,36,547,medium,approved,48843,call_center,false,404
app_20250112_00002883,2025-01-12 08:14:02,cust_2364574,UKLO,cash_loan,25054,24,605,medium,approved,25054,branch,true,439
app_20250112_00002884,2025-01-12 14:07:42,cust_5601501,FRID,auto_loan,51557,36,843,low,approved,51557,call_center,true,356
app_20250112_00002885,2025-01-12 14:50:17,cust_1791107,AUTR,mortgage,494222,120,698,medium,approved,494222,call_center,false,840
app_20250112_00002886,2025-01-12 19:02:52,cust_3707416,ESMA,auto_loan,9980,24,688,medium,rejected,0,online_banking,false,143
app_20250112_00002887,2025-01-12 22:14:44,cust_5109661,FRID,education_loan,9843,48,784,low,approved,9843,partner,true,346
app_20250112_00002888,2025-01-12 16:00:40,cust_7169727,SESV,mortgage,131662,300,682,medium,approved,131662,mobile_app,false,309
app_20250112_00002889,2025-01-12 09:37:42,cust_4952484,GRRE,business_loan,21887,36,646,medium,approved,21887,web,true,556
app_20250112_00002890,2025-01-12 17:25:26,cust_7689884,PLWA,mortgage,488356,240,638,medium,approved,488356,web,false,201
app_20250112_00002891,2025-01-12 20:55:04,cust_6861893,ESMA,cash_loan,26438,18,550,medium,rejected,0,branch,false,166
app_20250112_00002892,2025-01-12 14:57:43,cust_3365198,GRRE,credit_card,48383,24,744,low,rejected,0,mobile_app,false,25
app_20250112_00002893,2025-01-12 02:02:43,cust_7656018,GRRE,cash_loan,15231,30,728,low,rejected,0,web,true,32
app_20250112_00002894,2025-01-12 16:50:02,cust_330646,ITMI,cash_loan,26214,42,630,medium,approved,26214,atm,true,771
app_20250112_00002895,2025-01-12 08:13:14,cust_4142763,ITMI,credit_card,30893,12,752,low,approved,30893,mobile,false,636
app_20250112_00002896,2025-01-12 14:39:53,cust_2579963,DEHE,auto_loan,28649,72,709,low,approved,28649,atm,true,197
app_20250112_00002897,2025-01-12 04:34:12,cust_8180759,CZPR,auto_loan,26788,72,678,medium,approved,26788,online_banking,false,770
app_20250112_00002898,2025-01-12 19:51:30,cust_787615,CZPR,personal_loan,11914,12,622,medium,rejected,0,online_banking,false,159
app_20250112_00002899,2025-01-12 08:45:02,cust_4163536,PORP,mortgage,85391,300,610,medium,approved,85391,mobile_app,true,733
app_20250112_00002900,2025-01-12 02:46:18,cust_633675,ESMA,business_loan,24772,36,810,low,approved,24772,online_banking,false,317
app_20250112_00002901,2025-01-12 02:18:41,cust_2392677,NLAM,credit_card,1673,42,582,medium,rejected,0,mobile_app,false,133
app_20250112_00002902,2025-01-12 16:45:46,cust_3611858,NLAM,personal_loan,7658,12,552,medium,rejected,0,call_center,false,171
app_20250112_00002903,2025-01-12 09:35:43,cust_2826360,BENL,mortgage,137837,180,780,low,approved,137837,call_center,true,322
app_20250112_00002904,2025-01-12 00:45:21,cust_6497114,NLAM,mortgage,141677,240,571,medium,approved,141677,atm,false,82
app_20250112_00002905,2025-01-12 21:56:36,cust_9108554,PORP,personal_loan,16143,30,704,low,approved,16143,mobile_app,true,432
app_20250112_00002906,2025-01-12 13:10:17,cust_824654,ESMA,mortgage,378264,180,850,low,approved,378264,online_banking,false,808
app_20250112_00002907,2025-01-12 23:13:27,cust_8676872,PLWA,education_loan,31955,60,753,low,approved,31955,call_center,false,884
app_20250112_00002908,2025-01-12 02:11:06,cust_3426556,CZPR,credit_card,34410,24,764,low,approved,34410,mobile,true,241
app_20250112_00002909,2025-01-12 07:26:59,cust_4671027,UKLO,education_loan,33101,48,724,low,approved,33101,call_center,true,384
app_20250112_00002910,2025-01-12 21:32:39,cust_3542321,GRRE,mortgage,170818,120,609,medium,approved,170818,mobile,true,683
app_20250112_00002911,2025-01-12 03:02:14,cust_6712206,NLAM,mortgage,175141,180,780,low,approved,175141,mobile,false,403
app_20250112_00002912,2025-01-12 19:31:32,cust_3426308,ESMA,education_loan,23586,24,811,low,approved,23586,atm,true,443
app_20250112_00002913,2025-01-12 03:38:00,cust_2981878,ESMA,auto_loan,28875,48,704,low,approved,28875,mobile,false,860
app_20250112_00002914,2025-01-12 21:04:17,cust_5783627,ITMI,personal_loan,39755,48,725,low,approved,39755,branch,true,508
app_20250112_00002915,2025-01-12 00:46:39,cust_2972733,PLWA,mortgage,96653,360,764,low,rejected,0,mobile_app,false,16
app_20250112_00002916,2025-01-12 07:54:25,cust_9917935,NLAM,personal_loan,19896,48,781,low,approved,19896,call_center,true,444
app_20250112_00002917,2025-01-12 17:34:09,cust_154950,NLAM,education_loan,27660,12,581,medium,rejected,0,atm,false,66
app_20250112_00002918,2025-01-12 15:32:37,cust_8948585,GRRE,mortgage,335693,300,510,medium,rejected,0,branch,false,147
app_20250112_00002919,2025-01-12 08:59:42,cust_5344540,AUTR,business_loan,36437,60,579,medium,rejected,0,online_banking,true,159
app_20250112_00002920,2025-01-12 17:05:52,cust_7765764,PLWA,credit_card,28953,30,700,low,approved,28953,partner,true,90
app_20250112_00002921,2025-01-12 15:05:16,cust_5289439,UKLO,refinance,108212,240,690,medium,approved,108212,atm,false,225
app_20250112_00002922,2025-01-12 20:36:55,cust_246448,PLWA,cash_loan,44672,48,655,medium,approved,44672,online_banking,true,226
app_20250112_00002923,2025-01-12 07:31:57,cust_3962182,BENL,business_loan,11480,60,654,medium,approved,11480,mobile_app,false,163
app_20250112_00002924,2025-01-12 05:55:25,cust_9647132,FRID,education_loan,15419,48,550,medium,approved,15419,online_banking,true,537
app_20250112_00002925,2025-01-12 03:36:19,cust_1672407,ESMA,mortgage,201561,120,826,low,approved,201561,mobile_app,false,522
app_20250112_00002926,2025-01-12 04:01:36,cust_3315537,PLWA,cash_loan,26788,36,681,medium,approved,26788,mobile,false,545
app_20250112_00002927,2025-01-12 05:59:21,cust_8688695,GRRE,auto_loan,20847,60,583,medium,approved,20847,mobile,false,352
app_20250112_00002928,2025-01-12 08:41:08,cust_4577020,SESV,auto_loan,5882,60,704,low,approved,5882,atm,false,48
app_20250112_00002929,2025-01-12 10:13:38,cust_3492983,SESV,education_loan,38003,12,625,medium,approved,38003,partner,false,367
app_20250112_00002930,2025-01-12 03:29:46,cust_6849232,PORP,mortgage,358876,180,813,low,approved,358876,mobile,true,874
app_20250112_00002931,2025-01-12 18:51:47,cust_2803250,CHBE,cash_loan,36109,36,611,medium,approved,36109,online_banking,false,769
app_20250112_00002932,2025-01-12 04:54:32,cust_6652129,CHBE,cash_loan,47837,48,743,low,approved,47837,mobile,true,404
app_20250112_00002933,2025-01-12 00:11:19,cust_3926429,AUTR,auto_loan,37148,60,477,high,approved,37148,partner,false,136
app_20250112_00002934,2025-01-12 20:59:45,cust_3278230,PLWA,refinance,163666,360,519,medium,approved,163666,online_banking,false,560
app_20250112_00002935,2025-01-12 03:08:52,cust_5659555,ATVI,cash_loan,14995,48,727,low,approved,14995,mobile,false,282
app_20250112_00002936,2025-01-12 02:38:05,cust_2283731,UKLO,auto_loan,6177,72,708,low,rejected,0,online_banking,false,85
app_20250112_00002937,2025-01-12 02:25:36,cust_1918010,AUTR,business_loan,37191,48,501,medium,approved,37191,web,false,358
app_20250112_00002938,2025-01-12 03:39:49,cust_5573288,PORP,credit_card,6795,18,623,medium,approved,6795,partner,false,494
app_20250112_00002939,2025-01-12 14:54:11,cust_3675412,ATVI,cash_loan,37960,12,592,medium,approved,37960,partner,false,401
app_20250112_00002940,2025-01-12 05:23:17,cust_4451173,SESV,cash_loan,40027,48,709,low,approved,40027,online_banking,true,607
app_20250112_00002941,2025-01-12 12:47:38,cust_2853418,ITMI,credit_card,42492,42,599,medium,rejected,0,mobile,true,68
app_20250112_00002942,2025-01-12 10:15:40,cust_5472439,ESMA,credit_card,4520,42,776,low,approved,4520,branch,true,565
app_20250112_00002943,2025-01-12 19:40:56,cust_6203132,PLWA,cash_loan,34182,42,838,low,approved,34182,web,false,596
app_20250112_00002944,2025-01-12 01:39:04,cust_6723710,GRRE,business_loan,11920,60,811,low,approved,11920,partner,true,390
app_20250112_00002945,2025-01-12 18:42:44,cust_3272325,NLAM,personal_loan,1360,12,473,high,approved,1360,online_banking,true,500
app_20250112_00002946,2025-01-12 16:16:07,cust_3382691,UKLO,mortgage,491951,120,643,medium,rejected,0,mobile,true,177
app_20250112_00002947,2025-01-12 08:17:01,cust_8653673,CHBE,mortgage,350878,120,498,high,rejected,0,web,true,158
app_20250112_00002948,2025-01-12 19:58:59,cust_3730926,BENL,business_loan,26095,60,778,low,approved,26095,mobile_app,true,599
app_20250112_00002949,2025-01-12 10:28:52,cust_254589,CZPR,auto_loan,44281,48,715,low,rejected,0,online_banking,true,52
app_20250112_00002950,2025-01-12 08:09:17,cust_7669328,AUTR,refinance,105490,300,745,low,approved,105490,partner,false,45
app_20250112_00002951,2025-01-12 18:13:18,cust_6721327,SESV,credit_card,12310,12,547,medium,approved,12310,atm,true,832
app_20250112_00002952,2025-01-12 01:11:37,cust_6286338,FRID,cash_loan,34683,12,550,medium,rejected,0,mobile,true,117
app_20250112_00002953,2025-01-12 08:08:19,cust_6177697,GRRE,business_loan,15072,36,451,high,rejected,0,call_center,false,124
app_20250112_00002954,2025-01-12 21:33:46,cust_4928984,ATVI,credit_card,27657,30,776,low,approved,27657,mobile,false,129
app_20250112_00002955,2025-01-12 03:39:02,cust_6060054,GRRE,education_loan,17768,48,712,low,approved,17768,call_center,false,129
app_20250112_00002956,2025-01-12 10:56:02,cust_4926835,PORP,auto_loan,48590,24,559,medium,rejected,0,mobile,true,63
app_20250112_00002957,2025-01-12 16:32:25,cust_2310385,BENL,credit_card,41615,18,551,medium,rejected,0,mobile_app,true,92
app_20250112_00002958,2025-01-12 22:09:43,cust_6011936,SESV,auto_loan,57600,48,642,medium,rejected,0,atm,false,154
app_20250112_00002959,2025-01-12 08:12:01,cust_8796352,ITMI,business_loan,14940,36,643,medium,approved,14940,mobile,false,282
app_20250112_00002960,2025-01-12 08:36:06,cust_8457392,DEHE,education_loan,12918,48,500,medium,rejected,0,mobile,false,32
app_20250112_00002961,2025-01-12 04:50:50,cust_3355522,GRRE,business_loan,28265,12,735,low,approved,28265,branch,true,881
app_20250112_00002962,2025-01-12 15:21:57,cust_1472978,SESV,education_loan,23033,60,501,medium,rejected,0,partner,true,89
app_20250112_00002963,2025-01-12 16:22:37,cust_9043570,BENL,credit_card,23320,30,699,medium,approved,23320,partner,false,622
app_20250112_00002964,2025-01-12 13:38:35,cust_8272215,BENL,business_loan,23314,24,530,medium,approved,23314,branch,false,893
app_20250112_00002965,2025-01-12 13:14:53,cust_4932541,SESV,credit_card,47566,24,651,medium,approved,47566,atm,false,437
app_20250112_00002966,2025-01-12 17:22:52,cust_8072516,ATVI,auto_loan,56917,36,521,medium,approved,56917,call_center,false,490
app_20250112_00002967,2025-01-12 14:04:02,cust_5922237,ITMI,cash_loan,35883,30,779,low,rejected,0,mobile,false,80
app_20250112_00002968,2025-01-12 12:03:52,cust_648582,PORP,education_loan,14972,36,681,medium,approved,14972,partner,true,501
app_20250112_00002969,2025-01-12 11:38:08,cust_2683539,CHBE,mortgage,434043,180,502,medium,rejected,0,call_center,false,29
app_20250112_00002970,2025-01-12 06:51:56,cust_2905963,NLAM,mortgage,388602,120,683,medium,rejected,0,web,true,165
app_20250112_00002971,2025-01-12 06:57:49,cust_4754168,CZPR,refinance,480600,300,599,medium,rejected,0,call_center,true,111
app_20250112_00002972,2025-01-12 03:38:42,cust_5491775,ATVI,auto_loan,21778,48,738,low,approved,21778,mobile_app,true,165
app_20250112_00002973,2025-01-12 14:42:25,cust_8161741,DEHE,auto_loan,28771,60,703,low,approved,28771,branch,false,861
app_20250112_00002974,2025-01-12 07:48:59,cust_6192570,DEHE,refinance,410111,360,578,medium,rejected,0,web,true,43
app_20250112_00002975,2025-01-12 08:30:36,cust_5148153,SESV,credit_card,5381,12,680,medium,approved,5381,branch,false,250
app_20250112_00002976,2025-01-12 13:00:59,cust_7754062,CZPR,education_loan,35556,36,766,low,rejected,0,call_center,true,61
app_20250112_00002977,2025-01-12 16:35:21,cust_2882792,UKLO,education_loan,31421,24,603,medium,rejected,0,online_banking,true,79
app_20250112_00002978,2025-01-12 08:00:58,cust_3514857,NLAM,personal_loan,20399,42,675,medium,approved,20399,partner,false,640
app_20250112_00002979,2025-01-12 13:24:52,cust_2121499,GRRE,auto_loan,11558,60,692,medium,approved,11558,mobile_app,true,298
app_20250112_00002980,2025-01-12 19:56:37,cust_6543469,UKLO,business_loan,39596,24,657,medium,approved,39596,web,true,371
app_20250112_00002981,2025-01-12 03:39:27,cust_8463597,BENL,mortgage,69240,120,579,medium,rejected,0,call_center,false,169
app_20250112_00002982,2025-01-12 16:45:30,cust_9889211,DEHE,personal_loan,5254,18,726,low,approved,5254,partner,false,180
app_20250112_00002983,2025-01-12 19:41:06,cust_6568131,BENL,refinance,105261,360,525,medium,rejected,0,branch,true,105
app_20250112_00002984,2025-01-12 16:06:57,cust_623906,ESMA,personal_loan,18350,42,673,medium,rejected,0,partner,false,51
app_20250112_00002985,2025-01-12 05:27:01,cust_3415962,FRID,credit_card,41594,36,588,medium,approved,41594,web,true,543
app_20250112_00002986,2025-01-12 01:07:23,cust_3540505,PORP,mortgage,496941,180,627,medium,approved,496941,web,true,205
app_20250112_00002987,2025-01-12 11:08:19,cust_7131834,ESMA,refinance,351406,180,458,high,rejected,0,call_center,true,26
app_20250112_00002988,2025-01-12 21:18:00,cust_6157902,AUTR,cash_loan,13533,48,517,medium,rejected,0,partner,true,178
app_20250112_00002989,2025-01-12 11:19:11,cust_730945,NLAM,personal_loan,33541,18,544,medium,rejected,0,web,false,108
app_20250112_00002990,2025-01-12 10:09:18,cust_827382,GRRE,cash_loan,41044,24,557,medium,rejected,0,call_center,true,151
app_20250112_00002991,2025-01-12 20:59:15,cust_3374445,SESV,personal_loan,49009,36,504,medium,rejected,0,call_center,false,100
app_20250112_00002992,2025-01-12 03:39:56,cust_978156,UKLO,education_loan,9943,24,624,medium,approved,9943,mobile,true,611
app_20250112_00002993,2025-01-12 06:15:50,cust_518645,GRRE,auto_loan,32023,60,564,medium,rejected,0,mobile,true,127
app_20250112_00002994,2025-01-12 01:35:00,cust_1171852,GRRE,refinance,181129,300,677,medium,approved,181129,mobile_app,false,115
app_20250112_00002995,2025-01-12 13:17:51,cust_4888823,AUTR,business_loan,20920,60,720,low,approved,20920,branch,true,749
app_20250112_00002996,2025-01-12 10:48:04,cust_363255,ITMI,refinance,389995,240,673,medium,approved,389995,online_banking,true,735
app_20250112_00002997,2025-01-12 15:28:12,cust_9886880,ATVI,education_loan,27953,24,457,high,rejected,0,mobile,true,136
app_20250112_00002998,2025-01-12 13:24:14,cust_5271763,CZPR,auto_loan,39670,48,538,medium,rejected,0,partner,false,85
app_20250112_00002999,2025-01-12 01:49:31,cust_6556690,DEHE,education_loan,10067,12,646,medium,approved,10067,partner,false,202
app_20250112_00003000,2025-01-12 05:00:10,cust_1694888,SESV,education_loan,17781,24,663,medium,approved,17781,call_center,false,767
app_20250112_00003001,2025-01-12 15:56:27,cust_1108278,CZPR,refinance,131429,180,661,medium,approved,131429,branch,true,474
app_20250112_00003002,2025-01-12 17:05:51,cust_747565,BENL,business_loan,22166,36,626,medium,approved,22166,partner,false,460
app_20250112_00003003,2025-01-12 03:48:40,cust_1572621,CZPR,education_loan,36076,48,707,low,approved,36076,call_center,false,321
app_20250112_00003004,2025-01-12 23:30:46,cust_8081926,ATVI,personal_loan,34229,12,770,low,approved,34229,mobile,false,788
app_20250112_00003005,2025-01-12 03:41:35,cust_4443870,UKLO,mortgage,218392,120,724,low,approved,218392,mobile,true,456
app_20250112_00003006,2025-01-12 22:22:27,cust_4900128,ITMI,credit_card,36459,12,850,low,approved,36459,web,false,168
app_20250112_00003007,2025-01-12 00:22:48,cust_9610104,UKLO,refinance,396864,240,752,low,approved,396864,atm,true,389
app_20250112_00003008,2025-01-12 00:42:40,cust_3774208,ITMI,refinance,219756,240,599,medium,rejected,0,web,false,178
app_20250112_00003009,2025-01-12 08:58:22,cust_4792355,UKLO,cash_loan,24386,48,791,low,approved,24386,partner,true,510
app_20250112_00003010,2025-01-12 23:27:28,cust_6799379,PORP,credit_card,34930,30,564,medium,rejected,0,branch,true,106
app_20250112_00003011,2025-01-12 12:51:37,cust_2200701,NLAM,personal_loan,11806,36,584,medium,rejected,0,partner,true,23
app_20250112_00003012,2025-01-12 05:47:38,cust_4738186,CHBE,cash_loan,39839,36,592,medium,approved,39839,atm,true,380
app_20250112_00003013,2025-01-12 06:44:07,cust_1448384,GRRE,refinance,214402,240,762,low,approved,214402,partner,false,175
app_20250112_00003014,2025-01-12 03:12:11,cust_126126,CHBE,auto_loan,19465,60,530,medium,rejected,0,call_center,true,122
app_20250112_00003015,2025-01-12 14:12:06,cust_174463,GRRE,mortgage,462315,300,657,medium,approved,462315,partner,false,312
app_20250112_00003016,2025-01-12 13:19:24,cust_4411042,PORP,mortgage,497148,360,653,medium,approved,497148,mobile,true,338
app_20250112_00003017,2025-01-12 10:07:49,cust_2632140,UKLO,credit_card,43269,48,809,low,approved,43269,call_center,true,471
app_20250112_00003018,2025-01-12 16:34:27,cust_6574913,ATVI,cash_loan,47907,36,595,medium,rejected,0,branch,false,135
app_20250112_00003019,2025-01-12 06:03:10,cust_6229092,ITMI,business_loan,7223,24,628,medium,rejected,0,call_center,true,35
app_20250112_00003020,2025-01-12 23:14:08,cust_2586918,ITMI,cash_loan,44084,30,620,medium,approved,44084,web,false,217
app_20250112_00003021,2025-01-12 03:23:55,cust_4206158,PORP,education_loan,5385,48,631,medium,rejected,0,branch,true,131
app_20250112_00003022,2025-01-12 10:07:07,cust_8121835,ITMI,mortgage,75623,120,705,low,approved,75623,mobile_app,true,719
app_20250112_00003023,2025-01-12 19:10:37,cust_5494910,PORP,mortgage,131960,180,767,low,approved,131960,branch,false,393
app_20250112_00003024,2025-01-12 04:43:25,cust_737567,SESV,education_loan,34028,24,667,medium,rejected,0,mobile_app,true,124
app_20250112_00003025,2025-01-12 07:26:46,cust_5703718,PORP,business_loan,26933,48,651,medium,rejected,0,branch,true,78
app_20250112_00003026,2025-01-12 18:21:00,cust_1986593,ITMI,credit_card,28636,18,654,medium,approved,28636,mobile,true,375
app_20250112_00003027,2025-01-12 02:49:42,cust_5087728,ITMI,cash_loan,41522,24,736,low,approved,41522,mobile_app,true,626
app_20250112_00003028,2025-01-12 23:57:51,cust_9885644,AUTR,mortgage,115088,300,632,medium,approved,115088,web,false,174
app_20250112_00003029,2025-01-12 14:43:14,cust_2936936,BENL,refinance,358388,240,617,medium,rejected,0,call_center,false,73
app_20250112_00003030,2025-01-12 19:30:32,cust_8506705,FRID,refinance,272657,300,742,low,approved,272657,atm,false,449
app_20250112_00003031,2025-01-12 05:39:33,cust_4920406,ATVI,cash_loan,30421,12,673,medium,rejected,0,atm,false,178
app_20250112_00003032,2025-01-12 21:57:07,cust_4561725,PLWA,credit_card,9074,18,536,medium,rejected,0,online_banking,false,86
app_20250112_00003033,2025-01-12 17:48:00,cust_721300,PORP,refinance,113038,240,592,medium,approved,113038,web,true,68
app_20250112_00003034,2025-01-12 03:09:07,cust_1288608,ITMI,credit_card,34245,30,811,low,approved,34245,online_banking,false,467
app_20250112_00003035,2025-01-12 06:18:56,cust_8692043,AUTR,auto_loan,7179,60,585,medium,approved,7179,mobile,false,391
app_20250112_00003036,2025-01-12 19:43:00,cust_2371268,PLWA,auto_loan,56744,36,475,high,rejected,0,atm,true,53
app_20250112_00003037,2025-01-12 04:42:20,cust_3703613,UKLO,education_loan,13719,12,671,medium,approved,13719,call_center,false,87
app_20250112_00003038,2025-01-12 08:20:52,cust_7012761,AUTR,auto_loan,19477,24,585,medium,approved,19477,online_banking,true,192
app_20250112_00003039,2025-01-12 11:30:36,cust_7789805,BENL,mortgage,158448,120,674,medium,approved,158448,call_center,true,617
app_20250112_00003040,2025-01-12 06:07:39,cust_787600,DEHE,personal_loan,20370,12,548,medium,approved,20370,web,false,129
app_20250112_00003041,2025-01-12 01:14:57,cust_2474088,PORP,education_loan,39998,48,821,low,approved,39998,partner,true,850
app_20250112_00003042,2025-01-12 09:38:03,cust_4640273,PLWA,personal_loan,36463,18,795,low,approved,36463,web,true,511
app_20250112_00003043,2025-01-12 04:51:10,cust_403565,AUTR,auto_loan,41760,72,499,high,rejected,0,call_center,true,93
app_20250112_00003044,2025-01-12 05:58:12,cust_3450832,UKLO,education_loan,26906,60,577,medium,rejected,0,call_center,false,103
app_20250112_00003045,2025-01-12 07:08:50,cust_2985986,ESMA,mortgage,186554,180,741,low,approved,186554,mobile,true,691
app_20250112_00003046,2025-01-12 14:00:09,cust_3692753,BENL,education_loan,11971,12,617,medium,approved,11971,online_banking,true,144
app_20250112_00003047,2025-01-12 07:09:19,cust_3506092,SESV,education_loan,32971,12,685,medium,rejected,0,branch,false,163
app_20250112_00003048,2025-01-12 04:29:19,cust_4263360,SESV,auto_loan,31388,24,660,medium,approved,31388,web,false,328
app_20250112_00003049,2025-01-12 08:31:05,cust_7157943,ITMI,personal_loan,19432,36,705,low,approved,19432,mobile,true,201
app_20250112_00003050,2025-01-12 11:40:23,cust_1432950,AUTR,auto_loan,20810,24,655,medium,rejected,0,atm,true,16
app_20250112_00003051,2025-01-12 03:44:13,cust_2227345,CHBE,cash_loan,49046,24,691,medium,rejected,0,mobile_app,false,90
app_20250112_00003052,2025-01-12 05:24:07,cust_2128861,NLAM,auto_loan,6424,24,644,medium,approved,6424,call_center,false,543
app_20250112_00003053,2025-01-12 09:28:07,cust_1356648,CHBE,refinance,180335,300,702,low,approved,180335,web,false,862
app_20250112_00003054,2025-01-12 20:19:29,cust_8739038,CHBE,education_loan,10947,36,444,high,rejected,0,call_center,false,23
app_20250112_00003055,2025-01-12 19:23:58,cust_4463097,PORP,personal_loan,28077,12,651,medium,approved,28077,atm,false,746
app_20250112_00003056,2025-01-12 20:29:17,cust_7731356,SESV,education_loan,14218,12,622,medium,approved,14218,call_center,false,552
app_20250112_00003057,2025-01-12 07:02:34,cust_8862228,FRID,mortgage,336619,360,642,medium,approved,336619,branch,true,499
app_20250112_00003058,2025-01-12 13:58:06,cust_841535,CHBE,education_loan,26984,12,701,low,approved,26984,atm,true,843
app_20250112_00003059,2025-01-12 13:43:33,cust_8378587,NLAM,business_loan,26813,60,845,low,approved,26813,atm,true,381
app_20250112_00003060,2025-01-12 05:10:08,cust_6745314,DEHE,personal_loan,14100,24,647,medium,approved,14100,mobile_app,true,548
app_20250112_00003061,2025-01-12 15:09:08,cust_7777229,ESMA,cash_loan,9480,48,753,low,approved,9480,branch,true,439
app_20250112_00003062,2025-01-12 09:55:56,cust_3526776,ITMI,credit_card,48218,18,609,medium,approved,48218,atm,false,520
app_20250112_00003063,2025-01-12 05:20:54,cust_3242953,SESV,credit_card,29493,30,663,medium,rejected,0,branch,false,159
app_20250112_00003064,2025-01-12 09:58:08,cust_1202897,CHBE,credit_card,15112,36,553,medium,approved,15112,atm,true,163
app_20250112_00003065,2025-01-12 10:30:41,cust_646797,FRID,auto_loan,55716,24,664,medium,approved,55716,atm,false,77
app_20250112_00003066,2025-01-12 09:12:38,cust_7399227,BENL,personal_loan,11673,12,741,low,approved,11673,mobile_app,false,447
app_20250112_00003067,2025-01-12 12:25:36,cust_2701893,CHBE,refinance,423021,240,681,medium,approved,423021,online_banking,false,771
app_20250112_00003068,2025-01-12 09:04:57,cust_9609355,PLWA,cash_loan,8814,24,680,medium,approved,8814,web,false,579
app_20250112_00003069,2025-01-12 21:59:42,cust_1641562,AUTR,mortgage,310505,360,604,medium,approved,310505,mobile,false,259
app_20250112_00003070,2025-01-12 05:38:08,cust_3303149,GRRE,business_loan,30780,12,780,low,approved,30780,partner,true,130
app_20250112_00003071,2025-01-12 16:29:02,cust_3929208,SESV,auto_loan,24268,36,760,low,approved,24268,mobile_app,false,514
app_20250112_00003072,2025-01-12 10:48:10,cust_8078082,GRRE,personal_loan,7346,48,546,medium,approved,7346,atm,false,401
app_20250112_00003073,2025-01-12 22:21:47,cust_9016664,ESMA,business_loan,31239,36,605,medium,rejected,0,mobile,false,121
app_20250112_00003074,2025-01-12 09:13:25,cust_7655157,FRID,mortgage,281792,120,432,high,rejected,0,online_banking,true,14
app_20250112_00003075,2025-01-12 09:55:01,cust_7084442,PLWA,personal_loan,38577,30,598,medium,rejected,0,partner,true,98
app_20250112_00003076,2025-01-12 19:59:51,cust_7371625,NLAM,education_loan,29940,24,744,low,approved,29940,atm,true,872
app_20250112_00003077,2025-01-12 09:33:00,cust_8950382,GRRE,mortgage,488817,180,671,medium,rejected,0,branch,true,35
app_20250112_00003078,2025-01-12 10:54:05,cust_9389973,CZPR,refinance,266420,120,635,medium,rejected,0,branch,false,130
app_20250112_00003079,2025-01-12 10:55:55,cust_4111872,ESMA,refinance,122287,120,646,medium,rejected,0,mobile_app,false,144
app_20250112_00003080,2025-01-12 14:05:03,cust_1879761,ESMA,personal_loan,32841,30,710,low,rejected,0,web,true,70
app_20250112_00003081,2025-01-12 15:46:25,cust_3548260,SESV,mortgage,404358,240,596,medium,rejected,0,atm,true,60
app_20250112_00003082,2025-01-12 16:25:53,cust_4923989,FRID,refinance,225881,360,582,medium,rejected,0,atm,false,35
app_20250112_00003083,2025-01-12 21:34:11,cust_5994523,BENL,mortgage,354250,360,648,medium,approved,354250,branch,true,134
app_20250112_00003084,2025-01-12 12:06:28,cust_1445174,FRID,refinance,106002,360,708,low,approved,106002,web,false,489
app_20250112_00003085,2025-01-12 20:55:48,cust_4557055,PORP,cash_loan,32114,42,678,medium,rejected,0,mobile_app,false,26
app_20250112_00003086,2025-01-12 16:14:19,cust_5534553,ITMI,personal_loan,6605,18,712,low,approved,6605,atm,false,497
app_20250112_00003087,2025-01-12 15:59:45,cust_1130690,UKLO,education_loan,33493,60,811,low,approved,33493,atm,false,657
app_20250112_00003088,2025-01-12 14:07:28,cust_5270752,PLWA,refinance,482250,120,703,low,approved,482250,mobile,false,879
app_20250112_00003089,2025-01-12 17:56:38,cust_5025590,BENL,education_loan,24155,60,620,medium,approved,24155,partner,true,451
app_20250112_00003090,2025-01-12 04:04:46,cust_3917393,CHBE,education_loan,13017,60,581,medium,rejected,0,mobile_app,false,134
app_20250112_00003091,2025-01-12 20:14:55,cust_539854,ITMI,cash_loan,34150,12,622,medium,approved,34150,partner,false,47
app_20250112_00003092,2025-01-12 07:58:14,cust_7867804,NLAM,personal_loan,20508,42,629,medium,approved,20508,mobile_app,true,279
app_20250112_00003093,2025-01-12 05:14:57,cust_6378237,PORP,mortgage,429478,180,668,medium,approved,429478,atm,true,388
app_20250112_00003094,2025-01-12 14:55:11,cust_2227679,CHBE,mortgage,391199,120,638,medium,approved,391199,mobile,false,252
app_20250112_00003095,2025-01-12 10:13:13,cust_5791987,FRID,business_loan,24942,12,463,high,rejected,0,web,false,6
app_20250112_00003096,2025-01-12 22:18:18,cust_1879172,NLAM,auto_loan,43367,48,705,low,rejected,0,mobile_app,false,43
app_20250112_00003097,2025-01-12 19:12:50,cust_3570096,FRID,cash_loan,17885,30,437,high,rejected,0,atm,false,107
app_20250112_00003098,2025-01-12 13:26:09,cust_8349041,CZPR,auto_loan,30830,36,662,medium,approved,30830,online_banking,true,773
app_20250112_00003099,2025-01-12 13:58:10,cust_9936506,GRRE,credit_card,14630,30,715,low,approved,14630,call_center,false,649
app_20250112_00003100,2025-01-12 10:33:24,cust_8905027,FRID,refinance,219483,180,755,low,approved,219483,web,true,765
app_20250112_00003101,2025-01-12 00:09:08,cust_9874203,SESV,personal_loan,32529,24,850,low,approved,32529,branch,false,264
app_20250112_00003102,2025-01-12 21:27:20,cust_6934206,UKLO,refinance,181849,180,646,medium,approved,181849,online_banking,false,468
app_20250112_00003103,2025-01-12 14:27:03,cust_6319729,GRRE,auto_loan,24417,36,627,medium,rejected,0,call_center,true,136
app_20250112_00003104,2025-01-12 21:19:38,cust_1669145,SESV,cash_loan,7953,24,642,medium,approved,7953,branch,true,366
app_20250112_00003105,2025-01-12 14:01:16,cust_8587016,FRID,credit_card,41600,36,620,medium,approved,41600,branch,false,855
app_20250112_00003106,2025-01-12 06:07:08,cust_492516,FRID,business_loan,30807,60,636,medium,approved,30807,online_banking,true,686
app_20250112_00003107,2025-01-12 20:53:10,cust_3513968,CZPR,education_loan,35059,36,741,low,approved,35059,branch,true,222
app_20250112_00003108,2025-01-12 20:24:50,cust_5418618,ATVI,auto_loan,5935,48,553,medium,rejected,0,mobile,false,47
app_20250112_00003109,2025-01-12 11:41:31,cust_634624,NLAM,business_loan,19598,36,590,medium,approved,19598,web,true,582
app_20250112_00003110,2025-01-12 13:01:35,cust_4876703,CHBE,refinance,236461,240,688,medium,approved,236461,mobile_app,true,898
app_20250112_00003111,2025-01-12 00:59:07,cust_7742134,PLWA,mortgage,296614,300,716,low,approved,296614,atm,true,488
app_20250112_00003112,2025-01-12 01:30:08,cust_4815922,AUTR,credit_card,4231,24,728,low,approved,4231,atm,false,110
app_20250112_00003113,2025-01-12 05:16:38,cust_5989082,UKLO,education_loan,35283,48,755,low,rejected,0,atm,false,127
app_20250112_00003114,2025-01-12 17:26:17,cust_5064326,ATVI,business_loan,3314,60,736,low,approved,3314,web,true,456
app_20250112_00003115,2025-01-12 14:15:48,cust_3734489,SESV,auto_loan,39178,48,479,high,rejected,0,atm,true,151
app_20250112_00003116,2025-01-12 04:50:12,cust_3679466,BENL,personal_loan,8521,36,603,medium,approved,8521,web,false,856
app_20250112_00003117,2025-01-12 11:43:50,cust_1282150,AUTR,personal_loan,48868,18,669,medium,approved,48868,mobile,true,126
app_20250112_00003118,2025-01-12 13:44:00,cust_9649681,ESMA,mortgage,244065,300,587,medium,approved,244065,call_center,true,347
app_20250112_00003119,2025-01-12 06:22:22,cust_1999563,DEHE,credit_card,28876,30,696,medium,approved,28876,call_center,false,283
app_20250112_00003120,2025-01-12 23:36:04,cust_6171329,UKLO,credit_card,10550,36,673,medium,rejected,0,web,false,16
app_20250112_00003121,2025-01-12 05:28:13,cust_7403907,ESMA,mortgage,116916,240,645,medium,approved,116916,online_banking,false,529
app_20250112_00003122,2025-01-12 14:40:34,cust_2373518,CZPR,education_loan,3251,36,761,low,approved,3251,mobile,true,390
app_20250112_00003123,2025-01-12 13:54:18,cust_2201421,GRRE,business_loan,10241,12,624,medium,approved,10241,mobile,true,604
app_20250112_00003124,2025-01-12 05:25:35,cust_8322470,ATVI,business_loan,38933,24,762,low,rejected,0,branch,false,177
app_20250112_00003125,2025-01-12 17:57:38,cust_9091766,CZPR,mortgage,162873,300,659,medium,rejected,0,online_banking,false,158
app_20250112_00003126,2025-01-12 01:18:50,cust_5014245,UKLO,refinance,207417,360,648,medium,approved,207417,mobile,false,642
app_20250112_00003127,2025-01-12 09:27:23,cust_9999196,PLWA,auto_loan,14650,72,621,medium,approved,14650,online_banking,false,651
app_20250112_00003128,2025-01-12 11:43:21,cust_231537,AUTR,auto_loan,5995,60,447,high,approved,5995,branch,false,472
app_20250112_00003129,2025-01-12 11:19:30,cust_612394,DEHE,auto_loan,17274,60,656,medium,approved,17274,mobile,true,168
app_20250112_00003130,2025-01-12 02:22:49,cust_6170132,GRRE,auto_loan,24613,48,590,medium,rejected,0,mobile_app,false,136
app_20250112_00003131,2025-01-12 09:16:56,cust_4636436,CZPR,personal_loan,35609,18,773,low,approved,35609,mobile,false,796
app_20250112_00003132,2025-01-12 16:34:26,cust_4532099,SESV,business_loan,39365,12,621,medium,approved,39365,call_center,false,295
app_20250112_00003133,2025-01-12 14:06:58,cust_3515821,PORP,cash_loan,41714,12,752,low,approved,41714,branch,true,159
app_20250112_00003134,2025-01-12 02:04:31,cust_1481577,GRRE,education_loan,25438,48,663,medium,rejected,0,partner,false,22
app_20250112_00003135,2025-01-12 13:36:40,cust_2092641,PLWA,education_loan,10282,24,523,medium,rejected,0,web,true,145
app_20250112_00003136,2025-01-12 05:47:52,cust_7590665,ESMA,cash_loan,15104,42,652,medium,approved,15104,branch,true,615
app_20250112_00003137,2025-01-12 09:06:10,cust_1800003,CHBE,personal_loan,18621,18,606,medium,approved,18621,partner,false,894
app_20250112_00003138,2025-01-12 07:06:26,cust_6841498,FRID,business_loan,33667,24,674,medium,approved,33667,web,true,647
app_20250112_00003139,2025-01-12 19:05:10,cust_2483157,FRID,education_loan,10296,12,592,medium,approved,10296,atm,true,550
app_20250112_00003140,2025-01-12 04:09:12,cust_7094276,ESMA,credit_card,4719,12,570,medium,approved,4719,atm,true,357
app_20250112_00003141,2025-01-12 13:37:45,cust_7003703,PLWA,mortgage,383469,300,610,medium,approved,383469,mobile,true,325
app_20250112_00003142,2025-01-12 06:54:50,cust_1399359,BENL,refinance,453020,120,693,medium,approved,453020,mobile_app,true,78
app_20250112_00003143,2025-01-12 19:45:54,cust_7593571,NLAM,refinance,192574,300,644,medium,approved,192574,call_center,true,476
app_20250112_00003144,2025-01-12 02:34:03,cust_281703,PORP,business_loan,31893,12,678,medium,approved,31893,web,false,896
app_20250112_00003145,2025-01-12 22:57:53,cust_9509070,ITMI,credit_card,19549,12,799,low,approved,19549,online_banking,false,898
app_20250112_00003146,2025-01-12 16:48:00,cust_5700257,AUTR,cash_loan,34417,24,591,medium,approved,34417,mobile,true,528
app_20250112_00003147,2025-01-12 06:35:50,cust_2409799,UKLO,credit_card,21985,48,329,high,rejected,0,branch,true,156
app_20250112_00003148,2025-01-12 10:44:31,cust_3354048,CZPR,mortgage,453923,360,705,low,approved,453923,web,true,508
app_20250112_00003149,2025-01-12 13:14:33,cust_6473548,BENL,personal_loan,45091,24,622,medium,approved,45091,mobile_app,false,807
app_20250112_00003150,2025-01-12 23:27:57,cust_756151,DEHE,education_loan,34509,60,621,medium,approved,34509,partner,false,870
app_20250112_00003151,2025-01-12 07:55:23,cust_5009627,GRRE,cash_loan,20382,24,644,medium,approved,20382,mobile,true,733
app_20250112_00003152,2025-01-12 15:09:21,cust_7996243,CZPR,education_loan,10618,12,482,high,rejected,0,branch,false,14
app_20250112_00003153,2025-01-12 00:21:27,cust_415175,UKLO,cash_loan,22022,30,551,medium,rejected,0,call_center,false,108
app_20250112_00003154,2025-01-12 02:10:28,cust_4928977,UKLO,credit_card,21463,42,654,medium,approved,21463,online_banking,true,150
app_20250112_00003155,2025-01-12 16:54:53,cust_3726339,SESV,personal_loan,36203,30,576,medium,approved,36203,web,true,816
app_20250112_00003156,2025-01-12 00:27:55,cust_8633021,UKLO,credit_card,36939,42,577,medium,rejected,0,online_banking,true,164
app_20250112_00003157,2025-01-12 22:45:00,cust_6610613,CZPR,credit_card,6816,30,591,medium,rejected,0,partner,true,93
app_20250112_00003158,2025-01-12 13:33:21,cust_4201228,SESV,mortgage,443754,240,646,medium,rejected,0,branch,false,78
app_20250112_00003159,2025-01-12 06:58:41,cust_6910724,GRRE,business_loan,38165,12,691,medium,approved,38165,call_center,false,340
app_20250112_00003160,2025-01-12 08:05:37,cust_4315086,CZPR,auto_loan,17168,48,730,low,approved,17168,atm,false,369
app_20250112_00003161,2025-01-12 01:34:08,cust_9280248,AUTR,credit_card,2934,48,648,medium,approved,2934,atm,true,318
app_20250112_00003162,2025-01-12 15:56:52,cust_1095063,NLAM,refinance,381662,240,714,low,approved,381662,web,true,580
app_20250112_00003163,2025-01-12 23:47:44,cust_8867998,NLAM,mortgage,283594,360,710,low,approved,283594,branch,true,579
app_20250112_00003164,2025-01-12 23:54:03,cust_8357125,FRID,education_loan,3777,24,635,medium,rejected,0,call_center,true,58
app_20250112_00003165,2025-01-12 20:28:11,cust_8208134,SESV,personal_loan,2528,36,677,medium,approved,2528,call_center,false,324
app_20250112_00003166,2025-01-12 12:49:57,cust_2093579,FRID,mortgage,152487,300,716,low,approved,152487,online_banking,false,871
app_20250112_00003167,2025-01-12 15:05:10,cust_4327521,NLAM,education_loan,12000,60,668,medium,rejected,0,web,false,102
app_20250112_00003168,2025-01-12 03:57:46,cust_8590794,BENL,mortgage,208236,360,806,low,approved,208236,web,false,648
app_20250112_00003169,2025-01-12 17:11:48,cust_7249984,NLAM,education_loan,18030,48,554,medium,rejected,0,call_center,true,134
app_20250112_00003170,2025-01-12 07:56:33,cust_9713822,CZPR,education_loan,27301,48,747,low,approved,27301,call_center,false,879
app_20250112_00003171,2025-01-12 11:24:59,cust_5886202,CZPR,cash_loan,32797,30,834,low,rejected,0,partner,true,99
app_20250112_00003172,2025-01-12 03:44:45,cust_245481,NLAM,auto_loan,38719,24,592,medium,rejected,0,mobile,true,69
app_20250112_00003173,2025-01-12 16:37:43,cust_9423508,AUTR,mortgage,279776,240,507,medium,rejected,0,online_banking,false,170
app_20250112_00003174,2025-01-12 23:22:07,cust_8953479,PORP,refinance,398795,180,689,medium,approved,398795,partner,false,855
app_20250112_00003175,2025-01-12 03:43:04,cust_6758658,CZPR,personal_loan,29553,48,803,low,approved,29553,partner,false,149
app_20250112_00003176,2025-01-12 20:53:21,cust_5873902,SESV,education_loan,34912,60,508,medium,rejected,0,online_banking,false,44
app_20250112_00003177,2025-01-12 19:09:38,cust_4222798,GRRE,auto_loan,20434,48,584,medium,rejected,0,mobile_app,true,78
app_20250112_00003178,2025-01-12 14:55:22,cust_6939429,AUTR,refinance,166471,360,659,medium,rejected,0,branch,true,133
app_20250112_00003179,2025-01-12 22:43:47,cust_5776246,ITMI,auto_loan,13439,36,616,medium,approved,13439,partner,true,223
app_20250112_00003180,2025-01-12 04:15:11,cust_5600183,ESMA,business_loan,15471,24,540,medium,approved,15471,atm,true,42
app_20250112_00003181,2025-01-12 16:17:24,cust_4040818,FRID,refinance,204768,300,525,medium,rejected,0,partner,true,28
app_20250112_00003182,2025-01-12 13:04:09,cust_7981004,BENL,cash_loan,49442,36,811,low,approved,49442,atm,false,583
app_20250112_00003183,2025-01-12 01:19:12,cust_2293990,ESMA,mortgage,441747,360,552,medium,approved,441747,partner,false,544
app_20250112_00003184,2025-01-12 08:28:41,cust_5324953,FRID,education_loan,7253,36,551,medium,rejected,0,web,true,116
app_20250112_00003185,2025-01-12 19:21:39,cust_9828053,AUTR,personal_loan,10916,24,623,medium,approved,10916,online_banking,false,302
app_20250112_00003186,2025-01-12 16:13:38,cust_3791008,CZPR,business_loan,18881,48,610,medium,approved,18881,online_banking,false,543
app_20250112_00003187,2025-01-12 11:00:04,cust_8285575,NLAM,business_loan,19683,36,727,low,approved,19683,partner,true,888
app_20250112_00003188,2025-01-12 00:03:04,cust_2073158,FRID,cash_loan,29839,42,671,medium,approved,29839,partner,false,143
app_20250112_00003189,2025-01-12 18:28:38,cust_7050472,BENL,auto_loan,16399,72,591,medium,rejected,0,call_center,false,145
app_20250112_00003190,2025-01-12 06:16:11,cust_6659926,UKLO,cash_loan,9325,18,609,medium,rejected,0,branch,true,28
app_20250112_00003191,2025-01-12 04:34:07,cust_7152491,GRRE,business_loan,26623,36,730,low,approved,26623,partner,false,600
app_20250112_00003192,2025-01-12 22:22:54,cust_9464032,ESMA,cash_loan,30701,24,642,medium,approved,30701,call_center,false,841
app_20250112_00003193,2025-01-12 01:10:51,cust_818848,SESV,business_loan,15936,24,728,low,approved,15936,atm,false,178
app_20250112_00003194,2025-01-12 01:05:24,cust_6875524,BENL,refinance,154652,240,850,low,approved,154652,partner,false,272
app_20250112_00003195,2025-01-12 17:15:52,cust_3032466,AUTR,education_loan,8042,36,550,medium,approved,8042,branch,true,311
app_20250112_00003196,2025-01-12 20:26:06,cust_6675061,DEHE,business_loan,17707,12,714,low,approved,17707,partner,false,781
app_20250112_00003197,2025-01-12 17:27:20,cust_4927706,PLWA,mortgage,309576,360,719,low,approved,309576,partner,false,555
app_20250112_00003198,2025-01-12 17:08:36,cust_2458153,CHBE,credit_card,29136,48,539,medium,rejected,0,partner,false,143
app_20250112_00003199,2025-01-12 01:01:33,cust_8314770,FRID,education_loan,16894,36,616,medium,approved,16894,call_center,false,550
app_20250112_00003200,2025-01-12 19:31:07,cust_989642,BENL,education_loan,11744,48,622,medium,approved,11744,branch,true,582
app_20250112_00003201,2025-01-12 16:01:38,cust_9972495,BENL,credit_card,45995,30,643,medium,approved,45995,mobile,true,197
app_20250112_00003202,2025-01-12 05:48:36,cust_7259457,FRID,auto_loan,19005,24,634,medium,rejected,0,atm,true,98
app_20250112_00003203,2025-01-12 23:39:15,cust_6354858,PLWA,credit_card,38583,12,620,medium,approved,38583,partner,true,728
app_20250112_00003204,2025-01-12 07:25:47,cust_1002433,ATVI,auto_loan,31819,24,668,medium,approved,31819,atm,false,341
app_20250112_00003205,2025-01-12 06:35:59,cust_8965415,AUTR,credit_card,10947,48,712,low,approved,10947,partner,false,167
app_20250112_00003206,2025-01-12 07:25:14,cust_7346076,CHBE,education_loan,39930,24,601,medium,approved,39930,mobile,true,92
app_20250112_00003207,2025-01-12 03:51:57,cust_6510177,NLAM,refinance,128640,240,783,low,approved,128640,online_banking,false,350
app_20250112_00003208,2025-01-12 16:19:49,cust_8413457,AUTR,business_loan,26441,36,581,medium,rejected,0,mobile,true,98
app_20250112_00003209,2025-01-12 01:35:17,cust_4347846,CZPR,mortgage,427418,300,563,medium,approved,427418,partner,false,734
app_20250112_00003210,2025-01-12 15:59:52,cust_9602416,ESMA,cash_loan,27738,48,641,medium,rejected,0,online_banking,false,150
app_20250112_00003211,2025-01-12 06:14:46,cust_6518295,NLAM,credit_card,16621,36,524,medium,rejected,0,branch,true,148
app_20250112_00003212,2025-01-12 08:25:58,cust_7377554,CZPR,refinance,102244,120,582,medium,rejected,0,partner,true,92
app_20250112_00003213,2025-01-12 07:21:58,cust_9087291,PLWA,education_loan,14675,36,850,low,approved,14675,mobile_app,false,625
app_20250112_00003214,2025-01-12 07:17:49,cust_5929868,ITMI,credit_card,29889,42,850,low,approved,29889,online_banking,true,396
app_20250112_00003215,2025-01-12 16:56:59,cust_2600277,PLWA,refinance,284795,300,627,medium,approved,284795,online_banking,true,227
app_20250112_00003216,2025-01-12 16:48:29,cust_1250964,ATVI,credit_card,14560,42,577,medium,approved,14560,web,false,722
app_20250112_00003217,2025-01-12 07:17:55,cust_3062570,ITMI,business_loan,15959,12,496,high,rejected,0,atm,false,123
app_20250112_00003218,2025-01-12 10:54:48,cust_9494850,FRID,refinance,419270,360,712,low,approved,419270,partner,false,884
app_20250112_00003219,2025-01-12 03:53:12,cust_620095,ESMA,cash_loan,5226,18,536,medium,approved,5226,web,false,258
app_20250112_00003220,2025-01-12 17:44:30,cust_5898200,DEHE,mortgage,265663,240,747,low,approved,265663,call_center,false,114
app_20250112_00003221,2025-01-12 20:58:02,cust_172468,SESV,auto_loan,54372,36,451,high,rejected,0,branch,true,35
app_20250112_00003222,2025-01-12 12:17:18,cust_5924762,ESMA,credit_card,46524,30,564,medium,approved,46524,branch,true,209
app_20250112_00003223,2025-01-12 23:46:49,cust_2347844,DEHE,personal_loan,21039,36,791,low,approved,21039,mobile,true,224
app_20250112_00003224,2025-01-12 18:37:40,cust_1867842,NLAM,cash_loan,23340,24,697,medium,approved,23340,mobile_app,true,823
app_20250112_00003225,2025-01-12 09:58:17,cust_6282439,PORP,mortgage,348990,180,711,low,approved,348990,partner,false,534
app_20250112_00003226,2025-01-12 22:19:07,cust_5635592,UKLO,education_loan,6622,36,605,medium,approved,6622,mobile_app,true,448
app_20250112_00003227,2025-01-12 07:07:22,cust_8010900,CHBE,credit_card,21606,30,763,low,rejected,0,web,true,50
app_20250112_00003228,2025-01-12 05:58:54,cust_5381194,GRRE,auto_loan,48195,36,849,low,approved,48195,online_banking,false,638
app_20250112_00003229,2025-01-12 05:36:55,cust_1999977,FRID,mortgage,166293,360,683,medium,approved,166293,web,true,547
app_20250112_00003230,2025-01-12 14:14:51,cust_8367373,GRRE,credit_card,24184,42,685,medium,approved,24184,partner,false,617
app_20250112_00003231,2025-01-12 01:12:30,cust_8504195,CZPR,personal_loan,1649,42,574,medium,approved,1649,mobile_app,true,286
app_20250112_00003232,2025-01-12 19:05:20,cust_199345,DEHE,personal_loan,16915,48,628,medium,rejected,0,branch,true,102
app_20250112_00003233,2025-01-12 12:11:57,cust_9833527,ITMI,auto_loan,53621,24,320,high,rejected,0,call_center,true,61
app_20250112_00003234,2025-01-12 12:57:10,cust_4288189,GRRE,credit_card,15323,30,663,medium,rejected,0,branch,true,20
app_20250112_00003235,2025-01-12 18:54:49,cust_548737,ESMA,cash_loan,3434,48,613,medium,approved,3434,call_center,true,350
app_20250112_00003236,2025-01-12 19:51:00,cust_2212215,UKLO,mortgage,480880,300,743,low,approved,480880,atm,false,418
app_20250112_00003237,2025-01-12 01:58:18,cust_3194014,GRRE,cash_loan,7049,18,847,low,approved,7049,mobile_app,true,160
app_20250112_00003238,2025-01-12 19:20:00,cust_1448157,PLWA,credit_card,42095,42,779,low,approved,42095,online_banking,false,741
app_20250112_00003239,2025-01-12 05:46:46,cust_842057,GRRE,refinance,360445,180,448,high,rejected,0,call_center,true,61
app_20250112_00003240,2025-01-12 22:28:12,cust_796538,GRRE,business_loan,21438,48,600,medium,rejected,0,call_center,true,25
app_20250112_00003241,2025-01-12 16:08:00,cust_569150,FRID,education_loan,22962,36,659,medium,rejected,0,branch,true,122
app_20250112_00003242,2025-01-12 08:20:26,cust_2667455,SESV,refinance,344205,300,706,low,approved,344205,web,true,776
app_20250112_00003243,2025-01-12 06:11:11,cust_5606010,PLWA,credit_card,37999,48,602,medium,rejected,0,call_center,false,20
app_20250112_00003244,2025-01-12 20:53:20,cust_7046788,CHBE,cash_loan,4497,48,561,medium,approved,4497,online_banking,false,473
app_20250112_00003245,2025-01-12 01:40:19,cust_9107730,CZPR,education_loan,5467,24,649,medium,approved,5467,partner,false,542
app_20250112_00003246,2025-01-12 05:54:30,cust_9774506,CHBE,cash_loan,10884,30,687,medium,rejected,0,mobile,true,122
app_20250112_00003247,2025-01-12 04:28:08,cust_9527744,PLWA,auto_loan,53920,72,679,medium,approved,53920,mobile,false,659
app_20250112_00003248,2025-01-12 04:53:54,cust_690444,BENL,refinance,89805,300,703,low,approved,89805,call_center,false,408
app_20250112_00003249,2025-01-12 07:01:42,cust_9066920,AUTR,education_loan,15979,24,654,medium,approved,15979,partner,false,511
app_20250112_00003250,2025-01-12 21:53:29,cust_3992864,CHBE,cash_loan,16578,12,658,medium,approved,16578,partner,false,295
app_20250112_00003251,2025-01-12 06:57:15,cust_459996,CZPR,refinance,443160,120,635,medium,rejected,0,partner,false,176
app_20250112_00003252,2025-01-12 01:39:39,cust_5054521,UKLO,refinance,249280,360,701,low,approved,249280,atm,true,289
app_20250112_00003253,2025-01-12 18:03:12,cust_6032221,UKLO,mortgage,101529,180,786,low,approved,101529,mobile,false,399
app_20250112_00003254,2025-01-12 03:57:59,cust_7444088,BENL,mortgage,244499,300,850,low,approved,244499,mobile,false,513
app_20250112_00003255,2025-01-12 05:06:10,cust_2917368,AUTR,personal_loan,37606,48,724,low,rejected,0,online_banking,false,44
app_20250112_00003256,2025-01-12 20:20:55,cust_3372698,ESMA,refinance,232026,120,769,low,rejected,0,mobile_app,true,140
app_20250112_00003257,2025-01-12 01:07:34,cust_957084,AUTR,education_loan,10551,12,646,medium,approved,10551,mobile_app,true,613
app_20250112_00003258,2025-01-12 13:03:07,cust_2510964,CHBE,mortgage,479386,360,698,medium,approved,479386,online_banking,false,314
app_20250112_00003259,2025-01-12 21:23:26,cust_2995702,ITMI,cash_loan,37984,42,525,medium,rejected,0,web,false,82
app_20250112_00003260,2025-01-12 09:03:21,cust_460035,SESV,cash_loan,29744,48,487,high,rejected,0,atm,true,11
app_20250112_00003261,2025-01-12 19:04:07,cust_9004561,PLWA,cash_loan,42650,24,519,medium,approved,42650,online_banking,false,590
app_20250112_00003262,2025-01-12 21:41:01,cust_2378472,ITMI,auto_loan,8491,72,545,medium,rejected,0,online_banking,false,78
app_20250112_00003263,2025-01-12 05:34:58,cust_524437,ATVI,mortgage,102712,300,659,medium,rejected,0,mobile,false,58
app_20250112_00003264,2025-01-12 09:07:22,cust_6936281,AUTR,mortgage,495439,360,777,low,approved,495439,partner,true,290
app_20250112_00003265,2025-01-12 11:17:35,cust_3198728,DEHE,personal_loan,22424,30,644,medium,rejected,0,branch,true,76
app_20250112_00003266,2025-01-12 08:56:00,cust_8086107,NLAM,auto_loan,30246,72,566,medium,rejected,0,online_banking,false,69
app_20250112_00003267,2025-01-12 08:11:35,cust_4397898,SESV,auto_loan,24075,60,653,medium,approved,24075,partner,false,220
app_20250112_00003268,2025-01-12 20:39:17,cust_1545119,SESV,credit_card,1913,18,494,high,rejected,0,call_center,false,55
app_20250112_00003269,2025-01-12 10:34:47,cust_8299995,BENL,business_loan,15266,60,525,medium,rejected,0,mobile_app,false,20
app_20250112_00003270,2025-01-12 10:04:03,cust_5746064,SESV,personal_loan,48010,18,553,medium,approved,48010,web,true,438
app_20250112_00003271,2025-01-12 10:24:52,cust_2194127,PORP,cash_loan,5458,24,559,medium,rejected,0,mobile_app,true,131
app_20250112_00003272,2025-01-12 10:48:26,cust_671826,PORP,cash_loan,21695,18,606,medium,rejected,0,branch,false,140
app_20250112_00003273,2025-01-12 08:03:04,cust_4348634,ESMA,personal_loan,16830,42,509,medium,approved,16830,online_banking,true,839
app_20250112_00003274,2025-01-12 11:05:46,cust_305712,CZPR,auto_loan,57426,24,549,medium,rejected,0,online_banking,false,114
app_20250112_00003275,2025-01-12 11:50:53,cust_7454672,PORP,refinance,453951,360,702,low,approved,453951,branch,true,689
app_20250112_00003276,2025-01-12 19:15:31,cust_9777321,CZPR,auto_loan,51448,48,671,medium,approved,51448,online_banking,false,748
app_20250112_00003277,2025-01-12 22:40:58,cust_9486734,ESMA,cash_loan,47452,18,739,low,approved,47452,call_center,false,427
app_20250112_00003278,2025-01-12 18:44:53,cust_9917006,ITMI,personal_loan,7506,36,826,low,approved,7506,online_banking,false,852
app_20250112_00003279,2025-01-12 16:54:24,cust_168161,SESV,cash_loan,24093,24,527,medium,rejected,0,partner,true,10
app_20250112_00003280,2025-01-12 08:46:50,cust_2018198,SESV,credit_card,29900,30,707,low,approved,29900,online_banking,true,371
app_20250112_00003281,2025-01-12 21:35:33,cust_7629043,UKLO,business_loan,25874,48,646,medium,rejected,0,atm,true,177
app_20250112_00003282,2025-01-12 16:50:31,cust_2335495,FRID,education_loan,28705,24,703,low,rejected,0,mobile,true,152
app_20250112_00003283,2025-01-12 14:41:09,cust_1541066,CHBE,education_loan,21159,24,730,low,approved,21159,mobile,true,76
app_20250112_00003284,2025-01-12 18:57:13,cust_3428194,AUTR,education_loan,27910,60,572,medium,approved,27910,web,true,179
app_20250112_00003285,2025-01-12 18:32:23,cust_1983926,ATVI,mortgage,199777,120,565,medium,rejected,0,online_banking,true,70
app_20250112_00003286,2025-01-12 17:31:40,cust_1169871,GRRE,auto_loan,48334,24,678,medium,approved,48334,atm,false,300
app_20250112_00003287,2025-01-12 18:15:24,cust_9336274,AUTR,business_loan,3012,36,575,medium,approved,3012,call_center,false,684
app_20250112_00003288,2025-01-12 18:07:25,cust_3463624,SESV,personal_loan,26612,18,649,medium,approved,26612,call_center,true,262
app_20250112_00003289,2025-01-12 15:41:22,cust_1147038,PORP,cash_loan,38319,48,553,medium,approved,38319,partner,true,854
app_20250112_00003290,2025-01-12 21:49:10,cust_8315027,BENL,refinance,250690,240,620,medium,rejected,0,mobile,false,78
app_20250112_00003291,2025-01-12 20:41:57,cust_5908574,ATVI,business_loan,9973,36,614,medium,rejected,0,call_center,false,137
app_20250112_00003292,2025-01-12 11:53:26,cust_9190012,NLAM,auto_loan,17194,24,608,medium,approved,17194,branch,false,278
app_20250112_00003293,2025-01-12 22:52:46,cust_2099891,AUTR,credit_card,38404,18,823,low,approved,38404,mobile,false,833
app_20250112_00003294,2025-01-12 20:22:37,cust_2889663,CHBE,business_loan,31476,12,701,low,approved,31476,branch,true,471
app_20250112_00003295,2025-01-12 18:20:31,cust_5147107,UKLO,education_loan,28235,12,694,medium,approved,28235,mobile_app,true,869
app_20250112_00003296,2025-01-12 02:04:23,cust_368644,AUTR,education_loan,19030,12,658,medium,approved,19030,web,true,299
app_20250112_00003297,2025-01-12 18:29:10,cust_6425387,ITMI,mortgage,96650,180,648,medium,approved,96650,branch,false,216
app_20250112_00003298,2025-01-12 21:41:02,cust_8169807,UKLO,education_loan,29987,12,672,medium,approved,29987,mobile_app,false,385
app_20250112_00003299,2025-01-12 05:41:55,cust_4147018,AUTR,personal_loan,20830,36,750,low,rejected,0,call_center,false,102
app_20250112_00003300,2025-01-12 13:04:28,cust_315163,BENL,credit_card,27085,18,603,medium,approved,27085,mobile_app,false,889
app_20250112_00003301,2025-01-12 02:23:40,cust_1353868,DEHE,education_loan,9209,48,707,low,approved,9209,mobile_app,false,650
app_20250112_00003302,2025-01-12 15:17:53,cust_4405117,NLAM,business_loan,24743,24,754,low,approved,24743,branch,false,324
app_20250112_00003303,2025-01-12 16:36:36,cust_4116602,GRRE,education_loan,34014,36,632,medium,approved,34014,mobile_app,true,858
app_20250112_00003304,2025-01-12 17:03:24,cust_6193583,PORP,education_loan,32326,60,590,medium,rejected,0,atm,true,71
app_20250112_00003305,2025-01-12 02:14:21,cust_3869728,AUTR,mortgage,420454,120,666,medium,approved,420454,call_center,false,526
app_20250112_00003306,2025-01-12 21:58:34,cust_5559156,AUTR,auto_loan,50107,36,548,medium,approved,50107,web,false,478
app_20250112_00003307,2025-01-12 08:20:58,cust_7291964,UKLO,auto_loan,12940,36,521,medium,approved,12940,partner,false,828
app_20250112_00003308,2025-01-12 10:03:25,cust_5015180,PORP,personal_loan,45707,18,455,high,rejected,0,mobile,false,148
app_20250112_00003309,2025-01-12 04:44:22,cust_4443174,DEHE,credit_card,41314,48,630,medium,rejected,0,web,false,62
app_20250112_00003310,2025-01-12 04:48:18,cust_4676551,BENL,mortgage,424571,120,489,high,rejected,0,mobile_app,true,144
app_20250112_00003311,2025-01-12 07:48:49,cust_5363296,PORP,refinance,91092,240,791,low,approved,91092,mobile,false,34
app_20250112_00003312,2025-01-12 07:34:12,cust_5820892,CHBE,cash_loan,22784,30,591,medium,rejected,0,online_banking,false,130
app_20250112_00003313,2025-01-12 05:18:36,cust_257377,UKLO,mortgage,65201,120,649,medium,approved,65201,web,true,335
app_20250112_00003314,2025-01-12 10:11:06,cust_5457179,FRID,education_loan,26468,24,709,low,approved,26468,partner,true,441
app_20250112_00003315,2025-01-12 22:39:18,cust_8193553,PLWA,education_loan,38909,60,468,high,rejected,0,partner,false,83
app_20250112_00003316,2025-01-12 15:40:25,cust_1057434,CZPR,credit_card,29253,48,656,medium,approved,29253,mobile,false,774
app_20250112_00003317,2025-01-12 04:18:15,cust_5055904,SESV,personal_loan,25429,12,765,low,approved,25429,mobile_app,false,171
app_20250112_00003318,2025-01-12 23:13:15,cust_1919598,AUTR,auto_loan,16949,60,635,medium,approved,16949,web,false,113
app_20250112_00003319,2025-01-12 05:32:56,cust_1140381,PLWA,refinance,428827,180,493,high,rejected,0,branch,false,84
app_20250112_00003320,2025-01-12 14:48:29,cust_1467279,ITMI,education_loan,9057,12,724,low,approved,9057,branch,true,250
app_20250112_00003321,2025-01-12 21:46:33,cust_3260174,CZPR,business_loan,26823,48,694,medium,rejected,0,online_banking,true,178
app_20250112_00003322,2025-01-12 21:37:15,cust_7168726,PLWA,refinance,177345,300,646,medium,approved,177345,mobile_app,false,765
app_20250112_00003323,2025-01-12 06:31:22,cust_7826564,SESV,mortgage,344512,300,711,low,approved,344512,atm,false,383
app_20250112_00003324,2025-01-12 14:48:27,cust_1508379,NLAM,personal_loan,6989,18,667,medium,approved,6989,mobile,true,488
app_20250112_00003325,2025-01-12 22:28:18,cust_623372,ESMA,personal_loan,17512,48,658,medium,approved,17512,partner,true,408
app_20250112_00003326,2025-01-12 03:36:06,cust_2074395,PORP,credit_card,10811,48,764,low,approved,10811,atm,true,647
app_20250112_00003327,2025-01-12 17:27:59,cust_1866272,BENL,cash_loan,26202,42,574,medium,rejected,0,partner,false,133
app_20250112_00003328,2025-01-12 12:03:18,cust_5608881,UKLO,cash_loan,15294,36,705,low,approved,15294,mobile,false,336
app_20250112_00003329,2025-01-12 07:24:25,cust_3201261,UKLO,personal_loan,15046,48,514,medium,rejected,0,partner,false,24
app_20250112_00003330,2025-01-12 02:41:09,cust_4161208,ESMA,personal_loan,37336,12,781,low,approved,37336,online_banking,true,351
app_20250112_00003331,2025-01-12 07:40:31,cust_5128190,CZPR,mortgage,65786,120,629,medium,approved,65786,atm,true,620
app_20250112_00003332,2025-01-12 19:14:10,cust_4417802,CHBE,credit_card,32396,42,734,low,approved,32396,online_banking,false,738
app_20250112_00003333,2025-01-12 01:00:08,cust_1839410,SESV,personal_loan,39138,42,850,low,approved,39138,branch,true,272
app_20250112_00003334,2025-01-12 04:21:49,cust_8561145,ATVI,refinance,349472,120,388,high,rejected,0,web,true,132
app_20250112_00003335,2025-01-12 03:44:12,cust_5708469,PORP,personal_loan,37921,36,594,medium,approved,37921,partner,true,727
app_20250112_00003336,2025-01-12 05:21:25,cust_1338282,DEHE,refinance,108372,360,593,medium,approved,108372,online_banking,false,569
app_20250112_00003337,2025-01-12 23:01:19,cust_8110878,ESMA,education_loan,32147,48,569,medium,rejected,0,web,false,89
app_20250112_00003338,2025-01-12 03:22:59,cust_7932320,AUTR,mortgage,272453,120,738,low,approved,272453,online_banking,true,142
app_20250112_00003339,2025-01-12 15:03:51,cust_9161234,FRID,cash_loan,36496,48,603,medium,approved,36496,call_center,false,448
app_20250112_00003340,2025-01-12 08:53:47,cust_350791,SESV,mortgage,423297,180,765,low,approved,423297,call_center,true,131
app_20250112_00003341,2025-01-12 19:08:28,cust_1720936,UKLO,auto_loan,20530,24,622,medium,rejected,0,mobile_app,false,169
app_20250112_00003342,2025-01-12 13:41:36,cust_8621931,CHBE,mortgage,214496,240,732,low,approved,214496,mobile_app,true,859
app_20250112_00003343,2025-01-12 15:54:15,cust_9293183,DEHE,business_loan,10609,48,700,low,approved,10609,mobile,true,572
app_20250112_00003344,2025-01-12 05:58:50,cust_3859014,GRRE,business_loan,15387,24,508,medium,rejected,0,mobile,false,124
app_20250112_00003345,2025-01-12 06:51:33,cust_3716218,UKLO,refinance,428585,300,850,low,approved,428585,online_banking,true,787
app_20250112_00003346,2025-01-12 10:23:16,cust_9132872,ESMA,education_loan,17885,12,769,low,rejected,0,branch,false,90
app_20250112_00003347,2025-01-12 19:50:35,cust_4014009,NLAM,cash_loan,3944,36,774,low,rejected,0,partner,true,13
app_20250112_00003348,2025-01-12 13:13:11,cust_2860111,BENL,business_loan,23012,12,701,low,approved,23012,call_center,false,556
app_20250112_00003349,2025-01-12 14:33:26,cust_3652866,AUTR,personal_loan,42393,42,554,medium,approved,42393,mobile_app,true,46
app_20250112_00003350,2025-01-12 07:50:13,cust_4154864,AUTR,education_loan,16299,12,505,medium,rejected,0,partner,true,29
app_20250112_00003351,2025-01-12 18:40:52,cust_874566,ITMI,refinance,220862,300,743,low,approved,220862,mobile_app,true,98
app_20250112_00003352,2025-01-12 13:31:15,cust_9714709,CZPR,mortgage,274675,120,578,medium,approved,274675,web,true,726
app_20250112_00003353,2025-01-12 05:18:18,cust_708129,PLWA,auto_loan,17809,72,694,medium,approved,17809,web,true,385
app_20250112_00003354,2025-01-12 19:02:12,cust_7050797,BENL,auto_loan,56882,60,686,medium,rejected,0,atm,false,168
app_20250112_00003355,2025-01-12 22:47:40,cust_7857929,BENL,auto_loan,33602,72,741,low,approved,33602,atm,false,46
app_20250112_00003356,2025-01-12 01:57:17,cust_3553652,ITMI,mortgage,371229,240,647,medium,approved,371229,branch,false,603
app_20250112_00003357,2025-01-12 14:43:23,cust_3892239,PORP,auto_loan,11123,72,829,low,approved,11123,atm,false,590
app_20250112_00003358,2025-01-12 04:28:53,cust_499678,SESV,auto_loan,57886,48,679,medium,rejected,0,web,true,40
app_20250112_00003359,2025-01-12 02:45:13,cust_9644443,ESMA,refinance,306068,120,534,medium,rejected,0,call_center,true,71
app_20250112_00003360,2025-01-12 04:56:29,cust_2037778,CZPR,education_loan,10372,60,596,medium,approved,10372,call_center,false,855
app_20250112_00003361,2025-01-12 11:39:03,cust_5350492,NLAM,mortgage,348180,180,666,medium,approved,348180,branch,true,288
app_20250112_00003362,2025-01-12 05:17:00,cust_5552593,AUTR,refinance,73575,360,708,low,approved,73575,partner,true,655
app_20250112_00003363,2025-01-12 03:40:55,cust_914456,GRRE,refinance,279523,120,542,medium,approved,279523,partner,false,112
app_20250112_00003364,2025-01-12 03:17:47,cust_8377386,CHBE,education_loan,25219,60,713,low,approved,25219,branch,false,632
app_20250112_00003365,2025-01-12 18:04:45,cust_7835938,PLWA,personal_loan,21943,48,593,medium,approved,21943,branch,false,337
app_20250112_00003366,2025-01-12 14:50:54,cust_9369824,CZPR,mortgage,73710,120,486,high,rejected,0,atm,true,71
app_20250112_00003367,2025-01-12 19:53:50,cust_1887597,ATVI,credit_card,20206,18,717,low,approved,20206,call_center,false,347
app_20250112_00003368,2025-01-12 01:34:51,cust_704333,ESMA,credit_card,25418,12,585,medium,approved,25418,atm,true,736
app_20250112_00003369,2025-01-12 07:36:32,cust_3823897,GRRE,cash_loan,3686,12,617,medium,approved,3686,mobile,true,588
app_20250112_00003370,2025-01-12 17:33:03,cust_5157976,GRRE,refinance,280273,300,650,medium,rejected,0,atm,true,163
app_20250112_00003371,2025-01-12 06:26:31,cust_177564,FRID,auto_loan,51034,36,846,low,approved,51034,mobile_app,true,379
app_20250112_00003372,2025-01-12 04:41:35,cust_1801966,SESV,auto_loan,22378,60,563,medium,approved,22378,call_center,true,395
app_20250112_00003373,2025-01-12 00:25:34,cust_5874892,ITMI,credit_card,40076,36,490,high,rejected,0,atm,false,148
app_20250112_00003374,2025-01-12 17:31:47,cust_3012767,SESV,auto_loan,37971,24,704,low,approved,37971,mobile,true,609
app_20250112_00003375,2025-01-12 01:27:18,cust_768064,ATVI,education_loan,27072,12,573,medium,rejected,0,mobile,true,61
app_20250112_00003376,2025-01-12 06:19:46,cust_4784730,GRRE,mortgage,115484,120,638,medium,approved,115484,branch,false,783
app_20250112_00003377,2025-01-12 22:36:48,cust_5945602,ITMI,mortgage,245678,240,632,medium,rejected,0,call_center,true,150
app_20250112_00003378,2025-01-12 11:55:52,cust_1248867,ATVI,business_loan,9014,36,692,medium,approved,9014,branch,true,59
app_20250112_00003379,2025-01-12 15:37:40,cust_5195542,GRRE,education_loan,30429,36,627,medium,approved,30429,atm,false,745
app_20250112_00003380,2025-01-12 18:09:46,cust_9214738,PORP,refinance,491096,180,678,medium,approved,491096,web,true,110
app_20250112_00003381,2025-01-12 00:29:54,cust_3953648,UKLO,credit_card,30803,12,706,low,rejected,0,atm,false,23
app_20250112_00003382,2025-01-12 06:08:24,cust_5661062,BENL,business_loan,28424,60,545,medium,approved,28424,mobile_app,false,495
app_20250112_00003383,2025-01-12 11:13:00,cust_2667808,CHBE,auto_loan,24599,48,651,medium,rejected,0,mobile_app,false,149
app_20250112_00003384,2025-01-12 22:48:46,cust_1343857,PORP,education_loan,2316,36,690,medium,rejected,0,atm,true,116
app_20250112_00003385,2025-01-12 22:00:00,cust_1288889,UKLO,education_loan,21901,48,778,low,approved,21901,web,false,396
app_20250112_00003386,2025-01-12 18:21:06,cust_5915189,PORP,refinance,89981,300,597,medium,rejected,0,online_banking,true,178
app_20250112_00003387,2025-01-12 03:49:52,cust_968784,FRID,education_loan,27046,36,611,medium,approved,27046,mobile,false,282
app_20250112_00003388,2025-01-12 02:51:18,cust_5653974,AUTR,auto_loan,46451,24,850,low,approved,46451,mobile_app,false,293
app_20250112_00003389,2025-01-12 05:43:28,cust_4877272,SESV,refinance,266534,240,673,medium,approved,266534,mobile,true,399
app_20250112_00003390,2025-01-12 14:43:10,cust_4549278,BENL,cash_loan,2077,30,749,low,approved,2077,call_center,false,338
app_20250112_00003391,2025-01-12 00:19:27,cust_6775469,FRID,mortgage,458814,180,664,medium,approved,458814,branch,false,722
app_20250112_00003392,2025-01-12 03:54:30,cust_3485762,FRID,credit_card,37680,30,740,low,approved,37680,branch,true,101
app_20250112_00003393,2025-01-12 20:00:14,cust_7741646,ITMI,personal_loan,12267,42,446,high,rejected,0,mobile_app,true,94
app_20250112_00003394,2025-01-12 06:24:12,cust_5040997,GRRE,education_loan,3622,36,510,medium,approved,3622,mobile_app,true,462
app_20250112_00003395,2025-01-12 23:06:15,cust_5812702,AUTR,auto_loan,35895,72,533,medium,approved,35895,call_center,true,477
app_20250112_00003396,2025-01-12 13:54:30,cust_4114993,CZPR,business_loan,5957,60,679,medium,approved,5957,online_banking,false,246
app_20250112_00003397,2025-01-12 18:58:21,cust_9301985,NLAM,auto_loan,56451,72,754,low,approved,56451,web,false,862
app_20250112_00003398,2025-01-12 04:05:47,cust_9297201,BENL,education_loan,30168,60,695,medium,approved,30168,call_center,false,65
app_20250112_00003399,2025-01-12 21:37:25,cust_1397154,PLWA,auto_loan,52953,36,529,medium,rejected,0,online_banking,false,28
app_20250112_00003400,2025-01-12 10:11:24,cust_8954277,ESMA,personal_loan,33899,42,690,medium,rejected,0,mobile_app,true,128
app_20250112_00003401,2025-01-12 14:10:32,cust_8336534,SESV,credit_card,23518,30,624,medium,approved,23518,atm,false,820
app_20250112_00003402,2025-01-12 15:18:59,cust_8434574,DEHE,education_loan,23269,24,820,low,approved,23269,online_banking,false,378
app_20250112_00003403,2025-01-12 07:05:05,cust_7007484,AUTR,education_loan,5657,60,710,low,approved,5657,partner,true,765
app_20250112_00003404,2025-01-12 01:03:05,cust_8530781,NLAM,auto_loan,58401,60,674,medium,rejected,0,mobile_app,true,105
app_20250112_00003405,2025-01-12 12:04:08,cust_6277728,BENL,personal_loan,40607,48,692,medium,rejected,0,call_center,true,168
app_20250112_00003406,2025-01-12 07:06:39,cust_491744,NLAM,auto_loan,58296,36,590,medium,rejected,0,web,false,130
app_20250112_00003407,2025-01-12 06:23:21,cust_7097794,CZPR,credit_card,20490,24,483,high,rejected,0,atm,false,84
app_20250112_00003408,2025-01-12 19:54:46,cust_6994721,CZPR,refinance,150926,240,653,medium,approved,150926,branch,true,648
app_20250112_00003409,2025-01-12 08:24:29,cust_342227,DEHE,credit_card,10237,18,568,medium,rejected,0,branch,true,29
app_20250112_00003410,2025-01-12 17:39:59,cust_5843382,NLAM,education_loan,8764,60,394,high,approved,8764,mobile,true,590
app_20250112_00003411,2025-01-12 14:07:28,cust_5084817,SESV,cash_loan,31415,30,711,low,approved,31415,web,true,191
app_20250112_00003412,2025-01-12 10:39:48,cust_2775163,NLAM,refinance,162022,120,501,medium,rejected,0,branch,false,26
app_20250112_00003413,2025-01-12 08:22:03,cust_9995865,AUTR,auto_loan,22660,36,813,low,approved,22660,mobile,true,514
app_20250112_00003414,2025-01-12 12:44:42,cust_6607689,ESMA,auto_loan,11760,48,706,low,approved,11760,mobile_app,false,309
app_20250112_00003415,2025-01-12 01:45:05,cust_3469798,ATVI,cash_loan,14648,42,587,medium,rejected,0,mobile,true,142
app_20250112_00003416,2025-01-12 05:37:24,cust_9240382,PLWA,business_loan,28066,48,827,low,approved,28066,call_center,true,229
app_20250112_00003417,2025-01-12 16:31:18,cust_3765340,NLAM,refinance,470736,120,624,medium,approved,470736,mobile,true,454
app_20250112_00003418,2025-01-12 19:14:54,cust_392899,BENL,personal_loan,26747,36,663,medium,approved,26747,mobile,false,160
app_20250112_00003419,2025-01-12 02:50:43,cust_3475009,DEHE,education_loan,35674,36,747,low,approved,35674,partner,false,730
app_20250112_00003420,2025-01-12 19:52:24,cust_4294142,PORP,refinance,101022,240,678,medium,approved,101022,mobile,true,389
app_20250112_00003421,2025-01-12 09:28:29,cust_7121474,DEHE,education_loan,35750,48,594,medium,approved,35750,call_center,true,383
app_20250112_00003422,2025-01-12 21:28:02,cust_2374699,BENL,cash_loan,18554,24,733,low,rejected,0,mobile,false,69
app_20250112_00003423,2025-01-12 12:13:31,cust_5984773,CHBE,refinance,118186,240,711,low,approved,118186,web,false,121
app_20250112_00003424,2025-01-12 08:23:47,cust_8978838,CZPR,auto_loan,41062,48,630,medium,approved,41062,online_banking,true,135
app_20250112_00003425,2025-01-12 12:44:21,cust_4632115,ESMA,mortgage,214020,360,840,low,approved,214020,partner,false,241
app_20250112_00003426,2025-01-12 08:49:30,cust_7134939,DEHE,cash_loan,9799,36,624,medium,approved,9799,call_center,false,722
app_20250112_00003427,2025-01-12 04:49:05,cust_3813249,CZPR,education_loan,7664,24,561,medium,rejected,0,call_center,false,27
app_20250112_00003428,2025-01-12 04:04:34,cust_1346288,AUTR,refinance,93762,180,555,medium,approved,93762,online_banking,false,381
app_20250112_00003429,2025-01-12 07:16:52,cust_6453647,ITMI,refinance,63976,240,584,medium,rejected,0,atm,true,13
app_20250112_00003430,2025-01-12 19:07:11,cust_8435161,SESV,personal_loan,39312,18,850,low,approved,39312,branch,true,786
app_20250112_00003431,2025-01-12 16:12:30,cust_1273308,DEHE,personal_loan,12470,24,485,high,approved,12470,mobile_app,false,648
app_20250112_00003432,2025-01-12 21:33:36,cust_6381582,AUTR,personal_loan,4822,12,698,medium,approved,4822,web,false,346
app_20250112_00003433,2025-01-12 18:57:08,cust_7680274,DEHE,education_loan,37777,36,587,medium,rejected,0,atm,false,123
app_20250112_00003434,2025-01-12 20:10:57,cust_8472508,ITMI,cash_loan,27188,24,699,medium,approved,27188,partner,true,293
app_20250112_00003435,2025-01-12 17:22:01,cust_7977129,ATVI,refinance,99037,300,518,medium,rejected,0,branch,false,135
app_20250112_00003436,2025-01-12 00:26:50,cust_9207147,CHBE,auto_loan,43620,36,527,medium,rejected,0,mobile_app,false,150
app_20250112_00003437,2025-01-12 01:18:02,cust_969444,ESMA,refinance,453238,360,690,medium,approved,453238,branch,false,624
app_20250112_00003438,2025-01-12 04:22:40,cust_9391010,FRID,credit_card,42681,18,641,medium,approved,42681,mobile_app,true,280
app_20250112_00003439,2025-01-12 12:51:38,cust_2738834,CZPR,business_loan,5359,24,581,medium,approved,5359,partner,true,245
app_20250112_00003440,2025-01-12 22:54:13,cust_9542326,PLWA,credit_card,32588,42,575,medium,approved,32588,call_center,false,428
app_20250112_00003441,2025-01-12 00:39:35,cust_3444781,UKLO,business_loan,14345,60,372,high,approved,14345,mobile_app,false,181
app_20250112_00003442,2025-01-12 23:35:50,cust_6971973,DEHE,auto_loan,42036,24,686,medium,approved,42036,partner,true,687
app_20250112_00003443,2025-01-12 06:48:24,cust_5615963,AUTR,business_loan,36795,12,649,medium,approved,36795,branch,true,710
app_20250112_00003444,2025-01-12 18:34:11,cust_5801207,ATVI,mortgage,328307,300,613,medium,approved,328307,partner,false,631
app_20250112_00003445,2025-01-12 10:06:45,cust_5439370,GRRE,cash_loan,5585,30,688,medium,approved,5585,call_center,true,723
app_20250112_00003446,2025-01-12 07:03:48,cust_7643390,ITMI,personal_loan,31187,48,846,low,approved,31187,call_center,false,169
app_20250112_00003447,2025-01-12 00:15:49,cust_2339548,ATVI,credit_card,3321,18,585,medium,approved,3321,atm,false,716
app_20250112_00003448,2025-01-12 00:51:01,cust_132836,DEHE,education_loan,26642,24,653,medium,approved,26642,call_center,false,326
app_20250112_00003449,2025-01-12 22:13:26,cust_9300562,BENL,credit_card,35565,18,511,medium,rejected,0,atm,true,81
app_20250112_00003450,2025-01-12 12:51:27,cust_996457,NLAM,auto_loan,48617,36,724,low,approved,48617,online_banking,true,405
app_20250112_00003451,2025-01-12 07:02:16,cust_5320073,NLAM,credit_card,34376,30,511,medium,approved,34376,call_center,false,210
app_20250112_00003452,2025-01-12 13:40:18,cust_3079407,DEHE,refinance,301656,240,765,low,approved,301656,online_banking,false,436
app_20250112_00003453,2025-01-12 08:01:06,cust_8910133,DEHE,business_loan,28279,60,850,low,approved,28279,mobile,true,666
app_20250112_00003454,2025-01-12 07:58:25,cust_1620704,GRRE,personal_loan,33448,12,799,low,approved,33448,mobile_app,false,142
app_20250112_00003455,2025-01-12 11:00:33,cust_9040248,ATVI,education_loan,34434,24,681,medium,approved,34434,mobile,false,354
app_20250112_00003456,2025-01-12 18:28:34,cust_9032529,CZPR,auto_loan,11957,60,664,medium,approved,11957,online_banking,false,654
app_20250112_00003457,2025-01-12 07:44:21,cust_9309642,CHBE,cash_loan,16356,12,648,medium,approved,16356,partner,false,91
app_20250112_00003458,2025-01-12 02:49:31,cust_8531171,PORP,personal_loan,17988,36,489,high,rejected,0,mobile_app,true,137
app_20250112_00003459,2025-01-12 16:45:54,cust_3787781,DEHE,mortgage,407690,300,656,medium,approved,407690,mobile_app,false,228
app_20250112_00003460,2025-01-12 01:27:59,cust_6120939,BENL,education_loan,7729,24,616,medium,approved,7729,web,true,163
app_20250112_00003461,2025-01-12 00:07:29,cust_6384434,ITMI,credit_card,10563,12,530,medium,approved,10563,atm,false,632
app_20250112_00003462,2025-01-12 04:41:15,cust_2126608,FRID,refinance,473081,180,801,low,approved,473081,call_center,true,168
app_20250112_00003463,2025-01-12 22:31:41,cust_7225444,CZPR,refinance,433298,120,782,low,approved,433298,mobile_app,true,40
app_20250112_00003464,2025-01-12 14:15:11,cust_7977225,ESMA,mortgage,120771,300,531,medium,rejected,0,branch,true,96
app_20250112_00003465,2025-01-12 06:37:33,cust_9880516,SESV,credit_card,10596,42,635,medium,rejected,0,partner,false,162
app_20250112_00003466,2025-01-12 03:32:51,cust_2357233,NLAM,auto_loan,22936,60,778,low,approved,22936,mobile,false,170
app_20250112_00003467,2025-01-12 01:51:04,cust_6375374,AUTR,personal_loan,27228,30,503,medium,approved,27228,mobile_app,true,309
app_20250112_00003468,2025-01-12 18:34:50,cust_8355182,PORP,personal_loan,38222,42,712,low,approved,38222,branch,false,590
app_20250112_00003469,2025-01-12 13:54:20,cust_5374656,CZPR,business_loan,34340,60,583,medium,rejected,0,mobile,true,97
app_20250112_00003470,2025-01-12 07:01:39,cust_831034,BENL,cash_loan,24052,30,663,medium,rejected,0,branch,false,56
app_20250112_00003471,2025-01-12 13:40:16,cust_6430501,ATVI,business_loan,14716,36,505,medium,approved,14716,online_banking,true,719
app_20250112_00003472,2025-01-12 03:59:25,cust_6105163,CHBE,refinance,61116,120,653,medium,approved,61116,branch,true,638
app_20250112_00003473,2025-01-12 19:45:39,cust_6613656,PORP,credit_card,37512,36,530,medium,rejected,0,online_banking,true,55
app_20250112_00003474,2025-01-12 02:44:55,cust_9651924,AUTR,credit_card,12025,36,797,low,approved,12025,atm,false,847
app_20250112_00003475,2025-01-12 13:15:50,cust_8199904,PORP,refinance,118025,300,671,medium,approved,118025,online_banking,true,161
app_20250112_00003476,2025-01-12 15:27:42,cust_9036178,DEHE,business_loan,30083,24,850,low,approved,30083,online_banking,true,35
app_20250112_00003477,2025-01-12 02:15:43,cust_239744,AUTR,cash_loan,25812,30,790,low,approved,25812,online_banking,true,724
app_20250112_00003478,2025-01-12 23:30:06,cust_5934984,SESV,personal_loan,2542,48,504,medium,rejected,0,branch,false,8
app_20250112_00003479,2025-01-12 05:25:00,cust_6899245,BENL,education_loan,5480,24,850,low,approved,5480,partner,true,478
app_20250112_00003480,2025-01-12 22:29:10,cust_1975078,NLAM,personal_loan,8682,42,595,medium,rejected,0,online_banking,false,121
app_20250112_00003481,2025-01-12 16:20:23,cust_2396491,PLWA,business_loan,24815,36,674,medium,approved,24815,call_center,true,492
app_20250112_00003482,2025-01-12 01:55:49,cust_6768506,CHBE,cash_loan,7395,18,512,medium,approved,7395,web,true,279
app_20250112_00003483,2025-01-12 06:45:24,cust_2012139,BENL,refinance,403237,300,799,low,approved,403237,atm,false,264
app_20250112_00003484,2025-01-12 17:54:09,cust_9231030,ITMI,refinance,233914,300,501,medium,approved,233914,online_banking,true,844
app_20250112_00003485,2025-01-12 06:36:22,cust_6671009,SESV,cash_loan,11173,48,787,low,approved,11173,web,true,424
app_20250112_00003486,2025-01-12 04:46:24,cust_3827033,AUTR,education_loan,13714,24,591,medium,rejected,0,online_banking,true,102
app_20250112_00003487,2025-01-12 16:43:57,cust_8815972,ATVI,credit_card,44509,24,578,medium,approved,44509,atm,true,124
app_20250112_00003488,2025-01-12 23:48:20,cust_7440663,AUTR,refinance,257449,300,694,medium,approved,257449,partner,false,818
app_20250112_00003489,2025-01-12 09:11:54,cust_2724543,PORP,business_loan,26573,12,774,low,rejected,0,mobile,true,139
app_20250112_00003490,2025-01-12 12:57:20,cust_8735602,UKLO,credit_card,6086,30,598,medium,rejected,0,call_center,false,129
app_20250112_00003491,2025-01-12 09:12:16,cust_3390078,DEHE,auto_loan,15563,60,660,medium,approved,15563,mobile_app,false,484
app_20250112_00003492,2025-01-12 06:52:03,cust_404138,DEHE,personal_loan,9287,36,497,high,rejected,0,mobile_app,false,133
app_20250112_00003493,2025-01-12 04:09:11,cust_6116040,NLAM,refinance,59841,180,619,medium,approved,59841,atm,true,489
app_20250112_00003494,2025-01-12 01:39:44,cust_2332567,ESMA,refinance,238941,300,702,low,approved,238941,call_center,true,785
app_20250112_00003495,2025-01-12 14:21:09,cust_7808163,CZPR,education_loan,18193,60,652,medium,approved,18193,mobile,true,598
app_20250112_00003496,2025-01-12 16:02:26,cust_4365748,CHBE,refinance,483584,180,533,medium,approved,483584,branch,true,259
app_20250112_00003497,2025-01-12 06:53:47,cust_7495954,NLAM,personal_loan,39667,42,587,medium,rejected,0,atm,false,122
app_20250112_00003498,2025-01-12 09:11:31,cust_1363569,PORP,mortgage,247188,240,631,medium,approved,247188,web,true,607
app_20250112_00003499,2025-01-12 10:24:07,cust_1005564,PLWA,auto_loan,33482,24,623,medium,approved,33482,branch,true,900
app_20250112_00003500,2025-01-12 16:59:53,cust_9526703,ITMI,credit_card,24112,18,696,medium,approved,24112,branch,false,556
app_20250112_00003501,2025-01-12 13:12:41,cust_4543644,PLWA,credit_card,8488,18,624,medium,approved,8488,online_banking,false,202
app_20250112_00003502,2025-01-12 21:17:47,cust_4806362,NLAM,business_loan,8669,48,739,low,approved,8669,call_center,false,366
app_20250112_00003503,2025-01-12 13:30:36,cust_767512,SESV,mortgage,435689,300,671,medium,approved,435689,partner,true,384
app_20250112_00003504,2025-01-12 22:43:15,cust_2386738,AUTR,refinance,491996,300,697,medium,approved,491996,web,false,76
app_20250112_00003505,2025-01-12 04:11:11,cust_616881,SESV,credit_card,16840,24,773,low,approved,16840,partner,false,898
app_20250112_00003506,2025-01-12 17:11:37,cust_6797278,FRID,auto_loan,34119,60,632,medium,approved,34119,web,false,531
app_20250112_00003507,2025-01-12 02:38:54,cust_3486017,ITMI,personal_loan,22516,24,762,low,approved,22516,atm,false,248
app_20250112_00003508,2025-01-12 00:11:18,cust_7571930,CZPR,education_loan,14434,36,682,medium,rejected,0,atm,true,49
app_20250112_00003509,2025-01-12 02:06:15,cust_3420992,ITMI,business_loan,25774,36,636,medium,approved,25774,atm,false,714
app_20250112_00003510,2025-01-12 13:52:10,cust_6283922,CHBE,refinance,271753,180,770,low,approved,271753,mobile_app,true,813
app_20250112_00003511,2025-01-12 03:58:24,cust_442459,UKLO,credit_card,31985,24,714,low,approved,31985,branch,true,321
app_20250112_00003512,2025-01-12 09:23:39,cust_4347069,ATVI,auto_loan,10901,36,567,medium,approved,10901,web,false,509
app_20250112_00003513,2025-01-12 16:44:06,cust_9338226,CZPR,personal_loan,22113,12,574,medium,approved,22113,mobile_app,false,563
app_20250112_00003514,2025-01-12 19:56:00,cust_8005185,CZPR,business_loan,9755,48,801,low,approved,9755,atm,false,301
app_20250112_00003515,2025-01-12 22:40:40,cust_7962621,SESV,refinance,248252,360,682,medium,approved,248252,branch,false,467
app_20250112_00003516,2025-01-12 06:22:09,cust_8555339,ATVI,personal_loan,30265,30,606,medium,approved,30265,online_banking,false,144
app_20250112_00003517,2025-01-12 18:20:43,cust_6109070,ATVI,mortgage,239267,180,721,low,approved,239267,branch,false,777
app_20250112_00003518,2025-01-12 13:26:31,cust_6569463,ESMA,cash_loan,2264,36,533,medium,approved,2264,mobile,false,406
app_20250112_00003519,2025-01-12 11:50:58,cust_5841096,NLAM,education_loan,30451,48,606,medium,approved,30451,web,true,138
app_20250112_00003520,2025-01-12 19:54:11,cust_1040836,GRRE,auto_loan,33153,48,444,high,rejected,0,online_banking,true,94
app_20250112_00003521,2025-01-12 06:01:13,cust_7833729,NLAM,mortgage,289376,360,677,medium,approved,289376,mobile_app,false,64
app_20250112_00003522,2025-01-12 23:37:10,cust_9169620,ITMI,credit_card,20894,18,739,low,approved,20894,call_center,true,453
app_20250112_00003523,2025-01-12 01:38:49,cust_9018752,CZPR,credit_card,47280,24,464,high,rejected,0,web,false,170
app_20250112_00003524,2025-01-12 15:10:57,cust_9401618,AUTR,cash_loan,4853,30,664,medium,approved,4853,online_banking,false,598
app_20250112_00003525,2025-01-12 10:24:36,cust_4847761,AUTR,refinance,286509,240,589,medium,rejected,0,mobile_app,true,160
app_20250112_00003526,2025-01-12 19:05:58,cust_9105445,ATVI,education_loan,25723,24,574,medium,approved,25723,branch,false,832
app_20250112_00003527,2025-01-12 05:02:01,cust_9289973,DEHE,refinance,168718,240,480,high,approved,168718,web,false,867
app_20250112_00003528,2025-01-12 17:17:17,cust_2126934,CZPR,mortgage,104670,240,629,medium,rejected,0,mobile,true,117
app_20250112_00003529,2025-01-12 11:07:14,cust_9460939,CHBE,auto_loan,37115,36,734,low,approved,37115,branch,true,144
app_20250112_00003530,2025-01-12 12:09:40,cust_2736170,CHBE,credit_card,5953,42,582,medium,rejected,0,atm,true,108
app_20250112_00003531,2025-01-12 08:52:24,cust_4028341,AUTR,business_loan,11315,12,565,medium,approved,11315,mobile_app,false,399
app_20250112_00003532,2025-01-12 22:37:52,cust_5381020,PORP,education_loan,7991,48,498,high,rejected,0,atm,true,164
app_20250112_00003533,2025-01-12 01:06:37,cust_6337114,CZPR,auto_loan,7770,24,587,medium,approved,7770,web,true,98
app_20250112_00003534,2025-01-12 12:28:09,cust_4150333,ESMA,credit_card,5498,24,653,medium,approved,5498,branch,true,338
app_20250112_00003535,2025-01-12 18:33:49,cust_9993624,SESV,business_loan,13846,60,838,low,approved,13846,mobile_app,true,608
app_20250112_00003536,2025-01-12 21:07:27,cust_7004220,GRRE,auto_loan,14240,24,584,medium,approved,14240,partner,true,380
app_20250112_00003537,2025-01-12 03:46:10,cust_1781723,AUTR,credit_card,20950,36,715,low,approved,20950,online_banking,true,655
app_20250112_00003538,2025-01-12 10:53:25,cust_4147861,DEHE,refinance,315706,120,781,low,approved,315706,mobile_app,false,272
app_20250112_00003539,2025-01-12 21:25:13,cust_1924687,ESMA,credit_card,11421,18,668,medium,approved,11421,mobile_app,true,156
app_20250112_00003540,2025-01-12 06:54:35,cust_6985896,GRRE,mortgage,63015,180,658,medium,approved,63015,online_banking,true,233
app_20250112_00003541,2025-01-12 06:18:42,cust_3204270,PLWA,refinance,130918,180,674,medium,approved,130918,mobile_app,false,324
app_20250112_00003542,2025-01-12 22:15:16,cust_8190397,BENL,cash_loan,30471,18,536,medium,rejected,0,mobile,true,69
app_20250112_00003543,2025-01-12 10:22:46,cust_8323832,DEHE,credit_card,8936,18,696,medium,approved,8936,call_center,false,285
app_20250112_00003544,2025-01-12 11:28:39,cust_8171564,ATVI,business_loan,34718,36,664,medium,approved,34718,web,true,50
app_20250112_00003545,2025-01-12 15:24:04,cust_7194220,ATVI,mortgage,330314,120,647,medium,approved,330314,web,true,562
app_20250112_00003546,2025-01-12 09:33:56,cust_7816124,NLAM,personal_loan,32091,12,742,low,approved,32091,partner,true,637
app_20250112_00003547,2025-01-12 11:08:37,cust_7944056,PLWA,personal_loan,17219,48,740,low,approved,17219,web,true,423
app_20250112_00003548,2025-01-12 13:30:12,cust_7897427,ESMA,personal_loan,46549,48,742,low,approved,46549,partner,false,674
app_20250112_00003549,2025-01-12 19:03:25,cust_4947622,NLAM,business_loan,9864,60,779,low,approved,9864,call_center,true,33
app_20250112_00003550,2025-01-12 22:22:14,cust_7031725,NLAM,education_loan,13759,48,651,medium,approved,13759,web,false,854
app_20250112_00003551,2025-01-12 22:25:29,cust_2952481,ATVI,auto_loan,12243,24,644,medium,approved,12243,atm,false,873
app_20250112_00003552,2025-01-12 05:49:20,cust_2194024,SESV,refinance,290158,240,608,medium,rejected,0,branch,false,58
app_20250112_00003553,2025-01-12 07:20:58,cust_4964621,ATVI,cash_loan,21756,48,599,medium,approved,21756,online_banking,true,625
app_20250112_00003554,2025-01-12 16:05:26,cust_4840823,SESV,refinance,70413,120,686,medium,approved,70413,partner,true,507
app_20250112_00003555,2025-01-12 04:13:37,cust_6437485,BENL,credit_card,37575,12,673,medium,rejected,0,mobile_app,true,152
app_20250112_00003556,2025-01-12 23:53:35,cust_5138009,AUTR,business_loan,26661,36,712,low,rejected,0,online_banking,true,104
app_20250112_00003557,2025-01-12 19:45:29,cust_7572342,DEHE,credit_card,12397,48,687,medium,approved,12397,partner,false,239
app_20250112_00003558,2025-01-12 22:49:54,cust_1045242,AUTR,cash_loan,9453,24,797,low,approved,9453,branch,false,339
app_20250112_00003559,2025-01-12 09:49:16,cust_3841819,UKLO,cash_loan,8300,12,545,medium,rejected,0,call_center,true,149
app_20250112_00003560,2025-01-12 16:40:36,cust_847540,NLAM,auto_loan,17355,60,452,high,rejected,0,online_banking,true,18
app_20250112_00003561,2025-01-12 07:44:57,cust_6756604,CHBE,auto_loan,55378,60,663,medium,approved,55378,web,false,320
app_20250112_00003562,2025-01-12 22:44:23,cust_7261043,PLWA,mortgage,103841,300,602,medium,approved,103841,branch,true,394
app_20250112_00003563,2025-01-12 00:16:27,cust_9858814,FRID,education_loan,6586,12,581,medium,rejected,0,online_banking,false,123
app_20250112_00003564,2025-01-12 15:26:58,cust_5723171,ESMA,business_loan,32630,60,554,medium,rejected,0,online_banking,true,116
app_20250112_00003565,2025-01-12 22:08:01,cust_9554354,ATVI,education_loan,16055,24,714,low,approved,16055,mobile,false,807
app_20250112_00003566,2025-01-12 11:30:12,cust_7141061,SESV,education_loan,35944,24,610,medium,approved,35944,web,true,751
app_20250112_00003567,2025-01-12 07:33:40,cust_2379145,ATVI,auto_loan,51678,24,594,medium,approved,51678,atm,true,485
app_20250112_00003568,2025-01-12 01:53:57,cust_4877913,ITMI,cash_loan,48851,48,621,medium,rejected,0,online_banking,true,66
app_20250112_00003569,2025-01-12 13:21:58,cust_4443429,PLWA,auto_loan,48584,48,542,medium,rejected,0,mobile_app,true,31
app_20250112_00003570,2025-01-12 09:11:34,cust_8771441,NLAM,personal_loan,1412,18,705,low,approved,1412,mobile_app,true,814
app_20250112_00003571,2025-01-12 10:49:42,cust_5772711,DEHE,education_loan,6757,48,830,low,approved,6757,mobile,true,649
app_20250112_00003572,2025-01-12 02:20:12,cust_6222638,PORP,business_loan,31329,48,718,low,approved,31329,partner,false,645
app_20250112_00003573,2025-01-12 02:13:31,cust_9769503,ATVI,business_loan,4385,60,438,high,rejected,0,mobile_app,false,18
app_20250112_00003574,2025-01-12 17:16:27,cust_510649,PLWA,education_loan,4591,12,626,medium,rejected,0,branch,false,94
app_20250112_00003575,2025-01-12 04:21:46,cust_2435824,CZPR,cash_loan,2617,24,824,low,approved,2617,online_banking,false,278
app_20250112_00003576,2025-01-12 15:02:37,cust_6566350,CZPR,mortgage,178574,120,577,medium,rejected,0,atm,false,88
app_20250112_00003577,2025-01-12 03:22:43,cust_5492538,ITMI,business_loan,38586,48,637,medium,approved,38586,call_center,false,704
app_20250112_00003578,2025-01-12 03:39:43,cust_5796682,FRID,auto_loan,48878,24,584,medium,approved,48878,mobile,true,808
app_20250112_00003579,2025-01-12 08:32:22,cust_1517822,UKLO,education_loan,16797,48,630,medium,approved,16797,mobile_app,true,858
app_20250112_00003580,2025-01-12 14:53:00,cust_8974466,ESMA,education_loan,28541,36,586,medium,rejected,0,branch,true,26
app_20250112_00003581,2025-01-12 05:42:46,cust_640954,ATVI,personal_loan,46629,30,596,medium,approved,46629,mobile,true,30
app_20250112_00003582,2025-01-12 04:55:08,cust_2347329,BENL,cash_loan,20660,30,536,medium,approved,20660,partner,true,567
app_20250112_00003583,2025-01-12 08:59:37,cust_969063,SESV,cash_loan,48348,36,629,medium,approved,48348,branch,false,217
app_20250112_00003584,2025-01-12 19:36:56,cust_2386050,CZPR,mortgage,287146,300,760,low,approved,287146,partner,false,105
app_20250112_00003585,2025-01-12 18:58:08,cust_648905,GRRE,auto_loan,31904,24,639,medium,approved,31904,branch,true,822
app_20250112_00003586,2025-01-12 11:59:53,cust_3504755,NLAM,business_loan,19748,24,836,low,approved,19748,atm,true,801
app_20250112_00003587,2025-01-12 19:24:19,cust_8138454,ITMI,education_loan,15050,36,614,medium,approved,15050,atm,false,844
app_20250112_00003588,2025-01-12 16:14:06,cust_6630122,ESMA,refinance,191749,180,726,low,approved,191749,mobile_app,true,635
app_20250112_00003589,2025-01-12 00:36:55,cust_7740133,BENL,education_loan,28903,24,776,low,approved,28903,branch,false,564
app_20250112_00003590,2025-01-12 02:57:52,cust_8112461,ITMI,credit_card,11401,42,635,medium,approved,11401,mobile,false,421
app_20250112_00003591,2025-01-12 14:27:40,cust_4093632,CZPR,auto_loan,31754,72,532,medium,approved,31754,atm,true,726
app_20250112_00003592,2025-01-12 02:33:30,cust_9791039,CZPR,auto_loan,16452,36,498,high,rejected,0,atm,true,14
app_20250112_00003593,2025-01-12 10:20:24,cust_7212466,ITMI,education_loan,31350,24,732,low,approved,31350,partner,true,787
app_20250112_00003594,2025-01-12 20:20:11,cust_9291009,PLWA,personal_loan,2301,12,719,low,approved,2301,partner,false,662
app_20250112_00003595,2025-01-12 11:43:37,cust_9465814,GRRE,credit_card,26587,30,695,medium,approved,26587,partner,false,332
app_20250112_00003596,2025-01-12 10:40:51,cust_3480858,SESV,credit_card,39186,12,432,high,rejected,0,branch,false,138
app_20250112_00003597,2025-01-12 12:18:42,cust_7355922,SESV,personal_loan,18500,30,567,medium,rejected,0,web,true,96
app_20250112_00003598,2025-01-12 12:18:45,cust_4559286,NLAM,refinance,277045,120,663,medium,rejected,0,call_center,true,115
app_20250112_00003599,2025-01-12 04:03:02,cust_8702390,ITMI,mortgage,489465,360,652,medium,approved,489465,partner,false,530
app_20250112_00003600,2025-01-12 21:31:09,cust_8308627,AUTR,education_loan,27649,24,615,medium,rejected,0,branch,false,167
app_20250112_00003601,2025-01-12 00:16:35,cust_473001,GRRE,auto_loan,17799,24,410,high,rejected,0,partner,true,71
app_20250112_00003602,2025-01-12 04:24:30,cust_9311546,CHBE,business_loan,28730,12,558,medium,approved,28730,mobile,false,401
app_20250112_00003603,2025-01-12 19:21:27,cust_4729777,SESV,personal_loan,16752,30,603,medium,approved,16752,online_banking,false,211
app_20250112_00003604,2025-01-12 22:00:24,cust_1836742,ITMI,refinance,316550,240,506,medium,approved,316550,atm,false,383
app_20250112_00003605,2025-01-12 23:45:30,cust_1286700,PLWA,mortgage,140510,180,812,low,approved,140510,atm,true,630
app_20250112_00003606,2025-01-12 13:32:56,cust_8135147,NLAM,cash_loan,6764,42,644,medium,rejected,0,mobile,false,75
app_20250112_00003607,2025-01-12 22:33:02,cust_9573826,GRRE,refinance,333225,300,526,medium,rejected,0,mobile_app,false,169
app_20250112_00003608,2025-01-12 22:42:49,cust_4827827,ITMI,credit_card,41494,18,565,medium,approved,41494,mobile,true,863
app_20250112_00003609,2025-01-12 05:19:44,cust_1533787,GRRE,credit_card,24310,42,739,low,rejected,0,atm,true,140
app_20250112_00003610,2025-01-12 03:12:26,cust_7759836,AUTR,mortgage,402457,240,677,medium,approved,402457,web,false,30
app_20250112_00003611,2025-01-12 14:56:33,cust_8870783,ESMA,personal_loan,24666,12,483,high,rejected,0,partner,false,47
app_20250112_00003612,2025-01-12 10:32:39,cust_9985038,ITMI,credit_card,13244,18,510,medium,approved,13244,web,false,129
app_20250112_00003613,2025-01-12 10:41:05,cust_2553538,PLWA,credit_card,4126,12,611,medium,rejected,0,call_center,true,75
app_20250112_00003614,2025-01-12 23:49:35,cust_8446907,SESV,business_loan,12973,48,699,medium,approved,12973,branch,true,707
app_20250112_00003615,2025-01-12 15:54:01,cust_2451459,CHBE,refinance,486161,180,571,medium,approved,486161,call_center,true,250
app_20250112_00003616,2025-01-12 09:58:34,cust_3591326,UKLO,refinance,137759,300,375,high,rejected,0,partner,false,75
app_20250112_00003617,2025-01-12 22:47:01,cust_2270253,SESV,credit_card,42511,36,651,medium,approved,42511,mobile,false,886
app_20250112_00003618,2025-01-12 08:49:28,cust_5809229,ITMI,cash_loan,6846,48,643,medium,approved,6846,branch,true,318
app_20250112_00003619,2025-01-12 00:57:36,cust_7386574,PLWA,auto_loan,15990,24,640,medium,approved,15990,partner,true,572
app_20250112_00003620,2025-01-12 11:32:08,cust_4902773,ESMA,personal_loan,29967,36,799,low,rejected,0,atm,false,72
app_20250112_00003621,2025-01-12 02:12:00,cust_1852853,CZPR,credit_card,46520,18,440,high,rejected,0,web,true,61
app_20250112_00003622,2025-01-12 20:49:11,cust_940037,UKLO,personal_loan,34988,48,683,medium,approved,34988,online_banking,true,130
app_20250112_00003623,2025-01-12 17:19:27,cust_4306926,BENL,auto_loan,35750,48,588,medium,approved,35750,online_banking,true,652
app_20250112_00003624,2025-01-12 06:16:05,cust_7241651,AUTR,mortgage,393412,180,523,medium,approved,393412,mobile,false,523
app_20250112_00003625,2025-01-12 20:54:36,cust_1273235,PORP,education_loan,7358,36,642,medium,approved,7358,mobile_app,true,86
app_20250112_00003626,2025-01-12 07:13:15,cust_4711977,AUTR,personal_loan,26705,48,570,medium,approved,26705,web,true,366
app_20250112_00003627,2025-01-12 22:57:13,cust_3159960,UKLO,business_loan,13122,24,647,medium,approved,13122,branch,false,623
app_20250112_00003628,2025-01-12 16:03:54,cust_866057,FRID,mortgage,479725,360,747,low,approved,479725,online_banking,false,145
app_20250112_00003629,2025-01-12 22:17:35,cust_9611811,SESV,auto_loan,21834,72,571,medium,rejected,0,branch,false,137
app_20250112_00003630,2025-01-12 10:59:05,cust_9749173,ATVI,auto_loan,52038,60,589,medium,approved,52038,mobile_app,false,297
app_20250112_00003631,2025-01-12 21:16:53,cust_8274560,GRRE,business_loan,36589,60,515,medium,approved,36589,web,true,611
app_20250112_00003632,2025-01-12 05:44:39,cust_7738648,FRID,mortgage,394683,240,730,low,approved,394683,call_center,true,174
app_20250112_00003633,2025-01-12 03:42:20,cust_7337542,CHBE,education_loan,19250,48,489,high,rejected,0,call_center,false,33
app_20250112_00003634,2025-01-12 09:56:18,cust_523798,CHBE,mortgage,78732,300,688,medium,approved,78732,mobile,true,852
app_20250112_00003635,2025-01-12 08:30:06,cust_9230077,PLWA,education_loan,34352,36,572,medium,approved,34352,partner,false,735
app_20250112_00003636,2025-01-12 19:25:59,cust_1079665,SESV,mortgage,374061,120,528,medium,rejected,0,web,false,114
app_20250112_00003637,2025-01-12 01:20:22,cust_6316870,FRID,refinance,325578,120,784,low,approved,325578,partner,false,513
app_20250112_00003638,2025-01-12 18:13:08,cust_6011264,AUTR,auto_loan,53584,24,662,medium,approved,53584,mobile,false,684
app_20250112_00003639,2025-01-12 07:06:30,cust_7895125,CHBE,refinance,481684,180,840,low,approved,481684,mobile,false,641
app_20250112_00003640,2025-01-12 20:09:01,cust_4457055,ITMI,mortgage,263909,120,505,medium,rejected,0,atm,false,86
app_20250112_00003641,2025-01-12 16:06:30,cust_9405764,PORP,personal_loan,6397,24,679,medium,approved,6397,web,true,756
app_20250112_00003642,2025-01-12 02:20:07,cust_3085060,ESMA,education_loan,4288,36,850,low,approved,4288,mobile_app,true,395
app_20250112_00003643,2025-01-12 06:35:34,cust_6667397,PLWA,education_loan,9355,60,488,high,rejected,0,online_banking,false,159
app_20250112_00003644,2025-01-12 14:20:06,cust_6524036,UKLO,education_loan,37907,48,700,low,rejected,0,atm,false,52
app_20250112_00003645,2025-01-12 21:09:57,cust_2541198,AUTR,business_loan,38221,24,426,high,rejected,0,mobile,true,154
app_20250112_00003646,2025-01-12 11:15:44,cust_9229133,BENL,mortgage,276947,120,739,low,approved,276947,call_center,false,793
app_20250112_00003647,2025-01-12 13:14:56,cust_5647578,GRRE,credit_card,31320,18,607,medium,rejected,0,mobile_app,true,35
app_20250112_00003648,2025-01-12 02:13:07,cust_611082,SESV,credit_card,9617,30,556,medium,approved,9617,partner,true,238
app_20250112_00003649,2025-01-12 15:02:10,cust_8240229,DEHE,credit_card,24008,30,695,medium,approved,24008,web,false,489
app_20250112_00003650,2025-01-12 18:06:39,cust_3272426,CZPR,education_loan,29379,60,663,medium,approved,29379,web,true,730
app_20250112_00003651,2025-01-12 21:32:44,cust_7090067,ATVI,cash_loan,35626,24,475,high,rejected,0,web,true,108
app_20250112_00003652,2025-01-12 18:30:21,cust_8367429,CHBE,cash_loan,46140,24,522,medium,rejected,0,call_center,false,18
app_20250112_00003653,2025-01-12 03:24:31,cust_2996988,BENL,cash_loan,46841,12,668,medium,approved,46841,online_banking,true,192
app_20250112_00003654,2025-01-12 21:24:10,cust_200277,UKLO,personal_loan,28332,30,624,medium,rejected,0,online_banking,false,118
app_20250112_00003655,2025-01-12 19:42:48,cust_3288584,PORP,auto_loan,11298,24,534,medium,approved,11298,web,true,241
app_20250112_00003656,2025-01-12 15:31:34,cust_1877976,SESV,cash_loan,16124,48,519,medium,approved,16124,online_banking,true,81
app_20250112_00003657,2025-01-12 11:24:11,cust_963506,GRRE,personal_loan,45275,30,423,high,rejected,0,partner,true,108
app_20250112_00003658,2025-01-12 02:06:39,cust_6664147,ESMA,mortgage,360691,360,647,medium,approved,360691,mobile,false,299
app_20250112_00003659,2025-01-12 16:47:46,cust_3209228,BENL,cash_loan,14921,48,668,medium,approved,14921,mobile,true,671
app_20250112_00003660,2025-01-12 08:00:52,cust_4887729,UKLO,education_loan,33302,36,797,low,approved,33302,branch,true,457
app_20250112_00003661,2025-01-12 15:41:17,cust_3681595,SESV,auto_loan,19144,36,547,medium,rejected,0,mobile,true,87
app_20250112_00003662,2025-01-12 02:20:27,cust_7109642,FRID,personal_loan,25265,48,807,low,approved,25265,call_center,false,462
app_20250112_00003663,2025-01-12 16:12:50,cust_403176,AUTR,business_loan,35523,36,622,medium,approved,35523,online_banking,true,839
app_20250112_00003664,2025-01-12 14:40:03,cust_3571072,FRID,refinance,362271,120,763,low,approved,362271,online_banking,false,453
app_20250112_00003665,2025-01-12 04:23:55,cust_1440466,GRRE,business_loan,11982,48,742,low,approved,11982,call_center,false,812
app_20250112_00003666,2025-01-12 00:00:55,cust_8920527,UKLO,mortgage,63573,180,599,medium,rejected,0,atm,true,118
app_20250112_00003667,2025-01-12 08:31:21,cust_5008052,ESMA,personal_loan,27022,18,658,medium,rejected,0,mobile,true,161
app_20250112_00003668,2025-01-12 03:16:45,cust_9353023,ESMA,auto_loan,27685,48,595,medium,rejected,0,online_banking,false,87
app_20250112_00003669,2025-01-12 15:37:45,cust_849150,BENL,credit_card,23305,48,651,medium,approved,23305,mobile_app,false,646
app_20250112_00003670,2025-01-12 19:56:14,cust_8195379,GRRE,education_loan,12893,36,700,low,approved,12893,branch,true,639
app_20250112_00003671,2025-01-12 23:39:27,cust_8221209,BENL,mortgage,209328,300,618,medium,rejected,0,atm,true,155
app_20250112_00003672,2025-01-12 09:10:52,cust_1725305,CHBE,business_loan,27684,36,620,medium,approved,27684,web,true,662
app_20250112_00003673,2025-01-12 05:28:02,cust_1048326,PORP,mortgage,387561,300,614,medium,approved,387561,partner,false,600
app_20250112_00003674,2025-01-12 20:34:49,cust_6542340,ATVI,personal_loan,10395,30,850,low,approved,10395,mobile_app,false,604
app_20250112_00003675,2025-01-12 19:43:56,cust_7821763,AUTR,refinance,350145,300,592,medium,approved,350145,branch,true,213
app_20250112_00003676,2025-01-12 22:19:19,cust_4271699,ESMA,auto_loan,59165,36,710,low,approved,59165,atm,true,235
app_20250112_00003677,2025-01-12 11:08:17,cust_5316560,UKLO,auto_loan,29217,24,682,medium,approved,29217,call_center,true,254
app_20250112_00003678,2025-01-12 17:40:09,cust_6341698,NLAM,personal_loan,40699,36,850,low,approved,40699,web,false,598
app_20250112_00003679,2025-01-12 11:21:17,cust_6650297,ESMA,refinance,192438,120,730,low,approved,192438,mobile,false,92
app_20250112_00003680,2025-01-12 07:08:58,cust_1930245,GRRE,mortgage,258763,360,637,medium,rejected,0,branch,true,104
app_20250112_00003681,2025-01-12 23:21:49,cust_3700466,DEHE,refinance,95139,360,715,low,approved,95139,mobile,false,756
app_20250112_00003682,2025-01-12 02:10:34,cust_8877852,ATVI,auto_loan,16961,72,510,medium,rejected,0,online_banking,false,104
app_20250112_00003683,2025-01-12 12:10:54,cust_4270574,FRID,credit_card,47077,12,667,medium,approved,47077,mobile,true,682
app_20250112_00003684,2025-01-12 21:37:29,cust_8718086,CHBE,personal_loan,19113,48,619,medium,approved,19113,web,false,35
app_20250112_00003685,2025-01-12 18:57:50,cust_2152930,CHBE,auto_loan,56627,72,452,high,rejected,0,online_banking,false,140
app_20250112_00003686,2025-01-12 06:36:15,cust_9922002,ITMI,business_loan,7846,48,614,medium,rejected,0,mobile_app,false,93
app_20250112_00003687,2025-01-12 11:09:36,cust_8992101,BENL,mortgage,201103,120,767,low,approved,201103,branch,true,327
app_20250112_00003688,2025-01-12 17:55:20,cust_8946046,ITMI,auto_loan,51922,36,501,medium,approved,51922,mobile_app,false,85
app_20250112_00003689,2025-01-12 13:32:30,cust_5092965,ITMI,business_loan,4711,36,524,medium,rejected,0,online_banking,false,150
app_20250112_00003690,2025-01-12 22:33:37,cust_9773108,PLWA,business_loan,38226,60,523,medium,approved,38226,branch,false,61
app_20250112_00003691,2025-01-12 23:59:18,cust_598935,SESV,auto_loan,34517,36,673,medium,rejected,0,call_center,true,86
app_20250112_00003692,2025-01-12 11:32:01,cust_2728922,CHBE,auto_loan,28845,48,850,low,approved,28845,call_center,false,785
app_20250112_00003693,2025-01-12 20:41:41,cust_7122877,ITMI,auto_loan,13141,72,809,low,approved,13141,online_banking,true,80
app_20250112_00003694,2025-01-12 15:28:48,cust_8022773,ATVI,personal_loan,2127,30,717,low,approved,2127,atm,false,316
app_20250112_00003695,2025-01-12 19:06:06,cust_7268802,GRRE,mortgage,99019,120,760,low,approved,99019,call_center,false,673
app_20250112_00003696,2025-01-12 11:32:09,cust_8052741,CHBE,mortgage,95892,300,637,medium,approved,95892,atm,false,174
app_20250112_00003697,2025-01-12 16:12:55,cust_1885940,PORP,auto_loan,53363,60,761,low,rejected,0,partner,true,67
app_20250112_00003698,2025-01-12 08:30:02,cust_4802585,DEHE,personal_loan,15480,18,732,low,approved,15480,mobile_app,false,202
app_20250112_00003699,2025-01-12 16:35:52,cust_6486071,ATVI,personal_loan,32085,18,689,medium,approved,32085,mobile_app,false,717
app_20250112_00003700,2025-01-12 03:26:17,cust_2915797,PLWA,refinance,295460,240,585,medium,approved,295460,branch,true,835
app_20250112_00003701,2025-01-12 11:01:09,cust_2121150,BENL,education_loan,11124,12,781,low,approved,11124,branch,true,338
app_20250112_00003702,2025-01-12 09:40:19,cust_8567636,ATVI,credit_card,47062,24,540,medium,approved,47062,web,true,449
app_20250112_00003703,2025-01-12 06:57:03,cust_6834984,SESV,cash_loan,33182,18,595,medium,rejected,0,mobile,false,29
app_20250112_00003704,2025-01-12 21:56:02,cust_622720,PORP,auto_loan,50454,72,602,medium,approved,50454,partner,false,332
app_20250112_00003705,2025-01-12 11:57:27,cust_1617747,UKLO,personal_loan,43722,48,800,low,approved,43722,atm,true,775
app_20250112_00003706,2025-01-12 09:00:44,cust_9596621,FRID,personal_loan,2171,36,561,medium,rejected,0,call_center,true,165
app_20250112_00003707,2025-01-12 22:55:32,cust_1918825,SESV,auto_loan,55931,48,684,medium,rejected,0,atm,false,48
app_20250112_00003708,2025-01-12 17:48:48,cust_2429677,PLWA,cash_loan,49533,48,629,medium,approved,49533,partner,false,574
app_20250112_00003709,2025-01-12 01:25:28,cust_5931315,ESMA,business_loan,31233,24,707,low,approved,31233,call_center,true,216
app_20250112_00003710,2025-01-12 01:36:52,cust_6523447,GRRE,cash_loan,24493,36,512,medium,approved,24493,call_center,false,246
app_20250112_00003711,2025-01-12 10:43:41,cust_1006884,PORP,mortgage,215048,240,480,high,approved,215048,online_banking,false,371
app_20250112_00003712,2025-01-12 01:15:30,cust_3971450,ITMI,business_loan,38585,12,457,high,rejected,0,online_banking,false,163
app_20250112_00003713,2025-01-12 20:16:37,cust_7177954,ATVI,credit_card,27323,12,422,high,rejected,0,branch,false,67
app_20250112_00003714,2025-01-12 15:38:27,cust_4436982,CZPR,education_loan,8708,60,500,medium,rejected,0,atm,false,79
app_20250112_00003715,2025-01-12 08:37:15,cust_1793999,BENL,refinance,113607,360,740,low,approved,113607,online_banking,false,355
app_20250112_00003716,2025-01-12 11:46:04,cust_5186102,ATVI,mortgage,167391,300,444,high,rejected,0,online_banking,false,151
app_20250112_00003717,2025-01-12 13:55:18,cust_2284208,GRRE,personal_loan,2778,18,661,medium,approved,2778,mobile,false,83
app_20250112_00003718,2025-01-12 21:05:11,cust_344765,ESMA,refinance,316882,180,527,medium,rejected,0,mobile_app,false,52
app_20250112_00003719,2025-01-12 06:51:09,cust_3687219,CZPR,credit_card,32741,24,622,medium,approved,32741,web,false,716
app_20250112_00003720,2025-01-12 01:49:57,cust_9270849,CZPR,education_loan,10344,24,542,medium,rejected,0,partner,false,95
app_20250112_00003721,2025-01-12 05:54:26,cust_8246295,NLAM,refinance,487129,180,774,low,rejected,0,atm,false,24
app_20250112_00003722,2025-01-12 06:19:22,cust_9599206,PORP,refinance,477213,180,682,medium,rejected,0,mobile,false,156
app_20250112_00003723,2025-01-12 05:09:38,cust_1144890,NLAM,business_loan,25502,48,650,medium,approved,25502,web,true,242
app_20250112_00003724,2025-01-12 18:58:10,cust_4039026,NLAM,mortgage,496124,180,619,medium,approved,496124,atm,true,808
app_20250112_00003725,2025-01-12 14:44:06,cust_7044019,AUTR,business_loan,22503,36,577,medium,approved,22503,branch,false,447
app_20250112_00003726,2025-01-12 19:13:46,cust_7638713,ATVI,cash_loan,40681,42,596,medium,approved,40681,branch,true,451
app_20250112_00003727,2025-01-12 20:32:02,cust_6533893,BENL,auto_loan,56073,36,633,medium,approved,56073,web,false,843
app_20250112_00003728,2025-01-12 01:54:20,cust_9114050,ATVI,auto_loan,49568,36,575,medium,approved,49568,partner,true,221
app_20250112_00003729,2025-01-12 09:14:54,cust_6008080,PORP,cash_loan,48074,18,579,medium,rejected,0,call_center,true,164
app_20250112_00003730,2025-01-12 19:05:15,cust_498408,ATVI,auto_loan,26907,48,672,medium,approved,26907,online_banking,false,502
app_20250112_00003731,2025-01-12 06:59:17,cust_1376224,ATVI,personal_loan,32818,36,600,medium,rejected,0,partner,true,150
app_20250112_00003732,2025-01-12 09:12:11,cust_7229310,DEHE,personal_loan,24340,42,791,low,approved,24340,call_center,false,475
app_20250112_00003733,2025-01-12 06:59:12,cust_4919911,AUTR,auto_loan,10382,36,667,medium,approved,10382,mobile_app,true,536
app_20250112_00003734,2025-01-12 04:54:07,cust_7255169,ATVI,mortgage,54582,240,636,medium,approved,54582,atm,true,742
app_20250112_00003735,2025-01-12 13:16:51,cust_4425521,SESV,education_loan,17971,24,700,low,approved,17971,online_banking,false,401
app_20250112_00003736,2025-01-12 14:40:49,cust_4635165,SESV,cash_loan,29079,48,682,medium,rejected,0,atm,true,68
app_20250112_00003737,2025-01-12 11:28:54,cust_6513232,BENL,personal_loan,25063,48,546,medium,approved,25063,atm,true,308
app_20250112_00003738,2025-01-12 07:51:09,cust_5454322,CHBE,mortgage,352195,360,748,low,approved,352195,web,true,758
app_20250112_00003739,2025-01-12 22:04:28,cust_1307942,GRRE,business_loan,17476,48,787,low,approved,17476,web,true,824
app_20250112_00003740,2025-01-12 03:59:42,cust_4505489,AUTR,refinance,339061,240,661,medium,rejected,0,branch,false,30
app_20250112_00003741,2025-01-12 14:24:40,cust_589667,BENL,cash_loan,39374,42,759,low,approved,39374,online_banking,true,720
app_20250112_00003742,2025-01-12 19:13:22,cust_4158341,AUTR,personal_loan,6892,12,757,low,approved,6892,web,true,812
app_20250112_00003743,2025-01-12 17:18:53,cust_8961371,DEHE,business_loan,14310,48,583,medium,approved,14310,branch,false,68
app_20250112_00003744,2025-01-12 10:08:29,cust_6387847,ESMA,cash_loan,43711,12,795,low,approved,43711,mobile,false,325
app_20250112_00003745,2025-01-12 17:19:14,cust_8172547,AUTR,business_loan,5036,48,558,medium,rejected,0,online_banking,false,27
app_20250112_00003746,2025-01-12 03:38:41,cust_1020036,PLWA,mortgage,461943,180,587,medium,rejected,0,mobile,true,40
app_20250112_00003747,2025-01-12 22:31:38,cust_9686017,PORP,credit_card,42525,18,805,low,approved,42525,atm,true,696
app_20250112_00003748,2025-01-12 23:39:53,cust_7987188,DEHE,education_loan,35064,24,651,medium,rejected,0,mobile,true,156
app_20250112_00003749,2025-01-12 03:56:47,cust_4316060,BENL,mortgage,336572,240,527,medium,approved,336572,partner,false,471
app_20250112_00003750,2025-01-12 07:27:38,cust_1071883,DEHE,education_loan,15355,60,646,medium,approved,15355,mobile_app,false,759
app_20250112_00003751,2025-01-12 16:45:20,cust_7035512,CHBE,credit_card,8374,18,665,medium,approved,8374,branch,false,108
app_20250112_00003752,2025-01-12 12:19:53,cust_4985786,UKLO,business_loan,38237,60,675,medium,approved,38237,web,true,652
app_20250112_00003753,2025-01-12 14:52:47,cust_7852093,ITMI,auto_loan,18250,24,793,low,approved,18250,branch,true,319
app_20250112_00003754,2025-01-12 05:40:36,cust_1798472,CHBE,business_loan,10554,60,619,medium,approved,10554,partner,false,766
app_20250112_00003755,2025-01-12 20:52:18,cust_1821333,NLAM,cash_loan,33045,48,457,high,rejected,0,atm,false,33
app_20250112_00003756,2025-01-12 00:46:34,cust_3192174,SESV,mortgage,183668,120,771,low,rejected,0,call_center,false,152
app_20250112_00003757,2025-01-12 05:27:17,cust_2413101,PLWA,cash_loan,38706,18,609,medium,approved,38706,branch,true,475
app_20250112_00003758,2025-01-12 20:31:19,cust_6013017,ITMI,credit_card,30345,48,591,medium,approved,30345,call_center,true,423
app_20250112_00003759,2025-01-12 06:14:33,cust_2643098,AUTR,mortgage,206539,300,745,low,approved,206539,call_center,false,606
app_20250112_00003760,2025-01-12 23:48:14,cust_1713520,DEHE,education_loan,27467,24,651,medium,rejected,0,mobile_app,false,109
app_20250112_00003761,2025-01-12 11:09:35,cust_907262,ITMI,auto_loan,44322,48,521,medium,rejected,0,branch,true,119
app_20250112_00003762,2025-01-12 15:26:18,cust_3049221,DEHE,business_loan,38085,24,739,low,approved,38085,call_center,false,95
app_20250112_00003763,2025-01-12 17:49:25,cust_7945646,CHBE,auto_loan,22448,48,556,medium,rejected,0,partner,true,122
app_20250112_00003764,2025-01-12 01:04:56,cust_9864707,CZPR,credit_card,29375,48,629,medium,approved,29375,online_banking,true,862
app_20250112_00003765,2025-01-12 11:18:16,cust_3958528,GRRE,education_loan,37959,36,631,medium,approved,37959,branch,false,344
app_20250112_00003766,2025-01-12 07:08:16,cust_1429756,ATVI,mortgage,347813,120,735,low,approved,347813,mobile,false,606
app_20250112_00003767,2025-01-12 08:15:52,cust_4126825,PORP,mortgage,238230,120,491,high,rejected,0,mobile,false,31
app_20250112_00003768,2025-01-12 19:26:05,cust_6120828,CZPR,education_loan,14357,12,587,medium,approved,14357,atm,true,841
app_20250112_00003769,2025-01-12 13:27:12,cust_4691963,FRID,cash_loan,39930,12,783,low,approved,39930,atm,true,832
app_20250112_00003770,2025-01-12 17:43:35,cust_3396336,PLWA,personal_loan,22677,48,394,high,rejected,0,online_banking,false,98
app_20250112_00003771,2025-01-12 20:19:43,cust_6135647,NLAM,cash_loan,27518,36,581,medium,approved,27518,mobile,true,722
app_20250112_00003772,2025-01-12 17:51:21,cust_6444871,CZPR,auto_loan,10126,60,555,medium,rejected,0,mobile,true,143
app_20250112_00003773,2025-01-12 16:03:44,cust_1161538,BENL,business_loan,4129,24,786,low,approved,4129,web,true,795
app_20250112_00003774,2025-01-12 05:35:37,cust_4216639,CHBE,cash_loan,4220,12,824,low,approved,4220,atm,false,334
app_20250112_00003775,2025-01-12 19:24:04,cust_6691434,ITMI,mortgage,291875,180,644,medium,approved,291875,mobile,true,139
app_20250112_00003776,2025-01-12 18:52:57,cust_6868401,PORP,personal_loan,44503,24,660,medium,approved,44503,atm,false,126
app_20250112_00003777,2025-01-12 15:20:03,cust_8032507,ATVI,credit_card,42371,36,589,medium,approved,42371,mobile,true,775
app_20250112_00003778,2025-01-12 08:41:13,cust_6310616,ITMI,auto_loan,30482,72,606,medium,rejected,0,web,false,93
app_20250112_00003779,2025-01-12 14:06:01,cust_6570192,UKLO,credit_card,1986,36,794,low,rejected,0,mobile,true,63
app_20250112_00003780,2025-01-12 02:00:42,cust_7468806,AUTR,business_loan,37016,12,614,medium,approved,37016,online_banking,true,865
app_20250112_00003781,2025-01-12 06:16:22,cust_5129527,GRRE,business_loan,36061,48,588,medium,approved,36061,call_center,false,360
app_20250112_00003782,2025-01-12 10:38:10,cust_2061533,CZPR,education_loan,18158,60,610,medium,approved,18158,atm,false,55
app_20250112_00003783,2025-01-12 16:06:50,cust_9807100,PORP,mortgage,476292,360,685,medium,approved,476292,call_center,false,31
app_20250112_00003784,2025-01-12 15:10:58,cust_6126361,ATVI,refinance,173289,300,850,low,approved,173289,web,true,432
app_20250112_00003785,2025-01-12 01:09:46,cust_9615059,UKLO,credit_card,17223,30,591,medium,rejected,0,mobile,false,169
app_20250112_00003786,2025-01-12 04:03:51,cust_7378211,DEHE,refinance,260380,360,692,medium,approved,260380,branch,false,679
app_20250112_00003787,2025-01-12 13:21:45,cust_7503402,CZPR,education_loan,2362,36,614,medium,rejected,0,branch,true,34
app_20250112_00003788,2025-01-12 02:00:01,cust_628189,SESV,credit_card,1266,48,509,medium,approved,1266,branch,false,270
app_20250112_00003789,2025-01-12 10:50:26,cust_9073608,CZPR,education_loan,3966,48,439,high,rejected,0,partner,true,5
app_20250112_00003790,2025-01-12 09:46:10,cust_7270680,SESV,personal_loan,19423,12,541,medium,rejected,0,partner,true,113
app_20250112_00003791,2025-01-12 05:18:28,cust_6601381,ITMI,credit_card,1205,48,850,low,rejected,0,online_banking,true,103
app_20250112_00003792,2025-01-12 18:13:48,cust_8374305,CZPR,business_loan,14437,60,640,medium,approved,14437,online_banking,false,832
app_20250112_00003793,2025-01-12 09:04:48,cust_2791140,FRID,cash_loan,33131,30,629,medium,approved,33131,mobile_app,true,117
app_20250112_00003794,2025-01-12 08:07:44,cust_4917639,SESV,mortgage,167765,360,697,medium,approved,167765,branch,false,135
app_20250112_00003795,2025-01-12 05:57:56,cust_5337092,SESV,education_loan,33535,12,814,low,approved,33535,branch,false,507
app_20250112_00003796,2025-01-12 09:59:07,cust_6845306,SESV,education_loan,22814,24,745,low,approved,22814,online_banking,false,549
app_20250112_00003797,2025-01-12 01:05:18,cust_1139285,FRID,personal_loan,25268,24,639,medium,rejected,0,partner,true,153
app_20250112_00003798,2025-01-12 07:30:48,cust_4613105,GRRE,personal_loan,10689,12,732,low,approved,10689,online_banking,true,306
app_20250112_00003799,2025-01-12 19:06:35,cust_3813288,NLAM,credit_card,11398,48,490,high,rejected,0,online_banking,true,100
app_20250112_00003800,2025-01-12 02:26:59,cust_200634,AUTR,auto_loan,58440,72,801,low,approved,58440,partner,false,295
app_20250112_00003801,2025-01-12 03:34:20,cust_7036903,CZPR,auto_loan,23045,60,646,medium,approved,23045,branch,true,247
app_20250112_00003802,2025-01-12 08:36:13,cust_2945783,GRRE,personal_loan,37097,24,750,low,approved,37097,partner,true,80
app_20250112_00003803,2025-01-12 04:17:32,cust_6339549,SESV,business_loan,9345,60,838,low,approved,9345,web,true,871
app_20250112_00003804,2025-01-12 06:55:28,cust_8071616,AUTR,mortgage,445469,360,850,low,approved,445469,partner,false,478
app_20250112_00003805,2025-01-12 03:55:31,cust_8230751,PLWA,education_loan,9732,60,504,medium,approved,9732,partner,true,346
app_20250112_00003806,2025-01-12 08:04:03,cust_8293947,DEHE,mortgage,302731,360,519,medium,approved,302731,web,true,169
app_20250112_00003807,2025-01-12 00:29:06,cust_2485045,PORP,education_loan,15379,24,594,medium,rejected,0,mobile_app,true,138
app_20250112_00003808,2025-01-12 09:44:58,cust_9306640,FRID,education_loan,33810,36,684,medium,rejected,0,call_center,true,31
app_20250112_00003809,2025-01-12 02:25:32,cust_3003652,PLWA,auto_loan,40901,24,622,medium,approved,40901,atm,true,321
app_20250112_00003810,2025-01-12 11:41:04,cust_3253799,PLWA,refinance,304394,300,492,high,rejected,0,online_banking,true,145
app_20250112_00003811,2025-01-12 17:04:14,cust_2354612,UKLO,education_loan,15508,36,644,medium,approved,15508,mobile_app,true,767
app_20250112_00003812,2025-01-12 00:30:11,cust_900663,ATVI,auto_loan,36206,24,622,medium,approved,36206,branch,false,746
app_20250112_00003813,2025-01-12 19:38:54,cust_9000478,NLAM,refinance,351996,120,633,medium,rejected,0,atm,true,93
app_20250112_00003814,2025-01-12 20:45:16,cust_8017231,FRID,auto_loan,12625,72,641,medium,approved,12625,partner,true,527
app_20250112_00003815,2025-01-12 20:19:11,cust_3627824,ESMA,refinance,50805,300,408,high,rejected,0,branch,true,144
app_20250112_00003816,2025-01-12 11:42:50,cust_4588456,ATVI,cash_loan,12024,12,649,medium,approved,12024,partner,false,686
app_20250112_00003817,2025-01-12 03:38:25,cust_3568200,ITMI,auto_loan,12560,60,643,medium,rejected,0,web,false,50
app_20250112_00003818,2025-01-12 02:10:52,cust_9915378,PORP,personal_loan,29931,42,747,low,approved,29931,call_center,true,315
app_20250112_00003819,2025-01-12 19:35:35,cust_3176335,PORP,credit_card,2913,18,764,low,approved,2913,mobile_app,false,248
app_20250112_00003820,2025-01-12 03:44:18,cust_3575603,CHBE,personal_loan,27239,18,724,low,rejected,0,branch,true,45
app_20250112_00003821,2025-01-12 22:15:03,cust_6870428,CZPR,education_loan,6422,36,557,medium,approved,6422,web,true,414
app_20250112_00003822,2025-01-12 08:05:31,cust_1423585,ESMA,credit_card,9203,30,658,medium,rejected,0,mobile,true,75
app_20250112_00003823,2025-01-12 18:50:35,cust_7241557,PLWA,education_loan,3051,60,590,medium,rejected,0,mobile_app,true,129
app_20250112_00003824,2025-01-12 04:58:25,cust_1030231,CHBE,refinance,74712,240,700,low,approved,74712,partner,false,178
app_20250112_00003825,2025-01-12 18:53:13,cust_7863609,FRID,cash_loan,33179,18,694,medium,rejected,0,partner,true,125
app_20250112_00003826,2025-01-12 13:53:00,cust_3542862,FRID,auto_loan,35591,72,710,low,approved,35591,branch,false,692
app_20250112_00003827,2025-01-12 04:32:52,cust_8232107,CZPR,cash_loan,30837,12,682,medium,rejected,0,atm,false,144
app_20250112_00003828,2025-01-12 04:56:05,cust_1023803,PLWA,credit_card,2192,30,768,low,approved,2192,partner,true,100
app_20250112_00003829,2025-01-12 10:18:16,cust_6578004,AUTR,business_loan,24184,48,645,medium,approved,24184,mobile,false,832
app_20250112_00003830,2025-01-12 14:00:11,cust_9209733,UKLO,credit_card,22144,48,651,medium,approved,22144,web,false,374
app_20250112_00003831,2025-01-12 14:14:58,cust_3073336,BENL,business_loan,7104,12,660,medium,rejected,0,branch,false,120
app_20250112_00003832,2025-01-12 06:57:03,cust_2801844,AUTR,education_loan,9296,48,666,medium,rejected,0,web,true,31
app_20250112_00003833,2025-01-12 07:32:23,cust_1347488,CZPR,refinance,50692,180,611,medium,approved,50692,mobile_app,true,548
app_20250112_00003834,2025-01-12 23:39:50,cust_2019452,BENL,auto_loan,59197,24,603,medium,rejected,0,online_banking,false,18
app_20250112_00003835,2025-01-12 20:52:02,cust_2431009,ESMA,auto_loan,37191,24,776,low,approved,37191,call_center,true,186
app_20250112_00003836,2025-01-12 12:39:44,cust_8146067,SESV,mortgage,80928,120,819,low,approved,80928,partner,true,98
app_20250112_00003837,2025-01-12 06:20:02,cust_8448030,NLAM,business_loan,18658,48,592,medium,approved,18658,mobile_app,false,783
app_20250112_00003838,2025-01-12 05:36:28,cust_2501651,SESV,mortgage,243171,180,712,low,approved,243171,atm,true,288
app_20250112_00003839,2025-01-12 14:56:29,cust_8711681,ATVI,mortgage,236488,180,767,low,approved,236488,branch,false,210
app_20250112_00003840,2025-01-12 12:08:13,cust_7461181,UKLO,business_loan,2180,48,427,high,rejected,0,online_banking,false,65
app_20250112_00003841,2025-01-12 20:30:51,cust_1184183,FRID,mortgage,374154,180,667,medium,approved,374154,call_center,true,708
app_20250112_00003842,2025-01-12 20:13:02,cust_5229976,AUTR,cash_loan,5822,42,581,medium,rejected,0,branch,true,20
app_20250112_00003843,2025-01-12 12:43:29,cust_1381388,ATVI,refinance,222702,180,665,medium,approved,222702,partner,true,611
app_20250112_00003844,2025-01-12 19:49:10,cust_3091622,ITMI,refinance,88182,120,611,medium,rejected,0,web,false,165
app_20250112_00003845,2025-01-12 04:20:03,cust_9096461,CZPR,mortgage,239208,180,723,low,approved,239208,online_banking,true,823
app_20250112_00003846,2025-01-12 21:41:10,cust_8026874,UKLO,refinance,150093,240,587,medium,rejected,0,call_center,false,68
app_20250112_00003847,2025-01-12 05:37:45,cust_7860753,CHBE,auto_loan,9032,48,583,medium,rejected,0,online_banking,false,93
app_20250112_00003848,2025-01-12 04:05:36,cust_1555214,ESMA,mortgage,98680,300,602,medium,approved,98680,web,true,482
app_20250112_00003849,2025-01-12 02:16:21,cust_2948185,PORP,personal_loan,32991,48,615,medium,rejected,0,atm,true,80
app_20250112_00003850,2025-01-12 01:23:52,cust_3086335,ATVI,education_loan,23059,24,622,medium,approved,23059,mobile,false,888
app_20250112_00003851,2025-01-12 22:30:59,cust_7203002,CZPR,cash_loan,15915,18,668,medium,approved,15915,web,true,856
app_20250112_00003852,2025-01-12 18:55:46,cust_3716784,ITMI,auto_loan,27329,60,555,medium,approved,27329,partner,true,66
app_20250112_00003853,2025-01-12 05:27:46,cust_5418690,GRRE,mortgage,362320,180,662,medium,approved,362320,partner,true,71
app_20250112_00003854,2025-01-12 00:48:07,cust_7166985,PORP,personal_loan,7007,12,621,medium,approved,7007,branch,false,474
app_20250112_00003855,2025-01-12 09:25:43,cust_6328723,AUTR,education_loan,19619,60,831,low,rejected,0,atm,true,167
app_20250112_00003856,2025-01-12 04:00:45,cust_1605948,CHBE,education_loan,24474,36,590,medium,approved,24474,web,false,432
app_20250112_00003857,2025-01-12 15:26:28,cust_9964162,PLWA,education_loan,10685,24,670,medium,rejected,0,mobile,true,171
app_20250112_00003858,2025-01-12 10:30:50,cust_478338,PORP,cash_loan,45300,12,696,medium,rejected,0,online_banking,true,38
app_20250112_00003859,2025-01-12 19:55:50,cust_1231115,UKLO,mortgage,199914,120,773,low,approved,199914,partner,true,862
app_20250112_00003860,2025-01-12 10:46:52,cust_8882540,PLWA,auto_loan,11397,72,850,low,approved,11397,mobile,true,82
app_20250112_00003861,2025-01-12 14:58:50,cust_5122434,NLAM,personal_loan,27366,18,653,medium,approved,27366,mobile,true,760
app_20250112_00003862,2025-01-12 19:14:00,cust_5670187,CZPR,auto_loan,28646,36,850,low,approved,28646,mobile,false,647
app_20250112_00003863,2025-01-12 05:19:09,cust_3609258,PLWA,education_loan,34758,36,631,medium,rejected,0,mobile,true,72
app_20250112_00003864,2025-01-12 17:35:36,cust_3637555,DEHE,education_loan,30397,12,723,low,approved,30397,branch,true,776
app_20250112_00003865,2025-01-12 00:42:08,cust_5702767,ESMA,auto_loan,33422,36,474,high,rejected,0,branch,true,114
app_20250112_00003866,2025-01-12 13:20:23,cust_2432492,GRRE,mortgage,293649,180,598,medium,approved,293649,branch,false,637
app_20250112_00003867,2025-01-12 00:23:08,cust_6801383,DEHE,mortgage,67516,180,821,low,approved,67516,online_banking,true,260
app_20250112_00003868,2025-01-12 00:53:13,cust_7172351,AUTR,education_loan,8911,48,731,low,rejected,0,call_center,false,76
app_20250112_00003869,2025-01-12 13:36:44,cust_7947840,CHBE,education_loan,8622,24,580,medium,approved,8622,branch,false,726
app_20250112_00003870,2025-01-12 11:34:43,cust_4487082,FRID,credit_card,19493,30,490,high,approved,19493,web,false,341
app_20250112_00003871,2025-01-12 09:57:22,cust_5119778,GRRE,personal_loan,20515,42,771,low,approved,20515,mobile,true,665
app_20250112_00003872,2025-01-12 03:34:25,cust_8311752,PLWA,credit_card,21504,30,575,medium,rejected,0,branch,false,93
app_20250112_00003873,2025-01-12 01:42:21,cust_7603984,ITMI,auto_loan,35131,48,586,medium,rejected,0,partner,true,123
app_20250112_00003874,2025-01-12 04:49:01,cust_7341517,AUTR,cash_loan,19900,12,642,medium,approved,19900,web,true,232
app_20250112_00003875,2025-01-12 20:03:30,cust_1239689,ITMI,refinance,87340,180,667,medium,approved,87340,online_banking,true,654
app_20250112_00003876,2025-01-12 05:30:54,cust_3015458,ATVI,mortgage,315334,300,650,medium,rejected,0,mobile_app,false,113
app_20250112_00003877,2025-01-12 06:19:59,cust_1957543,CZPR,personal_loan,34989,12,583,medium,approved,34989,mobile_app,false,682
app_20250112_00003878,2025-01-12 14:12:15,cust_8017662,PORP,personal_loan,37609,42,617,medium,approved,37609,atm,false,492
app_20250112_00003879,2025-01-12 05:56:57,cust_5982926,SESV,mortgage,458056,360,843,low,approved,458056,branch,true,792
app_20250112_00003880,2025-01-12 21:12:00,cust_4570512,CHBE,personal_loan,22331,48,669,medium,approved,22331,call_center,false,880
app_20250112_00003881,2025-01-12 03:10:28,cust_1414272,CZPR,refinance,436442,240,597,medium,rejected,0,branch,true,68
app_20250112_00003882,2025-01-12 10:48:45,cust_5522616,SESV,refinance,279046,360,656,medium,approved,279046,call_center,true,629
app_20250112_00003883,2025-01-12 01:45:27,cust_5017285,SESV,mortgage,358170,120,628,medium,approved,358170,call_center,true,444
app_20250112_00003884,2025-01-12 00:40:11,cust_483916,CHBE,refinance,433251,240,625,medium,approved,433251,atm,true,150
app_20250112_00003885,2025-01-12 19:15:46,cust_1726443,DEHE,refinance,483046,240,668,medium,approved,483046,mobile_app,true,467
app_20250112_00003886,2025-01-12 16:55:19,cust_2426767,NLAM,business_loan,38301,12,550,medium,approved,38301,atm,false,588
app_20250112_00003887,2025-01-12 10:01:46,cust_5893945,DEHE,personal_loan,14454,12,702,low,rejected,0,call_center,false,60
app_20250112_00003888,2025-01-12 20:11:00,cust_7250729,ITMI,auto_loan,50247,60,772,low,approved,50247,call_center,false,811
app_20250112_00003889,2025-01-12 09:06:18,cust_4255977,SESV,auto_loan,42017,72,691,medium,approved,42017,branch,false,886
app_20250112_00003890,2025-01-12 18:37:18,cust_6664497,NLAM,personal_loan,6852,12,437,high,approved,6852,partner,true,589
app_20250112_00003891,2025-01-12 17:33:19,cust_4820183,UKLO,education_loan,39957,48,672,medium,approved,39957,atm,false,648
app_20250112_00003892,2025-01-12 06:43:11,cust_4728672,ATVI,mortgage,339560,120,512,medium,rejected,0,branch,true,38
app_20250112_00003893,2025-01-12 21:22:27,cust_6847273,NLAM,credit_card,16727,18,693,medium,rejected,0,mobile_app,false,109
app_20250112_00003894,2025-01-12 23:46:12,cust_7398321,UKLO,credit_card,30092,24,684,medium,rejected,0,partner,false,37
app_20250112_00003895,2025-01-12 13:40:40,cust_9289703,FRID,business_loan,16524,60,626,medium,approved,16524,web,true,116
app_20250112_00003896,2025-01-12 23:41:00,cust_4577801,FRID,credit_card,38991,18,601,medium,approved,38991,atm,true,123
app_20250112_00003897,2025-01-12 06:06:49,cust_352727,UKLO,business_loan,24543,60,588,medium,rejected,0,web,true,59
app_20250112_00003898,2025-01-12 16:58:22,cust_254879,ATVI,credit_card,11475,30,550,medium,rejected,0,partner,false,155
app_20250112_00003899,2025-01-12 00:47:24,cust_7107337,PORP,personal_loan,31652,48,713,low,approved,31652,mobile_app,false,487
app_20250112_00003900,2025-01-12 00:25:04,cust_8140296,FRID,auto_loan,21224,60,709,low,approved,21224,call_center,false,499
app_20250112_00003901,2025-01-12 11:12:45,cust_4263092,UKLO,refinance,209689,360,793,low,approved,209689,branch,false,770
app_20250112_00003902,2025-01-12 00:54:19,cust_5695536,DEHE,refinance,468336,360,626,medium,rejected,0,call_center,true,73
app_20250112_00003903,2025-01-12 10:27:20,cust_7934896,PORP,refinance,379605,240,633,medium,approved,379605,branch,false,295
app_20250112_00003904,2025-01-12 23:47:46,cust_3367339,UKLO,business_loan,4680,12,761,low,approved,4680,web,false,639
app_20250112_00003905,2025-01-12 16:43:46,cust_3025606,SESV,mortgage,129986,360,610,medium,approved,129986,atm,true,514
app_20250112_00003906,2025-01-12 06:57:19,cust_9424605,CHBE,education_loan,21563,12,686,medium,approved,21563,partner,true,300
app_20250112_00003907,2025-01-12 14:51:26,cust_9278033,AUTR,mortgage,78628,240,591,medium,approved,78628,online_banking,true,758
app_20250112_00003908,2025-01-12 12:05:29,cust_6601125,CZPR,personal_loan,23882,18,791,low,rejected,0,mobile,true,11
app_20250112_00003909,2025-01-12 13:09:34,cust_4661012,BENL,mortgage,456634,120,625,medium,rejected,0,atm,true,70
app_20250112_00003910,2025-01-12 18:01:46,cust_4346426,SESV,business_loan,30192,60,515,medium,rejected,0,call_center,false,76
app_20250112_00003911,2025-01-12 03:53:43,cust_3791483,FRID,mortgage,288042,300,557,medium,approved,288042,atm,true,312
app_20250112_00003912,2025-01-12 15:41:24,cust_6354670,CZPR,auto_loan,29759,24,461,high,approved,29759,mobile,true,464
app_20250112_00003913,2025-01-12 00:42:03,cust_8176720,PORP,auto_loan,47660,48,546,medium,approved,47660,mobile,true,414
app_20250112_00003914,2025-01-12 02:22:05,cust_3614814,PORP,education_loan,37475,36,705,low,approved,37475,partner,false,555
app_20250112_00003915,2025-01-12 11:18:35,cust_4978922,AUTR,auto_loan,56723,48,554,medium,approved,56723,atm,false,195
app_20250112_00003916,2025-01-12 02:24:30,cust_6583146,AUTR,personal_loan,31544,30,632,medium,approved,31544,branch,true,298
app_20250112_00003917,2025-01-12 22:18:29,cust_1979283,UKLO,refinance,497309,240,504,medium,rejected,0,partner,false,16
app_20250112_00003918,2025-01-12 07:04:20,cust_721294,CHBE,credit_card,33112,24,565,medium,approved,33112,mobile_app,true,336
app_20250112_00003919,2025-01-12 07:44:49,cust_4356897,DEHE,credit_card,42414,36,555,medium,approved,42414,online_banking,true,503
app_20250112_00003920,2025-01-12 04:34:33,cust_8722211,UKLO,personal_loan,40659,18,671,medium,approved,40659,online_banking,true,411
app_20250112_00003921,2025-01-12 08:33:55,cust_7898869,FRID,credit_card,47847,12,547,medium,approved,47847,branch,true,831
app_20250112_00003922,2025-01-12 12:41:41,cust_5962614,ESMA,business_loan,16273,36,573,medium,approved,16273,call_center,false,456
app_20250112_00003923,2025-01-12 15:03:05,cust_8650733,ITMI,personal_loan,33860,12,611,medium,rejected,0,mobile_app,true,113
app_20250112_00003924,2025-01-12 14:14:58,cust_3334730,FRID,mortgage,145040,240,706,low,rejected,0,web,true,90
app_20250112_00003925,2025-01-12 11:42:46,cust_615791,NLAM,credit_card,43982,42,699,medium,rejected,0,atm,false,152
app_20250112_00003926,2025-01-12 16:16:07,cust_5975253,AUTR,cash_loan,10524,36,502,medium,rejected,0,branch,false,57
app_20250112_00003927,2025-01-12 21:41:23,cust_2606525,GRRE,mortgage,203548,240,613,medium,approved,203548,mobile,true,30
app_20250112_00003928,2025-01-12 17:58:18,cust_9915151,ESMA,education_loan,31074,48,492,high,rejected,0,branch,false,39
app_20250112_00003929,2025-01-12 07:52:09,cust_4705572,ESMA,education_loan,37165,36,672,medium,approved,37165,atm,true,628
app_20250112_00003930,2025-01-12 21:02:35,cust_753964,PORP,business_loan,39258,36,834,low,approved,39258,atm,true,522
app_20250112_00003931,2025-01-12 07:05:34,cust_2431133,AUTR,education_loan,15838,36,766,low,approved,15838,branch,false,555
app_20250112_00003932,2025-01-12 21:07:16,cust_8101599,ATVI,refinance,227266,360,661,medium,approved,227266,branch,false,829
app_20250112_00003933,2025-01-12 09:56:19,cust_4991600,PORP,mortgage,393611,120,573,medium,approved,393611,branch,true,275
app_20250112_00003934,2025-01-12 20:45:39,cust_4772347,PLWA,credit_card,21877,30,450,high,rejected,0,atm,false,71
app_20250112_00003935,2025-01-12 06:05:14,cust_1978997,GRRE,mortgage,356919,300,598,medium,approved,356919,mobile_app,false,304
app_20250112_00003936,2025-01-12 07:11:15,cust_8258650,FRID,business_loan,37978,12,781,low,approved,37978,online_banking,false,831
app_20250112_00003937,2025-01-12 06:12:29,cust_4231223,ATVI,credit_card,28893,48,656,medium,approved,28893,call_center,true,486
app_20250112_00003938,2025-01-12 12:36:59,cust_229372,NLAM,education_loan,19165,48,651,medium,rejected,0,web,false,177
app_20250112_00003939,2025-01-12 16:49:09,cust_2601677,ITMI,refinance,281883,240,665,medium,approved,281883,partner,false,513
app_20250112_00003940,2025-01-12 21:48:03,cust_576915,ITMI,refinance,199537,180,508,medium,rejected,0,mobile,false,99
app_20250112_00003941,2025-01-12 03:30:13,cust_3341051,CHBE,business_loan,7062,12,621,medium,approved,7062,mobile,true,608
app_20250112_00003942,2025-01-12 13:17:24,cust_7661208,PORP,auto_loan,53751,36,787,low,approved,53751,call_center,false,362
app_20250112_00003943,2025-01-12 06:45:11,cust_4893466,CZPR,refinance,122385,300,847,low,approved,122385,mobile,true,748
app_20250112_00003944,2025-01-12 07:44:17,cust_337551,GRRE,business_loan,35797,24,569,medium,approved,35797,call_center,true,798
app_20250112_00003945,2025-01-12 20:13:55,cust_7370361,ATVI,mortgage,67456,180,850,low,approved,67456,call_center,false,335
app_20250112_00003946,2025-01-12 19:47:51,cust_4431297,ITMI,refinance,159222,360,721,low,approved,159222,mobile_app,true,863
app_20250112_00003947,2025-01-12 08:15:56,cust_9286656,GRRE,credit_card,11551,42,532,medium,approved,11551,branch,true,562
app_20250112_00003948,2025-01-12 16:38:52,cust_9010165,ESMA,auto_loan,47673,36,680,medium,approved,47673,web,true,614
app_20250112_00003949,2025-01-12 03:37:39,cust_2248093,CZPR,auto_loan,37901,60,559,medium,approved,37901,call_center,true,35
app_20250112_00003950,2025-01-12 16:57:38,cust_2253727,AUTR,auto_loan,39768,72,805,low,approved,39768,web,true,794
app_20250112_00003951,2025-01-12 22:02:17,cust_2353837,BENL,auto_loan,29844,24,778,low,approved,29844,online_banking,true,65
app_20250112_00003952,2025-01-12 17:03:53,cust_1092552,ITMI,refinance,315736,360,739,low,approved,315736,atm,false,645
app_20250112_00003953,2025-01-12 22:10:12,cust_6717589,ITMI,auto_loan,33147,48,599,medium,rejected,0,web,false,110
app_20250112_00003954,2025-01-12 08:16:43,cust_1022903,NLAM,education_loan,13386,48,590,medium,rejected,0,partner,false,60
app_20250112_00003955,2025-01-12 09:17:22,cust_2553160,BENL,refinance,162130,120,732,low,approved,162130,atm,false,68
app_20250112_00003956,2025-01-12 19:41:08,cust_2933427,ATVI,mortgage,417103,120,811,low,approved,417103,mobile_app,true,821
app_20250112_00003957,2025-01-12 20:11:46,cust_7153318,PLWA,auto_loan,53231,60,850,low,rejected,0,online_banking,true,36
app_20250112_00003958,2025-01-12 06:08:53,cust_212282,AUTR,business_loan,31833,24,561,medium,approved,31833,online_banking,true,327
app_20250112_00003959,2025-01-12 15:41:09,cust_5872704,CHBE,business_loan,31867,24,696,medium,approved,31867,mobile_app,true,49
app_20250112_00003960,2025-01-12 05:42:44,cust_9538305,ITMI,business_loan,7449,48,709,low,approved,7449,partner,true,299
app_20250112_00003961,2025-01-12 21:43:08,cust_4737783,UKLO,cash_loan,36077,30,592,medium,approved,36077,atm,false,662
app_20250112_00003962,2025-01-12 21:46:43,cust_8617188,FRID,business_loan,33061,48,644,medium,approved,33061,web,false,634
app_20250112_00003963,2025-01-12 20:33:20,cust_7624845,PORP,auto_loan,36105,24,720,low,approved,36105,web,true,312
app_20250112_00003964,2025-01-12 17:46:17,cust_2336827,NLAM,cash_loan,12947,36,740,low,approved,12947,partner,false,849
app_20250112_00003965,2025-01-12 07:42:51,cust_9777203,CZPR,credit_card,12420,36,694,medium,approved,12420,partner,true,740
app_20250112_00003966,2025-01-12 18:18:27,cust_3359922,BENL,auto_loan,27896,24,842,low,approved,27896,atm,true,706
app_20250112_00003967,2025-01-12 08:41:39,cust_6852705,SESV,business_loan,15062,12,850,low,approved,15062,web,true,368
app_20250112_00003968,2025-01-12 20:22:03,cust_1419980,SESV,refinance,492326,300,515,medium,rejected,0,mobile,false,105
app_20250112_00003969,2025-01-12 18:22:34,cust_1049852,CZPR,credit_card,44673,48,676,medium,approved,44673,call_center,false,226
app_20250112_00003970,2025-01-12 16:34:41,cust_1359871,ATVI,credit_card,7170,48,684,medium,approved,7170,mobile,true,58
app_20250112_00003971,2025-01-12 13:14:20,cust_7466575,PLWA,business_loan,12697,24,482,high,rejected,0,mobile,false,121
app_20250112_00003972,2025-01-12 22:17:04,cust_1924606,PORP,mortgage,414073,300,581,medium,rejected,0,partner,false,29
app_20250112_00003973,2025-01-12 14:37:00,cust_8914984,BENL,mortgage,92434,240,498,high,rejected,0,partner,true,57
app_20250112_00003974,2025-01-12 19:12:10,cust_1075666,AUTR,cash_loan,31779,24,503,medium,rejected,0,online_banking,true,59
app_20250112_00003975,2025-01-12 04:24:32,cust_5834152,DEHE,credit_card,26010,18,850,low,approved,26010,mobile,false,64
app_20250112_00003976,2025-01-12 08:29:38,cust_7999198,UKLO,education_loan,19639,48,640,medium,approved,19639,mobile_app,false,736
app_20250112_00003977,2025-01-12 14:37:05,cust_4524779,CHBE,mortgage,485009,180,645,medium,approved,485009,mobile,true,553
app_20250112_00003978,2025-01-12 16:23:30,cust_7614267,PORP,credit_card,17446,30,503,medium,rejected,0,web,true,123
app_20250112_00003979,2025-01-12 19:18:57,cust_2484780,SESV,business_loan,32853,24,636,medium,rejected,0,mobile_app,true,11
app_20250112_00003980,2025-01-12 02:44:10,cust_8035989,CZPR,refinance,385859,360,536,medium,rejected,0,call_center,false,114
app_20250112_00003981,2025-01-12 15:55:52,cust_3035223,NLAM,mortgage,481382,180,531,medium,approved,481382,call_center,false,801
app_20250112_00003982,2025-01-12 07:39:25,cust_8853024,PLWA,cash_loan,4507,18,708,low,approved,4507,atm,true,55
app_20250112_00003983,2025-01-12 15:57:04,cust_257763,FRID,personal_loan,37546,30,773,low,approved,37546,mobile_app,true,713
app_20250112_00003984,2025-01-12 02:44:21,cust_5130113,BENL,business_loan,33928,36,624,medium,approved,33928,branch,false,691
app_20250112_00003985,2025-01-12 07:38:35,cust_9934549,FRID,refinance,223380,300,695,medium,rejected,0,mobile_app,false,163
app_20250112_00003986,2025-01-12 13:22:34,cust_4260174,NLAM,personal_loan,41396,24,540,medium,approved,41396,web,false,763
app_20250112_00003987,2025-01-12 04:38:37,cust_9212730,GRRE,personal_loan,29399,12,730,low,approved,29399,mobile_app,false,399
app_20250112_00003988,2025-01-12 21:25:15,cust_3232576,SESV,auto_loan,30409,24,445,high,approved,30409,mobile_app,false,606
app_20250112_00003989,2025-01-12 05:32:44,cust_5580726,BENL,business_loan,29723,24,655,medium,approved,29723,online_banking,false,462
app_20250112_00003990,2025-01-12 08:17:21,cust_8689839,GRRE,business_loan,6681,48,733,low,approved,6681,web,false,470
app_20250112_00003991,2025-01-12 02:50:00,cust_2265741,BENL,education_loan,18853,12,780,low,approved,18853,branch,false,615
app_20250112_00003992,2025-01-12 13:21:01,cust_7172958,AUTR,credit_card,44786,12,602,medium,approved,44786,mobile_app,false,748
app_20250112_00003993,2025-01-12 11:20:14,cust_9332847,UKLO,education_loan,39662,12,573,medium,approved,39662,online_banking,false,864
app_20250112_00003994,2025-01-12 08:02:56,cust_2582177,ESMA,refinance,323608,180,652,medium,rejected,0,web,false,23
app_20250112_00003995,2025-01-12 13:24:52,cust_7840054,ESMA,credit_card,12223,30,509,medium,rejected,0,call_center,false,105
app_20250112_00003996,2025-01-12 11:10:12,cust_9717089,GRRE,mortgage,216042,180,550,medium,approved,216042,branch,false,852
app_20250112_00003997,2025-01-12 15:40:20,cust_4756800,DEHE,mortgage,192216,180,643,medium,approved,192216,mobile_app,false,572
app_20250112_00003998,2025-01-12 04:09:23,cust_6862893,GRRE,personal_loan,26543,24,781,low,rejected,0,call_center,false,104
app_20250112_00003999,2025-01-12 16:47:56,cust_8413708,GRRE,mortgage,459446,240,655,medium,approved,459446,mobile_app,true,290
app_20250112_00004000,2025-01-12 22:32:16,cust_2782832,CZPR,mortgage,116025,180,609,medium,approved,116025,atm,true,682
app_20250112_00004001,2025-01-12 14:12:37,cust_9689537,PORP,personal_loan,20782,12,503,medium,rejected,0,mobile_app,false,37
app_20250112_00004002,2025-01-12 09:43:04,cust_7899461,PORP,auto_loan,29445,72,816,low,approved,29445,mobile,false,387
app_20250112_00004003,2025-01-12 11:24:35,cust_8808498,CHBE,personal_loan,29982,36,575,medium,rejected,0,online_banking,false,42
app_20250112_00004004,2025-01-12 09:50:04,cust_4714752,ATVI,personal_loan,25555,24,478,high,approved,25555,web,true,380
app_20250112_00004005,2025-01-12 11:51:14,cust_6757592,SESV,education_loan,26933,24,664,medium,approved,26933,online_banking,false,861
app_20250112_00004006,2025-01-12 03:03:20,cust_5770135,FRID,auto_loan,22069,24,551,medium,approved,22069,mobile,true,368
app_20250112_00004007,2025-01-12 21:59:28,cust_5378636,AUTR,cash_loan,45231,48,562,medium,rejected,0,mobile_app,true,121
app_20250112_00004008,2025-01-12 03:46:57,cust_8781225,NLAM,business_loan,20558,36,676,medium,rejected,0,web,true,104
app_20250112_00004009,2025-01-12 05:27:04,cust_8078319,SESV,mortgage,495019,240,687,medium,approved,495019,mobile_app,true,813
app_20250112_00004010,2025-01-12 04:04:17,cust_4994454,CHBE,credit_card,29259,24,683,medium,approved,29259,web,true,202
app_20250112_00004011,2025-01-12 15:24:15,cust_5283067,CHBE,auto_loan,27115,36,723,low,approved,27115,mobile_app,false,381
app_20250112_00004012,2025-01-12 16:48:56,cust_7403702,PLWA,business_loan,10441,60,731,low,approved,10441,partner,false,745
app_20250112_00004013,2025-01-12 05:49:55,cust_354002,ATVI,mortgage,347609,180,595,medium,rejected,0,web,false,100
app_20250112_00004014,2025-01-12 22:25:32,cust_9239231,SESV,auto_loan,13862,36,619,medium,approved,13862,mobile_app,false,698
app_20250112_00004015,2025-01-12 19:22:57,cust_4696445,FRID,personal_loan,23277,18,847,low,approved,23277,mobile,false,570
app_20250112_00004016,2025-01-12 00:58:14,cust_8525697,AUTR,credit_card,48675,18,733,low,approved,48675,mobile,true,218
app_20250112_00004017,2025-01-12 13:29:42,cust_4217913,DEHE,education_loan,5348,60,780,low,approved,5348,mobile,true,724
app_20250112_00004018,2025-01-12 13:12:21,cust_6257870,ITMI,cash_loan,9876,36,717,low,approved,9876,branch,true,733
app_20250112_00004019,2025-01-12 20:02:49,cust_1113972,DEHE,auto_loan,52704,72,643,medium,approved,52704,atm,true,197
app_20250112_00004020,2025-01-12 05:30:33,cust_5991190,ESMA,personal_loan,13318,12,602,medium,approved,13318,branch,true,620
app_20250112_00004021,2025-01-12 10:29:34,cust_102039,GRRE,refinance,322254,120,638,medium,rejected,0,atm,true,130
app_20250112_00004022,2025-01-12 21:39:10,cust_9968742,ITMI,education_loan,27943,60,686,medium,approved,27943,branch,true,217
app_20250112_00004023,2025-01-12 00:13:13,cust_6311812,CZPR,cash_loan,23071,42,677,medium,rejected,0,mobile_app,true,146
app_20250112_00004024,2025-01-12 16:57:54,cust_5797646,ESMA,refinance,173197,180,698,medium,rejected,0,branch,false,34
app_20250112_00004025,2025-01-12 23:14:49,cust_238167,SESV,education_loan,12544,48,617,medium,approved,12544,call_center,true,788
app_20250112_00004026,2025-01-12 16:51:29,cust_9374072,UKLO,business_loan,10478,12,824,low,approved,10478,mobile_app,true,534
app_20250112_00004027,2025-01-12 09:35:43,cust_5783581,ITMI,personal_loan,5424,48,850,low,approved,5424,mobile,true,534
app_20250112_00004028,2025-01-12 19:22:55,cust_5637207,GRRE,credit_card,11278,42,618,medium,approved,11278,branch,true,633
app_20250112_00004029,2025-01-12 19:59:06,cust_6340298,CZPR,cash_loan,30407,18,850,low,rejected,0,online_banking,false,103
app_20250112_00004030,2025-01-12 00:48:23,cust_5056742,AUTR,auto_loan,58186,24,815,low,approved,58186,call_center,true,268
app_20250112_00004031,2025-01-12 11:02:39,cust_1844220,BENL,cash_loan,9825,12,538,medium,approved,9825,mobile_app,false,120
app_20250112_00004032,2025-01-12 10:46:41,cust_2074710,GRRE,education_loan,30932,48,686,medium,approved,30932,online_banking,false,770
app_20250112_00004033,2025-01-12 21:32:17,cust_7057805,AUTR,personal_loan,30849,36,564,medium,rejected,0,mobile_app,true,20
app_20250112_00004034,2025-01-12 07:09:41,cust_7507119,CHBE,business_loan,21432,60,756,low,approved,21432,mobile_app,false,232
app_20250112_00004035,2025-01-12 17:06:28,cust_9926684,PLWA,credit_card,44510,12,739,low,rejected,0,online_banking,true,98
app_20250112_00004036,2025-01-12 11:21:48,cust_4427972,UKLO,education_loan,15499,24,511,medium,approved,15499,online_banking,false,395
app_20250112_00004037,2025-01-12 20:02:30,cust_8267737,GRRE,personal_loan,48125,30,711,low,approved,48125,mobile,true,794
app_20250112_00004038,2025-01-12 16:06:05,cust_8989086,AUTR,cash_loan,3951,30,709,low,approved,3951,call_center,false,832
app_20250112_00004039,2025-01-12 21:26:39,cust_1599584,AUTR,refinance,398406,180,521,medium,rejected,0,call_center,true,31
app_20250112_00004040,2025-01-12 12:49:45,cust_591054,FRID,business_loan,25675,48,557,medium,approved,25675,call_center,false,76
app_20250112_00004041,2025-01-12 12:49:14,cust_9911285,PLWA,cash_loan,27470,24,672,medium,approved,27470,branch,false,354
app_20250112_00004042,2025-01-12 16:32:02,cust_2267349,PORP,business_loan,31278,48,657,medium,approved,31278,branch,true,167
app_20250112_00004043,2025-01-12 02:38:40,cust_7855490,FRID,education_loan,21640,12,677,medium,rejected,0,mobile,true,6
app_20250112_00004044,2025-01-12 15:31:49,cust_3264372,CZPR,mortgage,247831,120,787,low,rejected,0,mobile_app,true,52
app_20250112_00004045,2025-01-12 10:11:10,cust_701868,ITMI,cash_loan,3504,42,588,medium,approved,3504,call_center,true,490
app_20250112_00004046,2025-01-12 22:01:11,cust_8938467,ITMI,credit_card,41997,48,540,medium,approved,41997,atm,true,163
app_20250112_00004047,2025-01-12 01:38:40,cust_4825656,DEHE,education_loan,5001,48,591,medium,approved,5001,call_center,false,489
app_20250112_00004048,2025-01-12 23:03:59,cust_5901987,NLAM,mortgage,51455,180,645,medium,approved,51455,partner,false,519
app_20250112_00004049,2025-01-12 12:01:25,cust_8518117,NLAM,refinance,89632,240,735,low,approved,89632,online_banking,false,504
app_20250112_00004050,2025-01-12 17:51:34,cust_8343777,PORP,credit_card,34638,36,633,medium,approved,34638,mobile_app,true,769
app_20250112_00004051,2025-01-12 20:05:48,cust_7482383,CHBE,auto_loan,9810,60,506,medium,rejected,0,atm,true,7
app_20250112_00004052,2025-01-12 18:38:55,cust_8141165,NLAM,business_loan,6284,36,711,low,approved,6284,atm,false,126
app_20250112_00004053,2025-01-12 00:04:58,cust_5582438,PLWA,business_loan,26394,24,651,medium,rejected,0,call_center,true,128
app_20250112_00004054,2025-01-12 19:17:29,cust_312138,ESMA,mortgage,87068,240,521,medium,approved,87068,call_center,true,117
app_20250112_00004055,2025-01-12 19:15:06,cust_587522,AUTR,personal_loan,44074,36,657,medium,approved,44074,online_banking,false,133
app_20250112_00004056,2025-01-12 20:57:33,cust_6443572,NLAM,business_loan,27058,48,745,low,approved,27058,web,true,435
app_20250112_00004057,2025-01-12 10:49:55,cust_9849896,CZPR,credit_card,42512,12,736,low,approved,42512,web,false,175
app_20250112_00004058,2025-01-12 07:07:46,cust_4310449,CHBE,mortgage,148933,300,451,high,rejected,0,call_center,false,173
app_20250112_00004059,2025-01-12 00:50:41,cust_4802739,PORP,refinance,417206,180,542,medium,approved,417206,branch,true,445
app_20250112_00004060,2025-01-12 00:49:40,cust_3784011,ESMA,cash_loan,46223,30,792,low,approved,46223,web,false,78
app_20250112_00004061,2025-01-12 17:09:11,cust_9747361,BENL,mortgage,193161,300,524,medium,approved,193161,atm,false,252
app_20250112_00004062,2025-01-12 14:03:28,cust_6382293,PORP,credit_card,13293,42,805,low,approved,13293,mobile_app,false,155
app_20250112_00004063,2025-01-12 23:02:37,cust_3865628,ESMA,cash_loan,21752,42,720,low,approved,21752,call_center,true,688
app_20250112_00004064,2025-01-12 04:43:40,cust_3417747,ATVI,auto_loan,17477,60,820,low,approved,17477,mobile,true,184
app_20250112_00004065,2025-01-12 20:57:03,cust_1903788,UKLO,education_loan,25185,60,584,medium,approved,25185,atm,false,532
app_20250112_00004066,2025-01-12 22:55:48,cust_6884576,GRRE,credit_card,36952,48,629,medium,approved,36952,branch,false,96
app_20250112_00004067,2025-01-12 22:35:10,cust_3157195,ITMI,personal_loan,13419,18,488,high,approved,13419,web,false,296
app_20250112_00004068,2025-01-12 02:03:29,cust_3463958,FRID,refinance,374912,180,549,medium,approved,374912,partner,true,255
app_20250112_00004069,2025-01-12 19:13:51,cust_8234797,DEHE,education_loan,36481,36,725,low,approved,36481,online_banking,true,367
app_20250112_00004070,2025-01-12 21:55:20,cust_6326222,ATVI,credit_card,32124,36,616,medium,approved,32124,mobile_app,true,126
app_20250112_00004071,2025-01-12 13:18:43,cust_8785809,GRRE,personal_loan,26256,12,610,medium,rejected,0,branch,false,156
app_20250112_00004072,2025-01-12 01:08:01,cust_7657188,CZPR,refinance,471143,360,807,low,approved,471143,mobile,true,178
app_20250112_00004073,2025-01-12 06:50:07,cust_668126,FRID,business_loan,20711,48,677,medium,approved,20711,call_center,true,697
app_20250112_00004074,2025-01-12 06:37:03,cust_522247,ITMI,cash_loan,38905,18,839,low,approved,38905,mobile_app,true,175
app_20250112_00004075,2025-01-12 09:07:14,cust_194304,BENL,business_loan,19319,12,805,low,approved,19319,atm,true,41
app_20250112_00004076,2025-01-12 21:07:45,cust_3545300,ATVI,mortgage,430527,180,702,low,approved,430527,mobile_app,true,802
app_20250112_00004077,2025-01-12 02:48:18,cust_9859259,GRRE,auto_loan,40142,48,464,high,rejected,0,online_banking,true,8
app_20250112_00004078,2025-01-12 21:48:03,cust_2606364,CHBE,cash_loan,22347,12,376,high,rejected,0,mobile_app,true,64
app_20250112_00004079,2025-01-12 01:44:39,cust_5010023,BENL,auto_loan,30568,36,738,low,approved,30568,partner,false,695
app_20250112_00004080,2025-01-12 10:16:24,cust_9200288,NLAM,cash_loan,20416,48,621,medium,approved,20416,branch,false,203
app_20250112_00004081,2025-01-12 20:39:29,cust_1666615,AUTR,personal_loan,5940,48,554,medium,approved,5940,online_banking,true,860
app_20250112_00004082,2025-01-12 17:29:31,cust_1400152,NLAM,auto_loan,49699,48,622,medium,rejected,0,mobile_app,true,54
app_20250112_00004083,2025-01-12 17:45:25,cust_8389569,PLWA,refinance,231950,180,743,low,approved,231950,atm,true,258
app_20250112_00004084,2025-01-12 02:01:23,cust_5368073,DEHE,business_loan,38693,12,597,medium,approved,38693,online_banking,true,417
app_20250112_00004085,2025-01-12 02:39:16,cust_4064875,CZPR,education_loan,14263,36,711,low,approved,14263,web,true,724
app_20250112_00004086,2025-01-12 18:28:25,cust_6206690,CZPR,auto_loan,10654,36,850,low,approved,10654,atm,false,429
app_20250112_00004087,2025-01-12 08:33:08,cust_6711949,ITMI,credit_card,31876,48,568,medium,rejected,0,web,true,116
app_20250112_00004088,2025-01-12 13:10:31,cust_4699868,CHBE,cash_loan,20563,12,618,medium,approved,20563,mobile_app,true,401
app_20250112_00004089,2025-01-12 00:20:27,cust_5430792,FRID,auto_loan,59927,36,710,low,approved,59927,call_center,false,117
app_20250112_00004090,2025-01-12 16:46:56,cust_8793695,DEHE,auto_loan,19899,48,463,high,rejected,0,call_center,false,125
app_20250112_00004091,2025-01-12 19:44:32,cust_6218480,SESV,mortgage,89349,240,676,medium,approved,89349,mobile,true,761
app_20250112_00004092,2025-01-12 11:24:06,cust_7361598,GRRE,refinance,438083,360,645,medium,rejected,0,branch,false,121
app_20250112_00004093,2025-01-12 17:26:19,cust_9802596,UKLO,business_loan,28346,12,608,medium,approved,28346,web,true,723
app_20250112_00004094,2025-01-12 10:27:20,cust_4464607,CHBE,mortgage,205279,180,779,low,approved,205279,atm,true,82
app_20250112_00004095,2025-01-12 07:01:06,cust_4755857,ATVI,credit_card,39213,42,666,medium,rejected,0,web,true,47
app_20250112_00004096,2025-01-12 12:57:05,cust_2755300,ESMA,mortgage,374939,360,627,medium,approved,374939,online_banking,true,388
app_20250112_00004097,2025-01-12 17:40:09,cust_7594311,DEHE,personal_loan,30394,30,571,medium,approved,30394,partner,false,264
app_20250112_00004098,2025-01-12 03:15:01,cust_4255748,ESMA,business_loan,24478,48,660,medium,approved,24478,partner,true,209
app_20250112_00004099,2025-01-12 02:17:30,cust_7608029,SESV,mortgage,222272,120,661,medium,approved,222272,mobile,false,184
app_20250112_00004100,2025-01-12 00:02:36,cust_4477024,AUTR,business_loan,26478,24,673,medium,rejected,0,branch,true,46
app_20250112_00004101,2025-01-12 08:33:11,cust_4981218,ITMI,education_loan,32848,36,661,medium,rejected,0,partner,true,136
app_20250112_00004102,2025-01-12 13:22:30,cust_9817344,CZPR,refinance,212798,240,584,medium,rejected,0,branch,false,31
app_20250112_00004103,2025-01-12 00:29:54,cust_526573,DEHE,business_loan,16687,12,616,medium,approved,16687,mobile,true,102
app_20250112_00004104,2025-01-12 07:09:47,cust_551539,GRRE,auto_loan,38506,36,810,low,approved,38506,online_banking,false,850
app_20250112_00004105,2025-01-12 11:03:21,cust_8922773,ITMI,auto_loan,9821,48,673,medium,approved,9821,mobile,false,518
app_20250112_00004106,2025-01-12 09:29:37,cust_7266314,FRID,personal_loan,47921,18,562,medium,rejected,0,online_banking,true,71
app_20250112_00004107,2025-01-12 03:07:50,cust_2409679,AUTR,cash_loan,27636,36,825,low,approved,27636,partner,false,272
app_20250112_00004108,2025-01-12 16:15:44,cust_3362364,CHBE,refinance,111506,300,665,medium,rejected,0,call_center,true,26
app_20250112_00004109,2025-01-12 18:37:10,cust_4836980,ITMI,business_loan,27770,36,439,high,rejected,0,mobile_app,true,154
app_20250112_00004110,2025-01-12 17:01:44,cust_6324343,ITMI,cash_loan,2035,30,526,medium,rejected,0,partner,true,75
app_20250112_00004111,2025-01-12 00:02:34,cust_2684705,ATVI,cash_loan,19158,48,667,medium,rejected,0,atm,false,144
app_20250112_00004112,2025-01-12 01:11:25,cust_1052930,DEHE,credit_card,41345,48,653,medium,rejected,0,call_center,true,142
app_20250112_00004113,2025-01-12 21:56:03,cust_1092315,ESMA,credit_card,26112,18,695,medium,approved,26112,atm,false,43
app_20250112_00004114,2025-01-12 04:36:27,cust_4060666,AUTR,business_loan,35763,60,638,medium,approved,35763,partner,false,188
app_20250112_00004115,2025-01-12 07:52:06,cust_7919273,AUTR,credit_card,13227,24,580,medium,rejected,0,mobile_app,false,34
app_20250112_00004116,2025-01-12 03:57:06,cust_5239393,AUTR,credit_card,10272,30,491,high,rejected,0,web,false,34
app_20250112_00004117,2025-01-12 17:32:16,cust_947885,FRID,education_loan,8544,12,699,medium,approved,8544,mobile,true,100
app_20250112_00004118,2025-01-12 17:08:18,cust_9193187,PLWA,refinance,172978,240,640,medium,rejected,0,web,false,124
app_20250112_00004119,2025-01-12 04:54:30,cust_8554745,ESMA,mortgage,399726,180,448,high,rejected,0,online_banking,false,175
app_20250112_00004120,2025-01-12 09:18:59,cust_3103045,CHBE,auto_loan,15516,60,709,low,approved,15516,online_banking,false,206
app_20250112_00004121,2025-01-12 13:19:00,cust_4548920,ATVI,business_loan,37073,24,648,medium,approved,37073,atm,true,404
app_20250112_00004122,2025-01-12 19:08:55,cust_9704555,CZPR,cash_loan,19917,30,584,medium,approved,19917,branch,true,806
app_20250112_00004123,2025-01-12 11:41:49,cust_5025861,GRRE,personal_loan,48782,24,764,low,approved,48782,atm,true,130
app_20250112_00004124,2025-01-12 19:50:03,cust_9794905,AUTR,business_loan,4158,60,568,medium,approved,4158,branch,false,429
app_20250112_00004125,2025-01-12 12:58:42,cust_5088337,PORP,education_loan,18121,36,504,medium,approved,18121,web,false,731
app_20250112_00004126,2025-01-12 07:22:38,cust_3806012,UKLO,business_loan,21051,12,506,medium,approved,21051,online_banking,true,346
app_20250112_00004127,2025-01-12 02:18:27,cust_5839882,ATVI,refinance,170812,240,733,low,approved,170812,web,true,894
app_20250112_00004128,2025-01-12 06:57:28,cust_4784531,DEHE,personal_loan,46283,24,706,low,approved,46283,call_center,true,433
app_20250112_00004129,2025-01-12 07:46:26,cust_2609122,GRRE,mortgage,432698,120,747,low,approved,432698,web,false,782
app_20250112_00004130,2025-01-12 01:31:00,cust_9377836,UKLO,personal_loan,16806,24,623,medium,rejected,0,branch,true,125
app_20250112_00004131,2025-01-12 09:04:41,cust_9710216,PORP,auto_loan,14398,24,478,high,rejected,0,mobile_app,true,137
app_20250112_00004132,2025-01-12 20:13:47,cust_3557247,CHBE,education_loan,15453,48,699,medium,approved,15453,web,true,755
app_20250112_00004133,2025-01-12 17:49:45,cust_5951689,BENL,education_loan,14841,48,780,low,approved,14841,call_center,true,684
app_20250112_00004134,2025-01-12 22:23:10,cust_3282944,PLWA,education_loan,14052,48,518,medium,rejected,0,web,true,58
app_20250112_00004135,2025-01-12 02:24:00,cust_8106472,SESV,mortgage,352768,360,422,high,rejected,0,mobile,true,66
app_20250112_00004136,2025-01-12 19:07:06,cust_1778319,ITMI,education_loan,22348,24,784,low,approved,22348,atm,false,709
app_20250112_00004137,2025-01-12 04:42:56,cust_8809901,ITMI,auto_loan,24535,72,589,medium,approved,24535,web,false,786
app_20250112_00004138,2025-01-12 23:40:20,cust_2579066,BENL,cash_loan,2694,42,642,medium,rejected,0,atm,false,57
app_20250112_00004139,2025-01-12 22:43:47,cust_5589998,ITMI,business_loan,30605,24,593,medium,approved,30605,atm,false,207
app_20250112_00004140,2025-01-12 11:27:47,cust_5678809,ATVI,refinance,321032,300,690,medium,rejected,0,online_banking,true,20
app_20250112_00004141,2025-01-12 05:22:15,cust_5657905,DEHE,cash_loan,8931,36,691,medium,rejected,0,mobile,false,10
app_20250112_00004142,2025-01-12 14:40:36,cust_6176560,NLAM,mortgage,237066,180,531,medium,approved,237066,online_banking,false,101
app_20250112_00004143,2025-01-12 18:12:17,cust_7545541,ESMA,cash_loan,39280,36,850,low,rejected,0,web,false,74
app_20250112_00004144,2025-01-12 08:32:27,cust_2424194,PLWA,business_loan,29835,24,804,low,approved,29835,partner,false,121
app_20250112_00004145,2025-01-12 08:37:34,cust_3775468,GRRE,mortgage,322838,120,843,low,approved,322838,atm,true,530
app_20250112_00004146,2025-01-12 18:21:48,cust_9869380,NLAM,auto_loan,26804,36,727,low,approved,26804,call_center,true,310
app_20250112_00004147,2025-01-12 13:31:21,cust_6408238,BENL,mortgage,117009,360,780,low,approved,117009,branch,false,654
app_20250112_00004148,2025-01-12 18:03:22,cust_1168534,CZPR,credit_card,34436,48,500,medium,approved,34436,mobile,true,406
app_20250112_00004149,2025-01-12 15:34:44,cust_4904751,DEHE,business_loan,36504,60,785,low,approved,36504,web,true,258
app_20250112_00004150,2025-01-12 14:32:20,cust_7061969,BENL,cash_loan,18033,12,503,medium,rejected,0,web,false,32
app_20250112_00004151,2025-01-12 01:37:14,cust_7221183,UKLO,education_loan,21636,24,501,medium,approved,21636,partner,true,729
app_20250112_00004152,2025-01-12 19:29:29,cust_1302318,PORP,mortgage,52503,300,639,medium,approved,52503,atm,false,431
app_20250112_00004153,2025-01-12 06:06:08,cust_6315489,ITMI,mortgage,133052,360,569,medium,approved,133052,mobile,true,99
app_20250112_00004154,2025-01-12 22:34:44,cust_5325664,ESMA,refinance,179694,120,733,low,approved,179694,web,false,754
app_20250112_00004155,2025-01-12 14:42:36,cust_1614584,FRID,auto_loan,48868,36,580,medium,approved,48868,atm,false,98
app_20250112_00004156,2025-01-12 18:05:41,cust_9221032,ATVI,cash_loan,22852,48,711,low,approved,22852,branch,false,796
app_20250112_00004157,2025-01-12 21:45:39,cust_4132151,UKLO,business_loan,10764,60,758,low,approved,10764,mobile_app,true,373
app_20250112_00004158,2025-01-12 10:15:49,cust_9871972,ITMI,refinance,252295,300,506,medium,approved,252295,web,false,593
app_20250112_00004159,2025-01-12 08:16:26,cust_277437,ATVI,credit_card,27789,30,587,medium,rejected,0,mobile,false,178
app_20250112_00004160,2025-01-12 14:38:13,cust_1555081,SESV,education_loan,24077,24,827,low,approved,24077,mobile,false,667
app_20250112_00004161,2025-01-12 23:19:33,cust_1499029,CZPR,cash_loan,45132,18,547,medium,rejected,0,mobile_app,false,144
app_20250112_00004162,2025-01-12 08:47:05,cust_6579227,ESMA,mortgage,491081,360,562,medium,rejected,0,online_banking,false,103
app_20250112_00004163,2025-01-12 15:46:14,cust_9224480,ITMI,cash_loan,47151,48,485,high,rejected,0,web,true,21
app_20250112_00004164,2025-01-12 02:01:54,cust_7631794,FRID,business_loan,20138,12,626,medium,approved,20138,branch,false,452
app_20250112_00004165,2025-01-12 22:10:03,cust_2196800,AUTR,refinance,158255,180,688,medium,approved,158255,mobile_app,true,461
app_20250112_00004166,2025-01-12 11:26:50,cust_5100973,BENL,auto_loan,52516,48,680,medium,approved,52516,branch,false,48
app_20250112_00004167,2025-01-12 12:54:31,cust_2106780,NLAM,education_loan,7825,48,610,medium,rejected,0,partner,false,137
app_20250112_00004168,2025-01-12 04:20:09,cust_7904112,NLAM,refinance,379718,240,575,medium,rejected,0,atm,true,136
app_20250112_00004169,2025-01-12 10:10:17,cust_9912276,FRID,cash_loan,21185,12,565,medium,approved,21185,partner,false,724
app_20250112_00004170,2025-01-12 05:04:43,cust_8151560,CHBE,credit_card,27993,36,609,medium,rejected,0,mobile,false,38
app_20250112_00004171,2025-01-12 23:37:36,cust_1549654,CHBE,personal_loan,19208,42,760,low,approved,19208,call_center,false,728
app_20250112_00004172,2025-01-12 02:01:19,cust_5737867,CHBE,education_loan,31920,12,717,low,approved,31920,branch,false,742
app_20250112_00004173,2025-01-12 07:38:30,cust_7578061,ITMI,cash_loan,38731,24,468,high,rejected,0,web,false,27
app_20250112_00004174,2025-01-12 03:06:10,cust_605540,NLAM,mortgage,275356,120,776,low,approved,275356,branch,false,372
app_20250112_00004175,2025-01-12 15:23:08,cust_1030518,ESMA,business_loan,36319,36,528,medium,approved,36319,web,true,624
app_20250112_00004176,2025-01-12 00:22:59,cust_5307485,NLAM,business_loan,35119,12,838,low,approved,35119,branch,true,662
app_20250112_00004177,2025-01-12 07:39:28,cust_5484496,SESV,personal_loan,22013,24,589,medium,rejected,0,atm,true,145
app_20250112_00004178,2025-01-12 11:50:29,cust_5631309,ATVI,business_loan,23679,48,554,medium,approved,23679,mobile_app,false,355
app_20250112_00004179,2025-01-12 12:52:13,cust_1527386,BENL,auto_loan,47657,72,447,high,rejected,0,partner,true,20
app_20250112_00004180,2025-01-12 08:09:31,cust_8125883,PLWA,cash_loan,23436,18,668,medium,rejected,0,web,false,41
app_20250112_00004181,2025-01-12 13:06:45,cust_9216766,GRRE,mortgage,122453,360,563,medium,approved,122453,web,true,575
app_20250112_00004182,2025-01-12 05:38:08,cust_6204319,DEHE,cash_loan,27711,24,738,low,approved,27711,branch,true,890
app_20250112_00004183,2025-01-12 10:37:24,cust_8061242,CHBE,mortgage,84338,300,463,high,rejected,0,mobile,false,94
app_20250112_00004184,2025-01-12 04:18:06,cust_9020048,NLAM,mortgage,148740,300,713,low,approved,148740,mobile_app,true,631
app_20250112_00004185,2025-01-12 19:25:26,cust_8402655,SESV,mortgage,218931,120,590,medium,approved,218931,call_center,false,472
app_20250112_00004186,2025-01-12 06:20:00,cust_586212,SESV,business_loan,9924,12,751,low,approved,9924,call_center,false,522
app_20250112_00004187,2025-01-12 08:53:54,cust_1793297,DEHE,personal_loan,4146,24,625,medium,rejected,0,web,true,117
app_20250112_00004188,2025-01-12 23:41:50,cust_2076381,BENL,business_loan,7157,12,731,low,rejected,0,web,false,21
app_20250112_00004189,2025-01-12 15:18:46,cust_1097324,DEHE,refinance,430521,240,574,medium,rejected,0,partner,true,58
app_20250112_00004190,2025-01-12 18:03:11,cust_3849617,UKLO,education_loan,31924,48,600,medium,approved,31924,mobile_app,false,450
app_20250112_00004191,2025-01-12 06:42:33,cust_4792295,PORP,business_loan,14728,12,560,medium,approved,14728,partner,true,818
app_20250112_00004192,2025-01-12 06:07:38,cust_288323,CHBE,credit_card,49626,48,733,low,approved,49626,branch,true,73
app_20250112_00004193,2025-01-12 18:44:16,cust_6824735,DEHE,mortgage,72142,240,736,low,approved,72142,branch,false,729
app_20250112_00004194,2025-01-12 22:16:53,cust_2023266,FRID,personal_loan,44543,12,716,low,approved,44543,partner,true,119
app_20250112_00004195,2025-01-12 18:21:50,cust_469461,UKLO,education_loan,19420,60,582,medium,approved,19420,partner,true,299
app_20250112_00004196,2025-01-12 11:50:48,cust_3690136,FRID,refinance,464561,120,624,medium,approved,464561,partner,false,424
app_20250112_00004197,2025-01-12 06:07:27,cust_7166481,SESV,personal_loan,4098,18,850,low,approved,4098,partner,true,43
app_20250112_00004198,2025-01-12 11:05:26,cust_2657850,CHBE,education_loan,11288,36,668,medium,approved,11288,mobile,false,739
app_20250112_00004199,2025-01-12 05:29:50,cust_6487134,NLAM,education_loan,18313,60,602,medium,rejected,0,mobile,true,149
app_20250112_00004200,2025-01-12 17:33:06,cust_7609666,NLAM,business_loan,26814,36,637,medium,approved,26814,mobile,false,241
app_20250112_00004201,2025-01-12 04:55:45,cust_6401255,ITMI,refinance,213148,300,718,low,rejected,0,mobile,false,102
app_20250112_00004202,2025-01-12 11:27:29,cust_3795233,UKLO,personal_loan,1572,42,726,low,approved,1572,online_banking,false,868
app_20250112_00004203,2025-01-12 11:15:15,cust_876054,PORP,auto_loan,42750,48,692,medium,rejected,0,mobile,false,82
app_20250112_00004204,2025-01-12 17:34:34,cust_8938909,SESV,refinance,190905,360,647,medium,rejected,0,mobile,false,53
app_20250112_00004205,2025-01-12 02:25:03,cust_9088503,GRRE,refinance,194368,120,636,medium,rejected,0,mobile_app,true,49
app_20250112_00004206,2025-01-12 08:31:54,cust_5750382,ATVI,business_loan,4181,36,559,medium,rejected,0,partner,true,166
app_20250112_00004207,2025-01-12 02:52:29,cust_7669041,NLAM,cash_loan,48561,30,677,medium,approved,48561,branch,false,631
app_20250112_00004208,2025-01-12 05:19:48,cust_7177071,ESMA,credit_card,39180,12,602,medium,approved,39180,atm,false,774
app_20250112_00004209,2025-01-12 07:21:53,cust_609305,DEHE,business_loan,11584,24,534,medium,approved,11584,branch,true,736
app_20250112_00004210,2025-01-12 15:10:34,cust_9701095,SESV,cash_loan,4807,36,773,low,approved,4807,mobile,false,614
app_20250112_00004211,2025-01-12 10:28:11,cust_3615708,NLAM,refinance,221651,180,617,medium,rejected,0,mobile,true,61
app_20250112_00004212,2025-01-12 23:16:51,cust_6251207,UKLO,education_loan,39015,24,676,medium,approved,39015,mobile,true,765
app_20250112_00004213,2025-01-12 03:44:19,cust_4453529,NLAM,business_loan,2697,36,612,medium,approved,2697,mobile,true,868
app_20250112_00004214,2025-01-12 03:35:51,cust_6503974,CZPR,business_loan,16060,60,830,low,approved,16060,mobile,true,387
app_20250112_00004215,2025-01-12 23:36:42,cust_6364961,AUTR,credit_card,42368,48,531,medium,rejected,0,online_banking,false,96
app_20250112_00004216,2025-01-12 21:24:07,cust_8830711,FRID,mortgage,498135,300,586,medium,approved,498135,online_banking,true,200
app_20250112_00004217,2025-01-12 17:19:34,cust_132130,ATVI,mortgage,483288,240,624,medium,approved,483288,partner,true,189
app_20250112_00004218,2025-01-12 14:06:01,cust_8266619,ESMA,education_loan,15419,12,567,medium,rejected,0,mobile,true,142
app_20250112_00004219,2025-01-12 21:13:28,cust_2592261,DEHE,mortgage,339833,180,586,medium,rejected,0,mobile,false,57
app_20250112_00004220,2025-01-12 16:47:05,cust_4837623,FRID,auto_loan,36630,60,626,medium,approved,36630,partner,true,472
app_20250112_00004221,2025-01-12 04:30:53,cust_7198139,SESV,mortgage,192388,180,601,medium,approved,192388,mobile_app,true,510
app_20250112_00004222,2025-01-12 14:22:48,cust_9375459,PORP,refinance,116101,180,646,medium,rejected,0,web,false,126
app_20250112_00004223,2025-01-12 18:54:43,cust_7552774,GRRE,education_loan,31186,12,586,medium,rejected,0,atm,true,125
app_20250112_00004224,2025-01-12 21:40:04,cust_3308045,AUTR,mortgage,66182,180,807,low,approved,66182,web,false,78
app_20250112_00004225,2025-01-12 03:20:59,cust_6216486,BENL,credit_card,19571,18,626,medium,rejected,0,partner,false,95
app_20250112_00004226,2025-01-12 19:30:51,cust_7536526,PLWA,personal_loan,13197,48,573,medium,rejected,0,web,true,175
app_20250112_00004227,2025-01-12 01:01:49,cust_9094251,UKLO,personal_loan,35903,18,506,medium,rejected,0,mobile,true,180
app_20250112_00004228,2025-01-12 02:47:51,cust_8046616,BENL,auto_loan,48293,72,792,low,approved,48293,online_banking,true,707
app_20250112_00004229,2025-01-12 15:48:36,cust_5653776,PORP,credit_card,16055,24,666,medium,approved,16055,partner,true,525
app_20250112_00004230,2025-01-12 18:38:17,cust_6018208,GRRE,credit_card,47049,36,655,medium,rejected,0,call_center,false,51
app_20250112_00004231,2025-01-12 23:52:19,cust_3249801,PORP,education_loan,18784,12,621,medium,approved,18784,branch,true,671
app_20250112_00004232,2025-01-12 01:51:13,cust_1517646,DEHE,personal_loan,32116,18,748,low,approved,32116,web,true,761
app_20250112_00004233,2025-01-12 06:03:08,cust_8746388,BENL,personal_loan,1387,42,545,medium,approved,1387,branch,false,277
app_20250112_00004234,2025-01-12 06:54:26,cust_6051704,CZPR,business_loan,35344,24,687,medium,rejected,0,branch,false,144
app_20250112_00004235,2025-01-12 20:44:31,cust_3030504,UKLO,business_loan,10030,60,744,low,approved,10030,mobile_app,true,762
app_20250112_00004236,2025-01-12 05:17:37,cust_3435119,AUTR,education_loan,21815,36,635,medium,approved,21815,online_banking,true,455
app_20250112_00004237,2025-01-12 22:32:13,cust_4861105,CHBE,business_loan,25469,12,813,low,approved,25469,branch,true,615
app_20250112_00004238,2025-01-12 07:21:35,cust_5566510,ESMA,personal_loan,42475,48,557,medium,rejected,0,branch,false,126
app_20250112_00004239,2025-01-12 12:16:04,cust_2161561,ESMA,business_loan,36375,48,419,high,rejected,0,web,true,12
app_20250112_00004240,2025-01-12 12:24:15,cust_8539961,AUTR,refinance,421029,240,666,medium,approved,421029,partner,false,504
app_20250112_00004241,2025-01-12 08:51:20,cust_541025,PORP,education_loan,15212,60,632,medium,approved,15212,online_banking,false,53
app_20250112_00004242,2025-01-12 07:45:40,cust_3024031,CHBE,refinance,109781,240,585,medium,approved,109781,online_banking,false,536
app_20250112_00004243,2025-01-12 15:56:43,cust_1740739,GRRE,refinance,266437,300,590,medium,approved,266437,web,false,534
app_20250112_00004244,2025-01-12 06:32:12,cust_4300384,FRID,cash_loan,43428,30,549,medium,approved,43428,call_center,true,448
app_20250112_00004245,2025-01-12 19:02:54,cust_7508717,PLWA,mortgage,306864,300,648,medium,approved,306864,atm,false,483
app_20250112_00004246,2025-01-12 22:02:19,cust_7955905,ATVI,auto_loan,57539,48,850,low,approved,57539,atm,false,367
app_20250112_00004247,2025-01-12 22:11:38,cust_4233393,CHBE,personal_loan,3729,18,530,medium,rejected,0,partner,true,20
app_20250112_00004248,2025-01-12 03:18:28,cust_7856003,NLAM,credit_card,26624,48,550,medium,rejected,0,partner,true,36
app_20250112_00004249,2025-01-12 01:00:45,cust_3320872,ESMA,mortgage,175853,240,775,low,approved,175853,call_center,false,662
app_20250112_00004250,2025-01-12 01:26:29,cust_202331,PORP,personal_loan,23430,30,650,medium,rejected,0,web,true,110
app_20250112_00004251,2025-01-12 21:48:42,cust_5948494,ESMA,personal_loan,9477,30,632,medium,approved,9477,online_banking,true,85
app_20250112_00004252,2025-01-12 00:21:34,cust_3631365,PORP,mortgage,486982,120,553,medium,approved,486982,mobile,true,708
app_20250112_00004253,2025-01-12 12:23:06,cust_749766,GRRE,cash_loan,29605,30,588,medium,rejected,0,partner,false,25
app_20250112_00004254,2025-01-12 05:24:01,cust_3362113,ESMA,personal_loan,20177,24,747,low,approved,20177,mobile,false,849
app_20250112_00004255,2025-01-12 08:52:17,cust_2207244,PLWA,personal_loan,7620,30,608,medium,rejected,0,mobile_app,false,80
app_20250112_00004256,2025-01-12 04:54:11,cust_9163471,DEHE,mortgage,137136,120,747,low,approved,137136,branch,false,276
app_20250112_00004257,2025-01-12 16:09:56,cust_1813804,BENL,personal_loan,20291,18,604,medium,approved,20291,atm,true,401
app_20250112_00004258,2025-01-12 17:40:37,cust_2024450,ATVI,cash_loan,3082,12,850,low,approved,3082,online_banking,false,351
app_20250112_00004259,2025-01-12 05:48:15,cust_3965925,NLAM,credit_card,22104,36,614,medium,rejected,0,mobile_app,false,77
app_20250112_00004260,2025-01-12 20:05:36,cust_160193,ATVI,personal_loan,26588,18,600,medium,approved,26588,web,true,225
app_20250112_00004261,2025-01-12 19:34:38,cust_7490087,NLAM,refinance,230229,240,562,medium,rejected,0,mobile,true,33
app_20250112_00004262,2025-01-12 19:06:07,cust_2936840,ITMI,mortgage,114387,300,850,low,approved,114387,partner,true,200
app_20250112_00004263,2025-01-12 20:58:49,cust_3636016,AUTR,auto_loan,12266,48,600,medium,rejected,0,branch,false,169
app_20250112_00004264,2025-01-12 10:28:32,cust_9795996,GRRE,credit_card,9720,30,468,high,rejected,0,branch,false,180
app_20250112_00004265,2025-01-12 08:59:40,cust_5043018,UKLO,education_loan,38383,60,666,medium,approved,38383,mobile_app,false,33
app_20250112_00004266,2025-01-12 21:30:35,cust_4068878,AUTR,personal_loan,22063,18,706,low,approved,22063,branch,false,639
app_20250112_00004267,2025-01-12 01:12:32,cust_8686972,GRRE,personal_loan,45894,24,552,medium,rejected,0,web,true,44
app_20250112_00004268,2025-01-12 20:54:36,cust_2449937,ATVI,mortgage,350067,180,620,medium,approved,350067,call_center,true,733
app_20250112_00004269,2025-01-12 03:22:43,cust_459060,ESMA,cash_loan,43782,36,514,medium,rejected,0,mobile_app,false,17
app_20250112_00004270,2025-01-12 13:28:52,cust_9307325,PORP,cash_loan,14442,36,632,medium,rejected,0,mobile_app,true,160
app_20250112_00004271,2025-01-12 20:04:45,cust_4527977,NLAM,business_loan,23997,60,744,low,approved,23997,online_banking,true,199
app_20250112_00004272,2025-01-12 10:09:15,cust_8904298,FRID,business_loan,23637,36,842,low,approved,23637,call_center,true,52
app_20250112_00004273,2025-01-12 20:32:16,cust_245591,FRID,refinance,111939,120,745,low,approved,111939,web,false,514
app_20250112_00004274,2025-01-12 05:29:46,cust_1565027,ATVI,auto_loan,18526,60,584,medium,approved,18526,atm,false,725
app_20250112_00004275,2025-01-12 23:04:27,cust_7382641,PLWA,mortgage,154228,240,694,medium,rejected,0,atm,true,168
app_20250112_00004276,2025-01-12 16:53:02,cust_8264323,CZPR,refinance,473631,240,763,low,approved,473631,partner,false,480
app_20250112_00004277,2025-01-12 08:33:41,cust_6340545,FRID,personal_loan,42536,42,683,medium,approved,42536,web,true,572
app_20250112_00004278,2025-01-12 04:39:28,cust_4101153,ITMI,business_loan,22207,12,693,medium,rejected,0,call_center,false,163
app_20250112_00004279,2025-01-12 07:19:41,cust_3121213,UKLO,personal_loan,7372,24,754,low,approved,7372,mobile,true,812
app_20250112_00004280,2025-01-12 04:54:23,cust_1689619,FRID,education_loan,26612,24,447,high,rejected,0,online_banking,false,61
app_20250112_00004281,2025-01-12 15:52:21,cust_416943,ATVI,education_loan,37514,36,557,medium,rejected,0,branch,false,84
app_20250112_00004282,2025-01-12 01:33:02,cust_8842072,UKLO,cash_loan,13610,12,850,low,approved,13610,atm,false,361
app_20250112_00004283,2025-01-12 13:44:22,cust_5214560,CHBE,business_loan,24146,48,590,medium,rejected,0,branch,true,115
app_20250112_00004284,2025-01-12 12:48:17,cust_8240236,AUTR,cash_loan,14469,42,677,medium,approved,14469,mobile_app,false,753
app_20250112_00004285,2025-01-12 09:04:07,cust_4485162,CZPR,education_loan,14628,60,715,low,approved,14628,web,true,413
app_20250112_00004286,2025-01-12 22:42:22,cust_3866508,UKLO,credit_card,21907,30,607,medium,rejected,0,call_center,true,91
app_20250112_00004287,2025-01-12 21:20:25,cust_5081072,SESV,business_loan,16021,36,486,high,approved,16021,call_center,true,594
app_20250112_00004288,2025-01-12 21:42:13,cust_6688326,PLWA,cash_loan,32048,42,586,medium,rejected,0,call_center,true,49
app_20250112_00004289,2025-01-12 16:14:29,cust_1081538,GRRE,mortgage,193567,120,413,high,rejected,0,atm,true,73
app_20250112_00004290,2025-01-12 08:20:43,cust_9209615,AUTR,education_loan,11678,48,406,high,rejected,0,branch,false,146
app_20250112_00004291,2025-01-12 21:57:55,cust_1364377,BENL,refinance,231599,120,672,medium,rejected,0,mobile,true,35
app_20250112_00004292,2025-01-12 06:46:34,cust_6067227,PORP,refinance,63827,300,591,medium,rejected,0,branch,true,93
app_20250112_00004293,2025-01-12 21:10:48,cust_3160725,CZPR,education_loan,10080,60,610,medium,approved,10080,mobile,false,484
app_20250112_00004294,2025-01-12 11:17:55,cust_161232,DEHE,credit_card,17781,12,691,medium,rejected,0,partner,false,123
app_20250112_00004295,2025-01-12 22:13:56,cust_2203068,CHBE,credit_card,20265,48,603,medium,rejected,0,mobile_app,true,22
app_20250112_00004296,2025-01-12 17:37:16,cust_2391542,ITMI,personal_loan,21156,12,691,medium,rejected,0,call_center,false,123
app_20250112_00004297,2025-01-12 00:45:28,cust_7034317,ITMI,mortgage,300667,120,624,medium,approved,300667,mobile_app,false,391
app_20250112_00004298,2025-01-12 06:02:28,cust_8909859,CHBE,education_loan,30379,48,478,high,rejected,0,mobile_app,false,58
app_20250112_00004299,2025-01-12 15:36:44,cust_250787,ESMA,mortgage,332089,240,470,high,approved,332089,mobile,false,786
app_20250112_00004300,2025-01-12 00:49:04,cust_1264543,CZPR,credit_card,6610,18,760,low,approved,6610,call_center,false,785
app_20250112_00004301,2025-01-12 06:31:35,cust_476946,PLWA,business_loan,19921,60,663,medium,rejected,0,branch,false,90
app_20250112_00004302,2025-01-12 12:59:26,cust_7620103,FRID,auto_loan,19236,60,739,low,approved,19236,mobile_app,true,862
app_20250112_00004303,2025-01-12 23:38:34,cust_7681859,ITMI,cash_loan,19703,24,646,medium,approved,19703,call_center,true,348
app_20250112_00004304,2025-01-12 09:08:40,cust_6561869,FRID,personal_loan,18223,36,564,medium,approved,18223,atm,true,702
app_20250112_00004305,2025-01-12 09:44:04,cust_693434,ITMI,business_loan,23046,12,697,medium,approved,23046,branch,false,73
app_20250112_00004306,2025-01-12 23:16:58,cust_3700680,PORP,education_loan,5162,60,838,low,approved,5162,web,true,269
app_20250112_00004307,2025-01-12 15:12:26,cust_986310,PORP,cash_loan,30032,12,528,medium,rejected,0,branch,true,122
app_20250112_00004308,2025-01-12 13:51:22,cust_6064851,FRID,auto_loan,37785,60,602,medium,rejected,0,online_banking,true,139
app_20250112_00004309,2025-01-12 12:55:02,cust_557288,NLAM,business_loan,25602,24,680,medium,rejected,0,partner,true,88
app_20250112_00004310,2025-01-12 08:01:51,cust_3814139,UKLO,education_loan,16659,60,693,medium,approved,16659,web,true,220
app_20250112_00004311,2025-01-12 11:56:02,cust_8693505,PLWA,credit_card,47901,24,740,low,approved,47901,partner,false,392
app_20250112_00004312,2025-01-12 23:28:17,cust_5472493,NLAM,cash_loan,49433,12,719,low,rejected,0,call_center,true,28
app_20250112_00004313,2025-01-12 05:06:51,cust_6992260,CHBE,auto_loan,32761,48,632,medium,approved,32761,branch,false,538
app_20250112_00004314,2025-01-12 01:29:43,cust_423737,CZPR,mortgage,435528,300,831,low,approved,435528,mobile_app,false,845
app_20250112_00004315,2025-01-12 23:34:52,cust_2003580,GRRE,education_loan,32407,36,516,medium,rejected,0,web,true,36
app_20250112_00004316,2025-01-12 14:32:38,cust_2138716,DEHE,business_loan,27366,12,516,medium,approved,27366,partner,true,706
app_20250112_00004317,2025-01-12 11:42:37,cust_1735655,CZPR,credit_card,6086,30,727,low,approved,6086,partner,true,195
app_20250112_00004318,2025-01-12 14:22:34,cust_9063556,BENL,credit_card,23936,48,691,medium,approved,23936,call_center,false,207
app_20250112_00004319,2025-01-12 22:45:05,cust_3620522,CZPR,personal_loan,31190,36,673,medium,approved,31190,atm,true,183
app_20250112_00004320,2025-01-12 02:10:31,cust_5743262,CHBE,personal_loan,47108,48,566,medium,rejected,0,online_banking,false,17
app_20250112_00004321,2025-01-12 07:37:42,cust_3801022,ITMI,personal_loan,1028,30,689,medium,approved,1028,atm,true,49
app_20250112_00004322,2025-01-12 11:28:41,cust_7293221,CZPR,mortgage,187260,300,656,medium,rejected,0,online_banking,true,98
app_20250112_00004323,2025-01-12 09:13:38,cust_7546340,SESV,business_loan,26682,12,640,medium,approved,26682,online_banking,true,345
app_20250112_00004324,2025-01-12 09:43:33,cust_8763476,PLWA,refinance,230254,180,634,medium,rejected,0,call_center,false,160
app_20250112_00004325,2025-01-12 21:59:01,cust_686510,NLAM,personal_loan,9281,24,732,low,approved,9281,partner,false,500
app_20250112_00004326,2025-01-12 23:02:17,cust_1750322,ITMI,personal_loan,48945,48,589,medium,rejected,0,online_banking,true,75
app_20250112_00004327,2025-01-12 19:56:02,cust_9841090,FRID,refinance,347885,180,679,medium,approved,347885,atm,false,153
app_20250112_00004328,2025-01-12 03:24:23,cust_5092773,CHBE,personal_loan,19409,42,834,low,approved,19409,mobile_app,true,315
app_20250112_00004329,2025-01-12 14:12:57,cust_5424846,SESV,cash_loan,24075,18,646,medium,approved,24075,partner,false,262
app_20250112_00004330,2025-01-12 06:48:21,cust_9054917,FRID,education_loan,23647,60,635,medium,approved,23647,web,true,773
app_20250112_00004331,2025-01-12 06:11:35,cust_3117699,GRRE,cash_loan,5481,36,608,medium,approved,5481,online_banking,true,876
app_20250112_00004332,2025-01-12 06:30:34,cust_9362523,SESV,cash_loan,38351,18,632,medium,approved,38351,partner,true,871
app_20250112_00004333,2025-01-12 07:33:37,cust_7441506,UKLO,cash_loan,12148,18,628,medium,approved,12148,web,false,569
app_20250112_00004334,2025-01-12 23:36:05,cust_7149236,PLWA,personal_loan,28664,30,690,medium,approved,28664,atm,true,488
app_20250112_00004335,2025-01-12 12:38:47,cust_3865159,ITMI,credit_card,40005,12,731,low,approved,40005,mobile,true,387
app_20250112_00004336,2025-01-12 12:47:27,cust_1559696,DEHE,auto_loan,44922,36,554,medium,rejected,0,mobile,true,166
app_20250112_00004337,2025-01-12 07:53:43,cust_9304367,FRID,refinance,109426,360,745,low,rejected,0,branch,true,127
app_20250112_00004338,2025-01-12 06:23:33,cust_1393874,GRRE,credit_card,18102,18,774,low,approved,18102,partner,true,100
app_20250112_00004339,2025-01-12 02:37:34,cust_6817232,GRRE,business_loan,37514,60,712,low,approved,37514,mobile_app,false,118
app_20250112_00004340,2025-01-12 06:55:38,cust_7853304,UKLO,education_loan,39109,12,677,medium,approved,39109,partner,false,553
app_20250112_00004341,2025-01-12 19:49:32,cust_1832412,PLWA,personal_loan,16699,42,668,medium,approved,16699,web,false,324
app_20250112_00004342,2025-01-12 00:46:28,cust_715373,GRRE,business_loan,31507,48,609,medium,approved,31507,atm,false,598
app_20250112_00004343,2025-01-12 18:16:56,cust_7485304,DEHE,business_loan,39771,36,613,medium,approved,39771,mobile,true,499
app_20250112_00004344,2025-01-12 23:29:59,cust_8712647,CHBE,education_loan,10683,48,708,low,approved,10683,atm,true,549
app_20250112_00004345,2025-01-12 16:03:44,cust_8640560,UKLO,credit_card,49094,36,618,medium,rejected,0,call_center,true,173
app_20250112_00004346,2025-01-12 13:15:03,cust_3555995,DEHE,mortgage,391751,240,547,medium,rejected,0,branch,false,121
app_20250112_00004347,2025-01-12 22:37:51,cust_3204989,ITMI,auto_loan,49918,24,742,low,approved,49918,online_banking,false,576
app_20250112_00004348,2025-01-12 13:44:37,cust_3347186,SESV,mortgage,304751,180,614,medium,approved,304751,branch,true,192
app_20250112_00004349,2025-01-12 21:10:01,cust_7971456,CHBE,mortgage,187527,120,606,medium,rejected,0,web,true,87
app_20250112_00004350,2025-01-12 09:05:48,cust_2616022,CZPR,refinance,442922,240,716,low,approved,442922,mobile_app,true,677
app_20250112_00004351,2025-01-12 11:32:52,cust_8142679,UKLO,business_loan,8807,48,606,medium,approved,8807,online_banking,true,715
app_20250112_00004352,2025-01-12 00:35:37,cust_8393210,BENL,auto_loan,7442,36,560,medium,rejected,0,branch,false,93
app_20250112_00004353,2025-01-12 01:46:46,cust_8074635,AUTR,auto_loan,41448,24,586,medium,rejected,0,call_center,false,42
app_20250112_00004354,2025-01-12 13:07:31,cust_6148581,PORP,personal_loan,39006,18,683,medium,rejected,0,mobile_app,true,102
app_20250112_00004355,2025-01-12 19:30:26,cust_6662064,ESMA,auto_loan,56938,36,546,medium,approved,56938,branch,true,355
app_20250112_00004356,2025-01-12 04:57:21,cust_8772283,GRRE,auto_loan,38137,24,660,medium,rejected,0,online_banking,false,133
app_20250112_00004357,2025-01-12 16:07:12,cust_8380330,BENL,credit_card,3005,48,678,medium,rejected,0,mobile_app,false,160
app_20250112_00004358,2025-01-12 16:49:30,cust_1932369,PORP,auto_loan,41817,48,770,low,approved,41817,web,false,740
app_20250112_00004359,2025-01-12 08:20:41,cust_4062756,GRRE,personal_loan,40867,36,760,low,approved,40867,branch,true,575
app_20250112_00004360,2025-01-12 12:46:40,cust_5621602,CZPR,auto_loan,52772,72,689,medium,approved,52772,web,false,140
app_20250112_00004361,2025-01-12 05:54:51,cust_2589781,CHBE,cash_loan,9984,24,783,low,approved,9984,web,false,349
app_20250112_00004362,2025-01-12 17:49:28,cust_9153472,ITMI,credit_card,23314,30,590,medium,rejected,0,mobile_app,false,66
app_20250112_00004363,2025-01-12 09:19:46,cust_6504179,UKLO,personal_loan,15960,12,712,low,approved,15960,mobile_app,true,218
app_20250112_00004364,2025-01-12 05:08:44,cust_6725202,BENL,personal_loan,34548,30,690,medium,approved,34548,online_banking,true,689
app_20250112_00004365,2025-01-12 20:47:24,cust_1580106,ATVI,refinance,137528,240,489,high,rejected,0,partner,true,12
app_20250112_00004366,2025-01-12 12:07:53,cust_9071215,CHBE,refinance,479773,360,646,medium,rejected,0,atm,true,99
app_20250112_00004367,2025-01-12 03:15:05,cust_3511226,FRID,auto_loan,37667,36,714,low,approved,37667,branch,true,536
app_20250112_00004368,2025-01-12 01:50:08,cust_8328101,CHBE,credit_card,25821,30,716,low,approved,25821,mobile_app,true,336
app_20250112_00004369,2025-01-12 16:31:30,cust_1908410,PORP,personal_loan,4135,24,463,high,rejected,0,branch,true,134
app_20250112_00004370,2025-01-12 22:03:45,cust_9362907,AUTR,refinance,427847,180,724,low,approved,427847,web,true,81
app_20250112_00004371,2025-01-12 07:45:28,cust_468016,CHBE,auto_loan,28600,48,758,low,approved,28600,partner,false,405
app_20250112_00004372,2025-01-12 18:05:00,cust_9930510,FRID,business_loan,19737,12,752,low,approved,19737,partner,true,785
app_20250112_00004373,2025-01-12 07:27:55,cust_6335384,ITMI,credit_card,19618,36,704,low,approved,19618,web,false,240
app_20250112_00004374,2025-01-12 04:51:30,cust_9284485,ATVI,refinance,55838,360,763,low,approved,55838,partner,false,647
app_20250112_00004375,2025-01-12 12:08:00,cust_4733311,PLWA,cash_loan,8002,48,615,medium,approved,8002,partner,true,681
app_20250112_00004376,2025-01-12 22:34:39,cust_8010052,DEHE,credit_card,26932,42,729,low,approved,26932,branch,false,715
app_20250112_00004377,2025-01-12 10:36:18,cust_5093082,PORP,refinance,299825,360,727,low,approved,299825,mobile,false,241
app_20250112_00004378,2025-01-12 15:31:58,cust_2780917,PLWA,credit_card,6143,12,645,medium,approved,6143,atm,true,612
app_20250112_00004379,2025-01-12 09:56:00,cust_7225355,ESMA,personal_loan,6860,24,687,medium,approved,6860,atm,false,343
app_20250112_00004380,2025-01-12 15:37:37,cust_3752000,AUTR,mortgage,243868,240,553,medium,rejected,0,mobile,true,168
app_20250112_00004381,2025-01-12 17:51:54,cust_448368,SESV,credit_card,20671,30,701,low,approved,20671,web,true,790
app_20250112_00004382,2025-01-12 04:47:33,cust_4870908,SESV,education_loan,24778,24,651,medium,rejected,0,online_banking,false,35
app_20250112_00004383,2025-01-12 04:07:27,cust_496986,AUTR,business_loan,4598,12,646,medium,approved,4598,mobile,false,597
app_20250112_00004384,2025-01-12 01:08:34,cust_8476480,PORP,refinance,170724,360,666,medium,approved,170724,mobile,false,310
app_20250112_00004385,2025-01-12 08:50:06,cust_8143902,ITMI,mortgage,144671,120,678,medium,approved,144671,mobile,true,104
app_20250112_00004386,2025-01-12 14:08:51,cust_9599746,AUTR,refinance,428163,360,663,medium,approved,428163,branch,true,139
app_20250112_00004387,2025-01-12 14:45:09,cust_5837288,NLAM,auto_loan,51871,36,617,medium,approved,51871,call_center,true,470
app_20250112_00004388,2025-01-12 14:19:27,cust_310952,FRID,mortgage,470806,180,617,medium,rejected,0,mobile_app,true,7
app_20250112_00004389,2025-01-12 03:04:54,cust_6363418,FRID,cash_loan,20961,24,662,medium,approved,20961,atm,true,169
app_20250112_00004390,2025-01-12 01:40:17,cust_7831328,DEHE,auto_loan,31056,72,495,high,approved,31056,online_banking,false,606
app_20250112_00004391,2025-01-12 02:16:43,cust_5862704,AUTR,personal_loan,14859,30,711,low,approved,14859,web,false,522
app_20250112_00004392,2025-01-12 22:32:23,cust_6709146,CHBE,auto_loan,24083,72,755,low,approved,24083,partner,true,307
app_20250112_00004393,2025-01-12 01:17:47,cust_9408994,SESV,credit_card,42818,24,751,low,approved,42818,atm,true,127
app_20250112_00004394,2025-01-12 17:09:09,cust_9573872,DEHE,business_loan,23837,60,444,high,rejected,0,call_center,false,150
app_20250112_00004395,2025-01-12 06:32:49,cust_8648909,SESV,auto_loan,35461,24,636,medium,approved,35461,partner,true,857
app_20250112_00004396,2025-01-12 23:11:30,cust_9133904,CHBE,auto_loan,56306,24,835,low,approved,56306,call_center,false,346
app_20250112_00004397,2025-01-12 09:17:23,cust_2735452,AUTR,mortgage,257372,360,675,medium,approved,257372,branch,true,549
app_20250112_00004398,2025-01-12 18:42:23,cust_8315740,CZPR,mortgage,377787,360,819,low,approved,377787,online_banking,true,599
app_20250112_00004399,2025-01-12 10:41:30,cust_9224309,ESMA,cash_loan,9665,24,594,medium,approved,9665,online_banking,false,340
app_20250112_00004400,2025-01-12 20:16:09,cust_273628,ITMI,cash_loan,41072,12,795,low,rejected,0,partner,false,70
app_20250112_00004401,2025-01-12 17:20:52,cust_1315893,PLWA,credit_card,5345,36,637,medium,rejected,0,call_center,true,67
app_20250112_00004402,2025-01-12 18:41:54,cust_2517556,ESMA,credit_card,3348,30,827,low,approved,3348,mobile_app,true,433
app_20250112_00004403,2025-01-12 20:52:28,cust_9597617,CHBE,education_loan,29844,60,499,high,rejected,0,call_center,false,10
app_20250112_00004404,2025-01-12 12:06:15,cust_3636719,PLWA,mortgage,168509,300,547,medium,approved,168509,atm,true,695
app_20250112_00004405,2025-01-12 22:17:30,cust_230083,AUTR,business_loan,21662,60,547,medium,approved,21662,mobile_app,false,244
app_20250112_00004406,2025-01-12 05:49:19,cust_8144385,CZPR,auto_loan,54632,48,549,medium,rejected,0,call_center,false,128
app_20250112_00004407,2025-01-12 01:19:35,cust_4208979,ESMA,credit_card,1120,12,574,medium,approved,1120,online_banking,true,47
app_20250112_00004408,2025-01-12 08:45:20,cust_8494568,CZPR,personal_loan,45238,30,692,medium,approved,45238,call_center,false,468
app_20250112_00004409,2025-01-12 08:46:06,cust_5104770,GRRE,refinance,212136,360,716,low,approved,212136,mobile,false,787
app_20250112_00004410,2025-01-12 19:53:29,cust_5607716,PORP,credit_card,4024,42,531,medium,rejected,0,mobile_app,false,22
app_20250112_00004411,2025-01-12 10:06:08,cust_5104838,AUTR,education_loan,18495,12,649,medium,rejected,0,mobile,false,158
app_20250112_00004412,2025-01-12 09:52:44,cust_5390933,BENL,refinance,184827,300,607,medium,approved,184827,web,true,827
app_20250112_00004413,2025-01-12 06:27:40,cust_3560069,ITMI,mortgage,333088,240,668,medium,approved,333088,call_center,true,857
app_20250112_00004414,2025-01-12 07:28:10,cust_1294949,PLWA,personal_loan,41947,42,565,medium,rejected,0,atm,true,28
app_20250112_00004415,2025-01-12 11:06:17,cust_2533228,CZPR,auto_loan,18646,60,783,low,approved,18646,online_banking,true,716
app_20250112_00004416,2025-01-12 21:25:44,cust_3022567,AUTR,education_loan,28795,36,461,high,rejected,0,mobile,false,70
app_20250112_00004417,2025-01-12 21:14:36,cust_4516899,ESMA,business_loan,4715,12,569,medium,approved,4715,mobile,false,817
app_20250112_00004418,2025-01-12 07:35:46,cust_6577442,ITMI,personal_loan,10488,18,666,medium,approved,10488,atm,true,107
app_20250112_00004419,2025-01-12 11:55:23,cust_8464479,UKLO,auto_loan,8491,24,602,medium,approved,8491,atm,false,700
app_20250112_00004420,2025-01-12 22:17:02,cust_1118727,CHBE,cash_loan,38024,48,619,medium,approved,38024,atm,false,274
app_20250112_00004421,2025-01-12 01:40:50,cust_4042417,GRRE,credit_card,26544,24,634,medium,approved,26544,online_banking,true,78
app_20250112_00004422,2025-01-12 22:21:19,cust_3516123,DEHE,auto_loan,14368,24,723,low,approved,14368,call_center,false,875
app_20250112_00004423,2025-01-12 07:58:27,cust_5402984,FRID,credit_card,14093,24,431,high,rejected,0,mobile,false,35
app_20250112_00004424,2025-01-12 06:48:33,cust_9748605,SESV,business_loan,8555,36,774,low,approved,8555,partner,false,854
app_20250112_00004425,2025-01-12 18:16:05,cust_9288675,SESV,refinance,334405,300,593,medium,approved,334405,mobile,true,788
app_20250112_00004426,2025-01-12 17:50:18,cust_1344101,NLAM,personal_loan,32536,30,850,low,approved,32536,atm,true,504
app_20250112_00004427,2025-01-12 19:59:35,cust_4735045,GRRE,auto_loan,51015,72,682,medium,approved,51015,mobile_app,false,195
app_20250112_00004428,2025-01-12 21:42:24,cust_9153730,PLWA,personal_loan,1155,18,767,low,approved,1155,online_banking,true,89
app_20250112_00004429,2025-01-12 18:50:38,cust_3399661,UKLO,credit_card,3077,18,503,medium,rejected,0,partner,false,78
app_20250112_00004430,2025-01-12 15:17:50,cust_1265808,SESV,credit_card,48789,42,767,low,approved,48789,branch,false,489
app_20250112_00004431,2025-01-12 20:14:30,cust_6067517,GRRE,business_loan,17605,12,699,medium,rejected,0,call_center,false,55
app_20250112_00004432,2025-01-12 08:41:34,cust_4939526,CHBE,cash_loan,12850,42,850,low,approved,12850,web,false,39
app_20250112_00004433,2025-01-12 15:38:14,cust_9396857,CHBE,business_loan,29958,60,542,medium,rejected,0,branch,true,96
app_20250112_00004434,2025-01-12 10:14:08,cust_1947819,ESMA,education_loan,12439,48,708,low,approved,12439,atm,false,114
app_20250112_00004435,2025-01-12 02:18:56,cust_6944946,FRID,business_loan,15628,24,722,low,approved,15628,branch,false,620
app_20250112_00004436,2025-01-12 11:12:22,cust_3571455,ATVI,education_loan,33297,48,678,medium,approved,33297,branch,false,110
app_20250112_00004437,2025-01-12 21:01:13,cust_5019319,ESMA,refinance,424138,300,530,medium,rejected,0,mobile,true,73
app_20250112_00004438,2025-01-12 19:05:00,cust_6948121,CZPR,auto_loan,19300,72,637,medium,rejected,0,online_banking,true,36
app_20250112_00004439,2025-01-12 22:17:17,cust_6393763,ATVI,business_loan,13063,12,748,low,approved,13063,partner,false,287
app_20250112_00004440,2025-01-12 06:29:54,cust_4523010,NLAM,cash_loan,37342,48,633,medium,rejected,0,online_banking,true,162
app_20250112_00004441,2025-01-12 10:22:40,cust_1614437,CHBE,personal_loan,5415,12,662,medium,approved,5415,web,true,491
app_20250112_00004442,2025-01-12 20:13:55,cust_1895237,NLAM,cash_loan,49985,36,776,low,approved,49985,mobile_app,true,191
app_20250112_00004443,2025-01-12 08:11:39,cust_8521576,CZPR,personal_loan,5120,30,766,low,approved,5120,online_banking,false,72
app_20250112_00004444,2025-01-12 13:21:26,cust_8646235,BENL,personal_loan,31750,24,457,high,rejected,0,call_center,false,101
app_20250112_00004445,2025-01-12 11:03:07,cust_5403368,DEHE,business_loan,3897,36,658,medium,rejected,0,mobile_app,false,154
app_20250112_00004446,2025-01-12 05:31:39,cust_4201673,DEHE,auto_loan,18826,36,765,low,rejected,0,call_center,false,176
app_20250112_00004447,2025-01-12 18:10:31,cust_4403360,AUTR,cash_loan,4305,48,705,low,approved,4305,web,true,146
app_20250112_00004448,2025-01-12 00:33:23,cust_9637858,CHBE,auto_loan,52676,72,669,medium,rejected,0,mobile_app,true,36
app_20250112_00004449,2025-01-12 23:27:42,cust_2725882,ITMI,refinance,420133,180,671,medium,approved,420133,mobile_app,true,812
app_20250112_00004450,2025-01-12 09:13:52,cust_2918966,PORP,business_loan,33593,60,625,medium,approved,33593,branch,false,400
app_20250112_00004451,2025-01-12 08:23:33,cust_2932997,NLAM,business_loan,39481,60,456,high,approved,39481,atm,true,313
app_20250112_00004452,2025-01-12 09:11:02,cust_4869735,ESMA,refinance,100323,360,590,medium,rejected,0,partner,false,108
app_20250112_00004453,2025-01-12 01:01:48,cust_3264450,AUTR,mortgage,496640,300,547,medium,approved,496640,atm,false,249
app_20250112_00004454,2025-01-12 14:26:01,cust_5390428,ITMI,auto_loan,13316,24,623,medium,approved,13316,atm,true,220
app_20250112_00004455,2025-01-12 02:10:09,cust_9424994,UKLO,cash_loan,27075,18,850,low,approved,27075,online_banking,true,95
app_20250112_00004456,2025-01-12 07:34:06,cust_2316088,AUTR,auto_loan,48442,48,652,medium,approved,48442,web,true,704
app_20250112_00004457,2025-01-12 21:51:57,cust_7393576,PLWA,education_loan,32889,24,732,low,approved,32889,mobile_app,true,393
app_20250112_00004458,2025-01-12 21:15:38,cust_9282702,AUTR,refinance,495196,300,695,medium,approved,495196,partner,false,661
app_20250112_00004459,2025-01-12 05:25:14,cust_862904,CZPR,cash_loan,49978,30,635,medium,approved,49978,atm,false,340
app_20250112_00004460,2025-01-12 23:26:29,cust_2278744,UKLO,education_loan,25744,36,732,low,approved,25744,call_center,false,79
app_20250112_00004461,2025-01-12 18:51:23,cust_9682650,ESMA,business_loan,19987,12,736,low,approved,19987,mobile_app,true,639
app_20250112_00004462,2025-01-12 22:25:08,cust_6814100,ATVI,refinance,267629,360,506,medium,approved,267629,branch,true,620
app_20250112_00004463,2025-01-12 10:57:37,cust_7222125,AUTR,business_loan,11819,48,850,low,approved,11819,web,true,149
app_20250112_00004464,2025-01-12 12:18:15,cust_3966203,GRRE,mortgage,418225,240,587,medium,rejected,0,mobile,false,180
app_20250112_00004465,2025-01-12 02:53:12,cust_9868893,PLWA,education_loan,21041,36,660,medium,approved,21041,call_center,false,289
app_20250112_00004466,2025-01-12 10:51:12,cust_916827,CZPR,refinance,445489,120,709,low,approved,445489,online_banking,false,431
app_20250112_00004467,2025-01-12 06:15:36,cust_3638002,DEHE,education_loan,17852,48,540,medium,rejected,0,partner,true,80
app_20250112_00004468,2025-01-12 00:30:57,cust_5505457,PLWA,credit_card,38904,36,709,low,approved,38904,web,false,405
app_20250112_00004469,2025-01-12 15:12:47,cust_8980729,DEHE,personal_loan,23098,36,591,medium,rejected,0,atm,true,178
app_20250112_00004470,2025-01-12 22:01:03,cust_3384206,UKLO,refinance,97231,180,681,medium,rejected,0,atm,true,173
app_20250112_00004471,2025-01-12 03:08:29,cust_6804645,FRID,refinance,294189,240,514,medium,rejected,0,branch,true,104
app_20250112_00004472,2025-01-12 11:28:39,cust_7835389,PLWA,education_loan,10296,36,739,low,approved,10296,web,true,850
app_20250112_00004473,2025-01-12 21:38:06,cust_1688455,DEHE,refinance,250722,240,694,medium,approved,250722,web,true,247
app_20250112_00004474,2025-01-12 23:19:05,cust_2737831,GRRE,auto_loan,11079,60,815,low,approved,11079,web,true,394
app_20250112_00004475,2025-01-12 14:39:09,cust_5155366,FRID,auto_loan,31590,24,730,low,approved,31590,partner,false,96
app_20250112_00004476,2025-01-12 10:44:15,cust_6325606,PLWA,personal_loan,44236,18,755,low,approved,44236,mobile,true,851
app_20250112_00004477,2025-01-12 17:49:30,cust_6731251,ITMI,auto_loan,51453,72,518,medium,approved,51453,partner,false,140
app_20250112_00004478,2025-01-12 15:35:12,cust_886516,UKLO,business_loan,23900,12,639,medium,approved,23900,call_center,true,854
app_20250112_00004479,2025-01-12 18:34:56,cust_5400799,CZPR,refinance,393673,120,767,low,approved,393673,web,true,333
app_20250112_00004480,2025-01-12 05:41:13,cust_5898785,SESV,cash_loan,43802,18,658,medium,approved,43802,mobile_app,true,182
app_20250112_00004481,2025-01-12 16:11:05,cust_5588558,GRRE,education_loan,3345,12,489,high,rejected,0,partner,false,36
app_20250112_00004482,2025-01-12 14:32:21,cust_1857148,AUTR,education_loan,30063,36,751,low,rejected,0,web,false,135
app_20250112_00004483,2025-01-12 06:57:10,cust_9707968,ITMI,education_loan,17239,12,546,medium,rejected,0,atm,false,61
app_20250112_00004484,2025-01-12 17:43:14,cust_4431481,CHBE,credit_card,2937,48,616,medium,approved,2937,call_center,false,128
app_20250112_00004485,2025-01-12 23:48:22,cust_862105,ITMI,auto_loan,20620,72,555,medium,approved,20620,mobile,false,557
app_20250112_00004486,2025-01-12 08:04:52,cust_8619669,BENL,business_loan,19585,60,666,medium,approved,19585,mobile,true,205
app_20250112_00004487,2025-01-12 05:24:04,cust_6216609,CHBE,credit_card,17053,18,712,low,approved,17053,online_banking,true,200
app_20250112_00004488,2025-01-12 15:28:42,cust_4362504,NLAM,business_loan,30309,12,850,low,approved,30309,atm,true,557
app_20250112_00004489,2025-01-12 09:42:42,cust_7080512,SESV,credit_card,21504,12,743,low,approved,21504,atm,true,551
app_20250112_00004490,2025-01-12 02:01:34,cust_3902126,ATVI,education_loan,34613,48,529,medium,rejected,0,web,true,12
app_20250112_00004491,2025-01-12 12:17:05,cust_1674165,ITMI,education_loan,30359,48,738,low,approved,30359,branch,true,157
app_20250112_00004492,2025-01-12 03:10:06,cust_7032768,CHBE,credit_card,10471,48,649,medium,approved,10471,branch,true,546
app_20250112_00004493,2025-01-12 16:36:19,cust_5556779,PORP,education_loan,3811,24,668,medium,rejected,0,online_banking,false,45
app_20250112_00004494,2025-01-12 03:34:21,cust_9926955,BENL,personal_loan,31446,42,734,low,rejected,0,mobile,true,81
app_20250112_00004495,2025-01-12 15:53:00,cust_1845119,CZPR,cash_loan,20667,48,553,medium,rejected,0,online_banking,true,32
app_20250112_00004496,2025-01-12 16:09:03,cust_3195589,NLAM,mortgage,125887,360,677,medium,approved,125887,web,true,160
app_20250112_00004497,2025-01-12 15:49:11,cust_6565009,PLWA,personal_loan,48364,48,681,medium,approved,48364,atm,false,857
app_20250112_00004498,2025-01-12 04:52:19,cust_3038436,FRID,business_loan,34752,60,579,medium,approved,34752,atm,true,668
app_20250112_00004499,2025-01-12 13:30:54,cust_2342569,PLWA,business_loan,3924,60,566,medium,approved,3924,partner,false,562
app_20250112_00004500,2025-01-12 13:48:25,cust_8993610,SESV,personal_loan,47064,24,738,low,approved,47064,web,false,491
app_20250112_00004501,2025-01-12 07:43:23,cust_8599250,PORP,education_loan,21420,60,606,medium,approved,21420,branch,true,778
app_20250112_00004502,2025-01-12 17:14:58,cust_303472,CHBE,auto_loan,37538,48,591,medium,approved,37538,web,false,462
app_20250112_00004503,2025-01-12 23:58:57,cust_165660,DEHE,personal_loan,42976,18,752,low,approved,42976,mobile,true,823
app_20250112_00004504,2025-01-12 04:18:52,cust_1271952,PLWA,auto_loan,27758,24,536,medium,rejected,0,atm,true,50
app_20250112_00004505,2025-01-12 01:40:03,cust_5137679,FRID,business_loan,13326,12,811,low,approved,13326,atm,true,351
app_20250112_00004506,2025-01-12 19:17:45,cust_8695708,ITMI,refinance,162207,180,575,medium,rejected,0,atm,false,58
app_20250112_00004507,2025-01-12 23:35:15,cust_9530372,ITMI,education_loan,33009,24,715,low,approved,33009,mobile_app,false,847
app_20250112_00004508,2025-01-12 05:49:43,cust_4079444,BENL,mortgage,309026,180,794,low,approved,309026,web,false,593
app_20250112_00004509,2025-01-12 02:40:21,cust_6300536,PORP,refinance,400226,180,689,medium,approved,400226,branch,true,509
app_20250112_00004510,2025-01-12 19:31:04,cust_4235744,NLAM,refinance,112076,300,758,low,approved,112076,partner,false,282
app_20250112_00004511,2025-01-12 21:33:26,cust_6928738,NLAM,cash_loan,47078,36,760,low,approved,47078,mobile_app,false,635
app_20250112_00004512,2025-01-12 23:38:26,cust_6796216,PLWA,mortgage,449827,120,423,high,rejected,0,mobile_app,true,175
app_20250112_00004513,2025-01-12 12:21:09,cust_4774300,BENL,auto_loan,54564,36,633,medium,approved,54564,mobile_app,true,101
app_20250112_00004514,2025-01-12 16:24:10,cust_3583130,ITMI,auto_loan,32401,60,825,low,approved,32401,online_banking,false,805
app_20250112_00004515,2025-01-12 09:08:16,cust_6118058,ATVI,cash_loan,49822,48,543,medium,rejected,0,mobile,false,69
app_20250112_00004516,2025-01-12 16:50:20,cust_6354574,SESV,credit_card,10583,42,759,low,rejected,0,atm,true,89
app_20250112_00004517,2025-01-12 22:19:01,cust_1401403,PORP,mortgage,152675,300,657,medium,rejected,0,mobile_app,true,57
app_20250112_00004518,2025-01-12 15:14:17,cust_9761993,CZPR,mortgage,125721,120,634,medium,rejected,0,call_center,false,39
app_20250112_00004519,2025-01-12 03:07:09,cust_1532770,BENL,education_loan,20470,12,774,low,approved,20470,online_banking,false,218
app_20250112_00004520,2025-01-12 06:31:20,cust_981357,AUTR,cash_loan,49003,30,549,medium,approved,49003,partner,false,637
app_20250112_00004521,2025-01-12 11:34:52,cust_4511780,AUTR,education_loan,23241,60,535,medium,approved,23241,atm,true,577
app_20250112_00004522,2025-01-12 02:33:16,cust_7267764,PLWA,auto_loan,51380,36,523,medium,rejected,0,branch,true,22
app_20250112_00004523,2025-01-12 06:33:58,cust_4548673,NLAM,cash_loan,46091,42,617,medium,approved,46091,mobile_app,true,132
app_20250112_00004524,2025-01-12 13:17:24,cust_9327421,PORP,credit_card,5479,30,515,medium,rejected,0,mobile_app,false,160
app_20250112_00004525,2025-01-12 05:17:42,cust_4592451,BENL,credit_card,43527,30,656,medium,approved,43527,web,true,340
app_20250112_00004526,2025-01-12 21:25:29,cust_8911181,ITMI,refinance,125243,180,471,high,rejected,0,atm,true,60
app_20250112_00004527,2025-01-12 14:29:43,cust_4626031,CHBE,business_loan,27826,48,704,low,approved,27826,web,true,240
app_20250112_00004528,2025-01-12 06:14:31,cust_1570927,UKLO,auto_loan,51321,60,637,medium,approved,51321,mobile_app,true,142
app_20250112_00004529,2025-01-12 12:21:00,cust_2071019,PORP,refinance,142792,180,426,high,rejected,0,online_banking,false,93
app_20250112_00004530,2025-01-12 07:30:00,cust_3702602,CHBE,business_loan,33169,48,702,low,approved,33169,atm,true,775
app_20250112_00004531,2025-01-12 15:44:04,cust_9733705,UKLO,auto_loan,53696,24,628,medium,approved,53696,call_center,true,841
app_20250112_00004532,2025-01-12 02:43:27,cust_9481314,GRRE,mortgage,297800,120,595,medium,rejected,0,branch,false,176
app_20250112_00004533,2025-01-12 02:33:40,cust_7389194,FRID,mortgage,103713,240,643,medium,approved,103713,branch,false,530
app_20250112_00004534,2025-01-12 23:03:00,cust_6663066,CZPR,mortgage,205461,240,671,medium,rejected,0,online_banking,false,102
app_20250112_00004535,2025-01-12 04:35:43,cust_3774502,BENL,personal_loan,8756,36,647,medium,rejected,0,partner,true,60
app_20250112_00004536,2025-01-12 04:47:21,cust_7324292,FRID,personal_loan,15816,30,509,medium,rejected,0,call_center,true,84
app_20250112_00004537,2025-01-12 12:19:15,cust_1887799,SESV,business_loan,5284,60,626,medium,rejected,0,mobile_app,true,27
app_20250112_00004538,2025-01-12 09:00:27,cust_3660478,BENL,auto_loan,46923,36,534,medium,rejected,0,partner,true,60
app_20250112_00004539,2025-01-12 22:28:38,cust_7614949,ITMI,personal_loan,37008,12,553,medium,approved,37008,call_center,false,555
app_20250112_00004540,2025-01-12 17:07:55,cust_9368581,UKLO,cash_loan,44858,48,597,medium,approved,44858,call_center,false,544
app_20250112_00004541,2025-01-12 08:31:48,cust_9747424,FRID,credit_card,6388,18,539,medium,approved,6388,mobile_app,false,450
app_20250112_00004542,2025-01-12 00:40:06,cust_3497158,SESV,business_loan,20091,48,575,medium,rejected,0,atm,false,56
app_20250112_00004543,2025-01-12 16:48:09,cust_6509568,DEHE,cash_loan,18315,18,847,low,approved,18315,branch,true,580
app_20250112_00004544,2025-01-12 19:46:03,cust_747602,BENL,credit_card,24069,24,634,medium,rejected,0,call_center,false,87
app_20250112_00004545,2025-01-12 05:25:55,cust_9448559,AUTR,business_loan,20014,48,778,low,approved,20014,call_center,true,665
app_20250112_00004546,2025-01-12 04:35:26,cust_8261330,CZPR,credit_card,23551,24,480,high,rejected,0,branch,true,89
app_20250112_00004547,2025-01-12 17:30:24,cust_6412739,NLAM,education_loan,20162,60,751,low,approved,20162,partner,false,706
app_20250112_00004548,2025-01-12 19:41:24,cust_1005139,CZPR,refinance,473334,300,711,low,approved,473334,branch,true,619
app_20250112_00004549,2025-01-12 16:20:37,cust_9817679,NLAM,personal_loan,30776,48,794,low,approved,30776,mobile,false,71
app_20250112_00004550,2025-01-12 20:51:28,cust_5496960,CZPR,cash_loan,26296,42,633,medium,approved,26296,call_center,false,120
app_20250112_00004551,2025-01-12 15:37:48,cust_5422506,ATVI,refinance,67494,180,783,low,approved,67494,mobile,true,741
app_20250112_00004552,2025-01-12 09:37:32,cust_6283446,ESMA,education_loan,22135,24,733,low,approved,22135,mobile,true,529
app_20250112_00004553,2025-01-12 21:17:50,cust_4143198,UKLO,cash_loan,14715,48,777,low,approved,14715,partner,true,651
app_20250112_00004554,2025-01-12 16:30:11,cust_5040528,ESMA,education_loan,35672,24,836,low,rejected,0,online_banking,false,40
app_20250112_00004555,2025-01-12 02:39:21,cust_7477673,AUTR,personal_loan,49354,24,669,medium,approved,49354,call_center,true,372
app_20250112_00004556,2025-01-12 05:48:27,cust_3527423,GRRE,credit_card,21749,18,675,medium,approved,21749,web,true,367
app_20250112_00004557,2025-01-12 14:06:06,cust_4403242,CZPR,mortgage,166135,120,562,medium,approved,166135,online_banking,false,215
app_20250112_00004558,2025-01-12 14:04:45,cust_6715342,DEHE,education_loan,19800,60,770,low,approved,19800,online_banking,false,450
app_20250112_00004559,2025-01-12 11:27:25,cust_2746034,PLWA,education_loan,8594,24,472,high,rejected,0,mobile_app,false,58
app_20250112_00004560,2025-01-12 12:12:07,cust_9432818,UKLO,mortgage,477795,120,599,medium,rejected,0,online_banking,false,60
app_20250112_00004561,2025-01-12 06:42:22,cust_6104858,FRID,mortgage,328025,300,655,medium,approved,328025,online_banking,true,782
app_20250112_00004562,2025-01-12 01:44:01,cust_666575,NLAM,credit_card,38156,42,588,medium,rejected,0,atm,false,34
app_20250112_00004563,2025-01-12 07:26:13,cust_3924502,CHBE,cash_loan,33888,36,688,medium,approved,33888,web,false,65
app_20250112_00004564,2025-01-12 05:13:24,cust_2215099,PORP,mortgage,468822,240,560,medium,rejected,0,mobile,false,57
app_20250112_00004565,2025-01-12 11:52:36,cust_9554115,AUTR,education_loan,12348,12,649,medium,approved,12348,mobile_app,true,90
app_20250112_00004566,2025-01-12 19:53:23,cust_1311418,UKLO,education_loan,6517,12,715,low,approved,6517,mobile,false,325
app_20250112_00004567,2025-01-12 19:17:28,cust_1222740,PORP,personal_loan,6222,12,666,medium,rejected,0,call_center,true,164
app_20250112_00004568,2025-01-12 23:35:32,cust_9060470,AUTR,mortgage,61861,360,696,medium,approved,61861,call_center,true,814
app_20250112_00004569,2025-01-12 16:28:02,cust_1103421,AUTR,refinance,316043,120,833,low,approved,316043,online_banking,false,726
app_20250112_00004570,2025-01-12 09:13:34,cust_5520529,SESV,mortgage,63997,120,677,medium,approved,63997,mobile,false,310
app_20250112_00004571,2025-01-12 09:53:56,cust_5629226,GRRE,refinance,84655,300,808,low,rejected,0,partner,false,111
app_20250112_00004572,2025-01-12 03:34:09,cust_2090739,ITMI,mortgage,406061,120,524,medium,rejected,0,atm,true,39
app_20250112_00004573,2025-01-12 14:23:22,cust_1924559,ITMI,refinance,460057,120,521,medium,approved,460057,atm,false,484
app_20250112_00004574,2025-01-12 03:05:53,cust_5246305,PORP,business_loan,33170,60,689,medium,approved,33170,mobile_app,true,352
app_20250112_00004575,2025-01-12 20:11:32,cust_9965073,PLWA,cash_loan,7332,18,735,low,approved,7332,atm,false,769
app_20250112_00004576,2025-01-12 20:57:57,cust_2643183,NLAM,auto_loan,46938,72,629,medium,approved,46938,partner,true,867
app_20250112_00004577,2025-01-12 03:50:37,cust_2259543,UKLO,education_loan,14331,12,676,medium,rejected,0,atm,false,17
app_20250112_00004578,2025-01-12 04:12:58,cust_5111808,BENL,personal_loan,39598,12,601,medium,rejected,0,call_center,false,45
app_20250112_00004579,2025-01-12 08:51:53,cust_3180820,PLWA,cash_loan,2191,18,606,medium,approved,2191,partner,false,864
app_20250112_00004580,2025-01-12 05:49:02,cust_7829268,FRID,refinance,410777,360,779,low,approved,410777,atm,false,134
app_20250112_00004581,2025-01-12 13:38:29,cust_3940560,ITMI,cash_loan,39155,24,645,medium,rejected,0,branch,true,67
app_20250112_00004582,2025-01-12 08:52:36,cust_9102358,NLAM,personal_loan,36363,30,544,medium,approved,36363,online_banking,false,733
app_20250112_00004583,2025-01-12 02:32:56,cust_5052897,ATVI,business_loan,19326,12,662,medium,approved,19326,mobile_app,false,430
app_20250112_00004584,2025-01-12 10:40:20,cust_1552521,ITMI,mortgage,477770,300,634,medium,rejected,0,call_center,true,66
app_20250112_00004585,2025-01-12 03:32:39,cust_9375787,PLWA,mortgage,451331,360,619,medium,rejected,0,online_banking,true,151
app_20250112_00004586,2025-01-12 11:44:58,cust_6447695,CHBE,personal_loan,3364,24,537,medium,rejected,0,call_center,false,6
app_20250112_00004587,2025-01-12 14:15:07,cust_8640939,CZPR,mortgage,313705,360,661,medium,approved,313705,mobile_app,true,216
app_20250112_00004588,2025-01-12 15:14:32,cust_7388715,ATVI,personal_loan,45263,24,528,medium,approved,45263,branch,true,154
app_20250112_00004589,2025-01-12 23:10:16,cust_4597584,BENL,personal_loan,23115,18,825,low,approved,23115,web,true,57
app_20250112_00004590,2025-01-12 17:13:35,cust_2061374,CZPR,business_loan,19977,48,512,medium,approved,19977,online_banking,false,339
app_20250112_00004591,2025-01-12 04:09:46,cust_654283,CZPR,cash_loan,48403,30,395,high,rejected,0,mobile_app,false,30
app_20250112_00004592,2025-01-12 03:03:20,cust_5699705,CHBE,credit_card,16544,36,648,medium,approved,16544,call_center,true,180
app_20250112_00004593,2025-01-12 20:26:00,cust_1351277,PLWA,cash_loan,6341,42,627,medium,approved,6341,partner,false,790
app_20250112_00004594,2025-01-12 15:57:45,cust_8608222,SESV,personal_loan,45273,42,652,medium,approved,45273,atm,true,720
app_20250112_00004595,2025-01-12 01:04:45,cust_7584309,BENL,credit_card,37850,12,775,low,approved,37850,mobile_app,false,152
app_20250112_00004596,2025-01-12 23:59:53,cust_1150930,NLAM,education_loan,7742,36,569,medium,approved,7742,call_center,false,233
app_20250112_00004597,2025-01-12 22:22:49,cust_8053897,BENL,business_loan,33465,60,580,medium,rejected,0,branch,false,116
app_20250112_00004598,2025-01-12 03:37:44,cust_5353346,BENL,education_loan,38905,48,448,high,approved,38905,atm,true,512
app_20250112_00004599,2025-01-12 07:29:25,cust_9958159,BENL,education_loan,15466,12,637,medium,approved,15466,mobile,false,491
app_20250112_00004600,2025-01-12 00:54:01,cust_4866471,UKLO,personal_loan,20773,36,622,medium,rejected,0,web,false,180
app_20250112_00004601,2025-01-12 04:28:21,cust_7188336,AUTR,auto_loan,31433,36,448,high,rejected,0,branch,true,36
app_20250112_00004602,2025-01-12 20:56:56,cust_3055684,SESV,auto_loan,5975,48,702,low,approved,5975,call_center,false,733
app_20250112_00004603,2025-01-12 22:57:31,cust_8175911,ESMA,credit_card,40311,36,581,medium,approved,40311,call_center,false,693
app_20250112_00004604,2025-01-12 01:03:59,cust_3440871,CZPR,personal_loan,14837,24,784,low,approved,14837,web,true,873
app_20250112_00004605,2025-01-12 18:06:53,cust_8533379,SESV,education_loan,32084,24,568,medium,rejected,0,online_banking,false,34
app_20250112_00004606,2025-01-12 21:35:21,cust_4915639,DEHE,refinance,224294,240,660,medium,approved,224294,mobile,false,538
app_20250112_00004607,2025-01-12 00:35:46,cust_2049353,AUTR,cash_loan,48217,18,617,medium,approved,48217,web,true,297
app_20250112_00004608,2025-01-12 17:34:38,cust_4486381,FRID,education_loan,27001,48,575,medium,approved,27001,atm,true,439
app_20250112_00004609,2025-01-12 14:36:40,cust_6481798,UKLO,auto_loan,31124,72,830,low,approved,31124,branch,false,183
app_20250112_00004610,2025-01-12 10:02:10,cust_5829064,AUTR,personal_loan,20220,24,678,medium,rejected,0,atm,false,129
app_20250112_00004611,2025-01-12 16:56:58,cust_3605389,FRID,education_loan,3208,48,688,medium,approved,3208,atm,false,417
app_20250112_00004612,2025-01-12 00:45:41,cust_8376637,GRRE,personal_loan,3287,12,736,low,approved,3287,mobile,false,68
app_20250112_00004613,2025-01-12 08:01:29,cust_9899392,GRRE,personal_loan,29009,24,757,low,approved,29009,web,false,611
app_20250112_00004614,2025-01-12 11:22:31,cust_4723194,AUTR,cash_loan,22220,12,621,medium,approved,22220,mobile,false,246
app_20250112_00004615,2025-01-12 14:03:08,cust_534948,BENL,auto_loan,19066,60,628,medium,approved,19066,mobile_app,false,169
app_20250112_00004616,2025-01-12 10:48:58,cust_2473382,FRID,refinance,424443,300,850,low,approved,424443,mobile,true,274
app_20250112_00004617,2025-01-12 16:36:26,cust_5945846,PORP,auto_loan,45459,48,687,medium,approved,45459,partner,false,448
app_20250112_00004618,2025-01-12 07:23:26,cust_3464486,NLAM,mortgage,118736,180,575,medium,rejected,0,branch,false,64
app_20250112_00004619,2025-01-12 01:48:22,cust_9483227,PLWA,business_loan,23454,48,565,medium,rejected,0,partner,true,156
app_20250112_00004620,2025-01-12 18:24:19,cust_8404065,DEHE,cash_loan,7584,18,808,low,rejected,0,mobile_app,true,135
app_20250112_00004621,2025-01-12 03:36:22,cust_7111938,PORP,mortgage,308903,120,540,medium,approved,308903,web,true,55
app_20250112_00004622,2025-01-12 15:21:14,cust_7194820,FRID,business_loan,34689,36,405,high,rejected,0,mobile,false,16
app_20250112_00004623,2025-01-12 02:18:19,cust_3428808,ATVI,mortgage,59978,240,690,medium,approved,59978,partner,true,149
app_20250112_00004624,2025-01-12 20:19:35,cust_752059,ITMI,mortgage,415923,300,514,medium,rejected,0,online_banking,true,73
app_20250112_00004625,2025-01-12 08:08:03,cust_650559,SESV,education_loan,34427,12,627,medium,approved,34427,mobile_app,false,755
app_20250112_00004626,2025-01-12 22:21:36,cust_4731731,PORP,business_loan,32393,36,835,low,approved,32393,call_center,false,76
app_20250112_00004627,2025-01-12 13:49:34,cust_5968428,SESV,mortgage,322852,120,546,medium,rejected,0,web,true,75
app_20250112_00004628,2025-01-12 12:55:59,cust_1912448,AUTR,auto_loan,22550,24,602,medium,rejected,0,atm,false,167
app_20250112_00004629,2025-01-12 14:46:12,cust_1442770,BENL,credit_card,27476,18,648,medium,approved,27476,call_center,true,265
app_20250112_00004630,2025-01-12 02:58:40,cust_6139461,SESV,business_loan,6721,24,536,medium,rejected,0,branch,false,55
app_20250112_00004631,2025-01-12 07:23:16,cust_926565,PORP,business_loan,39289,60,581,medium,approved,39289,atm,true,305
app_20250112_00004632,2025-01-12 12:32:19,cust_3934126,DEHE,education_loan,32696,36,676,medium,approved,32696,branch,true,52
app_20250112_00004633,2025-01-12 20:06:00,cust_2362458,CZPR,credit_card,48320,24,589,medium,rejected,0,atm,false,33
app_20250112_00004634,2025-01-12 03:15:02,cust_2602622,DEHE,credit_card,9386,42,590,medium,approved,9386,partner,true,198
app_20250112_00004635,2025-01-12 06:55:58,cust_1426297,ITMI,cash_loan,39663,30,536,medium,rejected,0,partner,true,106
app_20250112_00004636,2025-01-12 18:08:54,cust_4037325,CZPR,credit_card,23314,48,540,medium,approved,23314,web,true,534
app_20250112_00004637,2025-01-12 04:13:18,cust_2353286,BENL,refinance,294898,360,439,high,rejected,0,atm,true,27
app_20250112_00004638,2025-01-12 12:13:15,cust_3120871,PORP,refinance,373168,120,743,low,rejected,0,web,true,103
app_20250112_00004639,2025-01-12 14:33:43,cust_7920418,ATVI,mortgage,431608,360,601,medium,rejected,0,call_center,false,46
app_20250112_00004640,2025-01-12 12:38:29,cust_6923562,DEHE,credit_card,35713,30,694,medium,approved,35713,call_center,true,251
app_20250112_00004641,2025-01-12 15:17:00,cust_4766475,CZPR,credit_card,29709,24,628,medium,approved,29709,partner,true,645
app_20250112_00004642,2025-01-12 05:07:05,cust_8627468,CHBE,auto_loan,25279,24,627,medium,rejected,0,branch,true,54
app_20250112_00004643,2025-01-12 09:21:26,cust_9863359,SESV,mortgage,127883,120,794,low,approved,127883,partner,false,239
app_20250112_00004644,2025-01-12 15:48:46,cust_1560983,NLAM,business_loan,39603,36,616,medium,approved,39603,atm,false,246
app_20250112_00004645,2025-01-12 21:24:29,cust_1114645,AUTR,credit_card,27259,12,731,low,approved,27259,mobile,true,79
app_20250112_00004646,2025-01-12 12:43:00,cust_2169563,CZPR,auto_loan,19559,72,569,medium,approved,19559,call_center,false,327
app_20250112_00004647,2025-01-12 21:10:31,cust_4690880,CZPR,mortgage,309335,240,661,medium,approved,309335,mobile_app,true,604
app_20250112_00004648,2025-01-12 14:39:15,cust_9248455,SESV,personal_loan,18110,12,608,medium,rejected,0,partner,false,25
app_20250112_00004649,2025-01-12 06:06:33,cust_6786196,SESV,cash_loan,24347,12,624,medium,approved,24347,online_banking,true,31
app_20250112_00004650,2025-01-12 07:47:11,cust_1489911,BENL,credit_card,22460,24,322,high,rejected,0,call_center,true,148
app_20250112_00004651,2025-01-12 20:13:06,cust_7997380,BENL,auto_loan,22223,48,434,high,rejected,0,call_center,false,151
app_20250112_00004652,2025-01-12 18:00:42,cust_2552674,UKLO,auto_loan,50191,36,576,medium,approved,50191,online_banking,false,532
app_20250112_00004653,2025-01-12 13:43:42,cust_4100130,UKLO,credit_card,22162,36,627,medium,rejected,0,atm,true,104
app_20250112_00004654,2025-01-12 06:13:48,cust_3550592,GRRE,mortgage,223946,240,673,medium,approved,223946,call_center,true,883
app_20250112_00004655,2025-01-12 18:42:06,cust_9480961,CZPR,refinance,385094,240,662,medium,rejected,0,online_banking,false,126
app_20250112_00004656,2025-01-12 22:15:42,cust_5260592,CHBE,auto_loan,13662,24,560,medium,rejected,0,online_banking,false,82
app_20250112_00004657,2025-01-12 16:31:10,cust_9815631,NLAM,auto_loan,18878,48,684,medium,rejected,0,online_banking,false,161
app_20250112_00004658,2025-01-12 08:42:22,cust_4710688,SESV,refinance,182528,180,687,medium,rejected,0,branch,true,16
app_20250112_00004659,2025-01-12 06:23:21,cust_4409504,PORP,cash_loan,16674,48,626,medium,approved,16674,web,true,349
app_20250112_00004660,2025-01-12 19:05:13,cust_525571,NLAM,cash_loan,31259,48,730,low,approved,31259,web,true,386
app_20250112_00004661,2025-01-12 22:22:06,cust_646691,DEHE,business_loan,11659,48,622,medium,approved,11659,web,true,495
app_20250112_00004662,2025-01-12 03:09:30,cust_2310033,CHBE,education_loan,35289,60,706,low,approved,35289,mobile,false,358
app_20250112_00004663,2025-01-12 14:20:27,cust_2610763,SESV,mortgage,499439,240,607,medium,rejected,0,online_banking,false,115
app_20250112_00004664,2025-01-12 15:52:32,cust_2068339,DEHE,credit_card,5836,24,763,low,approved,5836,web,true,480
app_20250112_00004665,2025-01-12 08:08:39,cust_3245710,FRID,refinance,208271,300,783,low,approved,208271,online_banking,true,672
app_20250112_00004666,2025-01-12 21:23:33,cust_3602986,ATVI,business_loan,38217,60,764,low,approved,38217,mobile_app,true,846
app_20250112_00004667,2025-01-12 11:47:45,cust_5141438,DEHE,education_loan,16675,24,550,medium,approved,16675,call_center,false,542
app_20250112_00004668,2025-01-12 21:21:10,cust_938387,PORP,mortgage,208342,240,667,medium,approved,208342,mobile_app,true,884
app_20250112_00004669,2025-01-12 13:53:55,cust_9908974,BENL,refinance,327946,300,850,low,approved,327946,mobile_app,false,884
app_20250112_00004670,2025-01-12 15:31:50,cust_8679621,AUTR,cash_loan,3794,48,748,low,approved,3794,branch,false,746
app_20250112_00004671,2025-01-12 22:23:07,cust_8925558,NLAM,personal_loan,49640,36,605,medium,approved,49640,web,true,657
app_20250112_00004672,2025-01-12 12:29:48,cust_8836213,ITMI,personal_loan,36808,30,601,medium,approved,36808,mobile_app,true,462
app_20250112_00004673,2025-01-12 12:10:21,cust_887315,GRRE,credit_card,14048,18,850,low,approved,14048,call_center,false,241
app_20250112_00004674,2025-01-12 05:30:36,cust_5241752,ITMI,education_loan,4311,48,712,low,rejected,0,mobile_app,false,163
app_20250112_00004675,2025-01-12 03:29:25,cust_7119913,DEHE,refinance,414608,300,691,medium,approved,414608,mobile,false,497
app_20250112_00004676,2025-01-12 06:07:23,cust_4635254,ATVI,business_loan,16389,48,711,low,approved,16389,partner,false,893
app_20250112_00004677,2025-01-12 05:55:50,cust_2330788,FRID,credit_card,4475,24,729,low,approved,4475,web,false,716
app_20250112_00004678,2025-01-12 19:58:12,cust_5088394,NLAM,mortgage,497398,300,673,medium,approved,497398,call_center,true,877
app_20250112_00004679,2025-01-12 12:53:32,cust_4221498,BENL,credit_card,7145,30,850,low,approved,7145,web,true,461
app_20250112_00004680,2025-01-12 03:29:57,cust_9981017,ITMI,mortgage,382023,240,524,medium,rejected,0,mobile,false,13
app_20250112_00004681,2025-01-12 18:23:38,cust_5828411,PORP,education_loan,2446,12,850,low,approved,2446,mobile,false,606
app_20250112_00004682,2025-01-12 16:35:04,cust_3912583,CHBE,cash_loan,26093,18,805,low,approved,26093,web,true,668
app_20250112_00004683,2025-01-12 16:48:32,cust_1269208,UKLO,education_loan,39366,48,652,medium,approved,39366,web,true,796
app_20250112_00004684,2025-01-12 01:37:06,cust_9218222,GRRE,refinance,174752,240,450,high,rejected,0,call_center,false,56
app_20250112_00004685,2025-01-12 15:56:01,cust_5949158,NLAM,personal_loan,10191,42,755,low,approved,10191,branch,false,684
app_20250112_00004686,2025-01-12 20:42:35,cust_9335151,CHBE,cash_loan,20322,42,600,medium,approved,20322,atm,false,268
app_20250112_00004687,2025-01-12 22:51:45,cust_9992193,FRID,personal_loan,29623,30,747,low,approved,29623,mobile_app,true,134
app_20250112_00004688,2025-01-12 09:59:16,cust_5737144,BENL,education_loan,11009,24,623,medium,approved,11009,mobile,true,857
app_20250112_00004689,2025-01-12 23:47:57,cust_1704796,ESMA,refinance,383262,120,698,medium,approved,383262,partner,false,194
app_20250112_00004690,2025-01-12 04:14:43,cust_6412667,BENL,refinance,184640,240,850,low,approved,184640,web,false,671
app_20250112_00004691,2025-01-12 04:01:58,cust_4083611,PORP,auto_loan,11019,60,573,medium,rejected,0,atm,true,5
app_20250112_00004692,2025-01-12 04:38:24,cust_4238133,DEHE,business_loan,24159,12,670,medium,approved,24159,mobile,false,611
app_20250112_00004693,2025-01-12 13:22:19,cust_686363,PORP,cash_loan,45629,24,755,low,approved,45629,atm,false,462
app_20250112_00004694,2025-01-12 00:18:22,cust_7039578,NLAM,refinance,417938,180,626,medium,rejected,0,atm,false,14
app_20250112_00004695,2025-01-12 12:44:07,cust_4473601,SESV,auto_loan,27257,48,760,low,rejected,0,web,false,56
app_20250112_00004696,2025-01-12 09:20:18,cust_8738816,GRRE,auto_loan,52791,48,563,medium,rejected,0,online_banking,true,179
app_20250112_00004697,2025-01-12 06:33:27,cust_7754250,CHBE,auto_loan,33348,24,719,low,approved,33348,atm,false,99
app_20250112_00004698,2025-01-12 10:10:03,cust_7808897,ATVI,auto_loan,58452,72,606,medium,approved,58452,web,false,582
app_20250112_00004699,2025-01-12 02:31:38,cust_1236462,NLAM,education_loan,17816,24,813,low,approved,17816,atm,false,326
app_20250112_00004700,2025-01-12 01:22:31,cust_7064660,NLAM,education_loan,5286,24,517,medium,approved,5286,branch,true,878
app_20250112_00004701,2025-01-12 05:13:36,cust_8615459,ESMA,cash_loan,26059,24,850,low,approved,26059,mobile,false,858
app_20250112_00004702,2025-01-12 22:47:42,cust_1140742,ESMA,business_loan,5991,48,484,high,rejected,0,mobile_app,false,131
app_20250112_00004703,2025-01-12 23:31:59,cust_2127895,CZPR,mortgage,495144,360,807,low,approved,495144,online_banking,true,544
app_20250112_00004704,2025-01-12 08:05:48,cust_7025150,ESMA,credit_card,34991,36,448,high,rejected,0,web,false,68
app_20250112_00004705,2025-01-12 04:11:02,cust_6818894,AUTR,business_loan,16792,36,689,medium,approved,16792,call_center,false,289
app_20250112_00004706,2025-01-12 18:22:15,cust_6440508,AUTR,auto_loan,5965,60,556,medium,rejected,0,call_center,true,7
app_20250112_00004707,2025-01-12 04:21:35,cust_9331681,UKLO,credit_card,8184,42,666,medium,approved,8184,mobile,false,68
app_20250112_00004708,2025-01-12 08:46:03,cust_9719287,BENL,personal_loan,7197,42,651,medium,approved,7197,web,true,581
app_20250112_00004709,2025-01-12 06:18:16,cust_9479816,ITMI,refinance,465541,180,651,medium,approved,465541,call_center,true,596
app_20250112_00004710,2025-01-12 11:22:42,cust_3485934,ITMI,refinance,53544,120,697,medium,approved,53544,web,true,228
app_20250112_00004711,2025-01-12 02:44:28,cust_7013795,FRID,auto_loan,19100,72,716,low,rejected,0,partner,true,161
app_20250112_00004712,2025-01-12 01:13:06,cust_9047419,UKLO,refinance,367242,240,588,medium,rejected,0,partner,false,53
app_20250112_00004713,2025-01-12 18:26:25,cust_3607580,CZPR,business_loan,29158,24,801,low,approved,29158,partner,false,358
app_20250112_00004714,2025-01-12 18:24:55,cust_7695211,PLWA,credit_card,35349,30,657,medium,approved,35349,mobile_app,true,65
app_20250112_00004715,2025-01-12 04:00:29,cust_2841736,DEHE,business_loan,7391,24,593,medium,approved,7391,web,false,386
app_20250112_00004716,2025-01-12 17:22:41,cust_7705849,AUTR,cash_loan,49187,48,848,low,approved,49187,partner,false,659
app_20250112_00004717,2025-01-12 09:50:11,cust_2518795,PLWA,education_loan,13158,48,718,low,approved,13158,mobile_app,false,645
app_20250112_00004718,2025-01-12 07:11:21,cust_408785,DEHE,refinance,470922,300,677,medium,approved,470922,mobile_app,false,777
app_20250112_00004719,2025-01-12 20:33:10,cust_431515,ESMA,personal_loan,16732,18,633,medium,rejected,0,online_banking,true,36
app_20250112_00004720,2025-01-12 17:32:09,cust_6465196,FRID,mortgage,244296,360,505,medium,rejected,0,web,false,88
app_20250112_00004721,2025-01-12 13:00:01,cust_8678665,PLWA,mortgage,422281,360,720,low,approved,422281,branch,true,362
app_20250112_00004722,2025-01-12 16:16:01,cust_6574087,BENL,auto_loan,38303,60,658,medium,approved,38303,online_banking,true,422
app_20250112_00004723,2025-01-12 07:49:04,cust_2778364,GRRE,personal_loan,38304,48,850,low,approved,38304,mobile_app,true,842
app_20250112_00004724,2025-01-12 16:23:42,cust_1671249,ATVI,education_loan,4339,48,565,medium,approved,4339,branch,false,853
app_20250112_00004725,2025-01-12 13:00:30,cust_5667946,NLAM,personal_loan,35861,36,563,medium,rejected,0,mobile,false,28
app_20250112_00004726,2025-01-12 01:17:21,cust_4891209,PLWA,credit_card,31499,12,741,low,approved,31499,partner,false,761
app_20250112_00004727,2025-01-12 19:07:43,cust_8739698,AUTR,education_loan,30276,60,469,high,rejected,0,atm,false,170
app_20250112_00004728,2025-01-12 19:29:45,cust_1377871,PORP,cash_loan,23338,36,515,medium,approved,23338,mobile_app,true,264
app_20250112_00004729,2025-01-12 00:06:55,cust_8033278,CZPR,auto_loan,47139,60,671,medium,approved,47139,mobile,true,342
app_20250112_00004730,2025-01-12 03:40:16,cust_4130479,SESV,cash_loan,26427,24,616,medium,approved,26427,partner,true,403
app_20250112_00004731,2025-01-12 18:39:57,cust_9204201,PORP,credit_card,1918,12,723,low,approved,1918,web,true,531
app_20250112_00004732,2025-01-12 12:55:57,cust_6008138,ESMA,credit_card,47736,30,567,medium,rejected,0,branch,true,103
app_20250112_00004733,2025-01-12 22:30:36,cust_999458,AUTR,auto_loan,8411,36,728,low,approved,8411,mobile_app,false,723
app_20250112_00004734,2025-01-12 01:45:02,cust_8476584,ESMA,refinance,283274,180,671,medium,approved,283274,mobile,false,486
app_20250112_00004735,2025-01-12 12:01:40,cust_8611259,SESV,auto_loan,57311,72,827,low,approved,57311,branch,true,61
app_20250112_00004736,2025-01-12 06:01:42,cust_7223918,AUTR,education_loan,39459,12,828,low,approved,39459,atm,false,130
app_20250112_00004737,2025-01-12 07:08:47,cust_8637882,ITMI,credit_card,26407,12,697,medium,approved,26407,web,false,768
app_20250112_00004738,2025-01-12 16:40:03,cust_5761810,SESV,personal_loan,32424,42,617,medium,approved,32424,call_center,true,570
app_20250112_00004739,2025-01-12 12:52:58,cust_228391,CZPR,personal_loan,22838,30,470,high,rejected,0,online_banking,false,132
app_20250112_00004740,2025-01-12 17:38:54,cust_1084048,UKLO,education_loan,38101,60,640,medium,approved,38101,call_center,false,296
app_20250112_00004741,2025-01-12 19:35:25,cust_2050383,ITMI,business_loan,4624,48,593,medium,rejected,0,branch,true,83
app_20250112_00004742,2025-01-12 20:09:23,cust_8098250,AUTR,business_loan,22953,36,527,medium,approved,22953,atm,true,366
app_20250112_00004743,2025-01-12 12:51:45,cust_5651147,GRRE,education_loan,36775,36,614,medium,approved,36775,branch,true,32
app_20250112_00004744,2025-01-12 01:55:00,cust_7213701,ITMI,credit_card,13361,42,676,medium,approved,13361,mobile,true,307
app_20250112_00004745,2025-01-12 03:09:36,cust_2034440,ITMI,auto_loan,10362,36,658,medium,approved,10362,online_banking,false,111
app_20250112_00004746,2025-01-12 19:51:18,cust_339214,ITMI,personal_loan,42961,42,744,low,approved,42961,online_banking,true,151
app_20250112_00004747,2025-01-12 02:46:08,cust_8171863,AUTR,cash_loan,17460,12,551,medium,rejected,0,mobile,false,119
app_20250112_00004748,2025-01-12 02:19:20,cust_3735618,DEHE,refinance,420428,120,665,medium,approved,420428,web,true,40
app_20250112_00004749,2025-01-12 13:38:58,cust_4965253,CZPR,personal_loan,9046,18,543,medium,rejected,0,branch,false,21
app_20250112_00004750,2025-01-12 02:28:16,cust_4670933,UKLO,business_loan,5987,60,450,high,approved,5987,web,false,213
app_20250112_00004751,2025-01-12 20:00:16,cust_6494580,PLWA,mortgage,108982,360,787,low,approved,108982,call_center,false,188
app_20250112_00004752,2025-01-12 04:56:49,cust_2894886,DEHE,refinance,408790,240,633,medium,approved,408790,call_center,true,318
app_20250112_00004753,2025-01-12 19:22:32,cust_8861355,GRRE,cash_loan,15480,30,490,high,rejected,0,call_center,false,173
app_20250112_00004754,2025-01-12 07:24:17,cust_6488977,AUTR,cash_loan,17497,24,850,low,approved,17497,mobile_app,false,486
app_20250112_00004755,2025-01-12 22:55:39,cust_9396487,FRID,mortgage,137464,120,595,medium,approved,137464,partner,true,110
app_20250112_00004756,2025-01-12 05:46:10,cust_6694605,CHBE,personal_loan,41421,12,716,low,approved,41421,mobile,false,688
app_20250112_00004757,2025-01-12 23:18:06,cust_6783586,GRRE,credit_card,6488,18,718,low,rejected,0,web,false,66
app_20250112_00004758,2025-01-12 07:11:04,cust_3534260,FRID,education_loan,24356,60,723,low,approved,24356,call_center,true,475
app_20250112_00004759,2025-01-12 15:49:51,cust_2595890,ITMI,refinance,391267,120,667,medium,approved,391267,partner,false,570
app_20250112_00004760,2025-01-12 11:04:20,cust_5463150,GRRE,mortgage,280574,300,641,medium,approved,280574,partner,false,67
app_20250112_00004761,2025-01-12 22:31:27,cust_1257769,DEHE,business_loan,30962,36,587,medium,approved,30962,online_banking,true,429
app_20250112_00004762,2025-01-12 06:28:36,cust_1507188,BENL,personal_loan,6661,48,730,low,approved,6661,atm,true,759
app_20250112_00004763,2025-01-12 18:55:56,cust_4215705,CHBE,personal_loan,16863,18,676,medium,approved,16863,branch,false,566
app_20250112_00004764,2025-01-12 15:26:04,cust_1206409,UKLO,cash_loan,29818,18,527,medium,rejected,0,mobile_app,false,40
app_20250112_00004765,2025-01-12 10:57:48,cust_4319677,FRID,auto_loan,59568,72,850,low,approved,59568,branch,false,514
app_20250112_00004766,2025-01-12 20:20:57,cust_1044296,FRID,refinance,405733,120,606,medium,approved,405733,partner,false,634
app_20250112_00004767,2025-01-12 11:44:06,cust_7521913,PORP,mortgage,165560,120,646,medium,approved,165560,call_center,true,598
app_20250112_00004768,2025-01-12 12:00:03,cust_257707,FRID,credit_card,46711,36,708,low,approved,46711,call_center,true,97
app_20250112_00004769,2025-01-12 10:11:50,cust_562088,UKLO,business_loan,35093,24,704,low,approved,35093,branch,true,344
app_20250112_00004770,2025-01-12 21:33:43,cust_4461693,ITMI,auto_loan,14047,48,658,medium,approved,14047,partner,true,326
app_20250112_00004771,2025-01-12 17:49:12,cust_9584818,ITMI,auto_loan,50778,48,701,low,approved,50778,partner,false,782
app_20250112_00004772,2025-01-12 10:46:32,cust_9244327,UKLO,refinance,174566,300,618,medium,approved,174566,mobile_app,false,900
app_20250112_00004773,2025-01-12 17:28:01,cust_7392555,NLAM,cash_loan,20901,12,554,medium,rejected,0,partner,true,119
app_20250112_00004774,2025-01-12 03:03:40,cust_7515910,AUTR,cash_loan,9597,18,811,low,approved,9597,web,false,241
app_20250112_00004775,2025-01-12 03:45:55,cust_8264731,NLAM,mortgage,193428,240,675,medium,rejected,0,mobile,false,108
app_20250112_00004776,2025-01-12 15:57:59,cust_4982780,DEHE,education_loan,28478,36,622,medium,approved,28478,call_center,false,222
app_20250112_00004777,2025-01-12 01:24:17,cust_7349074,FRID,credit_card,6363,30,850,low,approved,6363,online_banking,true,818
app_20250112_00004778,2025-01-12 02:49:07,cust_3415845,NLAM,auto_loan,9159,72,724,low,approved,9159,branch,false,541
app_20250112_00004779,2025-01-12 09:38:21,cust_7689884,ATVI,refinance,204695,300,377,high,rejected,0,call_center,false,126
app_20250112_00004780,2025-01-12 12:44:32,cust_2211934,SESV,credit_card,48306,36,652,medium,approved,48306,partner,true,578
app_20250112_00004781,2025-01-12 15:19:33,cust_2913899,ESMA,education_loan,31748,12,512,medium,rejected,0,web,true,137
app_20250112_00004782,2025-01-12 18:31:20,cust_4919472,DEHE,business_loan,26440,60,655,medium,approved,26440,web,false,285
app_20250112_00004783,2025-01-12 19:10:32,cust_4406271,CZPR,credit_card,40494,12,640,medium,approved,40494,web,false,536
app_20250112_00004784,2025-01-12 23:42:03,cust_435145,PORP,refinance,190859,180,669,medium,approved,190859,mobile_app,false,868
app_20250112_00004785,2025-01-12 03:51:15,cust_8843540,ESMA,auto_loan,13776,24,676,medium,approved,13776,mobile,true,487
app_20250112_00004786,2025-01-12 12:26:11,cust_1058753,PORP,refinance,446533,120,646,medium,approved,446533,mobile,true,182
app_20250112_00004787,2025-01-12 02:37:26,cust_4094011,FRID,refinance,316249,120,620,medium,approved,316249,web,true,880
app_20250112_00004788,2025-01-12 22:40:36,cust_8013465,GRRE,education_loan,31727,48,559,medium,approved,31727,mobile,false,768
app_20250112_00004789,2025-01-12 16:02:07,cust_2381041,AUTR,personal_loan,34053,42,718,low,approved,34053,web,false,881
app_20250112_00004790,2025-01-12 13:40:10,cust_7248318,PORP,cash_loan,42760,30,544,medium,approved,42760,call_center,true,632
app_20250112_00004791,2025-01-12 22:18:56,cust_2990295,ITMI,business_loan,22439,24,733,low,rejected,0,call_center,true,129
app_20250112_00004792,2025-01-12 03:18:05,cust_4637136,FRID,refinance,440984,240,586,medium,approved,440984,online_banking,false,43
app_20250112_00004793,2025-01-12 10:04:23,cust_3393723,SESV,personal_loan,20496,42,758,low,approved,20496,mobile_app,true,158
app_20250112_00004794,2025-01-12 22:12:27,cust_193221,UKLO,auto_loan,53139,72,484,high,rejected,0,branch,true,143
app_20250112_00004795,2025-01-12 18:37:14,cust_8980923,CHBE,auto_loan,41487,36,532,medium,rejected,0,atm,false,123
app_20250112_00004796,2025-01-12 11:34:13,cust_9826049,ATVI,auto_loan,31407,60,807,low,approved,31407,call_center,true,694
app_20250112_00004797,2025-01-12 18:14:22,cust_8707596,CHBE,education_loan,12850,60,478,high,rejected,0,atm,true,54
app_20250112_00004798,2025-01-12 01:02:10,cust_6271627,NLAM,personal_loan,6993,48,746,low,approved,6993,call_center,true,249
app_20250112_00004799,2025-01-12 10:06:13,cust_1272455,BENL,credit_card,36218,48,680,medium,approved,36218,mobile,false,44
app_20250112_00004800,2025-01-12 19:06:10,cust_4965854,GRRE,credit_card,36065,12,736,low,approved,36065,mobile_app,false,312
app_20250112_00004801,2025-01-12 10:56:24,cust_4300470,DEHE,personal_loan,28642,18,675,medium,approved,28642,mobile,false,865
app_20250112_00004802,2025-01-12 19:32:50,cust_2762575,ATVI,cash_loan,25363,18,672,medium,approved,25363,mobile_app,true,214
app_20250112_00004803,2025-01-12 05:01:05,cust_4728892,AUTR,personal_loan,26839,24,486,high,rejected,0,mobile,true,76
app_20250112_00004804,2025-01-12 06:05:18,cust_9569948,GRRE,credit_card,38383,36,561,medium,rejected,0,mobile_app,false,14
app_20250112_00004805,2025-01-12 09:41:53,cust_2269197,AUTR,business_loan,16557,48,535,medium,rejected,0,mobile_app,true,63
app_20250112_00004806,2025-01-12 13:36:20,cust_6614124,GRRE,education_loan,27207,12,602,medium,approved,27207,partner,false,181
app_20250112_00004807,2025-01-12 19:58:33,cust_1690708,NLAM,auto_loan,50170,24,369,high,rejected,0,online_banking,true,102
app_20250112_00004808,2025-01-12 03:41:34,cust_8821757,UKLO,business_loan,26309,48,474,high,approved,26309,web,false,485
app_20250112_00004809,2025-01-12 11:38:47,cust_6412692,GRRE,credit_card,24542,36,505,medium,approved,24542,web,false,50
app_20250112_00004810,2025-01-12 11:29:05,cust_9895025,NLAM,personal_loan,36483,30,759,low,rejected,0,branch,true,58
app_20250112_00004811,2025-01-12 06:39:37,cust_1782818,DEHE,mortgage,144945,120,824,low,approved,144945,online_banking,false,567
app_20250112_00004812,2025-01-12 11:20:20,cust_6263021,NLAM,business_loan,6732,60,600,medium,approved,6732,branch,true,633
app_20250112_00004813,2025-01-12 06:18:34,cust_6818057,NLAM,refinance,393964,180,651,medium,approved,393964,branch,true,289
app_20250112_00004814,2025-01-12 19:44:32,cust_4573851,BENL,cash_loan,30907,24,597,medium,approved,30907,online_banking,true,781
app_20250112_00004815,2025-01-12 01:36:36,cust_5329802,SESV,personal_loan,20384,48,612,medium,approved,20384,atm,true,223
app_20250112_00004816,2025-01-12 13:23:38,cust_9491033,FRID,education_loan,39366,48,598,medium,rejected,0,partner,true,117
app_20250112_00004817,2025-01-12 10:49:48,cust_4869712,PLWA,business_loan,28385,12,736,low,approved,28385,web,false,630
app_20250112_00004818,2025-01-12 03:09:24,cust_9572833,DEHE,auto_loan,11081,60,720,low,approved,11081,web,false,316
app_20250112_00004819,2025-01-12 05:13:18,cust_6038659,GRRE,mortgage,333832,120,779,low,approved,333832,atm,true,674
app_20250112_00004820,2025-01-12 04:51:59,cust_1531402,BENL,education_loan,9504,12,406,high,rejected,0,call_center,false,99
app_20250112_00004821,2025-01-12 11:11:11,cust_3459081,UKLO,business_loan,20506,48,793,low,approved,20506,mobile,true,706
app_20250112_00004822,2025-01-12 12:25:32,cust_6703518,FRID,auto_loan,32197,48,720,low,approved,32197,online_banking,false,118
app_20250112_00004823,2025-01-12 00:25:46,cust_2283504,PLWA,education_loan,34633,12,488,high,rejected,0,web,true,52
app_20250112_00004824,2025-01-12 18:31:04,cust_8146661,ITMI,cash_loan,14876,30,818,low,approved,14876,mobile,true,373
app_20250112_00004825,2025-01-12 20:52:48,cust_9974653,ATVI,mortgage,93784,120,628,medium,approved,93784,branch,true,154
app_20250112_00004826,2025-01-12 11:02:52,cust_2936152,GRRE,credit_card,4835,48,505,medium,approved,4835,mobile,true,663
app_20250112_00004827,2025-01-12 15:38:00,cust_3428827,UKLO,education_loan,27478,36,848,low,approved,27478,partner,true,615
app_20250112_00004828,2025-01-12 16:32:07,cust_8249660,SESV,education_loan,32505,12,691,medium,approved,32505,partner,true,39
app_20250112_00004829,2025-01-12 04:59:39,cust_7940158,NLAM,auto_loan,25508,72,568,medium,rejected,0,mobile_app,false,41
app_20250112_00004830,2025-01-12 07:10:46,cust_447737,CHBE,cash_loan,37636,48,850,low,approved,37636,partner,true,768
app_20250112_00004831,2025-01-12 07:10:18,cust_9966640,GRRE,cash_loan,4480,30,648,medium,approved,4480,branch,false,265
app_20250112_00004832,2025-01-12 20:54:39,cust_8310479,UKLO,personal_loan,29705,12,775,low,approved,29705,web,true,475
app_20250112_00004833,2025-01-12 09:05:49,cust_4092649,PORP,cash_loan,46053,30,586,medium,rejected,0,call_center,true,53
app_20250112_00004834,2025-01-12 20:56:05,cust_1736252,CZPR,credit_card,18781,24,606,medium,approved,18781,web,false,871
app_20250112_00004835,2025-01-12 19:36:59,cust_9519880,CZPR,education_loan,14705,12,691,medium,rejected,0,call_center,true,102
app_20250112_00004836,2025-01-12 19:07:15,cust_7411711,GRRE,personal_loan,6403,42,619,medium,approved,6403,online_banking,false,293
app_20250112_00004837,2025-01-12 13:39:58,cust_6743107,AUTR,personal_loan,10500,42,690,medium,approved,10500,mobile,false,522
app_20250112_00004838,2025-01-12 03:05:44,cust_964359,BENL,cash_loan,3739,30,597,medium,approved,3739,call_center,true,49
app_20250112_00004839,2025-01-12 23:05:16,cust_1236839,BENL,education_loan,5081,60,606,medium,approved,5081,partner,true,545
app_20250112_00004840,2025-01-12 11:28:05,cust_1154250,ESMA,business_loan,4750,60,745,low,approved,4750,mobile_app,true,898
app_20250112_00004841,2025-01-12 16:03:08,cust_9108300,NLAM,personal_loan,29635,42,555,medium,rejected,0,mobile,false,93
app_20250112_00004842,2025-01-12 23:38:19,cust_1004294,CZPR,cash_loan,25888,12,612,medium,approved,25888,partner,true,181
app_20250112_00004843,2025-01-12 23:49:12,cust_5261588,CHBE,cash_loan,7542,18,607,medium,approved,7542,branch,false,438
app_20250112_00004844,2025-01-12 10:53:45,cust_4610260,CHBE,credit_card,29242,18,747,low,approved,29242,online_banking,true,817
app_20250112_00004845,2025-01-12 21:17:18,cust_7721217,CHBE,auto_loan,35134,72,712,low,approved,35134,partner,false,776
app_20250112_00004846,2025-01-12 20:54:10,cust_7088678,UKLO,mortgage,407798,120,636,medium,rejected,0,partner,false,85
app_20250112_00004847,2025-01-12 10:59:11,cust_8328039,UKLO,mortgage,222883,180,846,low,approved,222883,branch,false,847
app_20250112_00004848,2025-01-12 03:59:51,cust_3341780,ATVI,business_loan,30026,60,523,medium,rejected,0,web,true,52
app_20250112_00004849,2025-01-12 12:01:42,cust_5909418,ESMA,cash_loan,38526,12,723,low,approved,38526,partner,false,455
app_20250112_00004850,2025-01-12 03:49:18,cust_7423393,ESMA,credit_card,8797,48,575,medium,approved,8797,mobile_app,false,403
app_20250112_00004851,2025-01-12 00:14:19,cust_6281733,NLAM,business_loan,15709,12,781,low,approved,15709,online_banking,true,530
app_20250112_00004852,2025-01-12 19:32:22,cust_5546922,NLAM,cash_loan,28994,30,722,low,approved,28994,online_banking,false,822
app_20250112_00004853,2025-01-12 16:36:04,cust_6625693,SESV,personal_loan,48363,30,665,medium,approved,48363,atm,true,71
app_20250112_00004854,2025-01-12 09:37:17,cust_1703476,AUTR,credit_card,11654,12,821,low,rejected,0,web,false,50
app_20250112_00004855,2025-01-12 00:55:48,cust_5690928,SESV,refinance,298165,300,776,low,approved,298165,branch,true,59
app_20250112_00004856,2025-01-12 07:31:13,cust_500081,NLAM,credit_card,40277,30,686,medium,approved,40277,branch,false,693
app_20250112_00004857,2025-01-12 17:18:07,cust_7200472,CZPR,cash_loan,46577,24,650,medium,rejected,0,call_center,true,135
app_20250112_00004858,2025-01-12 23:03:02,cust_1072985,ATVI,education_loan,18637,48,681,medium,approved,18637,atm,false,252
app_20250112_00004859,2025-01-12 18:03:05,cust_6106009,GRRE,education_loan,21965,48,608,medium,rejected,0,mobile,true,90
app_20250112_00004860,2025-01-12 16:25:00,cust_8809828,NLAM,education_loan,38352,12,644,medium,rejected,0,branch,false,114
app_20250112_00004861,2025-01-12 03:58:21,cust_2257501,ITMI,personal_loan,47779,18,577,medium,approved,47779,mobile,true,33
app_20250112_00004862,2025-01-12 17:39:31,cust_5539405,PLWA,credit_card,1937,12,731,low,approved,1937,web,false,509
app_20250112_00004863,2025-01-12 16:18:00,cust_2013514,FRID,refinance,57541,120,596,medium,rejected,0,branch,true,87
app_20250112_00004864,2025-01-12 03:07:55,cust_3957311,SESV,education_loan,22000,60,729,low,approved,22000,partner,true,409
app_20250112_00004865,2025-01-12 22:39:10,cust_9869095,AUTR,business_loan,11768,12,662,medium,rejected,0,atm,false,160
app_20250112_00004866,2025-01-12 02:39:11,cust_4390881,AUTR,education_loan,39711,24,693,medium,approved,39711,online_banking,true,850
app_20250112_00004867,2025-01-12 09:54:35,cust_1783565,CZPR,education_loan,33453,48,654,medium,approved,33453,branch,false,327
app_20250112_00004868,2025-01-12 08:41:50,cust_5609311,BENL,mortgage,377983,360,752,low,approved,377983,partner,false,416
app_20250112_00004869,2025-01-12 06:24:44,cust_6067279,DEHE,auto_loan,55816,24,585,medium,rejected,0,online_banking,false,158
app_20250112_00004870,2025-01-12 01:50:40,cust_4463099,FRID,education_loan,2121,24,672,medium,rejected,0,branch,false,86
app_20250112_00004871,2025-01-12 10:17:08,cust_1446973,CZPR,business_loan,3164,36,754,low,rejected,0,web,false,87
app_20250112_00004872,2025-01-12 03:58:21,cust_7864612,AUTR,education_loan,36588,60,696,medium,approved,36588,online_banking,true,601
app_20250112_00004873,2025-01-12 10:29:40,cust_2674438,SESV,auto_loan,23826,72,599,medium,approved,23826,mobile_app,false,464
app_20250112_00004874,2025-01-12 09:09:36,cust_7839787,CHBE,personal_loan,15905,48,718,low,approved,15905,partner,false,459
app_20250112_00004875,2025-01-12 11:48:47,cust_576204,ITMI,credit_card,42315,42,691,medium,rejected,0,web,true,90
app_20250112_00004876,2025-01-12 22:47:59,cust_8492307,BENL,business_loan,8573,24,622,medium,rejected,0,partner,false,122
app_20250112_00004877,2025-01-12 05:06:30,cust_2804430,DEHE,refinance,184584,120,509,medium,rejected,0,call_center,false,140
app_20250112_00004878,2025-01-12 09:42:15,cust_2327777,NLAM,personal_loan,3742,48,583,medium,approved,3742,partner,false,125
app_20250112_00004879,2025-01-12 20:06:56,cust_260697,ATVI,cash_loan,32110,30,590,medium,rejected,0,online_banking,false,153
app_20250112_00004880,2025-01-12 15:22:46,cust_2200030,SESV,cash_loan,31338,36,718,low,approved,31338,web,true,548
app_20250112_00004881,2025-01-12 06:20:18,cust_7164643,DEHE,auto_loan,49306,48,693,medium,approved,49306,online_banking,true,303
app_20250112_00004882,2025-01-12 07:04:25,cust_3404290,UKLO,credit_card,12584,36,694,medium,rejected,0,mobile_app,false,31
app_20250112_00004883,2025-01-12 08:10:51,cust_3177947,SESV,business_loan,19661,36,766,low,approved,19661,call_center,false,319
app_20250112_00004884,2025-01-12 12:40:39,cust_9468955,DEHE,business_loan,37464,24,591,medium,approved,37464,mobile_app,false,258
app_20250112_00004885,2025-01-12 16:37:01,cust_356930,UKLO,credit_card,18703,12,748,low,approved,18703,mobile,true,872
app_20250112_00004886,2025-01-12 22:10:51,cust_1568532,CZPR,refinance,391900,120,495,high,approved,391900,online_banking,false,792
app_20250112_00004887,2025-01-12 03:55:28,cust_6630938,GRRE,business_loan,35563,36,683,medium,approved,35563,web,true,464
app_20250112_00004888,2025-01-12 17:01:18,cust_7490830,NLAM,personal_loan,30802,24,833,low,rejected,0,web,true,86
app_20250112_00004889,2025-01-12 17:44:10,cust_1117600,ITMI,education_loan,38767,60,573,medium,approved,38767,web,true,257
app_20250112_00004890,2025-01-12 21:01:48,cust_2222300,PLWA,business_loan,39536,24,470,high,rejected,0,web,true,101
app_20250112_00004891,2025-01-12 07:47:40,cust_7582562,SESV,education_loan,4856,36,703,low,approved,4856,online_banking,false,814
app_20250112_00004892,2025-01-12 06:38:35,cust_7923074,ITMI,refinance,447195,240,731,low,approved,447195,atm,true,67
app_20250112_00004893,2025-01-12 10:25:44,cust_8998016,PLWA,business_loan,8458,12,546,medium,rejected,0,call_center,true,30
app_20250112_00004894,2025-01-12 02:44:48,cust_6102110,ATVI,education_loan,36607,36,546,medium,rejected,0,branch,false,55
app_20250112_00004895,2025-01-12 02:28:34,cust_797715,GRRE,refinance,257993,300,487,high,rejected,0,web,true,67
app_20250112_00004896,2025-01-12 23:06:09,cust_8151128,UKLO,business_loan,14653,36,529,medium,approved,14653,atm,false,727
app_20250112_00004897,2025-01-12 13:37:21,cust_1391824,UKLO,mortgage,262964,360,710,low,approved,262964,branch,false,890
app_20250112_00004898,2025-01-12 18:17:38,cust_9932690,SESV,cash_loan,39467,42,632,medium,approved,39467,online_banking,true,873
app_20250112_00004899,2025-01-12 06:14:47,cust_3013558,DEHE,education_loan,28565,48,570,medium,approved,28565,atm,false,91
app_20250112_00004900,2025-01-12 01:37:28,cust_2231112,UKLO,auto_loan,49880,36,617,medium,rejected,0,atm,false,44
app_20250112_00004901,2025-01-12 14:44:52,cust_5026004,AUTR,refinance,135500,240,559,medium,approved,135500,atm,true,671
app_20250112_00004902,2025-01-12 14:29:30,cust_8340976,ATVI,education_loan,13207,48,487,high,rejected,0,atm,false,64
app_20250112_00004903,2025-01-12 08:03:36,cust_5973769,PLWA,mortgage,250985,360,632,medium,approved,250985,call_center,false,566
app_20250112_00004904,2025-01-12 13:25:49,cust_8164463,AUTR,mortgage,445797,180,664,medium,rejected,0,call_center,false,94
app_20250112_00004905,2025-01-12 10:40:07,cust_4155787,BENL,business_loan,2807,36,607,medium,approved,2807,web,true,368
app_20250112_00004906,2025-01-12 03:51:05,cust_1254429,PORP,cash_loan,9158,48,591,medium,approved,9158,branch,true,373
app_20250112_00004907,2025-01-12 19:15:56,cust_527843,DEHE,credit_card,12692,18,691,medium,approved,12692,partner,false,753
app_20250112_00004908,2025-01-12 07:09:09,cust_9770027,NLAM,mortgage,50003,360,624,medium,approved,50003,atm,true,591
app_20250112_00004909,2025-01-12 18:56:06,cust_1747470,CZPR,refinance,420508,300,608,medium,approved,420508,partner,false,806
app_20250112_00004910,2025-01-12 21:23:16,cust_4598204,UKLO,business_loan,33445,24,588,medium,approved,33445,mobile_app,false,422
app_20250112_00004911,2025-01-12 11:12:21,cust_3468617,ESMA,education_loan,22438,36,623,medium,rejected,0,atm,false,164
app_20250112_00004912,2025-01-12 11:38:35,cust_1685892,PLWA,refinance,479606,360,714,low,approved,479606,web,false,216
app_20250112_00004913,2025-01-12 05:45:29,cust_8436205,CZPR,education_loan,35076,24,705,low,approved,35076,atm,false,864
app_20250112_00004914,2025-01-12 16:21:29,cust_8464830,CZPR,refinance,497625,360,516,medium,approved,497625,mobile,true,545
app_20250112_00004915,2025-01-12 07:18:47,cust_5813981,ITMI,credit_card,28775,30,666,medium,approved,28775,branch,true,541
app_20250112_00004916,2025-01-12 12:38:58,cust_3984279,CHBE,mortgage,141484,360,695,medium,approved,141484,online_banking,true,764
app_20250112_00004917,2025-01-12 09:32:06,cust_7875321,CHBE,education_loan,3850,60,745,low,approved,3850,mobile,false,440
app_20250112_00004918,2025-01-12 04:00:23,cust_5049584,GRRE,credit_card,32830,42,536,medium,rejected,0,mobile_app,false,174
app_20250112_00004919,2025-01-12 09:40:18,cust_2675520,PLWA,personal_loan,19867,42,701,low,approved,19867,atm,true,798
app_20250112_00004920,2025-01-12 23:23:13,cust_9970769,NLAM,business_loan,31586,60,625,medium,approved,31586,atm,false,96
app_20250112_00004921,2025-01-12 13:04:39,cust_6122354,CHBE,business_loan,18159,36,561,medium,approved,18159,online_banking,true,466
app_20250112_00004922,2025-01-12 14:48:47,cust_476738,ITMI,business_loan,28566,24,732,low,approved,28566,partner,false,728
app_20250112_00004923,2025-01-12 21:41:01,cust_664770,BENL,mortgage,263440,240,770,low,rejected,0,partner,false,24
app_20250112_00004924,2025-01-12 11:46:29,cust_3471545,ITMI,cash_loan,6969,30,409,high,rejected,0,branch,true,37
app_20250112_00004925,2025-01-12 16:02:15,cust_9239047,AUTR,business_loan,28609,24,761,low,approved,28609,mobile_app,false,588
app_20250112_00004926,2025-01-12 02:44:03,cust_897136,ITMI,education_loan,6471,12,850,low,approved,6471,mobile,true,435
app_20250112_00004927,2025-01-12 20:36:21,cust_6967364,ATVI,business_loan,19080,24,505,medium,approved,19080,atm,true,232
app_20250112_00004928,2025-01-12 02:50:39,cust_1487157,ATVI,business_loan,12101,36,522,medium,approved,12101,atm,true,327
app_20250112_00004929,2025-01-12 00:34:04,cust_9262414,BENL,auto_loan,36607,36,649,medium,approved,36607,partner,false,56
app_20250112_00004930,2025-01-12 17:02:56,cust_2852175,SESV,mortgage,234800,240,696,medium,approved,234800,mobile_app,false,836
app_20250112_00004931,2025-01-12 10:11:14,cust_9396693,NLAM,cash_loan,1965,30,698,medium,rejected,0,mobile_app,false,129
app_20250112_00004932,2025-01-12 14:43:08,cust_5152815,PLWA,auto_loan,58265,48,686,medium,approved,58265,call_center,true,384
app_20250112_00004933,2025-01-12 11:42:41,cust_9280729,NLAM,auto_loan,17117,36,643,medium,approved,17117,online_banking,true,717
app_20250112_00004934,2025-01-12 06:42:28,cust_7084960,ESMA,business_loan,21915,60,644,medium,approved,21915,atm,true,216
app_20250112_00004935,2025-01-12 19:23:10,cust_2770318,ATVI,personal_loan,20963,30,715,low,approved,20963,branch,false,676
app_20250112_00004936,2025-01-12 12:20:43,cust_7480779,CHBE,business_loan,22077,60,793,low,approved,22077,partner,false,551
app_20250112_00004937,2025-01-12 06:15:15,cust_675991,AUTR,cash_loan,31552,48,761,low,approved,31552,online_banking,false,828
app_20250112_00004938,2025-01-12 13:04:30,cust_6580525,CZPR,auto_loan,41789,72,667,medium,approved,41789,branch,true,579
app_20250112_00004939,2025-01-12 04:38:59,cust_3665510,AUTR,refinance,135286,360,695,medium,approved,135286,online_banking,true,776
app_20250112_00004940,2025-01-12 20:18:59,cust_2704456,DEHE,education_loan,2377,48,574,medium,approved,2377,branch,false,692
app_20250112_00004941,2025-01-12 01:29:20,cust_5458290,AUTR,auto_loan,49088,36,639,medium,rejected,0,atm,false,90
app_20250112_00004942,2025-01-12 17:53:47,cust_8595748,GRRE,cash_loan,22325,42,702,low,approved,22325,mobile_app,false,161
app_20250112_00004943,2025-01-12 20:00:50,cust_3581776,CZPR,education_loan,33976,12,566,medium,approved,33976,mobile,false,382
app_20250112_00004944,2025-01-12 09:21:38,cust_4238941,ESMA,mortgage,339966,120,658,medium,approved,339966,atm,true,216
app_20250112_00004945,2025-01-12 17:52:28,cust_2558911,UKLO,cash_loan,3246,48,579,medium,approved,3246,mobile_app,true,680
app_20250112_00004946,2025-01-12 09:41:17,cust_7480411,ESMA,refinance,204257,300,466,high,rejected,0,web,false,29
app_20250112_00004947,2025-01-12 17:19:24,cust_1127609,PORP,mortgage,338987,240,549,medium,rejected,0,web,false,90
app_20250112_00004948,2025-01-12 15:55:36,cust_1716997,PORP,credit_card,8732,36,678,medium,approved,8732,atm,false,646
app_20250112_00004949,2025-01-12 21:22:39,cust_3617345,NLAM,personal_loan,4636,42,834,low,approved,4636,atm,true,199
app_20250112_00004950,2025-01-12 01:03:09,cust_517180,NLAM,mortgage,213809,300,730,low,approved,213809,atm,false,298
app_20250112_00004951,2025-01-12 03:09:25,cust_1720393,CZPR,education_loan,9967,12,648,medium,approved,9967,branch,true,191
app_20250112_00004952,2025-01-12 09:43:44,cust_6398957,SESV,cash_loan,15384,24,709,low,approved,15384,mobile_app,true,64
app_20250112_00004953,2025-01-12 19:22:32,cust_7654138,ESMA,cash_loan,47793,48,732,low,approved,47793,branch,true,439
app_20250112_00004954,2025-01-12 13:14:34,cust_5027278,ATVI,business_loan,35016,24,720,low,approved,35016,mobile_app,false,674
app_20250112_00004955,2025-01-12 04:07:10,cust_8374540,AUTR,personal_loan,26987,36,696,medium,approved,26987,web,false,890
app_20250112_00004956,2025-01-12 03:11:42,cust_7153596,FRID,education_loan,33630,24,560,medium,approved,33630,branch,true,833
app_20250112_00004957,2025-01-12 20:23:40,cust_1733818,PORP,credit_card,25228,18,850,low,approved,25228,branch,true,650
app_20250112_00004958,2025-01-12 15:52:35,cust_5205199,CHBE,refinance,181280,120,519,medium,rejected,0,mobile,false,65
app_20250112_00004959,2025-01-12 15:24:16,cust_3454916,UKLO,mortgage,231832,180,718,low,approved,231832,mobile_app,false,803
app_20250112_00004960,2025-01-12 08:51:51,cust_7303296,PORP,credit_card,20908,12,675,medium,rejected,0,partner,false,21
app_20250112_00004961,2025-01-12 23:00:07,cust_8958467,SESV,mortgage,428552,180,748,low,approved,428552,online_banking,false,777
app_20250112_00004962,2025-01-12 01:48:12,cust_7632535,GRRE,cash_loan,24321,24,557,medium,approved,24321,atm,true,753
app_20250112_00004963,2025-01-12 17:59:36,cust_7319569,NLAM,mortgage,146820,240,656,medium,rejected,0,web,false,156
app_20250112_00004964,2025-01-12 10:48:57,cust_4897250,UKLO,business_loan,37689,48,782,low,approved,37689,call_center,false,306
app_20250112_00004965,2025-01-12 00:24:58,cust_9485220,BENL,mortgage,250130,120,769,low,approved,250130,mobile,true,201
app_20250112_00004966,2025-01-12 18:57:53,cust_811830,SESV,education_loan,36811,48,622,medium,approved,36811,mobile_app,true,313
app_20250112_00004967,2025-01-12 00:52:40,cust_9193085,ESMA,mortgage,220645,300,664,medium,approved,220645,branch,true,309
app_20250112_00004968,2025-01-12 11:12:04,cust_3310472,NLAM,refinance,410991,360,787,low,approved,410991,branch,false,712
app_20250112_00004969,2025-01-12 22:42:27,cust_7542792,NLAM,auto_loan,41879,48,392,high,rejected,0,web,true,124
app_20250112_00004970,2025-01-12 11:55:55,cust_2521639,ITMI,personal_loan,41508,36,657,medium,approved,41508,mobile_app,true,62
app_20250112_00004971,2025-01-12 17:25:29,cust_8941930,NLAM,personal_loan,42490,30,574,medium,rejected,0,online_banking,false,28
app_20250112_00004972,2025-01-12 07:05:38,cust_7495872,CZPR,auto_loan,50236,48,667,medium,approved,50236,web,true,206
app_20250112_00004973,2025-01-12 06:44:02,cust_1994857,ESMA,credit_card,47945,30,757,low,approved,47945,call_center,true,562
app_20250112_00004974,2025-01-12 15:46:15,cust_8828111,PLWA,credit_card,21127,42,524,medium,approved,21127,online_banking,false,691
app_20250112_00004975,2025-01-12 07:02:25,cust_1884720,CHBE,cash_loan,7728,36,633,medium,rejected,0,partner,true,24
app_20250112_00004976,2025-01-12 01:24:01,cust_8855425,AUTR,refinance,117415,240,510,medium,rejected,0,branch,false,41
app_20250112_00004977,2025-01-12 21:21:55,cust_8991345,ESMA,business_loan,11361,60,755,low,approved,11361,online_banking,true,634
app_20250112_00004978,2025-01-12 03:52:17,cust_9566391,DEHE,cash_loan,26484,12,758,low,approved,26484,call_center,true,115
app_20250112_00004979,2025-01-12 20:57:33,cust_8039515,BENL,refinance,277114,240,632,medium,approved,277114,web,true,727
app_20250112_00004980,2025-01-12 18:34:13,cust_6589629,ATVI,education_loan,34558,12,616,medium,approved,34558,partner,false,394
app_20250112_00004981,2025-01-12 18:15:54,cust_7913955,ESMA,business_loan,11786,24,753,low,rejected,0,web,false,88
app_20250112_00004982,2025-01-12 17:26:16,cust_5911439,DEHE,education_loan,27206,48,720,low,approved,27206,atm,false,637
app_20250112_00004983,2025-01-12 12:30:16,cust_7513907,AUTR,credit_card,34914,12,701,low,approved,34914,online_banking,false,109
app_20250112_00004984,2025-01-12 22:58:29,cust_7563788,BENL,education_loan,4483,24,787,low,approved,4483,web,true,772
app_20250112_00004985,2025-01-12 19:55:34,cust_8471958,ESMA,education_loan,37293,24,771,low,approved,37293,mobile_app,false,706
app_20250112_00004986,2025-01-12 03:50:48,cust_184432,ATVI,personal_loan,30565,24,674,medium,approved,30565,call_center,true,863
app_20250112_00004987,2025-01-12 07:32:41,cust_9110690,ATVI,refinance,119009,120,649,medium,rejected,0,mobile_app,false,44
app_20250112_00004988,2025-01-12 18:37:54,cust_9620138,FRID,credit_card,17309,12,638,medium,approved,17309,branch,false,324
app_20250112_00004989,2025-01-12 02:13:26,cust_420537,ATVI,mortgage,249025,240,653,medium,approved,249025,atm,true,718
app_20250112_00004990,2025-01-12 07:34:39,cust_6608865,CZPR,refinance,205767,360,774,low,approved,205767,branch,true,557
app_20250112_00004991,2025-01-12 02:41:11,cust_8799961,ESMA,education_loan,32251,24,496,high,rejected,0,branch,false,139
app_20250112_00004992,2025-01-12 22:38:28,cust_1519257,SESV,credit_card,34747,48,661,medium,approved,34747,mobile,false,262
app_20250112_00004993,2025-01-12 01:26:49,cust_4404599,PLWA,mortgage,156897,360,628,medium,approved,156897,online_banking,false,311
app_20250112_00004994,2025-01-12 19:57:53,cust_7265113,NLAM,business_loan,23207,36,677,medium,approved,23207,atm,true,708
app_20250112_00004995,2025-01-12 12:37:49,cust_5164634,FRID,refinance,321985,240,625,medium,approved,321985,online_banking,false,516
app_20250112_00004996,2025-01-12 17:01:22,cust_2846838,AUTR,auto_loan,17253,72,553,medium,approved,17253,web,true,346
app_20250112_00004997,2025-01-12 04:25:40,cust_2685037,CZPR,auto_loan,42634,60,771,low,approved,42634,call_center,true,854
app_20250112_00004998,2025-01-12 10:38:56,cust_5937335,CZPR,business_loan,33249,48,594,medium,rejected,0,mobile,true,161
app_20250112_00004999,2025-01-12 23:19:29,cust_9393526,ATVI,personal_loan,17707,24,574,medium,approved,17707,atm,false,232
app_20250112_00005000,2025-01-12 17:59:16,cust_8487630,ATVI,auto_loan,35469,36,653,medium,approved,35469,call_center,false,406
app_20250112_00005001,2025-01-12 03:22:28,cust_7335025,ESMA,credit_card,15998,24,440,high,rejected,0,web,true,164
app_20250112_00005002,2025-01-12 19:07:51,cust_476001,BENL,refinance,288217,360,522,medium,rejected,0,atm,true,38
app_20250112_00005003,2025-01-12 13:03:46,cust_5932986,NLAM,mortgage,311044,180,796,low,approved,311044,partner,true,41
app_20250112_00005004,2025-01-12 07:15:08,cust_6845600,ITMI,auto_loan,52138,24,685,medium,rejected,0,online_banking,true,158
app_20250112_00005005,2025-01-12 00:42:45,cust_2744481,UKLO,cash_loan,4860,42,740,low,approved,4860,branch,true,292
app_20250112_00005006,2025-01-12 19:20:19,cust_2690635,GRRE,cash_loan,33141,42,583,medium,approved,33141,online_banking,false,274
app_20250112_00005007,2025-01-12 16:27:51,cust_7297699,AUTR,cash_loan,5225,48,829,low,approved,5225,mobile_app,true,293
app_20250112_00005008,2025-01-12 21:20:41,cust_5788775,PORP,cash_loan,4072,42,773,low,approved,4072,partner,false,849
app_20250112_00005009,2025-01-12 21:37:06,cust_3914433,FRID,mortgage,297857,120,762,low,approved,297857,branch,false,724
app_20250112_00005010,2025-01-12 00:49:29,cust_4472101,NLAM,cash_loan,46914,42,590,medium,rejected,0,branch,true,107
app_20250112_00005011,2025-01-12 02:32:37,cust_298036,CHBE,mortgage,352950,120,644,medium,approved,352950,atm,true,319
app_20250112_00005012,2025-01-12 09:28:09,cust_7869844,PLWA,personal_loan,3643,42,747,low,approved,3643,online_banking,true,537
app_20250112_00005013,2025-01-12 16:13:01,cust_1915701,UKLO,personal_loan,9270,36,655,medium,approved,9270,mobile,false,401
app_20250112_00005014,2025-01-12 07:46:11,cust_6632540,ESMA,personal_loan,45206,12,592,medium,rejected,0,web,false,27
app_20250112_00005015,2025-01-12 21:52:39,cust_4090924,PORP,credit_card,25626,36,668,medium,rejected,0,web,false,90
app_20250112_00005016,2025-01-12 04:20:32,cust_251500,UKLO,education_loan,22076,12,608,medium,rejected,0,branch,false,52
app_20250112_00005017,2025-01-12 01:14:38,cust_6421100,PLWA,cash_loan,33642,18,678,medium,rejected,0,atm,false,20
app_20250112_00005018,2025-01-12 09:24:06,cust_9660907,ESMA,business_loan,27537,24,602,medium,approved,27537,mobile_app,true,760
app_20250112_00005019,2025-01-12 23:10:40,cust_4173232,PLWA,mortgage,247028,240,538,medium,rejected,0,atm,true,27
app_20250112_00005020,2025-01-12 23:44:32,cust_2743981,SESV,credit_card,31000,12,551,medium,approved,31000,mobile_app,true,765
app_20250112_00005021,2025-01-12 04:05:28,cust_2188948,ESMA,mortgage,452907,180,770,low,approved,452907,call_center,true,111
app_20250112_00005022,2025-01-12 05:05:54,cust_4205485,DEHE,mortgage,495371,180,808,low,approved,495371,mobile,false,829
app_20250112_00005023,2025-01-12 15:33:40,cust_7669815,ITMI,mortgage,496327,120,605,medium,approved,496327,mobile_app,true,165
app_20250112_00005024,2025-01-12 16:23:16,cust_2555751,CHBE,mortgage,275452,300,685,medium,approved,275452,atm,true,444
app_20250112_00005025,2025-01-12 01:48:52,cust_5205141,NLAM,refinance,249546,180,781,low,approved,249546,mobile_app,false,804
app_20250112_00005026,2025-01-12 03:14:53,cust_797860,DEHE,refinance,208114,240,729,low,approved,208114,call_center,false,796
app_20250112_00005027,2025-01-12 04:40:10,cust_1796694,SESV,business_loan,22625,36,532,medium,approved,22625,call_center,true,349
app_20250112_00005028,2025-01-12 01:33:09,cust_3477090,CZPR,business_loan,8107,24,604,medium,approved,8107,mobile_app,true,682
app_20250112_00005029,2025-01-12 02:22:19,cust_4240769,BENL,mortgage,262662,240,629,medium,approved,262662,online_banking,false,77
app_20250112_00005030,2025-01-12 03:08:16,cust_8583432,BENL,mortgage,298840,120,693,medium,rejected,0,online_banking,true,8
app_20250112_00005031,2025-01-12 09:08:57,cust_1426192,FRID,personal_loan,28520,12,745,low,approved,28520,atm,false,865
app_20250112_00005032,2025-01-12 05:32:54,cust_2836803,GRRE,cash_loan,24601,48,721,low,approved,24601,mobile_app,false,710
app_20250112_00005033,2025-01-12 19:07:19,cust_2633087,GRRE,business_loan,39567,48,734,low,approved,39567,call_center,false,322
app_20250112_00005034,2025-01-12 13:15:29,cust_4794099,ATVI,credit_card,48451,24,547,medium,rejected,0,branch,true,154
app_20250112_00005035,2025-01-12 23:56:28,cust_5094248,PORP,education_loan,16979,12,839,low,rejected,0,mobile,false,170
app_20250112_00005036,2025-01-12 20:48:14,cust_6351895,DEHE,personal_loan,21686,12,702,low,approved,21686,partner,true,184
app_20250112_00005037,2025-01-12 06:22:01,cust_2735354,PORP,refinance,324966,240,685,medium,approved,324966,partner,true,79
app_20250112_00005038,2025-01-12 05:09:21,cust_6674708,FRID,refinance,465487,120,415,high,rejected,0,web,false,18
app_20250112_00005039,2025-01-12 09:33:03,cust_7157992,DEHE,personal_loan,13809,18,604,medium,approved,13809,partner,false,389
app_20250112_00005040,2025-01-12 23:50:39,cust_8420280,UKLO,cash_loan,30438,18,774,low,approved,30438,mobile_app,true,641
app_20250112_00005041,2025-01-12 06:35:32,cust_6294663,PLWA,credit_card,13195,42,563,medium,approved,13195,partner,false,93
app_20250112_00005042,2025-01-12 23:23:39,cust_7890976,ESMA,credit_card,45896,48,757,low,approved,45896,mobile_app,true,603
app_20250112_00005043,2025-01-12 07:23:13,cust_1399804,AUTR,personal_loan,41195,36,659,medium,approved,41195,partner,false,804
app_20250112_00005044,2025-01-12 20:08:29,cust_3335283,PLWA,mortgage,396964,180,625,medium,rejected,0,atm,true,57
app_20250112_00005045,2025-01-12 06:26:20,cust_5725710,SESV,credit_card,35850,12,632,medium,rejected,0,web,false,33
app_20250112_00005046,2025-01-12 03:31:18,cust_8967633,AUTR,business_loan,8480,12,523,medium,rejected,0,partner,false,121
app_20250112_00005047,2025-01-12 02:19:24,cust_899005,ATVI,business_loan,26260,60,663,medium,approved,26260,call_center,false,871
app_20250112_00005048,2025-01-12 23:10:08,cust_5021527,CHBE,business_loan,12124,36,572,medium,rejected,0,web,true,165
app_20250112_00005049,2025-01-12 16:47:50,cust_1750508,NLAM,business_loan,17668,60,610,medium,approved,17668,web,true,298
app_20250112_00005050,2025-01-12 05:21:06,cust_3765350,SESV,refinance,104003,120,622,medium,rejected,0,mobile_app,false,72
app_20250112_00005051,2025-01-12 13:34:54,cust_9133876,AUTR,personal_loan,11026,42,850,low,approved,11026,mobile_app,true,883
app_20250112_00005052,2025-01-12 03:30:57,cust_8965241,ITMI,personal_loan,42538,48,711,low,approved,42538,atm,false,332
app_20250112_00005053,2025-01-12 09:27:42,cust_5119582,AUTR,business_loan,12122,36,825,low,approved,12122,call_center,false,697
app_20250112_00005054,2025-01-12 13:43:20,cust_777470,CHBE,education_loan,19955,48,702,low,approved,19955,mobile_app,true,97
app_20250112_00005055,2025-01-12 03:06:35,cust_5521690,ATVI,personal_loan,34823,48,483,high,rejected,0,call_center,false,144
app_20250112_00005056,2025-01-12 09:14:41,cust_2158828,GRRE,education_loan,6999,48,629,medium,approved,6999,mobile,true,418
app_20250112_00005057,2025-01-12 11:54:52,cust_1248035,ESMA,personal_loan,39917,48,542,medium,rejected,0,partner,true,117
app_20250112_00005058,2025-01-12 03:06:28,cust_5669662,ITMI,education_loan,37814,24,608,medium,approved,37814,atm,true,205
app_20250112_00005059,2025-01-12 11:58:59,cust_680688,CHBE,mortgage,187020,240,651,medium,rejected,0,call_center,false,20
app_20250112_00005060,2025-01-12 01:01:04,cust_8452840,GRRE,credit_card,36520,48,771,low,approved,36520,mobile,true,310
app_20250112_00005061,2025-01-12 16:55:23,cust_136514,PLWA,auto_loan,49283,48,562,medium,rejected,0,mobile_app,true,109
app_20250112_00005062,2025-01-12 18:15:27,cust_7579487,BENL,refinance,374601,240,595,medium,rejected,0,call_center,true,52
app_20250112_00005063,2025-01-12 21:42:21,cust_2978436,DEHE,personal_loan,9977,36,588,medium,rejected,0,atm,false,110
app_20250112_00005064,2025-01-12 08:07:38,cust_6409458,GRRE,refinance,181626,360,644,medium,approved,181626,mobile_app,false,699
app_20250112_00005065,2025-01-12 02:52:40,cust_6130145,GRRE,business_loan,33533,12,799,low,approved,33533,partner,false,743
app_20250112_00005066,2025-01-12 14:50:32,cust_1185756,BENL,personal_loan,18787,42,743,low,approved,18787,call_center,true,729
app_20250112_00005067,2025-01-12 02:15:26,cust_8956421,BENL,mortgage,456676,360,639,medium,approved,456676,partner,true,438
app_20250112_00005068,2025-01-12 13:48:29,cust_6518000,BENL,cash_loan,36468,48,604,medium,rejected,0,partner,true,96
app_20250112_00005069,2025-01-12 20:54:28,cust_9427727,FRID,auto_loan,31607,48,780,low,rejected,0,mobile,false,29
app_20250112_00005070,2025-01-12 10:58:38,cust_5566102,GRRE,mortgage,410561,180,645,medium,approved,410561,web,false,749
app_20250112_00005071,2025-01-12 00:33:01,cust_2080631,SESV,cash_loan,24928,30,776,low,approved,24928,call_center,true,650
app_20250112_00005072,2025-01-12 03:41:05,cust_2867813,PLWA,credit_card,49773,24,485,high,rejected,0,web,false,161
app_20250112_00005073,2025-01-12 06:48:44,cust_5215321,SESV,refinance,172491,240,563,medium,rejected,0,atm,true,118
app_20250112_00005074,2025-01-12 13:34:45,cust_8626059,UKLO,credit_card,34517,42,647,medium,rejected,0,mobile,true,93
app_20250112_00005075,2025-01-12 13:43:03,cust_1361224,UKLO,mortgage,110631,300,689,medium,rejected,0,call_center,false,15
app_20250112_00005076,2025-01-12 19:55:19,cust_1412282,AUTR,cash_loan,31935,12,664,medium,approved,31935,mobile_app,false,650
app_20250112_00005077,2025-01-12 08:09:35,cust_5249532,PLWA,education_loan,37415,60,628,medium,approved,37415,call_center,false,450
app_20250112_00005078,2025-01-12 16:14:00,cust_9361923,ITMI,personal_loan,49149,12,591,medium,rejected,0,mobile,false,44
app_20250112_00005079,2025-01-12 11:27:07,cust_1395406,AUTR,education_loan,34807,24,754,low,approved,34807,call_center,false,124
app_20250112_00005080,2025-01-12 18:05:09,cust_7719023,CHBE,auto_loan,25546,24,599,medium,rejected,0,call_center,true,158
app_20250112_00005081,2025-01-12 11:08:35,cust_1225768,BENL,business_loan,19086,24,443,high,approved,19086,online_banking,true,400
app_20250112_00005082,2025-01-12 03:59:11,cust_6996058,FRID,refinance,245611,300,640,medium,rejected,0,partner,true,116
app_20250112_00005083,2025-01-12 03:06:12,cust_4509155,NLAM,mortgage,50088,240,571,medium,approved,50088,call_center,false,894
app_20250112_00005084,2025-01-12 03:49:38,cust_107635,ITMI,personal_loan,13203,48,640,medium,approved,13203,partner,true,794
app_20250112_00005085,2025-01-12 13:18:16,cust_9117065,GRRE,cash_loan,32217,24,599,medium,rejected,0,mobile_app,true,119
app_20250112_00005086,2025-01-12 12:47:12,cust_8595382,GRRE,refinance,208848,300,754,low,approved,208848,online_banking,false,856
app_20250112_00005087,2025-01-12 15:07:48,cust_7152809,ITMI,business_loan,9226,60,850,low,approved,9226,mobile_app,true,745
app_20250112_00005088,2025-01-12 16:32:37,cust_6577635,NLAM,education_loan,20343,60,707,low,approved,20343,atm,true,305
app_20250112_00005089,2025-01-12 06:34:23,cust_1379564,ESMA,cash_loan,14828,24,606,medium,rejected,0,branch,false,38
app_20250112_00005090,2025-01-12 01:38:22,cust_1637338,SESV,business_loan,21761,12,711,low,approved,21761,call_center,false,349
app_20250112_00005091,2025-01-12 07:11:04,cust_7432807,NLAM,personal_loan,34090,24,796,low,approved,34090,call_center,false,815
app_20250112_00005092,2025-01-12 12:17:53,cust_1509849,ESMA,refinance,433950,180,817,low,approved,433950,branch,false,695
app_20250112_00005093,2025-01-12 16:28:37,cust_9152006,PORP,auto_loan,57875,48,757,low,approved,57875,mobile,false,96
app_20250112_00005094,2025-01-12 04:18:16,cust_5567955,AUTR,mortgage,270478,180,574,medium,approved,270478,online_banking,false,231
app_20250112_00005095,2025-01-12 13:47:55,cust_9497387,PLWA,personal_loan,39882,36,714,low,approved,39882,mobile_app,true,459
app_20250112_00005096,2025-01-12 04:53:12,cust_6683507,PLWA,personal_loan,37057,30,603,medium,approved,37057,online_banking,true,525
app_20250112_00005097,2025-01-12 14:43:36,cust_5441281,PORP,mortgage,370902,240,611,medium,rejected,0,call_center,true,114
app_20250112_00005098,2025-01-12 11:50:06,cust_7715568,PORP,refinance,114069,180,672,medium,approved,114069,atm,true,389
app_20250112_00005099,2025-01-12 09:24:20,cust_892607,ATVI,business_loan,6653,48,620,medium,approved,6653,atm,false,825
app_20250112_00005100,2025-01-12 14:43:25,cust_135458,FRID,refinance,427561,240,641,medium,rejected,0,mobile_app,true,76
app_20250112_00005101,2025-01-12 18:31:51,cust_9367668,CZPR,refinance,289871,180,643,medium,approved,289871,online_banking,false,103
app_20250112_00005102,2025-01-12 10:02:03,cust_363184,ITMI,credit_card,8009,30,658,medium,approved,8009,web,true,646
app_20250112_00005103,2025-01-12 22:47:03,cust_3195717,GRRE,business_loan,33025,36,650,medium,approved,33025,branch,false,325
app_20250112_00005104,2025-01-12 08:04:29,cust_743710,FRID,cash_loan,38969,42,642,medium,approved,38969,branch,false,862
app_20250112_00005105,2025-01-12 19:05:06,cust_6661793,ITMI,personal_loan,12460,24,754,low,approved,12460,online_banking,true,60
app_20250112_00005106,2025-01-12 06:26:50,cust_9897708,FRID,refinance,133701,120,377,high,rejected,0,mobile,false,92
app_20250112_00005107,2025-01-12 05:11:14,cust_807942,DEHE,business_loan,33356,12,349,high,rejected,0,atm,true,43
app_20250112_00005108,2025-01-12 09:56:48,cust_9311816,PORP,personal_loan,13157,18,706,low,approved,13157,online_banking,true,449
app_20250112_00005109,2025-01-12 17:57:48,cust_9300576,SESV,education_loan,31677,36,826,low,approved,31677,branch,false,220
app_20250112_00005110,2025-01-12 15:11:55,cust_3080251,FRID,mortgage,224383,240,691,medium,approved,224383,call_center,false,832
app_20250112_00005111,2025-01-12 15:58:29,cust_3971313,CZPR,cash_loan,32353,12,715,low,approved,32353,atm,false,555
app_20250112_00005112,2025-01-12 09:09:00,cust_9801831,BENL,mortgage,246295,300,574,medium,rejected,0,call_center,false,99
app_20250112_00005113,2025-01-12 23:49:15,cust_6665657,NLAM,personal_loan,47709,36,733,low,approved,47709,partner,false,609
app_20250112_00005114,2025-01-12 22:34:27,cust_9767971,CHBE,credit_card,19475,36,601,medium,approved,19475,call_center,false,822
app_20250112_00005115,2025-01-12 17:04:51,cust_6568004,DEHE,education_loan,30974,24,690,medium,approved,30974,mobile_app,true,310
app_20250112_00005116,2025-01-12 21:26:38,cust_827067,CHBE,credit_card,32547,36,621,medium,approved,32547,partner,false,148
app_20250112_00005117,2025-01-12 02:50:25,cust_1494516,DEHE,credit_card,29242,36,728,low,approved,29242,atm,false,670
app_20250112_00005118,2025-01-12 01:37:11,cust_320092,DEHE,credit_card,33975,24,812,low,approved,33975,online_banking,false,387
app_20250112_00005119,2025-01-12 15:29:26,cust_1318328,AUTR,refinance,320579,240,642,medium,approved,320579,branch,false,599
app_20250112_00005120,2025-01-12 02:13:06,cust_5444782,GRRE,credit_card,34902,12,565,medium,approved,34902,online_banking,true,380
app_20250112_00005121,2025-01-12 17:40:53,cust_7769836,GRRE,mortgage,146037,120,610,medium,approved,146037,atm,true,320
app_20250112_00005122,2025-01-12 15:22:52,cust_8233137,AUTR,credit_card,41065,48,809,low,approved,41065,branch,false,662
app_20250112_00005123,2025-01-12 22:37:01,cust_590279,ATVI,mortgage,90912,300,647,medium,approved,90912,online_banking,true,572
app_20250112_00005124,2025-01-12 20:23:51,cust_7646810,CHBE,personal_loan,27415,18,830,low,approved,27415,partner,false,792
app_20250112_00005125,2025-01-12 10:49:04,cust_380411,PORP,credit_card,15857,36,601,medium,approved,15857,mobile,true,380
app_20250112_00005126,2025-01-12 12:29:07,cust_8310694,NLAM,refinance,267791,360,647,medium,rejected,0,branch,true,122
app_20250112_00005127,2025-01-12 00:30:26,cust_4667350,FRID,personal_loan,8224,30,617,medium,approved,8224,branch,false,77
app_20250112_00005128,2025-01-12 11:27:07,cust_1794917,PLWA,business_loan,10401,24,624,medium,rejected,0,branch,true,105
app_20250112_00005129,2025-01-12 09:24:06,cust_8601496,PLWA,mortgage,378874,300,497,high,rejected,0,atm,true,158
app_20250112_00005130,2025-01-12 03:21:38,cust_9535995,GRRE,mortgage,164982,300,450,high,approved,164982,web,true,449
app_20250112_00005131,2025-01-12 20:09:18,cust_9204150,ESMA,auto_loan,11788,48,670,medium,approved,11788,partner,true,384
app_20250112_00005132,2025-01-12 03:05:29,cust_8523894,DEHE,refinance,447198,180,526,medium,approved,447198,branch,false,204
app_20250112_00005133,2025-01-12 08:47:58,cust_5582572,NLAM,personal_loan,8571,18,655,medium,approved,8571,atm,false,727
app_20250112_00005134,2025-01-12 11:17:03,cust_8170636,SESV,education_loan,9633,12,712,low,rejected,0,partner,false,10
app_20250112_00005135,2025-01-12 18:01:57,cust_3724918,AUTR,mortgage,312701,300,685,medium,approved,312701,web,false,370
app_20250112_00005136,2025-01-12 22:49:35,cust_5816797,PORP,refinance,462603,180,809,low,approved,462603,web,true,781
app_20250112_00005137,2025-01-12 03:31:47,cust_4834050,SESV,refinance,117865,300,738,low,approved,117865,online_banking,true,871
app_20250112_00005138,2025-01-12 09:41:31,cust_5775514,UKLO,personal_loan,41527,48,664,medium,approved,41527,atm,true,834
app_20250112_00005139,2025-01-12 02:14:11,cust_5352664,CHBE,business_loan,27542,24,850,low,approved,27542,online_banking,false,495
app_20250112_00005140,2025-01-12 01:35:44,cust_1027897,ESMA,cash_loan,39289,12,579,medium,approved,39289,call_center,true,749
app_20250112_00005141,2025-01-12 12:47:17,cust_6620490,UKLO,business_loan,7934,24,696,medium,approved,7934,mobile,false,785
app_20250112_00005142,2025-01-12 16:20:10,cust_5758465,ESMA,refinance,274587,360,581,medium,rejected,0,call_center,false,31
app_20250112_00005143,2025-01-12 11:43:59,cust_3865829,SESV,education_loan,5709,36,542,medium,rejected,0,mobile,false,51
app_20250112_00005144,2025-01-12 11:57:09,cust_103009,UKLO,personal_loan,40000,42,619,medium,approved,40000,mobile,false,704
app_20250112_00005145,2025-01-12 06:15:56,cust_5666684,ESMA,auto_loan,22376,48,740,low,approved,22376,branch,true,208
app_20250112_00005146,2025-01-12 09:13:27,cust_2918471,PLWA,credit_card,22633,12,693,medium,approved,22633,online_banking,false,564
app_20250112_00005147,2025-01-12 04:28:01,cust_333122,ESMA,business_loan,28355,36,622,medium,approved,28355,atm,false,552
app_20250112_00005148,2025-01-12 17:28:27,cust_7312443,BENL,personal_loan,16737,42,607,medium,rejected,0,online_banking,false,27
app_20250112_00005149,2025-01-12 09:00:57,cust_7811174,GRRE,cash_loan,21588,30,617,medium,approved,21588,branch,false,243
app_20250112_00005150,2025-01-12 01:53:23,cust_8108648,CHBE,credit_card,6537,12,634,medium,approved,6537,atm,false,863
app_20250112_00005151,2025-01-12 12:37:07,cust_7400005,ESMA,personal_loan,44421,36,430,high,rejected,0,partner,true,69
app_20250112_00005152,2025-01-12 12:49:33,cust_6762577,PLWA,mortgage,265061,240,806,low,approved,265061,atm,true,347
app_20250112_00005153,2025-01-12 00:23:03,cust_6847329,NLAM,mortgage,319649,360,607,medium,rejected,0,mobile,true,102
app_20250112_00005154,2025-01-12 06:28:18,cust_6120035,NLAM,refinance,164044,300,504,medium,approved,164044,branch,false,215
app_20250112_00005155,2025-01-12 15:20:31,cust_3805044,UKLO,refinance,216747,120,740,low,approved,216747,mobile_app,true,35
app_20250112_00005156,2025-01-12 21:46:59,cust_9016276,ESMA,cash_loan,23832,24,521,medium,rejected,0,mobile,true,177
app_20250112_00005157,2025-01-12 03:03:44,cust_7107951,AUTR,business_loan,5046,48,519,medium,approved,5046,partner,true,866
app_20250112_00005158,2025-01-12 12:39:28,cust_5550446,ITMI,education_loan,27649,12,703,low,approved,27649,partner,false,136
app_20250112_00005159,2025-01-12 09:09:20,cust_4326582,ATVI,personal_loan,23283,18,443,high,rejected,0,call_center,false,141
app_20250112_00005160,2025-01-12 18:57:36,cust_2670925,ESMA,refinance,99964,180,715,low,approved,99964,web,true,331
app_20250112_00005161,2025-01-12 17:46:11,cust_4053727,UKLO,mortgage,490669,180,787,low,approved,490669,mobile_app,true,581
app_20250112_00005162,2025-01-12 19:56:59,cust_5264612,NLAM,business_loan,37620,48,506,medium,rejected,0,partner,true,9
app_20250112_00005163,2025-01-12 00:20:05,cust_8670810,ITMI,personal_loan,17066,18,551,medium,approved,17066,web,true,109
app_20250112_00005164,2025-01-12 12:04:22,cust_1782215,CZPR,refinance,341800,300,647,medium,approved,341800,partner,false,497
app_20250112_00005165,2025-01-12 05:51:08,cust_7889608,SESV,auto_loan,37799,60,850,low,rejected,0,call_center,true,24
app_20250112_00005166,2025-01-12 00:24:23,cust_1294922,FRID,mortgage,251571,180,740,low,approved,251571,mobile,true,187
app_20250112_00005167,2025-01-12 15:08:21,cust_8827729,DEHE,business_loan,35249,12,676,medium,approved,35249,web,false,831
app_20250112_00005168,2025-01-12 18:27:17,cust_2185674,PORP,personal_loan,35635,30,689,medium,rejected,0,online_banking,false,50
app_20250112_00005169,2025-01-12 20:46:06,cust_7149737,CZPR,personal_loan,20966,36,664,medium,approved,20966,branch,true,42
app_20250112_00005170,2025-01-12 10:31:22,cust_9110618,ITMI,credit_card,11375,12,665,medium,approved,11375,atm,false,167
app_20250112_00005171,2025-01-12 07:15:08,cust_4975782,CZPR,business_loan,16161,12,600,medium,rejected,0,branch,false,32
app_20250112_00005172,2025-01-12 16:34:00,cust_3965723,FRID,refinance,66998,120,536,medium,approved,66998,partner,true,560
app_20250112_00005173,2025-01-12 18:07:30,cust_5724398,GRRE,mortgage,57622,300,667,medium,rejected,0,web,false,131
app_20250112_00005174,2025-01-12 19:01:09,cust_7531136,ATVI,auto_loan,8895,60,811,low,approved,8895,mobile,false,762
app_20250112_00005175,2025-01-12 22:22:37,cust_6941622,PORP,personal_loan,26383,12,600,medium,rejected,0,web,true,152
app_20250112_00005176,2025-01-12 10:17:18,cust_5778809,CZPR,education_loan,31750,36,564,medium,rejected,0,branch,true,43
app_20250112_00005177,2025-01-12 17:06:08,cust_7279979,ATVI,education_loan,33504,36,671,medium,rejected,0,web,true,160
app_20250112_00005178,2025-01-12 16:18:17,cust_4541364,BENL,business_loan,17897,48,647,medium,approved,17897,mobile_app,true,214
app_20250112_00005179,2025-01-12 06:10:32,cust_6925418,GRRE,mortgage,94291,300,579,medium,rejected,0,web,false,117
app_20250112_00005180,2025-01-12 11:38:43,cust_6441621,CHBE,cash_loan,47589,42,684,medium,rejected,0,partner,true,151
app_20250112_00005181,2025-01-12 14:39:06,cust_8258056,ITMI,personal_loan,40351,30,753,low,approved,40351,call_center,false,149
app_20250112_00005182,2025-01-12 12:35:43,cust_4132759,ESMA,personal_loan,9871,24,658,medium,approved,9871,online_banking,false,569
app_20250112_00005183,2025-01-12 01:50:37,cust_4169281,PLWA,education_loan,8471,12,674,medium,approved,8471,call_center,false,99
app_20250112_00005184,2025-01-12 18:57:08,cust_1992118,PLWA,auto_loan,58594,48,621,medium,rejected,0,web,true,127
app_20250112_00005185,2025-01-12 07:39:50,cust_5130362,CHBE,mortgage,86496,300,641,medium,approved,86496,mobile,true,830
app_20250112_00005186,2025-01-12 15:36:53,cust_6072952,GRRE,mortgage,146528,300,685,medium,approved,146528,mobile,false,814
app_20250112_00005187,2025-01-12 01:00:31,cust_410034,PLWA,auto_loan,24927,60,521,medium,rejected,0,mobile_app,false,74
app_20250112_00005188,2025-01-12 08:30:56,cust_334454,CHBE,education_loan,26420,48,679,medium,rejected,0,online_banking,true,115
app_20250112_00005189,2025-01-12 17:01:01,cust_7226578,FRID,cash_loan,32197,12,780,low,approved,32197,call_center,true,240
app_20250112_00005190,2025-01-12 09:13:48,cust_2851429,CZPR,refinance,257943,240,700,low,approved,257943,branch,false,388
app_20250112_00005191,2025-01-12 09:17:15,cust_4284443,FRID,personal_loan,31664,48,651,medium,rejected,0,call_center,false,48
app_20250112_00005192,2025-01-12 22:12:09,cust_7364016,PLWA,personal_loan,13194,48,596,medium,approved,13194,call_center,false,512
app_20250112_00005193,2025-01-12 01:02:20,cust_2023945,PLWA,refinance,383429,180,696,medium,approved,383429,web,false,639
app_20250112_00005194,2025-01-12 22:05:55,cust_6377385,AUTR,auto_loan,41572,60,789,low,rejected,0,call_center,true,93
app_20250112_00005195,2025-01-12 07:02:43,cust_4688512,FRID,refinance,419782,360,524,medium,rejected,0,atm,true,96
app_20250112_00005196,2025-01-12 12:10:59,cust_5224178,ESMA,credit_card,10949,36,651,medium,approved,10949,atm,false,456
app_20250112_00005197,2025-01-12 01:22:16,cust_4708014,GRRE,business_loan,9350,36,806,low,approved,9350,call_center,true,650
app_20250112_00005198,2025-01-12 09:40:12,cust_5223665,PORP,personal_loan,9409,36,814,low,approved,9409,mobile,false,500
app_20250112_00005199,2025-01-12 17:25:37,cust_8917755,ITMI,credit_card,42377,42,742,low,approved,42377,branch,true,650
app_20250112_00005200,2025-01-12 15:50:05,cust_2707941,NLAM,refinance,50763,180,529,medium,approved,50763,web,false,535
app_20250112_00005201,2025-01-12 00:24:09,cust_3611090,AUTR,business_loan,14276,24,472,high,rejected,0,branch,false,173
app_20250112_00005202,2025-01-12 02:09:02,cust_6502433,ITMI,education_loan,39055,24,741,low,approved,39055,partner,false,549
app_20250112_00005203,2025-01-12 12:35:55,cust_8208173,GRRE,education_loan,24256,48,801,low,approved,24256,atm,false,808
app_20250112_00005204,2025-01-12 21:19:33,cust_100118,ATVI,mortgage,244665,240,650,medium,approved,244665,atm,true,287
app_20250112_00005205,2025-01-12 19:38:18,cust_4224155,PORP,auto_loan,24771,60,697,medium,approved,24771,atm,false,748
app_20250112_00005206,2025-01-12 10:30:09,cust_4234507,SESV,refinance,68590,240,798,low,approved,68590,partner,true,191
app_20250112_00005207,2025-01-12 14:18:57,cust_3291665,BENL,personal_loan,14935,24,760,low,approved,14935,mobile,false,199
app_20250112_00005208,2025-01-12 06:22:12,cust_7751893,GRRE,education_loan,39374,36,529,medium,rejected,0,partner,false,97
app_20250112_00005209,2025-01-12 12:14:39,cust_3718329,GRRE,business_loan,34457,60,582,medium,approved,34457,mobile_app,true,50
app_20250112_00005210,2025-01-12 03:05:15,cust_872304,GRRE,education_loan,23192,24,652,medium,approved,23192,online_banking,true,324
app_20250112_00005211,2025-01-12 07:21:35,cust_490900,ESMA,auto_loan,16636,60,716,low,approved,16636,mobile_app,false,347
app_20250112_00005212,2025-01-12 08:19:20,cust_6432164,CHBE,auto_loan,53198,24,850,low,approved,53198,mobile_app,true,71
app_20250112_00005213,2025-01-12 09:27:28,cust_312941,PLWA,cash_loan,15962,30,734,low,approved,15962,mobile,true,451
app_20250112_00005214,2025-01-12 21:23:34,cust_6830805,SESV,cash_loan,4273,42,822,low,approved,4273,online_banking,true,867
app_20250112_00005215,2025-01-12 19:20:30,cust_5074945,FRID,education_loan,5343,60,697,medium,approved,5343,mobile,false,98
app_20250112_00005216,2025-01-12 11:30:58,cust_3363809,GRRE,cash_loan,37223,42,511,medium,rejected,0,online_banking,false,36
app_20250112_00005217,2025-01-12 17:07:21,cust_9392498,ESMA,cash_loan,46894,18,705,low,approved,46894,online_banking,false,627
app_20250112_00005218,2025-01-12 04:04:14,cust_8694106,NLAM,personal_loan,25001,36,682,medium,approved,25001,partner,false,283
app_20250112_00005219,2025-01-12 01:50:13,cust_7419607,PLWA,personal_loan,24965,24,767,low,approved,24965,branch,true,304
app_20250112_00005220,2025-01-12 16:14:13,cust_7893895,CHBE,credit_card,31637,42,704,low,approved,31637,online_banking,false,599
app_20250112_00005221,2025-01-12 09:19:55,cust_3369342,ESMA,business_loan,28279,12,567,medium,approved,28279,partner,true,577
app_20250112_00005222,2025-01-12 01:32:22,cust_9340710,GRRE,business_loan,3887,12,579,medium,rejected,0,partner,false,167
app_20250112_00005223,2025-01-12 20:50:03,cust_1851496,AUTR,mortgage,474886,240,598,medium,approved,474886,partner,true,224
app_20250112_00005224,2025-01-12 16:18:30,cust_4108433,DEHE,business_loan,35735,48,668,medium,approved,35735,web,false,671
app_20250112_00005225,2025-01-12 09:44:07,cust_7916380,AUTR,auto_loan,48614,36,794,low,approved,48614,partner,true,633
app_20250112_00005226,2025-01-12 02:58:58,cust_2819848,FRID,credit_card,41202,12,709,low,approved,41202,call_center,false,291
app_20250112_00005227,2025-01-12 05:05:49,cust_6973658,FRID,mortgage,469321,300,487,high,rejected,0,partner,false,54
app_20250112_00005228,2025-01-12 13:50:37,cust_291601,ITMI,personal_loan,14043,24,739,low,approved,14043,call_center,true,598
app_20250112_00005229,2025-01-12 11:53:03,cust_5463857,SESV,cash_loan,35239,30,681,medium,rejected,0,mobile_app,true,52
app_20250112_00005230,2025-01-12 07:11:10,cust_8777615,ITMI,education_loan,36128,12,536,medium,rejected,0,call_center,false,27
app_20250112_00005231,2025-01-12 10:33:58,cust_4981396,PLWA,business_loan,2931,24,593,medium,approved,2931,online_banking,true,788
app_20250112_00005232,2025-01-12 14:03:51,cust_8306365,SESV,personal_loan,35291,42,649,medium,rejected,0,call_center,true,105
app_20250112_00005233,2025-01-12 01:28:03,cust_7073017,NLAM,mortgage,192829,240,744,low,approved,192829,call_center,false,829
app_20250112_00005234,2025-01-12 16:22:18,cust_168968,CZPR,cash_loan,21395,42,614,medium,approved,21395,mobile_app,false,633
app_20250112_00005235,2025-01-12 08:04:02,cust_9328313,PLWA,auto_loan,6602,24,632,medium,approved,6602,branch,true,232
app_20250112_00005236,2025-01-12 20:57:46,cust_737801,UKLO,mortgage,475843,360,804,low,approved,475843,call_center,false,516
app_20250112_00005237,2025-01-12 16:29:30,cust_875713,NLAM,mortgage,414711,120,707,low,approved,414711,atm,false,722
app_20250112_00005238,2025-01-12 15:34:46,cust_537994,ESMA,auto_loan,30945,48,614,medium,approved,30945,partner,true,769
app_20250112_00005239,2025-01-12 07:05:44,cust_8269448,UKLO,credit_card,39615,30,674,medium,approved,39615,branch,true,130
app_20250112_00005240,2025-01-12 10:32:25,cust_9012132,UKLO,personal_loan,23609,42,595,medium,approved,23609,mobile_app,false,125
app_20250112_00005241,2025-01-12 23:09:59,cust_2477256,PLWA,mortgage,330156,120,678,medium,approved,330156,web,false,60
app_20250112_00005242,2025-01-12 20:59:28,cust_7033631,ESMA,credit_card,34843,12,797,low,approved,34843,web,false,465
app_20250112_00005243,2025-01-12 07:00:38,cust_8714963,AUTR,cash_loan,22373,30,509,medium,approved,22373,branch,true,498
app_20250112_00005244,2025-01-12 09:57:09,cust_8418454,DEHE,business_loan,16478,36,668,medium,approved,16478,call_center,true,54
app_20250112_00005245,2025-01-12 01:32:12,cust_4829003,GRRE,education_loan,15624,12,619,medium,rejected,0,atm,true,40
app_20250112_00005246,2025-01-12 17:51:08,cust_9909962,CHBE,personal_loan,24156,12,675,medium,rejected,0,partner,true,80
app_20250112_00005247,2025-01-12 22:31:12,cust_7510079,ESMA,cash_loan,36881,42,806,low,approved,36881,online_banking,true,580
app_20250112_00005248,2025-01-12 05:15:51,cust_3850366,UKLO,business_loan,17323,24,848,low,approved,17323,mobile,false,654
app_20250112_00005249,2025-01-12 16:50:25,cust_2690941,ATVI,cash_loan,45634,30,685,medium,rejected,0,mobile,false,159
app_20250112_00005250,2025-01-12 16:17:41,cust_6559168,CHBE,mortgage,411045,360,774,low,approved,411045,call_center,true,564
app_20250112_00005251,2025-01-12 08:47:15,cust_4005022,CHBE,refinance,147996,120,671,medium,rejected,0,web,false,117
app_20250112_00005252,2025-01-12 16:06:33,cust_7103206,SESV,mortgage,199289,120,593,medium,rejected,0,atm,true,178
app_20250112_00005253,2025-01-12 22:52:16,cust_3592496,UKLO,refinance,380721,240,768,low,approved,380721,atm,false,354
app_20250112_00005254,2025-01-12 15:30:10,cust_3927661,FRID,auto_loan,12538,72,836,low,approved,12538,mobile,true,269
app_20250112_00005255,2025-01-12 14:22:07,cust_4039659,SESV,credit_card,3417,42,601,medium,approved,3417,mobile_app,false,780
app_20250112_00005256,2025-01-12 22:25:35,cust_7862611,UKLO,credit_card,21121,48,589,medium,rejected,0,branch,false,151
app_20250112_00005257,2025-01-12 10:44:34,cust_4945909,FRID,auto_loan,6043,72,505,medium,approved,6043,mobile_app,true,366
app_20250112_00005258,2025-01-12 06:37:39,cust_876606,DEHE,education_loan,9874,24,651,medium,approved,9874,atm,false,805
app_20250112_00005259,2025-01-12 18:35:30,cust_5136690,ITMI,auto_loan,42936,24,763,low,approved,42936,mobile_app,true,700
app_20250112_00005260,2025-01-12 05:07:48,cust_4378162,FRID,cash_loan,5618,48,590,medium,rejected,0,mobile,true,91
app_20250112_00005261,2025-01-12 18:02:20,cust_1123107,ESMA,mortgage,129698,360,665,medium,approved,129698,partner,false,277
app_20250112_00005262,2025-01-12 09:10:06,cust_5482969,GRRE,business_loan,31227,60,628,medium,rejected,0,mobile,true,85
app_20250112_00005263,2025-01-12 21:53:32,cust_5843261,GRRE,auto_loan,20965,60,683,medium,approved,20965,call_center,true,392
app_20250112_00005264,2025-01-12 22:58:29,cust_8247151,AUTR,auto_loan,11400,72,549,medium,approved,11400,web,false,735
app_20250112_00005265,2025-01-12 19:53:27,cust_5865190,UKLO,education_loan,32797,60,683,medium,approved,32797,mobile,false,186
app_20250112_00005266,2025-01-12 02:29:24,cust_1354548,UKLO,auto_loan,15836,36,611,medium,approved,15836,mobile,true,618
app_20250112_00005267,2025-01-12 07:53:09,cust_6452923,CHBE,refinance,108869,180,584,medium,approved,108869,branch,false,489
app_20250112_00005268,2025-01-12 19:42:58,cust_2910505,CZPR,education_loan,25301,36,681,medium,approved,25301,online_banking,false,543
app_20250112_00005269,2025-01-12 22:43:45,cust_7598003,ITMI,refinance,272071,120,626,medium,rejected,0,online_banking,true,52
app_20250112_00005270,2025-01-12 20:02:47,cust_3306026,SESV,mortgage,78707,120,767,low,approved,78707,call_center,false,783
app_20250112_00005271,2025-01-12 12:30:49,cust_3216992,ATVI,personal_loan,45650,24,648,medium,approved,45650,web,false,310
app_20250112_00005272,2025-01-12 09:57:09,cust_5899407,UKLO,personal_loan,41361,42,716,low,approved,41361,branch,false,74
app_20250112_00005273,2025-01-12 17:18:48,cust_8795982,CHBE,business_loan,15166,60,618,medium,approved,15166,web,false,718
app_20250112_00005274,2025-01-12 01:09:07,cust_7880141,AUTR,business_loan,15085,24,633,medium,approved,15085,web,false,525
app_20250112_00005275,2025-01-12 21:09:33,cust_5481863,UKLO,refinance,314132,180,692,medium,rejected,0,partner,true,106
app_20250112_00005276,2025-01-12 11:54:59,cust_9577431,FRID,personal_loan,15317,24,673,medium,approved,15317,partner,false,571
app_20250112_00005277,2025-01-12 04:25:40,cust_3822769,FRID,cash_loan,8958,12,755,low,approved,8958,online_banking,true,570
app_20250112_00005278,2025-01-12 03:30:40,cust_9818539,AUTR,auto_loan,50165,72,725,low,approved,50165,web,true,404
app_20250112_00005279,2025-01-12 20:51:37,cust_1639244,FRID,cash_loan,44906,42,695,medium,approved,44906,atm,true,520
app_20250112_00005280,2025-01-12 14:33:57,cust_8621510,DEHE,auto_loan,30285,60,703,low,approved,30285,partner,true,730
app_20250112_00005281,2025-01-12 11:49:54,cust_1756453,NLAM,business_loan,28255,24,495,high,rejected,0,branch,false,16
app_20250112_00005282,2025-01-12 07:26:45,cust_573057,FRID,personal_loan,44789,36,783,low,approved,44789,branch,true,849
app_20250112_00005283,2025-01-12 11:41:07,cust_4612800,DEHE,personal_loan,42194,48,539,medium,approved,42194,mobile_app,true,437
app_20250112_00005284,2025-01-12 19:24:07,cust_1200765,ESMA,personal_loan,37713,42,595,medium,approved,37713,branch,true,868
app_20250112_00005285,2025-01-12 00:09:05,cust_1731835,ESMA,business_loan,17924,36,632,medium,rejected,0,web,false,53
app_20250112_00005286,2025-01-12 19:12:28,cust_7218876,CZPR,cash_loan,44085,42,737,low,approved,44085,partner,true,755
app_20250112_00005287,2025-01-12 06:57:30,cust_3956351,CZPR,education_loan,11272,24,652,medium,rejected,0,atm,true,81
app_20250112_00005288,2025-01-12 14:39:32,cust_4692664,FRID,personal_loan,47617,36,590,medium,rejected,0,branch,true,136
app_20250112_00005289,2025-01-12 23:20:05,cust_2753483,CZPR,credit_card,38777,42,741,low,approved,38777,web,false,241
app_20250112_00005290,2025-01-12 20:44:01,cust_5332387,GRRE,refinance,88884,360,780,low,rejected,0,online_banking,true,129
app_20250112_00005291,2025-01-12 03:57:26,cust_4273882,AUTR,auto_loan,38074,36,681,medium,approved,38074,branch,true,128
app_20250112_00005292,2025-01-12 09:59:03,cust_1448079,AUTR,cash_loan,18956,12,612,medium,rejected,0,mobile_app,false,14
app_20250112_00005293,2025-01-12 14:15:19,cust_9390459,PLWA,refinance,233556,180,850,low,approved,233556,mobile,true,658
app_20250112_00005294,2025-01-12 23:57:17,cust_715740,CZPR,personal_loan,2005,42,653,medium,approved,2005,web,false,41
app_20250112_00005295,2025-01-12 07:55:22,cust_9536405,GRRE,personal_loan,10217,24,473,high,rejected,0,atm,false,169
app_20250112_00005296,2025-01-12 08:18:09,cust_9007886,GRRE,auto_loan,32331,48,611,medium,approved,32331,online_banking,false,526
app_20250112_00005297,2025-01-12 03:31:36,cust_2191488,ATVI,refinance,342841,300,629,medium,approved,342841,partner,true,678
app_20250112_00005298,2025-01-12 01:18:52,cust_2872663,BENL,cash_loan,19412,48,615,medium,approved,19412,partner,false,746
app_20250112_00005299,2025-01-12 22:57:10,cust_4865772,FRID,education_loan,26571,24,519,medium,approved,26571,web,true,624
app_20250112_00005300,2025-01-12 10:02:48,cust_1665187,GRRE,mortgage,123818,120,745,low,approved,123818,mobile,true,630
app_20250112_00005301,2025-01-12 20:02:48,cust_474330,DEHE,credit_card,6108,24,706,low,approved,6108,mobile,true,629
app_20250112_00005302,2025-01-12 06:19:07,cust_3858874,FRID,cash_loan,43880,36,526,medium,approved,43880,call_center,true,688
app_20250112_00005303,2025-01-12 11:04:03,cust_5433554,ATVI,refinance,155667,120,602,medium,approved,155667,web,false,420
app_20250112_00005304,2025-01-12 17:00:26,cust_6316583,DEHE,auto_loan,57497,72,691,medium,approved,57497,web,true,460
app_20250112_00005305,2025-01-12 17:22:40,cust_773265,ATVI,credit_card,34420,48,776,low,approved,34420,mobile,true,147
app_20250112_00005306,2025-01-12 07:37:05,cust_1517068,CZPR,auto_loan,7528,36,645,medium,approved,7528,branch,false,121
app_20250112_00005307,2025-01-12 13:40:49,cust_1883015,BENL,cash_loan,34932,48,684,medium,approved,34932,online_banking,false,219
app_20250112_00005308,2025-01-12 23:21:27,cust_668827,BENL,cash_loan,32177,24,641,medium,rejected,0,branch,false,82
app_20250112_00005309,2025-01-12 18:22:23,cust_1982348,AUTR,business_loan,18157,36,589,medium,rejected,0,atm,false,44
app_20250112_00005310,2025-01-12 22:38:40,cust_9300922,ESMA,auto_loan,31327,48,576,medium,rejected,0,online_banking,true,113
app_20250112_00005311,2025-01-12 19:34:51,cust_597386,AUTR,mortgage,318246,360,745,low,approved,318246,branch,true,450
app_20250112_00005312,2025-01-12 17:43:38,cust_7923879,UKLO,credit_card,1089,42,736,low,approved,1089,atm,true,311
app_20250112_00005313,2025-01-12 12:24:15,cust_8795866,BENL,cash_loan,8862,24,605,medium,approved,8862,web,true,828
app_20250112_00005314,2025-01-12 18:08:29,cust_3308888,ESMA,refinance,115881,300,648,medium,rejected,0,web,false,62
app_20250112_00005315,2025-01-12 11:06:19,cust_9203549,ITMI,business_loan,14756,48,535,medium,approved,14756,partner,false,64
app_20250112_00005316,2025-01-12 19:00:40,cust_6748799,NLAM,business_loan,29658,60,507,medium,approved,29658,web,false,536
app_20250112_00005317,2025-01-12 10:45:54,cust_2547985,GRRE,auto_loan,57165,36,726,low,approved,57165,online_banking,true,732
app_20250112_00005318,2025-01-12 05:32:53,cust_2890153,SESV,personal_loan,19612,18,800,low,rejected,0,mobile_app,false,50
app_20250112_00005319,2025-01-12 02:56:19,cust_1258159,PORP,refinance,282849,180,834,low,approved,282849,partner,false,451
app_20250112_00005320,2025-01-12 15:09:48,cust_5682712,CZPR,cash_loan,24177,42,514,medium,rejected,0,atm,false,43
app_20250112_00005321,2025-01-12 19:43:16,cust_2667199,GRRE,personal_loan,39767,48,721,low,approved,39767,atm,true,297
app_20250112_00005322,2025-01-12 21:00:53,cust_2400134,ITMI,mortgage,339273,360,524,medium,rejected,0,partner,true,23
app_20250112_00005323,2025-01-12 02:12:39,cust_7810872,UKLO,personal_loan,11863,30,674,medium,approved,11863,atm,false,326
app_20250112_00005324,2025-01-12 08:01:11,cust_5586709,DEHE,auto_loan,52724,72,541,medium,rejected,0,branch,true,23
app_20250112_00005325,2025-01-12 02:28:03,cust_9184937,ITMI,cash_loan,26355,36,661,medium,rejected,0,partner,false,80
app_20250112_00005326,2025-01-12 18:45:13,cust_3380242,ATVI,auto_loan,36415,24,611,medium,rejected,0,online_banking,true,156
app_20250112_00005327,2025-01-12 02:23:18,cust_652597,SESV,credit_card,28787,18,697,medium,approved,28787,mobile_app,true,91
app_20250112_00005328,2025-01-12 00:59:04,cust_5182612,CHBE,education_loan,21564,36,720,low,approved,21564,branch,false,218
app_20250112_00005329,2025-01-12 08:58:24,cust_732731,ESMA,auto_loan,37401,36,788,low,approved,37401,mobile_app,true,726
app_20250112_00005330,2025-01-12 05:31:45,cust_9828223,BENL,refinance,462204,240,718,low,approved,462204,mobile_app,false,785
app_20250112_00005331,2025-01-12 20:02:08,cust_6179543,ITMI,education_loan,25401,24,667,medium,approved,25401,online_banking,true,457
app_20250112_00005332,2025-01-12 13:55:08,cust_7868130,PORP,auto_loan,9689,60,554,medium,rejected,0,call_center,true,79
app_20250112_00005333,2025-01-12 09:43:51,cust_8512259,ITMI,refinance,95272,360,643,medium,approved,95272,partner,true,454
app_20250112_00005334,2025-01-12 05:14:39,cust_8306823,DEHE,cash_loan,47126,42,601,medium,approved,47126,online_banking,false,683
app_20250112_00005335,2025-01-12 10:32:24,cust_9776364,ESMA,personal_loan,19148,36,509,medium,approved,19148,mobile,true,720
app_20250112_00005336,2025-01-12 01:26:01,cust_5988529,PLWA,auto_loan,56261,72,723,low,approved,56261,atm,true,854
app_20250112_00005337,2025-01-12 02:08:04,cust_2631628,DEHE,cash_loan,37505,36,553,medium,rejected,0,web,true,66
app_20250112_00005338,2025-01-12 01:00:18,cust_2808607,AUTR,credit_card,48818,30,578,medium,rejected,0,partner,false,49
app_20250112_00005339,2025-01-12 06:17:02,cust_1091276,SESV,auto_loan,36127,36,593,medium,rejected,0,mobile,true,123
app_20250112_00005340,2025-01-12 08:13:48,cust_773322,AUTR,business_loan,2042,24,711,low,approved,2042,mobile,true,88
app_20250112_00005341,2025-01-12 03:08:59,cust_5021148,ITMI,cash_loan,2391,12,688,medium,approved,2391,online_banking,false,612
app_20250112_00005342,2025-01-12 03:17:36,cust_3594493,BENL,education_loan,23200,12,780,low,approved,23200,partner,false,395
app_20250112_00005343,2025-01-12 11:30:49,cust_856068,FRID,personal_loan,38579,12,683,medium,approved,38579,atm,false,797
app_20250112_00005344,2025-01-12 15:22:12,cust_1270855,ESMA,auto_loan,47187,36,755,low,approved,47187,online_banking,true,300
app_20250112_00005345,2025-01-12 05:04:11,cust_7457571,FRID,education_loan,23179,60,601,medium,approved,23179,branch,false,824
app_20250112_00005346,2025-01-12 04:40:32,cust_6799330,BENL,personal_loan,29897,18,710,low,approved,29897,partner,false,588
app_20250112_00005347,2025-01-12 08:26:10,cust_3141066,NLAM,mortgage,212829,360,652,medium,approved,212829,branch,false,228
app_20250112_00005348,2025-01-12 08:40:58,cust_2133762,NLAM,mortgage,204915,180,574,medium,approved,204915,atm,false,502
app_20250112_00005349,2025-01-12 22:12:14,cust_2112863,DEHE,refinance,182633,300,823,low,approved,182633,online_banking,false,581
app_20250112_00005350,2025-01-12 00:21:17,cust_9336860,FRID,auto_loan,47416,24,754,low,approved,47416,mobile_app,false,493
app_20250112_00005351,2025-01-12 02:30:02,cust_9926716,FRID,business_loan,14060,48,714,low,approved,14060,mobile,true,832
app_20250112_00005352,2025-01-12 15:32:53,cust_6679610,NLAM,auto_loan,57480,48,465,high,approved,57480,branch,false,610
app_20250112_00005353,2025-01-12 04:09:05,cust_7640165,NLAM,credit_card,30147,30,499,high,rejected,0,web,false,65
app_20250112_00005354,2025-01-12 03:17:54,cust_3150767,FRID,personal_loan,25463,18,778,low,approved,25463,atm,true,858
app_20250112_00005355,2025-01-12 11:30:46,cust_8299985,FRID,business_loan,39393,48,706,low,approved,39393,mobile,true,442
app_20250112_00005356,2025-01-12 03:31:43,cust_1783071,UKLO,refinance,118628,300,659,medium,approved,118628,call_center,true,888
app_20250112_00005357,2025-01-12 19:57:58,cust_3821653,AUTR,refinance,407391,240,719,low,approved,407391,branch,false,697
app_20250112_00005358,2025-01-12 15:07:27,cust_8958436,AUTR,mortgage,476908,180,762,low,approved,476908,mobile,true,82
app_20250112_00005359,2025-01-12 22:36:02,cust_5476577,PLWA,refinance,367291,300,670,medium,approved,367291,atm,true,426
app_20250112_00005360,2025-01-12 22:29:42,cust_2284032,BENL,refinance,331066,240,755,low,approved,331066,online_banking,true,94
app_20250112_00005361,2025-01-12 04:36:12,cust_6580535,CHBE,auto_loan,46661,36,645,medium,approved,46661,partner,false,577
app_20250112_00005362,2025-01-12 12:51:12,cust_7386070,CZPR,refinance,97680,240,740,low,approved,97680,partner,false,150
app_20250112_00005363,2025-01-12 11:47:42,cust_2260397,FRID,education_loan,3491,12,755,low,approved,3491,web,false,626
app_20250112_00005364,2025-01-12 00:03:16,cust_7371222,PLWA,cash_loan,28829,24,793,low,approved,28829,atm,true,148
app_20250112_00005365,2025-01-12 12:41:46,cust_7554886,SESV,credit_card,23219,42,579,medium,approved,23219,online_banking,true,302
app_20250112_00005366,2025-01-12 17:15:27,cust_1631015,FRID,auto_loan,57200,48,600,medium,approved,57200,online_banking,true,162
app_20250112_00005367,2025-01-12 20:09:05,cust_591014,CZPR,credit_card,3951,24,736,low,approved,3951,call_center,true,595
app_20250112_00005368,2025-01-12 16:33:26,cust_4862543,ITMI,auto_loan,33443,60,595,medium,approved,33443,branch,true,157
app_20250112_00005369,2025-01-12 17:05:08,cust_6839779,PORP,auto_loan,23850,48,633,medium,approved,23850,online_banking,false,335
app_20250112_00005370,2025-01-12 15:55:16,cust_8372871,PLWA,personal_loan,31636,48,697,medium,approved,31636,branch,true,631
app_20250112_00005371,2025-01-12 09:16:24,cust_4215564,ESMA,business_loan,14878,24,572,medium,approved,14878,online_banking,false,87
app_20250112_00005372,2025-01-12 17:49:12,cust_5850971,CZPR,auto_loan,27867,48,603,medium,approved,27867,mobile,true,591
app_20250112_00005373,2025-01-12 08:55:13,cust_7205719,BENL,cash_loan,23802,30,735,low,approved,23802,atm,false,323
app_20250112_00005374,2025-01-12 21:10:27,cust_766581,UKLO,business_loan,28927,60,774,low,approved,28927,online_banking,false,446
app_20250112_00005375,2025-01-12 07:51:58,cust_2468082,ITMI,refinance,153211,300,733,low,approved,153211,web,true,332
app_20250112_00005376,2025-01-12 07:38:12,cust_6421303,CHBE,business_loan,19606,60,573,medium,approved,19606,partner,false,565
app_20250112_00005377,2025-01-12 10:25:03,cust_4155690,NLAM,business_loan,28694,36,710,low,approved,28694,partner,false,407
app_20250112_00005378,2025-01-12 05:22:54,cust_8523041,DEHE,education_loan,33982,36,540,medium,approved,33982,mobile,true,776
app_20250112_00005379,2025-01-12 11:02:17,cust_3849795,AUTR,credit_card,17877,36,678,medium,approved,17877,atm,true,96
app_20250112_00005380,2025-01-12 18:00:32,cust_2164966,CZPR,mortgage,162664,300,646,medium,approved,162664,web,false,801
app_20250112_00005381,2025-01-12 17:37:59,cust_4360343,CZPR,auto_loan,9315,72,628,medium,approved,9315,mobile_app,false,52
app_20250112_00005382,2025-01-12 17:55:24,cust_9220637,SESV,auto_loan,30462,48,615,medium,approved,30462,mobile,false,804
app_20250112_00005383,2025-01-12 03:31:51,cust_235891,AUTR,refinance,99930,120,517,medium,rejected,0,atm,false,175
app_20250112_00005384,2025-01-12 04:14:29,cust_5844831,SESV,refinance,342273,300,679,medium,approved,342273,mobile_app,true,833
app_20250112_00005385,2025-01-12 20:04:25,cust_2545606,BENL,refinance,422778,120,556,medium,rejected,0,partner,false,81
app_20250112_00005386,2025-01-12 16:31:16,cust_2578169,SESV,credit_card,3341,30,631,medium,rejected,0,mobile_app,false,162
app_20250112_00005387,2025-01-12 00:52:47,cust_574965,CHBE,credit_card,38086,18,510,medium,approved,38086,branch,false,558
app_20250112_00005388,2025-01-12 00:01:50,cust_1329753,CHBE,personal_loan,17899,30,678,medium,approved,17899,atm,false,620
app_20250112_00005389,2025-01-12 11:03:44,cust_3782512,BENL,auto_loan,17771,60,730,low,approved,17771,mobile,false,68
app_20250112_00005390,2025-01-12 19:07:50,cust_2738655,SESV,education_loan,13211,36,765,low,approved,13211,mobile,true,531
app_20250112_00005391,2025-01-12 15:11:17,cust_1000593,ESMA,cash_loan,18510,48,661,medium,approved,18510,mobile_app,true,303
app_20250112_00005392,2025-01-12 22:47:07,cust_9369358,GRRE,education_loan,38768,24,648,medium,approved,38768,partner,false,337
app_20250112_00005393,2025-01-12 08:10:12,cust_709355,NLAM,cash_loan,24714,42,679,medium,approved,24714,web,true,160
app_20250112_00005394,2025-01-12 02:27:24,cust_9416976,GRRE,refinance,139255,300,647,medium,approved,139255,call_center,true,487
app_20250112_00005395,2025-01-12 01:22:57,cust_8568696,GRRE,refinance,451076,360,807,low,approved,451076,mobile_app,false,827
app_20250112_00005396,2025-01-12 19:39:23,cust_9200747,AUTR,education_loan,30717,12,850,low,rejected,0,mobile,true,153
app_20250112_00005397,2025-01-12 08:39:02,cust_7058080,NLAM,credit_card,40425,42,683,medium,rejected,0,partner,true,179
app_20250112_00005398,2025-01-12 12:50:22,cust_426440,CHBE,business_loan,4336,36,766,low,approved,4336,mobile_app,true,512
app_20250112_00005399,2025-01-12 00:35:33,cust_4347698,ESMA,refinance,170511,180,383,high,approved,170511,atm,false,281
app_20250112_00005400,2025-01-12 18:29:14,cust_6996257,ESMA,education_loan,12992,12,773,low,approved,12992,mobile_app,false,796
app_20250112_00005401,2025-01-12 14:39:29,cust_3128535,UKLO,business_loan,25119,36,523,medium,rejected,0,partner,false,159
app_20250112_00005402,2025-01-12 09:22:56,cust_2246713,CZPR,personal_loan,42750,42,580,medium,rejected,0,mobile,false,117
app_20250112_00005403,2025-01-12 19:58:28,cust_9623299,FRID,education_loan,30138,12,719,low,approved,30138,mobile_app,false,705
app_20250112_00005404,2025-01-12 22:51:27,cust_9805424,SESV,refinance,123096,300,529,medium,rejected,0,mobile,false,51
app_20250112_00005405,2025-01-12 06:38:07,cust_3524244,CZPR,education_loan,12668,24,646,medium,approved,12668,mobile,false,678
app_20250112_00005406,2025-01-12 00:57:44,cust_5045071,FRID,auto_loan,40420,24,670,medium,approved,40420,atm,false,800
app_20250112_00005407,2025-01-12 02:14:44,cust_1274186,CHBE,auto_loan,25153,60,653,medium,rejected,0,mobile_app,false,173
app_20250112_00005408,2025-01-12 04:45:27,cust_1300249,SESV,personal_loan,39215,36,811,low,approved,39215,mobile_app,true,276
app_20250112_00005409,2025-01-12 07:51:28,cust_8594820,AUTR,education_loan,7496,24,808,low,rejected,0,web,false,26
app_20250112_00005410,2025-01-12 16:15:50,cust_5976102,ITMI,cash_loan,26225,12,671,medium,approved,26225,web,false,323
app_20250112_00005411,2025-01-12 11:54:29,cust_7754384,ATVI,personal_loan,4112,18,725,low,approved,4112,mobile,false,688
app_20250112_00005412,2025-01-12 11:25:16,cust_3653124,UKLO,refinance,243240,120,585,medium,rejected,0,mobile_app,true,106
app_20250112_00005413,2025-01-12 21:19:02,cust_4155348,AUTR,cash_loan,9332,36,837,low,approved,9332,atm,true,524
app_20250112_00005414,2025-01-12 20:12:44,cust_3294138,ESMA,mortgage,346812,120,719,low,approved,346812,call_center,true,359
app_20250112_00005415,2025-01-12 10:29:31,cust_5118292,NLAM,refinance,194004,180,714,low,approved,194004,online_banking,true,511
app_20250112_00005416,2025-01-12 06:44:56,cust_3523581,AUTR,personal_loan,11294,42,783,low,rejected,0,atm,true,90
app_20250112_00005417,2025-01-12 10:47:54,cust_3740535,PORP,mortgage,213056,360,841,low,approved,213056,mobile,true,93
app_20250112_00005418,2025-01-12 09:32:08,cust_1977698,DEHE,education_loan,6765,24,645,medium,rejected,0,mobile_app,false,74
app_20250112_00005419,2025-01-12 23:33:48,cust_8787560,BENL,business_loan,35136,48,611,medium,approved,35136,online_banking,false,378
app_20250112_00005420,2025-01-12 22:38:20,cust_8657954,FRID,mortgage,369940,180,747,low,approved,369940,atm,true,263
app_20250112_00005421,2025-01-12 17:18:02,cust_4448935,CZPR,personal_loan,40014,48,613,medium,rejected,0,online_banking,false,141
app_20250112_00005422,2025-01-12 22:52:02,cust_5601959,NLAM,auto_loan,51167,60,557,medium,approved,51167,online_banking,true,419
app_20250112_00005423,2025-01-12 09:31:01,cust_5769479,GRRE,education_loan,29354,60,578,medium,rejected,0,partner,false,123
app_20250112_00005424,2025-01-12 00:41:22,cust_8536313,CHBE,education_loan,29904,24,595,medium,approved,29904,web,true,758
app_20250112_00005425,2025-01-12 07:46:14,cust_4510052,ATVI,refinance,320030,240,681,medium,approved,320030,web,false,411
app_20250112_00005426,2025-01-12 08:16:50,cust_2209811,ATVI,credit_card,44988,30,675,medium,approved,44988,partner,true,786
app_20250112_00005427,2025-01-12 23:24:39,cust_7917675,AUTR,education_loan,17769,24,664,medium,approved,17769,online_banking,false,95
app_20250112_00005428,2025-01-12 07:59:39,cust_4986948,SESV,refinance,266130,120,659,medium,approved,266130,partner,true,369
app_20250112_00005429,2025-01-12 19:50:29,cust_5730213,PORP,personal_loan,22463,30,372,high,rejected,0,atm,false,83
app_20250112_00005430,2025-01-12 18:59:21,cust_1542335,UKLO,cash_loan,38433,42,738,low,approved,38433,partner,true,888
app_20250112_00005431,2025-01-12 17:50:08,cust_6385396,ITMI,personal_loan,24800,48,668,medium,rejected,0,mobile_app,false,13
app_20250112_00005432,2025-01-12 21:07:33,cust_4134464,ITMI,credit_card,29260,42,639,medium,approved,29260,atm,false,481
app_20250112_00005433,2025-01-12 16:06:05,cust_8643448,ATVI,auto_loan,23971,60,417,high,rejected,0,online_banking,false,60
app_20250112_00005434,2025-01-12 00:25:12,cust_1934220,PLWA,refinance,461484,120,630,medium,rejected,0,mobile,false,149
app_20250112_00005435,2025-01-12 15:45:37,cust_6021224,DEHE,cash_loan,19106,12,572,medium,approved,19106,web,false,346
app_20250112_00005436,2025-01-12 18:36:09,cust_5271431,ITMI,personal_loan,37787,48,713,low,rejected,0,branch,false,77
app_20250112_00005437,2025-01-12 03:42:14,cust_8262254,BENL,refinance,328802,180,850,low,approved,328802,web,false,172
app_20250112_00005438,2025-01-12 22:09:06,cust_5791912,GRRE,education_loan,23164,12,650,medium,approved,23164,partner,false,426
app_20250112_00005439,2025-01-12 23:50:08,cust_921765,ATVI,auto_loan,26896,72,594,medium,rejected,0,online_banking,false,53
app_20250112_00005440,2025-01-12 21:00:58,cust_9244199,CHBE,education_loan,13648,24,745,low,approved,13648,branch,true,894
app_20250112_00005441,2025-01-12 10:09:03,cust_2941234,BENL,refinance,95819,360,629,medium,approved,95819,mobile,true,323
app_20250112_00005442,2025-01-12 12:46:30,cust_6257339,PLWA,refinance,55246,300,625,medium,approved,55246,online_banking,false,561
app_20250112_00005443,2025-01-12 08:47:37,cust_7060480,AUTR,education_loan,35823,12,635,medium,rejected,0,partner,false,76
app_20250112_00005444,2025-01-12 01:35:40,cust_841978,ESMA,cash_loan,39171,18,687,medium,approved,39171,atm,true,332
app_20250112_00005445,2025-01-12 19:27:03,cust_9636054,PLWA,cash_loan,15470,24,664,medium,rejected,0,web,false,79
app_20250112_00005446,2025-01-12 14:34:08,cust_5003403,PORP,refinance,282105,120,778,low,approved,282105,web,false,800
app_20250112_00005447,2025-01-12 18:23:04,cust_9425888,GRRE,business_loan,23652,36,605,medium,approved,23652,branch,true,138
app_20250112_00005448,2025-01-12 02:32:18,cust_228425,ATVI,education_loan,20350,24,616,medium,approved,20350,branch,true,517
app_20250112_00005449,2025-01-12 18:58:57,cust_8780628,NLAM,mortgage,266299,360,581,medium,approved,266299,partner,false,216
app_20250112_00005450,2025-01-12 19:48:47,cust_3033105,GRRE,personal_loan,47084,48,686,medium,approved,47084,partner,true,743
app_20250112_00005451,2025-01-12 20:07:28,cust_1284423,UKLO,education_loan,10589,36,748,low,rejected,0,branch,true,105
app_20250112_00005452,2025-01-12 08:22:10,cust_352051,ATVI,refinance,396902,360,613,medium,approved,396902,call_center,true,519
app_20250112_00005453,2025-01-12 18:11:14,cust_1186549,AUTR,auto_loan,25194,48,666,medium,rejected,0,online_banking,false,155
app_20250112_00005454,2025-01-12 00:04:30,cust_8932134,PLWA,education_loan,36024,48,782,low,approved,36024,branch,false,242
app_20250112_00005455,2025-01-12 01:47:24,cust_8768759,CHBE,refinance,119334,120,555,medium,approved,119334,mobile,true,56
app_20250112_00005456,2025-01-12 18:40:24,cust_6207999,DEHE,business_loan,10201,60,594,medium,rejected,0,web,true,102
app_20250112_00005457,2025-01-12 10:59:55,cust_245591,ESMA,education_loan,25024,60,565,medium,rejected,0,mobile,true,164
app_20250112_00005458,2025-01-12 07:33:36,cust_1729339,ATVI,auto_loan,56110,36,716,low,approved,56110,mobile_app,false,891
app_20250112_00005459,2025-01-12 02:27:35,cust_5047255,AUTR,business_loan,35949,48,652,medium,approved,35949,mobile_app,true,392
app_20250112_00005460,2025-01-12 02:26:14,cust_9035461,AUTR,mortgage,398528,120,610,medium,rejected,0,mobile_app,false,162
app_20250112_00005461,2025-01-12 09:07:52,cust_4778743,BENL,education_loan,38599,24,704,low,approved,38599,atm,true,213
app_20250112_00005462,2025-01-12 16:57:26,cust_7322984,AUTR,mortgage,346162,240,656,medium,approved,346162,mobile_app,true,236
app_20250112_00005463,2025-01-12 12:32:01,cust_7482689,FRID,mortgage,391062,240,615,medium,rejected,0,mobile_app,true,69
app_20250112_00005464,2025-01-12 03:25:50,cust_9811055,UKLO,education_loan,8032,12,521,medium,rejected,0,mobile,false,133
app_20250112_00005465,2025-01-12 00:38:23,cust_2607869,ITMI,cash_loan,28000,36,629,medium,approved,28000,partner,false,375
app_20250112_00005466,2025-01-12 13:23:08,cust_8609643,GRRE,refinance,116345,360,778,low,approved,116345,mobile_app,false,836
app_20250112_00005467,2025-01-12 05:25:03,cust_5310584,CHBE,mortgage,204305,180,734,low,approved,204305,call_center,false,177
app_20250112_00005468,2025-01-12 00:52:51,cust_1335369,BENL,mortgage,289445,360,606,medium,approved,289445,online_banking,false,291
app_20250112_00005469,2025-01-12 13:59:32,cust_2890124,ESMA,mortgage,189156,180,665,medium,approved,189156,online_banking,true,276
app_20250112_00005470,2025-01-12 10:15:47,cust_5217069,GRRE,business_loan,16181,36,636,medium,approved,16181,online_banking,true,543
app_20250112_00005471,2025-01-12 17:17:13,cust_6994723,NLAM,refinance,228655,300,450,high,rejected,0,call_center,false,26
app_20250112_00005472,2025-01-12 08:05:36,cust_7566681,CHBE,education_loan,37407,48,776,low,approved,37407,call_center,false,674
app_20250112_00005473,2025-01-12 09:57:26,cust_2332160,PORP,education_loan,17775,36,568,medium,approved,17775,branch,true,408
app_20250112_00005474,2025-01-12 00:39:22,cust_9144279,CHBE,refinance,278491,180,520,medium,approved,278491,atm,true,560
app_20250112_00005475,2025-01-12 15:57:06,cust_196191,FRID,mortgage,479740,180,729,low,approved,479740,atm,true,363
app_20250112_00005476,2025-01-12 01:39:53,cust_6679032,DEHE,refinance,219795,300,618,medium,approved,219795,atm,true,790
app_20250112_00005477,2025-01-12 05:20:22,cust_1478562,BENL,education_loan,32882,24,537,medium,rejected,0,mobile,true,124
app_20250112_00005478,2025-01-12 07:55:44,cust_2556843,ESMA,business_loan,4471,60,457,high,rejected,0,branch,false,136
app_20250112_00005479,2025-01-12 06:47:35,cust_6985526,PLWA,business_loan,20710,48,749,low,approved,20710,atm,true,852
app_20250112_00005480,2025-01-12 15:37:53,cust_3724946,PLWA,education_loan,31894,48,723,low,approved,31894,mobile_app,true,734
app_20250112_00005481,2025-01-12 16:42:46,cust_1865593,CHBE,mortgage,406972,120,794,low,approved,406972,partner,true,287
app_20250112_00005482,2025-01-12 05:48:10,cust_4493435,SESV,credit_card,46989,30,638,medium,rejected,0,atm,true,170
app_20250112_00005483,2025-01-12 14:52:30,cust_3695483,AUTR,credit_card,35247,36,672,medium,approved,35247,online_banking,true,445
app_20250112_00005484,2025-01-12 11:44:16,cust_6434009,CHBE,education_loan,16924,12,704,low,approved,16924,partner,false,645
app_20250112_00005485,2025-01-12 03:08:52,cust_3157103,ATVI,education_loan,5418,12,557,medium,rejected,0,atm,true,147
app_20250112_00005486,2025-01-12 06:11:28,cust_1397950,PLWA,refinance,469516,240,670,medium,approved,469516,call_center,false,322
app_20250112_00005487,2025-01-12 17:18:01,cust_2326402,NLAM,cash_loan,16316,48,784,low,approved,16316,mobile_app,false,215
app_20250112_00005488,2025-01-12 10:00:08,cust_6276507,CZPR,cash_loan,49204,42,726,low,approved,49204,mobile_app,false,601
app_20250112_00005489,2025-01-12 22:49:25,cust_9018386,DEHE,refinance,299406,120,720,low,approved,299406,online_banking,false,698
app_20250112_00005490,2025-01-12 03:36:22,cust_1154124,NLAM,mortgage,123569,360,634,medium,approved,123569,call_center,false,882
app_20250112_00005491,2025-01-12 21:04:59,cust_9799855,UKLO,mortgage,462172,180,596,medium,rejected,0,partner,false,48
app_20250112_00005492,2025-01-12 13:56:42,cust_4169571,CHBE,business_loan,23613,36,695,medium,approved,23613,online_banking,false,779
app_20250112_00005493,2025-01-12 13:51:52,cust_4058992,UKLO,refinance,313473,120,673,medium,approved,313473,web,true,845
app_20250112_00005494,2025-01-12 09:11:42,cust_4794259,NLAM,auto_loan,52856,48,697,medium,rejected,0,online_banking,true,102
app_20250112_00005495,2025-01-12 17:12:37,cust_1039593,PLWA,personal_loan,45079,18,810,low,approved,45079,call_center,true,669
app_20250112_00005496,2025-01-12 14:08:37,cust_866153,ITMI,personal_loan,22776,24,748,low,approved,22776,mobile,true,592
app_20250112_00005497,2025-01-12 17:38:56,cust_5545045,ESMA,education_loan,6643,12,724,low,approved,6643,mobile,true,213
app_20250112_00005498,2025-01-12 22:05:54,cust_834606,SESV,credit_card,22373,42,621,medium,approved,22373,atm,false,629
app_20250112_00005499,2025-01-12 02:39:34,cust_5172592,CZPR,refinance,336338,300,527,medium,approved,336338,mobile,false,403
app_20250112_00005500,2025-01-12 05:31:34,cust_9985346,CZPR,refinance,358572,120,551,medium,rejected,0,mobile_app,false,89
app_20250112_00005501,2025-01-12 07:17:21,cust_6854086,PORP,mortgage,240501,300,850,low,approved,240501,web,true,795
app_20250112_00005502,2025-01-12 23:46:25,cust_2779036,AUTR,business_loan,20022,12,545,medium,rejected,0,mobile_app,false,139
app_20250112_00005503,2025-01-12 18:26:18,cust_6100771,ESMA,personal_loan,5181,24,662,medium,rejected,0,web,true,101
app_20250112_00005504,2025-01-12 05:08:16,cust_5637387,BENL,education_loan,16868,12,714,low,approved,16868,atm,true,532
app_20250112_00005505,2025-01-12 02:06:38,cust_9362363,PORP,education_loan,31847,48,585,medium,rejected,0,mobile_app,false,147
app_20250112_00005506,2025-01-12 09:35:46,cust_5831602,ITMI,auto_loan,56551,60,850,low,approved,56551,partner,false,322
app_20250112_00005507,2025-01-12 11:38:57,cust_9568628,NLAM,auto_loan,22712,48,729,low,approved,22712,web,true,382
app_20250112_00005508,2025-01-12 06:03:56,cust_4893077,DEHE,refinance,491363,300,560,medium,approved,491363,mobile,false,133
app_20250112_00005509,2025-01-12 15:38:18,cust_6236526,BENL,business_loan,4011,36,850,low,approved,4011,call_center,true,325
app_20250112_00005510,2025-01-12 12:27:42,cust_8948401,CZPR,mortgage,425406,360,659,medium,approved,425406,web,false,597
app_20250112_00005511,2025-01-12 20:47:52,cust_3994717,CHBE,refinance,216298,120,667,medium,rejected,0,branch,false,170
app_20250112_00005512,2025-01-12 21:56:07,cust_112696,PORP,refinance,356652,300,713,low,approved,356652,partner,true,637
app_20250112_00005513,2025-01-12 09:01:12,cust_8054788,UKLO,auto_loan,56659,72,675,medium,rejected,0,branch,false,164
app_20250112_00005514,2025-01-12 22:05:13,cust_8829732,ESMA,cash_loan,13910,30,450,high,rejected,0,atm,false,113
app_20250112_00005515,2025-01-12 23:15:07,cust_891803,SESV,mortgage,490520,300,737,low,approved,490520,atm,false,476
app_20250112_00005516,2025-01-12 08:26:08,cust_5485534,AUTR,credit_card,26459,42,757,low,approved,26459,partner,false,545
app_20250112_00005517,2025-01-12 21:32:07,cust_1134130,PORP,education_loan,8321,48,627,medium,rejected,0,mobile,false,126
app_20250112_00005518,2025-01-12 18:14:02,cust_7980071,ITMI,refinance,211355,120,540,medium,rejected,0,branch,true,123
app_20250112_00005519,2025-01-12 04:43:57,cust_1425401,AUTR,education_loan,37246,36,662,medium,rejected,0,mobile_app,false,149
app_20250112_00005520,2025-01-12 03:35:04,cust_9118709,FRID,education_loan,2990,24,549,medium,approved,2990,mobile,false,184
app_20250112_00005521,2025-01-12 01:35:16,cust_5536656,ITMI,business_loan,5418,60,583,medium,rejected,0,partner,true,169
app_20250112_00005522,2025-01-12 22:31:56,cust_5271326,ESMA,personal_loan,31165,36,794,low,approved,31165,online_banking,false,426
app_20250112_00005523,2025-01-12 04:34:27,cust_3409935,GRRE,mortgage,70487,360,571,medium,approved,70487,mobile_app,true,891
app_20250112_00005524,2025-01-12 16:49:47,cust_3125373,FRID,credit_card,35129,42,596,medium,approved,35129,atm,true,772
app_20250112_00005525,2025-01-12 11:46:13,cust_3023011,ESMA,business_loan,4657,48,774,low,approved,4657,online_banking,false,841
app_20250112_00005526,2025-01-12 15:15:28,cust_1009100,DEHE,personal_loan,3234,36,590,medium,rejected,0,branch,false,120
app_20250112_00005527,2025-01-12 09:03:10,cust_6058417,BENL,education_loan,2001,60,586,medium,rejected,0,mobile,true,5
app_20250112_00005528,2025-01-12 12:44:19,cust_7756318,NLAM,education_loan,3752,36,593,medium,approved,3752,call_center,false,514
app_20250112_00005529,2025-01-12 23:54:49,cust_6231198,GRRE,auto_loan,9464,24,671,medium,approved,9464,call_center,true,828
app_20250112_00005530,2025-01-12 21:34:09,cust_4709897,UKLO,auto_loan,33780,36,490,high,rejected,0,call_center,true,46
app_20250112_00005531,2025-01-12 09:27:46,cust_8458317,ESMA,auto_loan,22792,36,636,medium,rejected,0,call_center,true,44
app_20250112_00005532,2025-01-12 13:19:56,cust_7011996,GRRE,credit_card,24613,18,850,low,approved,24613,online_banking,true,374
app_20250112_00005533,2025-01-12 21:49:32,cust_4095119,DEHE,mortgage,163674,240,812,low,approved,163674,branch,true,202
app_20250112_00005534,2025-01-12 23:28:35,cust_936570,ESMA,refinance,258560,360,754,low,rejected,0,call_center,true,129
app_20250112_00005535,2025-01-12 04:12:37,cust_789285,DEHE,business_loan,17863,36,814,low,approved,17863,online_banking,true,545
app_20250112_00005536,2025-01-12 11:50:07,cust_4223028,ITMI,personal_loan,42932,24,710,low,approved,42932,atm,false,435
app_20250112_00005537,2025-01-12 15:01:09,cust_4096586,PORP,cash_loan,17714,36,513,medium,approved,17714,call_center,true,444
app_20250112_00005538,2025-01-12 07:30:24,cust_1049160,ATVI,cash_loan,33144,12,574,medium,rejected,0,mobile_app,true,36
app_20250112_00005539,2025-01-12 19:02:22,cust_4633845,DEHE,refinance,65346,180,612,medium,approved,65346,atm,false,771
app_20250112_00005540,2025-01-12 06:35:12,cust_1385128,PLWA,personal_loan,18474,42,850,low,approved,18474,mobile,true,472
app_20250112_00005541,2025-01-12 15:53:35,cust_6333610,ATVI,personal_loan,42628,18,627,medium,approved,42628,web,false,649
app_20250112_00005542,2025-01-12 01:07:32,cust_9360597,ESMA,education_loan,23546,36,525,medium,approved,23546,branch,false,510
app_20250112_00005543,2025-01-12 13:52:39,cust_5909681,FRID,cash_loan,47496,24,499,high,rejected,0,web,true,143
app_20250112_00005544,2025-01-12 03:02:34,cust_5124902,CHBE,cash_loan,11232,30,535,medium,rejected,0,web,true,98
app_20250112_00005545,2025-01-12 19:43:58,cust_8906045,ITMI,education_loan,13128,24,512,medium,approved,13128,atm,false,185
app_20250112_00005546,2025-01-12 19:56:56,cust_6989679,ITMI,business_loan,7701,24,662,medium,rejected,0,partner,true,124
app_20250112_00005547,2025-01-12 16:21:21,cust_7765736,GRRE,cash_loan,32389,12,597,medium,approved,32389,atm,false,535
app_20250112_00005548,2025-01-12 22:37:01,cust_3641542,FRID,mortgage,152648,180,620,medium,rejected,0,web,true,126
app_20250112_00005549,2025-01-12 16:35:50,cust_4543222,ATVI,auto_loan,8022,60,502,medium,approved,8022,online_banking,true,135
app_20250112_00005550,2025-01-12 18:11:10,cust_5040208,ESMA,business_loan,27757,24,694,medium,approved,27757,web,false,225
app_20250112_00005551,2025-01-12 11:22:37,cust_5367860,NLAM,business_loan,30615,36,576,medium,approved,30615,online_banking,true,78
app_20250112_00005552,2025-01-12 07:26:21,cust_869349,CZPR,education_loan,8228,24,391,high,rejected,0,atm,true,86
app_20250112_00005553,2025-01-12 20:29:10,cust_5250951,PORP,business_loan,5948,12,585,medium,approved,5948,atm,false,422
app_20250112_00005554,2025-01-12 06:38:46,cust_5662973,NLAM,auto_loan,33465,24,431,high,rejected,0,mobile_app,true,27
app_20250112_00005555,2025-01-12 06:28:53,cust_8954844,PLWA,business_loan,23455,24,746,low,approved,23455,partner,false,570
app_20250112_00005556,2025-01-12 15:18:02,cust_2651145,CHBE,cash_loan,6485,30,675,medium,rejected,0,branch,true,88
app_20250112_00005557,2025-01-12 19:17:28,cust_4347601,CZPR,cash_loan,45205,48,608,medium,rejected,0,web,false,30
app_20250112_00005558,2025-01-12 11:50:52,cust_5211677,DEHE,personal_loan,25793,30,712,low,approved,25793,online_banking,false,445
app_20250112_00005559,2025-01-12 14:36:49,cust_6385100,PLWA,auto_loan,34507,24,756,low,approved,34507,mobile_app,true,111
app_20250112_00005560,2025-01-12 00:30:30,cust_8049766,ITMI,cash_loan,4387,36,668,medium,approved,4387,call_center,true,326
app_20250112_00005561,2025-01-12 10:17:59,cust_3954281,CZPR,personal_loan,6543,30,807,low,approved,6543,partner,false,552
app_20250112_00005562,2025-01-12 13:30:09,cust_5565474,NLAM,business_loan,23733,24,696,medium,approved,23733,partner,false,271
app_20250112_00005563,2025-01-12 11:09:14,cust_506918,CHBE,auto_loan,42154,72,626,medium,approved,42154,call_center,true,391
app_20250112_00005564,2025-01-12 19:47:39,cust_9816066,CHBE,refinance,324070,180,739,low,approved,324070,branch,false,839
app_20250112_00005565,2025-01-12 04:16:30,cust_2457383,ITMI,auto_loan,32147,48,643,medium,approved,32147,call_center,false,474
app_20250112_00005566,2025-01-12 10:01:02,cust_4326455,CZPR,education_loan,36759,48,553,medium,approved,36759,online_banking,false,500
app_20250112_00005567,2025-01-12 16:35:35,cust_1700862,PORP,mortgage,81218,300,506,medium,rejected,0,online_banking,true,101
app_20250112_00005568,2025-01-12 14:09:17,cust_785279,NLAM,personal_loan,11391,24,712,low,approved,11391,online_banking,false,616
app_20250112_00005569,2025-01-12 01:00:12,cust_5566750,ESMA,personal_loan,11173,30,617,medium,approved,11173,mobile,false,764
app_20250112_00005570,2025-01-12 02:16:21,cust_1206170,UKLO,personal_loan,8594,48,597,medium,approved,8594,online_banking,false,658
app_20250112_00005571,2025-01-12 20:18:21,cust_826109,ATVI,personal_loan,12326,42,684,medium,approved,12326,atm,true,33
app_20250112_00005572,2025-01-12 04:39:44,cust_2289944,PORP,cash_loan,30104,48,745,low,approved,30104,mobile_app,true,310
app_20250112_00005573,2025-01-12 14:18:13,cust_4232183,DEHE,education_loan,33673,24,652,medium,rejected,0,branch,true,56
app_20250112_00005574,2025-01-12 05:04:18,cust_148365,PORP,business_loan,37646,48,784,low,approved,37646,mobile,true,838
app_20250112_00005575,2025-01-12 00:40:32,cust_250444,ATVI,personal_loan,27560,30,624,medium,rejected,0,mobile_app,true,127
app_20250112_00005576,2025-01-12 16:17:19,cust_6234890,ESMA,auto_loan,52436,24,736,low,approved,52436,branch,true,685
app_20250112_00005577,2025-01-12 02:18:44,cust_4613810,ESMA,business_loan,17086,36,850,low,approved,17086,mobile_app,false,608
app_20250112_00005578,2025-01-12 15:10:23,cust_8433889,BENL,credit_card,34967,18,732,low,approved,34967,mobile_app,false,631
app_20250112_00005579,2025-01-12 08:46:00,cust_7457602,DEHE,cash_loan,8691,12,794,low,approved,8691,call_center,false,783
app_20250112_00005580,2025-01-12 16:28:07,cust_1415387,CHBE,education_loan,24434,12,631,medium,approved,24434,call_center,true,204
app_20250112_00005581,2025-01-12 16:18:27,cust_3761057,FRID,auto_loan,12231,36,640,medium,approved,12231,mobile_app,false,563
app_20250112_00005582,2025-01-12 20:51:05,cust_7864782,GRRE,refinance,428067,180,598,medium,approved,428067,call_center,true,553
app_20250112_00005583,2025-01-12 20:53:44,cust_952704,DEHE,credit_card,1619,18,507,medium,rejected,0,web,true,121
app_20250112_00006443,2025-01-12 21:36:42,cust_1547625,AUTR,cash_loan,11010,36,504,medium,approved,11010,web,true,398
app_20250112_00007303,2025-01-12 14:39:09,cust_8450760,SESV,cash_loan,23862,30,716,low,approved,23862,online_banking,false,546
app_20250112_00008163,2025-01-12 17:59:09,cust_7503770,UKLO,cash_loan,48236,48,706,low,approved,48236,mobile_app,true,432
app_20250112_00009023,2025-01-12 21:42:07,cust_7496343,CZPR,auto_loan,42371,48,672,medium,rejected,0,mobile_app,true,56
app_20250112_00009883,2025-01-12 00:57:29,cust_4607907,PORP,education_loan,4733,60,656,medium,approved,4733,partner,true,313
app_20250112_00010743,2025-01-12 09:35:10,cust_9339297,PLWA,refinance,301965,360,748,low,approved,301965,mobile,true,756
app_20250112_00011603,2025-01-12 14:44:34,cust_1256272,ATVI,auto_loan,21604,60,580,medium,approved,21604,web,false,620
app_20250112_00012463,2025-01-12 22:29:38,cust_4868164,ESMA,refinance,477611,180,781,low,approved,477611,partner,true,833
app_20250112_00013323,2025-01-12 03:24:04,cust_9684684,DEHE,business_loan,36515,36,785,low,approved,36515,mobile,false,631
app_20250112_00014183,2025-01-12 23:08:33,cust_1690308,ESMA,auto_loan,31905,48,819,low,approved,31905,web,true,571
app_20250112_00015043,2025-01-12 15:05:41,cust_5623555,PLWA,refinance,262418,120,604,medium,approved,262418,partner,false,557
app_20250112_00015903,2025-01-12 02:58:39,cust_7982207,ITMI,business_loan,21867,36,710,low,approved,21867,mobile,true,256
app_20250112_00016763,2025-01-12 04:57:55,cust_2156358,FRID,auto_loan,20803,36,574,medium,approved,20803,branch,true,457
app_20250112_00017623,2025-01-12 22:07:00,cust_4989179,NLAM,cash_loan,12504,18,684,medium,approved,12504,mobile,true,351
app_20250112_00018483,2025-01-12 10:44:57,cust_1803923,CHBE,auto_loan,33178,60,611,medium,rejected,0,partner,false,116
app_20250112_00019343,2025-01-12 06:49:13,cust_7262914,GRRE,auto_loan,59522,24,623,medium,approved,59522,mobile_app,true,819
app_20250112_00020203,2025-01-12 13:46:24,cust_5311298,NLAM,mortgage,169046,360,503,medium,rejected,0,atm,false,66
app_20250112_00021063,2025-01-12 02:21:14,cust_2340499,SESV,refinance,166758,180,715,low,approved,166758,atm,true,332
app_20250112_00021923,2025-01-12 08:42:03,cust_3623973,PORP,personal_loan,35902,48,599,medium,rejected,0,partner,false,112
app_20250112_00022783,2025-01-12 17:29:14,cust_8651476,ESMA,refinance,412115,360,644,medium,approved,412115,mobile_app,false,727
app_20250112_00023643,2025-01-12 00:45:48,cust_8967016,NLAM,auto_loan,32632,48,840,low,approved,32632,mobile_app,true,543
app_20250112_00024503,2025-01-12 23:03:05,cust_8408457,NLAM,business_loan,10857,36,678,medium,rejected,0,call_center,false,66
app_20250112_00025363,2025-01-12 20:08:11,cust_6128305,UKLO,personal_loan,31382,24,803,low,approved,31382,call_center,false,898
app_20250112_00026223,2025-01-12 02:43:51,cust_2564546,CHBE,auto_loan,36159,24,728,low,approved,36159,mobile_app,false,806
app_20250112_00027083,2025-01-12 14:32:00,cust_1931457,SESV,refinance,366218,360,741,low,approved,366218,atm,false,407
app_20250112_00027943,2025-01-12 02:18:38,cust_527126,PLWA,refinance,218259,300,601,medium,rejected,0,call_center,false,105
app_20250112_00028803,2025-01-12 12:05:19,cust_695767,ATVI,business_loan,14700,24,648,medium,approved,14700,mobile_app,false,380
app_20250112_00029663,2025-01-12 14:07:39,cust_2625885,ATVI,personal_loan,14688,30,606,medium,rejected,0,mobile,true,179
app_20250112_00030523,2025-01-12 02:46:49,cust_8433531,UKLO,education_loan,7206,24,640,medium,approved,7206,online_banking,false,43
app_20250112_00031383,2025-01-12 22:23:32,cust_2823190,ATVI,refinance,294385,300,599,medium,rejected,0,branch,true,69
app_20250112_00032243,2025-01-12 01:03:32,cust_7526399,ATVI,refinance,424425,180,550,medium,approved,424425,web,false,896
app_20250112_00033103,2025-01-12 13:18:38,cust_3562086,CHBE,auto_loan,18683,36,707,low,rejected,0,mobile_app,true,169
app_20250112_00033963,2025-01-12 13:41:41,cust_628851,CHBE,cash_loan,24572,18,635,medium,approved,24572,atm,true,406
app_20250112_00034823,2025-01-12 17:24:17,cust_5386532,BENL,business_loan,22491,60,666,medium,approved,22491,mobile,true,63
app_20250112_00035683,2025-01-12 10:38:34,cust_4708076,DEHE,mortgage,430072,180,561,medium,rejected,0,online_banking,false,110
app_20250112_00036543,2025-01-12 11:20:34,cust_8107673,FRID,auto_loan,33210,60,702,low,approved,33210,atm,true,73
app_20250112_00037403,2025-01-12 23:56:51,cust_1311991,ATVI,auto_loan,43871,48,451,high,rejected,0,web,true,166
app_20250112_00038263,2025-01-12 14:14:50,cust_9274449,NLAM,auto_loan,5144,72,850,low,approved,5144,mobile,false,506
app_20250112_00039123,2025-01-12 04:53:46,cust_3321074,AUTR,refinance,217126,240,577,medium,rejected,0,online_banking,true,169
app_20250112_00039983,2025-01-12 20:26:17,cust_7307578,CZPR,personal_loan,26239,36,741,low,approved,26239,call_center,false,625
app_20250112_00040843,2025-01-12 13:14:03,cust_1103704,NLAM,credit_card,42700,36,605,medium,approved,42700,atm,false,160
app_20250112_00041703,2025-01-12 07:27:23,cust_8845081,GRRE,business_loan,28645,48,513,medium,rejected,0,call_center,true,95
app_20250112_00042563,2025-01-12 03:47:55,cust_9496494,FRID,auto_loan,45350,36,568,medium,rejected,0,partner,true,172
app_20250112_00043423,2025-01-12 19:59:42,cust_8583927,PORP,business_loan,39772,60,636,medium,approved,39772,online_banking,true,59
app_20250112_00044283,2025-01-12 23:36:12,cust_5871646,PORP,cash_loan,49689,48,544,medium,approved,49689,mobile_app,false,444
app_20250112_00045143,2025-01-12 08:09:27,cust_7057723,PORP,mortgage,115962,240,753,low,rejected,0,web,true,172
app_20250112_00046003,2025-01-12 07:23:02,cust_1767808,FRID,personal_loan,16709,24,632,medium,approved,16709,call_center,false,55
app_20250112_00046863,2025-01-12 01:03:32,cust_8838125,PORP,credit_card,25376,48,850,low,approved,25376,mobile,true,846
app_20250112_00047723,2025-01-12 17:02:50,cust_8241334,PORP,refinance,234967,240,687,medium,approved,234967,web,true,119
app_20250112_00048583,2025-01-12 06:40:15,cust_1503447,ESMA,business_loan,5954,60,711,low,approved,5954,atm,false,281
app_20250112_00049443,2025-01-12 07:08:38,cust_3986334,ATVI,credit_card,49506,30,346,high,rejected,0,web,true,141
app_20250112_00050303,2025-01-12 00:38:46,cust_6386791,FRID,mortgage,414596,300,566,medium,approved,414596,call_center,true,702
app_20250112_00051163,2025-01-12 07:54:28,cust_1995599,UKLO,cash_loan,39312,18,542,medium,approved,39312,partner,false,575
app_20250112_00052023,2025-01-12 02:58:49,cust_203920,CZPR,credit_card,30062,12,609,medium,approved,30062,branch,true,487
app_20250112_00052883,2025-01-12 23:54:51,cust_8987865,BENL,credit_card,19300,18,790,low,approved,19300,call_center,true,139
app_20250112_00053743,2025-01-12 14:25:38,cust_5490197,SESV,mortgage,419135,180,703,low,approved,419135,call_center,false,240
app_20250112_00054603,2025-01-12 22:57:12,cust_1510938,DEHE,credit_card,2914,18,553,medium,approved,2914,partner,false,259
app_20250112_00055463,2025-01-12 10:51:09,cust_765014,CZPR,credit_card,20562,30,850,low,approved,20562,atm,false,345
app_20250112_00056323,2025-01-12 00:33:28,cust_9487237,CHBE,business_loan,25987,48,621,medium,approved,25987,branch,true,820
app_20250112_00057183,2025-01-12 14:43:09,cust_8516371,GRRE,personal_loan,35515,30,465,high,rejected,0,web,false,129
app_20250112_00058043,2025-01-12 02:51:32,cust_1046444,PORP,refinance,167391,300,646,medium,approved,167391,partner,true,475
app_20250112_00058903,2025-01-12 17:56:41,cust_5213704,SESV,business_loan,39847,36,725,low,approved,39847,partner,false,118
app_20250112_00059763,2025-01-12 16:00:43,cust_4679222,ITMI,mortgage,478729,300,575,medium,rejected,0,mobile,true,137
app_20250112_00060623,2025-01-12 19:13:55,cust_6902047,PLWA,mortgage,145804,120,616,medium,approved,145804,branch,false,492
app_20250112_00061483,2025-01-12 20:39:44,cust_9668896,PORP,mortgage,210994,360,839,low,approved,210994,branch,true,48
app_20250112_00062343,2025-01-12 07:59:23,cust_6701228,CZPR,education_loan,6047,12,746,low,approved,6047,online_banking,true,399
app_20250112_00063203,2025-01-12 03:23:08,cust_5540390,DEHE,credit_card,22278,30,603,medium,approved,22278,atm,true,113
app_20250112_00064063,2025-01-12 14:17:34,cust_7310388,ITMI,mortgage,54173,180,584,medium,rejected,0,online_banking,true,35
app_20250112_00064923,2025-01-12 01:19:13,cust_7216338,FRID,auto_loan,37875,48,601,medium,rejected,0,branch,false,47
app_20250112_00065783,2025-01-12 22:02:03,cust_1722596,CHBE,refinance,461843,300,591,medium,rejected,0,branch,true,42
app_20250112_00066643,2025-01-12 14:00:52,cust_9777890,CHBE,business_loan,21965,36,627,medium,rejected,0,mobile_app,true,125
app_20250112_00067503,2025-01-12 13:37:38,cust_1808151,NLAM,education_loan,29451,36,568,medium,approved,29451,web,true,293
app_20250112_00068363,2025-01-12 08:09:33,cust_6716758,GRRE,mortgage,382793,300,551,medium,rejected,0,mobile,false,41
app_20250112_00069223,2025-01-12 19:25:44,cust_622319,ESMA,credit_card,18355,24,666,medium,rejected,0,branch,true,177
app_20250112_00070083,2025-01-12 06:24:15,cust_1502147,FRID,education_loan,10216,36,545,medium,rejected,0,mobile,false,121
app_20250112_00070943,2025-01-12 19:05:21,cust_8993721,AUTR,personal_loan,10866,12,519,medium,rejected,0,web,false,131
app_20250112_00071803,2025-01-12 04:43:43,cust_1432399,GRRE,credit_card,34143,42,850,low,approved,34143,web,false,793
app_20250112_00072663,2025-01-12 12:02:39,cust_5467613,ESMA,mortgage,78626,300,639,medium,rejected,0,partner,false,92
app_20250112_00073523,2025-01-12 15:10:46,cust_627167,UKLO,business_loan,8689,24,567,medium,rejected,0,web,true,131
app_20250112_00074383,2025-01-12 23:47:45,cust_4976916,CHBE,business_loan,9683,60,482,high,approved,9683,mobile_app,false,384
app_20250112_00075243,2025-01-12 01:46:43,cust_6274999,NLAM,credit_card,6104,30,485,high,rejected,0,atm,false,178
app_20250112_00076103,2025-01-12 23:14:52,cust_9571203,UKLO,credit_card,16124,30,773,low,approved,16124,mobile,false,451
app_20250112_00076963,2025-01-12 11:51:39,cust_1318145,ESMA,credit_card,17172,42,613,medium,rejected,0,online_banking,true,17
app_20250112_00077823,2025-01-12 17:36:33,cust_3286596,PORP,auto_loan,55825,60,650,medium,approved,55825,call_center,true,267
app_20250112_00078683,2025-01-12 08:28:37,cust_4236596,ATVI,education_loan,14831,60,530,medium,approved,14831,atm,true,236
app_20250112_00079543,2025-01-12 12:50:21,cust_1153916,SESV,credit_card,37284,36,694,medium,rejected,0,partner,false,17
app_20250112_00080403,2025-01-12 00:10:35,cust_9006505,PORP,education_loan,5670,24,503,medium,approved,5670,online_banking,true,118
app_20250112_00081263,2025-01-12 21:50:32,cust_6009886,NLAM,refinance,420674,240,535,medium,rejected,0,online_banking,true,22
app_20250112_00082123,2025-01-12 11:59:16,cust_705336,ITMI,mortgage,69116,300,675,medium,approved,69116,online_banking,false,98
app_20250112_00082983,2025-01-12 22:30:43,cust_3425417,FRID,refinance,329804,360,780,low,approved,329804,call_center,true,223
app_20250112_00083843,2025-01-12 13:19:54,cust_3381554,AUTR,education_loan,22103,12,737,low,approved,22103,partner,false,100
app_20250112_00084703,2025-01-12 03:28:37,cust_5607411,FRID,personal_loan,13656,18,778,low,approved,13656,atm,false,637
app_20250112_00085563,2025-01-12 00:19:59,cust_9871067,CZPR,business_loan,14873,48,599,medium,rejected,0,online_banking,true,13
app_20250112_00086423,2025-01-12 03:58:50,cust_4950095,DEHE,auto_loan,18072,72,731,low,approved,18072,call_center,true,352
app_20250112_00087283,2025-01-12 19:27:32,cust_1858027,ESMA,personal_loan,44962,36,628,medium,approved,44962,mobile_app,true,349
app_20250112_00088143,2025-01-12 08:10:57,cust_1611020,ITMI,personal_loan,18243,48,626,medium,rejected,0,atm,false,26
app_20250112_00089003,2025-01-12 08:22:03,cust_1222883,PORP,business_loan,26156,24,615,medium,approved,26156,online_banking,true,877
app_20250112_00089863,2025-01-12 12:38:52,cust_1217727,NLAM,refinance,280135,300,774,low,rejected,0,call_center,true,53
app_20250112_00090723,2025-01-12 03:45:57,cust_494913,ESMA,refinance,368505,240,658,medium,approved,368505,atm,true,64
app_20250112_00091583,2025-01-12 22:34:07,cust_9407139,PLWA,credit_card,18208,42,558,medium,rejected,0,atm,true,27
app_20250112_00092443,2025-01-12 14:17:02,cust_4891611,ATVI,mortgage,82659,120,605,medium,approved,82659,branch,true,602
app_20250112_00093303,2025-01-12 01:07:54,cust_634085,DEHE,personal_loan,24014,24,579,medium,rejected,0,call_center,true,110
app_20250112_00094163,2025-01-12 09:50:30,cust_2174715,PORP,business_loan,25056,36,573,medium,rejected,0,branch,true,175
app_20250112_00095023,2025-01-12 11:32:30,cust_8900054,NLAM,auto_loan,37358,24,590,medium,approved,37358,web,false,836
app_20250112_00095883,2025-01-12 12:27:28,cust_6090453,FRID,auto_loan,8160,36,650,medium,approved,8160,online_banking,true,737
app_20250112_00096743,2025-01-12 15:12:04,cust_2167643,FRID,credit_card,42956,48,476,high,rejected,0,mobile,true,177
app_20250112_00097603,2025-01-12 12:28:44,cust_1769205,GRRE,refinance,300659,180,763,low,approved,300659,mobile,true,164
app_20250112_00098463,2025-01-12 17:57:41,cust_7165478,AUTR,personal_loan,8417,12,540,medium,approved,8417,partner,false,517
app_20250112_00099323,2025-01-12 16:08:52,cust_3298309,FRID,business_loan,25497,12,488,high,approved,25497,web,true,599
app_20250112_00100183,2025-01-12 10:31:20,cust_2916142,ATVI,personal_loan,7886,24,570,medium,rejected,0,online_banking,true,160
app_20250112_00101043,2025-01-12 20:21:03,cust_243947,PLWA,refinance,469492,180,646,medium,approved,469492,partner,true,613
app_20250112_00101903,2025-01-12 08:15:58,cust_9333822,AUTR,credit_card,20270,30,620,medium,approved,20270,branch,false,863
app_20250112_00102763,2025-01-12 07:46:01,cust_8604353,CZPR,credit_card,34762,36,785,low,approved,34762,online_banking,false,65
app_20250112_00103623,2025-01-12 17:45:43,cust_1358815,NLAM,business_loan,18520,24,661,medium,approved,18520,mobile,true,136
app_20250112_00104483,2025-01-12 03:52:42,cust_4235960,AUTR,business_loan,10930,24,660,medium,rejected,0,atm,false,166
app_20250112_00105343,2025-01-12 13:27:36,cust_1685643,ATVI,education_loan,11675,36,651,medium,rejected,0,online_banking,false,18
app_20250112_00106203,2025-01-12 09:12:53,cust_257639,CZPR,credit_card,36578,12,777,low,approved,36578,web,true,289
app_20250112_00107063,2025-01-12 22:10:40,cust_3775096,AUTR,mortgage,194792,120,850,low,approved,194792,online_banking,false,757
app_20250112_00107923,2025-01-12 17:05:03,cust_5706859,CHBE,education_loan,39789,48,662,medium,approved,39789,branch,false,542
app_20250112_00108783,2025-01-12 06:48:58,cust_5547487,CHBE,cash_loan,46888,42,743,low,approved,46888,online_banking,true,818
app_20250112_00109643,2025-01-12 01:12:57,cust_6016695,SESV,business_loan,9587,36,639,medium,approved,9587,web,false,104
app_20250112_00110503,2025-01-12 22:36:36,cust_374869,DEHE,refinance,101213,180,456,high,rejected,0,mobile,true,124
app_20250112_00111363,2025-01-12 08:06:01,cust_3131173,AUTR,personal_loan,6876,30,675,medium,approved,6876,call_center,false,75
app_20250112_00112223,2025-01-12 02:34:23,cust_2858002,ESMA,personal_loan,30898,30,668,medium,rejected,0,atm,true,148
app_20250112_00113083,2025-01-12 21:46:21,cust_5917453,BENL,auto_loan,5153,60,581,medium,approved,5153,mobile,true,214
app_20250112_00113943,2025-01-12 05:32:58,cust_330593,CHBE,education_loan,24584,48,732,low,approved,24584,partner,false,245
app_20250112_00114803,2025-01-12 05:19:22,cust_4955447,ITMI,education_loan,14520,24,553,medium,approved,14520,online_banking,false,786
app_20250112_00115663,2025-01-12 20:54:21,cust_7923342,AUTR,education_loan,18906,24,630,medium,approved,18906,call_center,false,780
app_20250112_00116523,2025-01-12 17:05:10,cust_5832197,ESMA,credit_card,9886,42,520,medium,approved,9886,mobile_app,false,555
app_20250112_00117383,2025-01-12 06:50:16,cust_5688020,ATVI,refinance,472568,300,563,medium,rejected,0,branch,false,153
app_20250112_00118243,2025-01-12 23:26:10,cust_3937004,CZPR,personal_loan,28293,24,850,low,approved,28293,mobile,false,360
app_20250112_00119103,2025-01-12 11:21:08,cust_3573561,SESV,auto_loan,24741,36,657,medium,approved,24741,web,true,873
app_20250112_00119963,2025-01-12 07:59:28,cust_1531298,ITMI,cash_loan,26593,24,699,medium,approved,26593,mobile,false,107
app_20250112_00120823,2025-01-12 19:00:15,cust_5804741,GRRE,auto_loan,45630,48,609,medium,approved,45630,branch,false,757
app_20250112_00121683,2025-01-12 23:19:48,cust_6342875,SESV,business_loan,17310,12,705,low,approved,17310,web,false,472
app_20250112_00122543,2025-01-12 23:43:54,cust_2828273,CHBE,auto_loan,12931,72,807,low,approved,12931,web,true,94
app_20250112_00123403,2025-01-12 20:42:34,cust_2958948,PLWA,mortgage,170921,240,564,medium,approved,170921,mobile,true,98
app_20250112_00124263,2025-01-12 22:08:00,cust_1569748,CHBE,refinance,456911,120,695,medium,approved,456911,online_banking,false,696
app_20250112_00125123,2025-01-12 17:23:52,cust_7237332,GRRE,personal_loan,13230,48,744,low,approved,13230,branch,true,837
app_20250112_00125983,2025-01-12 18:10:50,cust_1423764,PLWA,auto_loan,27366,36,739,low,approved,27366,mobile,true,229
app_20250112_00126843,2025-01-12 00:26:30,cust_3318751,NLAM,education_loan,29208,24,629,medium,approved,29208,mobile,false,476
app_20250112_00127703,2025-01-12 20:32:08,cust_4975758,CHBE,education_loan,35825,60,850,low,rejected,0,call_center,false,132
app_20250112_00128563,2025-01-12 23:54:26,cust_423268,ITMI,mortgage,352611,300,656,medium,rejected,0,atm,false,39
app_20250112_00129423,2025-01-12 05:49:14,cust_8988281,DEHE,personal_loan,21510,30,605,medium,approved,21510,atm,false,103
app_20250112_00130283,2025-01-12 10:31:15,cust_394037,UKLO,cash_loan,25692,30,660,medium,approved,25692,online_banking,false,805
app_20250112_00131143,2025-01-12 03:16:37,cust_699416,FRID,education_loan,25532,48,577,medium,approved,25532,web,false,403
app_20250112_00132003,2025-01-12 20:59:15,cust_4220583,NLAM,education_loan,29198,36,628,medium,approved,29198,online_banking,false,238
app_20250112_00132863,2025-01-12 02:23:59,cust_5560192,ATVI,mortgage,176717,240,663,medium,approved,176717,atm,true,595
app_20250112_00133723,2025-01-12 03:57:44,cust_276618,BENL,business_loan,24683,60,724,low,rejected,0,partner,false,152
app_20250112_00134583,2025-01-12 01:39:42,cust_2198556,UKLO,mortgage,130256,300,626,medium,approved,130256,mobile_app,true,871
app_20250112_00135443,2025-01-12 13:18:10,cust_1718829,PLWA,business_loan,37770,48,583,medium,approved,37770,mobile_app,false,826
app_20250112_00136303,2025-01-12 19:24:46,cust_3782514,AUTR,refinance,98305,300,675,medium,approved,98305,online_banking,true,87
app_20250112_00137163,2025-01-12 06:02:31,cust_9036236,FRID,personal_loan,1809,30,634,medium,approved,1809,online_banking,true,49
app_20250112_00138023,2025-01-12 10:39:33,cust_5251679,PORP,mortgage,408747,360,774,low,approved,408747,web,true,816
app_20250112_00138883,2025-01-12 04:14:31,cust_7316311,ITMI,auto_loan,19904,48,663,medium,approved,19904,web,false,125
app_20250112_00139743,2025-01-12 18:20:18,cust_3214957,CHBE,mortgage,85632,360,726,low,approved,85632,mobile_app,false,270
app_20250112_00140603,2025-01-12 00:24:13,cust_389138,PORP,refinance,414678,300,612,medium,approved,414678,branch,true,255
app_20250112_00141463,2025-01-12 22:27:09,cust_2885083,BENL,business_loan,17834,24,642,medium,rejected,0,mobile_app,true,92
app_20250112_00142323,2025-01-12 20:17:12,cust_8636930,FRID,education_loan,15658,36,581,medium,approved,15658,web,true,754
app_20250112_00143183,2025-01-12 21:59:02,cust_6737718,DEHE,auto_loan,31269,36,722,low,approved,31269,web,true,548
app_20250112_00144043,2025-01-12 06:46:30,cust_9780488,AUTR,education_loan,25116,24,686,medium,approved,25116,branch,true,188
app_20250112_00144903,2025-01-12 23:21:49,cust_9452515,ATVI,education_loan,11378,24,571,medium,rejected,0,partner,false,77
app_20250112_00145763,2025-01-12 03:08:08,cust_3650278,AUTR,personal_loan,24373,24,640,medium,approved,24373,mobile_app,false,721
app_20250112_00146623,2025-01-12 17:37:01,cust_4571617,SESV,business_loan,19162,36,612,medium,approved,19162,branch,true,900
app_20250112_00147483,2025-01-12 16:39:08,cust_9035528,PLWA,mortgage,128169,240,724,low,approved,128169,call_center,false,560
app_20250112_00148343,2025-01-12 00:14:44,cust_5034893,AUTR,credit_card,2620,30,821,low,approved,2620,online_banking,false,268
app_20250112_00149203,2025-01-12 21:28:55,cust_6565229,CHBE,business_loan,39609,12,693,medium,approved,39609,web,false,592
app_20250112_00150063,2025-01-12 23:09:14,cust_9995829,ESMA,refinance,51422,240,750,low,approved,51422,call_center,true,309
app_20250112_00150923,2025-01-12 20:38:45,cust_9712757,CZPR,education_loan,33858,36,808,low,approved,33858,online_banking,false,76
app_20250112_00151783,2025-01-12 00:24:49,cust_305910,BENL,education_loan,27150,12,591,medium,rejected,0,online_banking,true,178
app_20250112_00152643,2025-01-12 07:17:44,cust_1812312,ESMA,business_loan,36560,12,559,medium,approved,36560,call_center,false,608
app_20250112_00153503,2025-01-12 07:22:58,cust_1554853,NLAM,personal_loan,38075,18,739,low,approved,38075,partner,true,659
app_20250112_00154363,2025-01-12 10:37:49,cust_7528153,NLAM,education_loan,32598,12,772,low,rejected,0,partner,false,173
app_20250112_00155223,2025-01-12 15:29:33,cust_1188045,FRID,credit_card,7848,42,692,medium,approved,7848,mobile_app,true,460
app_20250112_00156083,2025-01-12 04:07:15,cust_2518519,GRRE,education_loan,8717,12,850,low,approved,8717,atm,true,345
app_20250112_00156943,2025-01-12 14:29:01,cust_2033680,UKLO,business_loan,14586,36,572,medium,rejected,0,online_banking,false,154
app_20250112_00157803,2025-01-12 11:30:10,cust_795860,UKLO,cash_loan,26559,24,690,medium,approved,26559,mobile,false,280
app_20250112_00158663,2025-01-12 08:09:29,cust_9491449,AUTR,education_loan,5917,36,533,medium,rejected,0,mobile_app,false,149
app_20250112_00159523,2025-01-12 23:28:56,cust_724608,GRRE,personal_loan,14386,30,791,low,approved,14386,online_banking,false,863
app_20250112_00160383,2025-01-12 14:40:33,cust_756515,GRRE,business_loan,33908,48,707,low,approved,33908,online_banking,true,151
app_20250112_00161243,2025-01-12 07:05:05,cust_8599230,PLWA,business_loan,31409,24,624,medium,rejected,0,branch,true,11
app_20250112_00162103,2025-01-12 22:01:51,cust_7282760,ATVI,cash_loan,7992,36,817,low,approved,7992,branch,false,872
app_20250112_00162963,2025-01-12 11:36:09,cust_1106766,CZPR,refinance,417588,120,548,medium,rejected,0,call_center,true,124
app_20250112_00163823,2025-01-12 18:08:14,cust_9569563,DEHE,auto_loan,42907,72,686,medium,approved,42907,call_center,false,88
app_20250112_00164683,2025-01-12 20:46:23,cust_7570532,ESMA,refinance,111904,360,535,medium,rejected,0,branch,true,144
app_20250112_00165543,2025-01-12 14:11:22,cust_730384,PLWA,education_loan,15605,36,669,medium,approved,15605,online_banking,false,737
app_20250112_00166403,2025-01-12 05:14:32,cust_5894102,BENL,refinance,52695,300,681,medium,rejected,0,online_banking,false,174
app_20250112_00167263,2025-01-12 13:25:30,cust_1422767,CHBE,credit_card,48225,30,708,low,approved,48225,partner,false,812
app_20250112_00168123,2025-01-12 22:48:15,cust_4646730,CZPR,credit_card,23558,30,649,medium,rejected,0,web,true,90
app_20250112_00168983,2025-01-12 00:27:12,cust_490466,GRRE,mortgage,338574,120,663,medium,approved,338574,mobile_app,false,749
app_20250112_00169843,2025-01-12 11:50:08,cust_1478797,PLWA,refinance,319952,360,710,low,approved,319952,online_banking,false,58
app_20250112_00170703,2025-01-12 12:22:54,cust_3865559,PLWA,auto_loan,19439,60,520,medium,approved,19439,web,false,31
app_20250112_00171563,2025-01-12 15:51:07,cust_3855628,GRRE,mortgage,331019,120,666,medium,approved,331019,web,true,432
app_20250112_00172423,2025-01-12 00:40:03,cust_8525085,CHBE,refinance,170629,300,693,medium,rejected,0,web,true,33
app_20250112_00173283,2025-01-12 04:29:49,cust_8857734,SESV,auto_loan,27531,72,729,low,approved,27531,branch,true,784
app_20250112_00174143,2025-01-12 20:00:15,cust_247353,BENL,personal_loan,9696,48,606,medium,approved,9696,mobile_app,false,34
app_20250112_00175003,2025-01-12 02:05:56,cust_4747119,FRID,education_loan,39020,48,599,medium,rejected,0,branch,true,152
app_20250112_00175863,2025-01-12 02:09:53,cust_6193840,BENL,education_loan,4628,60,478,high,rejected,0,partner,false,112
app_20250112_00176723,2025-01-12 07:02:35,cust_5506233,ESMA,auto_loan,44923,24,622,medium,approved,44923,branch,false,245
app_20250112_00177583,2025-01-12 14:38:44,cust_6436872,PLWA,education_loan,38839,48,555,medium,approved,38839,mobile_app,true,115
app_20250112_00178443,2025-01-12 21:41:35,cust_7105285,CZPR,cash_loan,45005,36,740,low,approved,45005,mobile,false,810
app_20250112_00179303,2025-01-12 21:43:13,cust_2086604,NLAM,mortgage,328370,300,650,medium,approved,328370,web,false,849
app_20250112_00180163,2025-01-12 19:10:54,cust_2533254,ESMA,refinance,464870,300,594,medium,rejected,0,partner,false,167
app_20250112_00181023,2025-01-12 01:10:11,cust_8611279,ATVI,auto_loan,43571,60,737,low,approved,43571,mobile,false,566
app_20250112_00181883,2025-01-12 09:41:31,cust_7545389,DEHE,auto_loan,19681,72,671,medium,approved,19681,atm,true,126
app_20250112_00182743,2025-01-12 17:24:53,cust_7478505,ATVI,mortgage,277511,300,572,medium,rejected,0,mobile_app,true,150
app_20250112_00183603,2025-01-12 20:27:19,cust_9559173,FRID,mortgage,180217,120,649,medium,approved,180217,web,false,177
app_20250112_00184463,2025-01-12 00:59:40,cust_8803721,DEHE,mortgage,286167,300,663,medium,approved,286167,atm,false,157
app_20250112_00185323,2025-01-12 21:17:18,cust_3012780,SESV,mortgage,165215,120,714,low,approved,165215,online_banking,false,634
app_20250112_00186183,2025-01-12 15:22:10,cust_4847143,PORP,mortgage,386695,180,647,medium,approved,386695,web,false,327
app_20250112_00187043,2025-01-12 00:42:18,cust_6070342,GRRE,auto_loan,11230,60,723,low,approved,11230,call_center,true,549
app_20250112_00187903,2025-01-12 17:50:01,cust_669122,CHBE,business_loan,23814,60,570,medium,approved,23814,partner,true,218
app_20250112_00188763,2025-01-12 15:00:04,cust_8507464,PLWA,refinance,59359,240,714,low,approved,59359,branch,true,848
app_20250112_00189623,2025-01-12 17:47:56,cust_1342488,PLWA,personal_loan,17968,12,611,medium,rejected,0,online_banking,true,88
app_20250112_00190483,2025-01-12 17:34:35,cust_8845589,SESV,education_loan,23502,60,710,low,approved,23502,web,false,617
app_20250112_00191343,2025-01-12 19:37:59,cust_2066465,BENL,education_loan,25796,12,681,medium,approved,25796,mobile,false,218
app_20250112_00192203,2025-01-12 20:50:44,cust_109962,ITMI,personal_loan,15444,18,653,medium,approved,15444,mobile,true,388
app_20250112_00193063,2025-01-12 21:06:14,cust_3193900,CZPR,credit_card,9270,12,670,medium,rejected,0,partner,false,10
app_20250112_00193923,2025-01-12 06:06:35,cust_5274535,GRRE,business_loan,26028,12,583,medium,approved,26028,mobile,true,49
app_20250112_00194783,2025-01-12 14:00:43,cust_1838999,GRRE,mortgage,69890,300,682,medium,approved,69890,web,true,600
app_20250112_00195643,2025-01-12 09:23:38,cust_4437583,SESV,mortgage,195577,360,682,medium,approved,195577,web,false,65
app_20250112_00196503,2025-01-12 04:25:37,cust_7234500,ITMI,mortgage,87624,120,695,medium,rejected,0,mobile_app,false,27
app_20250112_00197363,2025-01-12 15:52:50,cust_6792074,AUTR,education_loan,33206,12,605,medium,approved,33206,mobile_app,true,161
app_20250112_00198223,2025-01-12 22:13:44,cust_2384541,CHBE,auto_loan,8138,48,523,medium,approved,8138,branch,false,222
app_20250112_00199083,2025-01-12 22:44:47,cust_3600202,AUTR,credit_card,6684,36,751,low,approved,6684,atm,true,713
app_20250112_00199943,2025-01-12 17:00:34,cust_2539113,PLWA,refinance,129752,300,596,medium,rejected,0,mobile,true,64
app_20250112_00200803,2025-01-12 12:57:44,cust_6122566,ITMI,credit_card,24272,24,608,medium,approved,24272,call_center,true,825
app_20250112_00201663,2025-01-12 05:32:50,cust_6445821,CHBE,refinance,369366,300,661,medium,rejected,0,atm,false,164
app_20250112_00202523,2025-01-12 04:53:57,cust_3336193,ATVI,mortgage,89096,300,659,medium,approved,89096,atm,true,763
app_20250112_00203383,2025-01-12 11:56:03,cust_412105,FRID,auto_loan,38684,36,638,medium,approved,38684,mobile,false,340
app_20250112_00204243,2025-01-12 15:33:47,cust_7716205,AUTR,auto_loan,20592,72,850,low,approved,20592,partner,false,670
app_20250112_00205103,2025-01-12 18:51:34,cust_2460249,NLAM,mortgage,131322,120,593,medium,rejected,0,branch,false,55
app_20250112_00205963,2025-01-12 01:16:10,cust_6355752,ATVI,business_loan,9760,12,720,low,approved,9760,online_banking,true,749
app_20250112_00206823,2025-01-12 20:38:53,cust_9641637,ATVI,personal_loan,12907,48,805,low,approved,12907,branch,false,482
app_20250112_00207683,2025-01-12 08:37:24,cust_7963889,CZPR,auto_loan,18778,36,697,medium,approved,18778,atm,true,708
app_20250112_00208543,2025-01-12 07:40:26,cust_5311242,UKLO,credit_card,16701,48,683,medium,rejected,0,web,false,50
app_20250112_00209403,2025-01-12 14:16:24,cust_8426396,GRRE,mortgage,181251,180,675,medium,rejected,0,call_center,true,100
app_20250112_00210263,2025-01-12 12:27:09,cust_6786094,ATVI,education_loan,20992,60,609,medium,approved,20992,online_banking,true,630
app_20250112_00211123,2025-01-12 03:39:28,cust_7658264,CHBE,cash_loan,22300,12,707,low,approved,22300,branch,true,339
app_20250112_00211983,2025-01-12 06:57:25,cust_417239,ITMI,education_loan,9564,48,532,medium,rejected,0,web,false,54
app_20250112_00212843,2025-01-12 12:27:02,cust_461214,ITMI,cash_loan,39129,24,618,medium,approved,39129,atm,false,715
app_20250112_00213703,2025-01-12 23:04:40,cust_4291766,ATVI,credit_card,47301,42,757,low,approved,47301,online_banking,true,236
app_20250112_00214563,2025-01-12 15:49:27,cust_6898073,CHBE,business_loan,14011,48,612,medium,approved,14011,mobile_app,true,492
app_20250112_00215423,2025-01-12 21:14:55,cust_3135034,ITMI,mortgage,312223,120,666,medium,approved,312223,online_banking,false,536
app_20250112_00216283,2025-01-12 03:32:21,cust_8247704,ESMA,cash_loan,12660,48,726,low,approved,12660,online_banking,false,338
app_20250112_00217143,2025-01-12 05:56:15,cust_5303059,ITMI,credit_card,43740,36,615,medium,approved,43740,online_banking,false,330
app_20250112_00218003,2025-01-12 23:39:12,cust_9852194,SESV,mortgage,422423,360,610,medium,rejected,0,online_banking,false,103
app_20250112_00218863,2025-01-12 19:32:43,cust_9699563,GRRE,business_loan,22883,48,548,medium,rejected,0,mobile,false,176
app_20250112_00219723,2025-01-12 11:05:43,cust_2571749,BENL,refinance,259948,240,847,low,rejected,0,partner,false,94
app_20250112_00220583,2025-01-12 01:33:30,cust_6455801,ESMA,refinance,434045,300,579,medium,approved,434045,web,false,426
app_20250112_00221443,2025-01-12 06:19:47,cust_4233418,GRRE,business_loan,27554,12,573,medium,approved,27554,branch,true,612
app_20250112_00222303,2025-01-12 03:46:10,cust_6802439,AUTR,refinance,447446,180,549,medium,approved,447446,call_center,false,287
app_20250112_00223163,2025-01-12 07:22:00,cust_260933,CHBE,personal_loan,8966,12,722,low,rejected,0,mobile,true,174
app_20250112_00224023,2025-01-12 13:10:58,cust_6922681,CZPR,credit_card,20779,30,721,low,approved,20779,partner,true,341
app_20250112_00224883,2025-01-12 02:41:34,cust_5293269,DEHE,refinance,419845,120,618,medium,approved,419845,call_center,true,753
app_20250112_00225743,2025-01-12 03:13:22,cust_5027129,PORP,education_loan,11866,24,576,medium,rejected,0,atm,true,11
app_20250112_00226603,2025-01-12 08:35:29,cust_5437672,BENL,refinance,114648,300,671,medium,approved,114648,web,true,888
app_20250112_00227463,2025-01-12 08:50:55,cust_9747561,ATVI,mortgage,282460,360,548,medium,rejected,0,call_center,false,81
app_20250112_00228323,2025-01-12 12:25:02,cust_1881650,PORP,refinance,75768,360,651,medium,approved,75768,call_center,false,856
app_20250112_00229183,2025-01-12 23:16:07,cust_7357629,ATVI,mortgage,437510,300,625,medium,approved,437510,web,false,561
app_20250112_00230043,2025-01-12 15:27:02,cust_7937728,CHBE,education_loan,32481,36,518,medium,approved,32481,online_banking,true,577
app_20250112_00230903,2025-01-12 17:39:45,cust_5854460,CHBE,auto_loan,12930,60,724,low,approved,12930,online_banking,false,802
app_20250112_00231763,2025-01-12 22:22:04,cust_2805362,PLWA,education_loan,3610,36,504,medium,rejected,0,atm,false,106
app_20250112_00232623,2025-01-12 07:15:09,cust_5521171,NLAM,cash_loan,46494,24,652,medium,approved,46494,branch,true,825
app_20250112_00233483,2025-01-12 02:45:05,cust_4236052,DEHE,auto_loan,8551,48,672,medium,rejected,0,online_banking,false,169
app_20250112_00234343,2025-01-12 17:09:56,cust_1316751,FRID,credit_card,35198,48,670,medium,approved,35198,mobile,true,244
app_20250112_00235203,2025-01-12 13:45:24,cust_6164365,DEHE,refinance,184926,360,751,low,approved,184926,online_banking,true,719
app_20250112_00236063,2025-01-12 18:52:22,cust_735986,PLWA,mortgage,89497,240,739,low,approved,89497,mobile,true,636
app_20250112_00236923,2025-01-12 04:59:16,cust_251346,SESV,credit_card,10643,36,628,medium,rejected,0,call_center,false,37
app_20250112_00237783,2025-01-12 18:05:19,cust_151209,BENL,auto_loan,41285,36,630,medium,approved,41285,call_center,true,812
app_20250112_00238643,2025-01-12 12:17:50,cust_9632723,PLWA,personal_loan,28463,30,650,medium,approved,28463,call_center,false,347
app_20250112_00239503,2025-01-12 13:34:33,cust_6755972,CZPR,refinance,189629,360,446,high,rejected,0,mobile,true,160
app_20250112_00240363,2025-01-12 18:44:40,cust_4197849,BENL,credit_card,17352,36,629,medium,rejected,0,partner,true,44
app_20250112_00241223,2025-01-12 09:27:03,cust_8314905,ATVI,mortgage,53328,360,607,medium,approved,53328,atm,true,734
app_20250112_00242083,2025-01-12 00:14:54,cust_5421497,BENL,auto_loan,13997,72,561,medium,approved,13997,call_center,true,840
app_20250112_00242943,2025-01-12 23:27:33,cust_6229241,UKLO,personal_loan,40723,12,758,low,rejected,0,mobile_app,false,95
app_20250112_00243803,2025-01-12 06:53:38,cust_689490,BENL,mortgage,80885,180,661,medium,rejected,0,partner,true,158
app_20250112_00244663,2025-01-12 19:57:24,cust_3426346,NLAM,refinance,151134,240,728,low,approved,151134,online_banking,false,155
app_20250112_00245523,2025-01-12 03:09:58,cust_5708025,PORP,credit_card,15507,18,738,low,approved,15507,partner,false,217
app_20250112_00246383,2025-01-12 15:29:22,cust_5023769,UKLO,business_loan,13196,24,561,medium,rejected,0,mobile,false,160
app_20250112_00247243,2025-01-12 15:55:47,cust_5152720,PLWA,personal_loan,19693,48,626,medium,approved,19693,mobile,false,167
app_20250112_00248103,2025-01-12 17:00:53,cust_8455413,NLAM,cash_loan,3349,30,512,medium,approved,3349,web,true,184
app_20250112_00248963,2025-01-12 16:50:57,cust_1110082,GRRE,credit_card,9840,36,660,medium,approved,9840,branch,true,650
app_20250112_00249823,2025-01-12 14:14:58,cust_5838056,PORP,education_loan,9731,48,711,low,rejected,0,call_center,true,37
app_20250112_00250683,2025-01-12 16:42:38,cust_7962916,CZPR,credit_card,42333,36,545,medium,rejected,0,mobile,false,163
app_20250112_00251543,2025-01-12 23:16:22,cust_5513859,CZPR,cash_loan,39348,42,513,medium,rejected,0,branch,true,175
app_20250112_00252403,2025-01-12 03:42:49,cust_7954837,CHBE,refinance,271348,240,738,low,approved,271348,mobile_app,false,74
app_20250112_00253263,2025-01-12 23:09:56,cust_4616628,UKLO,personal_loan,27583,36,784,low,approved,27583,call_center,false,631
app_20250112_00254123,2025-01-12 15:16:59,cust_4966401,CHBE,cash_loan,6598,18,473,high,approved,6598,mobile,true,740
app_20250112_00254983,2025-01-12 21:12:38,cust_8403660,UKLO,education_loan,28065,60,563,medium,rejected,0,branch,true,47
app_20250112_00255843,2025-01-12 14:38:28,cust_6367205,FRID,mortgage,187143,120,662,medium,rejected,0,online_banking,true,42
app_20250112_00256703,2025-01-12 04:18:28,cust_1621562,FRID,personal_loan,6416,42,519,medium,approved,6416,branch,false,673
app_20250112_00257563,2025-01-12 20:28:38,cust_5687886,NLAM,cash_loan,36928,24,826,low,approved,36928,partner,false,75
app_20250112_00258423,2025-01-12 19:46:34,cust_4919305,CHBE,personal_loan,38987,18,629,medium,rejected,0,call_center,false,107
app_20250112_00259283,2025-01-12 03:34:23,cust_1528213,PLWA,education_loan,8150,60,587,medium,rejected,0,web,true,75
app_20250112_00260143,2025-01-12 14:49:44,cust_2858021,FRID,refinance,124000,120,680,medium,approved,124000,atm,false,587
app_20250112_00261003,2025-01-12 20:25:31,cust_4984339,BENL,personal_loan,22557,12,484,high,approved,22557,online_banking,false,618
app_20250112_00261863,2025-01-12 15:27:16,cust_2782995,CHBE,credit_card,26691,36,561,medium,rejected,0,branch,true,82
app_20250112_00262723,2025-01-12 00:18:34,cust_1698396,ATVI,auto_loan,27094,48,726,low,approved,27094,web,false,606
app_20250112_00263583,2025-01-12 10:43:50,cust_3279097,UKLO,personal_loan,28060,18,618,medium,rejected,0,call_center,true,153
app_20250112_00264443,2025-01-12 01:59:10,cust_5774813,PLWA,credit_card,45507,18,711,low,approved,45507,web,true,703
app_20250112_00265303,2025-01-12 10:07:04,cust_2414049,ESMA,refinance,470742,300,715,low,approved,470742,mobile_app,true,180
app_20250112_00266163,2025-01-12 14:09:53,cust_3838985,ITMI,credit_card,7660,36,539,medium,approved,7660,call_center,false,109
app_20250112_00267023,2025-01-12 14:34:02,cust_4616737,ATVI,credit_card,18112,18,718,low,approved,18112,online_banking,true,355
app_20250112_00267883,2025-01-12 01:36:44,cust_209131,AUTR,cash_loan,9610,30,537,medium,rejected,0,partner,false,96
app_20250112_00268743,2025-01-12 13:04:33,cust_7705882,CHBE,personal_loan,3014,24,679,medium,approved,3014,atm,false,453
app_20250112_00269603,2025-01-12 07:36:30,cust_1968336,PORP,personal_loan,44599,12,741,low,approved,44599,atm,false,862
app_20250112_00270463,2025-01-12 20:09:09,cust_3659917,ESMA,mortgage,51903,360,601,medium,approved,51903,online_banking,true,340
app_20250112_00271323,2025-01-12 18:41:21,cust_2369984,ESMA,auto_loan,32925,72,470,high,rejected,0,web,false,161
app_20250112_00272183,2025-01-12 07:42:38,cust_3995686,FRID,credit_card,45954,24,626,medium,approved,45954,call_center,false,848
app_20250112_00273043,2025-01-12 18:19:25,cust_4714931,ESMA,personal_loan,27288,42,837,low,approved,27288,mobile,true,315
app_20250112_00273903,2025-01-12 16:40:08,cust_6335168,PORP,mortgage,84093,300,850,low,approved,84093,branch,true,745
app_20250112_00274763,2025-01-12 19:48:32,cust_3327858,GRRE,personal_loan,19013,42,653,medium,approved,19013,call_center,true,268
app_20250112_00275623,2025-01-12 10:30:45,cust_2003566,CHBE,mortgage,247118,180,720,low,approved,247118,atm,true,33
app_20250112_00276483,2025-01-12 14:21:51,cust_5139376,PORP,credit_card,41560,48,618,medium,approved,41560,mobile_app,false,184
app_20250112_00277343,2025-01-12 07:58:24,cust_370501,CHBE,auto_loan,10123,48,662,medium,rejected,0,online_banking,false,77
app_20250112_00278203,2025-01-12 02:26:12,cust_3100987,ESMA,credit_card,27981,48,579,medium,approved,27981,branch,true,847
app_20250112_00279063,2025-01-12 16:20:30,cust_7547764,PLWA,business_loan,38200,12,510,medium,rejected,0,branch,false,97
app_20250112_00279923,2025-01-12 18:01:55,cust_6402132,DEHE,cash_loan,9799,48,848,low,approved,9799,mobile_app,false,181
app_20250112_00280783,2025-01-12 04:09:46,cust_3958914,GRRE,personal_loan,36431,42,743,low,approved,36431,online_banking,false,180
app_20250112_00281643,2025-01-12 20:32:57,cust_7448111,AUTR,personal_loan,23133,48,727,low,approved,23133,partner,false,536
app_20250112_00282503,2025-01-12 09:40:32,cust_8978905,AUTR,mortgage,278950,120,775,low,approved,278950,atm,false,492
app_20250112_00283363,2025-01-12 07:17:48,cust_8643710,AUTR,auto_loan,6076,48,643,medium,approved,6076,mobile_app,false,815
app_20250112_00284223,2025-01-12 13:51:33,cust_1051942,UKLO,mortgage,315105,240,728,low,approved,315105,call_center,true,617
app_20250112_00285083,2025-01-12 00:34:16,cust_3265709,CHBE,auto_loan,22917,72,831,low,approved,22917,web,false,258
app_20250112_00285943,2025-01-12 14:54:10,cust_7451936,FRID,education_loan,30618,24,628,medium,approved,30618,atm,true,143
app_20250112_00286803,2025-01-12 12:47:11,cust_7855106,GRRE,auto_loan,34541,48,615,medium,rejected,0,mobile_app,false,113
app_20250112_00287663,2025-01-12 08:00:07,cust_2523889,DEHE,cash_loan,29523,24,644,medium,approved,29523,atm,false,812
app_20250112_00288523,2025-01-12 16:54:20,cust_6677884,ESMA,education_loan,37943,60,811,low,approved,37943,atm,true,646
app_20250112_00289383,2025-01-12 12:14:01,cust_5627283,FRID,auto_loan,20661,60,486,high,approved,20661,mobile,false,660
app_20250112_00290243,2025-01-12 09:09:24,cust_985331,FRID,credit_card,43923,18,718,low,approved,43923,atm,true,876
app_20250112_00291103,2025-01-12 07:34:45,cust_9491331,PLWA,cash_loan,39346,24,591,medium,rejected,0,mobile,true,139
app_20250112_00291963,2025-01-12 05:56:48,cust_5203214,DEHE,personal_loan,36264,36,761,low,approved,36264,mobile,false,759
app_20250112_00292823,2025-01-12 21:02:40,cust_6800140,AUTR,auto_loan,59926,48,686,medium,approved,59926,branch,false,216
app_20250112_00293683,2025-01-12 07:19:40,cust_2686198,ESMA,auto_loan,25331,36,626,medium,approved,25331,partner,true,164
app_20250112_00294543,2025-01-12 04:25:30,cust_2877799,ATVI,auto_loan,27659,48,497,high,rejected,0,mobile,true,145
app_20250112_00295403,2025-01-12 20:59:04,cust_4798407,PLWA,education_loan,17504,12,774,low,approved,17504,call_center,false,364
app_20250112_00296263,2025-01-12 13:25:41,cust_4169020,UKLO,business_loan,14420,36,730,low,approved,14420,mobile,true,305
app_20250112_00297123,2025-01-12 07:53:43,cust_497007,PLWA,business_loan,5849,60,555,medium,approved,5849,mobile_app,false,784
app_20250112_00297983,2025-01-12 21:03:42,cust_7139986,PORP,mortgage,381021,300,544,medium,rejected,0,partner,false,178
app_20250112_00298843,2025-01-12 05:47:19,cust_2426394,BENL,mortgage,62458,240,701,low,approved,62458,partner,true,178
app_20250112_00299703,2025-01-12 19:05:40,cust_4208729,UKLO,auto_loan,24749,60,656,medium,approved,24749,web,true,263
app_20250112_00300563,2025-01-12 20:35:38,cust_7624283,ITMI,refinance,122850,120,515,medium,approved,122850,web,true,631
app_20250112_00301423,2025-01-12 21:12:16,cust_352346,AUTR,credit_card,12440,18,615,medium,approved,12440,atm,true,820
app_20250112_00302283,2025-01-12 08:13:09,cust_4935647,DEHE,business_loan,35189,24,850,low,approved,35189,branch,true,143
app_20250112_00303143,2025-01-12 17:41:34,cust_8497381,GRRE,refinance,382545,240,628,medium,rejected,0,online_banking,true,79
app_20250112_00304003,2025-01-12 15:27:10,cust_7672377,ESMA,cash_loan,4176,42,660,medium,approved,4176,atm,false,50
app_20250112_00304863,2025-01-12 00:38:34,cust_5448025,BENL,mortgage,377349,180,652,medium,approved,377349,call_center,true,472
app_20250112_00305723,2025-01-12 03:31:34,cust_1384718,ATVI,business_loan,28213,12,485,high,rejected,0,branch,true,69
app_20250112_00306583,2025-01-12 15:28:36,cust_1168274,AUTR,mortgage,458684,120,670,medium,approved,458684,atm,true,250
app_20250112_00307443,2025-01-12 20:40:42,cust_2048053,BENL,personal_loan,42720,48,689,medium,rejected,0,web,true,95
app_20250112_00308303,2025-01-12 06:42:46,cust_5234517,BENL,cash_loan,23521,48,651,medium,approved,23521,mobile,false,424
app_20250112_00309163,2025-01-12 20:05:27,cust_7505840,PLWA,education_loan,36479,60,532,medium,approved,36479,mobile_app,true,493
app_20250112_00310023,2025-01-12 12:40:12,cust_6666178,FRID,auto_loan,32604,48,451,high,approved,32604,online_banking,false,680
app_20250112_00310883,2025-01-12 17:26:04,cust_413210,DEHE,mortgage,399809,300,609,medium,approved,399809,partner,false,824
app_20250112_00311743,2025-01-12 14:02:06,cust_6170848,UKLO,cash_loan,39650,18,681,medium,approved,39650,web,true,524
app_20250112_00312603,2025-01-12 21:04:13,cust_6004691,ESMA,cash_loan,46594,36,554,medium,approved,46594,mobile_app,true,316
app_20250112_00313463,2025-01-12 13:08:30,cust_2104204,ITMI,personal_loan,24059,24,647,medium,approved,24059,web,true,500
app_20250112_00314323,2025-01-12 19:18:03,cust_4977243,AUTR,mortgage,265744,120,643,medium,approved,265744,call_center,true,853
app_20250112_00315183,2025-01-12 03:26:01,cust_7185267,GRRE,credit_card,43869,24,742,low,approved,43869,atm,true,50
app_20250112_00316043,2025-01-12 19:46:30,cust_8063934,PLWA,business_loan,16618,24,796,low,approved,16618,partner,true,665
app_20250112_00316903,2025-01-12 23:51:49,cust_5742200,CZPR,mortgage,223807,120,689,medium,rejected,0,branch,false,131
app_20250112_00317763,2025-01-12 03:04:38,cust_6947640,GRRE,business_loan,33905,36,705,low,approved,33905,branch,true,243
app_20250112_00318623,2025-01-12 03:52:23,cust_4121791,CZPR,mortgage,145466,300,647,medium,approved,145466,atm,false,86
app_20250112_00319483,2025-01-12 11:46:04,cust_3050889,UKLO,cash_loan,20135,12,690,medium,approved,20135,online_banking,true,578
app_20250112_00320343,2025-01-12 16:51:06,cust_4416864,PLWA,credit_card,26952,12,552,medium,rejected,0,call_center,true,32
app_20250112_00321203,2025-01-12 01:02:56,cust_6525753,GRRE,cash_loan,2086,48,539,medium,rejected,0,mobile_app,false,109
app_20250112_00322063,2025-01-12 02:56:33,cust_216183,DEHE,personal_loan,2092,12,689,medium,approved,2092,atm,false,861
app_20250112_00322923,2025-01-12 06:52:40,cust_8225635,BENL,education_loan,9007,36,630,medium,rejected,0,partner,true,64
app_20250112_00323783,2025-01-12 10:09:37,cust_1716220,PORP,refinance,67210,120,647,medium,rejected,0,atm,true,43
app_20250112_00324643,2025-01-12 01:00:07,cust_4638274,AUTR,refinance,154147,180,754,low,approved,154147,mobile,true,879
app_20250112_00325503,2025-01-12 09:58:12,cust_1034785,UKLO,education_loan,38729,36,480,high,rejected,0,partner,false,62
app_20250112_00326363,2025-01-12 06:10:05,cust_4156272,NLAM,auto_loan,21661,60,565,medium,approved,21661,mobile_app,false,443
app_20250112_00327223,2025-01-12 04:05:31,cust_557253,PLWA,business_loan,20089,24,592,medium,rejected,0,partner,false,51
app_20250112_00328083,2025-01-12 17:34:20,cust_3381302,CHBE,cash_loan,46829,18,811,low,approved,46829,atm,false,35
app_20250112_00328943,2025-01-12 17:43:23,cust_8047937,PLWA,auto_loan,39499,48,638,medium,rejected,0,branch,true,90
app_20250112_00329803,2025-01-12 07:35:04,cust_4256487,SESV,education_loan,20784,36,641,medium,approved,20784,branch,true,665
app_20250112_00330663,2025-01-12 11:40:43,cust_4414239,PLWA,credit_card,45152,18,774,low,approved,45152,online_banking,true,515
app_20250112_00331523,2025-01-12 17:14:27,cust_6021934,CZPR,credit_card,36364,30,553,medium,approved,36364,mobile_app,false,239
app_20250112_00332383,2025-01-12 16:30:29,cust_9507804,ESMA,cash_loan,34802,24,529,medium,approved,34802,branch,false,434
app_20250112_00333243,2025-01-12 13:10:06,cust_7831838,SESV,personal_loan,40275,24,675,medium,rejected,0,web,true,126
app_20250112_00334103,2025-01-12 11:36:47,cust_915615,ITMI,education_loan,2663,24,511,medium,approved,2663,mobile_app,true,636
app_20250112_00334963,2025-01-12 04:25:26,cust_822547,CHBE,cash_loan,17242,36,545,medium,rejected,0,mobile,false,180
app_20250112_00335823,2025-01-12 09:39:28,cust_140138,PLWA,personal_loan,45286,12,589,medium,rejected,0,partner,false,12
app_20250112_00336683,2025-01-12 10:42:53,cust_4207828,AUTR,auto_loan,48151,48,670,medium,approved,48151,call_center,true,833
app_20250112_00337543,2025-01-12 16:02:31,cust_6951592,ITMI,business_loan,10049,12,487,high,rejected,0,mobile_app,true,164
app_20250112_00338403,2025-01-12 00:36:46,cust_4188537,GRRE,credit_card,30317,30,805,low,approved,30317,mobile,true,112
app_20250112_00339263,2025-01-12 11:31:33,cust_3168732,ITMI,auto_loan,43609,36,564,medium,approved,43609,online_banking,false,851
app_20250112_00340123,2025-01-12 04:19:57,cust_3091194,ESMA,cash_loan,3460,18,639,medium,approved,3460,call_center,true,715
app_20250112_00340983,2025-01-12 10:35:46,cust_6210227,GRRE,mortgage,275540,120,645,medium,rejected,0,branch,false,47
app_20250112_00341843,2025-01-12 21:27:35,cust_6811849,CZPR,cash_loan,16200,12,705,low,approved,16200,online_banking,false,151
app_20250112_00342703,2025-01-12 01:04:57,cust_4165921,DEHE,education_loan,2447,12,514,medium,rejected,0,partner,true,173
app_20250112_00343563,2025-01-12 06:00:24,cust_2688224,SESV,cash_loan,20261,24,607,medium,rejected,0,call_center,true,164
app_20250112_00344423,2025-01-12 19:42:24,cust_4039474,AUTR,business_loan,18475,60,829,low,approved,18475,atm,true,371
app_20250112_00345283,2025-01-12 00:06:24,cust_6458052,BENL,auto_loan,36239,60,767,low,approved,36239,atm,true,656
app_20250112_00346143,2025-01-12 11:49:17,cust_1487169,NLAM,refinance,386875,120,759,low,approved,386875,web,false,555
app_20250112_00347003,2025-01-12 14:00:14,cust_2478368,GRRE,refinance,143815,120,616,medium,rejected,0,web,false,67
app_20250112_00347863,2025-01-12 21:02:44,cust_398572,NLAM,cash_loan,2821,24,757,low,approved,2821,mobile,false,730
app_20250112_00348723,2025-01-12 15:39:58,cust_9957709,ATVI,refinance,122573,180,620,medium,approved,122573,partner,false,504
app_20250112_00349583,2025-01-12 23:58:31,cust_7891151,SESV,education_loan,19176,24,790,low,rejected,0,web,false,132
app_20250112_00350443,2025-01-12 02:26:10,cust_4506954,SESV,cash_loan,8556,36,734,low,approved,8556,partner,false,447
app_20250112_00351303,2025-01-12 23:01:19,cust_3352640,GRRE,refinance,302832,120,517,medium,rejected,0,partner,false,44
app_20250112_00352163,2025-01-12 17:20:52,cust_2381461,CHBE,credit_card,6404,42,610,medium,approved,6404,branch,true,131
app_20250112_00353023,2025-01-12 02:17:25,cust_800696,DEHE,business_loan,17849,48,658,medium,approved,17849,branch,true,271
app_20250112_00353883,2025-01-12 09:06:39,cust_9769168,PLWA,credit_card,33771,36,510,medium,rejected,0,mobile,true,163
app_20250112_00354743,2025-01-12 01:02:13,cust_5035086,NLAM,auto_loan,39241,36,641,medium,approved,39241,web,false,780
app_20250112_00355603,2025-01-12 01:09:49,cust_9197071,PLWA,mortgage,383463,360,640,medium,approved,383463,branch,false,253
app_20250112_00356463,2025-01-12 12:41:33,cust_8601803,CHBE,mortgage,53616,120,629,medium,approved,53616,mobile,true,655
app_20250112_00357323,2025-01-12 18:18:47,cust_472242,AUTR,auto_loan,31669,60,663,medium,rejected,0,branch,true,91
app_20250112_00358183,2025-01-12 05:00:33,cust_9176423,AUTR,credit_card,15224,48,537,medium,approved,15224,online_banking,false,852
app_20250112_00359043,2025-01-12 08:45:35,cust_3680284,ATVI,business_loan,14514,48,476,high,rejected,0,online_banking,true,101
app_20250112_00359903,2025-01-12 09:42:56,cust_6777989,ITMI,education_loan,31454,48,542,medium,rejected,0,mobile,true,128
app_20250112_00360763,2025-01-12 12:55:15,cust_2619208,ATVI,credit_card,33797,18,551,medium,approved,33797,mobile,false,238
app_20250112_00361623,2025-01-12 03:38:11,cust_4990239,PLWA,education_loan,6499,36,604,medium,approved,6499,online_banking,false,291
app_20250112_00362483,2025-01-12 00:16:37,cust_2137224,ESMA,refinance,142398,120,615,medium,approved,142398,mobile,false,844
app_20250112_00363343,2025-01-12 20:30:02,cust_4001538,FRID,education_loan,7697,48,592,medium,rejected,0,mobile,true,5
app_20250112_00364203,2025-01-12 00:23:42,cust_3165790,CHBE,credit_card,35889,30,780,low,approved,35889,branch,true,852
app_20250112_00365063,2025-01-12 05:47:19,cust_3221933,FRID,mortgage,424323,120,718,low,approved,424323,atm,true,407
app_20250112_00365923,2025-01-12 07:56:41,cust_1379006,SESV,mortgage,242702,240,591,medium,rejected,0,partner,true,140
app_20250112_00366783,2025-01-12 22:54:32,cust_613870,UKLO,education_loan,24480,24,753,low,approved,24480,branch,true,99
app_20250112_00367643,2025-01-12 03:23:46,cust_9074613,PORP,auto_loan,30109,48,482,high,rejected,0,partner,false,152
app_20250112_00368503,2025-01-12 16:34:31,cust_8356476,BENL,refinance,219684,300,610,medium,approved,219684,mobile_app,true,312
app_20250112_00369363,2025-01-12 03:52:06,cust_1550396,AUTR,credit_card,8666,30,582,medium,rejected,0,atm,true,80
app_20250112_00370223,2025-01-12 07:43:32,cust_3680024,PLWA,refinance,293629,360,683,medium,rejected,0,atm,true,135
app_20250112_00371083,2025-01-12 01:46:19,cust_4289210,BENL,auto_loan,57329,48,816,low,approved,57329,web,true,339
app_20250112_00371943,2025-01-12 21:21:16,cust_9330042,CZPR,auto_loan,42766,36,649,medium,rejected,0,call_center,true,174
app_20250112_00372803,2025-01-12 15:50:23,cust_9230867,CHBE,auto_loan,29589,72,518,medium,approved,29589,branch,true,627
app_20250112_00373663,2025-01-12 14:32:26,cust_5554559,CZPR,auto_loan,33049,24,634,medium,approved,33049,online_banking,true,870
app_20250112_00374523,2025-01-12 05:42:18,cust_2393429,SESV,refinance,151916,240,677,medium,approved,151916,call_center,false,393
app_20250112_00375383,2025-01-12 16:35:28,cust_7484137,FRID,mortgage,142697,240,638,medium,approved,142697,online_banking,false,142
app_20250112_00376243,2025-01-12 10:06:06,cust_1369899,AUTR,refinance,445777,360,559,medium,approved,445777,web,true,498
app_20250112_00377103,2025-01-12 00:15:54,cust_2222611,SESV,refinance,80549,300,453,high,rejected,0,branch,false,13
app_20250112_00377963,2025-01-12 05:16:20,cust_6538698,AUTR,refinance,152300,120,636,medium,rejected,0,web,false,70
app_20250112_00378823,2025-01-12 23:17:20,cust_6656396,AUTR,education_loan,28479,60,570,medium,approved,28479,call_center,false,532
app_20250112_00379683,2025-01-12 20:59:43,cust_3151862,NLAM,auto_loan,28905,60,766,low,approved,28905,online_banking,false,476
app_20250112_00380543,2025-01-12 12:01:54,cust_3780400,ATVI,mortgage,409091,240,576,medium,rejected,0,web,true,133
app_20250112_00381403,2025-01-12 19:14:26,cust_5948879,ATVI,cash_loan,26525,30,593,medium,approved,26525,atm,true,663
app_20250112_00382263,2025-01-12 21:27:12,cust_3805441,FRID,education_loan,9384,24,847,low,approved,9384,mobile_app,true,381
app_20250112_00383123,2025-01-12 08:49:28,cust_5926173,NLAM,cash_loan,9317,12,744,low,approved,9317,mobile_app,true,721
app_20250112_00383983,2025-01-12 00:13:55,cust_4793804,NLAM,education_loan,36629,60,503,medium,rejected,0,web,false,52
app_20250112_00384843,2025-01-12 18:31:27,cust_7377401,NLAM,refinance,283546,120,779,low,rejected,0,mobile,true,145
app_20250112_00385703,2025-01-12 20:05:41,cust_7524286,DEHE,auto_loan,26383,48,668,medium,approved,26383,online_banking,false,708
app_20250112_00386563,2025-01-12 12:05:26,cust_6228394,BENL,credit_card,26999,18,560,medium,rejected,0,online_banking,true,152
app_20250112_00387423,2025-01-12 22:59:01,cust_2290609,FRID,education_loan,14589,36,564,medium,rejected,0,online_banking,false,20
app_20250112_00388283,2025-01-12 10:17:54,cust_6807736,CZPR,education_loan,25762,12,683,medium,rejected,0,online_banking,true,50
app_20250112_00389143,2025-01-12 06:54:37,cust_2862493,PLWA,auto_loan,24804,60,678,medium,rejected,0,atm,true,137
app_20250112_00390003,2025-01-12 08:28:13,cust_5760300,CHBE,credit_card,19511,12,829,low,rejected,0,mobile,true,109
app_20250112_00390863,2025-01-12 19:20:50,cust_7443832,BENL,auto_loan,42377,60,663,medium,rejected,0,call_center,false,115
app_20250112_00391723,2025-01-12 18:01:26,cust_4178946,CHBE,refinance,485679,120,653,medium,approved,485679,mobile_app,true,882
app_20250112_00392583,2025-01-12 22:02:52,cust_1595006,GRRE,mortgage,374410,120,626,medium,approved,374410,call_center,false,569
app_20250112_00393443,2025-01-12 14:09:24,cust_7739845,SESV,refinance,298007,240,684,medium,approved,298007,online_banking,false,624
app_20250112_00394303,2025-01-12 20:14:52,cust_978622,GRRE,credit_card,41270,18,723,low,approved,41270,partner,true,664
app_20250112_00395163,2025-01-12 02:41:57,cust_569124,BENL,personal_loan,21957,24,764,low,approved,21957,call_center,true,898
app_20250112_00396023,2025-01-12 06:36:47,cust_9427118,DEHE,credit_card,36690,12,654,medium,approved,36690,atm,false,260
app_20250112_00396883,2025-01-12 08:20:43,cust_5435683,BENL,cash_loan,35459,30,638,medium,approved,35459,online_banking,false,502
app_20250112_00397743,2025-01-12 22:14:52,cust_1322257,ESMA,credit_card,18414,24,532,medium,rejected,0,atm,false,163
app_20250112_00398603,2025-01-12 00:59:34,cust_3662415,PLWA,auto_loan,26584,60,706,low,approved,26584,call_center,true,663
app_20250112_00399463,2025-01-12 20:58:55,cust_1463263,ATVI,mortgage,441993,240,630,medium,approved,441993,web,false,80
app_20250112_00400323,2025-01-12 19:00:31,cust_9190956,ATVI,refinance,53777,300,850,low,approved,53777,call_center,false,869
app_20250112_00401183,2025-01-12 00:28:52,cust_1002669,NLAM,credit_card,34600,48,513,medium,approved,34600,atm,true,316
app_20250112_00402043,2025-01-12 19:59:22,cust_1231088,ATVI,education_loan,14875,36,646,medium,approved,14875,mobile,true,563
app_20250112_00402903,2025-01-12 06:55:54,cust_8517456,GRRE,education_loan,12373,12,762,low,approved,12373,call_center,true,125
app_20250112_00403763,2025-01-12 02:01:20,cust_7164250,FRID,credit_card,7273,24,599,medium,rejected,0,mobile,true,52
app_20250112_00404623,2025-01-12 20:10:48,cust_5508331,ATVI,auto_loan,47451,60,687,medium,rejected,0,branch,false,71
app_20250112_00405483,2025-01-12 04:39:49,cust_9444081,AUTR,credit_card,38984,30,651,medium,rejected,0,atm,false,165
app_20250112_00406343,2025-01-12 13:33:06,cust_9452998,CZPR,personal_loan,13140,18,559,medium,approved,13140,mobile_app,true,105
app_20250112_00407203,2025-01-12 19:36:41,cust_9243263,PLWA,personal_loan,8520,36,560,medium,approved,8520,partner,true,513
app_20250112_00408063,2025-01-12 18:23:13,cust_8340156,ESMA,mortgage,334540,120,630,medium,approved,334540,branch,true,503
app_20250112_00408923,2025-01-12 02:25:04,cust_1959932,ESMA,business_loan,5966,12,586,medium,approved,5966,atm,true,834
app_20250112_00409783,2025-01-12 18:15:16,cust_6449369,BENL,auto_loan,19407,72,696,medium,rejected,0,branch,false,172
app_20250112_00410643,2025-01-12 06:30:58,cust_995483,FRID,credit_card,10145,42,672,medium,rejected,0,atm,true,83
app_20250112_00411503,2025-01-12 06:17:52,cust_2505546,AUTR,education_loan,30750,24,436,high,rejected,0,mobile,false,175
app_20250112_00412363,2025-01-12 02:49:42,cust_1507061,FRID,credit_card,29562,24,578,medium,approved,29562,mobile_app,true,360
app_20250112_00413223,2025-01-12 21:19:51,cust_3411920,DEHE,business_loan,36314,24,757,low,approved,36314,partner,false,512
app_20250112_00414083,2025-01-12 02:58:04,cust_7304870,ATVI,personal_loan,41246,24,566,medium,rejected,0,online_banking,false,110
app_20250112_00414943,2025-01-12 05:48:52,cust_8658031,GRRE,cash_loan,25567,24,445,high,rejected,0,call_center,true,161
app_20250112_00415803,2025-01-12 01:45:17,cust_265753,ATVI,cash_loan,9881,12,581,medium,approved,9881,mobile_app,false,156
app_20250112_00416663,2025-01-12 18:14:58,cust_7875542,PORP,refinance,485660,300,725,low,approved,485660,mobile,false,491
app_20250112_00417523,2025-01-12 16:36:31,cust_1936969,BENL,credit_card,29055,12,720,low,approved,29055,branch,false,849
app_20250112_00418383,2025-01-12 12:35:42,cust_1409643,ATVI,auto_loan,41014,60,611,medium,approved,41014,partner,false,168
app_20250112_00419243,2025-01-12 21:08:16,cust_3454985,GRRE,refinance,395405,120,479,high,rejected,0,partner,true,95
app_20250112_00420103,2025-01-12 23:45:45,cust_3954715,CZPR,refinance,186031,360,716,low,approved,186031,mobile_app,false,542
app_20250112_00420963,2025-01-12 00:44:33,cust_8576585,CZPR,personal_loan,38762,12,591,medium,rejected,0,call_center,false,113
app_20250112_00421823,2025-01-12 08:17:56,cust_5378516,ATVI,business_loan,35955,48,778,low,approved,35955,online_banking,false,730
app_20250112_00422683,2025-01-12 12:20:10,cust_1224585,GRRE,refinance,430768,360,571,medium,approved,430768,online_banking,true,46
app_20250112_00423543,2025-01-12 22:28:02,cust_9792070,GRRE,education_loan,24139,12,593,medium,rejected,0,mobile,true,93
app_20250112_00424403,2025-01-12 02:36:11,cust_1097471,NLAM,mortgage,313944,120,591,medium,approved,313944,partner,false,710
app_20250112_00425263,2025-01-12 19:43:52,cust_1834700,NLAM,auto_loan,5781,48,688,medium,approved,5781,call_center,true,640
app_20250112_00426123,2025-01-12 10:00:24,cust_3440654,SESV,education_loan,28551,36,543,medium,rejected,0,online_banking,true,151
app_20250112_00426983,2025-01-12 07:00:42,cust_9843761,DEHE,refinance,127552,300,544,medium,approved,127552,partner,true,349
app_20250112_00427843,2025-01-12 08:39:33,cust_3906539,AUTR,credit_card,14978,30,679,medium,rejected,0,call_center,false,139
app_20250112_00428703,2025-01-12 09:01:05,cust_3551089,SESV,personal_loan,26395,48,597,medium,rejected,0,online_banking,true,87
app_20250112_00429563,2025-01-12 09:47:08,cust_850052,CHBE,refinance,81692,180,635,medium,approved,81692,branch,true,197
app_20250112_00430423,2025-01-12 06:28:37,cust_5540340,PLWA,credit_card,7522,36,820,low,approved,7522,partner,false,138
app_20250112_00431283,2025-01-12 22:55:39,cust_7223387,DEHE,mortgage,371466,360,643,medium,rejected,0,atm,false,72
app_20250112_00432143,2025-01-12 19:02:37,cust_8896457,ESMA,personal_loan,19314,24,580,medium,rejected,0,mobile_app,false,142
app_20250112_00433003,2025-01-12 21:17:09,cust_7392926,NLAM,cash_loan,7770,36,585,medium,rejected,0,web,false,80
app_20250112_00433863,2025-01-12 20:06:01,cust_8104044,ESMA,credit_card,24571,18,689,medium,approved,24571,mobile,false,639
app_20250112_00434723,2025-01-12 21:18:35,cust_2402616,ATVI,cash_loan,7825,18,715,low,rejected,0,web,true,162
app_20250112_00435583,2025-01-12 03:47:52,cust_8713374,AUTR,mortgage,414903,300,525,medium,rejected,0,web,true,138
app_20250112_00436443,2025-01-12 05:01:20,cust_5864461,ATVI,education_loan,34387,12,822,low,approved,34387,call_center,false,222
app_20250112_00437303,2025-01-12 14:13:21,cust_900817,DEHE,cash_loan,21138,18,624,medium,approved,21138,call_center,false,485
app_20250112_00438163,2025-01-12 10:16:11,cust_6273606,ESMA,credit_card,46482,48,798,low,approved,46482,web,false,207
app_20250112_00439023,2025-01-12 11:44:18,cust_6200350,CZPR,personal_loan,47904,48,667,medium,rejected,0,call_center,true,50
app_20250112_00439883,2025-01-12 14:38:42,cust_3315473,CHBE,cash_loan,17856,42,710,low,approved,17856,mobile_app,true,802
app_20250112_00440743,2025-01-12 03:45:44,cust_6118687,AUTR,refinance,369102,180,669,medium,approved,369102,mobile,false,738
app_20250112_00441603,2025-01-12 03:29:03,cust_7929257,CHBE,mortgage,236692,300,555,medium,rejected,0,mobile_app,true,96
app_20250112_00442463,2025-01-12 05:01:51,cust_8504137,CHBE,business_loan,4114,60,659,medium,rejected,0,online_banking,true,96
app_20250112_00443323,2025-01-12 00:16:19,cust_6514925,AUTR,cash_loan,20380,42,777,low,approved,20380,branch,true,803
app_20250112_00444183,2025-01-12 14:09:58,cust_6802010,CZPR,mortgage,367419,120,673,medium,rejected,0,mobile,false,81
app_20250112_00445043,2025-01-12 20:08:44,cust_9483709,PLWA,education_loan,10800,24,613,medium,rejected,0,branch,true,129
app_20250112_00445903,2025-01-12 16:28:58,cust_5737500,AUTR,cash_loan,26080,12,707,low,approved,26080,online_banking,false,209
app_20250112_00446763,2025-01-12 05:13:24,cust_9077136,ATVI,refinance,377184,120,713,low,approved,377184,partner,true,453
app_20250112_00447623,2025-01-12 08:36:37,cust_3813298,PORP,business_loan,25231,48,661,medium,approved,25231,branch,false,679
app_20250112_00448483,2025-01-12 20:25:42,cust_5368287,FRID,education_loan,4307,24,678,medium,approved,4307,branch,false,55
app_20250112_00449343,2025-01-12 20:05:34,cust_1825075,AUTR,credit_card,3917,42,710,low,approved,3917,online_banking,true,572
app_20250112_00450203,2025-01-12 10:50:55,cust_5630363,DEHE,refinance,188236,120,668,medium,rejected,0,mobile_app,false,138
app_20250112_00451063,2025-01-12 13:03:37,cust_3802607,ESMA,credit_card,33815,24,502,medium,approved,33815,call_center,true,775
app_20250112_00451923,2025-01-12 14:27:41,cust_6105484,ESMA,cash_loan,4540,12,557,medium,rejected,0,mobile_app,true,78
app_20250112_00452783,2025-01-12 13:42:38,cust_3816178,FRID,mortgage,156738,180,832,low,approved,156738,online_banking,true,165
app_20250112_00453643,2025-01-12 04:02:04,cust_5547792,NLAM,mortgage,367111,180,650,medium,approved,367111,web,true,399
app_20250112_00454503,2025-01-12 14:34:42,cust_2830182,ITMI,credit_card,20797,30,491,high,approved,20797,mobile,true,159
app_20250112_00455363,2025-01-12 10:33:04,cust_9380770,CZPR,education_loan,37836,60,558,medium,approved,37836,atm,false,40
app_20250112_00456223,2025-01-12 12:30:21,cust_922806,UKLO,auto_loan,12434,72,611,medium,approved,12434,mobile_app,false,727
app_20250112_00457083,2025-01-12 12:40:31,cust_1288529,ESMA,cash_loan,31418,18,608,medium,approved,31418,partner,false,606
app_20250112_00457943,2025-01-12 06:09:33,cust_4662946,DEHE,education_loan,33878,48,692,medium,rejected,0,branch,false,40
app_20250112_00458803,2025-01-12 13:32:42,cust_544742,AUTR,business_loan,9237,12,545,medium,approved,9237,mobile,true,365
app_20250112_00459663,2025-01-12 17:36:11,cust_965451,AUTR,mortgage,462759,360,758,low,approved,462759,atm,false,454
app_20250112_00460523,2025-01-12 00:56:07,cust_1112293,GRRE,mortgage,351827,300,684,medium,approved,351827,web,true,593
app_20250112_00461383,2025-01-12 04:33:00,cust_6813866,ESMA,refinance,258167,120,654,medium,rejected,0,web,true,146
app_20250112_00462243,2025-01-12 11:52:26,cust_496521,AUTR,credit_card,26653,30,567,medium,rejected,0,atm,false,15
app_20250112_00463103,2025-01-12 02:41:49,cust_6579566,ATVI,education_loan,6228,36,709,low,rejected,0,branch,true,8
app_20250112_00463963,2025-01-12 19:07:48,cust_8186435,FRID,refinance,178212,300,546,medium,approved,178212,mobile_app,false,355
app_20250112_00464823,2025-01-12 12:45:37,cust_5078627,AUTR,personal_loan,48497,48,654,medium,approved,48497,online_banking,false,690
app_20250112_00465683,2025-01-12 01:11:40,cust_5577302,BENL,credit_card,40040,36,578,medium,approved,40040,online_banking,false,604
app_20250112_00466543,2025-01-12 06:16:07,cust_4321685,DEHE,auto_loan,38595,60,747,low,approved,38595,call_center,false,55
app_20250112_00467403,2025-01-12 23:58:36,cust_7818019,PORP,business_loan,26752,36,581,medium,rejected,0,web,true,95
app_20250112_00468263,2025-01-12 12:37:34,cust_621822,PLWA,personal_loan,27498,42,789,low,approved,27498,online_banking,true,90
app_20250112_00469123,2025-01-12 08:14:49,cust_5597426,GRRE,personal_loan,43805,48,534,medium,rejected,0,mobile,false,96
app_20250112_00469983,2025-01-12 14:29:43,cust_8278023,SESV,auto_loan,41107,36,534,medium,approved,41107,online_banking,true,649
app_20250112_00470843,2025-01-12 22:08:30,cust_8762864,DEHE,cash_loan,4798,30,689,medium,approved,4798,mobile,false,547
app_20250112_00471703,2025-01-12 08:00:23,cust_9238343,ITMI,refinance,120099,300,639,medium,approved,120099,partner,false,429
app_20250112_00472563,2025-01-12 20:26:52,cust_2100070,PLWA,refinance,316427,240,710,low,approved,316427,online_banking,false,408
app_20250112_00473423,2025-01-12 10:56:45,cust_7491666,ESMA,auto_loan,7258,48,605,medium,approved,7258,branch,true,873
app_20250112_00474283,2025-01-12 05:21:57,cust_7668799,PORP,business_loan,17579,48,850,low,approved,17579,branch,true,601
app_20250112_00475143,2025-01-12 21:50:14,cust_1769984,BENL,refinance,413272,120,531,medium,approved,413272,web,true,697
app_20250112_00476003,2025-01-12 04:34:39,cust_5121013,FRID,business_loan,2745,12,728,low,approved,2745,partner,true,468
app_20250112_00476863,2025-01-12 05:31:41,cust_2085067,NLAM,personal_loan,19529,36,599,medium,rejected,0,mobile_app,false,20
app_20250112_00477723,2025-01-12 03:57:25,cust_4746523,ATVI,business_loan,34888,36,705,low,approved,34888,branch,true,719
app_20250112_00478583,2025-01-12 18:18:20,cust_4804327,DEHE,credit_card,35461,42,651,medium,rejected,0,atm,true,56
app_20250112_00479443,2025-01-12 12:30:22,cust_1109557,BENL,mortgage,288466,180,527,medium,approved,288466,partner,true,773
app_20250112_00480303,2025-01-12 16:37:09,cust_3062481,CHBE,mortgage,101166,240,668,medium,approved,101166,atm,true,695
app_20250112_00481163,2025-01-12 02:56:33,cust_8576515,DEHE,auto_loan,17973,60,773,low,approved,17973,atm,false,227
app_20250112_00482023,2025-01-12 14:00:33,cust_6507138,PORP,mortgage,90889,120,627,medium,rejected,0,web,true,40
app_20250112_00482883,2025-01-12 17:09:36,cust_8979073,CHBE,education_loan,29613,48,695,medium,approved,29613,branch,false,361
app_20250112_00483743,2025-01-12 09:47:57,cust_8428587,ATVI,education_loan,30479,36,506,medium,rejected,0,online_banking,true,69
app_20250112_00484603,2025-01-12 10:49:52,cust_6513665,CZPR,personal_loan,45936,18,639,medium,rejected,0,mobile_app,false,123
app_20250112_00485463,2025-01-12 08:09:14,cust_8138892,ITMI,credit_card,20888,42,812,low,approved,20888,mobile_app,false,332
app_20250112_00486323,2025-01-12 12:36:23,cust_113446,ITMI,auto_loan,40121,60,702,low,approved,40121,atm,false,299
app_20250112_00487183,2025-01-12 10:45:43,cust_4128735,NLAM,credit_card,14149,18,795,low,approved,14149,web,false,585
app_20250112_00488043,2025-01-12 15:23:47,cust_8099344,NLAM,business_loan,34930,60,848,low,approved,34930,atm,false,682
app_20250112_00488903,2025-01-12 09:47:15,cust_6139883,ESMA,refinance,110992,240,448,high,rejected,0,call_center,true,104
app_20250112_00489763,2025-01-12 15:49:50,cust_9164519,NLAM,mortgage,171554,180,640,medium,rejected,0,web,true,112
app_20250112_00490623,2025-01-12 02:27:27,cust_9471780,CZPR,education_loan,20212,12,839,low,approved,20212,branch,true,657
app_20250112_00491483,2025-01-12 22:28:01,cust_8382357,CZPR,personal_loan,40862,42,597,medium,rejected,0,partner,false,139
app_20250112_00492343,2025-01-12 04:58:13,cust_6758571,UKLO,cash_loan,7571,24,641,medium,approved,7571,branch,true,167
app_20250112_00493203,2025-01-12 06:16:35,cust_6980805,ATVI,education_loan,33527,12,585,medium,approved,33527,online_banking,false,260
app_20250112_00494063,2025-01-12 12:07:20,cust_2117506,AUTR,business_loan,28296,24,724,low,approved,28296,mobile,false,187
app_20250112_00494923,2025-01-12 14:13:07,cust_1675707,AUTR,mortgage,391907,240,804,low,approved,391907,mobile_app,false,665
app_20250112_00495783,2025-01-12 02:55:41,cust_3797400,FRID,auto_loan,56982,24,634,medium,approved,56982,partner,false,864
app_20250112_00496643,2025-01-12 02:29:42,cust_3377305,NLAM,education_loan,24881,24,700,low,approved,24881,web,true,467
app_20250112_00497503,2025-01-12 09:07:00,cust_7151419,ESMA,refinance,229849,180,600,medium,approved,229849,call_center,true,507
app_20250112_00498363,2025-01-12 21:20:56,cust_8604963,FRID,refinance,370543,360,771,low,approved,370543,atm,false,647
app_20250112_00499223,2025-01-12 02:20:03,cust_958074,BENL,refinance,323492,300,702,low,rejected,0,partner,false,164
app_20250112_00500083,2025-01-12 21:51:35,cust_8679412,BENL,cash_loan,47712,18,622,medium,rejected,0,atm,false,64
app_20250112_00500943,2025-01-12 01:18:58,cust_4206416,AUTR,refinance,296237,240,475,high,approved,296237,call_center,true,681
app_20250112_00501803,2025-01-12 22:01:25,cust_2491564,CHBE,credit_card,30822,36,618,medium,rejected,0,online_banking,false,76
app_20250112_00502663,2025-01-12 23:57:49,cust_5930731,BENL,education_loan,15531,48,717,low,approved,15531,online_banking,true,130
app_20250112_00503523,2025-01-12 15:20:58,cust_1753790,ESMA,education_loan,25509,36,623,medium,approved,25509,partner,true,571
app_20250112_00504383,2025-01-12 03:50:08,cust_982893,BENL,education_loan,25767,24,656,medium,rejected,0,atm,false,130
app_20250112_00505243,2025-01-12 12:06:36,cust_9375667,BENL,cash_loan,19704,42,543,medium,rejected,0,mobile,true,74
app_20250112_00506103,2025-01-12 17:50:51,cust_9790820,CZPR,auto_loan,34052,36,617,medium,approved,34052,branch,true,849
app_20250112_00506963,2025-01-12 19:18:40,cust_7376216,PLWA,education_loan,7377,12,485,high,rejected,0,online_banking,true,66
app_20250112_00507823,2025-01-12 07:14:51,cust_8419483,NLAM,business_loan,16775,12,684,medium,approved,16775,branch,false,423
app_20250112_00508683,2025-01-12 20:06:36,cust_6073739,ATVI,education_loan,3162,60,708,low,rejected,0,online_banking,true,13
app_20250112_00509543,2025-01-12 17:22:30,cust_4057417,DEHE,credit_card,32121,24,459,high,rejected,0,partner,false,169
app_20250112_00510403,2025-01-12 16:56:08,cust_8997621,DEHE,education_loan,25150,48,759,low,approved,25150,atm,true,624
app_20250112_00511263,2025-01-12 18:28:53,cust_6129305,DEHE,credit_card,30220,36,536,medium,approved,30220,mobile,true,547
app_20250112_00512123,2025-01-12 05:42:15,cust_4149989,AUTR,refinance,265909,360,706,low,approved,265909,web,false,806
app_20250112_00512983,2025-01-12 14:23:55,cust_6711413,NLAM,cash_loan,27752,30,527,medium,approved,27752,mobile_app,false,374
app_20250112_00513843,2025-01-12 03:29:08,cust_6180236,SESV,credit_card,45228,18,701,low,approved,45228,online_banking,false,134
app_20250112_00514703,2025-01-12 22:24:31,cust_5660704,ITMI,personal_loan,41631,24,599,medium,rejected,0,web,false,71
app_20250112_00515563,2025-01-12 15:33:13,cust_9871586,FRID,education_loan,5319,60,571,medium,approved,5319,atm,false,810
app_20250112_00516423,2025-01-12 02:55:02,cust_4009925,SESV,education_loan,10363,60,596,medium,approved,10363,mobile_app,false,175
app_20250112_00517283,2025-01-12 12:03:39,cust_2958324,GRRE,mortgage,417211,240,602,medium,approved,417211,branch,false,336
app_20250112_00518143,2025-01-12 08:10:31,cust_8442717,PORP,credit_card,29731,30,764,low,approved,29731,web,true,448
app_20250112_00519003,2025-01-12 14:04:36,cust_1265636,DEHE,refinance,386580,180,717,low,approved,386580,branch,true,501
app_20250112_00519863,2025-01-12 10:41:27,cust_7156023,DEHE,personal_loan,33189,36,632,medium,approved,33189,mobile,true,555
app_20250112_00520723,2025-01-12 18:06:01,cust_8128748,CHBE,credit_card,4942,12,813,low,approved,4942,call_center,true,516
app_20250112_00521583,2025-01-12 15:15:10,cust_965794,SESV,mortgage,179181,360,599,medium,rejected,0,branch,false,175
app_20250112_00522443,2025-01-12 14:29:38,cust_2346883,AUTR,education_loan,7338,12,705,low,approved,7338,branch,true,92
app_20250112_00523303,2025-01-12 08:49:10,cust_3075187,UKLO,mortgage,73804,240,670,medium,approved,73804,online_banking,true,64
app_20250112_00524163,2025-01-12 19:52:11,cust_1772257,UKLO,auto_loan,33223,36,639,medium,approved,33223,mobile_app,true,86
app_20250112_00525023,2025-01-12 04:24:45,cust_9372971,CZPR,auto_loan,39858,48,449,high,rejected,0,partner,true,69
app_20250112_00525883,2025-01-12 16:07:25,cust_3137262,PORP,auto_loan,17613,36,814,low,approved,17613,mobile_app,false,553
app_20250112_00526743,2025-01-12 18:10:35,cust_1375470,ATVI,auto_loan,56548,24,745,low,approved,56548,branch,false,550
app_20250112_00527603,2025-01-12 19:16:31,cust_3528770,DEHE,mortgage,397479,180,636,medium,approved,397479,online_banking,false,465
app_20250112_00528463,2025-01-12 21:06:32,cust_199387,NLAM,auto_loan,22223,36,769,low,approved,22223,mobile,false,428
app_20250112_00529323,2025-01-12 15:08:30,cust_5483691,SESV,mortgage,104324,120,438,high,rejected,0,online_banking,true,58
app_20250112_00530183,2025-01-12 12:33:41,cust_6053303,SESV,education_loan,29106,24,772,low,approved,29106,partner,false,480
app_20250112_00531043,2025-01-12 07:29:21,cust_5063667,ITMI,cash_loan,20551,18,578,medium,rejected,0,call_center,true,156
app_20250112_00531903,2025-01-12 05:13:18,cust_8633667,GRRE,credit_card,31402,24,627,medium,approved,31402,partner,false,96
app_20250112_00532763,2025-01-12 08:31:57,cust_4072166,CHBE,cash_loan,4523,24,762,low,rejected,0,branch,true,152
app_20250112_00533623,2025-01-12 02:26:58,cust_957074,FRID,education_loan,8987,24,633,medium,approved,8987,online_banking,true,821
app_20250112_00534483,2025-01-12 14:33:35,cust_5145149,FRID,personal_loan,30049,48,573,medium,approved,30049,mobile_app,false,458
app_20250112_00535343,2025-01-12 19:59:48,cust_4311143,PORP,auto_loan,58766,48,567,medium,approved,58766,web,true,629
app_20250112_00536203,2025-01-12 18:08:25,cust_1466584,CZPR,credit_card,31358,18,649,medium,approved,31358,mobile_app,true,528
app_20250112_00537063,2025-01-12 01:03:11,cust_8201091,PLWA,credit_card,35563,24,728,low,approved,35563,partner,false,193
app_20250112_00537923,2025-01-12 05:54:42,cust_757985,UKLO,education_loan,28307,12,638,medium,approved,28307,partner,true,103
app_20250112_00538783,2025-01-12 14:10:51,cust_6344112,FRID,personal_loan,5725,30,667,medium,approved,5725,atm,false,849
app_20250112_00539643,2025-01-12 07:50:19,cust_6896202,CHBE,education_loan,34944,12,713,low,approved,34944,atm,true,142
app_20250112_00540503,2025-01-12 17:37:06,cust_3683228,PORP,business_loan,34523,12,818,low,approved,34523,online_banking,true,303
app_20250112_00541363,2025-01-12 20:26:45,cust_7494559,ESMA,refinance,283951,240,610,medium,rejected,0,call_center,true,5
app_20250112_00542223,2025-01-12 17:36:48,cust_4559414,AUTR,credit_card,42323,30,709,low,approved,42323,branch,true,700
app_20250112_00543083,2025-01-12 06:42:28,cust_2404488,CHBE,education_loan,27913,12,611,medium,rejected,0,mobile_app,true,98
app_20250112_00543943,2025-01-12 07:23:50,cust_7268998,UKLO,education_loan,25293,12,584,medium,approved,25293,web,true,493
app_20250112_00544803,2025-01-12 10:05:40,cust_8429476,PORP,auto_loan,23597,60,711,low,rejected,0,web,false,100
app_20250112_00545663,2025-01-12 14:37:13,cust_1476379,DEHE,auto_loan,58721,24,492,high,rejected,0,atm,false,19
app_20250112_00546523,2025-01-12 01:59:58,cust_3260686,AUTR,credit_card,23513,24,622,medium,approved,23513,web,true,345
app_20250112_00547383,2025-01-12 14:52:14,cust_4511705,ATVI,credit_card,29581,36,596,medium,approved,29581,web,false,423
app_20250112_00548243,2025-01-12 14:34:34,cust_3376875,AUTR,mortgage,345074,360,590,medium,approved,345074,atm,true,185
app_20250112_00549103,2025-01-12 08:24:57,cust_3170728,PLWA,refinance,499462,240,575,medium,approved,499462,call_center,false,31
app_20250112_00549963,2025-01-12 22:37:45,cust_2041192,AUTR,auto_loan,42567,60,688,medium,rejected,0,mobile_app,true,122
app_20250112_00550823,2025-01-12 10:55:06,cust_6836575,SESV,business_loan,15248,60,623,medium,approved,15248,mobile,false,159
app_20250112_00551683,2025-01-12 18:04:35,cust_261569,ESMA,mortgage,336133,240,802,low,approved,336133,partner,false,147
app_20250112_00552543,2025-01-12 11:33:05,cust_2256784,SESV,cash_loan,7757,24,694,medium,rejected,0,mobile,false,84
app_20250112_00553403,2025-01-12 07:54:10,cust_5972076,AUTR,auto_loan,43799,72,481,high,rejected,0,online_banking,false,12
app_20250112_00554263,2025-01-12 13:44:24,cust_678729,ITMI,auto_loan,31093,48,706,low,approved,31093,online_banking,false,302
app_20250112_00555123,2025-01-12 16:30:35,cust_4519070,BENL,education_loan,35166,36,774,low,approved,35166,branch,true,882
app_20250112_00555983,2025-01-12 10:26:30,cust_4254059,PORP,mortgage,268963,300,610,medium,rejected,0,mobile,true,80
app_20250112_00556843,2025-01-12 22:47:27,cust_2025514,FRID,credit_card,14984,36,617,medium,approved,14984,call_center,true,557
app_20250112_00557703,2025-01-12 19:23:32,cust_5554506,FRID,auto_loan,33414,24,659,medium,approved,33414,branch,false,202
app_20250112_00558563,2025-01-12 01:15:06,cust_3947331,FRID,mortgage,340843,240,538,medium,approved,340843,mobile_app,false,193
app_20250112_00559423,2025-01-12 01:13:53,cust_9721876,SESV,refinance,353347,240,646,medium,rejected,0,branch,false,59
app_20250112_00560283,2025-01-12 03:48:36,cust_3581576,ATVI,refinance,330226,120,797,low,approved,330226,call_center,false,348
app_20250112_00561143,2025-01-12 15:53:31,cust_9571105,NLAM,cash_loan,49660,12,722,low,approved,49660,partner,false,723
app_20250112_00562003,2025-01-12 01:27:11,cust_2556656,PORP,credit_card,4377,36,673,medium,rejected,0,branch,true,35
app_20250112_00562863,2025-01-12 09:49:15,cust_5712933,DEHE,refinance,80070,120,660,medium,rejected,0,call_center,false,14
app_20250112_00563723,2025-01-12 08:06:29,cust_9970539,ATVI,cash_loan,45826,36,669,medium,approved,45826,atm,false,234
app_20250112_00564583,2025-01-12 13:24:30,cust_8625203,AUTR,cash_loan,2320,36,689,medium,approved,2320,partner,true,809
app_20250112_00565443,2025-01-12 23:20:18,cust_4974307,BENL,business_loan,24598,60,554,medium,approved,24598,branch,true,818
app_20250112_00566303,2025-01-12 07:35:05,cust_3980091,GRRE,credit_card,28788,24,850,low,approved,28788,mobile,false,370
app_20250112_00567163,2025-01-12 19:19:17,cust_2768600,FRID,mortgage,460566,120,561,medium,rejected,0,call_center,true,88
app_20250112_00568023,2025-01-12 08:59:43,cust_1677935,ATVI,auto_loan,20483,24,620,medium,rejected,0,mobile,false,12
app_20250112_00568883,2025-01-12 03:51:00,cust_3266275,ESMA,personal_loan,17008,18,622,medium,rejected,0,atm,true,57
app_20250112_00569743,2025-01-12 00:24:53,cust_9509945,FRID,credit_card,42107,30,636,medium,approved,42107,atm,false,623
app_20250112_00570603,2025-01-12 02:45:46,cust_2018458,SESV,business_loan,4912,60,850,low,approved,4912,call_center,true,298
app_20250112_00571463,2025-01-12 19:09:11,cust_7628882,CHBE,education_loan,12165,12,716,low,approved,12165,partner,false,816
app_20250112_00572323,2025-01-12 01:02:33,cust_6424218,UKLO,auto_loan,31682,48,692,medium,approved,31682,mobile_app,false,313
app_20250112_00573183,2025-01-12 16:20:02,cust_8663596,BENL,cash_loan,32696,24,650,medium,approved,32696,call_center,false,486
app_20250112_00574043,2025-01-12 00:27:00,cust_5626686,CHBE,credit_card,10246,48,718,low,rejected,0,call_center,false,120
app_20250112_00574903,2025-01-12 20:58:39,cust_9625788,FRID,auto_loan,20013,36,806,low,approved,20013,call_center,false,613
app_20250112_00575763,2025-01-12 12:26:08,cust_6504679,UKLO,refinance,128589,120,497,high,rejected,0,branch,true,89
app_20250112_00576623,2025-01-12 20:37:10,cust_1190283,ESMA,education_loan,29051,12,763,low,approved,29051,partner,true,546
app_20250112_00577483,2025-01-12 16:08:27,cust_9844978,BENL,business_loan,20034,24,508,medium,rejected,0,mobile,false,99
app_20250112_00578343,2025-01-12 05:45:05,cust_7011694,ATVI,education_loan,4254,12,605,medium,approved,4254,partner,true,570
app_20250112_00579203,2025-01-12 21:10:07,cust_5352956,ESMA,cash_loan,33866,48,696,medium,approved,33866,branch,true,388
app_20250112_00580063,2025-01-12 01:07:21,cust_8395144,AUTR,credit_card,21042,18,660,medium,approved,21042,mobile_app,false,611
app_20250112_00580923,2025-01-12 18:11:50,cust_3068642,CHBE,refinance,396982,240,682,medium,approved,396982,branch,true,121
app_20250112_00581783,2025-01-12 19:19:32,cust_1470883,BENL,credit_card,7789,18,680,medium,approved,7789,partner,true,507
app_20250112_00582643,2025-01-12 08:41:52,cust_2926924,ESMA,cash_loan,6943,48,662,medium,approved,6943,partner,true,690
app_20250112_00583503,2025-01-12 02:24:07,cust_1132667,CZPR,credit_card,33447,30,766,low,approved,33447,mobile_app,false,612
app_20250112_00584363,2025-01-12 06:15:43,cust_4648962,ATVI,credit_card,49871,30,769,low,approved,49871,mobile,true,822
app_20250112_00585223,2025-01-12 23:04:05,cust_4157919,CZPR,refinance,92151,120,816,low,approved,92151,branch,true,310
app_20250112_00586083,2025-01-12 09:40:15,cust_4309113,DEHE,business_loan,17414,36,628,medium,approved,17414,online_banking,true,189
app_20250112_00586943,2025-01-12 00:52:08,cust_1664038,CZPR,personal_loan,34255,12,644,medium,rejected,0,atm,false,52
app_20250112_00587803,2025-01-12 17:16:11,cust_3092445,ITMI,refinance,494678,300,556,medium,rejected,0,partner,false,39
app_20250112_00588663,2025-01-12 03:18:47,cust_7243996,GRRE,mortgage,207160,120,850,low,approved,207160,mobile_app,true,826
app_20250112_00589523,2025-01-12 15:25:26,cust_7179964,PORP,business_loan,2145,24,551,medium,approved,2145,atm,false,760
app_20250112_00590383,2025-01-12 00:49:55,cust_9555303,DEHE,education_loan,23707,12,781,low,approved,23707,mobile_app,false,208
app_20250112_00591243,2025-01-12 11:48:12,cust_7395767,UKLO,credit_card,32027,30,700,low,approved,32027,mobile,true,790
app_20250112_00592103,2025-01-12 08:22:17,cust_4904406,ATVI,mortgage,357014,300,725,low,approved,357014,mobile_app,false,312
app_20250112_00592963,2025-01-12 09:59:15,cust_5795622,ESMA,refinance,72455,120,849,low,approved,72455,partner,false,72
app_20250112_00593823,2025-01-12 11:29:56,cust_1442957,UKLO,business_loan,24890,24,731,low,approved,24890,branch,true,363
app_20250112_00594683,2025-01-12 05:19:56,cust_9480613,CZPR,business_loan,14631,12,403,high,rejected,0,branch,true,93
app_20250112_00595543,2025-01-12 18:47:15,cust_952970,SESV,business_loan,21559,48,710,low,approved,21559,online_banking,true,354
app_20250112_00596403,2025-01-12 06:50:31,cust_5476393,PORP,credit_card,33450,36,438,high,rejected,0,web,true,137
app_20250112_00597263,2025-01-12 04:28:19,cust_5172281,ATVI,business_loan,19951,60,806,low,approved,19951,branch,true,244
app_20250112_00598123,2025-01-12 03:47:17,cust_234507,UKLO,education_loan,7388,12,665,medium,approved,7388,partner,false,271
app_20250112_00598983,2025-01-12 07:30:23,cust_7288016,DEHE,cash_loan,27293,18,645,medium,approved,27293,web,false,649
app_20250112_00599843,2025-01-12 20:00:44,cust_7329119,CZPR,credit_card,48548,18,656,medium,approved,48548,branch,true,818
app_20250112_00600703,2025-01-12 15:23:16,cust_4536408,CZPR,business_loan,18594,24,625,medium,approved,18594,web,false,439
app_20250112_00601563,2025-01-12 19:51:34,cust_8212142,PORP,personal_loan,20856,48,794,low,approved,20856,atm,false,307
app_20250112_00602423,2025-01-12 23:22:03,cust_3089438,CZPR,credit_card,41510,24,546,medium,rejected,0,mobile,false,100
app_20250112_00603283,2025-01-12 09:34:50,cust_1647115,ATVI,mortgage,182828,300,637,medium,approved,182828,online_banking,false,487
app_20250112_00604143,2025-01-12 23:08:12,cust_958239,BENL,business_loan,28898,60,681,medium,approved,28898,partner,false,584
app_20250112_00605003,2025-01-12 15:03:39,cust_5170621,CZPR,credit_card,48453,36,643,medium,rejected,0,online_banking,true,68
app_20250112_00605863,2025-01-12 00:08:56,cust_4154726,FRID,education_loan,30750,48,571,medium,rejected,0,online_banking,true,11
app_20250112_00606723,2025-01-12 23:05:25,cust_8282846,PLWA,refinance,348600,180,746,low,approved,348600,atm,true,288
app_20250112_00607583,2025-01-12 06:09:59,cust_4309947,BENL,cash_loan,48764,12,684,medium,rejected,0,call_center,true,161
app_20250112_00608443,2025-01-12 08:43:32,cust_1870400,PLWA,auto_loan,55456,72,658,medium,approved,55456,call_center,true,512
app_20250112_00609303,2025-01-12 08:34:28,cust_1166232,AUTR,mortgage,53654,300,508,medium,rejected,0,partner,true,31
app_20250112_00610163,2025-01-12 04:39:47,cust_1292598,ITMI,mortgage,447712,360,672,medium,approved,447712,partner,false,543
app_20250112_00611023,2025-01-12 08:24:37,cust_3102143,SESV,credit_card,7546,30,538,medium,approved,7546,partner,true,639
app_20250112_00611883,2025-01-12 05:40:30,cust_9235821,FRID,mortgage,478100,360,520,medium,approved,478100,mobile_app,false,182
app_20250112_00612743,2025-01-12 19:09:12,cust_6295241,UKLO,auto_loan,37977,60,761,low,approved,37977,call_center,false,338
app_20250112_00613603,2025-01-12 06:52:37,cust_2749424,UKLO,credit_card,11503,42,844,low,approved,11503,atm,false,379
app_20250112_00614463,2025-01-12 00:01:48,cust_6402334,NLAM,credit_card,7272,24,747,low,approved,7272,partner,false,587
app_20250112_00615323,2025-01-12 16:51:59,cust_1399722,ATVI,credit_card,36642,36,645,medium,approved,36642,mobile,true,425
app_20250112_00616183,2025-01-12 19:57:13,cust_5121250,ESMA,cash_loan,5568,12,582,medium,rejected,0,atm,true,44
app_20250112_00617043,2025-01-12 15:11:49,cust_2776786,CHBE,auto_loan,47196,72,694,medium,approved,47196,branch,true,721
app_20250112_00617903,2025-01-12 10:26:59,cust_4552520,AUTR,mortgage,61842,120,667,medium,rejected,0,partner,true,130
app_20250112_00618763,2025-01-12 06:00:53,cust_7154401,PLWA,cash_loan,30285,42,771,low,approved,30285,atm,true,673
app_20250112_00619623,2025-01-12 07:16:50,cust_2868636,DEHE,refinance,427462,120,587,medium,rejected,0,branch,true,133
app_20250112_00620483,2025-01-12 12:06:01,cust_3796423,DEHE,personal_loan,38251,30,742,low,rejected,0,mobile_app,true,33
app_20250112_00621343,2025-01-12 22:24:09,cust_6135301,PLWA,mortgage,494365,180,690,medium,approved,494365,mobile_app,true,644
app_20250112_00622203,2025-01-12 12:00:59,cust_2247032,BENL,cash_loan,30357,18,631,medium,approved,30357,mobile,true,383
app_20250112_00623063,2025-01-12 01:15:00,cust_4434522,ATVI,auto_loan,30128,24,753,low,approved,30128,web,false,94
app_20250112_00623923,2025-01-12 19:53:36,cust_7754243,CZPR,credit_card,9529,24,850,low,approved,9529,call_center,true,675
app_20250112_00624783,2025-01-12 08:04:19,cust_7605806,AUTR,education_loan,20670,24,805,low,approved,20670,call_center,true,367
app_20250112_00625643,2025-01-12 16:10:12,cust_3302477,ATVI,refinance,287652,180,555,medium,approved,287652,mobile_app,true,342
app_20250112_00626503,2025-01-12 08:34:32,cust_2893006,DEHE,education_loan,17812,48,626,medium,approved,17812,branch,false,168
app_20250112_00627363,2025-01-12 06:18:48,cust_3198699,CZPR,auto_loan,27552,48,730,low,approved,27552,call_center,false,520
app_20250112_00628223,2025-01-12 03:03:40,cust_510987,ATVI,education_loan,18259,12,598,medium,rejected,0,mobile,false,97
app_20250112_00629083,2025-01-12 06:59:39,cust_8784049,BENL,refinance,499906,120,644,medium,rejected,0,mobile_app,false,55
app_20250112_00629943,2025-01-12 16:35:49,cust_2329268,DEHE,credit_card,9589,36,593,medium,rejected,0,mobile,true,101
app_20250112_00630803,2025-01-12 10:34:25,cust_2777822,ESMA,personal_loan,6026,36,741,low,approved,6026,web,false,87
app_20250112_00631663,2025-01-12 05:42:45,cust_4864911,ATVI,cash_loan,20893,24,577,medium,rejected,0,atm,true,162
app_20250112_00632523,2025-01-12 02:40:44,cust_6240664,ESMA,cash_loan,44586,42,677,medium,rejected,0,partner,false,58
app_20250112_00633383,2025-01-12 08:10:05,cust_5680349,PLWA,cash_loan,22424,18,738,low,approved,22424,branch,false,538
app_20250112_00634243,2025-01-12 18:34:54,cust_6863196,ITMI,mortgage,224767,180,690,medium,approved,224767,call_center,false,743
app_20250112_00635103,2025-01-12 08:57:05,cust_380539,CHBE,personal_loan,34025,36,668,medium,approved,34025,mobile,true,604
app_20250112_00635963,2025-01-12 19:44:49,cust_3610756,PORP,cash_loan,49086,18,443,high,rejected,0,mobile,true,85
app_20250112_00636823,2025-01-12 13:21:59,cust_6769454,CHBE,business_loan,37713,48,687,medium,rejected,0,online_banking,false,9
app_20250112_00637683,2025-01-12 03:34:19,cust_3072993,AUTR,cash_loan,48939,12,615,medium,approved,48939,online_banking,false,74
app_20250112_00638543,2025-01-12 15:20:18,cust_7412686,UKLO,refinance,313607,240,529,medium,approved,313607,web,false,756
app_20250112_00639403,2025-01-12 06:20:20,cust_9161489,UKLO,cash_loan,21504,12,713,low,approved,21504,atm,false,403
app_20250112_00640263,2025-01-12 02:59:20,cust_5404348,PLWA,business_loan,16059,60,678,medium,approved,16059,mobile,true,61
app_20250112_00641123,2025-01-12 17:42:26,cust_8022602,PORP,auto_loan,14717,72,639,medium,rejected,0,mobile_app,false,155
app_20250112_00641983,2025-01-12 04:24:33,cust_365751,GRRE,credit_card,40559,30,735,low,approved,40559,branch,true,888
app_20250112_00642843,2025-01-12 04:14:48,cust_6100296,SESV,auto_loan,33253,60,536,medium,approved,33253,atm,false,674
app_20250112_00643703,2025-01-12 17:34:15,cust_6771870,ITMI,education_loan,2988,36,767,low,rejected,0,atm,false,170
app_20250112_00644563,2025-01-12 23:58:44,cust_6838189,AUTR,personal_loan,39921,30,632,medium,rejected,0,mobile,true,105
app_20250112_00645423,2025-01-12 00:13:18,cust_3677370,CZPR,cash_loan,1771,18,658,medium,rejected,0,online_banking,false,119
app_20250112_00646283,2025-01-12 04:22:02,cust_8704986,PLWA,cash_loan,27134,18,567,medium,approved,27134,branch,true,555
app_20250112_00647143,2025-01-12 00:13:41,cust_2863377,UKLO,personal_loan,32139,12,589,medium,rejected,0,mobile,false,84
app_20250112_00648003,2025-01-12 23:09:56,cust_8800645,CZPR,auto_loan,39738,24,772,low,approved,39738,web,true,871
app_20250112_00648863,2025-01-12 21:56:41,cust_4514411,ITMI,personal_loan,22619,36,707,low,approved,22619,atm,true,100
app_20250112_00649723,2025-01-12 17:51:59,cust_7165082,PORP,cash_loan,8809,18,581,medium,rejected,0,atm,false,61
app_20250112_00650583,2025-01-12 21:20:10,cust_279351,ATVI,business_loan,22538,48,624,medium,approved,22538,web,false,165
app_20250112_00651443,2025-01-12 10:03:46,cust_5710678,SESV,business_loan,3798,60,576,medium,rejected,0,atm,false,170
app_20250112_00652303,2025-01-12 10:05:57,cust_7877392,ITMI,personal_loan,20930,48,595,medium,approved,20930,call_center,true,876
app_20250112_00653163,2025-01-12 00:01:28,cust_9933362,ITMI,auto_loan,36033,24,602,medium,approved,36033,atm,true,159
app_20250112_00654023,2025-01-12 06:57:03,cust_6024883,BENL,credit_card,35742,18,560,medium,rejected,0,mobile_app,true,153
app_20250112_00654883,2025-01-12 11:05:53,cust_2972604,ATVI,business_loan,19498,48,556,medium,approved,19498,online_banking,true,372
app_20250112_00655743,2025-01-12 04:04:44,cust_8934952,ATVI,education_loan,34262,36,789,low,approved,34262,online_banking,false,424
app_20250112_00656603,2025-01-12 23:17:36,cust_1853223,CHBE,auto_loan,7952,72,677,medium,approved,7952,partner,true,272
app_20250112_00657463,2025-01-12 00:35:10,cust_3237728,PLWA,credit_card,47869,24,539,medium,approved,47869,atm,false,153
app_20250112_00658323,2025-01-12 19:59:46,cust_2252688,UKLO,credit_card,21479,12,588,medium,approved,21479,call_center,true,273
app_20250112_00659183,2025-01-12 09:17:48,cust_2248942,ESMA,cash_loan,39858,36,677,medium,approved,39858,mobile,false,601
app_20250112_00660043,2025-01-12 17:56:36,cust_8058961,DEHE,mortgage,303480,240,545,medium,approved,303480,call_center,false,492
app_20250112_00660903,2025-01-12 07:11:08,cust_5016546,ATVI,auto_loan,38200,72,717,low,approved,38200,partner,false,519
app_20250112_00661763,2025-01-12 14:08:06,cust_2612531,GRRE,mortgage,208579,300,834,low,approved,208579,branch,false,283
app_20250112_00662623,2025-01-12 20:41:19,cust_3278280,GRRE,education_loan,4322,48,456,high,rejected,0,online_banking,false,34
app_20250112_00663483,2025-01-12 07:40:45,cust_1418328,DEHE,credit_card,38311,24,670,medium,rejected,0,web,true,80
app_20250112_00664343,2025-01-12 04:24:50,cust_9876137,PORP,auto_loan,50478,60,839,low,approved,50478,web,false,353
app_20250112_00665203,2025-01-12 17:58:11,cust_9172813,DEHE,education_loan,15735,60,640,medium,rejected,0,web,true,72
app_20250112_00666063,2025-01-12 00:39:58,cust_8354008,PORP,personal_loan,3121,36,740,low,approved,3121,branch,true,737
app_20250112_00666923,2025-01-12 03:42:09,cust_9196261,ESMA,mortgage,205182,120,650,medium,approved,205182,call_center,false,387
app_20250112_00667783,2025-01-12 05:21:34,cust_2555421,UKLO,auto_loan,46316,60,493,high,rejected,0,branch,false,174
app_20250112_00668643,2025-01-12 08:01:07,cust_3843548,CZPR,business_loan,33821,60,571,medium,rejected,0,branch,true,136
app_20250112_00669503,2025-01-12 21:39:04,cust_3369491,BENL,mortgage,371775,300,691,medium,approved,371775,mobile_app,true,790
app_20250112_00670363,2025-01-12 11:59:23,cust_1641177,BENL,business_loan,21863,12,735,low,approved,21863,branch,true,212
app_20250112_00671223,2025-01-12 10:43:09,cust_3084093,PLWA,education_loan,22189,12,630,medium,approved,22189,partner,false,762
app_20250112_00672083,2025-01-12 06:25:29,cust_3702039,PLWA,credit_card,32383,30,776,low,approved,32383,branch,true,881
app_20250112_00672943,2025-01-12 01:09:56,cust_4404393,GRRE,refinance,328533,240,548,medium,rejected,0,atm,false,12
app_20250112_00673803,2025-01-12 06:32:29,cust_1711851,GRRE,refinance,367086,300,507,medium,rejected,0,online_banking,false,142
app_20250112_00674663,2025-01-12 10:15:20,cust_6762749,AUTR,personal_loan,13874,24,648,medium,rejected,0,web,false,178
app_20250112_00675523,2025-01-12 03:22:38,cust_5418915,CZPR,auto_loan,11410,36,489,high,rejected,0,mobile_app,true,114
app_20250112_00676383,2025-01-12 15:44:45,cust_9197661,CHBE,personal_loan,5652,30,677,medium,approved,5652,atm,false,50
app_20250112_00677243,2025-01-12 20:42:42,cust_3486645,DEHE,education_loan,37776,48,618,medium,approved,37776,mobile_app,true,56
app_20250112_00678103,2025-01-12 10:14:52,cust_6285289,ITMI,education_loan,12709,24,707,low,rejected,0,mobile,false,24
app_20250112_00678963,2025-01-12 23:20:48,cust_4395338,ESMA,cash_loan,12156,18,690,medium,approved,12156,partner,false,424
app_20250112_00679823,2025-01-12 05:29:57,cust_9594341,AUTR,credit_card,1449,42,715,low,approved,1449,mobile,false,531
app_20250112_00680683,2025-01-12 23:04:43,cust_7747065,FRID,personal_loan,33363,48,564,medium,rejected,0,partner,false,38
app_20250112_00681543,2025-01-12 16:01:43,cust_821916,UKLO,personal_loan,8677,12,699,medium,approved,8677,partner,false,117
app_20250112_00682403,2025-01-12 08:00:34,cust_322267,CHBE,mortgage,426947,360,661,medium,approved,426947,branch,false,661
app_20250112_00683263,2025-01-12 07:16:33,cust_4917572,ITMI,mortgage,102065,120,561,medium,rejected,0,web,true,59
app_20250112_00684123,2025-01-12 13:08:20,cust_4650172,DEHE,credit_card,39243,18,648,medium,approved,39243,call_center,false,214
app_20250112_00684983,2025-01-12 01:52:52,cust_2937226,PLWA,cash_loan,16625,30,662,medium,approved,16625,online_banking,false,691
app_20250112_00685843,2025-01-12 03:21:08,cust_3546084,SESV,business_loan,18556,60,721,low,approved,18556,call_center,false,172
app_20250112_00686703,2025-01-12 11:10:46,cust_1686687,CZPR,cash_loan,17474,18,738,low,approved,17474,partner,true,313
app_20250112_00687563,2025-01-12 10:55:43,cust_6965018,CHBE,business_loan,23977,48,564,medium,rejected,0,mobile,true,101
app_20250112_00688423,2025-01-12 12:35:22,cust_1965258,SESV,business_loan,26712,36,726,low,approved,26712,web,false,685
app_20250112_00689283,2025-01-12 17:38:05,cust_4905980,FRID,education_loan,38425,60,691,medium,rejected,0,online_banking,true,31
app_20250112_00690143,2025-01-12 23:27:34,cust_1385658,AUTR,auto_loan,21598,60,666,medium,rejected,0,branch,false,123
app_20250112_00691003,2025-01-12 05:03:05,cust_7586890,ESMA,auto_loan,12352,36,787,low,approved,12352,web,true,439
app_20250112_00691863,2025-01-12 14:05:41,cust_7189793,CZPR,cash_loan,43791,30,680,medium,approved,43791,online_banking,true,44
app_20250112_00692723,2025-01-12 18:23:29,cust_4686049,ITMI,cash_loan,39456,12,661,medium,approved,39456,atm,true,313
app_20250112_00693583,2025-01-12 00:03:18,cust_7320615,BENL,business_loan,14679,24,502,medium,rejected,0,branch,false,129
app_20250112_00694443,2025-01-12 04:15:06,cust_4877003,ESMA,refinance,428427,120,680,medium,rejected,0,partner,true,156
app_20250112_00695303,2025-01-12 09:49:46,cust_7174601,AUTR,cash_loan,33877,48,639,medium,approved,33877,call_center,true,249
app_20250112_00696163,2025-01-12 21:06:05,cust_7902831,FRID,education_loan,2845,36,660,medium,rejected,0,web,false,120
app_20250112_00697023,2025-01-12 22:37:22,cust_7327184,BENL,credit_card,29851,48,760,low,approved,29851,mobile_app,false,569
app_20250112_00697883,2025-01-12 13:56:48,cust_3454373,ESMA,credit_card,48456,48,750,low,approved,48456,mobile,false,615
app_20250112_00698743,2025-01-12 17:09:55,cust_3644449,AUTR,mortgage,204070,360,625,medium,approved,204070,branch,true,434
app_20250112_00699603,2025-01-12 04:13:24,cust_2964646,AUTR,business_loan,21902,24,583,medium,rejected,0,online_banking,false,120
app_20250112_00700463,2025-01-12 09:15:31,cust_731837,FRID,cash_loan,29324,24,780,low,approved,29324,call_center,true,33
app_20250112_00701323,2025-01-12 06:56:07,cust_7271103,ATVI,refinance,124748,300,691,medium,approved,124748,online_banking,true,752
app_20250112_00702183,2025-01-12 07:23:39,cust_1718099,DEHE,auto_loan,11397,72,819,low,rejected,0,mobile_app,true,32
app_20250112_00703043,2025-01-12 11:30:45,cust_2808196,ITMI,refinance,288918,240,795,low,approved,288918,online_banking,true,245
app_20250112_00703903,2025-01-12 08:19:13,cust_3716875,UKLO,personal_loan,18900,42,707,low,approved,18900,web,false,463
app_20250112_00704763,2025-01-12 05:57:35,cust_404035,ESMA,refinance,98353,300,747,low,approved,98353,call_center,false,571
app_20250112_00705623,2025-01-12 20:32:03,cust_5900869,PORP,mortgage,316097,180,753,low,approved,316097,mobile_app,false,316
app_20250112_00706483,2025-01-12 07:53:48,cust_1278303,CHBE,education_loan,10886,24,684,medium,approved,10886,online_banking,true,627
app_20250112_00707343,2025-01-12 06:36:48,cust_4492862,AUTR,personal_loan,5707,36,838,low,approved,5707,partner,false,136
app_20250112_00708203,2025-01-12 19:26:23,cust_6214979,UKLO,education_loan,2787,24,599,medium,approved,2787,partner,false,830
app_20250112_00709063,2025-01-12 05:03:14,cust_6976329,CHBE,refinance,100950,300,499,high,rejected,0,online_banking,false,10
app_20250112_00709923,2025-01-12 21:52:44,cust_7754949,FRID,cash_loan,29691,48,647,medium,rejected,0,call_center,false,95
app_20250112_00710783,2025-01-12 02:31:56,cust_4788914,ITMI,credit_card,17543,36,825,low,approved,17543,atm,true,432
app_20250112_00711643,2025-01-12 10:41:07,cust_1043393,SESV,personal_loan,26373,24,631,medium,approved,26373,web,false,30
app_20250112_00712503,2025-01-12 05:12:58,cust_3711841,PORP,credit_card,22758,24,578,medium,rejected,0,branch,true,123
app_20250112_00713363,2025-01-12 15:16:54,cust_7014190,SESV,refinance,260213,240,538,medium,approved,260213,mobile,true,394
app_20250112_00714223,2025-01-12 02:12:01,cust_7683342,FRID,cash_loan,32737,24,578,medium,rejected,0,web,false,143
app_20250112_00715083,2025-01-12 11:22:20,cust_9688806,PLWA,refinance,338208,240,745,low,approved,338208,partner,false,137
app_20250112_00715943,2025-01-12 00:47:38,cust_1896426,CHBE,cash_loan,12593,18,651,medium,approved,12593,web,false,632
app_20250112_00716803,2025-01-12 20:10:58,cust_3634764,ATVI,mortgage,381322,180,715,low,approved,381322,call_center,false,476
app_20250112_00717663,2025-01-12 18:27:38,cust_5414617,UKLO,credit_card,28267,18,486,high,rejected,0,mobile_app,true,85
app_20250112_00718523,2025-01-12 04:29:28,cust_6662436,PLWA,credit_card,25193,42,628,medium,approved,25193,call_center,false,522
app_20250112_00719383,2025-01-12 06:42:46,cust_2552541,ITMI,education_loan,5289,60,636,medium,approved,5289,online_banking,true,628
app_20250112_00720243,2025-01-12 09:39:43,cust_4739982,PORP,refinance,299686,240,695,medium,approved,299686,atm,false,381
app_20250112_00721103,2025-01-12 05:36:19,cust_544960,PLWA,personal_loan,24657,18,592,medium,rejected,0,web,true,87
app_20250112_00721963,2025-01-12 22:15:31,cust_1146293,DEHE,business_loan,16916,48,646,medium,approved,16916,partner,true,689
app_20250112_00722823,2025-01-12 16:16:54,cust_4969093,SESV,mortgage,487630,240,677,medium,rejected,0,branch,true,87
app_20250112_00723683,2025-01-12 11:05:46,cust_8304189,BENL,auto_loan,7276,36,740,low,approved,7276,web,false,204
app_20250112_00724543,2025-01-12 04:38:44,cust_1013723,FRID,refinance,214448,120,539,medium,rejected,0,atm,true,92
app_20250112_00725403,2025-01-12 10:36:21,cust_3893101,CZPR,business_loan,2920,24,723,low,approved,2920,atm,true,100
app_20250112_00726263,2025-01-12 03:25:30,cust_5835857,BENL,education_loan,25428,36,590,medium,rejected,0,call_center,false,98
app_20250112_00727123,2025-01-12 19:10:09,cust_8089064,CZPR,personal_loan,4187,12,670,medium,approved,4187,online_banking,false,223
app_20250112_00727983,2025-01-12 22:59:02,cust_2469743,ATVI,refinance,334560,120,666,medium,approved,334560,partner,true,716
app_20250112_00728843,2025-01-12 11:18:38,cust_1116294,CHBE,mortgage,227387,360,751,low,approved,227387,call_center,true,432
app_20250112_00729703,2025-01-12 14:23:39,cust_6389298,FRID,mortgage,77440,180,645,medium,rejected,0,atm,true,139
app_20250112_00730563,2025-01-12 15:23:40,cust_4968102,AUTR,personal_loan,32054,12,584,medium,approved,32054,call_center,false,734
app_20250112_00731423,2025-01-12 22:22:01,cust_9789323,ATVI,auto_loan,54052,48,594,medium,approved,54052,atm,true,475
app_20250112_00732283,2025-01-12 09:54:07,cust_3224671,BENL,mortgage,146972,120,714,low,approved,146972,partner,true,891
app_20250112_00733143,2025-01-12 23:32:48,cust_6500660,GRRE,credit_card,47683,12,683,medium,rejected,0,web,false,158
app_20250112_00734003,2025-01-12 22:13:58,cust_7987438,ATVI,mortgage,301180,120,744,low,approved,301180,online_banking,false,654
app_20250112_00734863,2025-01-12 09:35:25,cust_6438208,CZPR,cash_loan,49415,30,671,medium,approved,49415,mobile,true,751
app_20250112_00735723,2025-01-12 16:30:06,cust_5906750,ITMI,mortgage,350070,180,675,medium,approved,350070,web,true,354
app_20250112_00736583,2025-01-12 12:36:08,cust_2069602,ATVI,mortgage,175521,360,516,medium,rejected,0,mobile_app,true,159
app_20250112_00737443,2025-01-12 08:06:50,cust_1528171,CZPR,auto_loan,18347,72,745,low,approved,18347,web,false,230
app_20250112_00738303,2025-01-12 10:12:39,cust_4949607,SESV,personal_loan,7502,48,479,high,rejected,0,mobile,true,143
app_20250112_00739163,2025-01-12 11:29:46,cust_6203404,UKLO,education_loan,18069,24,558,medium,approved,18069,call_center,false,581
app_20250112_00740023,2025-01-12 21:25:36,cust_7533685,FRID,credit_card,14679,24,809,low,approved,14679,mobile,false,320
app_20250112_00740883,2025-01-12 19:05:10,cust_3851365,UKLO,mortgage,306379,180,850,low,approved,306379,mobile,false,361
app_20250112_00741743,2025-01-12 19:20:50,cust_1178680,ITMI,mortgage,374527,300,606,medium,approved,374527,atm,true,430
app_20250112_00742603,2025-01-12 11:44:03,cust_7619056,PORP,business_loan,25530,36,833,low,approved,25530,mobile,true,494
app_20250112_00743463,2025-01-12 08:50:54,cust_8995627,PORP,cash_loan,35078,36,577,medium,approved,35078,mobile_app,true,101
