application_id,event_time,customer_id,region_code,product_type,requested_amount,term_months,credit_score,risk_level,decision_status,approved_amount,channel,employee_review_flag,processing_time_sec
app_20250127_00000000,2025-01-27 20:41:30,cust_1946337,BENL,education_loan,15186,24,491,high,rejected,0,partner,true,85
app_20250127_00000001,2025-01-27 09:22:45,cust_6293563,PORP,auto_loan,39753,60,779,low,approved,39753,atm,false,784
app_20250127_00000002,2025-01-27 15:01:26,cust_4750869,NLAM,education_loan,11688,36,644,medium,approved,11688,online_banking,true,93
app_20250127_00000003,2025-01-27 08:37:23,cust_1744208,UKLO,personal_loan,11660,18,554,medium,approved,11660,mobile,true,284
app_20250127_00000004,2025-01-27 00:34:10,cust_245040,GRRE,credit_card,47423,36,668,medium,rejected,0,partner,true,51
app_20250127_00000005,2025-01-27 15:35:56,cust_7845656,NLAM,cash_loan,16791,12,551,medium,rejected,0,partner,true,43
app_20250127_00000006,2025-01-27 05:04:03,cust_6964099,ESMA,personal_loan,17440,42,850,low,approved,17440,branch,false,79
app_20250127_00000007,2025-01-27 01:24:13,cust_6204368,PORP,business_loan,32512,24,600,medium,approved,32512,mobile,true,644
app_20250127_00000008,2025-01-27 21:37:20,cust_5148217,UKLO,refinance,454818,120,652,medium,approved,454818,mobile_app,false,827
app_20250127_00000009,2025-01-27 13:40:59,cust_5424960,SESV,cash_loan,29539,12,656,medium,rejected,0,branch,true,158
app_20250127_00000010,2025-01-27 20:12:10,cust_1909517,BENL,mortgage,280420,180,639,medium,approved,280420,atm,false,46
app_20250127_00000011,2025-01-27 05:18:28,cust_1787224,UKLO,mortgage,74253,180,792,low,approved,74253,branch,false,552
app_20250127_00000012,2025-01-27 09:17:09,cust_6764216,FRID,auto_loan,21395,48,726,low,approved,21395,branch,true,623
app_20250127_00000013,2025-01-27 21:16:20,cust_1195770,ITMI,credit_card,12643,36,661,medium,rejected,0,web,true,129
app_20250127_00000014,2025-01-27 20:50:24,cust_4168844,UKLO,mortgage,325119,240,568,medium,rejected,0,mobile,true,162
app_20250127_00000015,2025-01-27 23:49:42,cust_1990821,ATVI,education_loan,18900,36,634,medium,approved,18900,mobile,false,510
app_20250127_00000016,2025-01-27 10:33:29,cust_4519642,FRID,refinance,348082,300,573,medium,rejected,0,branch,true,26
app_20250127_00000017,2025-01-27 22:47:32,cust_4859850,BENL,education_loan,25676,60,627,medium,approved,25676,atm,true,224
app_20250127_00000018,2025-01-27 16:04:07,cust_2956833,CHBE,cash_loan,11944,12,507,medium,rejected,0,online_banking,true,98
app_20250127_00000019,2025-01-27 15:18:22,cust_5098512,SESV,mortgage,291661,120,447,high,rejected,0,mobile_app,true,52
app_20250127_00000020,2025-01-27 19:47:18,cust_1941071,PLWA,personal_loan,46414,42,701,low,approved,46414,web,true,227
app_20250127_00000021,2025-01-27 03:21:29,cust_348643,ESMA,business_loan,26684,12,627,medium,approved,26684,atm,true,172
app_20250127_00000022,2025-01-27 01:25:47,cust_9038210,NLAM,auto_loan,10128,72,582,medium,approved,10128,partner,false,759
app_20250127_00000023,2025-01-27 09:49:08,cust_2468249,GRRE,credit_card,30158,36,727,low,rejected,0,branch,true,169
app_20250127_00000024,2025-01-27 05:46:12,cust_6430549,ESMA,business_loan,25093,12,614,medium,rejected,0,mobile,true,135
app_20250127_00000025,2025-01-27 18:37:37,cust_7641839,DEHE,education_loan,9331,24,475,high,rejected,0,call_center,true,13
app_20250127_00000026,2025-01-27 04:27:07,cust_7951007,FRID,refinance,179499,120,649,medium,rejected,0,mobile_app,true,151
app_20250127_00000027,2025-01-27 21:36:27,cust_4995162,ATVI,mortgage,78285,240,638,medium,rejected,0,partner,true,12
app_20250127_00000028,2025-01-27 03:45:20,cust_7198342,SESV,credit_card,29758,18,673,medium,approved,29758,online_banking,true,829
app_20250127_00000029,2025-01-27 13:53:48,cust_9764627,CHBE,credit_card,6389,30,407,high,rejected,0,branch,true,46
app_20250127_00000030,2025-01-27 08:04:23,cust_4018713,PLWA,refinance,193413,240,547,medium,rejected,0,call_center,false,128
app_20250127_00000031,2025-01-27 06:21:05,cust_8693892,UKLO,cash_loan,30279,36,742,low,approved,30279,web,true,771
app_20250127_00000032,2025-01-27 14:19:21,cust_5893320,ESMA,personal_loan,10880,42,745,low,approved,10880,online_banking,true,37
app_20250127_00000033,2025-01-27 11:48:37,cust_5037091,BENL,business_loan,12704,24,521,medium,approved,12704,mobile,true,660
app_20250127_00000034,2025-01-27 07:25:20,cust_2027270,SESV,credit_card,14943,48,596,medium,rejected,0,web,true,149
app_20250127_00000035,2025-01-27 16:30:48,cust_4919583,DEHE,mortgage,296943,120,695,medium,approved,296943,mobile,true,677
app_20250127_00000036,2025-01-27 04:08:09,cust_3090324,ITMI,cash_loan,34904,36,631,medium,approved,34904,call_center,true,733
app_20250127_00000037,2025-01-27 13:46:06,cust_437520,PLWA,business_loan,7305,48,700,low,approved,7305,call_center,false,323
app_20250127_00000038,2025-01-27 06:07:06,cust_8410810,PORP,cash_loan,28343,12,684,medium,approved,28343,call_center,true,644
app_20250127_00000039,2025-01-27 01:12:07,cust_7613797,GRRE,mortgage,256981,360,666,medium,approved,256981,mobile,false,793
app_20250127_00000040,2025-01-27 01:35:23,cust_6469070,CHBE,personal_loan,42754,36,607,medium,approved,42754,web,false,656
app_20250127_00000041,2025-01-27 03:51:31,cust_5571099,PORP,cash_loan,40502,18,734,low,approved,40502,web,false,218
app_20250127_00000042,2025-01-27 06:44:37,cust_3287901,AUTR,auto_loan,21764,36,590,medium,approved,21764,branch,true,197
app_20250127_00000043,2025-01-27 17:22:02,cust_3933649,ITMI,auto_loan,6642,48,551,medium,approved,6642,branch,false,102
app_20250127_00000044,2025-01-27 09:14:13,cust_4523889,CZPR,business_loan,31199,36,509,medium,approved,31199,web,false,545
app_20250127_00000045,2025-01-27 11:33:47,cust_502839,SESV,personal_loan,2903,42,453,high,rejected,0,online_banking,true,23
app_20250127_00000046,2025-01-27 02:36:22,cust_4420959,ATVI,cash_loan,28164,12,430,high,rejected,0,branch,false,42
app_20250127_00000047,2025-01-27 14:57:04,cust_8167554,CZPR,refinance,459550,360,681,medium,approved,459550,partner,true,31
app_20250127_00000048,2025-01-27 03:28:29,cust_6125722,ATVI,mortgage,207020,180,454,high,rejected,0,online_banking,false,19
app_20250127_00000049,2025-01-27 07:10:58,cust_501340,DEHE,education_loan,27660,60,690,medium,approved,27660,online_banking,false,97
app_20250127_00000050,2025-01-27 12:14:20,cust_6411451,GRRE,credit_card,12059,18,659,medium,rejected,0,call_center,false,83
app_20250127_00000051,2025-01-27 22:15:18,cust_3293076,ITMI,education_loan,3695,12,575,medium,approved,3695,atm,false,354
app_20250127_00000052,2025-01-27 14:58:45,cust_7437210,NLAM,cash_loan,36419,24,634,medium,approved,36419,branch,true,220
app_20250127_00000053,2025-01-27 05:42:47,cust_1101071,GRRE,mortgage,58694,120,598,medium,rejected,0,mobile_app,false,130
app_20250127_00000054,2025-01-27 06:40:45,cust_495904,SESV,education_loan,30391,12,677,medium,approved,30391,atm,true,139
app_20250127_00000055,2025-01-27 16:03:01,cust_1998148,ATVI,education_loan,14126,48,799,low,approved,14126,call_center,true,527
app_20250127_00000056,2025-01-27 08:58:15,cust_958129,CZPR,cash_loan,27235,36,559,medium,rejected,0,partner,false,115
app_20250127_00000057,2025-01-27 05:46:20,cust_7247591,FRID,education_loan,35922,60,607,medium,approved,35922,atm,true,780
app_20250127_00000058,2025-01-27 08:05:13,cust_3153844,UKLO,auto_loan,48353,72,635,medium,approved,48353,web,false,429
app_20250127_00000059,2025-01-27 07:24:30,cust_687124,ITMI,refinance,147238,120,513,medium,rejected,0,mobile_app,false,99
app_20250127_00000060,2025-01-27 05:49:45,cust_5597554,PORP,credit_card,25245,24,706,low,approved,25245,online_banking,true,294
app_20250127_00000061,2025-01-27 01:23:04,cust_5958722,SESV,education_loan,17776,48,524,medium,approved,17776,call_center,true,839
app_20250127_00000062,2025-01-27 12:37:51,cust_5034367,ATVI,education_loan,10878,60,571,medium,approved,10878,mobile_app,true,465
app_20250127_00000063,2025-01-27 10:47:44,cust_1616551,DEHE,cash_loan,22751,42,564,medium,approved,22751,branch,true,55
app_20250127_00000064,2025-01-27 15:25:55,cust_6431721,DEHE,auto_loan,6239,36,566,medium,rejected,0,web,true,127
app_20250127_00000065,2025-01-27 04:58:47,cust_9215077,PORP,mortgage,309064,360,654,medium,approved,309064,mobile,true,689
app_20250127_00000066,2025-01-27 04:27:14,cust_4888795,CHBE,cash_loan,41934,24,662,medium,approved,41934,branch,true,873
app_20250127_00000067,2025-01-27 03:46:02,cust_5310759,ESMA,credit_card,5734,36,556,medium,approved,5734,partner,false,323
app_20250127_00000068,2025-01-27 03:55:02,cust_9403625,CHBE,refinance,109052,240,605,medium,rejected,0,online_banking,false,58
app_20250127_00000069,2025-01-27 15:30:54,cust_458826,NLAM,auto_loan,7087,48,593,medium,approved,7087,web,false,410
app_20250127_00000070,2025-01-27 16:39:37,cust_4474596,UKLO,personal_loan,43102,42,763,low,approved,43102,partner,false,493
app_20250127_00000071,2025-01-27 18:01:13,cust_7492366,ESMA,business_loan,32231,60,524,medium,approved,32231,branch,true,720
app_20250127_00000072,2025-01-27 09:57:14,cust_5086465,ATVI,refinance,433384,300,652,medium,approved,433384,call_center,false,595
app_20250127_00000073,2025-01-27 21:47:02,cust_7962380,CZPR,business_loan,27966,60,536,medium,rejected,0,atm,false,86
app_20250127_00000074,2025-01-27 13:43:13,cust_3436713,DEHE,business_loan,13807,48,747,low,approved,13807,web,true,641
app_20250127_00000075,2025-01-27 08:10:25,cust_7521415,CHBE,mortgage,291828,360,639,medium,approved,291828,online_banking,true,67
app_20250127_00000076,2025-01-27 23:35:26,cust_5075736,ITMI,education_loan,38432,48,612,medium,approved,38432,atm,true,366
app_20250127_00000077,2025-01-27 13:26:43,cust_422809,NLAM,credit_card,47698,36,723,low,rejected,0,branch,false,55
app_20250127_00000078,2025-01-27 10:41:47,cust_9000886,AUTR,business_loan,12319,60,540,medium,rejected,0,web,false,114
app_20250127_00000079,2025-01-27 07:51:17,cust_6785130,PORP,business_loan,38479,60,521,medium,approved,38479,mobile_app,false,188
app_20250127_00000080,2025-01-27 07:36:33,cust_2114029,GRRE,cash_loan,18936,36,832,low,approved,18936,web,false,488
app_20250127_00000081,2025-01-27 05:23:41,cust_8283014,AUTR,cash_loan,39884,36,584,medium,rejected,0,branch,false,157
app_20250127_00000082,2025-01-27 01:49:05,cust_3269221,PORP,mortgage,288095,300,610,medium,approved,288095,atm,true,767
app_20250127_00000083,2025-01-27 02:10:30,cust_5477002,CZPR,auto_loan,33486,72,850,low,approved,33486,branch,true,52
app_20250127_00000084,2025-01-27 14:19:37,cust_318854,ATVI,auto_loan,40812,48,632,medium,approved,40812,branch,false,801
app_20250127_00000085,2025-01-27 20:32:34,cust_2418328,GRRE,refinance,340933,240,728,low,approved,340933,mobile_app,true,619
app_20250127_00000086,2025-01-27 21:04:36,cust_1645862,ATVI,credit_card,45794,12,639,medium,approved,45794,atm,false,575
app_20250127_00000087,2025-01-27 22:20:59,cust_2951369,FRID,personal_loan,28462,30,565,medium,approved,28462,call_center,true,136
app_20250127_00000088,2025-01-27 16:13:08,cust_7013965,DEHE,auto_loan,45371,48,633,medium,rejected,0,online_banking,true,16
app_20250127_00000089,2025-01-27 14:09:11,cust_8717488,ITMI,credit_card,41074,36,552,medium,rejected,0,atm,true,43
app_20250127_00000090,2025-01-27 08:05:15,cust_7205482,ATVI,refinance,164043,240,683,medium,rejected,0,partner,true,173
app_20250127_00000091,2025-01-27 19:52:32,cust_2838969,PORP,education_loan,12694,60,641,medium,rejected,0,mobile,false,155
app_20250127_00000092,2025-01-27 00:44:25,cust_3009155,PLWA,credit_card,42932,48,540,medium,rejected,0,partner,false,124
app_20250127_00000093,2025-01-27 04:11:27,cust_6769553,ATVI,auto_loan,16040,72,686,medium,approved,16040,branch,true,57
app_20250127_00000094,2025-01-27 02:26:25,cust_4552454,ESMA,refinance,194839,120,677,medium,rejected,0,branch,false,94
app_20250127_00000095,2025-01-27 10:02:10,cust_9112260,CHBE,education_loan,37086,48,628,medium,approved,37086,branch,false,718
app_20250127_00000096,2025-01-27 23:37:17,cust_7548128,AUTR,personal_loan,15265,12,596,medium,rejected,0,web,true,177
app_20250127_00000097,2025-01-27 06:18:35,cust_2996084,NLAM,business_loan,23175,48,611,medium,rejected,0,mobile,true,149
app_20250127_00000098,2025-01-27 21:34:57,cust_6020487,CHBE,mortgage,340141,300,754,low,approved,340141,online_banking,false,193
app_20250127_00000099,2025-01-27 06:41:44,cust_4320860,DEHE,auto_loan,42309,48,775,low,approved,42309,mobile,false,433
app_20250127_00000100,2025-01-27 17:03:27,cust_7796323,CHBE,mortgage,432198,360,558,medium,approved,432198,mobile,false,587
app_20250127_00000101,2025-01-27 03:57:50,cust_3818032,ATVI,education_loan,21551,60,501,medium,rejected,0,branch,true,71
app_20250127_00000102,2025-01-27 03:33:40,cust_2314712,ITMI,refinance,382483,240,816,low,approved,382483,branch,false,580
app_20250127_00000103,2025-01-27 13:31:09,cust_7375101,UKLO,education_loan,4042,12,695,medium,approved,4042,partner,true,171
app_20250127_00000104,2025-01-27 15:04:13,cust_723290,BENL,refinance,340047,300,815,low,rejected,0,call_center,true,64
app_20250127_00000105,2025-01-27 01:58:30,cust_8332835,PORP,refinance,283167,120,535,medium,approved,283167,mobile,true,878
app_20250127_00000106,2025-01-27 07:22:03,cust_8422300,ITMI,auto_loan,45743,36,805,low,approved,45743,atm,false,642
app_20250127_00000107,2025-01-27 15:01:06,cust_7184933,NLAM,personal_loan,7502,48,522,medium,approved,7502,mobile,true,513
app_20250127_00000108,2025-01-27 22:16:15,cust_9088379,ITMI,credit_card,14936,24,746,low,approved,14936,web,true,512
app_20250127_00000109,2025-01-27 12:13:31,cust_8830783,CZPR,mortgage,117844,120,475,high,rejected,0,web,false,107
app_20250127_00000110,2025-01-27 03:08:21,cust_3655366,GRRE,education_loan,19975,24,746,low,approved,19975,mobile,true,758
app_20250127_00000111,2025-01-27 13:01:04,cust_3980835,CHBE,auto_loan,10668,24,709,low,rejected,0,web,true,76
app_20250127_00000112,2025-01-27 16:59:58,cust_2051763,ITMI,cash_loan,13144,36,779,low,approved,13144,online_banking,true,496
app_20250127_00000113,2025-01-27 02:13:32,cust_1124477,ATVI,refinance,204978,120,691,medium,rejected,0,call_center,true,120
app_20250127_00000114,2025-01-27 23:13:42,cust_2475037,SESV,mortgage,370664,240,699,medium,approved,370664,call_center,true,723
app_20250127_00000115,2025-01-27 23:20:45,cust_3952607,ESMA,personal_loan,49788,30,768,low,approved,49788,atm,true,844
app_20250127_00000116,2025-01-27 21:18:50,cust_7308332,NLAM,mortgage,314332,120,675,medium,approved,314332,branch,true,611
app_20250127_00000117,2025-01-27 22:13:36,cust_3363085,SESV,auto_loan,59533,48,744,low,approved,59533,branch,false,585
app_20250127_00000118,2025-01-27 19:28:20,cust_998477,CHBE,personal_loan,32687,42,797,low,approved,32687,call_center,true,508
app_20250127_00000119,2025-01-27 15:18:52,cust_1450994,ITMI,cash_loan,35404,18,757,low,approved,35404,mobile_app,false,44
app_20250127_00000120,2025-01-27 17:25:55,cust_6852031,DEHE,refinance,155044,360,667,medium,approved,155044,partner,true,467
app_20250127_00000121,2025-01-27 14:56:16,cust_4524678,FRID,education_loan,34876,24,711,low,approved,34876,partner,false,440
app_20250127_00000122,2025-01-27 18:04:46,cust_9278184,SESV,business_loan,15334,24,609,medium,rejected,0,branch,false,20
app_20250127_00000123,2025-01-27 10:51:33,cust_6350391,FRID,business_loan,31077,36,850,low,approved,31077,partner,true,306
app_20250127_00000124,2025-01-27 11:58:52,cust_1973437,AUTR,refinance,72643,300,536,medium,rejected,0,atm,false,65
app_20250127_00000125,2025-01-27 21:00:23,cust_6593463,UKLO,business_loan,2147,24,760,low,approved,2147,atm,false,38
app_20250127_00000126,2025-01-27 07:25:36,cust_6248162,CHBE,business_loan,2499,60,518,medium,approved,2499,online_banking,false,89
app_20250127_00000127,2025-01-27 00:56:38,cust_2289399,PLWA,auto_loan,11802,60,685,medium,approved,11802,branch,false,414
app_20250127_00000128,2025-01-27 12:58:19,cust_4154121,DEHE,auto_loan,17533,48,595,medium,rejected,0,web,true,31
app_20250127_00000129,2025-01-27 03:27:14,cust_3397208,ATVI,auto_loan,53018,48,654,medium,approved,53018,partner,true,190
app_20250127_00000130,2025-01-27 10:14:52,cust_4026337,DEHE,cash_loan,46243,18,518,medium,approved,46243,mobile,false,637
app_20250127_00000131,2025-01-27 18:54:17,cust_6803237,CZPR,refinance,92573,360,708,low,approved,92573,atm,true,709
app_20250127_00000132,2025-01-27 17:19:28,cust_3213800,DEHE,education_loan,14177,48,817,low,approved,14177,mobile,true,116
app_20250127_00000133,2025-01-27 01:34:53,cust_2986399,CZPR,auto_loan,46741,48,810,low,approved,46741,partner,true,341
app_20250127_00000134,2025-01-27 02:40:43,cust_6108585,NLAM,mortgage,369124,360,789,low,approved,369124,online_banking,true,489
app_20250127_00000135,2025-01-27 11:25:20,cust_5262381,DEHE,credit_card,15264,24,631,medium,approved,15264,web,true,361
app_20250127_00000136,2025-01-27 04:13:18,cust_8520077,GRRE,business_loan,26945,12,793,low,approved,26945,partner,true,251
app_20250127_00000137,2025-01-27 02:15:00,cust_1663546,ITMI,refinance,489041,120,673,medium,approved,489041,call_center,true,683
app_20250127_00000138,2025-01-27 06:52:05,cust_8513509,GRRE,personal_loan,49182,30,735,low,approved,49182,atm,false,124
app_20250127_00000139,2025-01-27 15:26:33,cust_2988089,SESV,cash_loan,35354,42,679,medium,approved,35354,branch,false,895
app_20250127_00000140,2025-01-27 02:33:03,cust_528990,CZPR,cash_loan,32638,18,729,low,approved,32638,branch,true,209
app_20250127_00000141,2025-01-27 02:30:38,cust_7307316,ATVI,refinance,361778,240,710,low,approved,361778,web,true,706
app_20250127_00000142,2025-01-27 03:27:09,cust_1644611,ITMI,education_loan,16853,36,678,medium,approved,16853,branch,false,565
app_20250127_00000143,2025-01-27 20:34:28,cust_6896813,BENL,credit_card,41897,42,514,medium,approved,41897,atm,false,450
app_20250127_00000144,2025-01-27 19:37:53,cust_5559982,ATVI,mortgage,210006,240,752,low,approved,210006,web,false,177
app_20250127_00000145,2025-01-27 21:46:55,cust_6491145,UKLO,refinance,112741,240,707,low,approved,112741,mobile,true,546
app_20250127_00000146,2025-01-27 01:32:08,cust_8407896,ITMI,business_loan,12655,60,712,low,approved,12655,atm,false,768
app_20250127_00000147,2025-01-27 19:35:48,cust_5945273,ITMI,business_loan,18546,24,818,low,approved,18546,web,true,691
app_20250127_00000148,2025-01-27 12:25:55,cust_230697,NLAM,auto_loan,15697,60,843,low,approved,15697,call_center,false,407
app_20250127_00000149,2025-01-27 19:10:33,cust_578110,PORP,auto_loan,8509,48,599,medium,approved,8509,atm,true,890
app_20250127_00000150,2025-01-27 03:48:44,cust_228446,ESMA,mortgage,109174,240,640,medium,approved,109174,online_banking,true,549
app_20250127_00000151,2025-01-27 11:59:14,cust_9019188,PLWA,refinance,149169,360,579,medium,approved,149169,partner,true,450
app_20250127_00000152,2025-01-27 19:02:39,cust_758595,ESMA,cash_loan,18224,48,653,medium,approved,18224,mobile_app,false,48
app_20250127_00000153,2025-01-27 21:35:54,cust_7417235,PORP,personal_loan,49624,24,488,high,rejected,0,web,true,42
app_20250127_00000154,2025-01-27 09:55:42,cust_6875641,AUTR,credit_card,48213,18,672,medium,approved,48213,partner,true,857
app_20250127_00000155,2025-01-27 08:04:25,cust_5953289,ESMA,mortgage,317772,120,850,low,approved,317772,call_center,true,765
app_20250127_00000156,2025-01-27 14:12:23,cust_7968736,BENL,personal_loan,25853,30,585,medium,rejected,0,web,false,50
app_20250127_00000157,2025-01-27 07:21:38,cust_1558035,DEHE,education_loan,19874,12,692,medium,rejected,0,call_center,false,38
app_20250127_00000158,2025-01-27 05:07:17,cust_4735876,SESV,personal_loan,37093,48,607,medium,approved,37093,mobile_app,false,363
app_20250127_00000159,2025-01-27 04:43:42,cust_9014431,SESV,personal_loan,26413,48,593,medium,approved,26413,branch,false,474
app_20250127_00000160,2025-01-27 13:47:51,cust_7052035,NLAM,refinance,437674,120,598,medium,approved,437674,atm,false,359
app_20250127_00000161,2025-01-27 16:53:37,cust_5283401,CZPR,credit_card,6032,24,850,low,approved,6032,atm,false,34
app_20250127_00000162,2025-01-27 18:46:46,cust_6950413,CHBE,credit_card,21253,12,850,low,approved,21253,mobile,true,139
app_20250127_00000163,2025-01-27 22:47:06,cust_6365937,CZPR,refinance,302256,120,562,medium,rejected,0,partner,true,32
app_20250127_00000164,2025-01-27 10:01:47,cust_9156200,AUTR,credit_card,10692,30,630,medium,rejected,0,online_banking,false,166
app_20250127_00000165,2025-01-27 01:20:30,cust_1571855,ITMI,education_loan,20424,48,643,medium,approved,20424,mobile_app,true,629
app_20250127_00000166,2025-01-27 11:55:13,cust_284016,CZPR,education_loan,38567,12,582,medium,approved,38567,mobile,true,174
app_20250127_00000167,2025-01-27 21:46:17,cust_1528271,ESMA,mortgage,305199,120,654,medium,approved,305199,mobile_app,false,172
app_20250127_00000168,2025-01-27 12:14:54,cust_3932158,SESV,mortgage,127298,300,638,medium,rejected,0,atm,false,108
app_20250127_00000169,2025-01-27 03:30:31,cust_7641755,PLWA,cash_loan,14408,36,793,low,approved,14408,call_center,true,429
app_20250127_00000170,2025-01-27 03:48:42,cust_6926005,ITMI,auto_loan,58754,24,529,medium,rejected,0,call_center,true,136
app_20250127_00000171,2025-01-27 05:27:23,cust_7135029,SESV,auto_loan,32204,60,808,low,approved,32204,atm,true,258
app_20250127_00000172,2025-01-27 18:59:01,cust_2114080,CHBE,credit_card,28733,42,669,medium,approved,28733,partner,true,182
app_20250127_00000173,2025-01-27 17:03:46,cust_3890441,CZPR,cash_loan,32014,42,641,medium,approved,32014,mobile_app,false,643
app_20250127_00000174,2025-01-27 06:08:21,cust_8442765,PLWA,business_loan,35804,12,560,medium,approved,35804,branch,true,225
app_20250127_00000175,2025-01-27 17:34:10,cust_5497633,PLWA,mortgage,112928,120,608,medium,approved,112928,branch,false,824
app_20250127_00000176,2025-01-27 00:44:36,cust_9613384,UKLO,personal_loan,43301,24,599,medium,rejected,0,mobile,false,86
app_20250127_00000177,2025-01-27 20:31:02,cust_1863544,FRID,refinance,384382,300,645,medium,rejected,0,branch,false,22
app_20250127_00000178,2025-01-27 04:49:34,cust_1121655,BENL,mortgage,350053,300,650,medium,approved,350053,online_banking,false,325
app_20250127_00000179,2025-01-27 06:01:57,cust_6981071,UKLO,mortgage,260465,240,447,high,rejected,0,web,true,95
app_20250127_00000180,2025-01-27 17:19:26,cust_915461,FRID,refinance,287067,180,579,medium,rejected,0,online_banking,false,159
app_20250127_00000181,2025-01-27 06:12:27,cust_2959490,AUTR,cash_loan,25480,42,692,medium,rejected,0,atm,false,70
app_20250127_00000182,2025-01-27 22:26:06,cust_5275982,AUTR,refinance,181317,180,837,low,approved,181317,branch,true,48
app_20250127_00000183,2025-01-27 12:15:32,cust_2291037,PLWA,business_loan,21900,48,850,low,rejected,0,online_banking,false,55
app_20250127_00000184,2025-01-27 15:02:03,cust_4249297,UKLO,cash_loan,3970,18,580,medium,rejected,0,mobile_app,false,98
app_20250127_00000185,2025-01-27 17:51:51,cust_7616994,CZPR,personal_loan,37038,18,665,medium,approved,37038,mobile_app,true,675
app_20250127_00000186,2025-01-27 10:29:42,cust_818978,PLWA,credit_card,33381,42,593,medium,rejected,0,branch,false,17
app_20250127_00000187,2025-01-27 14:44:22,cust_9163790,UKLO,business_loan,29599,36,751,low,rejected,0,mobile,false,162
app_20250127_00000188,2025-01-27 08:15:39,cust_138431,SESV,credit_card,28576,30,708,low,approved,28576,call_center,true,733
app_20250127_00000189,2025-01-27 15:46:36,cust_4607758,CHBE,refinance,243233,240,678,medium,approved,243233,call_center,true,71
app_20250127_00000190,2025-01-27 07:07:20,cust_1475618,UKLO,business_loan,13859,12,632,medium,rejected,0,branch,false,48
app_20250127_00000191,2025-01-27 02:51:16,cust_6402360,ITMI,credit_card,12540,30,456,high,approved,12540,mobile_app,false,698
app_20250127_00000192,2025-01-27 01:53:10,cust_3002645,CHBE,business_loan,32059,12,593,medium,rejected,0,branch,false,78
app_20250127_00000193,2025-01-27 21:24:32,cust_6263173,FRID,business_loan,29227,12,472,high,rejected,0,atm,true,111
app_20250127_00000194,2025-01-27 05:00:10,cust_2435477,PLWA,refinance,325946,360,606,medium,approved,325946,online_banking,true,627
app_20250127_00000195,2025-01-27 04:13:19,cust_6850588,AUTR,cash_loan,10511,12,689,medium,approved,10511,online_banking,true,504
app_20250127_00000196,2025-01-27 07:21:05,cust_927720,GRRE,cash_loan,1314,30,724,low,approved,1314,mobile,false,288
app_20250127_00000197,2025-01-27 02:40:51,cust_7632126,ESMA,auto_loan,32433,60,573,medium,rejected,0,web,false,22
app_20250127_00000198,2025-01-27 07:10:33,cust_8296887,ESMA,personal_loan,9941,42,567,medium,approved,9941,web,false,781
app_20250127_00000199,2025-01-27 04:27:37,cust_6241989,CHBE,cash_loan,14587,24,847,low,approved,14587,partner,false,461
app_20250127_00000200,2025-01-27 11:43:29,cust_5270384,BENL,auto_loan,24338,72,701,low,approved,24338,online_banking,true,377
app_20250127_00000201,2025-01-27 15:13:24,cust_5585911,PORP,mortgage,213817,180,499,high,approved,213817,online_banking,false,568
app_20250127_00000202,2025-01-27 14:15:18,cust_3741446,PORP,credit_card,45619,12,699,medium,approved,45619,atm,true,175
app_20250127_00000203,2025-01-27 13:05:46,cust_7294827,ITMI,mortgage,72304,360,723,low,approved,72304,online_banking,false,892
app_20250127_00000204,2025-01-27 21:23:45,cust_9536123,CZPR,credit_card,12159,30,739,low,rejected,0,call_center,true,21
app_20250127_00000205,2025-01-27 16:45:12,cust_3880285,AUTR,business_loan,35914,12,714,low,approved,35914,partner,false,867
app_20250127_00000206,2025-01-27 05:01:11,cust_4958563,FRID,auto_loan,35205,36,593,medium,approved,35205,partner,false,620
app_20250127_00000207,2025-01-27 19:25:49,cust_2263348,UKLO,credit_card,24438,42,762,low,approved,24438,partner,false,59
app_20250127_00000208,2025-01-27 07:25:53,cust_1639602,DEHE,education_loan,2524,24,597,medium,approved,2524,mobile_app,true,118
app_20250127_00000209,2025-01-27 23:13:50,cust_3007753,PLWA,mortgage,98904,300,689,medium,rejected,0,web,true,30
app_20250127_00000210,2025-01-27 06:37:52,cust_5377258,AUTR,business_loan,3358,24,682,medium,approved,3358,call_center,false,411
app_20250127_00000211,2025-01-27 21:36:12,cust_2278803,BENL,business_loan,39908,60,495,high,approved,39908,web,true,386
app_20250127_00000212,2025-01-27 20:11:39,cust_6027716,CHBE,personal_loan,15970,24,821,low,approved,15970,web,false,838
app_20250127_00000213,2025-01-27 04:42:35,cust_9452392,ESMA,education_loan,18087,48,499,high,rejected,0,partner,false,77
app_20250127_00000214,2025-01-27 14:03:55,cust_5394300,BENL,auto_loan,49157,48,705,low,approved,49157,mobile,true,429
app_20250127_00000215,2025-01-27 17:49:25,cust_7974085,DEHE,personal_loan,35893,18,627,medium,rejected,0,mobile,false,53
app_20250127_00000216,2025-01-27 15:18:44,cust_1919300,DEHE,auto_loan,26870,72,630,medium,approved,26870,mobile_app,true,766
app_20250127_00000217,2025-01-27 20:21:30,cust_978120,ITMI,personal_loan,48161,42,573,medium,rejected,0,branch,true,33
app_20250127_00000218,2025-01-27 04:13:11,cust_9143207,ESMA,cash_loan,6252,48,810,low,approved,6252,online_banking,false,379
app_20250127_00000219,2025-01-27 08:35:15,cust_9804573,UKLO,mortgage,253027,180,659,medium,approved,253027,partner,true,84
app_20250127_00000220,2025-01-27 22:46:14,cust_266980,ESMA,refinance,191651,300,504,medium,rejected,0,call_center,true,127
app_20250127_00000221,2025-01-27 15:15:10,cust_7178515,ESMA,business_loan,30578,60,637,medium,approved,30578,partner,true,400
app_20250127_00000222,2025-01-27 20:35:33,cust_1012684,PLWA,business_loan,22879,24,584,medium,rejected,0,atm,true,80
app_20250127_00000223,2025-01-27 09:58:28,cust_794868,PORP,credit_card,7835,36,720,low,approved,7835,online_banking,true,192
app_20250127_00000224,2025-01-27 15:27:09,cust_1373864,ITMI,business_loan,4266,60,672,medium,rejected,0,mobile,false,9
app_20250127_00000225,2025-01-27 08:05:34,cust_4796389,AUTR,cash_loan,13131,30,631,medium,approved,13131,atm,false,596
app_20250127_00000226,2025-01-27 06:10:46,cust_4568865,PORP,refinance,165170,360,505,medium,approved,165170,atm,false,582
app_20250127_00000227,2025-01-27 19:43:46,cust_207476,PLWA,mortgage,131703,360,559,medium,approved,131703,mobile_app,true,98
app_20250127_00000228,2025-01-27 10:31:26,cust_5413524,ITMI,business_loan,16389,12,686,medium,rejected,0,web,true,45
app_20250127_00000229,2025-01-27 09:21:55,cust_6359381,ITMI,refinance,456170,180,722,low,rejected,0,branch,false,128
app_20250127_00000230,2025-01-27 08:29:10,cust_8217919,ESMA,education_loan,27543,36,474,high,rejected,0,branch,true,175
app_20250127_00000231,2025-01-27 15:03:21,cust_248208,FRID,education_loan,3246,24,766,low,approved,3246,partner,true,441
app_20250127_00000232,2025-01-27 00:33:06,cust_5759567,PORP,refinance,474083,240,534,medium,rejected,0,branch,true,54
app_20250127_00000233,2025-01-27 23:00:55,cust_8756222,UKLO,education_loan,27215,60,773,low,approved,27215,online_banking,true,198
app_20250127_00000234,2025-01-27 07:57:33,cust_5213126,GRRE,business_loan,39336,36,738,low,approved,39336,branch,true,306
app_20250127_00000235,2025-01-27 15:20:48,cust_9678638,PLWA,credit_card,26401,36,726,low,approved,26401,mobile_app,false,554
app_20250127_00000236,2025-01-27 21:03:42,cust_7307781,FRID,auto_loan,49327,72,752,low,approved,49327,partner,true,836
app_20250127_00000237,2025-01-27 18:49:28,cust_2880591,FRID,mortgage,79547,240,780,low,approved,79547,mobile,false,312
app_20250127_00000238,2025-01-27 12:49:17,cust_2694813,AUTR,refinance,106849,240,674,medium,rejected,0,mobile_app,false,40
app_20250127_00000239,2025-01-27 23:47:27,cust_7507550,NLAM,mortgage,115221,300,661,medium,approved,115221,mobile,true,392
app_20250127_00000240,2025-01-27 18:26:13,cust_723845,DEHE,mortgage,394108,120,685,medium,approved,394108,call_center,false,725
app_20250127_00000241,2025-01-27 21:21:00,cust_1571361,CHBE,cash_loan,13747,48,672,medium,rejected,0,online_banking,false,172
app_20250127_00000242,2025-01-27 16:47:17,cust_7448717,CHBE,credit_card,41248,24,584,medium,rejected,0,atm,false,171
app_20250127_00000243,2025-01-27 04:59:30,cust_8048761,SESV,business_loan,26656,12,586,medium,rejected,0,call_center,true,138
app_20250127_00000244,2025-01-27 23:54:42,cust_8178515,CZPR,auto_loan,19941,48,577,medium,approved,19941,partner,false,174
app_20250127_00000245,2025-01-27 12:00:12,cust_1913687,UKLO,credit_card,47819,48,716,low,approved,47819,online_banking,false,665
app_20250127_00000246,2025-01-27 02:40:43,cust_2894822,DEHE,education_loan,5797,12,588,medium,approved,5797,web,false,296
app_20250127_00000247,2025-01-27 10:52:44,cust_1879862,NLAM,refinance,121255,120,850,low,rejected,0,web,true,150
app_20250127_00000248,2025-01-27 18:39:51,cust_2660905,FRID,credit_card,41309,48,696,medium,rejected,0,call_center,false,81
app_20250127_00000249,2025-01-27 07:13:03,cust_5014000,CHBE,credit_card,33466,36,589,medium,rejected,0,partner,false,83
app_20250127_00000250,2025-01-27 02:53:53,cust_5850407,ITMI,cash_loan,7994,12,676,medium,approved,7994,web,true,664
app_20250127_00000251,2025-01-27 01:12:59,cust_8932441,PORP,cash_loan,18643,48,625,medium,rejected,0,atm,true,119
app_20250127_00000252,2025-01-27 14:30:03,cust_4870018,AUTR,mortgage,245195,180,576,medium,rejected,0,call_center,false,93
app_20250127_00000253,2025-01-27 12:08:39,cust_5957537,CHBE,auto_loan,26071,24,641,medium,approved,26071,atm,true,886
app_20250127_00000254,2025-01-27 05:20:33,cust_4138660,PORP,personal_loan,29582,42,532,medium,approved,29582,atm,false,273
app_20250127_00000255,2025-01-27 06:33:21,cust_1063271,GRRE,credit_card,11840,42,475,high,rejected,0,web,true,68
app_20250127_00000256,2025-01-27 21:46:57,cust_296763,AUTR,refinance,485077,120,660,medium,rejected,0,call_center,false,174
app_20250127_00000257,2025-01-27 10:30:47,cust_4111734,CZPR,auto_loan,58881,72,497,high,rejected,0,partner,false,174
app_20250127_00000258,2025-01-27 17:57:00,cust_9824361,ITMI,business_loan,12621,12,666,medium,rejected,0,partner,false,12
app_20250127_00000259,2025-01-27 00:00:47,cust_2875592,PLWA,business_loan,26179,48,778,low,rejected,0,web,false,41
app_20250127_00000260,2025-01-27 13:10:04,cust_4294299,FRID,auto_loan,37968,48,795,low,approved,37968,call_center,false,456
app_20250127_00000261,2025-01-27 21:21:49,cust_7239490,ATVI,education_loan,32765,60,643,medium,rejected,0,call_center,true,7
app_20250127_00000262,2025-01-27 05:59:39,cust_7522566,BENL,education_loan,11682,36,654,medium,approved,11682,mobile,true,623
app_20250127_00000263,2025-01-27 03:51:14,cust_8750845,CZPR,credit_card,27411,30,710,low,approved,27411,mobile,true,66
app_20250127_00000264,2025-01-27 01:01:02,cust_9579894,ESMA,cash_loan,26743,24,661,medium,rejected,0,call_center,true,160
app_20250127_00000265,2025-01-27 13:49:17,cust_1388972,CZPR,education_loan,6042,60,533,medium,rejected,0,partner,true,35
app_20250127_00000266,2025-01-27 11:00:40,cust_9400487,DEHE,personal_loan,32656,36,688,medium,approved,32656,branch,true,196
app_20250127_00000267,2025-01-27 18:37:57,cust_536748,ATVI,credit_card,16944,12,697,medium,rejected,0,online_banking,false,18
app_20250127_00000268,2025-01-27 00:13:35,cust_4358114,AUTR,auto_loan,27825,60,659,medium,rejected,0,mobile_app,true,20
app_20250127_00000269,2025-01-27 03:37:14,cust_7237714,ESMA,credit_card,34303,48,750,low,approved,34303,mobile,false,73
app_20250127_00000270,2025-01-27 04:23:12,cust_6157864,ESMA,refinance,188898,120,544,medium,approved,188898,partner,true,809
app_20250127_00000271,2025-01-27 10:28:39,cust_3786057,GRRE,business_loan,10476,12,738,low,approved,10476,mobile_app,true,272
app_20250127_00000272,2025-01-27 17:51:46,cust_6494268,PORP,cash_loan,32426,24,526,medium,approved,32426,branch,true,61
app_20250127_00000273,2025-01-27 23:19:23,cust_718974,PORP,education_loan,30649,48,664,medium,approved,30649,atm,true,87
app_20250127_00000274,2025-01-27 20:27:17,cust_6987248,UKLO,credit_card,39735,18,566,medium,approved,39735,atm,true,422
app_20250127_00000275,2025-01-27 11:03:41,cust_7852918,CZPR,credit_card,13079,18,599,medium,approved,13079,branch,true,844
app_20250127_00000276,2025-01-27 21:46:49,cust_5410669,ITMI,business_loan,39471,60,590,medium,rejected,0,mobile,false,73
app_20250127_00000277,2025-01-27 20:27:30,cust_136311,SESV,refinance,361202,300,618,medium,approved,361202,call_center,false,713
app_20250127_00000278,2025-01-27 01:15:50,cust_6926278,DEHE,mortgage,120270,180,740,low,approved,120270,branch,true,443
app_20250127_00000279,2025-01-27 00:42:26,cust_3857360,ITMI,refinance,50338,180,710,low,approved,50338,call_center,false,562
app_20250127_00000280,2025-01-27 19:19:06,cust_5891737,PLWA,credit_card,33755,36,701,low,approved,33755,call_center,true,334
app_20250127_00000281,2025-01-27 14:27:45,cust_7344386,CHBE,cash_loan,24494,36,561,medium,rejected,0,web,true,168
app_20250127_00000282,2025-01-27 00:10:15,cust_8233620,CHBE,credit_card,32011,48,684,medium,rejected,0,web,false,109
app_20250127_00000283,2025-01-27 07:01:00,cust_5891482,ESMA,cash_loan,39593,42,590,medium,approved,39593,online_banking,false,516
app_20250127_00000284,2025-01-27 03:49:27,cust_9768631,BENL,personal_loan,35519,42,607,medium,approved,35519,atm,false,522
app_20250127_00000285,2025-01-27 11:11:11,cust_1576767,ATVI,personal_loan,45648,30,608,medium,rejected,0,partner,false,159
app_20250127_00000286,2025-01-27 13:28:26,cust_6687447,ATVI,credit_card,15057,48,621,medium,approved,15057,mobile,true,556
app_20250127_00000287,2025-01-27 01:50:03,cust_1084243,ESMA,refinance,415321,360,721,low,approved,415321,mobile,true,713
app_20250127_00000288,2025-01-27 10:13:13,cust_7957660,NLAM,business_loan,34212,36,495,high,approved,34212,online_banking,false,519
app_20250127_00000289,2025-01-27 17:39:04,cust_6604962,BENL,business_loan,38498,24,665,medium,approved,38498,partner,true,498
app_20250127_00000290,2025-01-27 08:53:40,cust_7881654,DEHE,personal_loan,14017,36,592,medium,rejected,0,online_banking,false,47
app_20250127_00000291,2025-01-27 19:09:58,cust_5687036,PORP,refinance,369540,120,631,medium,approved,369540,online_banking,false,261
app_20250127_00000292,2025-01-27 12:01:55,cust_6211565,PORP,mortgage,209033,180,750,low,approved,209033,mobile,false,665
app_20250127_00000293,2025-01-27 11:40:22,cust_682583,ESMA,education_loan,17950,60,659,medium,approved,17950,branch,true,657
app_20250127_00000294,2025-01-27 03:19:16,cust_8387155,ESMA,refinance,382662,180,813,low,approved,382662,call_center,true,589
app_20250127_00000295,2025-01-27 18:53:36,cust_1747497,AUTR,education_loan,33277,24,809,low,approved,33277,atm,false,230
app_20250127_00000296,2025-01-27 08:41:25,cust_6018201,SESV,auto_loan,54150,36,675,medium,rejected,0,atm,true,122
app_20250127_00000297,2025-01-27 08:39:53,cust_7838508,CHBE,credit_card,20004,42,575,medium,rejected,0,call_center,true,159
app_20250127_00000298,2025-01-27 08:08:42,cust_3253175,AUTR,credit_card,26000,36,670,medium,rejected,0,call_center,false,67
app_20250127_00000299,2025-01-27 22:00:45,cust_4125275,ESMA,auto_loan,28901,36,708,low,approved,28901,mobile,true,149
app_20250127_00000300,2025-01-27 01:00:02,cust_2421161,UKLO,education_loan,36210,24,499,high,rejected,0,mobile_app,false,28
app_20250127_00000301,2025-01-27 04:02:29,cust_6188448,ESMA,business_loan,32545,48,666,medium,rejected,0,partner,false,8
app_20250127_00000302,2025-01-27 03:03:08,cust_1476102,SESV,education_loan,28003,12,710,low,rejected,0,mobile_app,false,129
app_20250127_00000303,2025-01-27 04:48:11,cust_8730033,ESMA,personal_loan,36722,36,670,medium,rejected,0,partner,true,51
app_20250127_00000304,2025-01-27 22:44:06,cust_3193384,SESV,refinance,483726,240,630,medium,approved,483726,mobile,true,603
app_20250127_00000305,2025-01-27 15:18:42,cust_2384128,AUTR,cash_loan,17755,24,642,medium,approved,17755,web,true,499
app_20250127_00000306,2025-01-27 17:12:37,cust_2214486,FRID,cash_loan,49184,36,763,low,approved,49184,partner,false,247
app_20250127_00000307,2025-01-27 01:41:06,cust_162735,GRRE,mortgage,292636,300,592,medium,rejected,0,partner,false,65
app_20250127_00000308,2025-01-27 17:36:20,cust_1319580,ESMA,education_loan,29106,24,547,medium,rejected,0,branch,false,97
app_20250127_00000309,2025-01-27 06:54:04,cust_3693444,UKLO,mortgage,219668,240,690,medium,approved,219668,branch,true,537
app_20250127_00000310,2025-01-27 15:11:07,cust_2151018,BENL,credit_card,17338,42,795,low,approved,17338,partner,true,285
app_20250127_00000311,2025-01-27 04:21:24,cust_2827457,ITMI,auto_loan,27962,24,656,medium,approved,27962,partner,true,587
app_20250127_00000312,2025-01-27 18:04:00,cust_5995935,SESV,mortgage,368743,360,460,high,rejected,0,online_banking,false,167
app_20250127_00000313,2025-01-27 01:10:25,cust_1643414,AUTR,education_loan,21247,24,661,medium,approved,21247,call_center,true,628
app_20250127_00000314,2025-01-27 23:07:16,cust_7347228,ITMI,credit_card,29243,42,709,low,rejected,0,mobile,false,140
app_20250127_00000315,2025-01-27 06:14:05,cust_6849171,NLAM,cash_loan,33659,36,592,medium,approved,33659,branch,true,360
app_20250127_00000316,2025-01-27 04:12:20,cust_7843281,PLWA,personal_loan,20540,12,827,low,approved,20540,online_banking,true,596
app_20250127_00000317,2025-01-27 02:10:02,cust_2274604,SESV,cash_loan,23556,24,549,medium,rejected,0,mobile,false,54
app_20250127_00000318,2025-01-27 06:16:56,cust_7300977,ESMA,education_loan,29679,12,609,medium,rejected,0,call_center,false,169
app_20250127_00000319,2025-01-27 06:08:17,cust_6905660,GRRE,cash_loan,35062,42,486,high,rejected,0,atm,false,180
app_20250127_00000320,2025-01-27 04:11:00,cust_3612290,BENL,cash_loan,41398,30,603,medium,approved,41398,partner,false,560
app_20250127_00000321,2025-01-27 01:23:39,cust_4524655,FRID,auto_loan,30463,24,718,low,approved,30463,web,true,378
app_20250127_00000322,2025-01-27 00:39:38,cust_6611379,GRRE,auto_loan,7906,48,506,medium,rejected,0,call_center,true,18
app_20250127_00000323,2025-01-27 14:07:49,cust_6342303,ITMI,cash_loan,25290,30,575,medium,rejected,0,mobile_app,false,67
app_20250127_00000324,2025-01-27 14:10:17,cust_6602206,ITMI,cash_loan,8924,48,812,low,approved,8924,call_center,true,667
app_20250127_00000325,2025-01-27 00:23:14,cust_6337157,GRRE,refinance,82311,120,669,medium,approved,82311,atm,true,467
app_20250127_00000326,2025-01-27 22:12:29,cust_1043789,BENL,refinance,280557,180,666,medium,approved,280557,call_center,false,441
app_20250127_00000327,2025-01-27 01:50:27,cust_2451499,UKLO,education_loan,16735,60,735,low,approved,16735,mobile,false,618
app_20250127_00000328,2025-01-27 14:21:15,cust_4685016,PLWA,business_loan,23808,48,754,low,approved,23808,branch,true,200
app_20250127_00000329,2025-01-27 05:12:00,cust_9755572,FRID,cash_loan,34304,42,469,high,rejected,0,branch,true,150
app_20250127_00000330,2025-01-27 21:12:05,cust_4483365,UKLO,credit_card,24156,18,594,medium,rejected,0,mobile,true,11
app_20250127_00000331,2025-01-27 10:59:33,cust_4010456,CHBE,refinance,450324,240,535,medium,rejected,0,mobile,false,91
app_20250127_00000332,2025-01-27 01:41:56,cust_969689,ESMA,education_loan,12598,12,575,medium,rejected,0,call_center,false,136
app_20250127_00000333,2025-01-27 01:49:18,cust_4973379,CHBE,education_loan,37279,12,685,medium,rejected,0,mobile,true,172
app_20250127_00000334,2025-01-27 13:51:05,cust_1259713,ATVI,mortgage,419313,240,687,medium,approved,419313,partner,false,843
app_20250127_00000335,2025-01-27 03:07:40,cust_3597711,ITMI,auto_loan,38118,24,602,medium,approved,38118,mobile,true,769
app_20250127_00000336,2025-01-27 19:29:15,cust_1643190,FRID,education_loan,31430,36,697,medium,rejected,0,mobile_app,false,145
app_20250127_00000337,2025-01-27 04:15:56,cust_3226307,GRRE,education_loan,17185,36,508,medium,rejected,0,partner,false,112
app_20250127_00000338,2025-01-27 15:08:14,cust_9140816,BENL,refinance,450731,240,521,medium,approved,450731,web,true,501
app_20250127_00000339,2025-01-27 16:31:33,cust_8358408,GRRE,business_loan,34518,24,495,high,rejected,0,mobile,false,89
app_20250127_00000340,2025-01-27 07:15:52,cust_4488001,BENL,cash_loan,29621,30,701,low,approved,29621,call_center,true,108
app_20250127_00000341,2025-01-27 20:23:20,cust_4883949,NLAM,auto_loan,54385,72,606,medium,rejected,0,mobile_app,false,105
app_20250127_00000342,2025-01-27 20:20:08,cust_4866705,CZPR,auto_loan,9887,60,610,medium,approved,9887,online_banking,false,690
app_20250127_00000343,2025-01-27 13:08:35,cust_9892376,NLAM,refinance,122345,180,555,medium,approved,122345,atm,false,499
app_20250127_00000344,2025-01-27 14:25:13,cust_7038659,SESV,education_loan,31324,36,698,medium,approved,31324,online_banking,true,239
app_20250127_00000345,2025-01-27 01:15:11,cust_2494091,NLAM,refinance,315590,300,619,medium,rejected,0,web,true,21
app_20250127_00000346,2025-01-27 18:22:29,cust_3169680,ITMI,education_loan,26011,36,651,medium,approved,26011,atm,true,98
app_20250127_00000347,2025-01-27 11:47:46,cust_7565548,ITMI,auto_loan,22006,36,640,medium,approved,22006,online_banking,false,552
app_20250127_00000348,2025-01-27 02:57:31,cust_2626239,ESMA,education_loan,27658,36,678,medium,approved,27658,branch,false,873
app_20250127_00000349,2025-01-27 13:44:48,cust_1853411,CHBE,auto_loan,15963,60,623,medium,rejected,0,atm,true,38
app_20250127_00000350,2025-01-27 22:40:40,cust_8209618,DEHE,personal_loan,39699,18,684,medium,approved,39699,mobile,false,453
app_20250127_00000351,2025-01-27 14:20:44,cust_5805388,GRRE,personal_loan,41204,42,678,medium,approved,41204,online_banking,true,739
app_20250127_00000352,2025-01-27 23:53:38,cust_9929162,ATVI,cash_loan,11590,48,738,low,approved,11590,partner,false,358
app_20250127_00000353,2025-01-27 20:04:21,cust_4474301,SESV,mortgage,376276,120,684,medium,rejected,0,call_center,false,64
app_20250127_00000354,2025-01-27 14:53:42,cust_5207696,PORP,auto_loan,15309,60,584,medium,approved,15309,mobile_app,false,630
app_20250127_00000355,2025-01-27 04:04:32,cust_7349473,PORP,education_loan,4848,48,582,medium,approved,4848,mobile_app,false,378
app_20250127_00000356,2025-01-27 23:53:33,cust_6735532,ESMA,auto_loan,55181,48,514,medium,rejected,0,mobile_app,true,134
app_20250127_00000357,2025-01-27 15:38:11,cust_1738104,NLAM,cash_loan,13509,12,461,high,rejected,0,branch,true,44
app_20250127_00000358,2025-01-27 16:55:45,cust_1676124,PORP,business_loan,33706,48,750,low,approved,33706,call_center,false,150
app_20250127_00000359,2025-01-27 06:43:21,cust_3068786,ATVI,personal_loan,19372,48,794,low,approved,19372,branch,true,111
app_20250127_00000360,2025-01-27 22:15:39,cust_3363435,PLWA,personal_loan,12967,18,786,low,approved,12967,mobile_app,false,555
app_20250127_00000361,2025-01-27 01:56:35,cust_452032,NLAM,refinance,286280,120,557,medium,approved,286280,atm,false,531
app_20250127_00000362,2025-01-27 15:11:40,cust_623247,FRID,personal_loan,31477,48,643,medium,rejected,0,web,true,70
app_20250127_00000363,2025-01-27 23:18:12,cust_3820334,ITMI,credit_card,32184,36,720,low,rejected,0,web,true,79
app_20250127_00000364,2025-01-27 10:01:43,cust_4380232,DEHE,mortgage,55622,300,850,low,approved,55622,partner,false,275
app_20250127_00000365,2025-01-27 12:09:42,cust_9094375,CHBE,personal_loan,14319,18,696,medium,approved,14319,mobile,false,137
app_20250127_00000366,2025-01-27 19:27:58,cust_4542257,UKLO,mortgage,301988,360,752,low,approved,301988,online_banking,true,877
app_20250127_00000367,2025-01-27 06:35:59,cust_986160,DEHE,refinance,286880,360,448,high,rejected,0,call_center,true,111
app_20250127_00000368,2025-01-27 18:00:56,cust_1154315,FRID,cash_loan,40219,12,463,high,approved,40219,mobile,true,536
app_20250127_00000369,2025-01-27 01:28:52,cust_9835877,AUTR,cash_loan,5561,42,597,medium,rejected,0,atm,false,140
app_20250127_00000370,2025-01-27 07:08:03,cust_9858936,AUTR,cash_loan,23395,24,788,low,rejected,0,mobile,false,148
app_20250127_00000371,2025-01-27 12:52:32,cust_9172444,ITMI,mortgage,70352,180,586,medium,approved,70352,web,false,601
app_20250127_00000372,2025-01-27 21:48:10,cust_6143430,SESV,refinance,127240,120,637,medium,approved,127240,call_center,true,128
app_20250127_00000373,2025-01-27 06:07:32,cust_1280365,BENL,education_loan,23142,48,689,medium,rejected,0,web,true,180
app_20250127_00000374,2025-01-27 13:40:02,cust_1266785,SESV,credit_card,19458,24,734,low,approved,19458,mobile_app,true,819
app_20250127_00000375,2025-01-27 13:16:55,cust_2328788,GRRE,cash_loan,29948,12,609,medium,approved,29948,atm,true,321
app_20250127_00000376,2025-01-27 12:45:16,cust_1629924,ESMA,mortgage,408669,240,602,medium,rejected,0,mobile,true,82
app_20250127_00000377,2025-01-27 04:35:26,cust_5752910,PLWA,auto_loan,34827,60,702,low,approved,34827,atm,true,502
app_20250127_00000378,2025-01-27 15:45:21,cust_4096292,PORP,education_loan,24090,48,658,medium,rejected,0,web,true,168
app_20250127_00000379,2025-01-27 00:42:26,cust_9451539,ATVI,auto_loan,10332,72,593,medium,approved,10332,mobile,true,734
app_20250127_00000380,2025-01-27 02:18:12,cust_8723993,PLWA,education_loan,13990,48,807,low,rejected,0,atm,false,154
app_20250127_00000381,2025-01-27 13:27:08,cust_9404330,PLWA,refinance,201054,180,575,medium,approved,201054,mobile,false,61
app_20250127_00000382,2025-01-27 13:56:58,cust_5825526,CZPR,auto_loan,55008,72,850,low,approved,55008,web,true,878
app_20250127_00000383,2025-01-27 14:28:52,cust_2201564,GRRE,business_loan,7248,24,756,low,approved,7248,atm,false,450
app_20250127_00000384,2025-01-27 01:42:54,cust_307932,SESV,personal_loan,10229,36,683,medium,rejected,0,atm,false,116
app_20250127_00000385,2025-01-27 04:31:44,cust_303884,CZPR,credit_card,47383,42,793,low,approved,47383,atm,false,389
app_20250127_00000386,2025-01-27 16:44:30,cust_3410253,GRRE,personal_loan,36343,24,662,medium,approved,36343,atm,false,42
app_20250127_00000387,2025-01-27 17:06:22,cust_3960911,CZPR,auto_loan,16042,24,711,low,approved,16042,atm,false,173
app_20250127_00000388,2025-01-27 12:21:10,cust_3979626,NLAM,business_loan,32410,24,477,high,approved,32410,web,false,77
app_20250127_00000389,2025-01-27 04:51:46,cust_9030871,GRRE,business_loan,10065,24,648,medium,approved,10065,partner,true,589
app_20250127_00000390,2025-01-27 21:07:06,cust_7586135,CHBE,mortgage,374093,240,605,medium,approved,374093,mobile,false,254
app_20250127_00000391,2025-01-27 17:58:24,cust_1413443,AUTR,auto_loan,52409,72,653,medium,approved,52409,mobile,true,330
app_20250127_00000392,2025-01-27 07:17:34,cust_5465112,BENL,credit_card,36905,42,806,low,approved,36905,partner,false,417
app_20250127_00000393,2025-01-27 18:39:08,cust_6377468,FRID,auto_loan,47144,72,564,medium,rejected,0,mobile_app,true,86
app_20250127_00000394,2025-01-27 13:03:17,cust_5981604,AUTR,credit_card,30009,42,627,medium,approved,30009,branch,false,551
app_20250127_00000395,2025-01-27 08:37:27,cust_4697998,CZPR,auto_loan,18059,72,748,low,approved,18059,mobile,false,135
app_20250127_00000396,2025-01-27 03:28:33,cust_508979,DEHE,cash_loan,30643,36,777,low,approved,30643,mobile_app,true,239
app_20250127_00000397,2025-01-27 21:20:18,cust_1210866,DEHE,education_loan,3646,48,671,medium,approved,3646,online_banking,true,272
app_20250127_00000398,2025-01-27 13:22:21,cust_3228262,BENL,education_loan,29260,36,692,medium,approved,29260,online_banking,false,597
app_20250127_00000399,2025-01-27 17:07:10,cust_206881,ATVI,education_loan,31649,24,690,medium,approved,31649,branch,false,229
app_20250127_00000400,2025-01-27 11:25:50,cust_5046219,PORP,business_loan,29429,48,596,medium,approved,29429,web,false,135
app_20250127_00000401,2025-01-27 02:29:23,cust_5272442,ATVI,cash_loan,8637,12,682,medium,approved,8637,branch,false,373
app_20250127_00000402,2025-01-27 08:28:50,cust_8401133,NLAM,personal_loan,23077,30,724,low,approved,23077,atm,true,298
app_20250127_00000403,2025-01-27 15:26:51,cust_1941708,FRID,education_loan,5672,60,645,medium,approved,5672,partner,false,64
app_20250127_00000404,2025-01-27 20:40:49,cust_9371200,CZPR,credit_card,14728,36,669,medium,approved,14728,web,true,703
app_20250127_00000405,2025-01-27 23:11:58,cust_4298565,BENL,business_loan,13419,48,685,medium,approved,13419,call_center,true,629
app_20250127_00000406,2025-01-27 23:16:16,cust_6534226,CZPR,personal_loan,39275,12,640,medium,approved,39275,online_banking,true,47
app_20250127_00000407,2025-01-27 13:50:54,cust_6587945,ESMA,personal_loan,39634,36,751,low,approved,39634,mobile_app,false,715
app_20250127_00000408,2025-01-27 14:42:28,cust_2871074,ATVI,refinance,116112,300,695,medium,approved,116112,online_banking,true,345
app_20250127_00000409,2025-01-27 14:09:31,cust_8231009,ITMI,business_loan,36004,48,738,low,approved,36004,partner,true,833
app_20250127_00000410,2025-01-27 11:39:10,cust_3772892,AUTR,credit_card,26157,18,506,medium,approved,26157,partner,true,347
app_20250127_00000411,2025-01-27 03:49:42,cust_2133557,AUTR,credit_card,41044,30,706,low,approved,41044,branch,false,39
app_20250127_00000412,2025-01-27 17:48:35,cust_5975028,ITMI,refinance,381227,240,435,high,rejected,0,atm,false,8
app_20250127_00000413,2025-01-27 03:47:06,cust_907102,SESV,personal_loan,16565,36,710,low,approved,16565,call_center,false,129
app_20250127_00000414,2025-01-27 11:05:14,cust_2049536,GRRE,auto_loan,7321,72,512,medium,rejected,0,call_center,false,143
app_20250127_00000415,2025-01-27 18:40:08,cust_358999,PORP,personal_loan,42653,12,666,medium,approved,42653,atm,true,240
app_20250127_00000416,2025-01-27 01:55:12,cust_2044149,DEHE,business_loan,23282,48,658,medium,approved,23282,call_center,false,183
app_20250127_00000417,2025-01-27 08:42:49,cust_3330182,DEHE,education_loan,25066,60,652,medium,approved,25066,web,true,892
app_20250127_00000418,2025-01-27 01:14:46,cust_8788025,ATVI,personal_loan,9271,12,736,low,approved,9271,online_banking,false,162
app_20250127_00000419,2025-01-27 12:28:13,cust_2373927,PLWA,education_loan,39597,60,681,medium,approved,39597,call_center,false,34
app_20250127_00000420,2025-01-27 19:18:33,cust_1687210,PLWA,credit_card,1006,24,603,medium,approved,1006,online_banking,true,779
app_20250127_00000421,2025-01-27 10:52:11,cust_8661127,CHBE,mortgage,196898,180,332,high,rejected,0,mobile_app,true,148
app_20250127_00000422,2025-01-27 12:16:49,cust_3560326,ATVI,personal_loan,44711,18,838,low,approved,44711,web,false,758
app_20250127_00000423,2025-01-27 16:34:32,cust_819209,FRID,personal_loan,12037,48,527,medium,rejected,0,call_center,true,93
app_20250127_00000424,2025-01-27 06:17:15,cust_2357239,SESV,business_loan,35009,36,751,low,approved,35009,call_center,true,446
app_20250127_00000425,2025-01-27 04:15:28,cust_656861,ESMA,cash_loan,42824,30,696,medium,rejected,0,branch,false,172
app_20250127_00000426,2025-01-27 10:26:43,cust_3811120,ITMI,education_loan,13265,24,612,medium,rejected,0,mobile_app,true,87
app_20250127_00000427,2025-01-27 18:44:40,cust_5002025,PLWA,auto_loan,14491,24,422,high,rejected,0,atm,false,71
app_20250127_00000428,2025-01-27 10:37:56,cust_3011773,FRID,cash_loan,27404,30,658,medium,approved,27404,mobile,false,776
app_20250127_00000429,2025-01-27 03:40:10,cust_3320489,FRID,education_loan,5747,48,705,low,approved,5747,atm,false,469
app_20250127_00000430,2025-01-27 16:27:18,cust_8554482,ITMI,refinance,386888,180,685,medium,rejected,0,branch,false,162
app_20250127_00000431,2025-01-27 08:36:26,cust_8964029,PORP,mortgage,243410,120,589,medium,approved,243410,atm,true,226
app_20250127_00000432,2025-01-27 13:53:57,cust_1503292,UKLO,auto_loan,17575,48,662,medium,approved,17575,mobile,false,842
app_20250127_00000433,2025-01-27 03:27:28,cust_5445207,PORP,personal_loan,10039,18,653,medium,rejected,0,atm,true,101
app_20250127_00000434,2025-01-27 20:08:04,cust_1936581,SESV,mortgage,171502,240,753,low,approved,171502,partner,true,349
app_20250127_00000435,2025-01-27 04:10:27,cust_3095458,GRRE,auto_loan,59526,48,488,high,rejected,0,branch,true,87
app_20250127_00000436,2025-01-27 10:56:29,cust_9007662,UKLO,business_loan,7120,48,666,medium,approved,7120,partner,false,58
app_20250127_00000437,2025-01-27 02:23:27,cust_9249824,PORP,credit_card,14033,24,749,low,approved,14033,atm,false,606
app_20250127_00000438,2025-01-27 12:21:52,cust_9950096,PLWA,personal_loan,46250,24,656,medium,approved,46250,web,false,505
app_20250127_00000439,2025-01-27 04:56:46,cust_812461,ATVI,auto_loan,28916,48,510,medium,rejected,0,mobile_app,true,174
app_20250127_00000440,2025-01-27 12:14:08,cust_9227911,AUTR,refinance,483890,360,691,medium,approved,483890,mobile_app,true,762
app_20250127_00000441,2025-01-27 20:51:07,cust_8106344,PORP,business_loan,34536,12,628,medium,approved,34536,partner,false,342
app_20250127_00000442,2025-01-27 06:20:04,cust_8678721,FRID,education_loan,25303,60,421,high,rejected,0,web,false,138
app_20250127_00000443,2025-01-27 14:30:47,cust_6224644,GRRE,education_loan,26777,24,531,medium,rejected,0,call_center,true,22
app_20250127_00000444,2025-01-27 04:02:35,cust_4651220,PORP,mortgage,253434,120,725,low,approved,253434,web,true,884
app_20250127_00000445,2025-01-27 23:26:15,cust_5303817,PLWA,auto_loan,44333,60,834,low,approved,44333,partner,false,84
app_20250127_00000446,2025-01-27 21:38:24,cust_8124805,BENL,refinance,429113,240,685,medium,approved,429113,mobile_app,false,783
app_20250127_00000447,2025-01-27 11:34:22,cust_3359333,UKLO,business_loan,12102,48,539,medium,rejected,0,call_center,true,87
app_20250127_00000448,2025-01-27 06:33:30,cust_4415886,UKLO,credit_card,44006,42,548,medium,rejected,0,partner,true,78
app_20250127_00000449,2025-01-27 13:19:27,cust_6379189,ATVI,business_loan,35969,48,627,medium,rejected,0,mobile_app,true,27
app_20250127_00000450,2025-01-27 08:32:30,cust_9180984,ESMA,cash_loan,45249,18,558,medium,rejected,0,online_banking,false,74
app_20250127_00000451,2025-01-27 23:07:10,cust_4182198,ATVI,education_loan,5820,48,817,low,approved,5820,online_banking,true,77
app_20250127_00000452,2025-01-27 10:06:17,cust_276753,CHBE,mortgage,84754,360,850,low,approved,84754,web,true,188
app_20250127_00000453,2025-01-27 02:03:06,cust_6927299,PORP,credit_card,46395,12,779,low,approved,46395,atm,true,884
app_20250127_00000454,2025-01-27 16:57:32,cust_4193238,PLWA,education_loan,27645,12,670,medium,approved,27645,call_center,true,778
app_20250127_00000455,2025-01-27 21:36:19,cust_3573261,ATVI,auto_loan,33526,24,665,medium,approved,33526,mobile_app,true,246
app_20250127_00000456,2025-01-27 09:19:19,cust_4487790,PLWA,credit_card,1276,48,652,medium,approved,1276,call_center,false,492
app_20250127_00000457,2025-01-27 18:46:30,cust_5458217,PORP,refinance,370740,300,627,medium,rejected,0,call_center,false,46
app_20250127_00000458,2025-01-27 12:40:39,cust_8912767,CHBE,personal_loan,18511,36,544,medium,approved,18511,atm,true,696
app_20250127_00000459,2025-01-27 09:10:13,cust_5265414,ITMI,personal_loan,48460,12,608,medium,rejected,0,partner,true,62
app_20250127_00000460,2025-01-27 06:50:13,cust_8767327,UKLO,auto_loan,16549,48,665,medium,approved,16549,mobile_app,false,860
app_20250127_00000461,2025-01-27 10:37:56,cust_112944,AUTR,education_loan,29450,48,724,low,approved,29450,branch,true,237
app_20250127_00000462,2025-01-27 05:27:28,cust_1936672,ITMI,auto_loan,58519,24,686,medium,rejected,0,online_banking,false,133
app_20250127_00000463,2025-01-27 12:21:40,cust_8017943,CZPR,credit_card,31308,24,660,medium,rejected,0,online_banking,false,70
app_20250127_00000464,2025-01-27 01:15:27,cust_9905949,ESMA,personal_loan,32799,18,614,medium,rejected,0,atm,true,61
app_20250127_00000465,2025-01-27 18:35:01,cust_1779004,ITMI,refinance,157729,360,640,medium,approved,157729,branch,true,704
app_20250127_00000466,2025-01-27 08:04:22,cust_1430743,GRRE,personal_loan,33241,18,554,medium,rejected,0,mobile_app,true,34
app_20250127_00000467,2025-01-27 09:26:34,cust_179383,CHBE,cash_loan,5040,48,590,medium,rejected,0,partner,false,168
app_20250127_00000468,2025-01-27 19:15:40,cust_1537903,ATVI,business_loan,15016,24,675,medium,rejected,0,partner,true,6
app_20250127_00000469,2025-01-27 21:13:29,cust_3651274,UKLO,credit_card,49996,18,595,medium,approved,49996,web,true,735
app_20250127_00000470,2025-01-27 15:53:09,cust_3067092,NLAM,cash_loan,23764,24,733,low,approved,23764,online_banking,true,251
app_20250127_00000471,2025-01-27 06:03:53,cust_6319315,CHBE,credit_card,10206,12,692,medium,approved,10206,online_banking,false,113
app_20250127_00000472,2025-01-27 04:58:49,cust_8352882,ATVI,personal_loan,20872,18,719,low,approved,20872,online_banking,false,683
app_20250127_00000473,2025-01-27 08:26:43,cust_5174142,ITMI,mortgage,65144,300,479,high,rejected,0,online_banking,false,68
app_20250127_00000474,2025-01-27 10:14:29,cust_657701,PLWA,education_loan,39498,36,668,medium,approved,39498,atm,true,405
app_20250127_00000475,2025-01-27 01:18:10,cust_4002481,PLWA,personal_loan,13564,42,646,medium,approved,13564,mobile,false,541
app_20250127_00000476,2025-01-27 22:42:42,cust_2867069,FRID,auto_loan,15681,72,701,low,approved,15681,mobile,false,32
app_20250127_00000477,2025-01-27 07:28:11,cust_1863838,CZPR,credit_card,43264,36,737,low,approved,43264,mobile_app,false,829
app_20250127_00000478,2025-01-27 09:28:57,cust_5501592,CHBE,education_loan,37346,48,712,low,approved,37346,atm,true,154
app_20250127_00000479,2025-01-27 15:56:43,cust_7634498,BENL,refinance,83090,120,850,low,approved,83090,atm,false,793
app_20250127_00000480,2025-01-27 19:50:11,cust_9091885,ESMA,education_loan,37554,36,732,low,approved,37554,mobile_app,true,528
app_20250127_00000481,2025-01-27 16:55:59,cust_9097793,CZPR,credit_card,26974,42,771,low,approved,26974,atm,true,707
app_20250127_00000482,2025-01-27 17:32:52,cust_5136149,CZPR,cash_loan,4762,36,725,low,approved,4762,mobile,false,326
app_20250127_00000483,2025-01-27 13:54:55,cust_4500020,AUTR,cash_loan,45837,18,542,medium,approved,45837,web,false,518
app_20250127_00000484,2025-01-27 06:26:02,cust_8590416,GRRE,personal_loan,14428,30,570,medium,rejected,0,branch,false,72
app_20250127_00000485,2025-01-27 04:09:28,cust_8561007,GRRE,personal_loan,5584,24,810,low,approved,5584,branch,false,219
app_20250127_00000486,2025-01-27 16:58:35,cust_6453088,UKLO,mortgage,481281,120,622,medium,approved,481281,mobile_app,false,701
app_20250127_00000487,2025-01-27 03:22:11,cust_2411672,ITMI,business_loan,26392,24,839,low,approved,26392,mobile,false,543
app_20250127_00000488,2025-01-27 17:14:57,cust_1607566,CHBE,credit_card,24675,36,703,low,approved,24675,online_banking,true,163
app_20250127_00000489,2025-01-27 02:56:40,cust_4409152,SESV,auto_loan,25227,48,648,medium,rejected,0,branch,false,165
app_20250127_00000490,2025-01-27 01:12:54,cust_3362255,PLWA,personal_loan,37641,30,676,medium,rejected,0,web,false,32
app_20250127_00000491,2025-01-27 20:19:34,cust_925152,ESMA,education_loan,32535,12,662,medium,approved,32535,partner,false,487
app_20250127_00000492,2025-01-27 05:29:46,cust_9799921,FRID,personal_loan,2971,12,635,medium,approved,2971,mobile,true,105
app_20250127_00000493,2025-01-27 00:33:17,cust_4785845,ESMA,cash_loan,10971,30,485,high,rejected,0,atm,false,14
app_20250127_00000494,2025-01-27 01:39:10,cust_3403041,ESMA,personal_loan,40694,18,850,low,approved,40694,mobile_app,true,61
app_20250127_00000495,2025-01-27 06:32:55,cust_1703831,CHBE,personal_loan,18526,48,624,medium,approved,18526,branch,false,287
app_20250127_00000496,2025-01-27 12:41:31,cust_2865547,CHBE,credit_card,42666,36,637,medium,approved,42666,mobile_app,false,535
app_20250127_00000497,2025-01-27 03:37:39,cust_9870157,ATVI,refinance,289785,360,759,low,approved,289785,partner,true,108
app_20250127_00000498,2025-01-27 10:45:03,cust_3187214,UKLO,refinance,80855,120,737,low,approved,80855,partner,true,142
app_20250127_00000499,2025-01-27 01:34:29,cust_6311132,ESMA,auto_loan,10128,72,827,low,approved,10128,partner,true,220
app_20250127_00000500,2025-01-27 22:15:26,cust_7163183,SESV,education_loan,29717,60,708,low,rejected,0,web,true,151
app_20250127_00000501,2025-01-27 01:50:03,cust_9186524,CHBE,education_loan,3062,60,614,medium,approved,3062,atm,false,100
app_20250127_00000502,2025-01-27 12:56:00,cust_939071,ATVI,mortgage,362746,240,675,medium,approved,362746,partner,true,182
app_20250127_00000503,2025-01-27 19:26:10,cust_8131546,ATVI,refinance,321761,180,572,medium,approved,321761,online_banking,false,331
app_20250127_00000504,2025-01-27 19:52:00,cust_7196255,ESMA,refinance,282962,360,603,medium,approved,282962,mobile_app,false,429
app_20250127_00000505,2025-01-27 20:55:17,cust_7670897,GRRE,auto_loan,45112,72,683,medium,approved,45112,mobile,false,471
app_20250127_00000506,2025-01-27 20:52:08,cust_227038,GRRE,auto_loan,30742,36,610,medium,approved,30742,branch,true,202
app_20250127_00000507,2025-01-27 22:52:24,cust_4867426,ATVI,business_loan,38179,60,684,medium,rejected,0,web,true,115
app_20250127_00000508,2025-01-27 13:36:46,cust_2426276,PORP,mortgage,64974,360,518,medium,approved,64974,partner,false,324
app_20250127_00000509,2025-01-27 15:09:40,cust_8849844,ITMI,refinance,63542,360,670,medium,rejected,0,web,true,22
app_20250127_00000510,2025-01-27 09:17:54,cust_6665957,GRRE,refinance,227887,360,719,low,approved,227887,partner,false,776
app_20250127_00000511,2025-01-27 22:52:19,cust_5202078,BENL,personal_loan,14879,30,536,medium,rejected,0,branch,false,136
app_20250127_00000512,2025-01-27 09:00:10,cust_5135876,GRRE,cash_loan,5734,36,611,medium,approved,5734,branch,true,73
app_20250127_00000513,2025-01-27 09:42:10,cust_7849267,ITMI,cash_loan,6615,36,589,medium,rejected,0,call_center,true,24
app_20250127_00000514,2025-01-27 20:50:06,cust_7516288,ITMI,credit_card,49693,36,723,low,approved,49693,call_center,true,88
app_20250127_00000515,2025-01-27 13:25:00,cust_3633587,UKLO,education_loan,29144,60,490,high,rejected,0,online_banking,false,162
app_20250127_00000516,2025-01-27 02:08:48,cust_8530723,SESV,auto_loan,13359,48,765,low,approved,13359,atm,true,562
app_20250127_00000517,2025-01-27 23:00:17,cust_8194226,NLAM,cash_loan,46141,36,678,medium,approved,46141,partner,true,837
app_20250127_00000518,2025-01-27 01:21:30,cust_5908598,ATVI,mortgage,490213,360,553,medium,rejected,0,web,true,95
app_20250127_00000519,2025-01-27 23:06:10,cust_2205329,NLAM,education_loan,27285,60,602,medium,approved,27285,call_center,false,310
app_20250127_00000520,2025-01-27 08:48:03,cust_1400522,CZPR,mortgage,460364,240,756,low,approved,460364,online_banking,false,840
app_20250127_00000521,2025-01-27 05:25:32,cust_8998016,CZPR,personal_loan,2000,42,581,medium,approved,2000,call_center,true,161
app_20250127_00000522,2025-01-27 00:04:28,cust_1620954,GRRE,refinance,410932,300,540,medium,rejected,0,web,false,84
app_20250127_00000523,2025-01-27 16:18:21,cust_4893110,NLAM,credit_card,46600,12,850,low,approved,46600,online_banking,true,412
app_20250127_00000524,2025-01-27 04:17:32,cust_2367269,AUTR,business_loan,26638,60,593,medium,approved,26638,online_banking,false,416
app_20250127_00000525,2025-01-27 03:15:44,cust_5844905,CHBE,auto_loan,7342,24,642,medium,approved,7342,call_center,true,521
app_20250127_00000526,2025-01-27 09:05:25,cust_5200814,CZPR,refinance,212806,180,596,medium,rejected,0,online_banking,true,127
app_20250127_00000527,2025-01-27 10:02:41,cust_8693376,PORP,auto_loan,40159,72,712,low,approved,40159,online_banking,true,552
app_20250127_00000528,2025-01-27 12:03:05,cust_1061128,CHBE,credit_card,31965,36,752,low,approved,31965,mobile,true,453
app_20250127_00000529,2025-01-27 18:58:56,cust_6866546,PORP,cash_loan,4584,30,562,medium,approved,4584,mobile_app,false,497
app_20250127_00000530,2025-01-27 03:02:47,cust_863506,CHBE,refinance,130952,180,636,medium,rejected,0,partner,false,89
app_20250127_00000531,2025-01-27 12:16:39,cust_3590277,DEHE,auto_loan,56796,24,635,medium,approved,56796,mobile_app,true,374
app_20250127_00000532,2025-01-27 04:13:16,cust_6349974,PORP,education_loan,11533,60,614,medium,approved,11533,web,false,750
app_20250127_00000533,2025-01-27 05:44:49,cust_5868497,FRID,business_loan,4969,36,488,high,rejected,0,branch,true,65
app_20250127_00000534,2025-01-27 06:07:50,cust_9430492,PLWA,refinance,397663,300,612,medium,approved,397663,mobile,false,344
app_20250127_00000535,2025-01-27 06:55:15,cust_987933,PORP,business_loan,11822,24,850,low,approved,11822,atm,false,578
app_20250127_00000536,2025-01-27 21:53:43,cust_4648482,ITMI,auto_loan,29668,36,627,medium,approved,29668,online_banking,true,867
app_20250127_00000537,2025-01-27 19:05:58,cust_5835295,FRID,business_loan,17199,48,608,medium,approved,17199,call_center,false,651
app_20250127_00000538,2025-01-27 21:44:32,cust_2921659,FRID,auto_loan,5803,24,512,medium,rejected,0,mobile_app,true,9
app_20250127_00000539,2025-01-27 09:12:19,cust_2732695,CZPR,auto_loan,37596,48,791,low,rejected,0,mobile,false,150
app_20250127_00000540,2025-01-27 16:02:23,cust_4484830,UKLO,education_loan,6103,24,554,medium,approved,6103,call_center,true,437
app_20250127_00000541,2025-01-27 05:11:37,cust_367941,NLAM,auto_loan,22412,36,592,medium,approved,22412,branch,false,232
app_20250127_00000542,2025-01-27 19:40:51,cust_7263554,SESV,mortgage,194988,300,575,medium,approved,194988,partner,false,596
app_20250127_00000543,2025-01-27 20:59:46,cust_8949149,AUTR,auto_loan,17806,36,668,medium,approved,17806,mobile,false,373
app_20250127_00000544,2025-01-27 02:07:54,cust_7188675,ATVI,credit_card,23622,42,424,high,rejected,0,online_banking,false,105
app_20250127_00000545,2025-01-27 21:03:09,cust_2818483,PORP,personal_loan,27381,12,704,low,rejected,0,online_banking,false,5
app_20250127_00000546,2025-01-27 12:54:42,cust_9405378,AUTR,credit_card,5101,12,495,high,rejected,0,web,false,131
app_20250127_00000547,2025-01-27 04:51:58,cust_2336293,NLAM,credit_card,11810,12,632,medium,approved,11810,web,true,842
app_20250127_00000548,2025-01-27 14:10:38,cust_7798956,ATVI,education_loan,29780,12,633,medium,approved,29780,online_banking,false,522
app_20250127_00000549,2025-01-27 09:56:52,cust_4504350,CHBE,cash_loan,38748,48,640,medium,rejected,0,web,true,140
app_20250127_00000550,2025-01-27 15:51:05,cust_5872809,DEHE,cash_loan,30881,30,528,medium,rejected,0,call_center,false,141
app_20250127_00000551,2025-01-27 04:24:19,cust_4866925,CZPR,credit_card,38566,48,816,low,approved,38566,web,false,597
app_20250127_00000552,2025-01-27 04:37:30,cust_8435329,PORP,education_loan,20053,36,480,high,rejected,0,atm,true,83
app_20250127_00000553,2025-01-27 18:45:36,cust_3132706,ESMA,personal_loan,22260,48,611,medium,approved,22260,partner,false,386
app_20250127_00000554,2025-01-27 18:45:20,cust_4246502,ITMI,refinance,386163,300,657,medium,approved,386163,call_center,true,430
app_20250127_00000555,2025-01-27 07:37:31,cust_2668375,GRRE,credit_card,5793,12,751,low,approved,5793,atm,true,361
app_20250127_00000556,2025-01-27 18:45:52,cust_8786858,UKLO,business_loan,15619,60,410,high,rejected,0,mobile_app,true,160
app_20250127_00000557,2025-01-27 15:42:28,cust_2954685,CHBE,mortgage,123588,180,672,medium,approved,123588,atm,true,246
app_20250127_00000558,2025-01-27 15:09:41,cust_9584486,FRID,education_loan,28290,48,543,medium,rejected,0,mobile,true,173
app_20250127_00000559,2025-01-27 06:57:54,cust_8652613,ATVI,cash_loan,12436,12,699,medium,approved,12436,partner,false,509
app_20250127_00000560,2025-01-27 04:36:17,cust_2979444,GRRE,business_loan,28512,24,573,medium,rejected,0,branch,false,70
app_20250127_00000561,2025-01-27 12:11:50,cust_3899300,DEHE,credit_card,16841,48,696,medium,approved,16841,mobile,true,537
app_20250127_00000562,2025-01-27 17:15:21,cust_8407255,PLWA,refinance,269830,240,634,medium,approved,269830,web,true,377
app_20250127_00000563,2025-01-27 22:50:52,cust_1037248,BENL,education_loan,19830,48,620,medium,approved,19830,partner,false,221
app_20250127_00000564,2025-01-27 03:53:00,cust_448126,FRID,mortgage,169441,120,715,low,approved,169441,mobile_app,false,746
app_20250127_00000565,2025-01-27 21:05:33,cust_2949041,ATVI,auto_loan,33494,24,619,medium,approved,33494,web,true,211
app_20250127_00000566,2025-01-27 02:42:02,cust_1378000,PORP,credit_card,23786,36,569,medium,approved,23786,atm,true,644
app_20250127_00000567,2025-01-27 07:39:03,cust_855833,DEHE,credit_card,49851,42,749,low,approved,49851,mobile,false,663
app_20250127_00000568,2025-01-27 12:16:36,cust_5486145,UKLO,auto_loan,7826,72,694,medium,approved,7826,online_banking,true,539
app_20250127_00000569,2025-01-27 16:54:38,cust_2887436,SESV,cash_loan,35254,12,500,medium,rejected,0,branch,false,97
app_20250127_00000570,2025-01-27 18:53:05,cust_5425771,ATVI,mortgage,246271,300,623,medium,rejected,0,branch,true,89
app_20250127_00000571,2025-01-27 14:04:03,cust_202358,CHBE,cash_loan,45635,42,546,medium,approved,45635,branch,false,206
app_20250127_00000572,2025-01-27 19:06:15,cust_3514241,ITMI,cash_loan,11553,36,777,low,approved,11553,partner,false,668
app_20250127_00000573,2025-01-27 12:26:47,cust_7865029,ATVI,education_loan,18144,48,624,medium,approved,18144,web,false,478
app_20250127_00000574,2025-01-27 20:53:51,cust_7944794,BENL,education_loan,3984,24,659,medium,rejected,0,mobile_app,false,50
app_20250127_00000575,2025-01-27 08:02:03,cust_2160669,SESV,mortgage,123956,240,745,low,rejected,0,partner,true,123
app_20250127_00000576,2025-01-27 22:54:54,cust_2557785,UKLO,auto_loan,28608,36,467,high,rejected,0,atm,true,141
app_20250127_00000577,2025-01-27 19:01:32,cust_2363858,UKLO,cash_loan,1090,24,757,low,approved,1090,partner,true,598
app_20250127_00000578,2025-01-27 01:35:08,cust_8775885,ATVI,credit_card,26841,36,830,low,rejected,0,branch,true,162
app_20250127_00000579,2025-01-27 00:24:57,cust_1990100,DEHE,auto_loan,41130,24,603,medium,approved,41130,partner,true,341
app_20250127_00000580,2025-01-27 09:36:12,cust_7663046,PLWA,business_loan,22836,12,704,low,approved,22836,atm,true,86
app_20250127_00000581,2025-01-27 17:41:22,cust_5109801,SESV,cash_loan,15404,30,616,medium,approved,15404,web,true,448
app_20250127_00000582,2025-01-27 04:30:14,cust_633269,CZPR,personal_loan,7314,18,773,low,approved,7314,online_banking,true,658
app_20250127_00000583,2025-01-27 03:20:47,cust_4688043,UKLO,education_loan,32548,60,535,medium,rejected,0,online_banking,false,130
app_20250127_00000584,2025-01-27 14:17:45,cust_9321451,ESMA,business_loan,23043,36,648,medium,approved,23043,mobile,true,882
app_20250127_00000585,2025-01-27 05:23:46,cust_7318852,FRID,education_loan,10783,24,508,medium,approved,10783,web,true,481
app_20250127_00000586,2025-01-27 19:15:48,cust_4044801,GRRE,credit_card,27431,18,772,low,approved,27431,branch,true,520
app_20250127_00000587,2025-01-27 09:25:56,cust_2674632,UKLO,refinance,198148,120,611,medium,approved,198148,call_center,false,624
app_20250127_00000588,2025-01-27 05:52:38,cust_3610869,CZPR,education_loan,4256,12,721,low,approved,4256,web,false,491
app_20250127_00000589,2025-01-27 09:47:02,cust_1860333,AUTR,auto_loan,21078,24,562,medium,rejected,0,call_center,true,103
app_20250127_00000590,2025-01-27 22:44:52,cust_9027669,NLAM,personal_loan,29462,36,514,medium,approved,29462,online_banking,true,796
app_20250127_00000591,2025-01-27 04:02:58,cust_8515145,BENL,business_loan,18725,60,660,medium,approved,18725,branch,false,136
app_20250127_00000592,2025-01-27 13:32:00,cust_3848974,UKLO,mortgage,156724,240,795,low,approved,156724,web,false,273
app_20250127_00000593,2025-01-27 11:36:37,cust_4861437,DEHE,business_loan,2819,12,850,low,approved,2819,web,true,300
app_20250127_00000594,2025-01-27 14:57:24,cust_1572554,ITMI,cash_loan,31759,18,806,low,approved,31759,call_center,true,399
app_20250127_00000595,2025-01-27 15:45:05,cust_5279229,ATVI,business_loan,39018,12,570,medium,approved,39018,mobile,false,665
app_20250127_00000596,2025-01-27 09:48:26,cust_9964504,PLWA,education_loan,23783,24,541,medium,approved,23783,partner,true,801
app_20250127_00000597,2025-01-27 08:40:30,cust_4442445,DEHE,credit_card,42747,48,656,medium,approved,42747,branch,true,267
app_20250127_00000598,2025-01-27 11:42:34,cust_8569044,UKLO,credit_card,24562,42,597,medium,rejected,0,online_banking,true,173
app_20250127_00000599,2025-01-27 22:48:34,cust_6833228,GRRE,education_loan,11577,36,659,medium,approved,11577,online_banking,true,239
app_20250127_00000600,2025-01-27 07:27:32,cust_5702416,GRRE,refinance,266025,360,740,low,approved,266025,partner,false,576
app_20250127_00000601,2025-01-27 20:59:12,cust_2169800,ATVI,cash_loan,28210,18,511,medium,rejected,0,branch,false,61
app_20250127_00000602,2025-01-27 04:26:28,cust_7756040,PLWA,auto_loan,54329,24,730,low,rejected,0,online_banking,true,100
app_20250127_00000603,2025-01-27 23:01:46,cust_4830432,PORP,refinance,458951,120,504,medium,rejected,0,mobile,false,91
app_20250127_00000604,2025-01-27 14:54:43,cust_7234810,PLWA,mortgage,74376,360,807,low,rejected,0,branch,true,146
app_20250127_00000605,2025-01-27 18:04:08,cust_5012602,SESV,refinance,364855,120,627,medium,approved,364855,branch,true,156
app_20250127_00000606,2025-01-27 22:36:00,cust_3995136,UKLO,auto_loan,42538,24,667,medium,approved,42538,call_center,true,43
app_20250127_00000607,2025-01-27 10:23:16,cust_6194986,PORP,auto_loan,50140,48,682,medium,approved,50140,web,false,769
app_20250127_00000608,2025-01-27 16:56:07,cust_3112956,FRID,credit_card,11452,42,709,low,rejected,0,mobile,true,143
app_20250127_00000609,2025-01-27 07:10:18,cust_3833626,NLAM,refinance,424933,360,574,medium,rejected,0,partner,true,136
app_20250127_00000610,2025-01-27 19:30:09,cust_3254562,DEHE,education_loan,20636,12,538,medium,rejected,0,mobile,true,151
app_20250127_00000611,2025-01-27 20:09:26,cust_1078633,ATVI,cash_loan,6786,24,636,medium,approved,6786,web,false,690
app_20250127_00000612,2025-01-27 02:37:14,cust_4030150,PLWA,education_loan,34468,36,728,low,approved,34468,online_banking,true,768
app_20250127_00000613,2025-01-27 15:11:56,cust_7741162,SESV,credit_card,11889,42,794,low,approved,11889,mobile_app,false,433
app_20250127_00000614,2025-01-27 17:40:40,cust_5064971,ITMI,mortgage,252627,120,832,low,approved,252627,online_banking,false,798
app_20250127_00000615,2025-01-27 09:11:42,cust_9291539,BENL,education_loan,29758,60,743,low,rejected,0,atm,true,116
app_20250127_00000616,2025-01-27 18:19:23,cust_8354084,PORP,refinance,413675,300,650,medium,approved,413675,mobile_app,true,407
app_20250127_00000617,2025-01-27 01:50:40,cust_5461234,UKLO,cash_loan,28755,30,647,medium,approved,28755,online_banking,false,207
app_20250127_00000618,2025-01-27 12:04:27,cust_8734684,SESV,mortgage,282758,180,716,low,approved,282758,branch,true,346
app_20250127_00000619,2025-01-27 10:29:37,cust_8858432,CHBE,refinance,262335,240,796,low,approved,262335,online_banking,false,353
app_20250127_00000620,2025-01-27 12:41:04,cust_9843733,AUTR,mortgage,433661,300,786,low,approved,433661,partner,true,603
app_20250127_00000621,2025-01-27 16:59:03,cust_4864154,CZPR,mortgage,272360,240,591,medium,approved,272360,mobile_app,false,348
app_20250127_00000622,2025-01-27 01:00:35,cust_8846435,NLAM,refinance,487645,360,850,low,approved,487645,call_center,true,567
app_20250127_00000623,2025-01-27 16:18:23,cust_1185015,PORP,credit_card,40971,42,533,medium,rejected,0,atm,false,157
app_20250127_00000624,2025-01-27 22:28:58,cust_2221567,BENL,personal_loan,48025,24,612,medium,approved,48025,online_banking,true,126
app_20250127_00000625,2025-01-27 13:55:54,cust_6257489,BENL,cash_loan,14993,12,567,medium,rejected,0,online_banking,false,5
app_20250127_00000626,2025-01-27 02:08:08,cust_1256096,NLAM,credit_card,40344,24,685,medium,approved,40344,mobile_app,true,791
app_20250127_00000627,2025-01-27 10:34:35,cust_4781898,CZPR,business_loan,21927,60,707,low,approved,21927,mobile_app,true,529
app_20250127_00000628,2025-01-27 00:38:47,cust_6473567,NLAM,business_loan,20196,12,611,medium,rejected,0,web,false,15
app_20250127_00000629,2025-01-27 06:55:07,cust_134162,AUTR,cash_loan,21754,48,594,medium,approved,21754,call_center,false,778
app_20250127_00000630,2025-01-27 20:33:04,cust_7135715,FRID,business_loan,11856,60,702,low,approved,11856,atm,false,554
app_20250127_00000631,2025-01-27 03:52:07,cust_2140687,PORP,mortgage,296060,360,664,medium,approved,296060,partner,false,791
app_20250127_00000632,2025-01-27 09:12:58,cust_1156209,SESV,credit_card,18409,12,705,low,approved,18409,mobile,false,95
app_20250127_00000633,2025-01-27 06:19:01,cust_5972120,UKLO,auto_loan,20009,60,810,low,approved,20009,web,true,633
app_20250127_00000634,2025-01-27 01:33:36,cust_2562433,AUTR,education_loan,18572,36,721,low,approved,18572,branch,true,602
app_20250127_00000635,2025-01-27 20:35:07,cust_548520,SESV,credit_card,31022,12,741,low,rejected,0,mobile_app,false,178
app_20250127_00000636,2025-01-27 00:56:32,cust_4075789,DEHE,education_loan,8388,60,847,low,approved,8388,call_center,true,582
app_20250127_00000637,2025-01-27 09:06:44,cust_1659663,CHBE,personal_loan,36699,18,618,medium,approved,36699,mobile_app,true,268
app_20250127_00000638,2025-01-27 16:12:39,cust_5679211,NLAM,personal_loan,1567,12,631,medium,rejected,0,partner,false,47
app_20250127_00000639,2025-01-27 02:48:11,cust_6365373,ESMA,cash_loan,29781,42,779,low,approved,29781,mobile_app,true,706
app_20250127_00000640,2025-01-27 13:49:46,cust_6477018,ESMA,education_loan,4252,60,668,medium,rejected,0,call_center,false,83
app_20250127_00000641,2025-01-27 10:43:15,cust_8587647,FRID,mortgage,190523,300,652,medium,approved,190523,mobile_app,true,750
app_20250127_00000642,2025-01-27 01:05:29,cust_4082098,AUTR,education_loan,30868,24,728,low,approved,30868,mobile,false,411
app_20250127_00000643,2025-01-27 03:30:55,cust_3080824,NLAM,refinance,75539,240,562,medium,rejected,0,branch,false,141
app_20250127_00000644,2025-01-27 15:56:29,cust_7780018,DEHE,mortgage,491594,180,588,medium,approved,491594,partner,false,682
app_20250127_00000645,2025-01-27 18:30:46,cust_9275068,ATVI,mortgage,371817,360,737,low,approved,371817,mobile,false,659
app_20250127_00000646,2025-01-27 23:58:52,cust_3206414,ESMA,refinance,352150,240,537,medium,rejected,0,branch,false,47
app_20250127_00000647,2025-01-27 15:03:16,cust_5740642,PLWA,education_loan,14481,60,528,medium,rejected,0,mobile,true,164
app_20250127_00000648,2025-01-27 02:29:33,cust_4506771,NLAM,personal_loan,14156,36,731,low,approved,14156,web,false,191
app_20250127_00000649,2025-01-27 03:51:33,cust_440961,PORP,education_loan,20823,12,499,high,approved,20823,mobile,true,53
app_20250127_00000650,2025-01-27 10:01:44,cust_437295,GRRE,refinance,458314,360,650,medium,approved,458314,online_banking,false,749
app_20250127_00000651,2025-01-27 15:17:42,cust_4991684,AUTR,refinance,398901,360,549,medium,rejected,0,online_banking,true,45
app_20250127_00000652,2025-01-27 02:50:17,cust_2494802,CZPR,mortgage,56485,120,697,medium,rejected,0,branch,true,98
app_20250127_00000653,2025-01-27 17:13:30,cust_428312,PLWA,refinance,273669,180,622,medium,rejected,0,online_banking,false,96
app_20250127_00000654,2025-01-27 15:55:10,cust_5384919,CZPR,refinance,376028,120,720,low,approved,376028,mobile,false,35
app_20250127_00000655,2025-01-27 19:17:38,cust_6884444,PORP,business_loan,16814,36,686,medium,rejected,0,branch,false,56
app_20250127_00000656,2025-01-27 19:49:38,cust_1398760,CHBE,refinance,98696,180,729,low,approved,98696,online_banking,true,230
app_20250127_00000657,2025-01-27 17:19:53,cust_9442964,CZPR,education_loan,5377,60,639,medium,approved,5377,online_banking,false,51
app_20250127_00000658,2025-01-27 15:00:05,cust_2379331,PORP,education_loan,4896,24,685,medium,approved,4896,mobile,false,356
app_20250127_00000659,2025-01-27 20:04:04,cust_5599405,FRID,mortgage,372375,300,663,medium,approved,372375,online_banking,false,870
app_20250127_00000660,2025-01-27 15:05:36,cust_1015973,CZPR,mortgage,166955,180,622,medium,rejected,0,web,true,154
app_20250127_00000661,2025-01-27 09:12:53,cust_329744,AUTR,education_loan,32135,12,463,high,rejected,0,partner,true,10
app_20250127_00000662,2025-01-27 19:58:34,cust_3666025,CHBE,mortgage,449625,240,588,medium,rejected,0,partner,true,142
app_20250127_00000663,2025-01-27 22:13:59,cust_6848289,FRID,credit_card,28332,18,616,medium,approved,28332,mobile,false,818
app_20250127_00000664,2025-01-27 04:32:35,cust_4757892,PORP,personal_loan,19643,12,753,low,rejected,0,branch,false,59
app_20250127_00000665,2025-01-27 08:51:27,cust_508806,ATVI,mortgage,179811,240,646,medium,rejected,0,web,true,52
app_20250127_00000666,2025-01-27 10:57:21,cust_5245611,CHBE,credit_card,30424,48,664,medium,approved,30424,partner,true,225
app_20250127_00000667,2025-01-27 20:09:54,cust_8063130,ITMI,mortgage,498951,300,746,low,approved,498951,call_center,false,157
app_20250127_00000668,2025-01-27 16:00:05,cust_9019593,DEHE,credit_card,18828,42,731,low,approved,18828,mobile_app,true,449
app_20250127_00000669,2025-01-27 03:17:28,cust_7658565,BENL,education_loan,2249,60,535,medium,rejected,0,call_center,true,52
app_20250127_00000670,2025-01-27 23:29:10,cust_2710286,ITMI,education_loan,2676,24,746,low,approved,2676,mobile_app,false,362
app_20250127_00000671,2025-01-27 15:20:33,cust_4836334,ESMA,cash_loan,12047,24,850,low,approved,12047,mobile,false,754
app_20250127_00000672,2025-01-27 17:34:10,cust_4842892,NLAM,auto_loan,58687,36,803,low,approved,58687,mobile_app,true,572
app_20250127_00000673,2025-01-27 19:11:35,cust_7104292,GRRE,business_loan,22912,12,747,low,approved,22912,mobile_app,true,265
app_20250127_00000674,2025-01-27 12:20:17,cust_1733426,CHBE,mortgage,429433,240,636,medium,rejected,0,mobile_app,false,138
app_20250127_00000675,2025-01-27 00:32:39,cust_1072674,ESMA,auto_loan,46024,60,660,medium,rejected,0,web,false,165
app_20250127_00000676,2025-01-27 08:04:20,cust_525847,UKLO,cash_loan,10264,30,613,medium,approved,10264,mobile,true,97
app_20250127_00000677,2025-01-27 13:00:56,cust_1163891,AUTR,personal_loan,8580,42,795,low,approved,8580,mobile,false,379
app_20250127_00000678,2025-01-27 11:57:35,cust_1009439,GRRE,personal_loan,29824,24,703,low,approved,29824,partner,false,562
app_20250127_00000679,2025-01-27 14:10:23,cust_837880,FRID,mortgage,279876,180,507,medium,rejected,0,atm,false,96
app_20250127_00000680,2025-01-27 04:35:53,cust_7299433,PORP,personal_loan,36619,36,446,high,approved,36619,mobile,false,390
app_20250127_00000681,2025-01-27 21:55:22,cust_883994,NLAM,credit_card,11783,42,850,low,rejected,0,atm,true,93
app_20250127_00000682,2025-01-27 18:13:05,cust_3974370,CHBE,personal_loan,34780,36,579,medium,approved,34780,mobile_app,true,650
app_20250127_00000683,2025-01-27 13:02:20,cust_6569204,PORP,auto_loan,37933,24,818,low,approved,37933,mobile_app,true,419
app_20250127_00000684,2025-01-27 01:02:51,cust_7905209,PORP,mortgage,430095,300,718,low,approved,430095,web,false,149
app_20250127_00000685,2025-01-27 22:37:14,cust_7946158,ATVI,cash_loan,47114,24,439,high,rejected,0,mobile_app,true,19
app_20250127_00000686,2025-01-27 06:42:41,cust_8701994,PLWA,auto_loan,5221,36,739,low,approved,5221,call_center,true,664
app_20250127_00000687,2025-01-27 10:51:11,cust_5924014,CHBE,auto_loan,13565,24,669,medium,approved,13565,mobile_app,false,199
app_20250127_00000688,2025-01-27 17:51:15,cust_1571367,GRRE,auto_loan,20360,48,741,low,approved,20360,mobile,true,690
app_20250127_00000689,2025-01-27 07:56:26,cust_7820397,PORP,refinance,136827,120,737,low,approved,136827,online_banking,true,752
app_20250127_00000690,2025-01-27 07:32:30,cust_171564,GRRE,mortgage,499833,120,696,medium,approved,499833,partner,true,723
app_20250127_00000691,2025-01-27 15:09:03,cust_1160036,FRID,auto_loan,55066,72,635,medium,approved,55066,web,false,189
app_20250127_00000692,2025-01-27 12:41:52,cust_3093620,BENL,auto_loan,59332,36,760,low,approved,59332,mobile,false,712
app_20250127_00000693,2025-01-27 08:36:47,cust_3108119,ESMA,personal_loan,15761,42,552,medium,approved,15761,web,true,103
app_20250127_00000694,2025-01-27 09:51:22,cust_6686559,FRID,mortgage,413883,360,599,medium,rejected,0,partner,false,50
app_20250127_00000695,2025-01-27 23:27:16,cust_3855591,ITMI,refinance,373202,360,577,medium,rejected,0,mobile_app,false,35
app_20250127_00000696,2025-01-27 01:52:35,cust_3925009,ATVI,mortgage,176991,240,684,medium,rejected,0,branch,false,34
app_20250127_00000697,2025-01-27 10:23:42,cust_234032,ITMI,mortgage,240052,180,759,low,approved,240052,branch,true,398
app_20250127_00000698,2025-01-27 06:43:16,cust_3115292,AUTR,refinance,186311,360,580,medium,approved,186311,branch,false,713
app_20250127_00000699,2025-01-27 07:00:47,cust_6728952,DEHE,auto_loan,28124,48,699,medium,approved,28124,mobile,true,459
app_20250127_00000700,2025-01-27 06:31:29,cust_6771296,UKLO,education_loan,18834,60,649,medium,approved,18834,mobile,true,477
app_20250127_00000701,2025-01-27 00:34:58,cust_8832507,NLAM,education_loan,25918,60,850,low,approved,25918,call_center,false,146
app_20250127_00000702,2025-01-27 14:39:37,cust_7874659,DEHE,auto_loan,44041,24,724,low,approved,44041,branch,false,357
app_20250127_00000703,2025-01-27 06:15:19,cust_2114719,CZPR,personal_loan,42297,42,497,high,rejected,0,partner,true,116
app_20250127_00000704,2025-01-27 16:59:49,cust_5459105,ESMA,business_loan,21084,60,734,low,approved,21084,online_banking,false,376
app_20250127_00000705,2025-01-27 02:39:19,cust_7301615,PORP,credit_card,44352,30,657,medium,approved,44352,branch,false,629
app_20250127_00000706,2025-01-27 09:15:40,cust_6947723,AUTR,business_loan,18459,12,767,low,approved,18459,mobile,false,885
app_20250127_00000707,2025-01-27 11:50:02,cust_1819817,AUTR,mortgage,107509,300,601,medium,rejected,0,call_center,false,42
app_20250127_00000708,2025-01-27 14:41:48,cust_6981192,ITMI,personal_loan,38701,48,757,low,rejected,0,mobile_app,true,132
app_20250127_00000709,2025-01-27 05:26:54,cust_1077820,DEHE,personal_loan,22994,24,579,medium,approved,22994,web,true,64
app_20250127_00000710,2025-01-27 00:05:38,cust_2646574,UKLO,refinance,65101,360,424,high,rejected,0,mobile,false,51
app_20250127_00000711,2025-01-27 15:48:31,cust_7377721,NLAM,credit_card,24679,18,815,low,rejected,0,atm,false,145
app_20250127_00000712,2025-01-27 04:49:50,cust_7094978,UKLO,auto_loan,12988,60,797,low,approved,12988,mobile,false,390
app_20250127_00000713,2025-01-27 05:07:23,cust_8195430,PLWA,business_loan,32901,24,621,medium,approved,32901,partner,true,459
app_20250127_00000714,2025-01-27 01:55:16,cust_445059,ESMA,education_loan,31758,60,482,high,approved,31758,call_center,false,884
app_20250127_00000715,2025-01-27 05:09:52,cust_5413793,PLWA,refinance,401388,300,665,medium,rejected,0,web,false,174
app_20250127_00000716,2025-01-27 04:27:36,cust_2682781,UKLO,business_loan,17725,60,712,low,approved,17725,partner,false,328
app_20250127_00000717,2025-01-27 13:07:06,cust_945683,CZPR,cash_loan,20494,12,514,medium,approved,20494,mobile,true,813
app_20250127_00000718,2025-01-27 14:08:41,cust_4482319,ITMI,personal_loan,48096,12,564,medium,rejected,0,web,true,95
app_20250127_00000719,2025-01-27 18:52:49,cust_6513591,CZPR,education_loan,34051,36,691,medium,rejected,0,online_banking,false,71
app_20250127_00000720,2025-01-27 08:50:51,cust_5507540,PLWA,auto_loan,51630,72,746,low,approved,51630,call_center,true,627
app_20250127_00000721,2025-01-27 20:17:33,cust_6505825,PORP,cash_loan,3729,18,668,medium,approved,3729,mobile,false,58
app_20250127_00000722,2025-01-27 16:10:23,cust_3282423,GRRE,education_loan,5851,36,586,medium,approved,5851,call_center,true,868
app_20250127_00000723,2025-01-27 18:20:21,cust_3887872,FRID,credit_card,31379,30,769,low,approved,31379,web,false,343
app_20250127_00000724,2025-01-27 19:30:17,cust_7093556,ITMI,cash_loan,21051,36,696,medium,approved,21051,atm,true,262
app_20250127_00000725,2025-01-27 20:45:40,cust_6304908,SESV,cash_loan,36084,24,646,medium,approved,36084,branch,false,695
app_20250127_00000726,2025-01-27 02:15:48,cust_8297674,DEHE,education_loan,7713,12,597,medium,rejected,0,mobile,true,139
app_20250127_00000727,2025-01-27 05:31:55,cust_4512176,GRRE,credit_card,47582,30,713,low,approved,47582,atm,true,281
app_20250127_00000728,2025-01-27 06:41:57,cust_6024443,ITMI,cash_loan,27351,12,681,medium,approved,27351,partner,false,205
app_20250127_00000729,2025-01-27 14:24:26,cust_6573148,PLWA,education_loan,16156,24,520,medium,rejected,0,call_center,false,107
app_20250127_00000730,2025-01-27 06:04:12,cust_1656507,CHBE,credit_card,17063,42,601,medium,approved,17063,web,false,796
app_20250127_00000731,2025-01-27 00:53:11,cust_2962299,NLAM,personal_loan,7447,42,698,medium,approved,7447,online_banking,false,283
app_20250127_00000732,2025-01-27 22:37:29,cust_6931227,DEHE,mortgage,368594,120,632,medium,approved,368594,mobile,false,277
app_20250127_00000733,2025-01-27 04:34:43,cust_6307462,NLAM,education_loan,13558,36,648,medium,rejected,0,branch,true,59
app_20250127_00000734,2025-01-27 00:31:55,cust_5524711,GRRE,education_loan,2399,36,662,medium,approved,2399,mobile_app,true,112
app_20250127_00000735,2025-01-27 18:18:16,cust_9237900,ATVI,auto_loan,53588,48,611,medium,approved,53588,atm,false,183
app_20250127_00000736,2025-01-27 20:50:58,cust_2864259,PLWA,credit_card,48280,36,655,medium,approved,48280,online_banking,false,246
app_20250127_00000737,2025-01-27 12:28:32,cust_3596157,UKLO,cash_loan,36648,12,622,medium,approved,36648,branch,false,172
app_20250127_00000738,2025-01-27 11:12:55,cust_6844022,ATVI,refinance,329103,120,792,low,approved,329103,call_center,true,827
app_20250127_00000739,2025-01-27 21:30:34,cust_448740,GRRE,personal_loan,23101,24,706,low,approved,23101,call_center,false,470
app_20250127_00000740,2025-01-27 04:28:00,cust_6722641,ITMI,education_loan,35876,24,487,high,approved,35876,online_banking,false,296
app_20250127_00000741,2025-01-27 10:14:42,cust_2455923,ITMI,mortgage,121114,180,652,medium,approved,121114,atm,true,357
app_20250127_00000742,2025-01-27 12:02:24,cust_9754223,ATVI,refinance,51624,180,513,medium,approved,51624,web,true,800
app_20250127_00000743,2025-01-27 06:39:38,cust_5787558,CZPR,credit_card,26455,42,618,medium,rejected,0,online_banking,false,116
app_20250127_00000744,2025-01-27 19:26:28,cust_9762594,PORP,mortgage,234548,120,729,low,approved,234548,online_banking,true,894
app_20250127_00000745,2025-01-27 07:02:21,cust_774710,NLAM,auto_loan,51459,60,814,low,approved,51459,mobile,true,686
app_20250127_00000746,2025-01-27 01:45:20,cust_8834094,GRRE,cash_loan,33934,30,607,medium,approved,33934,call_center,false,167
app_20250127_00000747,2025-01-27 09:21:57,cust_1949266,FRID,auto_loan,23024,36,623,medium,approved,23024,mobile_app,false,777
app_20250127_00000748,2025-01-27 21:15:02,cust_1865147,ESMA,personal_loan,31242,48,703,low,approved,31242,atm,false,593
app_20250127_00000749,2025-01-27 15:39:54,cust_7168053,AUTR,business_loan,6315,12,666,medium,approved,6315,branch,true,83
app_20250127_00000750,2025-01-27 23:08:07,cust_9742485,DEHE,education_loan,10731,24,718,low,approved,10731,mobile,false,34
app_20250127_00000751,2025-01-27 03:45:11,cust_7424633,ATVI,auto_loan,53302,36,540,medium,approved,53302,online_banking,true,413
app_20250127_00000752,2025-01-27 11:17:34,cust_5553849,DEHE,education_loan,25948,36,623,medium,rejected,0,branch,false,33
app_20250127_00000753,2025-01-27 04:32:36,cust_3721272,ATVI,personal_loan,23466,36,687,medium,rejected,0,branch,false,29
app_20250127_00000754,2025-01-27 02:59:11,cust_4128541,CHBE,cash_loan,29363,12,688,medium,rejected,0,mobile,false,82
app_20250127_00000755,2025-01-27 05:50:56,cust_1931947,CZPR,mortgage,249428,300,711,low,approved,249428,partner,true,598
app_20250127_00000756,2025-01-27 17:38:11,cust_671095,NLAM,business_loan,2489,24,649,medium,approved,2489,partner,false,785
app_20250127_00000757,2025-01-27 17:58:06,cust_1299884,ESMA,mortgage,187958,180,568,medium,approved,187958,partner,true,114
app_20250127_00000758,2025-01-27 11:04:06,cust_8385814,GRRE,auto_loan,7264,24,563,medium,approved,7264,web,true,768
app_20250127_00000759,2025-01-27 11:27:15,cust_7754614,AUTR,credit_card,14833,48,706,low,rejected,0,call_center,true,62
app_20250127_00000760,2025-01-27 19:10:28,cust_2085327,GRRE,refinance,259553,120,774,low,approved,259553,call_center,true,683
app_20250127_00000761,2025-01-27 01:03:45,cust_4186167,ATVI,business_loan,39270,12,670,medium,approved,39270,mobile_app,false,416
app_20250127_00000762,2025-01-27 05:39:28,cust_3862809,GRRE,mortgage,468533,360,577,medium,rejected,0,call_center,false,121
app_20250127_00000763,2025-01-27 00:42:13,cust_4648937,NLAM,auto_loan,9609,36,644,medium,approved,9609,web,true,135
app_20250127_00000764,2025-01-27 08:03:37,cust_2454479,UKLO,refinance,216578,240,650,medium,approved,216578,atm,true,457
app_20250127_00000765,2025-01-27 17:24:33,cust_2509130,UKLO,refinance,85103,300,789,low,approved,85103,online_banking,true,409
app_20250127_00000766,2025-01-27 22:44:06,cust_8733545,GRRE,business_loan,6406,60,645,medium,rejected,0,branch,false,135
app_20250127_00000767,2025-01-27 13:56:44,cust_8517213,DEHE,credit_card,47514,36,538,medium,rejected,0,web,true,145
app_20250127_00000768,2025-01-27 09:17:05,cust_5269526,ITMI,mortgage,210425,300,730,low,approved,210425,mobile_app,false,520
app_20250127_00000769,2025-01-27 23:14:07,cust_3211136,PORP,refinance,240315,360,758,low,approved,240315,mobile_app,true,509
app_20250127_00000770,2025-01-27 05:25:25,cust_2038874,FRID,refinance,259848,240,590,medium,rejected,0,call_center,true,141
app_20250127_00000771,2025-01-27 07:08:30,cust_9686254,GRRE,cash_loan,40303,18,782,low,approved,40303,branch,true,827
app_20250127_00000772,2025-01-27 00:04:09,cust_2321919,NLAM,education_loan,14466,36,674,medium,approved,14466,web,false,750
app_20250127_00000773,2025-01-27 15:11:58,cust_4391008,ITMI,refinance,335779,120,580,medium,rejected,0,atm,false,104
app_20250127_00000774,2025-01-27 13:04:22,cust_2734576,AUTR,education_loan,33747,24,654,medium,approved,33747,branch,true,95
app_20250127_00000775,2025-01-27 09:58:20,cust_4724275,DEHE,mortgage,98323,120,676,medium,approved,98323,mobile,true,579
app_20250127_00000776,2025-01-27 02:13:40,cust_973976,ATVI,personal_loan,37940,42,490,high,rejected,0,call_center,true,129
app_20250127_00000777,2025-01-27 07:43:14,cust_1421090,ATVI,cash_loan,4112,30,772,low,approved,4112,online_banking,false,897
app_20250127_00000778,2025-01-27 01:22:30,cust_5571443,AUTR,cash_loan,19672,30,565,medium,approved,19672,atm,true,579
app_20250127_00000779,2025-01-27 00:22:57,cust_2713457,DEHE,refinance,126418,240,692,medium,approved,126418,call_center,false,605
app_20250127_00000780,2025-01-27 20:34:47,cust_8133443,AUTR,credit_card,39434,42,563,medium,approved,39434,call_center,true,661
app_20250127_00000781,2025-01-27 01:37:35,cust_2850832,ESMA,mortgage,443882,180,662,medium,approved,443882,mobile_app,true,601
app_20250127_00000782,2025-01-27 00:33:19,cust_2866334,UKLO,business_loan,32843,48,656,medium,rejected,0,mobile,false,135
app_20250127_00000783,2025-01-27 18:08:39,cust_7927677,GRRE,education_loan,35477,12,546,medium,approved,35477,web,true,43
app_20250127_00000784,2025-01-27 02:14:34,cust_2343507,FRID,refinance,414406,120,649,medium,approved,414406,online_banking,false,591
app_20250127_00000785,2025-01-27 12:00:52,cust_6110017,AUTR,credit_card,17683,12,444,high,rejected,0,branch,false,170
app_20250127_00000786,2025-01-27 23:02:57,cust_8395735,CHBE,education_loan,39401,24,684,medium,approved,39401,online_banking,false,430
app_20250127_00000787,2025-01-27 17:26:58,cust_7082902,NLAM,auto_loan,19974,24,804,low,approved,19974,online_banking,true,315
app_20250127_00000788,2025-01-27 11:32:24,cust_6467885,BENL,business_loan,15742,24,821,low,approved,15742,mobile,true,419
app_20250127_00000789,2025-01-27 04:41:56,cust_5069183,SESV,credit_card,18148,24,733,low,approved,18148,web,true,676
app_20250127_00000790,2025-01-27 15:10:09,cust_3661787,AUTR,refinance,412451,180,645,medium,approved,412451,partner,true,666
app_20250127_00000791,2025-01-27 07:59:07,cust_3795324,UKLO,personal_loan,13054,42,719,low,rejected,0,online_banking,true,78
app_20250127_00000792,2025-01-27 21:51:54,cust_564075,NLAM,refinance,296630,180,773,low,approved,296630,partner,false,554
app_20250127_00000793,2025-01-27 14:49:58,cust_4323479,SESV,business_loan,5398,60,750,low,rejected,0,mobile,true,180
app_20250127_00000794,2025-01-27 18:38:18,cust_4720976,GRRE,auto_loan,15485,36,769,low,approved,15485,partner,true,891
app_20250127_00000795,2025-01-27 22:15:40,cust_4369110,NLAM,mortgage,499826,240,646,medium,approved,499826,mobile,false,743
app_20250127_00000796,2025-01-27 23:39:21,cust_4828071,ESMA,education_loan,33388,48,468,high,rejected,0,atm,false,94
app_20250127_00000797,2025-01-27 14:25:45,cust_572975,SESV,credit_card,36680,36,607,medium,rejected,0,call_center,true,37
app_20250127_00000798,2025-01-27 03:07:44,cust_1448318,ATVI,mortgage,385504,120,669,medium,approved,385504,mobile,false,757
app_20250127_00000799,2025-01-27 19:50:38,cust_8853685,GRRE,business_loan,32805,60,789,low,approved,32805,branch,true,659
app_20250127_00000800,2025-01-27 18:05:19,cust_9414688,GRRE,mortgage,418980,360,759,low,rejected,0,web,false,124
app_20250127_00000801,2025-01-27 12:42:33,cust_8553205,ATVI,business_loan,22593,60,817,low,approved,22593,call_center,true,391
app_20250127_00000802,2025-01-27 14:53:09,cust_3110946,AUTR,auto_loan,10978,72,633,medium,rejected,0,online_banking,true,136
app_20250127_00000803,2025-01-27 12:46:28,cust_8496882,CZPR,personal_loan,32204,36,716,low,approved,32204,mobile,false,80
app_20250127_00000804,2025-01-27 12:39:31,cust_8080077,SESV,cash_loan,43597,24,654,medium,rejected,0,branch,false,53
app_20250127_00000805,2025-01-27 01:40:16,cust_2842579,ATVI,personal_loan,19818,36,710,low,approved,19818,mobile,true,214
app_20250127_00000806,2025-01-27 14:26:19,cust_4781072,AUTR,personal_loan,25077,36,636,medium,approved,25077,atm,false,808
app_20250127_00000807,2025-01-27 09:56:31,cust_1748053,FRID,cash_loan,16495,24,611,medium,approved,16495,partner,true,570
app_20250127_00000808,2025-01-27 11:46:59,cust_2343289,FRID,cash_loan,22217,24,731,low,approved,22217,atm,false,388
app_20250127_00000809,2025-01-27 04:08:55,cust_6101621,DEHE,auto_loan,54692,24,494,high,rejected,0,branch,true,178
app_20250127_00000810,2025-01-27 09:15:38,cust_905904,ITMI,education_loan,3501,24,673,medium,rejected,0,call_center,false,179
app_20250127_00000811,2025-01-27 13:28:45,cust_5448919,FRID,refinance,479809,180,537,medium,approved,479809,call_center,true,205
app_20250127_00000812,2025-01-27 17:17:52,cust_9606107,ATVI,education_loan,32927,24,690,medium,approved,32927,call_center,true,143
app_20250127_00000813,2025-01-27 16:48:40,cust_782298,NLAM,refinance,194002,360,558,medium,rejected,0,mobile_app,true,83
app_20250127_00000814,2025-01-27 09:02:54,cust_1376049,BENL,business_loan,24162,36,647,medium,approved,24162,atm,true,269
app_20250127_00000815,2025-01-27 03:42:48,cust_1688611,GRRE,personal_loan,13160,48,763,low,approved,13160,mobile_app,true,706
app_20250127_00000816,2025-01-27 11:59:30,cust_3291208,ITMI,education_loan,37336,12,698,medium,approved,37336,atm,true,544
app_20250127_00000817,2025-01-27 18:46:13,cust_6282489,PORP,cash_loan,12998,18,647,medium,rejected,0,mobile,true,82
app_20250127_00000818,2025-01-27 05:01:18,cust_9626404,PORP,credit_card,40567,48,622,medium,approved,40567,call_center,false,772
app_20250127_00000819,2025-01-27 06:10:00,cust_9025875,ATVI,personal_loan,8059,48,757,low,approved,8059,atm,false,545
app_20250127_00000820,2025-01-27 15:30:40,cust_8736938,CZPR,refinance,413780,180,605,medium,approved,413780,atm,true,73
app_20250127_00000821,2025-01-27 20:03:27,cust_2533346,GRRE,education_loan,26680,36,697,medium,approved,26680,atm,false,755
app_20250127_00000822,2025-01-27 00:41:44,cust_5969744,PLWA,auto_loan,39298,60,602,medium,rejected,0,web,true,169
app_20250127_00000823,2025-01-27 17:54:52,cust_3923819,ITMI,personal_loan,18137,30,740,low,approved,18137,call_center,false,682
app_20250127_00000824,2025-01-27 23:58:51,cust_9311598,GRRE,cash_loan,47772,48,511,medium,rejected,0,call_center,true,6
app_20250127_00000825,2025-01-27 05:58:17,cust_179939,SESV,education_loan,26266,36,475,high,rejected,0,web,false,114
app_20250127_00000826,2025-01-27 12:29:24,cust_8391276,ATVI,cash_loan,20353,30,515,medium,rejected,0,mobile_app,false,68
app_20250127_00000827,2025-01-27 02:03:24,cust_8987427,ESMA,auto_loan,31370,72,590,medium,approved,31370,mobile,true,677
app_20250127_00000828,2025-01-27 03:46:07,cust_8604599,AUTR,mortgage,106285,120,529,medium,rejected,0,branch,false,58
app_20250127_00000829,2025-01-27 16:13:36,cust_9708690,BENL,personal_loan,10690,24,774,low,approved,10690,branch,false,871
app_20250127_00000830,2025-01-27 11:42:50,cust_8738933,SESV,education_loan,37381,48,776,low,approved,37381,online_banking,false,101
app_20250127_00000831,2025-01-27 17:51:20,cust_6789894,PLWA,personal_loan,30406,42,750,low,approved,30406,partner,true,487
app_20250127_00000832,2025-01-27 13:24:58,cust_1165013,UKLO,refinance,348338,300,697,medium,rejected,0,online_banking,true,153
app_20250127_00000833,2025-01-27 15:18:06,cust_7957331,GRRE,cash_loan,38311,24,620,medium,approved,38311,mobile_app,false,60
app_20250127_00000834,2025-01-27 00:35:27,cust_673371,NLAM,auto_loan,27984,36,694,medium,approved,27984,partner,true,54
app_20250127_00000835,2025-01-27 20:47:24,cust_359414,PORP,credit_card,18484,36,552,medium,approved,18484,mobile,true,480
app_20250127_00000836,2025-01-27 21:23:42,cust_1730227,CZPR,personal_loan,37950,48,481,high,rejected,0,branch,true,165
app_20250127_00000837,2025-01-27 04:08:59,cust_3931920,PORP,credit_card,21046,24,647,medium,approved,21046,branch,false,91
app_20250127_00000838,2025-01-27 08:42:04,cust_4268862,ESMA,cash_loan,44346,18,747,low,approved,44346,mobile,false,56
app_20250127_00000839,2025-01-27 18:26:14,cust_6509131,SESV,education_loan,26676,48,639,medium,approved,26676,branch,true,43
app_20250127_00000840,2025-01-27 16:29:22,cust_6806055,ATVI,auto_loan,48492,36,634,medium,rejected,0,online_banking,false,147
app_20250127_00000841,2025-01-27 07:57:37,cust_9241356,UKLO,credit_card,19978,12,760,low,approved,19978,mobile,true,397
app_20250127_00000842,2025-01-27 10:36:49,cust_857202,CHBE,refinance,76575,180,618,medium,approved,76575,online_banking,false,287
app_20250127_00000843,2025-01-27 04:49:30,cust_7201260,PORP,credit_card,22962,18,762,low,approved,22962,call_center,false,351
app_20250127_00000844,2025-01-27 16:08:44,cust_2189329,ATVI,credit_card,46393,48,654,medium,approved,46393,online_banking,false,646
app_20250127_00000845,2025-01-27 06:46:32,cust_8056007,AUTR,education_loan,15380,60,550,medium,rejected,0,web,true,35
app_20250127_00000846,2025-01-27 20:37:53,cust_3351966,CZPR,personal_loan,8076,18,603,medium,approved,8076,atm,true,391
app_20250127_00000847,2025-01-27 01:06:04,cust_2111509,FRID,education_loan,23289,36,547,medium,approved,23289,mobile_app,true,66
app_20250127_00000848,2025-01-27 22:29:03,cust_6970164,PLWA,refinance,314030,180,715,low,approved,314030,mobile_app,false,225
app_20250127_00000849,2025-01-27 06:24:04,cust_4589068,UKLO,auto_loan,36347,60,650,medium,approved,36347,mobile_app,true,295
app_20250127_00000850,2025-01-27 06:17:41,cust_1795411,AUTR,cash_loan,34698,36,553,medium,approved,34698,partner,true,390
app_20250127_00000851,2025-01-27 15:02:57,cust_6066373,BENL,auto_loan,30777,48,632,medium,approved,30777,mobile_app,true,704
app_20250127_00000852,2025-01-27 09:35:39,cust_472664,UKLO,mortgage,461449,360,559,medium,approved,461449,atm,false,382
app_20250127_00000853,2025-01-27 10:31:11,cust_6779519,ITMI,education_loan,5416,36,792,low,approved,5416,online_banking,true,174
app_20250127_00000854,2025-01-27 02:30:01,cust_6489911,CZPR,credit_card,43825,30,521,medium,rejected,0,branch,false,80
app_20250127_00000855,2025-01-27 16:25:44,cust_1479790,AUTR,refinance,451900,360,581,medium,rejected,0,online_banking,true,83
app_20250127_00000856,2025-01-27 20:03:44,cust_2519611,ATVI,business_loan,33473,12,647,medium,approved,33473,mobile,false,175
app_20250127_00000857,2025-01-27 18:33:47,cust_8810236,ITMI,cash_loan,4528,48,641,medium,approved,4528,call_center,true,765
app_20250127_00000858,2025-01-27 12:35:50,cust_891251,CHBE,auto_loan,52968,72,641,medium,approved,52968,call_center,false,592
app_20250127_00000859,2025-01-27 08:06:14,cust_4768035,ATVI,credit_card,29624,42,649,medium,approved,29624,mobile,true,249
app_20250127_00000860,2025-01-27 21:14:45,cust_3095986,NLAM,personal_loan,26344,18,780,low,approved,26344,atm,false,676
app_20250127_00000861,2025-01-27 22:46:44,cust_2136656,PORP,cash_loan,32489,30,584,medium,approved,32489,mobile,false,681
app_20250127_00000862,2025-01-27 00:04:44,cust_459590,BENL,auto_loan,8105,48,586,medium,rejected,0,web,false,31
app_20250127_00000863,2025-01-27 09:44:04,cust_1625189,DEHE,cash_loan,35935,48,648,medium,approved,35935,branch,false,736
app_20250127_00000864,2025-01-27 02:32:00,cust_1786986,SESV,auto_loan,48452,60,547,medium,rejected,0,online_banking,false,102
app_20250127_00000865,2025-01-27 09:22:15,cust_9346177,FRID,credit_card,36598,36,769,low,approved,36598,branch,true,262
app_20250127_00000866,2025-01-27 00:56:49,cust_2946272,ATVI,refinance,235850,300,647,medium,rejected,0,mobile,true,105
app_20250127_00000867,2025-01-27 07:30:06,cust_844076,GRRE,personal_loan,21893,24,676,medium,approved,21893,call_center,true,742
app_20250127_00000868,2025-01-27 14:13:02,cust_7771938,FRID,credit_card,28157,24,633,medium,approved,28157,atm,true,429
app_20250127_00000869,2025-01-27 11:28:19,cust_4423203,FRID,education_loan,5443,24,621,medium,approved,5443,mobile_app,true,201
app_20250127_00000870,2025-01-27 20:52:19,cust_8980950,NLAM,education_loan,12122,36,673,medium,approved,12122,mobile,false,511
app_20250127_00000871,2025-01-27 08:10:22,cust_6080885,ATVI,personal_loan,35900,42,513,medium,rejected,0,partner,false,179
app_20250127_00000872,2025-01-27 09:50:31,cust_2432916,ITMI,mortgage,107548,360,492,high,approved,107548,online_banking,true,433
app_20250127_00000873,2025-01-27 18:30:23,cust_3118867,SESV,auto_loan,11826,72,678,medium,approved,11826,branch,false,612
app_20250127_00000874,2025-01-27 21:57:57,cust_8367521,ESMA,credit_card,40947,12,642,medium,approved,40947,web,false,362
app_20250127_00000875,2025-01-27 07:42:40,cust_7988160,UKLO,auto_loan,32916,48,679,medium,rejected,0,call_center,true,163
app_20250127_00000876,2025-01-27 15:34:19,cust_6824267,ATVI,auto_loan,45629,24,661,medium,approved,45629,online_banking,false,260
app_20250127_00000877,2025-01-27 06:37:32,cust_9009267,PLWA,personal_loan,13217,36,403,high,rejected,0,atm,true,127
app_20250127_00000878,2025-01-27 08:46:06,cust_3346552,SESV,personal_loan,25207,36,664,medium,approved,25207,call_center,false,583
app_20250127_00000879,2025-01-27 20:55:27,cust_7378904,PLWA,credit_card,24460,36,716,low,approved,24460,web,true,320
app_20250127_00000880,2025-01-27 07:42:49,cust_3676271,ATVI,business_loan,16507,36,698,medium,rejected,0,atm,true,138
app_20250127_00000881,2025-01-27 08:05:26,cust_1335946,PORP,cash_loan,1273,12,724,low,approved,1273,partner,true,314
app_20250127_00000882,2025-01-27 08:21:23,cust_3042164,ITMI,credit_card,26614,36,657,medium,rejected,0,call_center,false,131
app_20250127_00000883,2025-01-27 08:58:48,cust_1408982,BENL,business_loan,3035,60,632,medium,approved,3035,mobile,true,686
app_20250127_00000884,2025-01-27 23:33:51,cust_2450213,PLWA,personal_loan,32079,30,398,high,rejected,0,online_banking,false,176
app_20250127_00000885,2025-01-27 04:16:58,cust_8954004,SESV,refinance,407050,360,690,medium,approved,407050,online_banking,true,810
app_20250127_00000886,2025-01-27 13:14:23,cust_8283384,BENL,cash_loan,39493,48,558,medium,rejected,0,web,true,164
app_20250127_00000887,2025-01-27 18:59:59,cust_2103892,PLWA,business_loan,16812,12,826,low,approved,16812,mobile_app,false,712
app_20250127_00000888,2025-01-27 07:01:15,cust_5536316,CZPR,refinance,428215,240,490,high,rejected,0,branch,false,33
app_20250127_00000889,2025-01-27 09:00:43,cust_5920479,CZPR,education_loan,3176,36,772,low,approved,3176,online_banking,false,249
app_20250127_00000890,2025-01-27 11:22:13,cust_9095122,PORP,refinance,344558,180,803,low,approved,344558,web,true,845
app_20250127_00000891,2025-01-27 07:56:07,cust_8844223,SESV,refinance,354886,120,655,medium,approved,354886,mobile,true,583
app_20250127_00000892,2025-01-27 07:08:20,cust_7810779,CZPR,credit_card,49334,48,534,medium,rejected,0,atm,false,88
app_20250127_00000893,2025-01-27 22:07:14,cust_7159865,ATVI,education_loan,35213,36,434,high,rejected,0,branch,false,153
app_20250127_00000894,2025-01-27 04:24:35,cust_1292080,DEHE,education_loan,18662,12,671,medium,rejected,0,branch,false,111
app_20250127_00000895,2025-01-27 16:33:52,cust_4278082,GRRE,business_loan,26929,36,634,medium,approved,26929,mobile_app,true,544
app_20250127_00000896,2025-01-27 00:31:01,cust_4539587,CHBE,refinance,158689,240,489,high,rejected,0,online_banking,false,146
app_20250127_00000897,2025-01-27 10:30:45,cust_5644454,FRID,auto_loan,24615,48,592,medium,approved,24615,online_banking,true,299
app_20250127_00000898,2025-01-27 23:32:03,cust_1318181,ESMA,personal_loan,32189,12,649,medium,approved,32189,call_center,false,503
app_20250127_00000899,2025-01-27 01:15:21,cust_2756199,DEHE,refinance,482740,120,728,low,approved,482740,call_center,true,579
app_20250127_00000900,2025-01-27 15:47:04,cust_1667411,CZPR,education_loan,33465,36,613,medium,rejected,0,online_banking,true,18
app_20250127_00000901,2025-01-27 02:16:25,cust_5914307,ITMI,personal_loan,29735,12,633,medium,rejected,0,mobile_app,true,151
app_20250127_00000902,2025-01-27 15:44:27,cust_7255948,UKLO,personal_loan,13076,36,756,low,approved,13076,online_banking,true,586
app_20250127_00000903,2025-01-27 07:59:56,cust_1639141,BENL,refinance,487033,300,831,low,approved,487033,atm,false,399
app_20250127_00000904,2025-01-27 08:10:42,cust_9595230,BENL,mortgage,273492,120,723,low,approved,273492,call_center,false,47
app_20250127_00000905,2025-01-27 04:35:04,cust_3059773,AUTR,mortgage,419600,360,776,low,approved,419600,web,true,383
app_20250127_00000906,2025-01-27 13:51:34,cust_4426804,ESMA,cash_loan,20132,36,674,medium,approved,20132,web,true,30
app_20250127_00000907,2025-01-27 21:16:27,cust_4864355,AUTR,mortgage,388141,240,676,medium,approved,388141,mobile_app,true,431
app_20250127_00000908,2025-01-27 11:53:12,cust_3365602,PLWA,cash_loan,46064,24,718,low,rejected,0,mobile,false,125
app_20250127_00000909,2025-01-27 15:11:19,cust_4858082,PLWA,credit_card,11279,18,566,medium,rejected,0,online_banking,false,63
app_20250127_00000910,2025-01-27 12:33:15,cust_8946107,GRRE,personal_loan,33283,18,624,medium,approved,33283,mobile_app,true,421
app_20250127_00000911,2025-01-27 00:11:59,cust_9491933,ITMI,mortgage,260036,120,554,medium,rejected,0,atm,false,170
app_20250127_00000912,2025-01-27 19:45:57,cust_2060498,UKLO,refinance,435163,240,680,medium,approved,435163,call_center,true,377
app_20250127_00000913,2025-01-27 20:06:28,cust_8203967,GRRE,mortgage,327196,360,579,medium,approved,327196,mobile_app,false,107
app_20250127_00000914,2025-01-27 13:48:52,cust_7178856,ESMA,mortgage,125485,240,617,medium,rejected,0,mobile,false,82
app_20250127_00000915,2025-01-27 13:09:43,cust_6140339,ESMA,personal_loan,18258,42,508,medium,rejected,0,atm,false,115
app_20250127_00000916,2025-01-27 16:14:04,cust_6583864,ATVI,personal_loan,22416,12,698,medium,rejected,0,atm,false,152
app_20250127_00000917,2025-01-27 23:59:40,cust_9317743,ITMI,business_loan,34014,60,719,low,approved,34014,mobile,false,74
app_20250127_00000918,2025-01-27 03:50:58,cust_9089411,DEHE,auto_loan,16103,24,810,low,approved,16103,partner,true,452
app_20250127_00000919,2025-01-27 19:38:44,cust_8122618,UKLO,mortgage,60793,120,683,medium,approved,60793,branch,false,764
app_20250127_00000920,2025-01-27 20:51:35,cust_1538403,FRID,refinance,332882,360,720,low,approved,332882,partner,true,109
app_20250127_00000921,2025-01-27 11:12:00,cust_2181095,PLWA,cash_loan,42062,42,761,low,approved,42062,online_banking,true,229
app_20250127_00000922,2025-01-27 11:22:13,cust_495101,GRRE,personal_loan,27903,42,578,medium,rejected,0,web,false,18
app_20250127_00000923,2025-01-27 19:27:44,cust_5159090,ESMA,mortgage,79663,300,718,low,approved,79663,call_center,false,275
app_20250127_00000924,2025-01-27 09:26:52,cust_4760489,ESMA,auto_loan,50063,36,651,medium,rejected,0,mobile_app,true,90
app_20250127_00000925,2025-01-27 10:08:27,cust_9884229,CHBE,credit_card,46461,18,548,medium,rejected,0,mobile_app,false,40
app_20250127_00000926,2025-01-27 04:17:47,cust_5119381,NLAM,refinance,137470,300,503,medium,approved,137470,mobile_app,true,473
app_20250127_00000927,2025-01-27 05:03:22,cust_4586071,CHBE,personal_loan,3381,24,705,low,approved,3381,call_center,true,887
app_20250127_00000928,2025-01-27 08:50:37,cust_4676265,BENL,personal_loan,49984,18,846,low,approved,49984,call_center,true,853
app_20250127_00000929,2025-01-27 21:11:49,cust_4598120,GRRE,personal_loan,11749,18,766,low,approved,11749,mobile_app,false,807
app_20250127_00000930,2025-01-27 04:21:58,cust_4225327,DEHE,education_loan,7195,60,670,medium,rejected,0,atm,false,26
app_20250127_00000931,2025-01-27 05:19:11,cust_7993271,ITMI,cash_loan,18575,18,528,medium,rejected,0,atm,false,73
app_20250127_00000932,2025-01-27 13:25:26,cust_781028,ESMA,personal_loan,24596,12,850,low,approved,24596,mobile,true,374
app_20250127_00000933,2025-01-27 15:54:05,cust_8454036,BENL,credit_card,46558,48,419,high,rejected,0,web,true,37
app_20250127_00000934,2025-01-27 07:30:53,cust_7034570,CHBE,personal_loan,38052,42,815,low,approved,38052,online_banking,true,111
app_20250127_00000935,2025-01-27 20:34:39,cust_622057,ATVI,cash_loan,20753,18,795,low,approved,20753,mobile_app,false,96
app_20250127_00000936,2025-01-27 09:19:39,cust_5356096,BENL,refinance,488469,360,535,medium,approved,488469,branch,false,263
app_20250127_00000937,2025-01-27 12:43:55,cust_3706034,SESV,mortgage,263522,360,850,low,approved,263522,mobile,true,118
app_20250127_00000938,2025-01-27 02:04:48,cust_5113207,ITMI,cash_loan,35376,12,555,medium,rejected,0,call_center,true,30
app_20250127_00000939,2025-01-27 00:24:07,cust_3631212,UKLO,education_loan,26761,48,639,medium,approved,26761,call_center,false,818
app_20250127_00000940,2025-01-27 18:49:00,cust_8340882,GRRE,cash_loan,14544,48,597,medium,approved,14544,call_center,true,882
app_20250127_00000941,2025-01-27 13:15:05,cust_9439099,PLWA,business_loan,22764,36,593,medium,rejected,0,call_center,true,86
app_20250127_00000942,2025-01-27 12:30:53,cust_3543845,BENL,mortgage,219008,180,699,medium,approved,219008,atm,false,149
app_20250127_00000943,2025-01-27 02:05:23,cust_9700170,DEHE,education_loan,15623,60,794,low,approved,15623,mobile_app,false,548
app_20250127_00000944,2025-01-27 18:31:16,cust_4547196,GRRE,mortgage,66021,120,632,medium,approved,66021,branch,false,574
app_20250127_00000945,2025-01-27 09:24:16,cust_9385628,GRRE,business_loan,27970,48,614,medium,rejected,0,mobile_app,true,15
app_20250127_00000946,2025-01-27 05:05:08,cust_1593620,PLWA,education_loan,12944,12,579,medium,approved,12944,mobile_app,true,873
app_20250127_00000947,2025-01-27 12:36:05,cust_3093117,CHBE,education_loan,6263,24,645,medium,rejected,0,partner,true,27
app_20250127_00000948,2025-01-27 14:21:05,cust_1749597,DEHE,personal_loan,16203,30,606,medium,approved,16203,partner,false,82
app_20250127_00000949,2025-01-27 23:00:11,cust_557716,NLAM,personal_loan,1591,18,709,low,approved,1591,atm,true,385
app_20250127_00000950,2025-01-27 19:15:39,cust_7402870,PLWA,refinance,237227,240,691,medium,approved,237227,mobile_app,true,649
app_20250127_00000951,2025-01-27 19:15:45,cust_1307656,ESMA,cash_loan,24317,48,728,low,approved,24317,mobile_app,true,396
app_20250127_00000952,2025-01-27 11:58:20,cust_3149176,PORP,education_loan,12153,12,580,medium,rejected,0,atm,true,163
app_20250127_00000953,2025-01-27 03:13:47,cust_5147467,UKLO,cash_loan,16504,12,599,medium,approved,16504,partner,true,51
app_20250127_00000954,2025-01-27 13:35:46,cust_7104099,GRRE,business_loan,6647,60,517,medium,rejected,0,online_banking,true,102
app_20250127_00000955,2025-01-27 14:10:28,cust_9463324,CZPR,credit_card,11757,24,671,medium,approved,11757,branch,true,366
app_20250127_00000956,2025-01-27 13:42:30,cust_8950879,ITMI,education_loan,9837,48,589,medium,rejected,0,web,true,103
app_20250127_00000957,2025-01-27 13:55:50,cust_2190500,PORP,personal_loan,6998,18,504,medium,rejected,0,mobile_app,false,39
app_20250127_00000958,2025-01-27 18:09:03,cust_7300615,GRRE,business_loan,10034,60,734,low,approved,10034,web,true,44
app_20250127_00000959,2025-01-27 03:45:42,cust_2568249,CZPR,personal_loan,36869,48,595,medium,rejected,0,mobile,false,127
app_20250127_00000960,2025-01-27 01:33:23,cust_3592792,ATVI,mortgage,73038,120,541,medium,rejected,0,online_banking,true,116
app_20250127_00000961,2025-01-27 20:07:59,cust_9933033,AUTR,mortgage,256413,360,790,low,approved,256413,mobile_app,false,39
app_20250127_00000962,2025-01-27 16:37:39,cust_1614944,CHBE,business_loan,15631,48,656,medium,approved,15631,mobile,false,213
app_20250127_00000963,2025-01-27 07:50:32,cust_2862933,SESV,personal_loan,26194,30,491,high,rejected,0,online_banking,false,14
app_20250127_00000964,2025-01-27 17:24:09,cust_1981886,ITMI,education_loan,30257,48,777,low,rejected,0,call_center,true,16
app_20250127_00000965,2025-01-27 10:51:46,cust_7569649,DEHE,cash_loan,16737,18,578,medium,approved,16737,call_center,false,760
app_20250127_00000966,2025-01-27 07:55:23,cust_8756330,ATVI,cash_loan,15995,48,578,medium,rejected,0,atm,false,93
app_20250127_00000967,2025-01-27 10:11:43,cust_3113176,NLAM,cash_loan,23290,24,780,low,approved,23290,mobile,false,592
app_20250127_00000968,2025-01-27 05:14:49,cust_4791967,CHBE,education_loan,25633,24,524,medium,approved,25633,mobile,false,80
app_20250127_00000969,2025-01-27 04:25:16,cust_6324822,DEHE,mortgage,170333,300,743,low,rejected,0,call_center,false,96
app_20250127_00000970,2025-01-27 05:56:48,cust_5614292,FRID,refinance,396856,120,665,medium,approved,396856,web,false,862
app_20250127_00000971,2025-01-27 10:17:44,cust_4492936,SESV,refinance,202250,240,567,medium,approved,202250,online_banking,false,43
app_20250127_00000972,2025-01-27 19:51:19,cust_3457049,CZPR,refinance,496828,360,692,medium,rejected,0,online_banking,false,101
app_20250127_00000973,2025-01-27 06:56:05,cust_3540343,BENL,auto_loan,57822,36,676,medium,rejected,0,online_banking,true,37
app_20250127_00000974,2025-01-27 17:26:22,cust_2060655,AUTR,business_loan,14930,36,642,medium,approved,14930,web,false,859
app_20250127_00000975,2025-01-27 19:53:25,cust_9810627,ITMI,refinance,324652,120,533,medium,rejected,0,call_center,true,157
app_20250127_00000976,2025-01-27 17:33:50,cust_503093,UKLO,refinance,257630,300,536,medium,rejected,0,online_banking,true,137
app_20250127_00000977,2025-01-27 07:04:03,cust_7399238,ATVI,business_loan,22373,60,705,low,rejected,0,mobile_app,true,175
app_20250127_00000978,2025-01-27 23:12:26,cust_9363887,ITMI,personal_loan,14120,30,717,low,approved,14120,call_center,true,334
app_20250127_00000979,2025-01-27 10:22:02,cust_4640216,ATVI,business_loan,19593,48,650,medium,approved,19593,call_center,true,507
app_20250127_00000980,2025-01-27 08:50:04,cust_5552100,FRID,mortgage,103155,300,664,medium,rejected,0,branch,false,174
app_20250127_00000981,2025-01-27 17:27:09,cust_8655351,DEHE,business_loan,18008,60,410,high,rejected,0,call_center,true,19
app_20250127_00000982,2025-01-27 08:49:00,cust_4462085,BENL,credit_card,4841,18,627,medium,approved,4841,mobile_app,false,227
app_20250127_00000983,2025-01-27 01:14:12,cust_8966534,PORP,auto_loan,9751,36,698,medium,approved,9751,atm,false,117
app_20250127_00000984,2025-01-27 17:32:26,cust_6387508,UKLO,auto_loan,54253,60,689,medium,approved,54253,mobile_app,true,510
app_20250127_00000985,2025-01-27 15:56:43,cust_8493097,AUTR,education_loan,31957,48,650,medium,rejected,0,web,false,32
app_20250127_00000986,2025-01-27 01:39:59,cust_7888579,UKLO,cash_loan,3377,30,711,low,approved,3377,mobile_app,false,398
app_20250127_00000987,2025-01-27 01:17:02,cust_8357334,FRID,mortgage,197312,120,495,high,rejected,0,online_banking,true,48
app_20250127_00000988,2025-01-27 23:14:19,cust_375060,ATVI,education_loan,12724,36,489,high,rejected,0,call_center,true,86
app_20250127_00000989,2025-01-27 14:49:57,cust_8144547,CHBE,credit_card,45486,48,604,medium,approved,45486,web,true,180
app_20250127_00000990,2025-01-27 18:39:05,cust_3603481,SESV,business_loan,4158,60,575,medium,approved,4158,call_center,false,192
app_20250127_00000991,2025-01-27 12:08:00,cust_766606,BENL,business_loan,6408,12,765,low,approved,6408,mobile,false,159
app_20250127_00000992,2025-01-27 00:42:24,cust_6790648,PORP,mortgage,389341,240,523,medium,approved,389341,mobile,true,133
app_20250127_00000993,2025-01-27 00:58:43,cust_9208150,NLAM,mortgage,199086,240,637,medium,approved,199086,call_center,false,427
app_20250127_00000994,2025-01-27 23:24:35,cust_1444652,NLAM,credit_card,14827,18,724,low,approved,14827,mobile,true,734
app_20250127_00000995,2025-01-27 20:35:31,cust_6571856,ATVI,auto_loan,39239,72,511,medium,rejected,0,mobile_app,false,122
app_20250127_00000996,2025-01-27 06:46:47,cust_275622,NLAM,auto_loan,5706,36,850,low,approved,5706,partner,true,834
app_20250127_00000997,2025-01-27 19:36:04,cust_3518581,GRRE,mortgage,406733,240,643,medium,rejected,0,web,false,166
app_20250127_00000998,2025-01-27 04:59:03,cust_4968177,PLWA,credit_card,13781,36,759,low,approved,13781,mobile,true,671
app_20250127_00000999,2025-01-27 04:16:38,cust_5913440,BENL,cash_loan,32775,30,758,low,approved,32775,partner,false,108
app_20250127_00001000,2025-01-27 10:55:26,cust_8969385,ITMI,personal_loan,32969,36,617,medium,approved,32969,atm,false,158
app_20250127_00001001,2025-01-27 09:29:40,cust_8886895,FRID,education_loan,7174,48,628,medium,approved,7174,online_banking,true,202
app_20250127_00001002,2025-01-27 17:53:57,cust_2973153,FRID,business_loan,39651,48,610,medium,rejected,0,mobile_app,false,175
app_20250127_00001003,2025-01-27 03:20:26,cust_6709890,SESV,mortgage,336511,120,677,medium,rejected,0,atm,false,21
app_20250127_00001004,2025-01-27 19:56:33,cust_4801173,ESMA,business_loan,28926,48,524,medium,approved,28926,online_banking,false,160
app_20250127_00001005,2025-01-27 08:44:14,cust_2923320,FRID,education_loan,29532,24,734,low,approved,29532,online_banking,true,553
app_20250127_00001006,2025-01-27 15:31:16,cust_4902894,ESMA,refinance,203842,180,795,low,approved,203842,branch,true,460
app_20250127_00001007,2025-01-27 17:51:51,cust_4122824,CHBE,auto_loan,32584,72,628,medium,approved,32584,online_banking,true,579
app_20250127_00001008,2025-01-27 13:39:07,cust_1903569,ITMI,refinance,163517,120,577,medium,rejected,0,mobile_app,false,95
app_20250127_00001009,2025-01-27 04:34:46,cust_4084022,FRID,credit_card,15802,24,681,medium,approved,15802,partner,false,573
app_20250127_00001010,2025-01-27 07:23:42,cust_2311750,FRID,mortgage,295047,360,464,high,rejected,0,mobile,false,77
app_20250127_00001011,2025-01-27 02:25:40,cust_7150826,FRID,cash_loan,47545,48,575,medium,approved,47545,mobile,false,774
app_20250127_00001012,2025-01-27 16:13:13,cust_6331783,CHBE,cash_loan,7155,42,850,low,approved,7155,web,false,650
app_20250127_00001013,2025-01-27 05:26:44,cust_2647593,AUTR,credit_card,24227,24,619,medium,rejected,0,branch,true,122
app_20250127_00001014,2025-01-27 20:26:44,cust_5998255,ITMI,personal_loan,13370,36,731,low,approved,13370,call_center,false,36
app_20250127_00001015,2025-01-27 12:58:28,cust_8121290,ATVI,refinance,471116,120,612,medium,approved,471116,atm,false,851
app_20250127_00001016,2025-01-27 06:46:02,cust_8309899,DEHE,refinance,438526,300,680,medium,approved,438526,atm,true,189
app_20250127_00001017,2025-01-27 16:51:11,cust_6404429,DEHE,mortgage,60234,240,560,medium,approved,60234,call_center,false,561
app_20250127_00001018,2025-01-27 18:24:47,cust_9763305,CHBE,refinance,440243,180,561,medium,rejected,0,web,false,116
app_20250127_00001019,2025-01-27 05:07:20,cust_8411654,FRID,mortgage,455889,120,706,low,approved,455889,partner,false,871
app_20250127_00001020,2025-01-27 23:33:26,cust_1387570,BENL,business_loan,23535,48,563,medium,rejected,0,mobile,true,51
app_20250127_00001021,2025-01-27 09:44:06,cust_6892296,FRID,cash_loan,20870,18,769,low,approved,20870,mobile_app,false,869
app_20250127_00001022,2025-01-27 21:14:35,cust_6088115,PLWA,auto_loan,15510,24,732,low,approved,15510,mobile,true,656
app_20250127_00001023,2025-01-27 18:37:22,cust_7400219,ATVI,education_loan,29941,48,785,low,approved,29941,call_center,false,898
app_20250127_00001024,2025-01-27 16:11:57,cust_2119273,NLAM,business_loan,4360,12,667,medium,approved,4360,online_banking,true,72
app_20250127_00001025,2025-01-27 00:49:53,cust_5725669,CHBE,business_loan,6430,60,793,low,approved,6430,mobile_app,false,422
app_20250127_00001026,2025-01-27 00:16:50,cust_1106271,DEHE,auto_loan,41838,36,547,medium,approved,41838,mobile,true,816
app_20250127_00001027,2025-01-27 17:42:52,cust_9357627,UKLO,personal_loan,27713,18,687,medium,rejected,0,partner,true,140
app_20250127_00001028,2025-01-27 13:56:29,cust_4410927,PLWA,personal_loan,39954,48,843,low,approved,39954,call_center,false,323
app_20250127_00001029,2025-01-27 16:10:03,cust_3467436,SESV,mortgage,224062,300,625,medium,rejected,0,online_banking,false,117
app_20250127_00001030,2025-01-27 21:59:20,cust_8266202,ITMI,personal_loan,25634,42,583,medium,rejected,0,call_center,true,64
app_20250127_00001031,2025-01-27 14:58:18,cust_5644767,PORP,business_loan,17870,12,666,medium,rejected,0,atm,false,44
app_20250127_00001032,2025-01-27 23:02:15,cust_9981432,FRID,education_loan,7691,60,583,medium,approved,7691,mobile,true,85
app_20250127_00001033,2025-01-27 16:32:44,cust_2932552,BENL,credit_card,6305,36,409,high,approved,6305,call_center,true,346
app_20250127_00001034,2025-01-27 21:58:27,cust_4479476,DEHE,auto_loan,15137,36,803,low,approved,15137,mobile_app,false,236
app_20250127_00001035,2025-01-27 18:01:05,cust_5434911,ITMI,mortgage,474820,120,644,medium,approved,474820,call_center,true,310
app_20250127_00001036,2025-01-27 18:42:06,cust_7520390,FRID,personal_loan,28284,42,784,low,approved,28284,online_banking,false,462
app_20250127_00001037,2025-01-27 21:57:20,cust_2377633,DEHE,cash_loan,27696,24,458,high,approved,27696,partner,false,62
app_20250127_00001038,2025-01-27 00:47:02,cust_6412296,ATVI,credit_card,6481,48,698,medium,approved,6481,online_banking,false,528
app_20250127_00001039,2025-01-27 16:11:34,cust_2613189,GRRE,cash_loan,14231,18,643,medium,approved,14231,atm,false,783
app_20250127_00001040,2025-01-27 19:08:53,cust_5686842,ATVI,credit_card,17489,12,847,low,approved,17489,branch,false,46
app_20250127_00001041,2025-01-27 19:30:56,cust_9696632,CZPR,mortgage,350872,240,678,medium,rejected,0,atm,false,166
app_20250127_00001042,2025-01-27 22:57:41,cust_4148659,NLAM,business_loan,17463,60,638,medium,approved,17463,mobile_app,false,181
app_20250127_00001043,2025-01-27 18:42:22,cust_6615466,SESV,personal_loan,39729,48,507,medium,approved,39729,branch,true,300
app_20250127_00001044,2025-01-27 10:33:31,cust_1931271,CHBE,cash_loan,45775,18,850,low,approved,45775,mobile,true,503
app_20250127_00001045,2025-01-27 18:58:14,cust_9375413,BENL,credit_card,3126,42,680,medium,rejected,0,partner,true,10
app_20250127_00001046,2025-01-27 11:30:09,cust_2275693,FRID,credit_card,29479,12,585,medium,rejected,0,call_center,false,147
app_20250127_00001047,2025-01-27 19:09:01,cust_8122042,AUTR,auto_loan,19425,24,776,low,approved,19425,call_center,false,702
app_20250127_00001048,2025-01-27 09:29:45,cust_6645862,NLAM,mortgage,457351,300,522,medium,rejected,0,branch,true,127
app_20250127_00001049,2025-01-27 03:15:49,cust_8067165,SESV,cash_loan,34340,30,677,medium,rejected,0,branch,true,152
app_20250127_00001050,2025-01-27 12:41:12,cust_9724153,NLAM,auto_loan,38700,24,681,medium,approved,38700,online_banking,true,844
app_20250127_00001051,2025-01-27 11:24:23,cust_392090,NLAM,personal_loan,37324,36,707,low,approved,37324,atm,true,757
app_20250127_00001052,2025-01-27 01:13:38,cust_3078707,CZPR,mortgage,116118,300,605,medium,rejected,0,atm,true,71
app_20250127_00001053,2025-01-27 01:35:39,cust_6567720,PORP,credit_card,33366,30,850,low,approved,33366,mobile_app,false,802
app_20250127_00001054,2025-01-27 13:49:39,cust_1142646,CHBE,education_loan,8065,36,722,low,approved,8065,mobile,true,732
app_20250127_00001055,2025-01-27 02:51:43,cust_8578083,CZPR,auto_loan,59871,72,742,low,approved,59871,web,false,647
app_20250127_00001056,2025-01-27 10:53:42,cust_2117960,PLWA,refinance,293119,120,683,medium,approved,293119,partner,false,276
app_20250127_00001057,2025-01-27 17:43:25,cust_8988359,PORP,mortgage,312476,180,567,medium,rejected,0,partner,false,19
app_20250127_00001058,2025-01-27 12:38:11,cust_1228914,NLAM,business_loan,39016,36,638,medium,approved,39016,atm,false,740
app_20250127_00001059,2025-01-27 12:56:08,cust_5651329,ESMA,business_loan,20385,36,836,low,approved,20385,branch,false,445
app_20250127_00001060,2025-01-27 21:14:09,cust_1098854,GRRE,personal_loan,24286,36,539,medium,rejected,0,call_center,false,24
app_20250127_00001061,2025-01-27 18:19:16,cust_5811961,AUTR,education_loan,2878,60,557,medium,rejected,0,call_center,true,164
app_20250127_00001062,2025-01-27 05:27:43,cust_3813782,SESV,education_loan,37814,12,771,low,approved,37814,atm,false,852
app_20250127_00001063,2025-01-27 19:44:25,cust_6125944,CHBE,cash_loan,18563,36,747,low,approved,18563,online_banking,true,837
app_20250127_00001064,2025-01-27 15:28:20,cust_1281596,BENL,education_loan,9883,12,781,low,approved,9883,atm,true,123
app_20250127_00001065,2025-01-27 14:40:32,cust_4428572,DEHE,mortgage,252512,240,534,medium,rejected,0,mobile_app,true,21
app_20250127_00001066,2025-01-27 01:22:28,cust_787840,CZPR,mortgage,333081,360,707,low,approved,333081,branch,false,302
app_20250127_00001067,2025-01-27 15:42:17,cust_5619113,ITMI,personal_loan,22558,12,770,low,approved,22558,branch,false,179
app_20250127_00001068,2025-01-27 20:27:23,cust_1605361,ATVI,cash_loan,35852,48,374,high,rejected,0,partner,false,47
app_20250127_00001069,2025-01-27 15:56:44,cust_6558657,AUTR,credit_card,4470,30,741,low,approved,4470,call_center,true,133
app_20250127_00001070,2025-01-27 08:39:18,cust_9389710,CZPR,mortgage,434195,180,562,medium,rejected,0,atm,true,104
app_20250127_00001071,2025-01-27 10:43:05,cust_7565856,ESMA,mortgage,460096,240,642,medium,approved,460096,atm,false,130
app_20250127_00001072,2025-01-27 16:55:21,cust_7441976,PLWA,personal_loan,28555,48,666,medium,rejected,0,branch,false,141
app_20250127_00001073,2025-01-27 17:10:22,cust_4264430,CHBE,personal_loan,26395,48,535,medium,rejected,0,partner,false,105
app_20250127_00001074,2025-01-27 04:24:01,cust_2792228,ITMI,cash_loan,32204,42,689,medium,rejected,0,mobile,true,142
app_20250127_00001075,2025-01-27 19:06:07,cust_2900483,UKLO,business_loan,7331,36,689,medium,rejected,0,mobile,true,71
app_20250127_00001076,2025-01-27 01:52:43,cust_6183138,ITMI,mortgage,250423,180,629,medium,approved,250423,online_banking,false,525
app_20250127_00001077,2025-01-27 16:31:06,cust_6496627,ESMA,refinance,176339,180,678,medium,approved,176339,branch,true,818
app_20250127_00001078,2025-01-27 17:19:05,cust_4403329,CHBE,personal_loan,32006,36,794,low,approved,32006,mobile_app,false,350
app_20250127_00001079,2025-01-27 09:19:53,cust_8644123,PORP,personal_loan,12461,42,697,medium,rejected,0,call_center,true,85
app_20250127_00001080,2025-01-27 01:08:39,cust_4602113,FRID,cash_loan,13626,12,742,low,approved,13626,atm,false,661
app_20250127_00001081,2025-01-27 00:41:09,cust_2889693,ESMA,mortgage,488476,240,582,medium,rejected,0,web,false,15
app_20250127_00001082,2025-01-27 21:17:09,cust_3183821,CHBE,business_loan,37733,12,505,medium,approved,37733,web,true,233
app_20250127_00001083,2025-01-27 09:07:48,cust_905560,PLWA,education_loan,4219,36,662,medium,approved,4219,mobile,false,669
app_20250127_00001084,2025-01-27 22:02:51,cust_3398915,NLAM,personal_loan,48207,24,745,low,approved,48207,mobile_app,true,765
app_20250127_00001085,2025-01-27 17:20:11,cust_2263983,DEHE,credit_card,34483,36,719,low,approved,34483,mobile,true,772
app_20250127_00001086,2025-01-27 00:45:00,cust_507711,GRRE,personal_loan,45399,36,709,low,approved,45399,web,false,229
app_20250127_00001087,2025-01-27 15:29:30,cust_1212885,PLWA,credit_card,33849,12,782,low,approved,33849,web,false,150
app_20250127_00001088,2025-01-27 11:33:33,cust_629186,UKLO,refinance,255852,120,732,low,approved,255852,mobile_app,true,823
app_20250127_00001089,2025-01-27 23:55:43,cust_2062497,CHBE,credit_card,19277,12,737,low,approved,19277,branch,true,292
app_20250127_00001090,2025-01-27 17:29:02,cust_6811388,ESMA,credit_card,27600,24,705,low,approved,27600,web,false,427
app_20250127_00001091,2025-01-27 12:21:30,cust_5146947,GRRE,refinance,80856,240,685,medium,rejected,0,call_center,false,110
app_20250127_00001092,2025-01-27 04:42:19,cust_3383022,BENL,business_loan,34127,48,773,low,approved,34127,online_banking,false,247
app_20250127_00001093,2025-01-27 23:44:24,cust_113618,GRRE,personal_loan,1479,18,596,medium,rejected,0,mobile,false,104
app_20250127_00001094,2025-01-27 07:05:13,cust_9366468,PORP,mortgage,216686,300,643,medium,rejected,0,mobile,false,137
app_20250127_00001095,2025-01-27 06:40:44,cust_1872941,AUTR,personal_loan,39581,24,571,medium,approved,39581,web,true,592
app_20250127_00001096,2025-01-27 05:17:08,cust_2104461,GRRE,cash_loan,13426,48,525,medium,rejected,0,mobile,true,163
app_20250127_00001097,2025-01-27 04:07:48,cust_4626544,PLWA,refinance,140196,360,577,medium,approved,140196,atm,true,128
app_20250127_00001098,2025-01-27 07:00:35,cust_1266055,PORP,mortgage,100205,360,772,low,rejected,0,mobile,true,122
app_20250127_00001099,2025-01-27 15:19:03,cust_4040076,PLWA,business_loan,15761,12,507,medium,rejected,0,partner,false,142
app_20250127_00001100,2025-01-27 12:31:36,cust_8201942,ITMI,business_loan,24475,48,702,low,approved,24475,web,false,612
app_20250127_00001101,2025-01-27 05:52:34,cust_9367523,PORP,business_loan,36722,24,835,low,rejected,0,online_banking,true,44
app_20250127_00001102,2025-01-27 22:29:42,cust_4806283,CZPR,business_loan,24743,24,749,low,approved,24743,mobile,false,443
app_20250127_00001103,2025-01-27 23:51:02,cust_5077587,PORP,education_loan,39311,60,807,low,approved,39311,mobile_app,true,701
app_20250127_00001104,2025-01-27 05:58:58,cust_8746633,PLWA,personal_loan,22772,24,539,medium,rejected,0,online_banking,false,149
app_20250127_00001105,2025-01-27 09:37:56,cust_1962004,ESMA,mortgage,114171,300,728,low,approved,114171,partner,false,843
app_20250127_00001106,2025-01-27 02:27:51,cust_8926499,PORP,refinance,256765,120,774,low,approved,256765,partner,true,515
app_20250127_00001107,2025-01-27 20:13:45,cust_2619901,FRID,personal_loan,48466,42,631,medium,approved,48466,mobile,false,227
app_20250127_00001108,2025-01-27 18:05:47,cust_5895165,ITMI,business_loan,5918,12,584,medium,rejected,0,mobile_app,true,40
app_20250127_00001109,2025-01-27 09:31:28,cust_9060397,FRID,refinance,359936,120,658,medium,rejected,0,online_banking,true,20
app_20250127_00001110,2025-01-27 02:33:08,cust_8310447,NLAM,cash_loan,34147,48,640,medium,approved,34147,call_center,false,410
app_20250127_00001111,2025-01-27 00:53:08,cust_3094870,UKLO,education_loan,15937,48,660,medium,approved,15937,mobile,true,93
app_20250127_00001112,2025-01-27 12:34:40,cust_9506464,BENL,auto_loan,16754,36,587,medium,rejected,0,mobile_app,true,96
app_20250127_00001113,2025-01-27 20:01:04,cust_8912263,BENL,education_loan,33938,24,544,medium,approved,33938,online_banking,false,349
app_20250127_00001114,2025-01-27 14:44:33,cust_335435,ITMI,personal_loan,35282,30,614,medium,approved,35282,web,true,641
app_20250127_00001115,2025-01-27 02:55:18,cust_4700708,PORP,cash_loan,14568,48,536,medium,rejected,0,online_banking,true,44
app_20250127_00001116,2025-01-27 22:36:01,cust_1362955,NLAM,business_loan,27723,36,705,low,approved,27723,branch,false,652
app_20250127_00001117,2025-01-27 05:06:11,cust_5810485,BENL,personal_loan,19889,30,435,high,rejected,0,branch,true,123
app_20250127_00001118,2025-01-27 05:46:09,cust_6471695,GRRE,education_loan,19777,12,825,low,approved,19777,branch,true,898
app_20250127_00001119,2025-01-27 01:56:29,cust_718678,NLAM,cash_loan,43089,24,677,medium,approved,43089,call_center,true,757
app_20250127_00001120,2025-01-27 17:39:08,cust_5849039,ITMI,auto_loan,43560,48,721,low,approved,43560,call_center,true,449
app_20250127_00001121,2025-01-27 19:39:50,cust_2288251,FRID,refinance,220846,120,641,medium,approved,220846,atm,false,868
app_20250127_00001122,2025-01-27 21:47:52,cust_9381695,SESV,business_loan,28012,48,502,medium,approved,28012,atm,true,656
app_20250127_00001123,2025-01-27 12:45:14,cust_5119622,ITMI,auto_loan,44690,24,563,medium,rejected,0,partner,false,12
app_20250127_00001124,2025-01-27 02:38:07,cust_1788775,BENL,auto_loan,43337,24,637,medium,rejected,0,branch,false,83
app_20250127_00001125,2025-01-27 05:48:49,cust_6086710,NLAM,business_loan,17542,36,459,high,approved,17542,mobile_app,true,686
app_20250127_00001126,2025-01-27 02:36:50,cust_9272400,AUTR,auto_loan,55861,24,661,medium,approved,55861,branch,false,437
app_20250127_00001127,2025-01-27 09:04:10,cust_4307543,SESV,cash_loan,45543,12,561,medium,approved,45543,call_center,false,682
app_20250127_00001128,2025-01-27 06:00:27,cust_8039085,ATVI,credit_card,31787,30,696,medium,approved,31787,mobile,true,751
app_20250127_00001129,2025-01-27 14:51:18,cust_7971723,PLWA,business_loan,19258,60,687,medium,approved,19258,atm,false,452
app_20250127_00001130,2025-01-27 16:47:40,cust_5252683,BENL,mortgage,472477,360,697,medium,approved,472477,web,true,803
app_20250127_00001131,2025-01-27 16:30:37,cust_4090265,AUTR,credit_card,8736,36,781,low,approved,8736,call_center,false,509
app_20250127_00001132,2025-01-27 18:37:13,cust_1508324,PLWA,refinance,299366,300,693,medium,approved,299366,web,false,756
app_20250127_00001133,2025-01-27 05:54:50,cust_4545461,UKLO,refinance,349730,360,559,medium,rejected,0,call_center,false,95
app_20250127_00001134,2025-01-27 05:39:37,cust_5994830,UKLO,education_loan,3890,36,839,low,rejected,0,branch,false,31
app_20250127_00001135,2025-01-27 05:09:50,cust_5090211,DEHE,education_loan,29893,24,515,medium,approved,29893,mobile,true,849
app_20250127_00001136,2025-01-27 12:31:05,cust_8252330,PLWA,personal_loan,45182,48,672,medium,rejected,0,partner,false,131
app_20250127_00001137,2025-01-27 05:21:42,cust_995677,DEHE,auto_loan,45192,36,457,high,rejected,0,mobile_app,true,130
app_20250127_00001138,2025-01-27 15:48:11,cust_6846419,CHBE,business_loan,3193,24,615,medium,approved,3193,partner,false,846
app_20250127_00001139,2025-01-27 18:02:45,cust_3207725,PLWA,mortgage,274306,360,753,low,approved,274306,call_center,true,417
app_20250127_00001140,2025-01-27 17:46:59,cust_4114912,NLAM,mortgage,79076,180,667,medium,approved,79076,web,true,703
app_20250127_00001141,2025-01-27 17:30:22,cust_8158332,AUTR,refinance,260305,180,571,medium,rejected,0,partner,true,151
app_20250127_00001142,2025-01-27 14:29:39,cust_4184432,GRRE,credit_card,16940,18,581,medium,rejected,0,online_banking,false,43
app_20250127_00001143,2025-01-27 20:10:55,cust_1552985,ATVI,business_loan,16817,48,778,low,approved,16817,partner,true,606
app_20250127_00001144,2025-01-27 23:05:24,cust_8945739,SESV,auto_loan,6280,48,528,medium,approved,6280,mobile,false,377
app_20250127_00001145,2025-01-27 06:26:42,cust_6210467,BENL,refinance,491998,300,631,medium,rejected,0,atm,true,63
app_20250127_00001146,2025-01-27 21:22:00,cust_8278781,CHBE,credit_card,47205,24,487,high,approved,47205,mobile_app,false,459
app_20250127_00001147,2025-01-27 13:05:59,cust_7094059,BENL,refinance,448068,360,775,low,approved,448068,partner,true,537
app_20250127_00001148,2025-01-27 20:19:31,cust_1830442,BENL,personal_loan,14334,12,637,medium,approved,14334,branch,false,142
app_20250127_00001149,2025-01-27 20:04:06,cust_6976488,CZPR,business_loan,13357,24,362,high,rejected,0,call_center,true,116
app_20250127_00001150,2025-01-27 07:36:27,cust_2557922,SESV,refinance,490743,240,592,medium,approved,490743,web,true,300
app_20250127_00001151,2025-01-27 19:12:33,cust_9122355,SESV,education_loan,37804,48,439,high,rejected,0,web,true,58
app_20250127_00001152,2025-01-27 04:32:41,cust_8226563,BENL,cash_loan,28206,24,603,medium,approved,28206,atm,true,877
app_20250127_00001153,2025-01-27 18:01:13,cust_3722424,ESMA,refinance,449750,120,605,medium,approved,449750,mobile_app,false,192
app_20250127_00001154,2025-01-27 00:18:08,cust_7097119,FRID,auto_loan,6244,48,549,medium,approved,6244,mobile,false,591
app_20250127_00001155,2025-01-27 05:20:08,cust_3432998,GRRE,personal_loan,33640,30,514,medium,rejected,0,atm,false,90
app_20250127_00001156,2025-01-27 18:32:13,cust_2366465,FRID,education_loan,12678,36,850,low,approved,12678,call_center,false,149
app_20250127_00001157,2025-01-27 08:34:00,cust_567358,DEHE,auto_loan,51517,48,746,low,rejected,0,atm,true,81
app_20250127_00001158,2025-01-27 16:58:44,cust_3695657,FRID,refinance,261871,120,690,medium,approved,261871,atm,false,123
app_20250127_00001159,2025-01-27 19:25:32,cust_6938072,CZPR,cash_loan,31579,42,640,medium,rejected,0,partner,true,23
app_20250127_00001160,2025-01-27 16:07:32,cust_7782925,GRRE,personal_loan,7246,24,674,medium,rejected,0,online_banking,true,50
app_20250127_00001161,2025-01-27 06:43:16,cust_3752558,DEHE,mortgage,331858,120,768,low,approved,331858,online_banking,true,697
app_20250127_00001162,2025-01-27 15:20:25,cust_5432325,GRRE,education_loan,11789,60,635,medium,approved,11789,web,true,310
app_20250127_00001163,2025-01-27 21:31:49,cust_2922118,GRRE,mortgage,68048,180,670,medium,approved,68048,web,false,363
app_20250127_00001164,2025-01-27 04:54:38,cust_3568577,GRRE,business_loan,33658,36,737,low,approved,33658,web,true,81
app_20250127_00001165,2025-01-27 01:10:25,cust_8388192,ITMI,education_loan,4137,36,675,medium,approved,4137,atm,true,631
app_20250127_00001166,2025-01-27 13:10:04,cust_8718677,GRRE,cash_loan,11544,42,737,low,approved,11544,branch,false,675
app_20250127_00001167,2025-01-27 01:27:31,cust_7534608,ITMI,cash_loan,3467,24,574,medium,rejected,0,atm,false,149
app_20250127_00001168,2025-01-27 09:43:55,cust_9615956,FRID,personal_loan,28720,42,533,medium,approved,28720,call_center,false,162
app_20250127_00001169,2025-01-27 22:25:10,cust_9669103,GRRE,mortgage,236167,180,669,medium,approved,236167,web,true,811
app_20250127_00001170,2025-01-27 20:42:23,cust_5581656,UKLO,auto_loan,29612,72,733,low,approved,29612,branch,true,347
app_20250127_00001171,2025-01-27 07:07:55,cust_6978131,PORP,cash_loan,3778,18,699,medium,approved,3778,mobile_app,false,577
app_20250127_00001172,2025-01-27 04:55:27,cust_1077402,ESMA,refinance,96276,300,459,high,approved,96276,online_banking,true,343
app_20250127_00001173,2025-01-27 20:26:25,cust_2557355,SESV,credit_card,43161,18,793,low,approved,43161,call_center,true,815
app_20250127_00001174,2025-01-27 02:42:50,cust_6748843,ESMA,refinance,103565,120,774,low,approved,103565,web,false,364
app_20250127_00001175,2025-01-27 15:46:52,cust_6986004,AUTR,auto_loan,37250,60,619,medium,approved,37250,call_center,true,177
app_20250127_00001176,2025-01-27 15:47:24,cust_3178052,CZPR,education_loan,23737,36,720,low,approved,23737,web,true,854
app_20250127_00001177,2025-01-27 03:47:17,cust_2512568,CHBE,mortgage,367694,120,502,medium,approved,367694,web,true,81
app_20250127_00001178,2025-01-27 01:08:46,cust_8723499,AUTR,mortgage,459372,360,726,low,approved,459372,mobile_app,false,773
app_20250127_00001179,2025-01-27 00:10:19,cust_9283841,AUTR,cash_loan,18888,48,734,low,approved,18888,partner,true,824
app_20250127_00001180,2025-01-27 17:49:47,cust_4271827,CZPR,education_loan,24109,12,780,low,approved,24109,online_banking,true,898
app_20250127_00001181,2025-01-27 15:23:25,cust_8441713,CHBE,refinance,497777,300,665,medium,approved,497777,call_center,false,606
app_20250127_00001182,2025-01-27 01:26:37,cust_8863213,FRID,credit_card,20424,30,532,medium,approved,20424,partner,true,828
app_20250127_00001183,2025-01-27 14:37:36,cust_8328001,NLAM,cash_loan,10710,48,651,medium,rejected,0,atm,false,133
app_20250127_00001184,2025-01-27 00:03:30,cust_1333181,PORP,education_loan,14171,48,363,high,rejected,0,branch,false,119
app_20250127_00001185,2025-01-27 23:31:21,cust_6095365,PLWA,credit_card,1345,36,674,medium,rejected,0,branch,false,28
app_20250127_00001186,2025-01-27 02:37:52,cust_3972222,UKLO,auto_loan,41156,72,545,medium,rejected,0,partner,false,122
app_20250127_00001187,2025-01-27 12:07:46,cust_8713358,NLAM,cash_loan,41030,42,720,low,approved,41030,online_banking,true,869
app_20250127_00001188,2025-01-27 18:29:09,cust_4161224,UKLO,mortgage,427999,300,727,low,approved,427999,online_banking,true,730
app_20250127_00001189,2025-01-27 03:41:06,cust_4163097,ATVI,auto_loan,25930,36,635,medium,rejected,0,online_banking,true,5
app_20250127_00001190,2025-01-27 10:45:02,cust_5398979,PLWA,mortgage,295856,180,559,medium,approved,295856,online_banking,false,249
app_20250127_00001191,2025-01-27 06:36:37,cust_7328398,PLWA,personal_loan,45447,48,699,medium,rejected,0,atm,true,44
app_20250127_00001192,2025-01-27 04:02:53,cust_9365912,SESV,refinance,219133,180,656,medium,approved,219133,mobile,true,584
app_20250127_00001193,2025-01-27 20:49:20,cust_5450836,SESV,personal_loan,2841,18,590,medium,approved,2841,mobile_app,true,80
app_20250127_00001194,2025-01-27 23:50:42,cust_9888598,PORP,education_loan,20269,36,566,medium,rejected,0,mobile,false,47
app_20250127_00001195,2025-01-27 21:08:28,cust_4954349,NLAM,auto_loan,26877,60,617,medium,approved,26877,partner,false,566
app_20250127_00001196,2025-01-27 14:30:05,cust_8060024,PLWA,personal_loan,38830,36,664,medium,approved,38830,mobile_app,true,274
app_20250127_00001197,2025-01-27 22:11:04,cust_7859422,FRID,personal_loan,43911,30,713,low,approved,43911,mobile_app,true,44
app_20250127_00001198,2025-01-27 06:10:05,cust_4982799,GRRE,cash_loan,24289,18,723,low,approved,24289,mobile,false,557
app_20250127_00001199,2025-01-27 06:21:49,cust_8394940,UKLO,personal_loan,4526,36,614,medium,approved,4526,branch,true,452
app_20250127_00001200,2025-01-27 17:09:18,cust_1901809,DEHE,refinance,102140,300,760,low,approved,102140,branch,false,323
app_20250127_00001201,2025-01-27 20:21:22,cust_5599787,BENL,credit_card,17507,36,583,medium,approved,17507,mobile_app,true,244
app_20250127_00001202,2025-01-27 08:32:41,cust_1862146,AUTR,auto_loan,11367,72,527,medium,rejected,0,atm,true,153
app_20250127_00001203,2025-01-27 21:14:17,cust_6540618,SESV,credit_card,49011,24,733,low,approved,49011,mobile,true,829
app_20250127_00001204,2025-01-27 20:05:18,cust_1309926,FRID,personal_loan,42407,18,501,medium,approved,42407,partner,false,289
app_20250127_00001205,2025-01-27 06:58:32,cust_5390950,PLWA,business_loan,38402,36,798,low,approved,38402,atm,false,666
app_20250127_00001206,2025-01-27 20:25:13,cust_4866136,AUTR,refinance,351255,300,685,medium,approved,351255,online_banking,true,454
app_20250127_00001207,2025-01-27 17:07:10,cust_2081416,ATVI,education_loan,4853,48,549,medium,approved,4853,online_banking,true,77
app_20250127_00001208,2025-01-27 22:42:15,cust_4938382,SESV,business_loan,30556,36,594,medium,rejected,0,online_banking,true,67
app_20250127_00001209,2025-01-27 22:10:05,cust_2582175,ESMA,auto_loan,50032,24,742,low,approved,50032,branch,true,742
app_20250127_00001210,2025-01-27 15:22:32,cust_4496577,FRID,refinance,231769,300,652,medium,approved,231769,online_banking,false,288
app_20250127_00001211,2025-01-27 14:30:05,cust_6567253,BENL,education_loan,38266,48,685,medium,approved,38266,branch,true,317
app_20250127_00001212,2025-01-27 01:16:17,cust_1828512,UKLO,personal_loan,25133,18,573,medium,approved,25133,mobile_app,false,599
app_20250127_00001213,2025-01-27 17:54:43,cust_5857755,CHBE,mortgage,206183,240,746,low,approved,206183,partner,false,316
app_20250127_00001214,2025-01-27 17:19:48,cust_7834236,GRRE,education_loan,6240,36,652,medium,approved,6240,online_banking,false,182
app_20250127_00001215,2025-01-27 17:28:37,cust_7502122,CZPR,cash_loan,44184,12,714,low,rejected,0,partner,true,47
app_20250127_00001216,2025-01-27 20:20:01,cust_2603739,CZPR,personal_loan,25970,30,754,low,approved,25970,atm,true,822
app_20250127_00001217,2025-01-27 10:21:23,cust_8008400,NLAM,education_loan,39897,48,596,medium,approved,39897,call_center,false,782
app_20250127_00001218,2025-01-27 17:25:57,cust_7499107,PLWA,auto_loan,43397,48,703,low,approved,43397,atm,false,76
app_20250127_00001219,2025-01-27 19:53:45,cust_8901802,ITMI,credit_card,39872,42,540,medium,rejected,0,branch,false,72
app_20250127_00001220,2025-01-27 08:08:31,cust_4013698,AUTR,credit_card,6541,30,699,medium,rejected,0,branch,true,142
app_20250127_00001221,2025-01-27 23:30:04,cust_5822296,PORP,business_loan,25753,60,799,low,approved,25753,web,true,424
app_20250127_00001222,2025-01-27 21:57:17,cust_5075924,ITMI,business_loan,33377,24,616,medium,approved,33377,branch,false,787
app_20250127_00001223,2025-01-27 23:10:36,cust_4459037,AUTR,auto_loan,18450,36,554,medium,approved,18450,partner,false,852
app_20250127_00001224,2025-01-27 07:04:27,cust_3734241,UKLO,business_loan,31235,36,735,low,rejected,0,branch,false,104
app_20250127_00001225,2025-01-27 04:35:06,cust_461685,UKLO,credit_card,47139,30,657,medium,approved,47139,call_center,true,405
app_20250127_00001226,2025-01-27 09:45:22,cust_5830338,CZPR,auto_loan,16164,72,582,medium,rejected,0,call_center,false,141
app_20250127_00001227,2025-01-27 15:06:33,cust_2354913,FRID,personal_loan,14157,24,503,medium,approved,14157,atm,false,828
app_20250127_00001228,2025-01-27 07:21:23,cust_9274010,ESMA,auto_loan,43263,24,699,medium,approved,43263,atm,false,58
app_20250127_00001229,2025-01-27 15:48:48,cust_5261562,SESV,credit_card,36042,36,603,medium,approved,36042,partner,true,479
app_20250127_00001230,2025-01-27 07:12:40,cust_3398022,BENL,business_loan,38575,24,633,medium,approved,38575,mobile_app,false,511
app_20250127_00001231,2025-01-27 23:22:38,cust_2391586,CZPR,cash_loan,17668,12,502,medium,approved,17668,call_center,false,760
app_20250127_00001232,2025-01-27 18:57:03,cust_3297755,DEHE,auto_loan,19392,48,656,medium,approved,19392,branch,false,675
app_20250127_00001233,2025-01-27 08:44:14,cust_9030023,UKLO,refinance,111819,300,576,medium,approved,111819,call_center,false,566
app_20250127_00001234,2025-01-27 12:33:45,cust_7867984,NLAM,auto_loan,55552,36,850,low,approved,55552,mobile,false,434
app_20250127_00001235,2025-01-27 21:24:29,cust_8867113,PLWA,business_loan,28644,48,607,medium,rejected,0,online_banking,true,104
app_20250127_00001236,2025-01-27 10:28:19,cust_3837685,BENL,credit_card,41186,24,710,low,rejected,0,atm,true,120
app_20250127_00001237,2025-01-27 06:43:09,cust_5728870,UKLO,business_loan,20725,24,469,high,rejected,0,partner,false,150
app_20250127_00001238,2025-01-27 08:01:24,cust_5018434,AUTR,credit_card,14885,42,824,low,approved,14885,call_center,false,133
app_20250127_00001239,2025-01-27 12:56:56,cust_2031321,DEHE,credit_card,27988,24,692,medium,rejected,0,atm,true,135
app_20250127_00001240,2025-01-27 10:37:59,cust_3861984,CHBE,cash_loan,14847,36,524,medium,approved,14847,partner,true,841
app_20250127_00001241,2025-01-27 17:52:31,cust_1022710,AUTR,cash_loan,18223,42,778,low,approved,18223,partner,true,503
app_20250127_00001242,2025-01-27 06:58:58,cust_9410215,UKLO,mortgage,218521,180,478,high,rejected,0,mobile_app,true,25
app_20250127_00001243,2025-01-27 14:50:55,cust_3517402,AUTR,education_loan,28980,36,565,medium,rejected,0,mobile,true,101
app_20250127_00001244,2025-01-27 18:38:02,cust_7280394,DEHE,cash_loan,40407,30,630,medium,approved,40407,web,false,574
app_20250127_00001245,2025-01-27 21:13:41,cust_5918626,CHBE,mortgage,158684,360,740,low,approved,158684,branch,false,551
app_20250127_00001246,2025-01-27 17:27:51,cust_1948540,ESMA,business_loan,17877,36,683,medium,approved,17877,partner,true,849
app_20250127_00001247,2025-01-27 05:04:00,cust_6902149,BENL,auto_loan,53700,36,618,medium,approved,53700,online_banking,true,742
app_20250127_00001248,2025-01-27 14:14:22,cust_8180346,PLWA,business_loan,6311,60,605,medium,rejected,0,atm,false,10
app_20250127_00001249,2025-01-27 01:31:31,cust_4768806,BENL,auto_loan,31880,60,664,medium,rejected,0,atm,true,49
app_20250127_00001250,2025-01-27 14:40:14,cust_3654623,PLWA,credit_card,49096,30,590,medium,approved,49096,branch,true,876
app_20250127_00001251,2025-01-27 03:32:01,cust_2324837,ESMA,business_loan,6580,48,688,medium,approved,6580,branch,true,886
app_20250127_00001252,2025-01-27 21:55:02,cust_4336505,ITMI,cash_loan,8099,24,593,medium,rejected,0,mobile_app,true,63
app_20250127_00001253,2025-01-27 17:36:16,cust_1608482,PORP,business_loan,26954,48,549,medium,rejected,0,mobile_app,false,60
app_20250127_00001254,2025-01-27 00:57:33,cust_6220556,ITMI,auto_loan,33423,24,757,low,approved,33423,call_center,true,374
app_20250127_00001255,2025-01-27 16:20:26,cust_4012298,NLAM,mortgage,371888,300,813,low,approved,371888,online_banking,false,222
app_20250127_00001256,2025-01-27 22:52:47,cust_7292310,ESMA,credit_card,17804,18,786,low,approved,17804,partner,true,863
app_20250127_00001257,2025-01-27 19:23:15,cust_2992540,GRRE,auto_loan,25041,60,699,medium,approved,25041,online_banking,false,798
app_20250127_00001258,2025-01-27 05:22:18,cust_1631489,CHBE,refinance,289944,240,627,medium,rejected,0,call_center,false,18
app_20250127_00001259,2025-01-27 20:17:09,cust_4444942,PORP,education_loan,13765,24,668,medium,approved,13765,atm,true,257
app_20250127_00001260,2025-01-27 16:48:32,cust_8348517,NLAM,refinance,295009,300,601,medium,approved,295009,branch,false,844
app_20250127_00001261,2025-01-27 18:49:37,cust_1142220,CHBE,personal_loan,13131,18,645,medium,approved,13131,atm,false,897
app_20250127_00001262,2025-01-27 02:23:24,cust_5832845,BENL,mortgage,326766,180,748,low,approved,326766,mobile,false,828
app_20250127_00001263,2025-01-27 10:21:02,cust_4783383,GRRE,business_loan,37477,36,730,low,approved,37477,call_center,true,840
app_20250127_00001264,2025-01-27 12:33:40,cust_4320085,CZPR,credit_card,6008,18,672,medium,approved,6008,partner,false,546
app_20250127_00001265,2025-01-27 20:09:25,cust_1447641,UKLO,business_loan,17193,60,525,medium,rejected,0,web,false,72
app_20250127_00001266,2025-01-27 19:45:44,cust_1497170,SESV,cash_loan,31337,30,633,medium,approved,31337,mobile_app,true,545
app_20250127_00001267,2025-01-27 11:47:34,cust_5636520,UKLO,auto_loan,14434,24,608,medium,approved,14434,online_banking,false,730
app_20250127_00001268,2025-01-27 20:52:18,cust_1565825,ITMI,cash_loan,11493,12,734,low,approved,11493,atm,true,713
app_20250127_00001269,2025-01-27 22:16:10,cust_3239550,AUTR,auto_loan,56843,24,626,medium,approved,56843,mobile_app,true,145
app_20250127_00001270,2025-01-27 04:32:44,cust_6485768,PORP,refinance,164138,240,813,low,approved,164138,online_banking,false,642
app_20250127_00001271,2025-01-27 17:52:40,cust_7153853,BENL,business_loan,18968,12,697,medium,approved,18968,mobile_app,false,331
app_20250127_00001272,2025-01-27 11:54:41,cust_6581155,ATVI,education_loan,31994,36,642,medium,rejected,0,mobile,true,28
app_20250127_00001273,2025-01-27 08:44:33,cust_5921895,DEHE,personal_loan,4315,48,589,medium,approved,4315,partner,true,56
app_20250127_00001274,2025-01-27 16:23:14,cust_8904758,FRID,education_loan,26046,48,604,medium,approved,26046,mobile,false,479
app_20250127_00001275,2025-01-27 18:56:12,cust_4668581,ATVI,personal_loan,31562,30,771,low,rejected,0,mobile,true,148
app_20250127_00001276,2025-01-27 17:22:34,cust_924917,NLAM,refinance,103302,240,591,medium,approved,103302,web,true,526
app_20250127_00001277,2025-01-27 10:29:43,cust_7220181,FRID,refinance,235096,120,636,medium,approved,235096,atm,true,576
app_20250127_00001278,2025-01-27 12:22:23,cust_5802262,AUTR,business_loan,18469,24,612,medium,approved,18469,web,false,246
app_20250127_00001279,2025-01-27 02:19:32,cust_3644774,PLWA,cash_loan,41482,12,693,medium,rejected,0,branch,true,180
app_20250127_00001280,2025-01-27 12:09:49,cust_1027354,UKLO,cash_loan,2401,36,640,medium,approved,2401,partner,false,640
app_20250127_00001281,2025-01-27 20:16:08,cust_4822929,ITMI,cash_loan,1878,12,635,medium,approved,1878,web,true,314
app_20250127_00001282,2025-01-27 00:22:39,cust_6007470,AUTR,credit_card,46920,24,660,medium,rejected,0,web,true,168
app_20250127_00001283,2025-01-27 16:30:39,cust_8599831,DEHE,education_loan,31643,24,641,medium,approved,31643,call_center,false,378
app_20250127_00001284,2025-01-27 03:47:06,cust_390370,AUTR,credit_card,17091,36,563,medium,approved,17091,atm,false,283
app_20250127_00001285,2025-01-27 23:03:56,cust_4574597,DEHE,business_loan,12839,36,543,medium,rejected,0,partner,false,15
app_20250127_00001286,2025-01-27 22:43:37,cust_2312516,CHBE,business_loan,37643,24,787,low,approved,37643,online_banking,true,709
app_20250127_00001287,2025-01-27 20:50:45,cust_1975898,BENL,education_loan,2014,36,814,low,approved,2014,online_banking,false,661
app_20250127_00001288,2025-01-27 13:52:00,cust_2904275,CZPR,education_loan,10225,36,655,medium,approved,10225,partner,true,119
app_20250127_00001289,2025-01-27 19:34:20,cust_887289,PLWA,education_loan,17748,60,520,medium,approved,17748,mobile,false,642
app_20250127_00001290,2025-01-27 06:21:29,cust_4137285,SESV,mortgage,190772,360,737,low,approved,190772,atm,false,394
app_20250127_00001291,2025-01-27 19:51:27,cust_7854679,AUTR,auto_loan,39343,60,464,high,rejected,0,mobile,true,32
app_20250127_00001292,2025-01-27 08:47:47,cust_1178004,AUTR,cash_loan,11892,48,645,medium,rejected,0,atm,true,35
app_20250127_00001293,2025-01-27 16:34:19,cust_2555595,CHBE,auto_loan,14420,36,566,medium,approved,14420,atm,true,833
app_20250127_00001294,2025-01-27 03:54:27,cust_9410200,UKLO,auto_loan,48301,48,628,medium,rejected,0,atm,true,23
app_20250127_00001295,2025-01-27 14:12:30,cust_2398132,DEHE,business_loan,6178,60,644,medium,approved,6178,web,true,805
app_20250127_00001296,2025-01-27 13:04:56,cust_156801,DEHE,auto_loan,56961,24,626,medium,approved,56961,mobile,false,847
app_20250127_00001297,2025-01-27 15:18:29,cust_6596744,ATVI,business_loan,37091,60,831,low,approved,37091,atm,false,108
app_20250127_00001298,2025-01-27 13:01:21,cust_9080861,NLAM,personal_loan,13594,24,487,high,rejected,0,branch,false,135
app_20250127_00001299,2025-01-27 18:06:22,cust_8304209,ITMI,mortgage,162473,360,725,low,approved,162473,branch,true,46
app_20250127_00001300,2025-01-27 19:10:53,cust_5656630,PLWA,auto_loan,32175,24,560,medium,rejected,0,online_banking,false,63
app_20250127_00001301,2025-01-27 08:59:27,cust_4383636,ATVI,refinance,290855,180,567,medium,approved,290855,atm,true,279
app_20250127_00001302,2025-01-27 10:12:05,cust_3632593,NLAM,personal_loan,42607,30,575,medium,rejected,0,web,false,104
app_20250127_00001303,2025-01-27 16:19:05,cust_4167047,CZPR,business_loan,35063,60,679,medium,rejected,0,call_center,false,62
app_20250127_00001304,2025-01-27 14:52:01,cust_2409825,GRRE,mortgage,211796,360,586,medium,rejected,0,branch,false,77
app_20250127_00001305,2025-01-27 00:26:53,cust_388236,BENL,auto_loan,42195,36,634,medium,approved,42195,atm,false,579
app_20250127_00001306,2025-01-27 23:30:15,cust_7066592,ATVI,mortgage,269428,360,488,high,approved,269428,partner,false,664
app_20250127_00001307,2025-01-27 19:08:22,cust_7878606,BENL,mortgage,381662,120,660,medium,approved,381662,mobile_app,true,319
app_20250127_00001308,2025-01-27 00:08:05,cust_6827560,NLAM,cash_loan,38282,24,738,low,approved,38282,mobile_app,false,413
app_20250127_00001309,2025-01-27 18:00:42,cust_3144189,PLWA,cash_loan,32856,24,696,medium,approved,32856,atm,true,318
app_20250127_00001310,2025-01-27 02:57:36,cust_6769704,CHBE,refinance,380802,180,530,medium,approved,380802,call_center,true,561
app_20250127_00001311,2025-01-27 19:47:42,cust_9868255,NLAM,cash_loan,1460,36,625,medium,rejected,0,atm,false,7
app_20250127_00001312,2025-01-27 06:41:25,cust_5811649,UKLO,mortgage,153558,360,573,medium,rejected,0,online_banking,true,54
app_20250127_00001313,2025-01-27 20:53:09,cust_7003060,SESV,mortgage,425757,180,547,medium,rejected,0,mobile,true,119
app_20250127_00001314,2025-01-27 02:50:37,cust_5802182,NLAM,refinance,58151,360,534,medium,rejected,0,branch,false,44
app_20250127_00001315,2025-01-27 17:40:03,cust_332165,PORP,credit_card,9476,24,562,medium,rejected,0,call_center,false,49
app_20250127_00001316,2025-01-27 00:20:15,cust_1198149,NLAM,personal_loan,48002,30,568,medium,rejected,0,mobile_app,true,22
app_20250127_00001317,2025-01-27 17:47:41,cust_5726297,DEHE,education_loan,18573,36,695,medium,approved,18573,branch,false,863
app_20250127_00001318,2025-01-27 23:29:09,cust_102180,ITMI,mortgage,477164,300,712,low,rejected,0,mobile_app,false,38
app_20250127_00001319,2025-01-27 04:06:47,cust_8254174,DEHE,cash_loan,48962,48,754,low,rejected,0,partner,true,41
app_20250127_00001320,2025-01-27 06:17:52,cust_2443618,PORP,cash_loan,2085,36,572,medium,approved,2085,partner,false,703
app_20250127_00001321,2025-01-27 03:26:39,cust_3576580,CZPR,personal_loan,22928,48,521,medium,rejected,0,online_banking,false,50
app_20250127_00001322,2025-01-27 19:35:13,cust_3313746,DEHE,education_loan,30805,36,605,medium,approved,30805,atm,false,856
app_20250127_00001323,2025-01-27 23:58:22,cust_2112131,BENL,business_loan,19133,24,649,medium,rejected,0,mobile_app,false,112
app_20250127_00001324,2025-01-27 19:04:23,cust_1107393,NLAM,business_loan,32320,12,526,medium,rejected,0,mobile,true,89
app_20250127_00001325,2025-01-27 11:03:04,cust_3030822,UKLO,education_loan,26607,24,655,medium,approved,26607,mobile_app,true,651
app_20250127_00001326,2025-01-27 00:22:45,cust_4621444,DEHE,cash_loan,8026,12,679,medium,approved,8026,mobile,true,702
app_20250127_00001327,2025-01-27 02:29:32,cust_9806813,DEHE,credit_card,40006,12,742,low,approved,40006,atm,true,77
app_20250127_00001328,2025-01-27 16:17:21,cust_8246274,NLAM,credit_card,45019,12,637,medium,rejected,0,call_center,true,16
app_20250127_00001329,2025-01-27 17:20:38,cust_9176461,ITMI,mortgage,138466,360,664,medium,approved,138466,mobile_app,false,38
app_20250127_00001330,2025-01-27 17:12:58,cust_5742344,ITMI,refinance,126883,180,535,medium,approved,126883,web,false,880
app_20250127_00001331,2025-01-27 00:19:44,cust_5176544,GRRE,personal_loan,8962,24,728,low,approved,8962,call_center,true,772
app_20250127_00001332,2025-01-27 19:44:55,cust_5915802,ITMI,education_loan,3601,24,578,medium,rejected,0,web,true,6
app_20250127_00001333,2025-01-27 12:56:20,cust_7451312,CHBE,auto_loan,9968,60,652,medium,rejected,0,partner,false,16
app_20250127_00001334,2025-01-27 20:55:48,cust_7265803,CZPR,personal_loan,23981,18,755,low,rejected,0,mobile_app,false,112
app_20250127_00001335,2025-01-27 20:26:21,cust_1523853,CHBE,cash_loan,6758,48,689,medium,approved,6758,mobile,true,516
app_20250127_00001336,2025-01-27 23:35:07,cust_2663341,ITMI,auto_loan,49436,60,762,low,approved,49436,mobile_app,true,831
app_20250127_00001337,2025-01-27 18:22:42,cust_2427608,GRRE,refinance,467001,240,567,medium,rejected,0,atm,true,114
app_20250127_00001338,2025-01-27 07:52:58,cust_758269,ESMA,personal_loan,25485,12,649,medium,approved,25485,partner,false,255
app_20250127_00001339,2025-01-27 00:27:02,cust_8156946,FRID,auto_loan,54255,36,801,low,approved,54255,branch,false,301
app_20250127_00001340,2025-01-27 11:18:57,cust_4211624,CZPR,education_loan,32770,48,613,medium,approved,32770,online_banking,true,527
app_20250127_00001341,2025-01-27 08:36:13,cust_5876208,NLAM,cash_loan,7936,18,616,medium,approved,7936,partner,false,66
app_20250127_00001342,2025-01-27 05:49:11,cust_488232,PORP,cash_loan,31727,24,672,medium,approved,31727,branch,false,659
app_20250127_00001343,2025-01-27 13:48:26,cust_5672270,PORP,mortgage,332980,300,615,medium,rejected,0,online_banking,false,117
app_20250127_00001344,2025-01-27 01:08:35,cust_8958797,GRRE,business_loan,18699,48,491,high,rejected,0,mobile_app,false,81
app_20250127_00001345,2025-01-27 21:47:03,cust_749840,UKLO,refinance,384109,180,664,medium,approved,384109,mobile,false,203
app_20250127_00001346,2025-01-27 21:04:34,cust_3310367,CZPR,personal_loan,4659,48,665,medium,rejected,0,mobile_app,true,125
app_20250127_00001347,2025-01-27 01:19:44,cust_7865884,GRRE,personal_loan,32164,24,680,medium,approved,32164,partner,false,844
app_20250127_00001348,2025-01-27 16:11:37,cust_8868777,BENL,mortgage,206495,120,497,high,approved,206495,atm,false,653
app_20250127_00001349,2025-01-27 17:22:27,cust_3090669,CZPR,cash_loan,2911,18,606,medium,rejected,0,atm,false,48
app_20250127_00001350,2025-01-27 05:51:39,cust_9217241,CZPR,education_loan,12516,24,716,low,approved,12516,mobile,false,76
app_20250127_00001351,2025-01-27 23:35:07,cust_1337986,CZPR,credit_card,20837,12,850,low,approved,20837,mobile,false,733
app_20250127_00001352,2025-01-27 09:02:27,cust_4599403,SESV,auto_loan,49809,60,850,low,approved,49809,web,false,231
app_20250127_00001353,2025-01-27 00:21:13,cust_4652250,FRID,credit_card,42611,18,649,medium,approved,42611,mobile,false,730
app_20250127_00001354,2025-01-27 18:25:27,cust_504187,GRRE,auto_loan,42003,24,689,medium,rejected,0,branch,true,157
app_20250127_00001355,2025-01-27 12:49:17,cust_7724812,ESMA,cash_loan,3655,24,450,high,approved,3655,web,true,451
app_20250127_00001356,2025-01-27 09:15:39,cust_6577748,AUTR,auto_loan,7272,48,531,medium,rejected,0,online_banking,false,150
app_20250127_00001357,2025-01-27 15:07:19,cust_4065917,PLWA,personal_loan,29382,24,724,low,rejected,0,online_banking,false,117
app_20250127_00001358,2025-01-27 16:30:32,cust_2427622,UKLO,auto_loan,7850,72,658,medium,approved,7850,branch,true,217
app_20250127_00001359,2025-01-27 07:20:13,cust_6168702,PLWA,refinance,326322,120,535,medium,approved,326322,partner,true,561
app_20250127_00001360,2025-01-27 13:39:55,cust_7802032,FRID,mortgage,219849,180,522,medium,rejected,0,web,false,46
app_20250127_00001361,2025-01-27 09:48:06,cust_6057323,CHBE,business_loan,27449,48,598,medium,approved,27449,mobile,false,58
app_20250127_00001362,2025-01-27 14:37:14,cust_8832715,ATVI,mortgage,401350,240,627,medium,rejected,0,atm,true,91
app_20250127_00001363,2025-01-27 01:02:01,cust_9336426,ATVI,auto_loan,14120,36,810,low,approved,14120,mobile,false,368
app_20250127_00001364,2025-01-27 11:00:28,cust_7773577,NLAM,mortgage,393562,240,568,medium,rejected,0,web,false,91
app_20250127_00001365,2025-01-27 14:50:05,cust_2233214,NLAM,mortgage,429486,300,591,medium,approved,429486,web,true,893
app_20250127_00001366,2025-01-27 00:45:13,cust_7485990,PLWA,personal_loan,41281,30,762,low,rejected,0,partner,true,160
app_20250127_00001367,2025-01-27 00:04:39,cust_3404283,NLAM,education_loan,26289,12,603,medium,approved,26289,web,false,590
app_20250127_00001368,2025-01-27 16:27:32,cust_6728600,ATVI,auto_loan,49664,48,554,medium,approved,49664,call_center,false,685
app_20250127_00001369,2025-01-27 13:43:50,cust_3843644,BENL,cash_loan,39478,24,524,medium,rejected,0,partner,false,55
app_20250127_00001370,2025-01-27 08:06:18,cust_3173875,ESMA,personal_loan,31211,48,501,medium,rejected,0,mobile,false,93
app_20250127_00001371,2025-01-27 03:52:10,cust_1516933,ITMI,mortgage,474498,300,850,low,approved,474498,online_banking,false,313
app_20250127_00001372,2025-01-27 23:44:05,cust_4093020,ESMA,mortgage,409530,180,569,medium,rejected,0,call_center,true,115
app_20250127_00001373,2025-01-27 00:47:02,cust_3936538,CHBE,refinance,200147,180,483,high,approved,200147,atm,true,518
app_20250127_00001374,2025-01-27 22:42:24,cust_7245028,ITMI,mortgage,122812,360,672,medium,rejected,0,branch,true,40
app_20250127_00001375,2025-01-27 12:29:01,cust_8694126,FRID,refinance,406816,360,670,medium,rejected,0,branch,true,170
app_20250127_00001376,2025-01-27 15:40:20,cust_6229100,NLAM,auto_loan,55130,60,754,low,rejected,0,call_center,false,173
app_20250127_00001377,2025-01-27 03:07:03,cust_9184991,PLWA,education_loan,36183,36,628,medium,approved,36183,mobile_app,true,364
app_20250127_00001378,2025-01-27 20:00:25,cust_6192154,NLAM,credit_card,33504,24,608,medium,rejected,0,branch,true,5
app_20250127_00001379,2025-01-27 18:06:03,cust_9012979,NLAM,refinance,412487,120,752,low,approved,412487,atm,true,769
app_20250127_00001380,2025-01-27 06:51:52,cust_6527489,UKLO,mortgage,168550,360,761,low,approved,168550,atm,false,702
app_20250127_00001381,2025-01-27 14:09:55,cust_5075086,SESV,credit_card,18982,12,642,medium,approved,18982,online_banking,false,553
app_20250127_00001382,2025-01-27 05:40:46,cust_3670743,UKLO,auto_loan,27295,24,835,low,approved,27295,branch,true,711
app_20250127_00001383,2025-01-27 16:21:51,cust_7795743,CHBE,mortgage,485314,180,615,medium,rejected,0,web,false,105
app_20250127_00001384,2025-01-27 23:03:37,cust_8977194,GRRE,mortgage,398805,360,636,medium,approved,398805,mobile,false,877
app_20250127_00001385,2025-01-27 18:12:29,cust_5829884,ATVI,refinance,426565,180,528,medium,approved,426565,branch,true,44
app_20250127_00001386,2025-01-27 20:51:13,cust_1607215,DEHE,cash_loan,20717,30,615,medium,approved,20717,mobile_app,false,261
app_20250127_00001387,2025-01-27 19:23:10,cust_4671024,ATVI,auto_loan,32724,24,708,low,rejected,0,branch,true,180
app_20250127_00001388,2025-01-27 22:56:00,cust_8401932,NLAM,refinance,418754,360,594,medium,approved,418754,online_banking,true,249
app_20250127_00001389,2025-01-27 15:09:07,cust_7449693,NLAM,refinance,433146,360,585,medium,approved,433146,online_banking,false,775
app_20250127_00001390,2025-01-27 09:25:42,cust_4600248,AUTR,business_loan,21306,36,532,medium,approved,21306,mobile,false,437
app_20250127_00001391,2025-01-27 11:53:18,cust_1280531,PLWA,refinance,161249,300,608,medium,rejected,0,branch,true,94
app_20250127_00001392,2025-01-27 09:49:00,cust_8438656,FRID,education_loan,38159,24,738,low,approved,38159,mobile,true,159
app_20250127_00001393,2025-01-27 15:16:47,cust_831732,ESMA,education_loan,34001,48,717,low,rejected,0,web,true,120
app_20250127_00001394,2025-01-27 19:45:46,cust_5143930,ATVI,credit_card,48878,30,638,medium,approved,48878,call_center,false,637
app_20250127_00001395,2025-01-27 12:23:24,cust_1614553,FRID,education_loan,6149,48,817,low,approved,6149,call_center,false,791
app_20250127_00001396,2025-01-27 04:55:23,cust_6268852,UKLO,business_loan,14933,36,839,low,approved,14933,web,false,886
app_20250127_00001397,2025-01-27 14:32:29,cust_6935502,ESMA,education_loan,28745,36,501,medium,rejected,0,partner,false,82
app_20250127_00001398,2025-01-27 06:41:24,cust_6583795,CHBE,credit_card,49057,18,850,low,rejected,0,partner,false,66
app_20250127_00001399,2025-01-27 08:57:28,cust_9657146,UKLO,personal_loan,12851,48,657,medium,approved,12851,web,false,124
app_20250127_00001400,2025-01-27 11:17:28,cust_1012609,ESMA,personal_loan,46057,12,530,medium,rejected,0,online_banking,false,172
app_20250127_00001401,2025-01-27 00:52:18,cust_9366700,BENL,auto_loan,33907,36,490,high,approved,33907,branch,true,715
app_20250127_00001402,2025-01-27 17:55:01,cust_5687874,ITMI,mortgage,413607,360,725,low,rejected,0,web,true,135
app_20250127_00001403,2025-01-27 05:21:36,cust_2871454,AUTR,education_loan,9920,24,734,low,approved,9920,mobile,true,576
app_20250127_00001404,2025-01-27 01:34:47,cust_2726457,SESV,auto_loan,9306,24,790,low,approved,9306,partner,true,79
app_20250127_00001405,2025-01-27 17:27:01,cust_4170798,BENL,personal_loan,44565,12,695,medium,approved,44565,partner,true,623
app_20250127_00001406,2025-01-27 10:26:25,cust_7752917,DEHE,cash_loan,2157,12,374,high,rejected,0,partner,true,22
app_20250127_00001407,2025-01-27 20:38:35,cust_4873454,AUTR,mortgage,242689,180,674,medium,rejected,0,mobile_app,false,144
app_20250127_00001408,2025-01-27 11:54:14,cust_8261380,FRID,credit_card,10667,12,597,medium,approved,10667,web,false,235
app_20250127_00001409,2025-01-27 13:00:48,cust_3900114,AUTR,auto_loan,59249,72,593,medium,rejected,0,branch,false,146
app_20250127_00001410,2025-01-27 13:05:33,cust_5406644,ATVI,mortgage,410703,360,614,medium,approved,410703,call_center,true,752
app_20250127_00001411,2025-01-27 16:05:04,cust_1423444,SESV,mortgage,231651,120,659,medium,approved,231651,call_center,true,44
app_20250127_00001412,2025-01-27 02:30:35,cust_6441240,ATVI,mortgage,161849,300,713,low,approved,161849,mobile_app,true,314
app_20250127_00001413,2025-01-27 10:17:59,cust_7676184,UKLO,personal_loan,31975,48,701,low,approved,31975,mobile,false,456
app_20250127_00001414,2025-01-27 06:25:51,cust_8925098,FRID,credit_card,19881,24,712,low,approved,19881,online_banking,true,302
app_20250127_00001415,2025-01-27 01:33:56,cust_4739921,ESMA,business_loan,14582,36,505,medium,approved,14582,web,true,60
app_20250127_00001416,2025-01-27 10:15:34,cust_3119529,ESMA,education_loan,5187,12,492,high,rejected,0,web,true,34
app_20250127_00001417,2025-01-27 05:07:29,cust_1457742,CHBE,credit_card,44426,36,673,medium,approved,44426,partner,true,849
app_20250127_00001418,2025-01-27 05:44:00,cust_8976110,FRID,personal_loan,25714,42,631,medium,approved,25714,mobile_app,true,639
app_20250127_00001419,2025-01-27 08:55:17,cust_7510929,NLAM,auto_loan,10791,60,671,medium,approved,10791,mobile_app,true,128
app_20250127_00001420,2025-01-27 18:18:54,cust_8060682,ITMI,auto_loan,5782,36,558,medium,rejected,0,partner,true,11
app_20250127_00001421,2025-01-27 16:33:02,cust_6010074,DEHE,education_loan,18497,24,603,medium,approved,18497,web,false,671
app_20250127_00001422,2025-01-27 00:31:53,cust_2301830,DEHE,refinance,280119,360,720,low,approved,280119,branch,false,408
app_20250127_00001423,2025-01-27 11:18:56,cust_2784954,BENL,business_loan,22013,60,735,low,approved,22013,mobile_app,true,519
app_20250127_00001424,2025-01-27 08:20:48,cust_9143706,DEHE,credit_card,48871,30,795,low,approved,48871,mobile_app,false,845
app_20250127_00001425,2025-01-27 17:11:50,cust_3290649,CHBE,cash_loan,38003,18,733,low,approved,38003,branch,true,802
app_20250127_00001426,2025-01-27 02:33:45,cust_1081874,SESV,credit_card,14038,30,648,medium,approved,14038,mobile_app,true,308
app_20250127_00001427,2025-01-27 08:51:37,cust_6496807,DEHE,cash_loan,34543,36,798,low,rejected,0,atm,true,69
app_20250127_00001428,2025-01-27 15:55:05,cust_4807966,ITMI,mortgage,398864,300,777,low,approved,398864,atm,true,674
app_20250127_00001429,2025-01-27 12:16:04,cust_9344977,FRID,education_loan,18806,12,601,medium,approved,18806,mobile,true,615
app_20250127_00001430,2025-01-27 22:10:41,cust_7440304,AUTR,credit_card,29046,18,712,low,approved,29046,online_banking,true,450
app_20250127_00001431,2025-01-27 18:46:08,cust_1730866,SESV,cash_loan,43576,42,670,medium,rejected,0,web,false,45
app_20250127_00001432,2025-01-27 14:15:15,cust_1978991,PORP,education_loan,28755,36,735,low,rejected,0,online_banking,false,116
app_20250127_00001433,2025-01-27 15:21:23,cust_9075692,CZPR,credit_card,43858,12,629,medium,approved,43858,web,false,624
app_20250127_00001434,2025-01-27 03:42:13,cust_5575475,FRID,cash_loan,22055,12,653,medium,approved,22055,mobile_app,true,784
app_20250127_00001435,2025-01-27 17:35:24,cust_4026681,ITMI,education_loan,11753,36,678,medium,approved,11753,branch,true,767
app_20250127_00001436,2025-01-27 20:39:57,cust_7757525,PORP,personal_loan,46909,30,718,low,approved,46909,partner,false,545
app_20250127_00001437,2025-01-27 22:51:49,cust_8560725,DEHE,personal_loan,48791,30,627,medium,approved,48791,mobile,false,82
app_20250127_00001438,2025-01-27 04:39:57,cust_3092766,BENL,business_loan,23330,60,496,high,approved,23330,web,true,676
app_20250127_00001439,2025-01-27 21:40:30,cust_9544318,ITMI,mortgage,180362,120,660,medium,approved,180362,partner,false,104
app_20250127_00001440,2025-01-27 19:02:18,cust_424405,CHBE,cash_loan,1819,48,702,low,approved,1819,atm,false,115
app_20250127_00001441,2025-01-27 21:33:16,cust_1882478,PORP,refinance,189614,240,577,medium,approved,189614,web,false,340
app_20250127_00001442,2025-01-27 09:22:28,cust_1493805,DEHE,auto_loan,47368,24,787,low,approved,47368,call_center,true,664
app_20250127_00001443,2025-01-27 21:07:44,cust_195987,SESV,personal_loan,2882,48,707,low,approved,2882,branch,false,470
app_20250127_00001444,2025-01-27 12:31:26,cust_4677531,ESMA,education_loan,26428,48,483,high,rejected,0,atm,true,168
app_20250127_00001445,2025-01-27 06:22:02,cust_2587948,CZPR,mortgage,266775,180,569,medium,approved,266775,atm,false,762
app_20250127_00001446,2025-01-27 18:41:01,cust_5502485,GRRE,business_loan,31884,48,642,medium,approved,31884,mobile_app,true,172
app_20250127_00001447,2025-01-27 23:46:32,cust_8841416,SESV,education_loan,33825,60,810,low,approved,33825,branch,true,463
app_20250127_00001448,2025-01-27 11:03:31,cust_9384773,CZPR,education_loan,15248,36,664,medium,approved,15248,web,false,579
app_20250127_00001449,2025-01-27 18:36:16,cust_6179522,UKLO,mortgage,284109,360,594,medium,approved,284109,call_center,true,277
app_20250127_00001450,2025-01-27 19:02:55,cust_2540621,NLAM,education_loan,21120,48,816,low,approved,21120,mobile_app,false,872
app_20250127_00001451,2025-01-27 22:52:23,cust_8570612,UKLO,cash_loan,20932,18,625,medium,approved,20932,mobile,false,759
app_20250127_00001452,2025-01-27 18:47:27,cust_3794536,DEHE,personal_loan,5173,48,604,medium,approved,5173,atm,true,135
app_20250127_00001453,2025-01-27 14:59:16,cust_1856686,FRID,cash_loan,16541,36,688,medium,approved,16541,partner,false,329
app_20250127_00001454,2025-01-27 12:46:04,cust_7058695,ESMA,personal_loan,21311,36,824,low,approved,21311,atm,false,785
app_20250127_00001455,2025-01-27 01:40:46,cust_291160,ESMA,cash_loan,21733,48,720,low,approved,21733,online_banking,false,887
app_20250127_00001456,2025-01-27 17:17:08,cust_9041531,BENL,credit_card,32205,18,705,low,approved,32205,web,false,457
app_20250127_00001457,2025-01-27 22:21:50,cust_2061375,UKLO,refinance,296642,120,684,medium,approved,296642,partner,true,386
app_20250127_00001458,2025-01-27 17:20:03,cust_6080319,DEHE,business_loan,9657,24,657,medium,approved,9657,web,true,166
app_20250127_00001459,2025-01-27 22:49:29,cust_6454664,ESMA,cash_loan,46261,42,530,medium,rejected,0,branch,true,68
app_20250127_00001460,2025-01-27 11:47:20,cust_2034082,CZPR,cash_loan,40982,48,654,medium,approved,40982,online_banking,true,881
app_20250127_00001461,2025-01-27 10:07:45,cust_7841694,PORP,refinance,90052,180,594,medium,approved,90052,online_banking,false,177
app_20250127_00001462,2025-01-27 05:43:40,cust_2258041,CHBE,personal_loan,1746,36,740,low,approved,1746,online_banking,true,766
app_20250127_00001463,2025-01-27 04:17:46,cust_4625219,PLWA,mortgage,206997,360,677,medium,approved,206997,online_banking,false,864
app_20250127_00001464,2025-01-27 10:23:31,cust_8828243,GRRE,business_loan,3036,12,679,medium,approved,3036,mobile,true,292
app_20250127_00001465,2025-01-27 01:47:10,cust_8409196,CHBE,mortgage,83171,120,679,medium,approved,83171,mobile,true,141
app_20250127_00001466,2025-01-27 14:44:32,cust_2112329,PLWA,cash_loan,36271,30,512,medium,rejected,0,call_center,true,111
app_20250127_00001467,2025-01-27 19:24:46,cust_4279178,AUTR,cash_loan,13664,12,619,medium,approved,13664,atm,false,439
app_20250127_00001468,2025-01-27 00:29:22,cust_6902232,PLWA,personal_loan,27552,36,850,low,approved,27552,atm,false,674
app_20250127_00001469,2025-01-27 15:20:01,cust_1965462,ESMA,cash_loan,35721,18,818,low,approved,35721,online_banking,true,563
app_20250127_00001470,2025-01-27 10:09:08,cust_6335897,PLWA,cash_loan,34716,36,716,low,approved,34716,call_center,false,590
app_20250127_00001471,2025-01-27 07:59:45,cust_3751377,PLWA,cash_loan,34363,48,593,medium,rejected,0,web,false,77
app_20250127_00001472,2025-01-27 11:08:05,cust_1693620,SESV,personal_loan,7771,36,733,low,approved,7771,call_center,false,606
app_20250127_00001473,2025-01-27 22:26:59,cust_2538434,NLAM,personal_loan,36113,12,635,medium,rejected,0,branch,false,41
app_20250127_00001474,2025-01-27 09:08:16,cust_5917116,ITMI,mortgage,103559,240,694,medium,approved,103559,branch,false,453
app_20250127_00001475,2025-01-27 14:40:16,cust_6415931,DEHE,mortgage,113570,300,734,low,approved,113570,mobile_app,true,485
app_20250127_00001476,2025-01-27 11:53:18,cust_2755763,ATVI,business_loan,35582,36,703,low,approved,35582,atm,false,643
app_20250127_00001477,2025-01-27 01:27:33,cust_6931316,NLAM,mortgage,65478,300,580,medium,approved,65478,web,true,372
app_20250127_00001478,2025-01-27 15:12:49,cust_6464750,FRID,credit_card,9715,30,659,medium,approved,9715,mobile,true,81
app_20250127_00001479,2025-01-27 02:18:10,cust_2927757,BENL,cash_loan,9347,48,635,medium,rejected,0,web,false,30
app_20250127_00001480,2025-01-27 11:56:33,cust_398655,ESMA,education_loan,4022,60,787,low,approved,4022,call_center,false,889
app_20250127_00001481,2025-01-27 13:55:45,cust_9211530,PORP,business_loan,18923,12,629,medium,approved,18923,web,false,78
app_20250127_00001482,2025-01-27 18:56:53,cust_8639882,FRID,mortgage,64465,180,528,medium,rejected,0,partner,true,93
app_20250127_00001483,2025-01-27 08:57:33,cust_6924649,SESV,education_loan,3899,24,591,medium,rejected,0,web,true,85
app_20250127_00001484,2025-01-27 04:46:41,cust_3072765,AUTR,education_loan,3647,24,648,medium,approved,3647,call_center,false,741
app_20250127_00001485,2025-01-27 11:57:31,cust_9937644,BENL,personal_loan,32911,24,688,medium,approved,32911,mobile_app,false,333
app_20250127_00001486,2025-01-27 16:10:37,cust_5388224,ITMI,personal_loan,10325,18,594,medium,approved,10325,call_center,false,467
app_20250127_00001487,2025-01-27 23:39:25,cust_3114320,ITMI,business_loan,28216,12,499,high,rejected,0,mobile_app,false,62
app_20250127_00001488,2025-01-27 20:52:44,cust_7689327,CHBE,auto_loan,54245,48,850,low,approved,54245,atm,true,397
app_20250127_00001489,2025-01-27 14:55:28,cust_9136086,PORP,education_loan,17538,24,499,high,rejected,0,atm,false,30
app_20250127_00001490,2025-01-27 12:52:59,cust_6332565,CHBE,auto_loan,50359,24,507,medium,rejected,0,online_banking,true,62
app_20250127_00001491,2025-01-27 20:13:22,cust_4037983,CHBE,personal_loan,24157,48,631,medium,approved,24157,web,true,47
app_20250127_00001492,2025-01-27 22:42:17,cust_9891668,CHBE,personal_loan,30923,24,791,low,rejected,0,atm,false,162
app_20250127_00001493,2025-01-27 16:28:24,cust_5618851,FRID,auto_loan,47898,48,850,low,rejected,0,branch,true,157
app_20250127_00001494,2025-01-27 22:07:58,cust_4912093,UKLO,cash_loan,30769,12,714,low,approved,30769,mobile,false,91
app_20250127_00001495,2025-01-27 06:18:20,cust_8784364,GRRE,credit_card,5030,18,560,medium,rejected,0,mobile_app,true,21
app_20250127_00001496,2025-01-27 22:45:37,cust_2220126,DEHE,auto_loan,14025,60,342,high,rejected,0,online_banking,false,149
app_20250127_00001497,2025-01-27 15:40:41,cust_2941689,GRRE,credit_card,34208,12,719,low,approved,34208,branch,false,571
app_20250127_00001498,2025-01-27 20:55:44,cust_7726174,UKLO,personal_loan,8978,30,710,low,approved,8978,mobile_app,false,722
app_20250127_00001499,2025-01-27 12:52:23,cust_1117685,CHBE,cash_loan,19287,36,714,low,approved,19287,mobile_app,true,730
app_20250127_00001500,2025-01-27 09:46:05,cust_1597297,PLWA,personal_loan,38877,24,733,low,approved,38877,web,false,500
app_20250127_00001501,2025-01-27 22:38:44,cust_4380025,NLAM,refinance,316366,180,734,low,approved,316366,mobile,false,503
app_20250127_00001502,2025-01-27 09:07:03,cust_5988237,ATVI,mortgage,267759,120,828,low,approved,267759,online_banking,true,144
app_20250127_00001503,2025-01-27 23:10:32,cust_3570076,PLWA,refinance,293280,300,657,medium,rejected,0,mobile,true,41
app_20250127_00001504,2025-01-27 20:57:40,cust_165035,AUTR,education_loan,9584,48,850,low,approved,9584,mobile,false,151
app_20250127_00001505,2025-01-27 23:24:24,cust_9342405,SESV,education_loan,22456,36,662,medium,approved,22456,online_banking,false,625
app_20250127_00001506,2025-01-27 19:54:03,cust_6041566,CHBE,personal_loan,37409,36,573,medium,approved,37409,branch,true,220
app_20250127_00001507,2025-01-27 03:06:09,cust_8261209,ESMA,credit_card,16205,48,623,medium,approved,16205,branch,false,532
app_20250127_00001508,2025-01-27 09:45:42,cust_2027439,PORP,auto_loan,36078,60,544,medium,approved,36078,branch,true,554
app_20250127_00001509,2025-01-27 08:45:58,cust_7160610,DEHE,auto_loan,31280,24,850,low,approved,31280,atm,true,507
app_20250127_00001510,2025-01-27 01:03:27,cust_3948221,NLAM,education_loan,14093,48,625,medium,approved,14093,call_center,true,216
app_20250127_00001511,2025-01-27 16:43:18,cust_2185343,ATVI,business_loan,7926,12,526,medium,approved,7926,atm,false,35
app_20250127_00001512,2025-01-27 03:07:47,cust_286713,ESMA,credit_card,31235,24,654,medium,approved,31235,call_center,true,228
app_20250127_00001513,2025-01-27 20:46:57,cust_1691771,ATVI,refinance,463381,240,465,high,rejected,0,online_banking,true,45
app_20250127_00001514,2025-01-27 18:03:01,cust_5844212,CHBE,credit_card,24795,24,580,medium,rejected,0,mobile,true,133
app_20250127_00001515,2025-01-27 23:12:12,cust_889731,CZPR,cash_loan,34638,18,656,medium,approved,34638,atm,true,667
app_20250127_00001516,2025-01-27 12:23:51,cust_3844664,FRID,refinance,465382,360,673,medium,rejected,0,mobile_app,false,126
app_20250127_00001517,2025-01-27 01:10:51,cust_8724252,GRRE,auto_loan,57812,36,692,medium,rejected,0,mobile,false,10
app_20250127_00001518,2025-01-27 21:15:59,cust_8139361,ITMI,personal_loan,26958,18,484,high,rejected,0,atm,false,19
app_20250127_00001519,2025-01-27 14:35:18,cust_2377468,NLAM,mortgage,488348,240,604,medium,rejected,0,branch,true,33
app_20250127_00001520,2025-01-27 07:37:07,cust_6565965,ATVI,cash_loan,35859,30,349,high,approved,35859,call_center,false,191
app_20250127_00001521,2025-01-27 19:45:58,cust_8568710,ITMI,refinance,317926,120,590,medium,rejected,0,atm,false,126
app_20250127_00001522,2025-01-27 13:19:55,cust_6725938,PLWA,mortgage,431381,120,746,low,approved,431381,mobile,false,731
app_20250127_00001523,2025-01-27 01:40:21,cust_6665902,CHBE,education_loan,35918,36,680,medium,approved,35918,web,false,409
app_20250127_00001524,2025-01-27 03:54:36,cust_1271224,CHBE,personal_loan,35418,18,735,low,approved,35418,partner,true,115
app_20250127_00001525,2025-01-27 12:11:13,cust_8357211,ITMI,mortgage,256928,300,752,low,approved,256928,call_center,true,850
app_20250127_00001526,2025-01-27 10:14:58,cust_2087660,SESV,refinance,189911,180,596,medium,approved,189911,call_center,false,353
app_20250127_00001527,2025-01-27 02:19:31,cust_6286069,GRRE,mortgage,399551,180,572,medium,rejected,0,call_center,false,101
app_20250127_00001528,2025-01-27 01:31:07,cust_3089921,FRID,cash_loan,7148,30,644,medium,rejected,0,partner,true,79
app_20250127_00001529,2025-01-27 16:19:25,cust_4275454,ATVI,education_loan,19222,36,788,low,approved,19222,mobile,false,453
app_20250127_00001530,2025-01-27 10:37:08,cust_8882382,ITMI,education_loan,7040,24,505,medium,rejected,0,online_banking,true,151
app_20250127_00001531,2025-01-27 15:48:52,cust_7811707,PLWA,cash_loan,16561,30,683,medium,approved,16561,online_banking,false,842
app_20250127_00001532,2025-01-27 10:54:38,cust_157319,SESV,cash_loan,18159,24,612,medium,approved,18159,atm,false,448
app_20250127_00001533,2025-01-27 17:47:25,cust_6480887,PLWA,personal_loan,44769,42,568,medium,rejected,0,mobile_app,false,42
app_20250127_00001534,2025-01-27 02:37:11,cust_1697733,DEHE,refinance,291410,360,736,low,approved,291410,online_banking,true,638
app_20250127_00001535,2025-01-27 10:27:07,cust_9454840,FRID,auto_loan,15264,48,672,medium,rejected,0,atm,false,15
app_20250127_00001536,2025-01-27 20:01:43,cust_478701,PLWA,refinance,393177,180,563,medium,rejected,0,call_center,true,87
app_20250127_00001537,2025-01-27 03:37:27,cust_6085703,CHBE,auto_loan,47362,72,680,medium,rejected,0,mobile_app,true,52
app_20250127_00001538,2025-01-27 19:24:39,cust_389775,CZPR,education_loan,26196,24,646,medium,approved,26196,branch,true,516
app_20250127_00001539,2025-01-27 16:54:29,cust_2080932,FRID,business_loan,10624,48,702,low,approved,10624,mobile,true,574
app_20250127_00001540,2025-01-27 03:33:06,cust_9996504,ITMI,cash_loan,27727,42,607,medium,rejected,0,mobile,false,168
app_20250127_00001541,2025-01-27 06:34:03,cust_1431841,ATVI,cash_loan,41437,42,730,low,approved,41437,partner,false,601
app_20250127_00001542,2025-01-27 18:21:21,cust_431093,BENL,cash_loan,9337,30,546,medium,approved,9337,atm,false,859
app_20250127_00001543,2025-01-27 06:40:38,cust_4274036,GRRE,personal_loan,12136,24,306,high,rejected,0,partner,true,134
app_20250127_00001544,2025-01-27 04:50:03,cust_6643349,UKLO,personal_loan,30439,30,692,medium,approved,30439,call_center,false,214
app_20250127_00001545,2025-01-27 11:39:08,cust_2702583,BENL,cash_loan,38875,42,684,medium,approved,38875,branch,true,580
app_20250127_00001546,2025-01-27 22:11:15,cust_2673158,CZPR,mortgage,141516,240,771,low,approved,141516,atm,false,493
app_20250127_00001547,2025-01-27 13:26:03,cust_9368986,PLWA,business_loan,12642,48,713,low,approved,12642,web,true,241
app_20250127_00001548,2025-01-27 22:58:45,cust_8835496,SESV,business_loan,2770,60,590,medium,rejected,0,branch,false,12
app_20250127_00001549,2025-01-27 20:27:19,cust_5302727,CHBE,personal_loan,32971,30,560,medium,rejected,0,call_center,true,160
app_20250127_00001550,2025-01-27 13:56:21,cust_9436280,ITMI,mortgage,102233,300,718,low,approved,102233,mobile_app,true,356
app_20250127_00001551,2025-01-27 03:19:37,cust_3398886,DEHE,business_loan,33900,60,549,medium,approved,33900,atm,true,368
app_20250127_00001552,2025-01-27 21:15:14,cust_6857677,UKLO,education_loan,36967,12,820,low,approved,36967,partner,true,419
app_20250127_00001553,2025-01-27 13:58:46,cust_8871427,FRID,personal_loan,6897,48,573,medium,rejected,0,online_banking,false,32
app_20250127_00001554,2025-01-27 03:23:40,cust_6303916,SESV,credit_card,27596,24,842,low,approved,27596,mobile_app,false,608
app_20250127_00001555,2025-01-27 18:01:03,cust_9969015,FRID,business_loan,13631,12,644,medium,rejected,0,mobile_app,false,167
app_20250127_00001556,2025-01-27 22:48:50,cust_7684805,FRID,cash_loan,21151,30,562,medium,rejected,0,call_center,false,5
app_20250127_00001557,2025-01-27 06:39:17,cust_9582880,DEHE,refinance,225098,240,543,medium,rejected,0,atm,true,47
app_20250127_00001558,2025-01-27 03:29:54,cust_785004,AUTR,business_loan,6373,48,636,medium,approved,6373,mobile,false,248
app_20250127_00001559,2025-01-27 22:08:45,cust_4558377,GRRE,cash_loan,30557,36,849,low,approved,30557,mobile_app,false,542
app_20250127_00001560,2025-01-27 14:00:36,cust_3399738,DEHE,mortgage,143083,300,552,medium,approved,143083,branch,true,437
app_20250127_00001561,2025-01-27 22:59:16,cust_2731122,CZPR,cash_loan,34523,12,840,low,approved,34523,web,false,717
app_20250127_00001562,2025-01-27 12:48:01,cust_260193,ATVI,cash_loan,3185,30,645,medium,rejected,0,mobile,false,115
app_20250127_00001563,2025-01-27 05:06:06,cust_2888440,PLWA,education_loan,20645,48,374,high,rejected,0,branch,true,23
app_20250127_00001564,2025-01-27 14:42:16,cust_923040,SESV,cash_loan,6417,36,499,high,rejected,0,call_center,true,94
app_20250127_00001565,2025-01-27 11:28:56,cust_5746887,FRID,refinance,127350,360,533,medium,rejected,0,mobile,false,132
app_20250127_00001566,2025-01-27 07:14:12,cust_2724404,SESV,mortgage,477769,180,575,medium,approved,477769,call_center,false,354
app_20250127_00001567,2025-01-27 15:22:35,cust_7193779,ITMI,cash_loan,21960,42,575,medium,approved,21960,call_center,false,161
app_20250127_00001568,2025-01-27 11:56:00,cust_5133055,ESMA,cash_loan,24012,18,707,low,approved,24012,web,false,565
app_20250127_00001569,2025-01-27 09:14:41,cust_9503642,BENL,business_loan,22882,60,756,low,approved,22882,branch,false,183
app_20250127_00001570,2025-01-27 08:55:33,cust_5447016,NLAM,education_loan,12239,36,522,medium,rejected,0,mobile,true,43
app_20250127_00001571,2025-01-27 00:18:48,cust_3401335,FRID,personal_loan,49940,24,601,medium,approved,49940,call_center,false,369
app_20250127_00001572,2025-01-27 17:17:25,cust_6811189,NLAM,personal_loan,34408,48,704,low,approved,34408,mobile,true,612
app_20250127_00001573,2025-01-27 05:45:21,cust_9973501,PLWA,credit_card,39004,42,462,high,rejected,0,branch,false,169
app_20250127_00001574,2025-01-27 22:17:39,cust_3114573,FRID,mortgage,196663,240,647,medium,approved,196663,mobile_app,false,303
app_20250127_00001575,2025-01-27 03:40:32,cust_6352746,UKLO,business_loan,27524,60,780,low,approved,27524,web,false,127
app_20250127_00001576,2025-01-27 08:14:48,cust_5890224,DEHE,cash_loan,21470,24,608,medium,rejected,0,branch,true,109
app_20250127_00001577,2025-01-27 03:49:33,cust_995666,FRID,education_loan,25169,12,850,low,approved,25169,partner,false,865
app_20250127_00001578,2025-01-27 15:46:33,cust_8749267,CZPR,refinance,107173,120,715,low,approved,107173,web,false,557
app_20250127_00001579,2025-01-27 03:51:23,cust_670015,ESMA,personal_loan,36925,12,580,medium,approved,36925,mobile_app,false,156
app_20250127_00001580,2025-01-27 22:58:47,cust_7592432,SESV,refinance,275595,360,664,medium,approved,275595,mobile,true,41
app_20250127_00001581,2025-01-27 12:35:44,cust_8194162,FRID,refinance,150160,120,494,high,rejected,0,online_banking,true,126
app_20250127_00001582,2025-01-27 14:15:46,cust_4518689,GRRE,auto_loan,36533,48,644,medium,approved,36533,call_center,false,673
app_20250127_00001583,2025-01-27 20:38:41,cust_6014570,BENL,credit_card,44285,48,642,medium,rejected,0,partner,true,122
app_20250127_00001584,2025-01-27 23:47:48,cust_6758110,CHBE,refinance,212829,180,677,medium,rejected,0,partner,false,75
app_20250127_00001585,2025-01-27 16:05:47,cust_6715415,CHBE,refinance,332601,180,668,medium,approved,332601,mobile,true,92
app_20250127_00001586,2025-01-27 23:29:09,cust_3575733,NLAM,personal_loan,5267,18,662,medium,approved,5267,partner,false,657
app_20250127_00001587,2025-01-27 12:09:24,cust_6236316,PLWA,personal_loan,28490,24,555,medium,approved,28490,web,true,552
app_20250127_00001588,2025-01-27 16:44:20,cust_2767586,BENL,personal_loan,19061,30,571,medium,rejected,0,partner,true,158
app_20250127_00001589,2025-01-27 02:51:51,cust_4983874,ATVI,refinance,416952,120,594,medium,rejected,0,atm,true,101
app_20250127_00001590,2025-01-27 08:48:24,cust_2049729,CHBE,credit_card,43674,24,527,medium,approved,43674,call_center,true,258
app_20250127_00001591,2025-01-27 15:00:58,cust_8976299,UKLO,refinance,480025,120,511,medium,approved,480025,online_banking,false,406
app_20250127_00001592,2025-01-27 02:23:23,cust_9864010,ITMI,business_loan,10267,12,575,medium,rejected,0,mobile,true,89
app_20250127_00001593,2025-01-27 04:02:13,cust_8683764,PLWA,cash_loan,8496,42,568,medium,approved,8496,mobile,false,221
app_20250127_00001594,2025-01-27 01:04:16,cust_1108965,UKLO,personal_loan,34995,48,732,low,approved,34995,mobile_app,true,285
app_20250127_00001595,2025-01-27 22:33:59,cust_1502658,CHBE,personal_loan,14206,12,668,medium,approved,14206,web,false,231
app_20250127_00001596,2025-01-27 05:13:25,cust_9599327,NLAM,business_loan,10133,12,676,medium,approved,10133,web,true,35
app_20250127_00001597,2025-01-27 19:37:46,cust_292731,ATVI,refinance,233137,360,399,high,rejected,0,web,false,129
app_20250127_00001598,2025-01-27 12:51:56,cust_8027861,SESV,mortgage,238250,240,822,low,approved,238250,atm,true,416
app_20250127_00001599,2025-01-27 11:12:29,cust_7623192,CZPR,education_loan,11331,12,638,medium,rejected,0,partner,true,180
app_20250127_00001600,2025-01-27 20:14:06,cust_5809024,PLWA,business_loan,28301,36,770,low,approved,28301,mobile_app,true,284
app_20250127_00001601,2025-01-27 16:34:58,cust_813534,CHBE,cash_loan,15640,48,475,high,rejected,0,partner,true,80
app_20250127_00001602,2025-01-27 13:59:12,cust_9061404,BENL,refinance,121076,300,656,medium,approved,121076,partner,false,485
app_20250127_00001603,2025-01-27 04:30:32,cust_1599067,CZPR,refinance,469646,180,580,medium,rejected,0,mobile,false,180
app_20250127_00001604,2025-01-27 13:45:16,cust_4362826,SESV,personal_loan,44826,48,821,low,approved,44826,online_banking,true,658
app_20250127_00001605,2025-01-27 19:48:41,cust_378291,ATVI,cash_loan,15279,30,825,low,rejected,0,partner,true,109
app_20250127_00001606,2025-01-27 21:01:47,cust_2992585,CZPR,cash_loan,34723,24,454,high,rejected,0,mobile_app,true,179
app_20250127_00001607,2025-01-27 18:46:52,cust_6016346,ITMI,cash_loan,41056,24,613,medium,approved,41056,mobile,false,202
app_20250127_00001608,2025-01-27 17:46:04,cust_9652058,DEHE,education_loan,8596,48,458,high,rejected,0,atm,true,65
app_20250127_00001609,2025-01-27 18:46:40,cust_4937145,UKLO,auto_loan,53546,60,655,medium,approved,53546,branch,true,765
app_20250127_00001610,2025-01-27 04:48:02,cust_1358150,BENL,personal_loan,14086,12,723,low,approved,14086,branch,true,168
app_20250127_00001611,2025-01-27 14:12:05,cust_4111986,NLAM,mortgage,182758,180,515,medium,rejected,0,mobile,false,128
app_20250127_00001612,2025-01-27 03:43:16,cust_1233495,CZPR,education_loan,32439,60,767,low,approved,32439,mobile,true,769
app_20250127_00001613,2025-01-27 19:17:49,cust_8399258,ATVI,auto_loan,10833,72,665,medium,approved,10833,call_center,false,530
app_20250127_00001614,2025-01-27 07:02:42,cust_7607523,DEHE,personal_loan,46112,48,850,low,approved,46112,web,false,273
app_20250127_00001615,2025-01-27 08:42:19,cust_1335656,PORP,business_loan,15670,36,727,low,approved,15670,web,true,653
app_20250127_00001616,2025-01-27 12:14:43,cust_5041224,PORP,refinance,485350,360,689,medium,approved,485350,mobile,false,735
app_20250127_00001617,2025-01-27 14:04:06,cust_4808777,PLWA,cash_loan,15619,48,598,medium,approved,15619,call_center,true,255
app_20250127_00001618,2025-01-27 07:31:03,cust_3049409,PORP,business_loan,21043,48,527,medium,approved,21043,mobile,false,421
app_20250127_00001619,2025-01-27 02:14:23,cust_9486824,AUTR,business_loan,38167,60,751,low,approved,38167,online_banking,true,32
app_20250127_00001620,2025-01-27 09:44:29,cust_2231381,CZPR,refinance,343610,240,816,low,approved,343610,mobile,false,678
app_20250127_00001621,2025-01-27 04:45:08,cust_7170499,NLAM,personal_loan,18810,42,740,low,approved,18810,mobile_app,false,374
app_20250127_00001622,2025-01-27 16:10:55,cust_8995121,ESMA,credit_card,41293,30,514,medium,approved,41293,atm,true,466
app_20250127_00001623,2025-01-27 10:49:45,cust_1262005,ESMA,personal_loan,17382,36,733,low,rejected,0,online_banking,true,102
app_20250127_00001624,2025-01-27 16:33:08,cust_457361,PLWA,personal_loan,14480,30,756,low,approved,14480,mobile,false,432
app_20250127_00001625,2025-01-27 19:26:30,cust_6812918,GRRE,mortgage,89308,360,610,medium,rejected,0,mobile_app,true,78
app_20250127_00001626,2025-01-27 17:05:04,cust_4627202,BENL,education_loan,7851,60,636,medium,rejected,0,web,true,121
app_20250127_00001627,2025-01-27 23:31:25,cust_3554645,CZPR,cash_loan,15390,36,574,medium,rejected,0,mobile,true,47
app_20250127_00001628,2025-01-27 20:41:16,cust_8199421,DEHE,business_loan,12027,36,743,low,approved,12027,web,true,373
app_20250127_00001629,2025-01-27 02:55:17,cust_3000855,AUTR,credit_card,35500,48,739,low,approved,35500,call_center,true,560
app_20250127_00001630,2025-01-27 00:51:30,cust_9606415,SESV,personal_loan,35820,30,770,low,approved,35820,online_banking,true,46
app_20250127_00001631,2025-01-27 10:42:45,cust_3383520,CZPR,auto_loan,27488,60,606,medium,rejected,0,mobile,false,126
app_20250127_00001632,2025-01-27 01:42:47,cust_5785545,ESMA,business_loan,20814,48,689,medium,rejected,0,atm,false,146
app_20250127_00001633,2025-01-27 02:05:35,cust_6666261,NLAM,personal_loan,47638,36,749,low,approved,47638,mobile_app,false,671
app_20250127_00001634,2025-01-27 13:18:32,cust_9870722,UKLO,personal_loan,45583,24,794,low,approved,45583,branch,false,130
app_20250127_00001635,2025-01-27 09:55:00,cust_4265392,AUTR,education_loan,12206,48,782,low,approved,12206,web,false,661
app_20250127_00001636,2025-01-27 07:35:04,cust_4311107,UKLO,business_loan,33458,12,494,high,rejected,0,online_banking,true,122
app_20250127_00001637,2025-01-27 07:24:59,cust_3162252,GRRE,cash_loan,46447,18,574,medium,rejected,0,online_banking,false,177
app_20250127_00001638,2025-01-27 09:37:16,cust_4843608,ESMA,mortgage,204371,300,618,medium,approved,204371,call_center,true,47
app_20250127_00001639,2025-01-27 17:39:25,cust_6815583,CHBE,auto_loan,7935,60,801,low,approved,7935,branch,false,605
app_20250127_00001640,2025-01-27 13:37:24,cust_4562697,AUTR,business_loan,37093,24,468,high,rejected,0,call_center,true,142
app_20250127_00001641,2025-01-27 08:32:41,cust_9247859,DEHE,mortgage,393698,300,623,medium,approved,393698,mobile_app,false,313
app_20250127_00001642,2025-01-27 09:04:25,cust_702488,CHBE,business_loan,22622,36,752,low,approved,22622,partner,true,163
app_20250127_00001643,2025-01-27 03:18:38,cust_4897804,CZPR,credit_card,5823,42,584,medium,rejected,0,call_center,false,86
app_20250127_00001644,2025-01-27 10:33:42,cust_7344662,ATVI,mortgage,425927,360,568,medium,rejected,0,branch,true,37
app_20250127_00001645,2025-01-27 14:50:18,cust_7057281,AUTR,credit_card,33719,30,770,low,approved,33719,mobile_app,false,633
app_20250127_00001646,2025-01-27 04:57:35,cust_4598247,ITMI,education_loan,29053,60,632,medium,rejected,0,web,false,69
app_20250127_00001647,2025-01-27 20:09:05,cust_1302224,ITMI,education_loan,31148,48,589,medium,approved,31148,call_center,false,370
app_20250127_00001648,2025-01-27 00:11:24,cust_5730915,ITMI,business_loan,14296,36,651,medium,approved,14296,mobile_app,false,766
app_20250127_00001649,2025-01-27 02:21:13,cust_563022,PLWA,credit_card,42269,48,743,low,approved,42269,call_center,false,779
app_20250127_00001650,2025-01-27 18:15:41,cust_1439275,PLWA,refinance,111647,300,742,low,approved,111647,atm,true,838
app_20250127_00001651,2025-01-27 19:59:31,cust_8380778,PORP,personal_loan,5674,24,563,medium,approved,5674,mobile_app,false,575
app_20250127_00001652,2025-01-27 05:33:13,cust_6218602,ESMA,refinance,295110,120,694,medium,approved,295110,mobile,true,625
app_20250127_00001653,2025-01-27 18:02:44,cust_4038988,UKLO,personal_loan,22752,30,654,medium,approved,22752,web,true,681
app_20250127_00001654,2025-01-27 08:13:05,cust_8883421,FRID,credit_card,11716,30,715,low,approved,11716,web,true,278
app_20250127_00001655,2025-01-27 14:19:24,cust_2029394,AUTR,auto_loan,6316,24,739,low,approved,6316,atm,false,379
app_20250127_00001656,2025-01-27 05:40:25,cust_7025308,UKLO,refinance,152117,120,682,medium,rejected,0,web,true,102
app_20250127_00001657,2025-01-27 02:14:29,cust_1967044,SESV,mortgage,461691,360,607,medium,rejected,0,mobile_app,false,129
app_20250127_00001658,2025-01-27 11:23:42,cust_7980638,ESMA,auto_loan,49903,24,580,medium,approved,49903,atm,true,802
app_20250127_00001659,2025-01-27 17:28:06,cust_915514,SESV,credit_card,32648,24,828,low,approved,32648,online_banking,false,535
app_20250127_00001660,2025-01-27 17:05:40,cust_9398470,ESMA,mortgage,130647,360,607,medium,rejected,0,branch,true,162
app_20250127_00001661,2025-01-27 13:29:49,cust_863310,PLWA,auto_loan,44992,60,504,medium,rejected,0,web,false,88
app_20250127_00001662,2025-01-27 03:36:50,cust_1806362,NLAM,cash_loan,48545,42,677,medium,approved,48545,web,false,232
app_20250127_00001663,2025-01-27 09:38:21,cust_6521348,PLWA,education_loan,18636,60,489,high,rejected,0,mobile,false,125
app_20250127_00001664,2025-01-27 14:16:54,cust_3524938,DEHE,business_loan,21968,24,795,low,approved,21968,web,true,660
app_20250127_00001665,2025-01-27 12:19:10,cust_2854381,SESV,business_loan,29697,24,761,low,approved,29697,atm,true,268
app_20250127_00001666,2025-01-27 02:54:41,cust_4253984,GRRE,education_loan,4306,24,684,medium,approved,4306,call_center,false,481
app_20250127_00001667,2025-01-27 14:47:08,cust_8160946,PORP,education_loan,13261,36,432,high,rejected,0,web,false,66
app_20250127_00001668,2025-01-27 14:18:17,cust_3821674,FRID,refinance,448552,120,586,medium,rejected,0,atm,true,112
app_20250127_00001669,2025-01-27 06:21:32,cust_3381278,CZPR,education_loan,37875,60,419,high,rejected,0,online_banking,false,90
app_20250127_00001670,2025-01-27 01:19:37,cust_9096164,SESV,credit_card,33267,48,823,low,approved,33267,web,true,656
app_20250127_00001671,2025-01-27 14:40:32,cust_693290,UKLO,refinance,236157,240,552,medium,approved,236157,partner,true,135
app_20250127_00001672,2025-01-27 02:34:54,cust_6206002,CHBE,auto_loan,35436,48,616,medium,rejected,0,partner,true,40
app_20250127_00001673,2025-01-27 21:49:33,cust_1612481,FRID,business_loan,18902,24,742,low,approved,18902,mobile,true,657
app_20250127_00001674,2025-01-27 11:19:40,cust_579523,NLAM,education_loan,22670,48,508,medium,rejected,0,web,true,19
app_20250127_00001675,2025-01-27 10:18:13,cust_5572016,ITMI,personal_loan,33027,30,669,medium,approved,33027,mobile,false,862
app_20250127_00001676,2025-01-27 17:58:10,cust_3824511,ITMI,personal_loan,6026,24,787,low,approved,6026,mobile_app,false,60
app_20250127_00001677,2025-01-27 21:03:13,cust_3508186,NLAM,cash_loan,11149,12,613,medium,approved,11149,atm,false,788
app_20250127_00001678,2025-01-27 13:38:19,cust_4179866,SESV,auto_loan,20750,48,594,medium,approved,20750,partner,false,489
app_20250127_00001679,2025-01-27 15:39:23,cust_1617734,NLAM,mortgage,137751,300,632,medium,approved,137751,partner,false,605
app_20250127_00001680,2025-01-27 03:47:47,cust_6224176,AUTR,mortgage,92308,360,669,medium,approved,92308,online_banking,false,748
app_20250127_00001681,2025-01-27 17:50:27,cust_8433567,SESV,business_loan,13900,48,826,low,rejected,0,branch,true,122
app_20250127_00001682,2025-01-27 17:38:07,cust_7380523,ATVI,education_loan,19341,48,610,medium,rejected,0,partner,true,136
app_20250127_00001683,2025-01-27 00:48:14,cust_3492316,PORP,credit_card,19397,30,642,medium,approved,19397,mobile,false,631
app_20250127_00001684,2025-01-27 06:58:28,cust_6932174,SESV,credit_card,17884,48,557,medium,approved,17884,online_banking,true,234
app_20250127_00001685,2025-01-27 01:13:12,cust_5939981,PLWA,business_loan,18477,48,640,medium,approved,18477,mobile,false,221
app_20250127_00001686,2025-01-27 13:30:01,cust_1899450,ATVI,business_loan,23199,24,794,low,approved,23199,atm,true,167
app_20250127_00001687,2025-01-27 02:37:04,cust_5925952,ATVI,mortgage,132508,120,625,medium,approved,132508,web,false,156
app_20250127_00001688,2025-01-27 01:31:29,cust_3218223,PORP,credit_card,37620,30,600,medium,approved,37620,atm,false,900
app_20250127_00001689,2025-01-27 15:43:49,cust_8300595,PLWA,cash_loan,44361,18,759,low,approved,44361,branch,false,843
app_20250127_00001690,2025-01-27 10:28:37,cust_428577,AUTR,education_loan,39616,60,531,medium,approved,39616,partner,false,420
app_20250127_00001691,2025-01-27 18:29:35,cust_9538528,SESV,cash_loan,38840,48,531,medium,approved,38840,web,false,512
app_20250127_00001692,2025-01-27 17:48:53,cust_5310324,AUTR,auto_loan,27433,60,829,low,approved,27433,call_center,false,45
app_20250127_00001693,2025-01-27 06:10:02,cust_4539910,ESMA,personal_loan,47682,18,777,low,approved,47682,mobile,true,279
app_20250127_00001694,2025-01-27 02:30:59,cust_2837478,FRID,personal_loan,42835,36,573,medium,approved,42835,online_banking,false,390
app_20250127_00001695,2025-01-27 10:52:37,cust_4664306,FRID,personal_loan,42407,30,704,low,approved,42407,partner,true,100
app_20250127_00001696,2025-01-27 01:07:21,cust_6523397,AUTR,credit_card,13806,36,850,low,approved,13806,call_center,true,536
app_20250127_00001697,2025-01-27 17:20:02,cust_1459310,ITMI,cash_loan,16339,42,493,high,rejected,0,partner,true,45
app_20250127_00001698,2025-01-27 09:40:16,cust_1949371,PLWA,business_loan,4182,60,633,medium,approved,4182,partner,true,760
app_20250127_00001699,2025-01-27 12:12:24,cust_5589247,ITMI,auto_loan,27771,48,589,medium,rejected,0,mobile_app,false,38
app_20250127_00001700,2025-01-27 19:10:58,cust_6285247,SESV,auto_loan,44212,72,850,low,approved,44212,branch,false,268
app_20250127_00001701,2025-01-27 00:27:47,cust_7207756,CZPR,refinance,116445,180,608,medium,rejected,0,partner,false,88
app_20250127_00001702,2025-01-27 07:15:01,cust_8042025,PORP,auto_loan,19182,60,578,medium,rejected,0,web,false,130
app_20250127_00001703,2025-01-27 20:28:41,cust_2604412,CHBE,refinance,104438,180,723,low,approved,104438,online_banking,false,709
app_20250127_00001704,2025-01-27 19:47:28,cust_7200518,GRRE,cash_loan,33315,36,479,high,rejected,0,partner,true,23
app_20250127_00001705,2025-01-27 17:23:01,cust_8929576,AUTR,auto_loan,47904,72,617,medium,approved,47904,partner,true,105
app_20250127_00001706,2025-01-27 16:56:14,cust_9954232,SESV,credit_card,4338,18,594,medium,approved,4338,partner,false,834
app_20250127_00001707,2025-01-27 00:27:56,cust_2689222,AUTR,cash_loan,20124,24,541,medium,approved,20124,atm,false,632
app_20250127_00001708,2025-01-27 00:13:42,cust_4403000,SESV,cash_loan,28223,42,595,medium,approved,28223,atm,true,262
app_20250127_00001709,2025-01-27 03:28:35,cust_5745635,FRID,credit_card,7266,36,850,low,approved,7266,mobile_app,false,175
app_20250127_00001710,2025-01-27 08:01:08,cust_5636913,PLWA,auto_loan,27729,24,729,low,approved,27729,mobile,false,789
app_20250127_00001711,2025-01-27 01:13:17,cust_7480798,UKLO,personal_loan,47629,36,588,medium,rejected,0,web,false,180
app_20250127_00001712,2025-01-27 12:03:03,cust_4250329,ESMA,refinance,261857,360,658,medium,approved,261857,partner,true,160
app_20250127_00001713,2025-01-27 23:45:36,cust_4461731,PORP,personal_loan,28165,42,823,low,approved,28165,call_center,true,69
app_20250127_00001714,2025-01-27 09:47:21,cust_144627,CHBE,mortgage,140714,240,711,low,approved,140714,web,false,669
app_20250127_00001715,2025-01-27 08:56:54,cust_4065424,BENL,personal_loan,1796,12,705,low,approved,1796,online_banking,false,677
app_20250127_00001716,2025-01-27 14:56:53,cust_715901,DEHE,personal_loan,21603,12,576,medium,rejected,0,mobile,false,148
app_20250127_00001717,2025-01-27 15:38:15,cust_1112696,CHBE,business_loan,27529,12,708,low,approved,27529,call_center,false,714
app_20250127_00001718,2025-01-27 09:01:05,cust_932583,CZPR,personal_loan,5382,42,692,medium,approved,5382,atm,false,724
app_20250127_00001719,2025-01-27 02:53:08,cust_1538755,ESMA,education_loan,3784,12,643,medium,approved,3784,call_center,true,840
app_20250127_00001720,2025-01-27 19:35:10,cust_7963093,ATVI,business_loan,2080,48,571,medium,approved,2080,call_center,false,556
app_20250127_00001721,2025-01-27 17:55:11,cust_2794732,DEHE,credit_card,7798,48,493,high,approved,7798,online_banking,true,531
app_20250127_00001722,2025-01-27 05:45:23,cust_6005750,GRRE,refinance,410153,360,562,medium,approved,410153,web,true,372
app_20250127_00001723,2025-01-27 05:17:08,cust_4579715,ITMI,mortgage,429546,360,724,low,approved,429546,atm,true,216
app_20250127_00001724,2025-01-27 13:29:59,cust_8633130,ATVI,business_loan,23858,24,651,medium,approved,23858,branch,true,764
app_20250127_00001725,2025-01-27 10:42:36,cust_5718593,SESV,credit_card,23870,48,521,medium,rejected,0,atm,true,110
app_20250127_00001726,2025-01-27 10:41:52,cust_8956328,CZPR,personal_loan,6238,24,668,medium,rejected,0,web,true,46
app_20250127_00001727,2025-01-27 09:23:41,cust_2776401,SESV,personal_loan,6565,30,634,medium,approved,6565,online_banking,true,463
app_20250127_00001728,2025-01-27 02:19:55,cust_9601136,NLAM,cash_loan,47709,18,695,medium,approved,47709,mobile_app,false,643
app_20250127_00001729,2025-01-27 03:58:51,cust_3295119,ITMI,cash_loan,9299,42,704,low,approved,9299,call_center,false,443
app_20250127_00001730,2025-01-27 15:50:01,cust_7337900,BENL,cash_loan,49962,48,618,medium,approved,49962,atm,false,594
app_20250127_00001731,2025-01-27 18:56:53,cust_1353652,PORP,mortgage,146495,240,482,high,rejected,0,branch,true,15
app_20250127_00001732,2025-01-27 21:37:48,cust_567468,ESMA,credit_card,47286,24,707,low,approved,47286,mobile_app,true,429
app_20250127_00001733,2025-01-27 20:23:54,cust_8664626,AUTR,education_loan,27373,36,850,low,approved,27373,branch,false,326
app_20250127_00001734,2025-01-27 01:28:20,cust_5646768,GRRE,credit_card,31088,12,696,medium,rejected,0,mobile,false,83
app_20250127_00001735,2025-01-27 03:43:56,cust_361723,ITMI,credit_card,2447,18,677,medium,approved,2447,branch,false,809
app_20250127_00001736,2025-01-27 15:58:47,cust_9240254,UKLO,business_loan,35082,36,640,medium,approved,35082,branch,true,608
app_20250127_00001737,2025-01-27 00:38:44,cust_9005023,ATVI,auto_loan,35787,24,818,low,approved,35787,branch,false,483
app_20250127_00001738,2025-01-27 19:45:02,cust_7357960,SESV,cash_loan,23157,48,684,medium,approved,23157,atm,false,277
app_20250127_00001739,2025-01-27 00:59:36,cust_9797194,ITMI,auto_loan,29474,24,727,low,approved,29474,web,false,623
app_20250127_00001740,2025-01-27 19:32:26,cust_602277,CZPR,personal_loan,32730,48,707,low,approved,32730,mobile,true,512
app_20250127_00001741,2025-01-27 09:13:39,cust_1380815,GRRE,auto_loan,44769,60,716,low,approved,44769,atm,false,162
app_20250127_00001742,2025-01-27 00:23:12,cust_6095619,DEHE,refinance,193143,120,770,low,approved,193143,mobile_app,true,862
app_20250127_00001743,2025-01-27 14:08:58,cust_8547869,ATVI,personal_loan,17612,42,755,low,approved,17612,mobile,false,784
app_20250127_00001744,2025-01-27 16:55:38,cust_8922088,ITMI,business_loan,17549,48,555,medium,approved,17549,mobile_app,true,455
app_20250127_00001745,2025-01-27 14:04:10,cust_7193142,GRRE,mortgage,157287,240,438,high,approved,157287,partner,false,800
app_20250127_00001746,2025-01-27 07:07:58,cust_1940634,FRID,credit_card,14233,30,654,medium,approved,14233,branch,false,389
app_20250127_00001747,2025-01-27 01:38:10,cust_8267233,AUTR,mortgage,338595,300,476,high,rejected,0,online_banking,true,77
app_20250127_00001748,2025-01-27 02:36:57,cust_8646656,BENL,refinance,315804,300,819,low,approved,315804,mobile_app,true,273
app_20250127_00001749,2025-01-27 08:52:38,cust_3916584,CHBE,education_loan,2715,36,605,medium,approved,2715,online_banking,true,663
app_20250127_00001750,2025-01-27 01:52:13,cust_7460355,ESMA,credit_card,30154,18,619,medium,rejected,0,call_center,true,69
app_20250127_00001751,2025-01-27 12:08:19,cust_8169610,PORP,auto_loan,46387,48,795,low,approved,46387,call_center,false,640
app_20250127_00001752,2025-01-27 06:24:07,cust_769787,NLAM,business_loan,36024,24,699,medium,approved,36024,partner,false,587
app_20250127_00001753,2025-01-27 08:20:19,cust_7034301,ATVI,credit_card,46861,30,504,medium,approved,46861,partner,false,690
app_20250127_00001754,2025-01-27 02:13:29,cust_8729905,ITMI,business_loan,32799,48,850,low,approved,32799,call_center,false,129
app_20250127_00001755,2025-01-27 00:56:41,cust_3665532,GRRE,credit_card,15745,18,626,medium,rejected,0,partner,true,110
app_20250127_00001756,2025-01-27 21:33:07,cust_8187437,FRID,credit_card,4984,36,514,medium,rejected,0,branch,true,105
app_20250127_00001757,2025-01-27 23:49:16,cust_2704808,CHBE,credit_card,39327,30,804,low,approved,39327,partner,false,509
app_20250127_00001758,2025-01-27 09:48:17,cust_9888487,GRRE,personal_loan,1675,36,618,medium,rejected,0,mobile,false,147
app_20250127_00001759,2025-01-27 17:55:26,cust_8783275,GRRE,mortgage,176263,300,758,low,approved,176263,online_banking,false,130
app_20250127_00001760,2025-01-27 19:33:15,cust_4767736,SESV,refinance,467093,360,786,low,approved,467093,web,true,878
app_20250127_00001761,2025-01-27 15:33:42,cust_9254895,SESV,personal_loan,26724,48,767,low,approved,26724,call_center,false,847
app_20250127_00001762,2025-01-27 06:33:22,cust_4145381,DEHE,business_loan,39567,36,705,low,approved,39567,mobile_app,true,215
app_20250127_00001763,2025-01-27 02:50:20,cust_5285101,DEHE,personal_loan,8301,18,498,high,rejected,0,partner,true,160
app_20250127_00001764,2025-01-27 15:18:36,cust_3581030,GRRE,mortgage,330032,180,695,medium,approved,330032,web,true,628
app_20250127_00001765,2025-01-27 15:51:53,cust_7416541,NLAM,refinance,244203,180,631,medium,rejected,0,online_banking,true,164
app_20250127_00001766,2025-01-27 21:41:55,cust_8491636,BENL,personal_loan,27861,18,613,medium,approved,27861,web,false,408
app_20250127_00001767,2025-01-27 16:02:39,cust_4976987,ITMI,mortgage,188272,300,533,medium,rejected,0,web,true,112
app_20250127_00001768,2025-01-27 15:35:01,cust_4023796,UKLO,education_loan,6109,36,563,medium,approved,6109,atm,true,842
app_20250127_00001769,2025-01-27 09:57:59,cust_9778837,ATVI,cash_loan,15609,12,786,low,approved,15609,online_banking,false,121
app_20250127_00001770,2025-01-27 13:55:18,cust_2418355,BENL,education_loan,24197,60,786,low,approved,24197,online_banking,false,82
app_20250127_00001771,2025-01-27 23:04:56,cust_2578310,ATVI,business_loan,17556,12,688,medium,approved,17556,mobile_app,true,494
app_20250127_00001772,2025-01-27 23:50:36,cust_5340585,UKLO,refinance,303147,120,533,medium,approved,303147,call_center,true,862
app_20250127_00001773,2025-01-27 20:16:22,cust_270073,PORP,business_loan,4006,24,743,low,approved,4006,web,true,52
app_20250127_00001774,2025-01-27 15:00:38,cust_139926,CZPR,business_loan,8870,36,746,low,approved,8870,online_banking,true,575
app_20250127_00001775,2025-01-27 18:54:54,cust_8267509,PORP,cash_loan,34994,42,477,high,rejected,0,online_banking,false,125
app_20250127_00001776,2025-01-27 17:21:02,cust_4021077,BENL,personal_loan,20952,36,482,high,rejected,0,web,false,168
app_20250127_00001777,2025-01-27 17:55:41,cust_371639,PORP,auto_loan,31585,72,506,medium,rejected,0,atm,true,127
app_20250127_00001778,2025-01-27 13:17:02,cust_8468255,FRID,credit_card,5308,18,670,medium,approved,5308,call_center,true,519
app_20250127_00001779,2025-01-27 19:12:01,cust_3574707,NLAM,cash_loan,30445,12,680,medium,approved,30445,web,true,542
app_20250127_00001780,2025-01-27 08:54:05,cust_4930266,ATVI,education_loan,37414,24,649,medium,rejected,0,mobile,true,69
app_20250127_00001781,2025-01-27 20:46:26,cust_5069052,CZPR,mortgage,158824,360,590,medium,approved,158824,web,false,836
app_20250127_00001782,2025-01-27 15:20:53,cust_4655841,ITMI,refinance,443005,180,620,medium,approved,443005,online_banking,true,889
app_20250127_00001783,2025-01-27 22:38:05,cust_1019185,UKLO,personal_loan,22532,42,850,low,approved,22532,mobile_app,true,702
app_20250127_00001784,2025-01-27 23:37:04,cust_1682642,DEHE,personal_loan,36165,18,668,medium,rejected,0,partner,false,141
app_20250127_00001785,2025-01-27 18:07:22,cust_8043134,NLAM,mortgage,281975,180,616,medium,approved,281975,online_banking,true,68
app_20250127_00001786,2025-01-27 04:47:48,cust_1645525,FRID,cash_loan,38911,42,533,medium,approved,38911,mobile,false,149
app_20250127_00001787,2025-01-27 14:13:26,cust_9780337,NLAM,refinance,331476,180,668,medium,rejected,0,mobile_app,true,88
app_20250127_00001788,2025-01-27 02:22:20,cust_6862749,BENL,auto_loan,17132,36,656,medium,approved,17132,branch,true,379
app_20250127_00001789,2025-01-27 18:13:47,cust_6230369,NLAM,auto_loan,22086,72,696,medium,approved,22086,call_center,false,867
app_20250127_00001790,2025-01-27 10:45:29,cust_4866039,PLWA,personal_loan,31505,18,772,low,approved,31505,online_banking,true,236
app_20250127_00001791,2025-01-27 23:21:23,cust_6754343,AUTR,mortgage,386898,240,563,medium,rejected,0,online_banking,false,143
app_20250127_00001792,2025-01-27 07:37:58,cust_8581302,ATVI,business_loan,14049,24,631,medium,approved,14049,online_banking,true,541
app_20250127_00001793,2025-01-27 11:34:21,cust_7391623,CHBE,auto_loan,39223,24,744,low,approved,39223,web,false,880
app_20250127_00001794,2025-01-27 02:47:47,cust_6850923,GRRE,credit_card,45321,12,746,low,approved,45321,mobile_app,true,63
app_20250127_00001795,2025-01-27 02:02:53,cust_6750764,AUTR,mortgage,113016,360,561,medium,approved,113016,atm,false,740
app_20250127_00001796,2025-01-27 17:01:01,cust_7921960,FRID,cash_loan,48165,12,688,medium,rejected,0,branch,true,18
app_20250127_00001797,2025-01-27 02:57:30,cust_5871319,GRRE,auto_loan,9337,72,661,medium,approved,9337,online_banking,false,400
app_20250127_00001798,2025-01-27 10:04:29,cust_508383,UKLO,business_loan,35298,48,533,medium,approved,35298,mobile_app,true,871
app_20250127_00001799,2025-01-27 02:09:59,cust_4770857,DEHE,cash_loan,31331,18,553,medium,approved,31331,online_banking,true,833
app_20250127_00001800,2025-01-27 00:52:14,cust_9844647,SESV,credit_card,49493,24,548,medium,rejected,0,atm,true,138
app_20250127_00001801,2025-01-27 13:47:17,cust_9626528,CHBE,mortgage,194023,240,521,medium,approved,194023,partner,true,818
app_20250127_00001802,2025-01-27 12:27:57,cust_6539405,SESV,credit_card,18562,18,735,low,approved,18562,web,true,183
app_20250127_00001803,2025-01-27 11:34:50,cust_7143335,NLAM,cash_loan,16261,48,693,medium,rejected,0,atm,true,157
app_20250127_00001804,2025-01-27 19:33:04,cust_6933836,FRID,education_loan,23863,60,573,medium,approved,23863,mobile_app,false,174
app_20250127_00001805,2025-01-27 21:01:11,cust_6819855,ITMI,mortgage,370551,300,579,medium,rejected,0,atm,false,163
app_20250127_00001806,2025-01-27 01:24:57,cust_5647417,AUTR,mortgage,94334,240,404,high,rejected,0,mobile_app,false,36
app_20250127_00001807,2025-01-27 10:40:20,cust_8015832,AUTR,mortgage,410368,240,689,medium,rejected,0,branch,true,34
app_20250127_00001808,2025-01-27 19:15:54,cust_1952231,ITMI,personal_loan,35016,36,659,medium,approved,35016,atm,true,383
app_20250127_00001809,2025-01-27 19:40:15,cust_9022572,NLAM,education_loan,6717,36,768,low,rejected,0,online_banking,false,34
app_20250127_00001810,2025-01-27 09:07:34,cust_7909033,AUTR,personal_loan,33047,18,721,low,approved,33047,atm,false,149
app_20250127_00001811,2025-01-27 16:37:09,cust_1619833,NLAM,business_loan,21786,24,772,low,approved,21786,atm,false,759
app_20250127_00001812,2025-01-27 20:54:49,cust_6615112,AUTR,mortgage,129866,300,667,medium,approved,129866,atm,false,624
app_20250127_00001813,2025-01-27 10:57:21,cust_8207163,NLAM,auto_loan,24240,24,683,medium,rejected,0,branch,false,166
app_20250127_00001814,2025-01-27 17:39:52,cust_3207952,CZPR,auto_loan,37222,72,689,medium,rejected,0,mobile_app,true,143
app_20250127_00001815,2025-01-27 01:56:29,cust_9743193,AUTR,auto_loan,17787,24,675,medium,approved,17787,mobile_app,false,747
app_20250127_00001816,2025-01-27 06:56:40,cust_7208365,BENL,cash_loan,21893,36,619,medium,rejected,0,atm,true,13
app_20250127_00001817,2025-01-27 08:37:27,cust_1572264,NLAM,personal_loan,40361,24,600,medium,approved,40361,partner,false,779
app_20250127_00001818,2025-01-27 11:27:52,cust_1643358,PLWA,education_loan,8029,24,604,medium,approved,8029,mobile_app,true,552
app_20250127_00001819,2025-01-27 07:55:09,cust_6275358,PLWA,auto_loan,12963,72,542,medium,approved,12963,atm,true,340
app_20250127_00001820,2025-01-27 01:41:30,cust_1433655,CZPR,refinance,238072,120,632,medium,rejected,0,online_banking,true,93
app_20250127_00001821,2025-01-27 12:54:53,cust_4520937,PLWA,mortgage,417965,120,679,medium,approved,417965,mobile_app,false,221
app_20250127_00001822,2025-01-27 00:11:21,cust_4532362,ESMA,personal_loan,13812,12,704,low,approved,13812,mobile,true,552
app_20250127_00001823,2025-01-27 13:05:29,cust_8750819,GRRE,auto_loan,38068,48,497,high,rejected,0,partner,false,141
app_20250127_00001824,2025-01-27 04:58:05,cust_3359370,PLWA,refinance,100914,120,709,low,approved,100914,branch,false,389
app_20250127_00001825,2025-01-27 23:19:05,cust_893659,DEHE,education_loan,16320,24,490,high,rejected,0,web,true,173
app_20250127_00001826,2025-01-27 21:30:34,cust_5646221,DEHE,credit_card,10114,12,614,medium,rejected,0,web,false,171
app_20250127_00001827,2025-01-27 13:35:17,cust_4051767,SESV,education_loan,18460,12,672,medium,rejected,0,web,false,7
app_20250127_00001828,2025-01-27 07:07:41,cust_5130790,BENL,credit_card,6713,42,606,medium,rejected,0,mobile_app,false,119
app_20250127_00001829,2025-01-27 09:11:59,cust_9437772,PLWA,auto_loan,10408,60,674,medium,approved,10408,call_center,true,769
app_20250127_00001830,2025-01-27 13:43:22,cust_4962085,GRRE,cash_loan,32621,36,707,low,approved,32621,web,true,410
app_20250127_00001831,2025-01-27 02:50:46,cust_4379416,PORP,refinance,75606,300,719,low,approved,75606,branch,true,580
app_20250127_00001832,2025-01-27 11:50:21,cust_7942181,CHBE,cash_loan,9135,36,764,low,rejected,0,mobile_app,true,121
app_20250127_00001833,2025-01-27 04:05:23,cust_8338754,BENL,business_loan,5552,36,837,low,rejected,0,atm,false,55
app_20250127_00001834,2025-01-27 05:27:02,cust_7027954,GRRE,mortgage,52634,360,788,low,approved,52634,online_banking,false,718
app_20250127_00001835,2025-01-27 10:02:29,cust_2513236,ESMA,education_loan,23270,60,599,medium,approved,23270,mobile,true,248
app_20250127_00001836,2025-01-27 11:47:25,cust_1037187,PORP,mortgage,436758,120,776,low,rejected,0,online_banking,true,178
app_20250127_00001837,2025-01-27 14:01:23,cust_4710776,CZPR,business_loan,10806,36,715,low,approved,10806,partner,false,32
app_20250127_00001838,2025-01-27 19:44:05,cust_1697121,UKLO,mortgage,490209,180,624,medium,approved,490209,branch,false,356
app_20250127_00001839,2025-01-27 13:51:51,cust_1598999,NLAM,mortgage,65195,120,848,low,approved,65195,atm,false,422
app_20250127_00001840,2025-01-27 23:12:42,cust_1314259,CHBE,credit_card,5037,30,850,low,approved,5037,web,true,64
app_20250127_00001841,2025-01-27 19:32:22,cust_5635052,FRID,education_loan,17083,60,744,low,approved,17083,mobile_app,false,892
app_20250127_00001842,2025-01-27 08:27:41,cust_7609777,GRRE,refinance,473929,300,613,medium,rejected,0,online_banking,true,22
app_20250127_00001843,2025-01-27 03:07:10,cust_1541230,CHBE,refinance,467169,120,536,medium,approved,467169,call_center,false,418
app_20250127_00001844,2025-01-27 01:29:26,cust_9713972,NLAM,auto_loan,53651,60,519,medium,rejected,0,mobile_app,true,90
app_20250127_00001845,2025-01-27 21:11:30,cust_964899,CHBE,business_loan,6306,48,686,medium,approved,6306,online_banking,true,862
app_20250127_00001846,2025-01-27 16:55:19,cust_746101,CZPR,personal_loan,19891,30,661,medium,approved,19891,mobile,true,577
app_20250127_00001847,2025-01-27 19:03:54,cust_2696670,AUTR,business_loan,24898,48,536,medium,approved,24898,online_banking,false,399
app_20250127_00001848,2025-01-27 15:42:53,cust_8925662,SESV,cash_loan,47215,12,675,medium,rejected,0,partner,false,118
app_20250127_00001849,2025-01-27 09:10:23,cust_7940701,FRID,personal_loan,6486,30,807,low,approved,6486,online_banking,false,604
app_20250127_00001850,2025-01-27 14:13:23,cust_2358775,SESV,credit_card,5329,18,593,medium,approved,5329,mobile,false,649
app_20250127_00001851,2025-01-27 01:45:16,cust_6808588,ATVI,business_loan,32235,60,719,low,approved,32235,mobile_app,false,501
app_20250127_00001852,2025-01-27 21:10:11,cust_8399475,PLWA,education_loan,36543,36,563,medium,approved,36543,mobile_app,true,556
app_20250127_00001853,2025-01-27 21:11:52,cust_4388010,BENL,education_loan,39967,12,731,low,approved,39967,call_center,false,59
app_20250127_00001854,2025-01-27 08:21:41,cust_7185463,NLAM,cash_loan,32474,24,634,medium,approved,32474,branch,true,181
app_20250127_00001855,2025-01-27 23:30:18,cust_951947,DEHE,cash_loan,19514,48,633,medium,approved,19514,mobile,false,388
app_20250127_00001856,2025-01-27 15:51:47,cust_6417647,AUTR,education_loan,33778,24,542,medium,rejected,0,mobile,false,67
app_20250127_00001857,2025-01-27 16:32:33,cust_7725341,CZPR,refinance,214627,120,753,low,rejected,0,partner,false,135
app_20250127_00001858,2025-01-27 01:39:06,cust_9640600,GRRE,business_loan,19126,60,690,medium,approved,19126,call_center,true,126
app_20250127_00001859,2025-01-27 12:19:26,cust_647493,PLWA,refinance,412688,180,572,medium,rejected,0,branch,false,165
app_20250127_00001860,2025-01-27 08:31:45,cust_9373304,UKLO,personal_loan,38920,18,809,low,approved,38920,call_center,false,41
app_20250127_00001861,2025-01-27 23:22:55,cust_8289569,PLWA,personal_loan,49091,42,567,medium,approved,49091,partner,false,459
app_20250127_00001862,2025-01-27 11:51:27,cust_6903292,PORP,education_loan,36203,24,777,low,approved,36203,partner,false,750
app_20250127_00001863,2025-01-27 02:31:16,cust_2802265,SESV,personal_loan,2354,42,717,low,approved,2354,online_banking,false,164
app_20250127_00001864,2025-01-27 20:29:01,cust_6651799,PORP,personal_loan,19387,12,533,medium,rejected,0,call_center,true,37
app_20250127_00001865,2025-01-27 19:46:39,cust_8259680,PLWA,refinance,187982,300,477,high,rejected,0,online_banking,false,25
app_20250127_00001866,2025-01-27 19:16:23,cust_7668740,ESMA,auto_loan,44981,36,642,medium,approved,44981,branch,false,881
app_20250127_00001867,2025-01-27 21:44:05,cust_2560505,FRID,credit_card,47238,18,620,medium,rejected,0,web,false,175
app_20250127_00001868,2025-01-27 13:41:44,cust_6220571,CZPR,education_loan,22009,48,441,high,rejected,0,online_banking,false,109
app_20250127_00001869,2025-01-27 06:44:33,cust_2715374,GRRE,cash_loan,36469,42,701,low,approved,36469,atm,false,462
app_20250127_00001870,2025-01-27 21:24:16,cust_9215856,ITMI,refinance,312418,360,670,medium,approved,312418,online_banking,false,701
app_20250127_00001871,2025-01-27 17:19:19,cust_8447713,ITMI,mortgage,237272,360,638,medium,rejected,0,web,false,159
app_20250127_00001872,2025-01-27 06:30:07,cust_8049676,PLWA,cash_loan,23971,48,737,low,approved,23971,mobile_app,true,480
app_20250127_00001873,2025-01-27 22:17:54,cust_5698232,DEHE,cash_loan,11705,12,628,medium,approved,11705,call_center,false,45
app_20250127_00001874,2025-01-27 11:06:30,cust_6788580,PLWA,refinance,461358,120,692,medium,approved,461358,partner,false,302
app_20250127_00001875,2025-01-27 21:05:39,cust_7142025,CHBE,auto_loan,36178,48,488,high,rejected,0,online_banking,false,13
app_20250127_00001876,2025-01-27 18:15:48,cust_2427023,PLWA,refinance,195254,180,559,medium,approved,195254,branch,true,775
app_20250127_00001877,2025-01-27 04:38:25,cust_6383149,PLWA,credit_card,40625,18,600,medium,approved,40625,web,true,178
app_20250127_00001878,2025-01-27 13:50:59,cust_441597,AUTR,refinance,159400,360,850,low,approved,159400,atm,true,222
app_20250127_00001879,2025-01-27 00:10:57,cust_8407355,UKLO,mortgage,354833,240,850,low,approved,354833,web,false,675
app_20250127_00001880,2025-01-27 12:59:03,cust_7945087,PORP,refinance,476283,180,720,low,approved,476283,partner,true,465
app_20250127_00001881,2025-01-27 03:17:09,cust_9107588,AUTR,refinance,196963,360,744,low,approved,196963,mobile,true,567
app_20250127_00001882,2025-01-27 14:53:58,cust_3943570,DEHE,business_loan,18014,24,601,medium,approved,18014,mobile,true,585
app_20250127_00001883,2025-01-27 08:16:06,cust_5650002,ITMI,credit_card,40625,12,617,medium,approved,40625,mobile,false,440
app_20250127_00001884,2025-01-27 21:39:56,cust_2339886,FRID,refinance,225088,240,812,low,approved,225088,online_banking,true,321
app_20250127_00001885,2025-01-27 07:42:37,cust_5664882,ATVI,credit_card,4656,24,704,low,approved,4656,web,false,705
app_20250127_00001886,2025-01-27 17:24:21,cust_2705182,NLAM,education_loan,16636,24,589,medium,approved,16636,branch,true,49
app_20250127_00001887,2025-01-27 01:32:32,cust_4232783,ITMI,credit_card,46692,24,643,medium,rejected,0,branch,true,153
app_20250127_00001888,2025-01-27 23:06:52,cust_8227668,ATVI,education_loan,23722,36,495,high,rejected,0,mobile_app,false,67
app_20250127_00001889,2025-01-27 03:45:58,cust_9401195,NLAM,auto_loan,41374,48,591,medium,rejected,0,web,true,142
app_20250127_00001890,2025-01-27 01:05:08,cust_103428,SESV,refinance,221549,360,824,low,rejected,0,mobile_app,true,136
app_20250127_00001891,2025-01-27 08:20:27,cust_185688,PLWA,personal_loan,40027,42,546,medium,rejected,0,call_center,false,125
app_20250127_00001892,2025-01-27 15:19:43,cust_3291728,PLWA,credit_card,29343,36,580,medium,rejected,0,mobile,true,161
app_20250127_00001893,2025-01-27 00:58:29,cust_6447125,PLWA,refinance,85189,240,593,medium,approved,85189,call_center,false,245
app_20250127_00001894,2025-01-27 04:24:58,cust_6863333,UKLO,refinance,120739,300,478,high,rejected,0,online_banking,false,162
app_20250127_00001895,2025-01-27 21:34:29,cust_1505289,NLAM,cash_loan,12854,30,739,low,approved,12854,online_banking,true,316
app_20250127_00001896,2025-01-27 09:14:13,cust_5938505,UKLO,auto_loan,55373,72,650,medium,approved,55373,partner,false,194
app_20250127_00001897,2025-01-27 03:31:28,cust_3886101,ESMA,personal_loan,41232,48,752,low,approved,41232,mobile_app,true,411
app_20250127_00001898,2025-01-27 09:22:39,cust_1698584,GRRE,cash_loan,14047,12,850,low,approved,14047,branch,true,526
app_20250127_00001899,2025-01-27 22:15:01,cust_1795276,ATVI,business_loan,12614,12,492,high,rejected,0,mobile,false,167
app_20250127_00001900,2025-01-27 22:51:13,cust_3417076,UKLO,personal_loan,33031,30,721,low,approved,33031,mobile,true,703
app_20250127_00001901,2025-01-27 12:24:02,cust_7381410,NLAM,personal_loan,45468,12,562,medium,approved,45468,call_center,true,228
app_20250127_00001902,2025-01-27 01:00:36,cust_4044935,UKLO,auto_loan,23856,24,679,medium,approved,23856,atm,true,421
app_20250127_00001903,2025-01-27 12:37:46,cust_815241,ESMA,education_loan,22968,36,601,medium,approved,22968,partner,true,546
app_20250127_00001904,2025-01-27 00:03:38,cust_7844532,AUTR,cash_loan,29847,30,495,high,rejected,0,call_center,false,63
app_20250127_00001905,2025-01-27 17:44:46,cust_9790354,NLAM,refinance,353444,300,622,medium,approved,353444,branch,false,896
app_20250127_00001906,2025-01-27 16:25:15,cust_2040397,FRID,refinance,69752,360,720,low,approved,69752,partner,true,113
app_20250127_00001907,2025-01-27 06:50:42,cust_6779151,PORP,mortgage,311810,240,579,medium,rejected,0,partner,false,151
app_20250127_00001908,2025-01-27 22:38:52,cust_7285096,GRRE,refinance,344016,300,817,low,approved,344016,online_banking,false,639
app_20250127_00001909,2025-01-27 09:35:22,cust_943067,FRID,credit_card,30068,48,467,high,rejected,0,mobile_app,true,63
app_20250127_00001910,2025-01-27 01:46:29,cust_5000128,CZPR,education_loan,17896,36,605,medium,approved,17896,atm,true,210
app_20250127_00001911,2025-01-27 01:54:48,cust_8711948,DEHE,education_loan,8490,12,706,low,approved,8490,branch,false,714
app_20250127_00001912,2025-01-27 23:10:03,cust_5113740,ATVI,auto_loan,10905,72,483,high,rejected,0,atm,true,140
app_20250127_00001913,2025-01-27 13:33:41,cust_6603364,DEHE,refinance,61036,360,806,low,rejected,0,branch,true,77
app_20250127_00001914,2025-01-27 20:32:06,cust_2926946,FRID,credit_card,24930,30,616,medium,approved,24930,online_banking,true,97
app_20250127_00001915,2025-01-27 21:28:57,cust_2105302,ESMA,education_loan,37232,12,773,low,approved,37232,call_center,false,580
app_20250127_00001916,2025-01-27 02:08:17,cust_6176833,ATVI,mortgage,482680,120,780,low,approved,482680,mobile,false,172
app_20250127_00001917,2025-01-27 07:28:01,cust_9861639,GRRE,mortgage,304236,180,807,low,approved,304236,atm,true,590
app_20250127_00001918,2025-01-27 09:46:55,cust_7586053,UKLO,personal_loan,32515,30,616,medium,approved,32515,mobile_app,false,699
app_20250127_00001919,2025-01-27 02:03:54,cust_8584162,SESV,mortgage,187736,240,661,medium,approved,187736,partner,false,608
app_20250127_00001920,2025-01-27 23:43:13,cust_5568037,AUTR,personal_loan,7832,24,727,low,approved,7832,mobile_app,false,277
app_20250127_00001921,2025-01-27 08:01:52,cust_3247577,ATVI,cash_loan,21731,36,734,low,approved,21731,web,false,575
app_20250127_00001922,2025-01-27 10:05:16,cust_3089888,DEHE,personal_loan,19183,18,542,medium,approved,19183,online_banking,false,137
app_20250127_00001923,2025-01-27 23:27:29,cust_9554370,AUTR,business_loan,39621,12,634,medium,approved,39621,partner,false,591
app_20250127_00001924,2025-01-27 21:08:35,cust_9610390,SESV,refinance,421845,360,718,low,rejected,0,partner,true,72
app_20250127_00001925,2025-01-27 00:35:07,cust_5567766,ATVI,education_loan,18295,24,565,medium,rejected,0,branch,false,8
app_20250127_00001926,2025-01-27 08:55:33,cust_9235223,CHBE,mortgage,218179,120,665,medium,approved,218179,atm,true,673
app_20250127_00001927,2025-01-27 16:38:48,cust_2529076,ITMI,credit_card,1461,12,661,medium,rejected,0,branch,true,67
app_20250127_00001928,2025-01-27 11:40:13,cust_706345,ITMI,cash_loan,31655,36,464,high,rejected,0,atm,false,91
app_20250127_00001929,2025-01-27 19:49:25,cust_2984364,FRID,personal_loan,29172,48,544,medium,rejected,0,mobile,true,116
app_20250127_00001930,2025-01-27 06:14:19,cust_6281426,AUTR,mortgage,284998,120,581,medium,rejected,0,branch,false,141
app_20250127_00001931,2025-01-27 09:48:55,cust_8075115,NLAM,cash_loan,10949,30,617,medium,approved,10949,mobile,false,284
app_20250127_00001932,2025-01-27 00:06:29,cust_5048621,GRRE,credit_card,6806,30,633,medium,approved,6806,web,true,882
app_20250127_00001933,2025-01-27 07:00:34,cust_8924255,CHBE,refinance,326573,120,650,medium,rejected,0,mobile,true,30
app_20250127_00001934,2025-01-27 20:44:00,cust_5867991,AUTR,business_loan,32019,24,547,medium,rejected,0,mobile_app,true,8
app_20250127_00001935,2025-01-27 00:44:51,cust_4968980,ESMA,credit_card,19711,36,700,low,approved,19711,call_center,true,139
app_20250127_00001936,2025-01-27 04:46:00,cust_1914178,PORP,personal_loan,13613,30,592,medium,rejected,0,atm,false,60
app_20250127_00001937,2025-01-27 11:12:51,cust_5612991,ITMI,cash_loan,31878,24,634,medium,approved,31878,atm,true,265
app_20250127_00001938,2025-01-27 16:32:37,cust_3403170,DEHE,credit_card,11200,30,757,low,approved,11200,partner,false,75
app_20250127_00001939,2025-01-27 03:28:55,cust_7877283,ATVI,auto_loan,40727,48,626,medium,approved,40727,mobile,false,648
app_20250127_00001940,2025-01-27 12:49:05,cust_4651090,BENL,personal_loan,42121,18,543,medium,approved,42121,partner,true,883
app_20250127_00001941,2025-01-27 09:46:42,cust_5044842,UKLO,auto_loan,31764,24,769,low,approved,31764,online_banking,true,846
app_20250127_00001942,2025-01-27 09:41:23,cust_1208358,FRID,credit_card,5771,30,718,low,approved,5771,partner,true,819
app_20250127_00001943,2025-01-27 09:11:00,cust_3645400,ATVI,auto_loan,59923,24,805,low,rejected,0,web,false,71
app_20250127_00001944,2025-01-27 07:30:59,cust_7249053,ITMI,education_loan,28142,24,643,medium,rejected,0,partner,false,53
app_20250127_00001945,2025-01-27 14:48:01,cust_6192556,AUTR,business_loan,31743,24,552,medium,approved,31743,mobile,true,362
app_20250127_00001946,2025-01-27 15:02:51,cust_7462048,CZPR,auto_loan,24058,60,823,low,approved,24058,web,true,329
app_20250127_00001947,2025-01-27 17:35:20,cust_114613,DEHE,mortgage,78410,180,676,medium,approved,78410,mobile,false,671
app_20250127_00001948,2025-01-27 12:04:24,cust_2811251,NLAM,mortgage,313322,180,600,medium,approved,313322,mobile_app,true,895
app_20250127_00001949,2025-01-27 16:55:13,cust_7334676,ATVI,credit_card,42874,48,631,medium,rejected,0,mobile,false,21
app_20250127_00001950,2025-01-27 06:19:01,cust_1069720,GRRE,education_loan,38950,12,850,low,approved,38950,web,true,129
app_20250127_00001951,2025-01-27 00:52:56,cust_1830904,CZPR,cash_loan,37259,36,453,high,rejected,0,branch,false,145
app_20250127_00001952,2025-01-27 20:59:42,cust_6939038,GRRE,refinance,282462,300,801,low,approved,282462,branch,false,733
app_20250127_00001953,2025-01-27 10:49:49,cust_1082998,SESV,refinance,292431,180,654,medium,rejected,0,mobile,false,160
app_20250127_00001954,2025-01-27 14:43:55,cust_6046768,ITMI,personal_loan,27088,48,770,low,approved,27088,mobile_app,false,751
app_20250127_00001955,2025-01-27 13:05:10,cust_8720801,NLAM,auto_loan,5312,24,760,low,approved,5312,mobile,false,173
app_20250127_00001956,2025-01-27 19:41:24,cust_6673594,NLAM,credit_card,4603,18,678,medium,approved,4603,online_banking,true,101
app_20250127_00001957,2025-01-27 07:17:36,cust_6791945,CZPR,education_loan,12449,12,668,medium,approved,12449,mobile,true,345
app_20250127_00001958,2025-01-27 07:42:48,cust_6845839,PLWA,refinance,382595,360,611,medium,approved,382595,web,true,386
app_20250127_00001959,2025-01-27 16:11:17,cust_1267040,UKLO,cash_loan,11787,12,462,high,approved,11787,web,false,276
app_20250127_00001960,2025-01-27 04:35:25,cust_9828380,CHBE,business_loan,37469,36,630,medium,rejected,0,branch,false,180
app_20250127_00001961,2025-01-27 20:47:47,cust_6434404,PLWA,credit_card,25978,30,747,low,approved,25978,call_center,true,492
app_20250127_00001962,2025-01-27 02:28:11,cust_7903987,CHBE,mortgage,310785,300,642,medium,approved,310785,web,true,571
app_20250127_00001963,2025-01-27 21:37:07,cust_5845011,GRRE,credit_card,42895,18,704,low,approved,42895,mobile,true,179
app_20250127_00001964,2025-01-27 16:03:07,cust_2532320,BENL,personal_loan,49904,30,612,medium,approved,49904,branch,true,456
app_20250127_00001965,2025-01-27 22:02:26,cust_786946,CHBE,auto_loan,25490,48,567,medium,rejected,0,mobile_app,false,33
app_20250127_00001966,2025-01-27 08:43:52,cust_7374248,UKLO,credit_card,19446,18,704,low,approved,19446,mobile,false,45
app_20250127_00001967,2025-01-27 02:49:02,cust_3902654,UKLO,mortgage,334562,360,568,medium,approved,334562,mobile,false,552
app_20250127_00001968,2025-01-27 12:18:18,cust_2565589,PORP,refinance,459438,180,772,low,approved,459438,atm,true,437
app_20250127_00001969,2025-01-27 03:12:33,cust_1012726,FRID,cash_loan,4205,42,589,medium,approved,4205,web,true,505
app_20250127_00001970,2025-01-27 07:31:21,cust_9044447,CHBE,refinance,373456,120,690,medium,rejected,0,mobile_app,true,60
app_20250127_00001971,2025-01-27 22:56:36,cust_6198040,UKLO,personal_loan,4165,36,692,medium,approved,4165,atm,true,540
app_20250127_00001972,2025-01-27 08:24:37,cust_2423109,ESMA,auto_loan,54736,72,622,medium,approved,54736,mobile_app,false,615
app_20250127_00001973,2025-01-27 05:08:03,cust_5070428,BENL,cash_loan,6468,42,669,medium,approved,6468,mobile_app,true,510
app_20250127_00001974,2025-01-27 05:17:43,cust_9979290,PLWA,refinance,240971,300,666,medium,rejected,0,online_banking,false,111
app_20250127_00001975,2025-01-27 01:13:32,cust_9924954,ATVI,business_loan,29365,60,675,medium,rejected,0,call_center,true,171
app_20250127_00001976,2025-01-27 20:08:12,cust_7404272,NLAM,refinance,86411,240,675,medium,approved,86411,mobile_app,true,58
app_20250127_00001977,2025-01-27 06:43:43,cust_2787980,ESMA,refinance,94896,360,711,low,approved,94896,mobile,true,287
app_20250127_00001978,2025-01-27 10:19:01,cust_3291204,PORP,education_loan,22801,12,680,medium,approved,22801,branch,true,132
app_20250127_00001979,2025-01-27 09:45:45,cust_1367628,CHBE,business_loan,28847,48,703,low,approved,28847,branch,true,456
app_20250127_00001980,2025-01-27 03:52:07,cust_4149392,ITMI,credit_card,31792,30,657,medium,approved,31792,atm,false,315
app_20250127_00001981,2025-01-27 16:05:10,cust_7525462,UKLO,mortgage,136273,360,698,medium,approved,136273,call_center,false,231
app_20250127_00001982,2025-01-27 15:01:20,cust_8764823,PLWA,auto_loan,16332,72,466,high,rejected,0,online_banking,false,9
app_20250127_00001983,2025-01-27 16:49:36,cust_6152320,BENL,refinance,308793,180,552,medium,rejected,0,mobile_app,false,161
app_20250127_00001984,2025-01-27 04:07:09,cust_3194001,CZPR,personal_loan,44329,24,721,low,approved,44329,partner,false,67
app_20250127_00001985,2025-01-27 15:38:43,cust_4426198,CZPR,credit_card,6143,48,756,low,approved,6143,mobile_app,false,700
app_20250127_00001986,2025-01-27 18:02:18,cust_2949742,DEHE,personal_loan,37427,48,660,medium,rejected,0,web,true,125
app_20250127_00001987,2025-01-27 05:17:35,cust_178652,FRID,personal_loan,34484,48,539,medium,approved,34484,partner,true,814
app_20250127_00001988,2025-01-27 04:15:36,cust_8174518,FRID,personal_loan,3381,12,607,medium,approved,3381,online_banking,true,426
app_20250127_00001989,2025-01-27 23:46:39,cust_8457609,AUTR,business_loan,4877,24,643,medium,approved,4877,atm,true,649
app_20250127_00001990,2025-01-27 05:02:03,cust_1281846,SESV,education_loan,14849,60,850,low,approved,14849,mobile,false,399
app_20250127_00001991,2025-01-27 13:15:50,cust_7044907,PLWA,auto_loan,40310,24,700,low,approved,40310,mobile_app,false,676
app_20250127_00001992,2025-01-27 14:19:57,cust_6048605,FRID,credit_card,4759,48,612,medium,rejected,0,web,false,20
app_20250127_00001993,2025-01-27 02:23:34,cust_749498,GRRE,auto_loan,5181,36,547,medium,approved,5181,call_center,true,768
app_20250127_00001994,2025-01-27 09:39:56,cust_6758941,NLAM,auto_loan,47790,48,638,medium,approved,47790,online_banking,true,520
app_20250127_00001995,2025-01-27 09:48:08,cust_4568015,UKLO,auto_loan,41287,72,600,medium,approved,41287,call_center,true,333
app_20250127_00001996,2025-01-27 00:36:31,cust_9070324,NLAM,auto_loan,36896,72,761,low,approved,36896,mobile_app,false,179
app_20250127_00001997,2025-01-27 02:41:26,cust_3328567,PLWA,cash_loan,46143,18,759,low,approved,46143,branch,false,177
app_20250127_00001998,2025-01-27 20:00:41,cust_5712510,CHBE,cash_loan,10206,30,420,high,approved,10206,partner,false,331
app_20250127_00001999,2025-01-27 19:05:50,cust_8891906,CHBE,credit_card,23069,42,600,medium,approved,23069,partner,false,323
app_20250127_00002000,2025-01-27 16:26:59,cust_3401775,ESMA,cash_loan,19714,42,537,medium,rejected,0,online_banking,false,171
app_20250127_00002001,2025-01-27 22:48:21,cust_5741393,UKLO,auto_loan,29370,48,638,medium,rejected,0,mobile,true,166
app_20250127_00002002,2025-01-27 22:56:03,cust_8296608,PLWA,education_loan,16561,48,670,medium,rejected,0,mobile_app,false,42
app_20250127_00002003,2025-01-27 15:05:09,cust_252030,BENL,auto_loan,26985,48,458,high,rejected,0,web,true,179
app_20250127_00002004,2025-01-27 18:24:37,cust_6128211,BENL,business_loan,29163,48,581,medium,rejected,0,call_center,false,75
app_20250127_00002005,2025-01-27 09:26:12,cust_9793935,PLWA,refinance,69363,360,604,medium,rejected,0,mobile_app,false,124
app_20250127_00002006,2025-01-27 23:54:25,cust_6379721,NLAM,personal_loan,44235,24,537,medium,rejected,0,mobile,false,92
app_20250127_00002007,2025-01-27 20:06:36,cust_1178688,ESMA,personal_loan,23561,30,803,low,approved,23561,online_banking,false,244
app_20250127_00002008,2025-01-27 04:26:11,cust_2600902,GRRE,education_loan,33296,48,624,medium,approved,33296,mobile_app,false,97
app_20250127_00002009,2025-01-27 13:56:18,cust_2678759,UKLO,personal_loan,22489,36,765,low,approved,22489,atm,true,572
app_20250127_00002010,2025-01-27 11:12:31,cust_2179143,PORP,refinance,350995,180,560,medium,approved,350995,online_banking,false,759
app_20250127_00002011,2025-01-27 21:26:35,cust_8400979,CHBE,personal_loan,49635,42,613,medium,approved,49635,web,true,163
app_20250127_00002012,2025-01-27 02:37:29,cust_5649804,DEHE,auto_loan,35736,72,642,medium,rejected,0,mobile,true,77
app_20250127_00002013,2025-01-27 14:57:40,cust_4902525,GRRE,cash_loan,42594,12,698,medium,approved,42594,online_banking,true,394
app_20250127_00002014,2025-01-27 21:04:27,cust_1149885,AUTR,mortgage,138342,300,699,medium,approved,138342,branch,false,227
app_20250127_00002015,2025-01-27 16:06:27,cust_4247191,DEHE,auto_loan,6011,24,510,medium,rejected,0,atm,false,32
app_20250127_00002016,2025-01-27 23:09:10,cust_5241618,ESMA,mortgage,487463,360,738,low,approved,487463,web,false,507
app_20250127_00002017,2025-01-27 06:40:07,cust_1888387,SESV,refinance,52452,360,486,high,rejected,0,online_banking,false,56
app_20250127_00002018,2025-01-27 14:11:04,cust_5857558,DEHE,refinance,150237,120,634,medium,rejected,0,partner,false,117
app_20250127_00002019,2025-01-27 21:37:56,cust_5430625,PLWA,mortgage,375027,120,614,medium,approved,375027,mobile_app,false,245
app_20250127_00002020,2025-01-27 11:48:06,cust_2420112,NLAM,refinance,319787,120,797,low,approved,319787,mobile,true,286
app_20250127_00002021,2025-01-27 05:20:59,cust_1602927,PORP,business_loan,5181,12,529,medium,rejected,0,online_banking,false,133
app_20250127_00002022,2025-01-27 07:54:43,cust_1146419,UKLO,mortgage,108740,300,398,high,rejected,0,partner,false,104
app_20250127_00002023,2025-01-27 02:35:54,cust_8474020,FRID,education_loan,4257,60,546,medium,rejected,0,web,true,98
app_20250127_00002024,2025-01-27 01:32:13,cust_1810062,CZPR,personal_loan,15381,12,529,medium,approved,15381,call_center,false,430
app_20250127_00002025,2025-01-27 04:21:47,cust_265710,CZPR,auto_loan,23720,36,598,medium,approved,23720,mobile,false,515
app_20250127_00002026,2025-01-27 05:58:30,cust_2459315,CHBE,auto_loan,31810,72,675,medium,approved,31810,mobile_app,true,187
app_20250127_00002027,2025-01-27 14:20:41,cust_9830752,PLWA,business_loan,26196,12,612,medium,approved,26196,atm,false,790
app_20250127_00002028,2025-01-27 16:06:06,cust_9646006,PORP,personal_loan,40554,24,666,medium,rejected,0,mobile_app,false,153
app_20250127_00002029,2025-01-27 21:46:44,cust_2802150,FRID,personal_loan,33850,24,625,medium,rejected,0,call_center,false,163
app_20250127_00002030,2025-01-27 12:04:08,cust_3626717,CZPR,cash_loan,3314,42,630,medium,approved,3314,web,true,497
app_20250127_00002031,2025-01-27 17:38:26,cust_3927723,CZPR,refinance,209546,300,546,medium,approved,209546,branch,false,496
app_20250127_00002032,2025-01-27 22:01:21,cust_3006483,FRID,education_loan,17463,48,699,medium,approved,17463,call_center,true,876
app_20250127_00002033,2025-01-27 07:37:01,cust_8408088,FRID,mortgage,127662,180,633,medium,approved,127662,online_banking,true,620
app_20250127_00002034,2025-01-27 02:00:38,cust_9035310,SESV,business_loan,17869,12,553,medium,approved,17869,mobile,true,383
app_20250127_00002035,2025-01-27 19:12:01,cust_4296681,CHBE,auto_loan,55998,36,772,low,approved,55998,web,false,214
app_20250127_00002036,2025-01-27 16:25:04,cust_9103822,CHBE,personal_loan,43209,48,615,medium,approved,43209,branch,true,708
app_20250127_00002037,2025-01-27 13:58:24,cust_7169595,BENL,refinance,204715,240,427,high,rejected,0,branch,true,179
app_20250127_00002038,2025-01-27 00:15:56,cust_4239499,ESMA,personal_loan,15091,12,560,medium,approved,15091,atm,false,601
app_20250127_00002039,2025-01-27 10:21:41,cust_1378705,UKLO,cash_loan,46288,42,662,medium,approved,46288,call_center,false,296
app_20250127_00002040,2025-01-27 04:19:10,cust_726570,AUTR,credit_card,40960,24,478,high,rejected,0,mobile,false,79
app_20250127_00002041,2025-01-27 14:03:16,cust_6272109,CZPR,education_loan,32714,60,710,low,approved,32714,mobile,true,789
app_20250127_00002042,2025-01-27 03:48:27,cust_7910202,UKLO,business_loan,17601,12,728,low,approved,17601,mobile,true,77
app_20250127_00002043,2025-01-27 21:44:18,cust_1397206,PORP,business_loan,38544,36,597,medium,rejected,0,mobile_app,false,104
app_20250127_00002044,2025-01-27 08:51:15,cust_4213173,ITMI,cash_loan,12693,24,687,medium,approved,12693,partner,false,837
app_20250127_00002045,2025-01-27 19:45:21,cust_8423765,NLAM,auto_loan,23267,48,850,low,approved,23267,mobile_app,true,132
app_20250127_00002046,2025-01-27 15:17:52,cust_7312007,PORP,cash_loan,10607,24,628,medium,approved,10607,mobile,false,184
app_20250127_00002047,2025-01-27 07:47:51,cust_6843748,ESMA,education_loan,20276,36,688,medium,rejected,0,mobile,false,6
app_20250127_00002048,2025-01-27 22:00:51,cust_9246032,BENL,refinance,285037,120,510,medium,approved,285037,atm,true,653
app_20250127_00002049,2025-01-27 16:18:16,cust_6323141,ATVI,cash_loan,21898,18,818,low,rejected,0,branch,false,19
app_20250127_00002050,2025-01-27 19:21:41,cust_3754320,NLAM,education_loan,2184,48,711,low,approved,2184,partner,true,273
app_20250127_00002051,2025-01-27 19:20:27,cust_7655702,UKLO,refinance,166200,300,519,medium,rejected,0,branch,true,17
app_20250127_00002052,2025-01-27 13:26:57,cust_3290169,UKLO,auto_loan,27354,60,574,medium,rejected,0,mobile,false,153
app_20250127_00002053,2025-01-27 03:25:03,cust_767207,ITMI,education_loan,34181,48,637,medium,approved,34181,online_banking,false,893
app_20250127_00002054,2025-01-27 07:51:59,cust_5819074,ATVI,refinance,151691,240,551,medium,rejected,0,branch,false,30
app_20250127_00002055,2025-01-27 10:18:01,cust_991219,ATVI,refinance,173650,180,554,medium,rejected,0,atm,false,60
app_20250127_00002056,2025-01-27 07:46:26,cust_286109,GRRE,credit_card,31546,12,626,medium,rejected,0,mobile,true,125
app_20250127_00002057,2025-01-27 01:35:40,cust_3133428,CHBE,education_loan,9600,36,669,medium,rejected,0,mobile,true,107
app_20250127_00002058,2025-01-27 12:55:43,cust_2461498,CZPR,credit_card,31071,12,613,medium,approved,31071,mobile,false,465
app_20250127_00002059,2025-01-27 16:53:27,cust_3809179,DEHE,credit_card,47382,36,626,medium,approved,47382,atm,true,773
app_20250127_00002060,2025-01-27 06:51:27,cust_8861278,BENL,education_loan,24117,24,678,medium,rejected,0,mobile_app,true,101
app_20250127_00002061,2025-01-27 05:48:39,cust_2057158,ATVI,refinance,296014,180,825,low,approved,296014,online_banking,true,726
app_20250127_00002062,2025-01-27 04:44:46,cust_8258010,SESV,education_loan,30370,36,605,medium,approved,30370,atm,true,516
app_20250127_00002063,2025-01-27 02:44:15,cust_793819,NLAM,refinance,169046,360,565,medium,approved,169046,call_center,true,336
app_20250127_00002064,2025-01-27 02:05:18,cust_2992706,AUTR,auto_loan,20632,36,602,medium,approved,20632,partner,true,356
app_20250127_00002065,2025-01-27 23:53:49,cust_2685478,PORP,cash_loan,6781,30,754,low,approved,6781,call_center,true,34
app_20250127_00002066,2025-01-27 06:09:41,cust_1534263,ITMI,business_loan,29449,36,800,low,approved,29449,call_center,false,576
app_20250127_00002067,2025-01-27 14:12:08,cust_4216157,BENL,credit_card,43643,18,683,medium,approved,43643,atm,false,225
app_20250127_00002068,2025-01-27 08:48:06,cust_9361682,PORP,mortgage,365157,240,702,low,rejected,0,web,false,105
app_20250127_00002069,2025-01-27 05:17:16,cust_1450743,ATVI,credit_card,40635,36,701,low,approved,40635,online_banking,true,644
app_20250127_00002070,2025-01-27 22:06:56,cust_5008745,CHBE,personal_loan,32337,36,652,medium,approved,32337,online_banking,false,137
app_20250127_00002071,2025-01-27 18:13:57,cust_5643170,SESV,mortgage,213624,300,670,medium,approved,213624,call_center,false,82
app_20250127_00002072,2025-01-27 17:46:22,cust_1322504,UKLO,mortgage,90066,120,548,medium,rejected,0,partner,false,7
app_20250127_00002073,2025-01-27 20:44:38,cust_1056207,UKLO,education_loan,20259,24,700,low,approved,20259,partner,false,421
app_20250127_00002074,2025-01-27 21:38:10,cust_8058410,CZPR,personal_loan,29030,48,525,medium,rejected,0,branch,false,43
app_20250127_00002075,2025-01-27 21:54:10,cust_2356028,GRRE,business_loan,14072,36,560,medium,rejected,0,mobile,false,93
app_20250127_00002076,2025-01-27 23:32:44,cust_6990712,CHBE,personal_loan,2116,12,725,low,approved,2116,call_center,true,898
app_20250127_00002077,2025-01-27 18:06:40,cust_1899162,CZPR,auto_loan,46530,36,669,medium,approved,46530,mobile,false,131
app_20250127_00002078,2025-01-27 00:51:30,cust_5454441,ATVI,cash_loan,49429,48,639,medium,approved,49429,web,true,189
app_20250127_00002079,2025-01-27 09:33:20,cust_6576025,ATVI,cash_loan,4415,24,740,low,rejected,0,mobile,true,63
app_20250127_00002080,2025-01-27 01:20:17,cust_3468502,CHBE,business_loan,6063,48,819,low,approved,6063,branch,false,511
app_20250127_00002081,2025-01-27 09:05:54,cust_905587,PLWA,education_loan,35741,24,824,low,approved,35741,online_banking,true,505
app_20250127_00002082,2025-01-27 04:38:55,cust_8694395,GRRE,refinance,239697,120,678,medium,approved,239697,mobile,false,710
app_20250127_00002083,2025-01-27 09:15:25,cust_5063608,CZPR,auto_loan,9646,24,542,medium,approved,9646,branch,false,389
app_20250127_00002084,2025-01-27 02:47:37,cust_3142378,ESMA,refinance,58719,360,736,low,approved,58719,online_banking,false,662
app_20250127_00002085,2025-01-27 19:49:27,cust_1252709,PLWA,mortgage,202083,300,785,low,approved,202083,partner,true,317
app_20250127_00002086,2025-01-27 07:07:15,cust_8734409,GRRE,education_loan,28887,36,780,low,rejected,0,web,false,177
app_20250127_00002087,2025-01-27 15:20:38,cust_7822452,CZPR,refinance,184469,180,738,low,rejected,0,partner,false,51
app_20250127_00002088,2025-01-27 10:51:47,cust_4193356,CHBE,mortgage,408712,120,532,medium,rejected,0,atm,true,67
app_20250127_00002089,2025-01-27 20:53:42,cust_3590011,DEHE,business_loan,15276,60,764,low,approved,15276,partner,false,85
app_20250127_00002090,2025-01-27 14:57:03,cust_667608,DEHE,mortgage,88351,120,673,medium,rejected,0,partner,false,169
app_20250127_00002091,2025-01-27 22:18:56,cust_9841474,ESMA,personal_loan,48711,30,687,medium,rejected,0,branch,true,6
app_20250127_00002092,2025-01-27 08:48:07,cust_1932421,PORP,education_loan,37987,36,777,low,approved,37987,atm,false,330
app_20250127_00002093,2025-01-27 15:06:06,cust_5440368,CZPR,business_loan,24228,36,558,medium,approved,24228,branch,false,450
app_20250127_00002094,2025-01-27 16:08:52,cust_1183213,PLWA,mortgage,258157,240,670,medium,rejected,0,online_banking,false,122
app_20250127_00002095,2025-01-27 14:12:46,cust_6946605,ITMI,personal_loan,16587,42,744,low,approved,16587,atm,true,900
app_20250127_00002096,2025-01-27 07:33:35,cust_819362,CHBE,business_loan,38739,36,810,low,approved,38739,web,false,323
app_20250127_00002097,2025-01-27 07:52:04,cust_1583699,ESMA,credit_card,21839,18,526,medium,rejected,0,mobile,true,112
app_20250127_00002098,2025-01-27 04:43:17,cust_5834093,CZPR,education_loan,25787,60,578,medium,rejected,0,mobile_app,true,21
app_20250127_00002099,2025-01-27 15:51:42,cust_6838511,CZPR,personal_loan,27554,42,768,low,approved,27554,branch,true,707
app_20250127_00002100,2025-01-27 05:10:02,cust_9051212,UKLO,refinance,158957,360,512,medium,rejected,0,web,false,61
app_20250127_00002101,2025-01-27 14:23:27,cust_736663,UKLO,education_loan,19121,60,550,medium,approved,19121,mobile_app,true,714
app_20250127_00002102,2025-01-27 19:26:13,cust_896989,UKLO,credit_card,9911,12,527,medium,approved,9911,mobile_app,false,500
app_20250127_00002103,2025-01-27 01:09:05,cust_371277,ESMA,business_loan,35306,24,623,medium,approved,35306,atm,true,895
app_20250127_00002104,2025-01-27 22:29:12,cust_3977561,CHBE,refinance,491033,240,744,low,approved,491033,online_banking,false,422
app_20250127_00002105,2025-01-27 12:17:07,cust_3326121,AUTR,credit_card,38654,42,849,low,approved,38654,mobile,true,838
app_20250127_00002106,2025-01-27 16:42:43,cust_5760516,ESMA,auto_loan,49749,24,508,medium,approved,49749,branch,false,628
app_20250127_00002107,2025-01-27 05:02:32,cust_4938330,NLAM,education_loan,34523,60,716,low,approved,34523,web,true,755
app_20250127_00002108,2025-01-27 11:23:01,cust_5670541,PLWA,cash_loan,41110,18,643,medium,approved,41110,web,false,137
app_20250127_00002109,2025-01-27 17:10:25,cust_1743789,GRRE,cash_loan,31199,48,749,low,approved,31199,online_banking,true,322
app_20250127_00002110,2025-01-27 06:08:53,cust_4101418,AUTR,refinance,119848,240,850,low,approved,119848,branch,true,87
app_20250127_00002111,2025-01-27 16:00:34,cust_1854403,ITMI,personal_loan,27653,36,635,medium,approved,27653,atm,true,315
app_20250127_00002112,2025-01-27 04:23:29,cust_1984007,UKLO,auto_loan,35783,72,821,low,approved,35783,web,false,91
app_20250127_00002113,2025-01-27 06:12:43,cust_6258722,BENL,personal_loan,33342,18,538,medium,rejected,0,mobile_app,true,94
app_20250127_00002114,2025-01-27 22:09:46,cust_9351389,CZPR,refinance,185841,240,499,high,rejected,0,online_banking,true,140
app_20250127_00002115,2025-01-27 00:32:03,cust_7147383,BENL,refinance,226957,120,532,medium,approved,226957,call_center,false,682
app_20250127_00002116,2025-01-27 22:04:24,cust_8764686,FRID,refinance,383530,240,707,low,approved,383530,online_banking,true,797
app_20250127_00002117,2025-01-27 20:22:25,cust_8558345,PLWA,cash_loan,39476,12,516,medium,approved,39476,call_center,false,830
app_20250127_00002118,2025-01-27 21:48:08,cust_552395,FRID,credit_card,3421,36,652,medium,approved,3421,online_banking,false,137
app_20250127_00002119,2025-01-27 07:25:04,cust_9499174,PLWA,credit_card,15173,12,456,high,rejected,0,call_center,false,102
app_20250127_00002120,2025-01-27 11:56:38,cust_5387137,PLWA,mortgage,266686,180,741,low,approved,266686,branch,false,659
app_20250127_00002121,2025-01-27 06:06:03,cust_1937832,SESV,credit_card,23785,18,591,medium,approved,23785,web,false,764
app_20250127_00002122,2025-01-27 15:59:05,cust_479656,UKLO,refinance,370639,240,655,medium,approved,370639,branch,true,651
app_20250127_00002123,2025-01-27 04:58:56,cust_903048,PLWA,refinance,378066,300,728,low,approved,378066,call_center,false,81
app_20250127_00002124,2025-01-27 22:27:39,cust_1128770,DEHE,business_loan,13186,48,741,low,approved,13186,mobile,false,825
app_20250127_00002125,2025-01-27 19:40:00,cust_4130693,FRID,credit_card,12248,42,747,low,approved,12248,online_banking,false,596
app_20250127_00002126,2025-01-27 02:57:28,cust_7237186,UKLO,personal_loan,26850,30,533,medium,approved,26850,partner,true,381
app_20250127_00002127,2025-01-27 15:49:48,cust_1008589,PLWA,personal_loan,5989,48,487,high,rejected,0,partner,false,82
app_20250127_00002128,2025-01-27 03:37:00,cust_9848594,SESV,personal_loan,36654,18,703,low,approved,36654,atm,true,140
app_20250127_00002129,2025-01-27 09:54:03,cust_7104320,DEHE,business_loan,21489,36,643,medium,approved,21489,mobile,true,477
app_20250127_00002130,2025-01-27 14:18:06,cust_7985664,GRRE,auto_loan,36794,60,546,medium,approved,36794,mobile_app,true,194
app_20250127_00002131,2025-01-27 03:36:39,cust_5192101,AUTR,cash_loan,1595,48,515,medium,approved,1595,call_center,false,601
app_20250127_00002132,2025-01-27 10:18:00,cust_763465,GRRE,auto_loan,14428,72,602,medium,approved,14428,web,true,753
app_20250127_00002133,2025-01-27 16:17:48,cust_7103351,NLAM,education_loan,31458,24,489,high,rejected,0,mobile,false,147
app_20250127_00002134,2025-01-27 10:47:34,cust_4184952,PORP,mortgage,225305,360,626,medium,approved,225305,online_banking,true,571
app_20250127_00002135,2025-01-27 11:56:09,cust_6911387,ATVI,education_loan,12217,48,630,medium,approved,12217,partner,false,310
app_20250127_00002136,2025-01-27 21:07:20,cust_9107143,AUTR,refinance,441761,180,784,low,approved,441761,mobile_app,false,390
app_20250127_00002137,2025-01-27 17:23:47,cust_8246297,ESMA,credit_card,12216,42,737,low,approved,12216,online_banking,true,790
app_20250127_00002138,2025-01-27 05:57:09,cust_5443945,GRRE,credit_card,11110,48,595,medium,approved,11110,partner,true,771
app_20250127_00002139,2025-01-27 22:06:25,cust_9142849,BENL,business_loan,34193,36,619,medium,approved,34193,web,false,367
app_20250127_00002140,2025-01-27 01:35:11,cust_345198,UKLO,education_loan,33995,36,671,medium,approved,33995,call_center,true,388
app_20250127_00002141,2025-01-27 04:18:08,cust_3674784,PLWA,mortgage,115642,300,582,medium,rejected,0,mobile,true,24
app_20250127_00002142,2025-01-27 16:41:10,cust_6137031,SESV,refinance,228601,360,684,medium,rejected,0,web,true,30
app_20250127_00002143,2025-01-27 07:53:41,cust_5693552,ATVI,cash_loan,7311,24,726,low,rejected,0,atm,false,125
app_20250127_00002144,2025-01-27 03:22:06,cust_8484450,GRRE,education_loan,6371,48,616,medium,approved,6371,mobile_app,false,380
app_20250127_00002145,2025-01-27 19:28:41,cust_6535829,ATVI,auto_loan,57505,72,719,low,approved,57505,branch,true,755
app_20250127_00002146,2025-01-27 00:25:50,cust_884152,PORP,education_loan,19114,60,472,high,rejected,0,call_center,false,70
app_20250127_00002147,2025-01-27 15:31:50,cust_9683498,SESV,cash_loan,28132,24,752,low,approved,28132,mobile,true,480
app_20250127_00002148,2025-01-27 20:12:35,cust_7985702,CHBE,refinance,185492,300,850,low,approved,185492,online_banking,true,718
app_20250127_00002149,2025-01-27 11:46:56,cust_6667671,UKLO,education_loan,25311,36,773,low,approved,25311,branch,false,196
app_20250127_00002150,2025-01-27 05:20:26,cust_5707987,PLWA,cash_loan,13713,48,806,low,approved,13713,web,false,684
app_20250127_00002151,2025-01-27 11:32:03,cust_4888590,FRID,mortgage,84439,300,614,medium,approved,84439,online_banking,true,887
app_20250127_00002152,2025-01-27 23:23:55,cust_2447748,ITMI,personal_loan,26739,36,472,high,rejected,0,atm,false,85
app_20250127_00002153,2025-01-27 10:23:58,cust_3915018,ITMI,credit_card,8547,42,616,medium,rejected,0,branch,true,52
app_20250127_00002154,2025-01-27 10:25:36,cust_2875017,SESV,auto_loan,8388,60,602,medium,rejected,0,web,true,165
app_20250127_00002155,2025-01-27 21:40:07,cust_118679,ITMI,business_loan,30686,24,704,low,approved,30686,online_banking,true,407
app_20250127_00002156,2025-01-27 00:15:51,cust_5428888,CHBE,business_loan,10012,48,825,low,approved,10012,mobile_app,false,491
app_20250127_00002157,2025-01-27 15:17:54,cust_5126393,AUTR,business_loan,20756,36,748,low,approved,20756,partner,true,61
app_20250127_00002158,2025-01-27 20:30:10,cust_842781,AUTR,mortgage,84504,120,728,low,approved,84504,partner,false,896
app_20250127_00002159,2025-01-27 12:59:31,cust_5001480,NLAM,auto_loan,17464,36,705,low,rejected,0,partner,false,140
app_20250127_00002160,2025-01-27 18:23:04,cust_7315289,AUTR,auto_loan,46898,60,688,medium,approved,46898,atm,true,157
app_20250127_00002161,2025-01-27 20:52:46,cust_3665650,GRRE,cash_loan,19255,18,621,medium,approved,19255,online_banking,true,471
app_20250127_00002162,2025-01-27 15:05:01,cust_6489143,PLWA,mortgage,177948,120,543,medium,rejected,0,online_banking,false,103
app_20250127_00002163,2025-01-27 18:04:51,cust_5368887,ITMI,business_loan,19142,60,672,medium,approved,19142,atm,true,865
app_20250127_00002164,2025-01-27 19:50:49,cust_1073171,CZPR,auto_loan,14368,48,625,medium,approved,14368,partner,false,854
app_20250127_00002165,2025-01-27 00:42:25,cust_9832540,BENL,credit_card,20240,36,678,medium,approved,20240,online_banking,false,297
app_20250127_00002166,2025-01-27 09:35:45,cust_1973354,DEHE,education_loan,7661,36,756,low,approved,7661,branch,true,748
app_20250127_00002167,2025-01-27 11:40:09,cust_9554348,SESV,business_loan,5454,24,591,medium,rejected,0,partner,false,68
app_20250127_00002168,2025-01-27 19:16:06,cust_1086387,PLWA,mortgage,304200,300,702,low,approved,304200,atm,false,120
app_20250127_00002169,2025-01-27 21:31:15,cust_4504613,FRID,education_loan,21495,12,765,low,approved,21495,branch,true,550
app_20250127_00002170,2025-01-27 06:32:02,cust_9564507,ATVI,credit_card,45335,12,632,medium,rejected,0,branch,true,74
app_20250127_00002171,2025-01-27 08:56:13,cust_8178659,DEHE,credit_card,48395,24,670,medium,rejected,0,atm,true,64
app_20250127_00002172,2025-01-27 19:20:58,cust_1003281,BENL,credit_card,19030,48,653,medium,approved,19030,partner,true,141
app_20250127_00002173,2025-01-27 02:43:07,cust_8014515,ESMA,mortgage,336259,300,613,medium,approved,336259,web,false,271
app_20250127_00002174,2025-01-27 10:48:48,cust_7579288,ATVI,mortgage,136267,360,572,medium,approved,136267,partner,false,200
app_20250127_00002175,2025-01-27 07:26:43,cust_9553993,ESMA,education_loan,21342,48,580,medium,rejected,0,mobile_app,true,90
app_20250127_00002176,2025-01-27 22:13:51,cust_9887200,PORP,auto_loan,21375,24,576,medium,rejected,0,branch,true,52
app_20250127_00002177,2025-01-27 04:45:32,cust_1257936,GRRE,education_loan,18104,48,796,low,approved,18104,partner,true,179
app_20250127_00002178,2025-01-27 17:41:43,cust_9738259,BENL,refinance,250710,360,801,low,approved,250710,web,true,346
app_20250127_00002179,2025-01-27 11:06:53,cust_6941917,NLAM,business_loan,17767,36,796,low,approved,17767,partner,true,540
app_20250127_00002180,2025-01-27 15:46:40,cust_3551782,SESV,cash_loan,9326,18,626,medium,approved,9326,call_center,false,848
app_20250127_00002181,2025-01-27 14:15:30,cust_4741305,AUTR,business_loan,11934,48,549,medium,rejected,0,mobile_app,false,104
app_20250127_00002182,2025-01-27 04:31:19,cust_3936005,UKLO,education_loan,6132,48,673,medium,approved,6132,mobile_app,true,813
app_20250127_00002183,2025-01-27 10:06:40,cust_4994115,SESV,business_loan,29928,36,577,medium,rejected,0,branch,true,128
app_20250127_00002184,2025-01-27 10:37:31,cust_3390554,SESV,mortgage,435713,240,745,low,approved,435713,online_banking,false,185
app_20250127_00002185,2025-01-27 23:41:53,cust_271193,AUTR,mortgage,80408,300,621,medium,approved,80408,mobile_app,false,554
app_20250127_00002186,2025-01-27 22:45:00,cust_8115015,UKLO,refinance,122377,240,611,medium,rejected,0,call_center,true,69
app_20250127_00002187,2025-01-27 03:25:45,cust_7593121,PLWA,business_loan,38245,60,662,medium,approved,38245,mobile_app,false,359
app_20250127_00002188,2025-01-27 15:05:03,cust_515981,GRRE,auto_loan,31605,72,796,low,approved,31605,mobile,true,493
app_20250127_00002189,2025-01-27 12:55:43,cust_3510460,PORP,cash_loan,26467,24,638,medium,approved,26467,atm,false,70
app_20250127_00002190,2025-01-27 05:52:55,cust_1058983,ATVI,auto_loan,32763,24,749,low,rejected,0,web,false,96
app_20250127_00002191,2025-01-27 02:19:20,cust_8657405,ATVI,education_loan,3368,60,498,high,rejected,0,mobile,false,109
app_20250127_00002192,2025-01-27 21:06:36,cust_4378962,DEHE,business_loan,13714,48,551,medium,rejected,0,branch,false,11
app_20250127_00002193,2025-01-27 09:43:00,cust_5762547,FRID,business_loan,12754,36,734,low,approved,12754,branch,true,263
app_20250127_00002194,2025-01-27 20:35:01,cust_8575257,ATVI,mortgage,52860,180,743,low,approved,52860,web,false,410
app_20250127_00002195,2025-01-27 02:15:10,cust_7616491,PORP,refinance,207359,120,536,medium,approved,207359,online_banking,true,167
app_20250127_00002196,2025-01-27 15:48:45,cust_1068191,UKLO,auto_loan,45473,24,535,medium,approved,45473,web,false,209
app_20250127_00002197,2025-01-27 18:22:56,cust_3261280,ITMI,mortgage,302153,180,753,low,approved,302153,partner,true,739
app_20250127_00002198,2025-01-27 18:58:39,cust_1387929,AUTR,personal_loan,6179,48,794,low,approved,6179,branch,false,518
app_20250127_00002199,2025-01-27 09:34:29,cust_732922,ITMI,credit_card,29112,30,631,medium,approved,29112,branch,false,68
app_20250127_00002200,2025-01-27 22:01:42,cust_1762276,BENL,cash_loan,25149,30,515,medium,rejected,0,partner,true,23
app_20250127_00002201,2025-01-27 12:46:31,cust_6844739,PLWA,business_loan,30278,60,812,low,approved,30278,mobile_app,true,792
app_20250127_00002202,2025-01-27 00:58:15,cust_4397053,DEHE,credit_card,14680,18,702,low,approved,14680,mobile_app,true,333
app_20250127_00002203,2025-01-27 14:48:15,cust_6403128,UKLO,credit_card,9791,42,542,medium,approved,9791,call_center,false,746
app_20250127_00002204,2025-01-27 05:25:58,cust_6685310,PORP,business_loan,30918,60,592,medium,approved,30918,mobile_app,false,120
app_20250127_00002205,2025-01-27 05:36:43,cust_1632654,DEHE,auto_loan,13415,24,850,low,approved,13415,mobile_app,true,258
app_20250127_00002206,2025-01-27 19:30:06,cust_4728058,GRRE,education_loan,24132,12,849,low,approved,24132,web,true,560
app_20250127_00002207,2025-01-27 01:53:41,cust_2009600,CZPR,personal_loan,20596,42,688,medium,approved,20596,mobile,false,290
app_20250127_00002208,2025-01-27 21:03:33,cust_7177294,UKLO,auto_loan,23772,36,624,medium,approved,23772,partner,true,687
app_20250127_00002209,2025-01-27 21:15:12,cust_8249077,BENL,refinance,343071,180,844,low,approved,343071,web,true,277
app_20250127_00002210,2025-01-27 23:50:41,cust_446580,DEHE,credit_card,28572,42,623,medium,approved,28572,mobile_app,false,612
app_20250127_00002211,2025-01-27 03:10:44,cust_4502651,DEHE,personal_loan,37101,18,540,medium,rejected,0,branch,true,110
app_20250127_00002212,2025-01-27 13:07:29,cust_114076,DEHE,business_loan,27756,48,515,medium,rejected,0,online_banking,true,95
app_20250127_00002213,2025-01-27 10:30:27,cust_1202637,PORP,education_loan,30573,36,850,low,approved,30573,mobile,false,167
app_20250127_00002214,2025-01-27 21:25:24,cust_8546665,BENL,auto_loan,16407,72,706,low,approved,16407,web,true,567
app_20250127_00002215,2025-01-27 15:25:47,cust_6357602,GRRE,education_loan,8806,12,582,medium,approved,8806,mobile_app,false,71
app_20250127_00002216,2025-01-27 04:41:47,cust_3237370,SESV,education_loan,32302,12,683,medium,approved,32302,mobile,false,350
app_20250127_00002217,2025-01-27 11:16:16,cust_1699324,BENL,refinance,361580,240,738,low,approved,361580,mobile_app,false,378
app_20250127_00002218,2025-01-27 06:46:14,cust_8866384,ESMA,mortgage,241006,300,654,medium,approved,241006,call_center,true,864
app_20250127_00002219,2025-01-27 14:01:37,cust_8476540,BENL,refinance,477131,300,569,medium,approved,477131,mobile,false,568
app_20250127_00002220,2025-01-27 07:37:50,cust_6912401,CZPR,education_loan,37686,36,733,low,approved,37686,mobile,true,381
app_20250127_00002221,2025-01-27 07:08:38,cust_3722726,PORP,business_loan,31222,36,679,medium,approved,31222,partner,false,672
app_20250127_00002222,2025-01-27 01:22:49,cust_2895155,NLAM,credit_card,42535,36,795,low,approved,42535,partner,true,172
app_20250127_00002223,2025-01-27 08:57:53,cust_1982989,SESV,auto_loan,17888,48,599,medium,rejected,0,mobile_app,false,65
app_20250127_00002224,2025-01-27 08:01:30,cust_4881888,SESV,mortgage,310509,120,509,medium,rejected,0,online_banking,false,79
app_20250127_00002225,2025-01-27 10:51:49,cust_2905130,AUTR,personal_loan,47347,30,581,medium,rejected,0,call_center,false,128
app_20250127_00002226,2025-01-27 01:19:14,cust_2634664,ITMI,refinance,278998,240,596,medium,approved,278998,web,false,402
app_20250127_00002227,2025-01-27 18:25:45,cust_997085,ATVI,personal_loan,34164,30,740,low,approved,34164,call_center,true,670
app_20250127_00002228,2025-01-27 01:36:32,cust_5077183,UKLO,credit_card,28805,24,666,medium,approved,28805,call_center,false,276
app_20250127_00002229,2025-01-27 23:43:48,cust_9526142,NLAM,cash_loan,25673,42,642,medium,approved,25673,atm,true,650
app_20250127_00002230,2025-01-27 10:41:17,cust_5512526,GRRE,auto_loan,26633,24,622,medium,approved,26633,branch,true,769
app_20250127_00002231,2025-01-27 05:42:40,cust_7403510,PLWA,credit_card,45158,48,682,medium,approved,45158,web,true,347
app_20250127_00002232,2025-01-27 19:30:33,cust_7603655,NLAM,business_loan,38321,12,850,low,approved,38321,mobile_app,false,814
app_20250127_00002233,2025-01-27 05:16:41,cust_7249573,CHBE,cash_loan,47850,12,814,low,approved,47850,mobile,false,787
app_20250127_00002234,2025-01-27 03:22:19,cust_7629384,PLWA,business_loan,9505,12,686,medium,approved,9505,partner,true,318
app_20250127_00002235,2025-01-27 22:28:22,cust_305489,FRID,education_loan,36225,60,639,medium,approved,36225,atm,true,309
app_20250127_00002236,2025-01-27 10:44:43,cust_7856765,PLWA,mortgage,204038,120,557,medium,approved,204038,web,false,732
app_20250127_00002237,2025-01-27 03:02:01,cust_1937127,AUTR,refinance,241405,300,578,medium,approved,241405,web,false,802
app_20250127_00002238,2025-01-27 15:53:35,cust_847537,ESMA,auto_loan,17032,60,552,medium,approved,17032,mobile_app,false,244
app_20250127_00002239,2025-01-27 02:36:06,cust_1969491,AUTR,business_loan,3413,24,658,medium,approved,3413,atm,true,866
app_20250127_00002240,2025-01-27 07:28:40,cust_6976864,UKLO,mortgage,445026,120,510,medium,rejected,0,branch,false,146
app_20250127_00002241,2025-01-27 09:40:10,cust_1113207,DEHE,credit_card,10220,48,632,medium,approved,10220,mobile,true,360
app_20250127_00002242,2025-01-27 02:49:01,cust_6762295,DEHE,education_loan,10969,36,735,low,approved,10969,mobile,false,252
app_20250127_00002243,2025-01-27 03:37:11,cust_1291240,ATVI,refinance,399925,120,619,medium,rejected,0,branch,true,94
app_20250127_00002244,2025-01-27 00:39:29,cust_6087096,PORP,personal_loan,14735,36,652,medium,rejected,0,call_center,false,49
app_20250127_00002245,2025-01-27 21:21:06,cust_2222139,CHBE,refinance,465140,360,590,medium,rejected,0,web,true,112
app_20250127_00002246,2025-01-27 23:50:27,cust_3483209,ITMI,credit_card,24760,30,554,medium,rejected,0,web,false,115
app_20250127_00002247,2025-01-27 02:12:23,cust_1738398,SESV,personal_loan,25774,12,540,medium,rejected,0,mobile_app,false,9
app_20250127_00002248,2025-01-27 18:58:56,cust_6268307,PLWA,auto_loan,41764,72,517,medium,rejected,0,partner,true,44
app_20250127_00002249,2025-01-27 00:51:58,cust_605416,SESV,auto_loan,10403,48,629,medium,approved,10403,web,true,720
app_20250127_00002250,2025-01-27 19:07:20,cust_4904198,CZPR,auto_loan,38706,72,623,medium,rejected,0,mobile,true,91
app_20250127_00002251,2025-01-27 05:59:14,cust_5805399,NLAM,auto_loan,22732,72,558,medium,approved,22732,call_center,false,149
app_20250127_00002252,2025-01-27 21:22:06,cust_3700261,PORP,personal_loan,2635,36,658,medium,approved,2635,web,true,287
app_20250127_00002253,2025-01-27 21:09:26,cust_4296922,PORP,personal_loan,31604,24,608,medium,approved,31604,branch,false,548
app_20250127_00002254,2025-01-27 23:11:28,cust_617544,GRRE,refinance,372259,360,557,medium,approved,372259,web,true,413
app_20250127_00002255,2025-01-27 22:27:36,cust_157349,CZPR,auto_loan,49001,36,822,low,approved,49001,web,false,466
app_20250127_00002256,2025-01-27 01:00:16,cust_233684,FRID,auto_loan,29101,60,762,low,rejected,0,mobile,false,68
app_20250127_00002257,2025-01-27 06:56:59,cust_7367817,SESV,business_loan,21693,12,693,medium,approved,21693,mobile,true,241
app_20250127_00002258,2025-01-27 05:18:44,cust_9484137,UKLO,refinance,258145,240,816,low,approved,258145,branch,false,558
app_20250127_00002259,2025-01-27 11:03:36,cust_8768442,UKLO,cash_loan,25792,12,704,low,approved,25792,call_center,false,387
app_20250127_00002260,2025-01-27 10:44:35,cust_8320911,BENL,business_loan,14459,24,689,medium,approved,14459,branch,true,182
app_20250127_00002261,2025-01-27 18:41:47,cust_7006789,ESMA,business_loan,24179,36,806,low,approved,24179,call_center,true,463
app_20250127_00002262,2025-01-27 08:38:26,cust_3892060,FRID,personal_loan,48185,48,703,low,rejected,0,online_banking,true,117
app_20250127_00002263,2025-01-27 19:44:01,cust_8047984,NLAM,education_loan,24168,24,509,medium,rejected,0,partner,true,178
app_20250127_00002264,2025-01-27 05:07:41,cust_1601018,SESV,mortgage,175014,360,570,medium,rejected,0,branch,false,53
app_20250127_00002265,2025-01-27 23:37:52,cust_2461626,ATVI,business_loan,20256,48,705,low,rejected,0,web,false,31
app_20250127_00002266,2025-01-27 00:39:58,cust_9614031,PORP,credit_card,47674,42,660,medium,approved,47674,mobile,true,767
app_20250127_00002267,2025-01-27 09:03:52,cust_6054983,BENL,business_loan,4817,12,627,medium,approved,4817,atm,false,560
app_20250127_00002268,2025-01-27 12:44:10,cust_8167751,DEHE,cash_loan,39784,48,792,low,approved,39784,web,true,307
app_20250127_00002269,2025-01-27 22:03:43,cust_9913852,ATVI,refinance,141018,300,726,low,approved,141018,atm,true,625
app_20250127_00002270,2025-01-27 12:57:44,cust_8874758,PORP,mortgage,266863,240,654,medium,approved,266863,call_center,true,781
app_20250127_00002271,2025-01-27 15:08:39,cust_9008915,GRRE,cash_loan,38048,18,748,low,approved,38048,mobile,true,758
app_20250127_00002272,2025-01-27 00:45:50,cust_2377621,CHBE,business_loan,14012,48,612,medium,approved,14012,mobile,true,494
app_20250127_00002273,2025-01-27 12:48:25,cust_952616,ESMA,personal_loan,16346,42,605,medium,rejected,0,call_center,true,145
app_20250127_00002274,2025-01-27 16:53:13,cust_8633755,FRID,cash_loan,22932,30,615,medium,approved,22932,partner,true,706
app_20250127_00002275,2025-01-27 19:11:04,cust_5910468,FRID,credit_card,45490,42,705,low,approved,45490,call_center,true,825
app_20250127_00002276,2025-01-27 22:24:31,cust_5898236,AUTR,cash_loan,42980,12,669,medium,approved,42980,mobile,true,129
app_20250127_00002277,2025-01-27 10:45:53,cust_7823664,ITMI,business_loan,20855,24,589,medium,rejected,0,mobile_app,false,105
app_20250127_00002278,2025-01-27 12:09:40,cust_9125463,SESV,auto_loan,57422,24,552,medium,rejected,0,online_banking,true,19
app_20250127_00002279,2025-01-27 01:08:57,cust_7353106,DEHE,cash_loan,36937,24,434,high,rejected,0,mobile_app,true,36
app_20250127_00002280,2025-01-27 21:37:55,cust_282237,AUTR,business_loan,3781,12,668,medium,approved,3781,mobile_app,true,557
app_20250127_00002281,2025-01-27 08:29:33,cust_6355721,AUTR,auto_loan,40603,60,431,high,approved,40603,web,true,320
app_20250127_00002282,2025-01-27 11:04:33,cust_5190322,ITMI,education_loan,24848,12,606,medium,approved,24848,mobile_app,false,712
app_20250127_00002283,2025-01-27 18:34:25,cust_5736490,NLAM,business_loan,37712,60,674,medium,rejected,0,partner,true,15
app_20250127_00002284,2025-01-27 00:01:36,cust_2426389,ATVI,auto_loan,53946,36,575,medium,approved,53946,mobile,false,436
app_20250127_00002285,2025-01-27 13:34:43,cust_6229423,CZPR,cash_loan,39279,12,770,low,approved,39279,mobile_app,true,462
app_20250127_00002286,2025-01-27 04:41:44,cust_7001260,UKLO,education_loan,35328,48,668,medium,rejected,0,branch,true,172
app_20250127_00002287,2025-01-27 05:02:02,cust_873330,AUTR,business_loan,25752,60,706,low,approved,25752,web,false,167
app_20250127_00002288,2025-01-27 04:14:07,cust_1761710,SESV,auto_loan,7790,60,544,medium,rejected,0,branch,false,66
app_20250127_00002289,2025-01-27 06:11:37,cust_3239170,SESV,cash_loan,42332,42,627,medium,rejected,0,call_center,true,105
app_20250127_00002290,2025-01-27 18:46:50,cust_8327901,GRRE,mortgage,435364,180,773,low,approved,435364,mobile,false,526
app_20250127_00002291,2025-01-27 17:34:39,cust_4531284,ITMI,refinance,272212,120,328,high,rejected,0,branch,true,111
app_20250127_00002292,2025-01-27 23:23:41,cust_9640548,ESMA,auto_loan,46851,24,605,medium,approved,46851,call_center,true,515
app_20250127_00002293,2025-01-27 05:09:36,cust_4052822,NLAM,refinance,414878,300,722,low,approved,414878,partner,true,418
app_20250127_00002294,2025-01-27 05:09:14,cust_1430449,NLAM,education_loan,36518,12,606,medium,rejected,0,branch,true,10
app_20250127_00002295,2025-01-27 16:04:08,cust_8912744,PORP,cash_loan,14240,36,790,low,approved,14240,call_center,true,772
app_20250127_00002296,2025-01-27 21:21:58,cust_8596639,PORP,auto_loan,21127,36,615,medium,rejected,0,atm,true,68
app_20250127_00002297,2025-01-27 01:11:42,cust_6897984,FRID,refinance,191039,180,557,medium,rejected,0,atm,false,158
app_20250127_00002298,2025-01-27 14:30:47,cust_4075081,CHBE,education_loan,39656,48,691,medium,approved,39656,online_banking,false,347
app_20250127_00002299,2025-01-27 00:07:29,cust_1830004,CHBE,mortgage,276829,300,581,medium,rejected,0,mobile,false,117
app_20250127_00002300,2025-01-27 21:41:29,cust_5327993,ATVI,mortgage,483573,300,641,medium,rejected,0,partner,true,127
app_20250127_00002301,2025-01-27 05:05:52,cust_2319215,SESV,business_loan,39088,48,564,medium,rejected,0,branch,true,170
app_20250127_00002302,2025-01-27 16:46:25,cust_5784325,ITMI,mortgage,88461,120,718,low,approved,88461,call_center,true,677
app_20250127_00002303,2025-01-27 03:07:31,cust_8577987,CHBE,cash_loan,1290,12,432,high,rejected,0,call_center,false,53
app_20250127_00002304,2025-01-27 09:52:35,cust_7898917,CZPR,cash_loan,7225,12,828,low,approved,7225,mobile,false,238
app_20250127_00002305,2025-01-27 20:08:01,cust_4943898,UKLO,personal_loan,32459,48,681,medium,approved,32459,web,false,837
app_20250127_00002306,2025-01-27 22:11:10,cust_9205023,ESMA,cash_loan,1563,48,670,medium,approved,1563,mobile,false,180
app_20250127_00002307,2025-01-27 16:00:15,cust_9438579,AUTR,business_loan,28493,12,607,medium,approved,28493,atm,true,748
app_20250127_00002308,2025-01-27 16:04:49,cust_8369196,ITMI,credit_card,17473,42,611,medium,approved,17473,partner,false,770
app_20250127_00002309,2025-01-27 09:53:29,cust_2487391,AUTR,credit_card,11507,48,660,medium,approved,11507,atm,false,407
app_20250127_00002310,2025-01-27 12:20:30,cust_568970,NLAM,education_loan,36170,12,605,medium,approved,36170,mobile_app,true,49
app_20250127_00002311,2025-01-27 18:44:08,cust_7888874,ATVI,credit_card,28835,18,633,medium,approved,28835,partner,false,585
app_20250127_00002312,2025-01-27 17:48:55,cust_1055451,PLWA,cash_loan,11921,42,722,low,approved,11921,mobile,false,888
app_20250127_00002313,2025-01-27 13:57:15,cust_8124073,BENL,personal_loan,33937,30,634,medium,approved,33937,branch,false,180
app_20250127_00002314,2025-01-27 03:37:01,cust_6627792,AUTR,education_loan,11052,60,652,medium,approved,11052,web,false,510
app_20250127_00002315,2025-01-27 05:20:22,cust_6865082,NLAM,education_loan,14814,36,746,low,approved,14814,partner,true,200
app_20250127_00002316,2025-01-27 12:52:18,cust_7524948,PORP,credit_card,8597,12,655,medium,approved,8597,mobile_app,true,545
app_20250127_00002317,2025-01-27 03:12:51,cust_9359770,PLWA,auto_loan,20316,24,506,medium,approved,20316,mobile_app,true,673
app_20250127_00002318,2025-01-27 00:50:01,cust_8137474,PORP,refinance,87650,180,721,low,rejected,0,atm,true,119
app_20250127_00002319,2025-01-27 01:02:38,cust_349360,CHBE,mortgage,227251,300,602,medium,approved,227251,web,false,122
app_20250127_00002320,2025-01-27 22:30:57,cust_1191120,UKLO,credit_card,39711,36,436,high,rejected,0,mobile,true,99
app_20250127_00002321,2025-01-27 04:45:03,cust_5386826,DEHE,mortgage,129941,300,613,medium,approved,129941,mobile_app,true,148
app_20250127_00002322,2025-01-27 09:06:12,cust_4925494,FRID,personal_loan,44948,30,721,low,approved,44948,online_banking,false,263
app_20250127_00002323,2025-01-27 15:06:22,cust_7505628,PLWA,cash_loan,36873,48,703,low,approved,36873,web,false,62
app_20250127_00002324,2025-01-27 18:14:57,cust_118695,ATVI,mortgage,161498,180,491,high,approved,161498,web,true,891
app_20250127_00002325,2025-01-27 18:42:18,cust_775890,PLWA,mortgage,95013,300,678,medium,rejected,0,call_center,true,29
app_20250127_00002326,2025-01-27 14:11:48,cust_3523748,GRRE,mortgage,442951,180,671,medium,approved,442951,branch,false,583
app_20250127_00002327,2025-01-27 14:06:47,cust_5340195,BENL,mortgage,353817,360,586,medium,rejected,0,mobile_app,true,72
app_20250127_00002328,2025-01-27 19:34:39,cust_2548145,PLWA,mortgage,90737,180,623,medium,rejected,0,online_banking,true,60
app_20250127_00002329,2025-01-27 02:37:12,cust_8242437,DEHE,mortgage,406370,180,644,medium,approved,406370,branch,false,311
app_20250127_00002330,2025-01-27 06:44:01,cust_5906427,ATVI,refinance,84608,300,637,medium,approved,84608,online_banking,true,663
app_20250127_00002331,2025-01-27 18:11:13,cust_6657081,PLWA,auto_loan,6251,48,764,low,approved,6251,partner,false,504
app_20250127_00002332,2025-01-27 09:33:02,cust_3619672,PORP,mortgage,325924,180,665,medium,rejected,0,call_center,true,125
app_20250127_00002333,2025-01-27 01:42:45,cust_8317243,BENL,auto_loan,42002,48,475,high,rejected,0,partner,true,58
app_20250127_00002334,2025-01-27 19:42:24,cust_8692403,GRRE,business_loan,33055,24,591,medium,rejected,0,online_banking,false,180
app_20250127_00002335,2025-01-27 10:16:40,cust_4023161,NLAM,cash_loan,11817,12,672,medium,approved,11817,call_center,false,38
app_20250127_00002336,2025-01-27 20:52:27,cust_6105528,CZPR,personal_loan,11134,12,701,low,approved,11134,online_banking,true,800
app_20250127_00002337,2025-01-27 21:38:29,cust_4598497,GRRE,personal_loan,25064,42,704,low,rejected,0,call_center,false,110
app_20250127_00002338,2025-01-27 13:29:27,cust_1613549,FRID,credit_card,40086,24,816,low,approved,40086,online_banking,false,247
app_20250127_00002339,2025-01-27 09:13:26,cust_302382,AUTR,personal_loan,23885,18,698,medium,approved,23885,online_banking,false,362
app_20250127_00002340,2025-01-27 08:47:18,cust_8400427,ESMA,cash_loan,45178,30,579,medium,rejected,0,call_center,false,128
app_20250127_00002341,2025-01-27 00:19:12,cust_2760208,DEHE,business_loan,16696,24,663,medium,approved,16696,atm,false,81
app_20250127_00002342,2025-01-27 19:08:00,cust_3651750,ATVI,auto_loan,16510,60,519,medium,rejected,0,branch,false,70
app_20250127_00002343,2025-01-27 15:56:23,cust_8295513,ATVI,credit_card,10771,36,528,medium,approved,10771,partner,true,330
app_20250127_00002344,2025-01-27 23:44:34,cust_6387328,ATVI,education_loan,9757,60,784,low,approved,9757,online_banking,false,437
app_20250127_00002345,2025-01-27 00:47:52,cust_928442,ESMA,credit_card,41341,36,773,low,approved,41341,atm,false,364
app_20250127_00002346,2025-01-27 14:21:28,cust_1667871,UKLO,cash_loan,9352,42,697,medium,approved,9352,web,true,455
app_20250127_00002347,2025-01-27 19:55:13,cust_1666772,ATVI,refinance,210302,360,645,medium,rejected,0,branch,true,45
app_20250127_00002348,2025-01-27 18:14:40,cust_352524,PLWA,mortgage,428257,180,763,low,approved,428257,partner,true,430
app_20250127_00002349,2025-01-27 21:29:12,cust_8350322,CZPR,mortgage,119620,240,413,high,rejected,0,online_banking,true,33
app_20250127_00002350,2025-01-27 03:11:06,cust_4445771,UKLO,personal_loan,32965,42,634,medium,approved,32965,web,true,197
app_20250127_00002351,2025-01-27 17:05:51,cust_6287858,ESMA,auto_loan,59749,60,675,medium,approved,59749,mobile_app,false,674
app_20250127_00002352,2025-01-27 07:40:29,cust_9482021,BENL,auto_loan,28757,24,527,medium,approved,28757,web,true,564
app_20250127_00002353,2025-01-27 17:22:47,cust_1919894,AUTR,education_loan,29094,36,475,high,approved,29094,call_center,false,589
app_20250127_00002354,2025-01-27 04:47:27,cust_4524164,CZPR,business_loan,11842,60,409,high,rejected,0,call_center,false,166
app_20250127_00002355,2025-01-27 10:39:42,cust_6204643,UKLO,business_loan,22257,36,513,medium,approved,22257,call_center,false,133
app_20250127_00002356,2025-01-27 03:19:30,cust_6654215,ATVI,refinance,159175,180,744,low,approved,159175,web,true,427
app_20250127_00002357,2025-01-27 03:44:18,cust_9530904,SESV,business_loan,25563,48,615,medium,rejected,0,mobile,true,154
app_20250127_00002358,2025-01-27 20:40:37,cust_9647450,DEHE,cash_loan,13217,48,465,high,approved,13217,web,false,38
app_20250127_00002359,2025-01-27 20:01:26,cust_6797990,BENL,auto_loan,14060,60,778,low,rejected,0,web,true,117
app_20250127_00002360,2025-01-27 12:54:38,cust_8302689,CZPR,mortgage,195706,300,518,medium,rejected,0,branch,false,179
app_20250127_00002361,2025-01-27 13:16:11,cust_4547172,NLAM,personal_loan,18699,30,677,medium,approved,18699,online_banking,true,815
app_20250127_00002362,2025-01-27 05:22:43,cust_7242302,ESMA,mortgage,215134,240,707,low,approved,215134,atm,false,813
app_20250127_00002363,2025-01-27 19:48:52,cust_8950408,DEHE,business_loan,39327,60,694,medium,rejected,0,call_center,false,61
app_20250127_00002364,2025-01-27 22:14:15,cust_3483245,ATVI,refinance,491226,120,479,high,rejected,0,atm,false,78
app_20250127_00002365,2025-01-27 02:56:47,cust_2368343,SESV,cash_loan,18698,12,664,medium,approved,18698,call_center,true,799
app_20250127_00002366,2025-01-27 05:12:07,cust_1490573,NLAM,refinance,215539,180,693,medium,approved,215539,web,false,117
app_20250127_00002367,2025-01-27 00:11:48,cust_1326413,GRRE,refinance,362141,300,748,low,approved,362141,mobile_app,true,692
app_20250127_00002368,2025-01-27 12:29:41,cust_5143923,DEHE,refinance,442220,300,395,high,approved,442220,mobile_app,true,249
app_20250127_00002369,2025-01-27 19:36:06,cust_8563445,GRRE,credit_card,8774,12,813,low,approved,8774,mobile,true,584
app_20250127_00002370,2025-01-27 03:52:52,cust_1334711,FRID,mortgage,204913,300,815,low,approved,204913,online_banking,false,209
app_20250127_00002371,2025-01-27 09:51:05,cust_2090041,ITMI,cash_loan,14540,48,773,low,approved,14540,atm,false,277
app_20250127_00002372,2025-01-27 07:42:15,cust_9317020,ITMI,personal_loan,36962,42,477,high,rejected,0,call_center,false,148
app_20250127_00002373,2025-01-27 22:39:42,cust_3248606,PLWA,business_loan,28948,12,758,low,approved,28948,mobile,true,148
app_20250127_00002374,2025-01-27 02:56:24,cust_7064073,BENL,refinance,395012,120,569,medium,approved,395012,call_center,true,502
app_20250127_00002375,2025-01-27 07:10:57,cust_2983536,CZPR,personal_loan,37925,24,546,medium,approved,37925,web,false,446
app_20250127_00002376,2025-01-27 04:02:02,cust_6929159,FRID,auto_loan,10853,60,600,medium,approved,10853,web,false,650
app_20250127_00002377,2025-01-27 14:27:18,cust_5374678,FRID,cash_loan,44196,48,536,medium,rejected,0,mobile_app,true,81
app_20250127_00002378,2025-01-27 13:06:27,cust_8327214,ATVI,mortgage,341664,120,401,high,rejected,0,web,true,125
app_20250127_00002379,2025-01-27 10:45:37,cust_9701864,DEHE,refinance,325781,240,677,medium,approved,325781,atm,true,447
app_20250127_00002380,2025-01-27 11:22:29,cust_4642829,UKLO,mortgage,121653,180,609,medium,rejected,0,partner,false,13
app_20250127_00002381,2025-01-27 00:51:22,cust_5611561,ITMI,refinance,81001,240,824,low,approved,81001,online_banking,false,401
app_20250127_00002382,2025-01-27 06:32:50,cust_4015725,ITMI,cash_loan,16476,24,502,medium,rejected,0,partner,false,77
app_20250127_00002383,2025-01-27 17:13:50,cust_3835645,BENL,personal_loan,43449,24,572,medium,rejected,0,partner,false,65
app_20250127_00002384,2025-01-27 01:09:14,cust_7040430,BENL,business_loan,5450,24,735,low,approved,5450,branch,false,566
app_20250127_00002385,2025-01-27 17:00:31,cust_7466343,ITMI,business_loan,18051,24,612,medium,rejected,0,web,false,94
app_20250127_00002386,2025-01-27 13:03:37,cust_7259160,BENL,business_loan,16423,48,601,medium,approved,16423,mobile_app,false,110
app_20250127_00002387,2025-01-27 22:46:10,cust_4523351,DEHE,auto_loan,59943,36,568,medium,rejected,0,online_banking,false,32
app_20250127_00002388,2025-01-27 17:23:02,cust_1573377,FRID,personal_loan,17942,12,663,medium,approved,17942,call_center,false,841
app_20250127_00002389,2025-01-27 18:56:19,cust_3330420,NLAM,refinance,398259,300,611,medium,approved,398259,atm,true,124
app_20250127_00002390,2025-01-27 17:22:20,cust_1494954,CZPR,personal_loan,1641,12,822,low,approved,1641,web,true,795
app_20250127_00002391,2025-01-27 19:52:12,cust_2089705,CHBE,auto_loan,31118,36,811,low,approved,31118,web,false,233
app_20250127_00002392,2025-01-27 00:22:04,cust_972357,UKLO,cash_loan,11364,24,597,medium,rejected,0,branch,false,38
app_20250127_00002393,2025-01-27 08:53:47,cust_5206557,SESV,business_loan,32844,24,638,medium,rejected,0,atm,true,119
app_20250127_00002394,2025-01-27 04:17:17,cust_8897255,UKLO,credit_card,18932,24,714,low,approved,18932,partner,true,760
app_20250127_00002395,2025-01-27 19:19:34,cust_213399,FRID,business_loan,8080,48,553,medium,rejected,0,mobile,false,33
app_20250127_00002396,2025-01-27 06:21:12,cust_4774253,GRRE,credit_card,17408,48,802,low,approved,17408,partner,false,404
app_20250127_00002397,2025-01-27 16:36:17,cust_5050029,CHBE,credit_card,14438,42,470,high,rejected,0,mobile_app,true,111
app_20250127_00002398,2025-01-27 03:50:22,cust_9259540,PLWA,personal_loan,7386,42,760,low,approved,7386,atm,false,688
app_20250127_00002399,2025-01-27 23:43:47,cust_6722378,ATVI,business_loan,33106,12,535,medium,rejected,0,branch,false,158
app_20250127_00002400,2025-01-27 14:18:17,cust_9266930,PLWA,education_loan,25191,36,767,low,approved,25191,partner,false,388
app_20250127_00002401,2025-01-27 04:29:05,cust_4868204,DEHE,education_loan,34453,12,639,medium,approved,34453,branch,false,69
app_20250127_00002402,2025-01-27 16:09:01,cust_1672448,ESMA,credit_card,1200,36,767,low,approved,1200,branch,false,870
app_20250127_00002403,2025-01-27 11:27:33,cust_3978178,PLWA,credit_card,4624,12,721,low,rejected,0,call_center,false,175
app_20250127_00002404,2025-01-27 16:07:25,cust_2697971,PORP,auto_loan,27941,24,627,medium,approved,27941,mobile,true,760
app_20250127_00002405,2025-01-27 15:19:04,cust_4172851,SESV,cash_loan,3262,18,652,medium,rejected,0,atm,true,20
app_20250127_00002406,2025-01-27 11:49:50,cust_8467535,CHBE,mortgage,109554,300,800,low,approved,109554,atm,false,162
app_20250127_00002407,2025-01-27 10:35:12,cust_7199635,CHBE,refinance,296968,360,583,medium,rejected,0,branch,true,154
app_20250127_00002408,2025-01-27 13:12:13,cust_6645284,CZPR,cash_loan,39884,24,654,medium,approved,39884,mobile_app,true,373
app_20250127_00002409,2025-01-27 10:10:47,cust_5743860,NLAM,mortgage,109029,240,684,medium,rejected,0,online_banking,false,136
app_20250127_00002410,2025-01-27 13:59:59,cust_3305709,PLWA,personal_loan,31075,42,761,low,approved,31075,mobile,false,618
app_20250127_00002411,2025-01-27 09:33:37,cust_1358382,ITMI,education_loan,18773,60,679,medium,rejected,0,mobile_app,false,37
app_20250127_00002412,2025-01-27 17:54:40,cust_7880955,UKLO,cash_loan,4245,12,559,medium,approved,4245,mobile_app,false,690
app_20250127_00002413,2025-01-27 00:55:46,cust_7613185,PORP,personal_loan,46542,18,828,low,approved,46542,partner,true,564
app_20250127_00002414,2025-01-27 17:29:42,cust_7483201,DEHE,cash_loan,34814,30,749,low,approved,34814,branch,true,273
app_20250127_00002415,2025-01-27 17:24:08,cust_9796914,ATVI,cash_loan,32914,36,720,low,approved,32914,call_center,true,528
app_20250127_00002416,2025-01-27 23:15:32,cust_5537228,GRRE,refinance,178851,360,595,medium,rejected,0,online_banking,false,42
app_20250127_00002417,2025-01-27 04:19:56,cust_7274810,ESMA,credit_card,17036,42,660,medium,approved,17036,mobile_app,false,310
app_20250127_00002418,2025-01-27 00:49:14,cust_4536199,GRRE,personal_loan,47554,42,705,low,approved,47554,branch,false,841
app_20250127_00002419,2025-01-27 09:57:47,cust_3324025,ATVI,refinance,184519,360,694,medium,approved,184519,web,true,369
app_20250127_00002420,2025-01-27 23:47:26,cust_2512796,CZPR,auto_loan,34647,60,595,medium,approved,34647,mobile,true,733
app_20250127_00002421,2025-01-27 06:25:33,cust_6385685,PORP,credit_card,16263,30,681,medium,rejected,0,branch,false,176
app_20250127_00002422,2025-01-27 18:19:39,cust_3059493,DEHE,refinance,217496,300,452,high,rejected,0,atm,true,129
app_20250127_00002423,2025-01-27 05:58:53,cust_1668808,CHBE,mortgage,152159,120,734,low,approved,152159,call_center,false,172
app_20250127_00002424,2025-01-27 06:32:18,cust_5372927,PORP,cash_loan,5912,36,812,low,approved,5912,partner,false,156
app_20250127_00002425,2025-01-27 19:07:48,cust_1886466,CZPR,education_loan,2944,60,741,low,approved,2944,mobile_app,false,635
app_20250127_00002426,2025-01-27 06:29:02,cust_9940692,NLAM,education_loan,28063,60,759,low,approved,28063,atm,false,780
app_20250127_00002427,2025-01-27 15:48:01,cust_560669,UKLO,cash_loan,10630,48,559,medium,rejected,0,web,false,24
app_20250127_00002428,2025-01-27 20:25:17,cust_6603030,AUTR,auto_loan,36256,24,685,medium,approved,36256,web,false,698
app_20250127_00002429,2025-01-27 10:53:05,cust_9296563,NLAM,credit_card,11171,24,563,medium,rejected,0,online_banking,false,50
app_20250127_00002430,2025-01-27 23:21:27,cust_4902302,ATVI,credit_card,4112,24,662,medium,approved,4112,branch,false,44
app_20250127_00002431,2025-01-27 15:57:35,cust_7894162,UKLO,refinance,126516,240,564,medium,rejected,0,mobile_app,false,106
app_20250127_00002432,2025-01-27 11:55:50,cust_1063343,UKLO,personal_loan,18832,42,580,medium,approved,18832,atm,false,531
app_20250127_00002433,2025-01-27 13:32:46,cust_4564348,NLAM,mortgage,220543,180,648,medium,rejected,0,branch,false,116
app_20250127_00002434,2025-01-27 17:37:13,cust_3357202,AUTR,cash_loan,11209,36,722,low,approved,11209,web,true,298
app_20250127_00002435,2025-01-27 11:44:52,cust_4411650,NLAM,personal_loan,9948,36,622,medium,approved,9948,mobile,true,593
app_20250127_00002436,2025-01-27 16:08:20,cust_4984951,AUTR,cash_loan,24302,30,640,medium,approved,24302,online_banking,true,829
app_20250127_00002437,2025-01-27 13:47:47,cust_9179642,UKLO,cash_loan,27618,36,582,medium,rejected,0,mobile,true,25
app_20250127_00002438,2025-01-27 20:52:18,cust_1055771,UKLO,education_loan,24501,48,704,low,approved,24501,online_banking,false,864
app_20250127_00002439,2025-01-27 22:16:07,cust_8296227,PLWA,credit_card,24022,18,464,high,rejected,0,call_center,false,83
app_20250127_00002440,2025-01-27 09:17:32,cust_3257796,SESV,refinance,285309,180,680,medium,approved,285309,mobile_app,false,329
app_20250127_00002441,2025-01-27 06:21:27,cust_2773663,AUTR,personal_loan,36655,18,685,medium,rejected,0,branch,false,60
app_20250127_00002442,2025-01-27 22:16:33,cust_5052605,BENL,education_loan,20166,36,424,high,rejected,0,online_banking,false,85
app_20250127_00002443,2025-01-27 13:53:05,cust_5299793,PLWA,credit_card,12768,42,651,medium,approved,12768,mobile,false,272
app_20250127_00002444,2025-01-27 15:03:57,cust_9205385,ITMI,auto_loan,36626,72,642,medium,approved,36626,web,false,694
app_20250127_00002445,2025-01-27 06:06:58,cust_1656951,PLWA,business_loan,18845,12,698,medium,rejected,0,partner,true,112
app_20250127_00002446,2025-01-27 22:23:58,cust_1970336,ATVI,cash_loan,34955,18,777,low,approved,34955,web,false,119
app_20250127_00002447,2025-01-27 01:28:44,cust_1082334,CHBE,credit_card,47162,18,640,medium,approved,47162,mobile_app,true,585
app_20250127_00002448,2025-01-27 05:54:23,cust_3295779,ESMA,cash_loan,30378,48,745,low,approved,30378,call_center,false,618
app_20250127_00002449,2025-01-27 20:09:04,cust_6696135,PORP,business_loan,29752,12,754,low,approved,29752,web,true,136
app_20250127_00002450,2025-01-27 19:25:21,cust_2427730,ESMA,mortgage,58077,300,685,medium,approved,58077,mobile_app,true,191
app_20250127_00002451,2025-01-27 08:51:29,cust_7910590,ESMA,refinance,424789,300,818,low,approved,424789,web,true,467
app_20250127_00002452,2025-01-27 22:54:06,cust_3998752,NLAM,refinance,244327,180,792,low,approved,244327,online_banking,false,709
app_20250127_00002453,2025-01-27 19:53:05,cust_2564095,SESV,auto_loan,55104,24,565,medium,rejected,0,online_banking,true,148
app_20250127_00002454,2025-01-27 17:59:05,cust_1423218,GRRE,credit_card,47160,48,682,medium,approved,47160,mobile_app,true,579
app_20250127_00002455,2025-01-27 18:14:51,cust_6608793,SESV,business_loan,13461,36,643,medium,rejected,0,web,true,157
app_20250127_00002456,2025-01-27 03:37:16,cust_261097,CHBE,credit_card,35947,30,616,medium,rejected,0,partner,true,93
app_20250127_00002457,2025-01-27 09:01:15,cust_4059615,ITMI,mortgage,245502,120,686,medium,approved,245502,branch,false,153
app_20250127_00002458,2025-01-27 19:09:18,cust_3732361,AUTR,refinance,54434,180,827,low,approved,54434,call_center,true,540
app_20250127_00002459,2025-01-27 07:52:27,cust_1049421,GRRE,refinance,408731,120,552,medium,rejected,0,call_center,false,120
app_20250127_00002460,2025-01-27 10:33:37,cust_1454535,GRRE,personal_loan,26287,30,614,medium,rejected,0,online_banking,true,123
app_20250127_00002461,2025-01-27 04:01:50,cust_111618,GRRE,credit_card,16216,24,815,low,approved,16216,web,true,46
app_20250127_00002462,2025-01-27 17:55:01,cust_8393311,CHBE,credit_card,28016,30,659,medium,approved,28016,partner,true,37
app_20250127_00002463,2025-01-27 05:49:31,cust_7241480,AUTR,auto_loan,47252,24,828,low,approved,47252,web,true,303
app_20250127_00002464,2025-01-27 07:51:39,cust_6256151,UKLO,cash_loan,37213,12,593,medium,rejected,0,web,true,162
app_20250127_00002465,2025-01-27 12:59:23,cust_7833469,NLAM,auto_loan,35825,60,800,low,approved,35825,call_center,false,370
app_20250127_00002466,2025-01-27 17:16:50,cust_9313192,PLWA,auto_loan,23862,24,668,medium,approved,23862,partner,false,139
app_20250127_00002467,2025-01-27 08:22:07,cust_7784146,PORP,personal_loan,23763,30,639,medium,approved,23763,atm,false,637
app_20250127_00002468,2025-01-27 15:07:43,cust_3198330,FRID,refinance,290891,120,711,low,approved,290891,web,false,664
app_20250127_00002469,2025-01-27 20:04:16,cust_225895,FRID,business_loan,6554,60,690,medium,approved,6554,atm,true,316
app_20250127_00002470,2025-01-27 13:41:17,cust_373585,FRID,cash_loan,47160,24,672,medium,rejected,0,partner,true,70
app_20250127_00002471,2025-01-27 09:52:05,cust_6075352,BENL,mortgage,318747,360,511,medium,rejected,0,atm,false,154
app_20250127_00002472,2025-01-27 23:34:52,cust_9804882,ATVI,personal_loan,45375,24,558,medium,rejected,0,mobile,false,172
app_20250127_00002473,2025-01-27 23:02:08,cust_7591876,ESMA,business_loan,33533,48,554,medium,approved,33533,partner,false,227
app_20250127_00002474,2025-01-27 10:49:57,cust_6450218,CHBE,cash_loan,27029,30,668,medium,rejected,0,atm,true,95
app_20250127_00002475,2025-01-27 05:53:52,cust_8395391,UKLO,credit_card,5825,12,642,medium,rejected,0,atm,true,94
app_20250127_00002476,2025-01-27 12:19:18,cust_4147089,GRRE,education_loan,19741,60,671,medium,rejected,0,atm,false,84
app_20250127_00002477,2025-01-27 12:37:21,cust_7435393,ATVI,personal_loan,39805,18,639,medium,approved,39805,mobile_app,true,301
app_20250127_00002478,2025-01-27 07:32:45,cust_1747631,GRRE,mortgage,444433,120,722,low,approved,444433,branch,true,848
app_20250127_00002479,2025-01-27 04:07:39,cust_1526161,GRRE,auto_loan,41574,48,756,low,approved,41574,partner,false,842
app_20250127_00002480,2025-01-27 16:40:52,cust_9170331,PORP,refinance,346993,240,587,medium,approved,346993,call_center,false,569
app_20250127_00002481,2025-01-27 21:46:03,cust_8792157,CZPR,personal_loan,25874,30,680,medium,approved,25874,atm,false,759
app_20250127_00002482,2025-01-27 01:43:01,cust_8288556,PORP,cash_loan,17976,30,629,medium,approved,17976,atm,true,624
app_20250127_00002483,2025-01-27 13:58:22,cust_1770462,ITMI,credit_card,14983,48,808,low,approved,14983,web,true,307
app_20250127_00002484,2025-01-27 17:01:07,cust_791475,CZPR,business_loan,12279,48,618,medium,approved,12279,partner,false,41
app_20250127_00002485,2025-01-27 17:57:31,cust_3658342,ITMI,refinance,144038,120,495,high,rejected,0,mobile_app,false,119
app_20250127_00002486,2025-01-27 19:48:35,cust_5496077,BENL,auto_loan,7544,60,543,medium,approved,7544,call_center,false,640
app_20250127_00002487,2025-01-27 07:28:11,cust_8670137,PORP,cash_loan,42642,12,543,medium,approved,42642,atm,false,794
app_20250127_00002488,2025-01-27 20:42:01,cust_3210353,PLWA,personal_loan,47929,24,798,low,approved,47929,mobile_app,false,647
app_20250127_00002489,2025-01-27 17:34:01,cust_2299936,NLAM,auto_loan,58497,60,754,low,approved,58497,call_center,false,473
app_20250127_00002490,2025-01-27 21:57:34,cust_6436453,UKLO,credit_card,5513,42,669,medium,rejected,0,branch,false,169
app_20250127_00002491,2025-01-27 22:11:06,cust_440606,BENL,auto_loan,41081,48,483,high,rejected,0,mobile_app,false,131
app_20250127_00002492,2025-01-27 15:51:46,cust_1571351,CZPR,auto_loan,41088,24,744,low,approved,41088,web,true,421
app_20250127_00002493,2025-01-27 16:00:44,cust_4002097,CZPR,auto_loan,55653,24,553,medium,approved,55653,web,true,35
app_20250127_00002494,2025-01-27 18:49:10,cust_7634713,UKLO,business_loan,30202,12,592,medium,rejected,0,mobile,true,19
app_20250127_00002495,2025-01-27 08:50:11,cust_5461423,ITMI,refinance,220634,300,598,medium,rejected,0,partner,true,96
app_20250127_00002496,2025-01-27 06:24:29,cust_5757301,ITMI,mortgage,184499,180,565,medium,approved,184499,call_center,true,607
app_20250127_00002497,2025-01-27 08:36:56,cust_5415891,FRID,personal_loan,46020,12,627,medium,approved,46020,atm,true,493
app_20250127_00002498,2025-01-27 23:27:51,cust_418831,CHBE,personal_loan,41657,24,758,low,approved,41657,web,true,870
app_20250127_00002499,2025-01-27 23:42:51,cust_8065322,CZPR,education_loan,30085,60,692,medium,approved,30085,mobile_app,false,714
app_20250127_00002500,2025-01-27 14:33:11,cust_2459531,CHBE,cash_loan,13994,42,659,medium,rejected,0,call_center,true,137
app_20250127_00002501,2025-01-27 04:33:50,cust_4637805,CHBE,cash_loan,45660,24,624,medium,approved,45660,atm,true,844
app_20250127_00002502,2025-01-27 21:16:45,cust_4773393,CZPR,education_loan,28662,60,578,medium,approved,28662,mobile,true,782
app_20250127_00002503,2025-01-27 19:07:05,cust_7350881,ITMI,cash_loan,41214,42,752,low,approved,41214,atm,false,415
app_20250127_00002504,2025-01-27 22:46:20,cust_2487969,DEHE,refinance,381740,300,675,medium,approved,381740,mobile_app,false,441
app_20250127_00002505,2025-01-27 17:40:24,cust_8978507,FRID,business_loan,36929,60,645,medium,rejected,0,mobile,true,155
app_20250127_00002506,2025-01-27 23:59:49,cust_6850155,NLAM,auto_loan,21504,36,642,medium,approved,21504,web,false,506
app_20250127_00002507,2025-01-27 22:51:36,cust_136202,UKLO,cash_loan,26240,18,571,medium,approved,26240,partner,true,324
app_20250127_00002508,2025-01-27 01:53:09,cust_5559668,ATVI,refinance,173514,300,757,low,approved,173514,web,false,819
app_20250127_00002509,2025-01-27 00:49:02,cust_7640430,ESMA,auto_loan,18435,36,554,medium,approved,18435,branch,true,159
app_20250127_00002510,2025-01-27 04:32:00,cust_5309826,BENL,cash_loan,16643,30,594,medium,rejected,0,web,false,149
app_20250127_00002511,2025-01-27 14:06:35,cust_9211607,CHBE,personal_loan,49890,30,680,medium,approved,49890,mobile,false,762
app_20250127_00002512,2025-01-27 04:12:43,cust_3401956,NLAM,credit_card,17193,36,782,low,approved,17193,partner,true,348
app_20250127_00002513,2025-01-27 19:42:42,cust_1368599,DEHE,education_loan,13072,36,531,medium,rejected,0,branch,false,138
app_20250127_00002514,2025-01-27 17:22:33,cust_2425176,ATVI,personal_loan,35186,18,783,low,approved,35186,branch,false,305
app_20250127_00002515,2025-01-27 14:05:06,cust_7996464,UKLO,education_loan,4931,36,698,medium,rejected,0,call_center,false,106
app_20250127_00002516,2025-01-27 10:37:00,cust_6181806,UKLO,personal_loan,40909,36,551,medium,approved,40909,partner,false,391
app_20250127_00002517,2025-01-27 06:30:58,cust_5881076,UKLO,mortgage,432360,120,656,medium,approved,432360,mobile_app,true,640
app_20250127_00002518,2025-01-27 02:13:09,cust_6676790,GRRE,personal_loan,48261,48,699,medium,approved,48261,branch,false,689
app_20250127_00002519,2025-01-27 15:44:01,cust_3133413,ATVI,credit_card,30865,30,671,medium,approved,30865,web,false,864
app_20250127_00002520,2025-01-27 14:14:29,cust_3698961,FRID,auto_loan,57682,36,568,medium,approved,57682,atm,false,526
app_20250127_00002521,2025-01-27 21:12:19,cust_9456677,SESV,mortgage,445531,240,684,medium,approved,445531,branch,false,135
app_20250127_00002522,2025-01-27 21:10:53,cust_6015930,ATVI,credit_card,39286,12,586,medium,rejected,0,online_banking,false,127
app_20250127_00002523,2025-01-27 13:50:01,cust_8030592,CHBE,business_loan,2030,60,624,medium,approved,2030,mobile_app,true,800
app_20250127_00002524,2025-01-27 09:37:17,cust_2444389,FRID,refinance,437848,300,605,medium,approved,437848,mobile_app,false,305
app_20250127_00002525,2025-01-27 16:51:50,cust_389156,ESMA,business_loan,37654,60,667,medium,rejected,0,mobile,true,154
app_20250127_00002526,2025-01-27 20:55:46,cust_3794459,NLAM,refinance,297086,120,588,medium,approved,297086,branch,false,34
app_20250127_00002527,2025-01-27 00:03:12,cust_5296766,ATVI,education_loan,13058,12,654,medium,approved,13058,call_center,false,394
app_20250127_00002528,2025-01-27 20:54:11,cust_9383201,ATVI,business_loan,36394,36,673,medium,rejected,0,atm,true,130
app_20250127_00002529,2025-01-27 01:15:19,cust_904463,PORP,business_loan,11619,60,585,medium,approved,11619,online_banking,false,122
app_20250127_00002530,2025-01-27 07:58:22,cust_990433,NLAM,business_loan,18239,60,728,low,approved,18239,online_banking,true,334
app_20250127_00002531,2025-01-27 09:24:08,cust_7886237,AUTR,refinance,378078,240,544,medium,approved,378078,mobile_app,false,39
app_20250127_00002532,2025-01-27 14:18:15,cust_8952269,BENL,refinance,182413,240,742,low,approved,182413,online_banking,true,359
app_20250127_00002533,2025-01-27 14:11:54,cust_9680440,AUTR,refinance,116861,120,416,high,approved,116861,atm,true,645
app_20250127_00002534,2025-01-27 22:19:15,cust_2922697,ITMI,cash_loan,39564,42,563,medium,rejected,0,partner,true,17
app_20250127_00002535,2025-01-27 09:45:23,cust_2310276,DEHE,cash_loan,10801,18,616,medium,rejected,0,atm,false,82
app_20250127_00002536,2025-01-27 19:42:52,cust_760226,AUTR,cash_loan,4359,36,442,high,approved,4359,web,true,136
app_20250127_00002537,2025-01-27 10:34:56,cust_3313949,ITMI,education_loan,31724,48,585,medium,rejected,0,online_banking,false,112
app_20250127_00002538,2025-01-27 17:46:49,cust_107096,PLWA,business_loan,7508,36,621,medium,approved,7508,atm,true,214
app_20250127_00002539,2025-01-27 11:59:38,cust_8828801,BENL,business_loan,6918,24,850,low,approved,6918,mobile,true,96
app_20250127_00002540,2025-01-27 19:51:23,cust_3464604,CHBE,business_loan,13474,12,565,medium,rejected,0,mobile_app,true,55
app_20250127_00002541,2025-01-27 05:35:20,cust_7360130,ITMI,auto_loan,40463,72,736,low,rejected,0,partner,true,161
app_20250127_00002542,2025-01-27 11:26:38,cust_668378,NLAM,auto_loan,32157,72,704,low,approved,32157,branch,false,641
app_20250127_00002543,2025-01-27 17:57:44,cust_5900571,UKLO,credit_card,40870,24,621,medium,approved,40870,mobile,true,276
app_20250127_00002544,2025-01-27 20:14:59,cust_1570578,UKLO,auto_loan,48847,48,681,medium,approved,48847,atm,true,321
app_20250127_00002545,2025-01-27 22:58:16,cust_1601126,UKLO,personal_loan,46451,36,300,high,rejected,0,branch,true,99
app_20250127_00002546,2025-01-27 11:33:29,cust_656213,ATVI,auto_loan,38712,60,568,medium,approved,38712,partner,false,449
app_20250127_00002547,2025-01-27 01:23:47,cust_4022002,DEHE,education_loan,26823,36,643,medium,approved,26823,mobile,true,625
app_20250127_00002548,2025-01-27 02:04:14,cust_9219079,CZPR,auto_loan,8768,36,535,medium,rejected,0,mobile,true,171
app_20250127_00002549,2025-01-27 10:07:09,cust_2868113,ITMI,personal_loan,40760,36,685,medium,approved,40760,mobile_app,false,154
app_20250127_00002550,2025-01-27 23:12:38,cust_8568902,CZPR,business_loan,30956,24,613,medium,rejected,0,branch,true,138
app_20250127_00002551,2025-01-27 04:17:02,cust_646267,SESV,auto_loan,57144,72,487,high,rejected,0,branch,false,16
app_20250127_00002552,2025-01-27 19:31:18,cust_2976070,BENL,auto_loan,43914,24,676,medium,rejected,0,mobile_app,false,99
app_20250127_00002553,2025-01-27 01:32:04,cust_9745176,SESV,personal_loan,36984,42,670,medium,approved,36984,call_center,false,782
app_20250127_00002554,2025-01-27 20:49:36,cust_9114655,CHBE,personal_loan,5455,24,700,low,rejected,0,mobile_app,false,59
app_20250127_00002555,2025-01-27 18:14:12,cust_4867438,AUTR,cash_loan,48798,30,697,medium,approved,48798,online_banking,false,749
app_20250127_00002556,2025-01-27 08:20:10,cust_3139825,PLWA,mortgage,371540,300,751,low,approved,371540,mobile_app,true,306
app_20250127_00002557,2025-01-27 19:58:36,cust_2594501,GRRE,cash_loan,15713,18,611,medium,approved,15713,web,false,735
app_20250127_00002558,2025-01-27 15:16:03,cust_4804573,ITMI,auto_loan,55088,72,655,medium,approved,55088,online_banking,true,461
app_20250127_00002559,2025-01-27 00:45:10,cust_4042188,BENL,refinance,451968,360,749,low,approved,451968,call_center,false,444
app_20250127_00002560,2025-01-27 04:46:44,cust_9040477,ITMI,cash_loan,39184,18,675,medium,approved,39184,partner,false,640
app_20250127_00002561,2025-01-27 09:52:09,cust_3511058,BENL,refinance,421844,300,590,medium,approved,421844,mobile_app,true,685
app_20250127_00002562,2025-01-27 18:56:51,cust_4769315,GRRE,refinance,187593,300,692,medium,rejected,0,mobile_app,false,158
app_20250127_00002563,2025-01-27 21:22:48,cust_5798949,AUTR,mortgage,176724,240,496,high,rejected,0,atm,true,129
app_20250127_00002564,2025-01-27 05:40:04,cust_8957955,NLAM,business_loan,4551,36,674,medium,approved,4551,web,true,594
app_20250127_00002565,2025-01-27 04:31:03,cust_9968744,AUTR,personal_loan,43601,42,469,high,approved,43601,branch,false,687
app_20250127_00002566,2025-01-27 13:00:35,cust_5138465,DEHE,refinance,160337,120,644,medium,approved,160337,mobile_app,true,576
app_20250127_00002567,2025-01-27 08:33:32,cust_8506561,BENL,personal_loan,16467,42,742,low,approved,16467,mobile_app,true,565
app_20250127_00002568,2025-01-27 04:10:52,cust_804058,BENL,mortgage,240912,360,656,medium,rejected,0,web,false,118
app_20250127_00002569,2025-01-27 14:55:06,cust_4379787,BENL,credit_card,6947,12,691,medium,approved,6947,mobile_app,true,768
app_20250127_00002570,2025-01-27 07:32:32,cust_3797306,PORP,mortgage,137172,240,631,medium,approved,137172,online_banking,false,456
app_20250127_00002571,2025-01-27 22:55:28,cust_7881973,DEHE,cash_loan,19134,18,797,low,approved,19134,call_center,true,824
app_20250127_00002572,2025-01-27 05:51:09,cust_9264169,ATVI,mortgage,352211,180,601,medium,approved,352211,atm,true,533
app_20250127_00002573,2025-01-27 17:25:24,cust_6296222,AUTR,education_loan,24867,24,573,medium,approved,24867,call_center,false,110
app_20250127_00002574,2025-01-27 21:24:54,cust_5612157,BENL,cash_loan,32210,48,456,high,rejected,0,mobile,true,128
app_20250127_00002575,2025-01-27 16:39:06,cust_6858534,SESV,business_loan,37471,36,620,medium,approved,37471,web,false,544
app_20250127_00002576,2025-01-27 02:13:33,cust_7165610,GRRE,credit_card,48330,36,802,low,approved,48330,partner,false,336
app_20250127_00002577,2025-01-27 13:09:08,cust_6190862,PLWA,mortgage,298860,300,642,medium,approved,298860,mobile_app,true,836
app_20250127_00002578,2025-01-27 22:37:59,cust_2902608,DEHE,business_loan,9625,60,521,medium,rejected,0,branch,true,114
app_20250127_00002579,2025-01-27 10:27:52,cust_4163884,SESV,credit_card,14085,48,640,medium,approved,14085,mobile,true,702
app_20250127_00002580,2025-01-27 13:40:27,cust_7194591,FRID,business_loan,19299,48,599,medium,approved,19299,mobile,false,536
app_20250127_00002581,2025-01-27 22:15:35,cust_4272856,SESV,cash_loan,47222,36,611,medium,approved,47222,mobile,true,403
app_20250127_00002582,2025-01-27 23:21:08,cust_9045544,CHBE,refinance,406445,240,648,medium,approved,406445,online_banking,true,869
app_20250127_00002583,2025-01-27 07:58:20,cust_9585705,ESMA,cash_loan,49660,24,818,low,approved,49660,online_banking,false,489
app_20250127_00002584,2025-01-27 13:59:48,cust_3943719,DEHE,refinance,376908,300,813,low,approved,376908,mobile,true,869
app_20250127_00002585,2025-01-27 13:03:36,cust_6401279,SESV,refinance,236717,240,698,medium,approved,236717,call_center,false,133
app_20250127_00002586,2025-01-27 04:04:09,cust_3462979,ITMI,education_loan,15054,60,672,medium,approved,15054,atm,false,114
app_20250127_00002587,2025-01-27 18:39:07,cust_9581473,FRID,cash_loan,16090,36,601,medium,rejected,0,mobile,false,24
app_20250127_00002588,2025-01-27 20:52:18,cust_8536157,BENL,mortgage,207964,300,613,medium,approved,207964,partner,false,873
app_20250127_00002589,2025-01-27 13:48:44,cust_6334059,SESV,cash_loan,2430,24,709,low,approved,2430,web,false,632
app_20250127_00002590,2025-01-27 07:48:15,cust_2135539,BENL,credit_card,29525,18,553,medium,approved,29525,atm,true,855
app_20250127_00002591,2025-01-27 14:57:06,cust_1393132,ESMA,cash_loan,21457,30,765,low,approved,21457,mobile,false,409
app_20250127_00002592,2025-01-27 18:56:09,cust_4367314,DEHE,personal_loan,18069,36,552,medium,approved,18069,atm,true,165
app_20250127_00002593,2025-01-27 11:24:27,cust_823542,ESMA,mortgage,178108,300,711,low,approved,178108,online_banking,true,36
app_20250127_00002594,2025-01-27 03:11:04,cust_2197118,ITMI,refinance,186905,360,540,medium,rejected,0,branch,false,74
app_20250127_00002595,2025-01-27 15:06:50,cust_8274659,PLWA,refinance,317281,240,703,low,approved,317281,web,false,745
app_20250127_00002596,2025-01-27 18:06:19,cust_6719203,UKLO,cash_loan,21395,12,625,medium,approved,21395,mobile,false,126
app_20250127_00002597,2025-01-27 17:08:36,cust_3870254,PLWA,personal_loan,13324,12,459,high,rejected,0,call_center,false,77
app_20250127_00002598,2025-01-27 23:11:18,cust_1116484,ITMI,refinance,214127,360,764,low,approved,214127,mobile,false,412
app_20250127_00002599,2025-01-27 08:12:59,cust_1422200,DEHE,auto_loan,42070,72,580,medium,approved,42070,mobile_app,false,812
app_20250127_00002600,2025-01-27 11:04:26,cust_6761026,ATVI,refinance,200208,180,458,high,approved,200208,mobile_app,true,752
app_20250127_00002601,2025-01-27 23:59:26,cust_8490510,ITMI,personal_loan,37877,24,597,medium,approved,37877,mobile,false,612
app_20250127_00002602,2025-01-27 18:39:10,cust_1066900,AUTR,personal_loan,37576,24,644,medium,approved,37576,branch,false,158
app_20250127_00002603,2025-01-27 06:05:26,cust_653823,FRID,business_loan,24103,24,660,medium,rejected,0,mobile,false,121
app_20250127_00002604,2025-01-27 11:41:42,cust_5556826,GRRE,education_loan,4091,36,614,medium,rejected,0,partner,false,100
app_20250127_00002605,2025-01-27 23:10:21,cust_1019327,GRRE,personal_loan,25301,36,638,medium,approved,25301,mobile,false,662
app_20250127_00002606,2025-01-27 09:05:53,cust_3290097,FRID,business_loan,2587,12,608,medium,approved,2587,online_banking,false,670
app_20250127_00002607,2025-01-27 22:34:02,cust_575362,GRRE,business_loan,32814,36,626,medium,approved,32814,online_banking,true,381
app_20250127_00002608,2025-01-27 05:17:49,cust_6907087,SESV,education_loan,21039,48,605,medium,approved,21039,partner,true,139
app_20250127_00002609,2025-01-27 15:59:24,cust_4738703,ATVI,education_loan,34248,48,658,medium,approved,34248,mobile,true,524
app_20250127_00002610,2025-01-27 06:31:12,cust_8171994,PLWA,cash_loan,45408,42,780,low,approved,45408,web,false,745
app_20250127_00002611,2025-01-27 07:02:29,cust_3797014,PORP,auto_loan,53599,36,607,medium,approved,53599,call_center,true,737
app_20250127_00002612,2025-01-27 13:02:31,cust_1520242,PLWA,credit_card,33084,24,423,high,rejected,0,partner,true,119
app_20250127_00002613,2025-01-27 08:02:46,cust_7141530,PLWA,personal_loan,21139,42,518,medium,approved,21139,branch,true,49
app_20250127_00002614,2025-01-27 20:38:34,cust_6183011,ESMA,auto_loan,27414,60,666,medium,approved,27414,branch,true,820
app_20250127_00002615,2025-01-27 03:33:42,cust_8681720,ATVI,education_loan,32363,60,496,high,approved,32363,mobile,true,93
app_20250127_00002616,2025-01-27 21:21:32,cust_5702523,FRID,education_loan,29974,60,780,low,approved,29974,online_banking,false,428
app_20250127_00002617,2025-01-27 18:14:03,cust_5822209,DEHE,business_loan,24839,48,675,medium,rejected,0,partner,true,142
app_20250127_00002618,2025-01-27 17:17:15,cust_2672014,UKLO,business_loan,6669,24,772,low,approved,6669,online_banking,false,424
app_20250127_00002619,2025-01-27 13:50:41,cust_103525,PORP,mortgage,254875,180,755,low,approved,254875,online_banking,true,878
app_20250127_00002620,2025-01-27 04:15:51,cust_8876750,ESMA,credit_card,2865,18,783,low,approved,2865,atm,true,192
app_20250127_00002621,2025-01-27 22:47:11,cust_8768987,ATVI,personal_loan,8529,12,636,medium,rejected,0,call_center,false,126
app_20250127_00002622,2025-01-27 18:58:46,cust_9987725,ITMI,auto_loan,23657,72,364,high,rejected,0,web,true,84
app_20250127_00002623,2025-01-27 05:15:35,cust_235002,PORP,business_loan,26410,24,500,medium,approved,26410,atm,false,871
app_20250127_00002624,2025-01-27 00:56:04,cust_5075222,AUTR,auto_loan,58423,72,529,medium,rejected,0,partner,true,177
app_20250127_00002625,2025-01-27 09:32:44,cust_5170710,FRID,business_loan,2841,12,607,medium,approved,2841,call_center,false,395
app_20250127_00002626,2025-01-27 18:38:38,cust_7346101,BENL,auto_loan,9134,72,702,low,approved,9134,mobile,false,62
app_20250127_00002627,2025-01-27 19:08:54,cust_1818831,BENL,education_loan,28764,24,711,low,approved,28764,mobile_app,true,548
app_20250127_00002628,2025-01-27 00:01:41,cust_4433790,BENL,business_loan,34057,36,597,medium,approved,34057,mobile,true,197
app_20250127_00002629,2025-01-27 04:30:03,cust_3196279,GRRE,education_loan,37291,36,781,low,approved,37291,call_center,true,317
app_20250127_00002630,2025-01-27 10:35:12,cust_5061156,PLWA,credit_card,9250,48,734,low,approved,9250,web,true,284
app_20250127_00002631,2025-01-27 18:48:40,cust_6854085,CZPR,refinance,446807,300,714,low,approved,446807,atm,false,703
app_20250127_00002632,2025-01-27 19:17:33,cust_8765509,CZPR,refinance,296652,180,728,low,approved,296652,partner,false,256
app_20250127_00002633,2025-01-27 07:50:41,cust_2090416,FRID,education_loan,33277,48,440,high,rejected,0,mobile_app,true,178
app_20250127_00002634,2025-01-27 11:09:19,cust_8116664,ATVI,personal_loan,49337,18,567,medium,rejected,0,partner,true,132
app_20250127_00002635,2025-01-27 06:19:16,cust_1017838,FRID,credit_card,12995,48,547,medium,approved,12995,branch,true,587
app_20250127_00002636,2025-01-27 15:36:57,cust_7641719,FRID,refinance,330601,300,594,medium,rejected,0,branch,false,47
app_20250127_00002637,2025-01-27 21:46:25,cust_8289327,UKLO,business_loan,36981,36,775,low,approved,36981,call_center,true,576
app_20250127_00002638,2025-01-27 12:59:02,cust_6666243,ITMI,business_loan,3977,12,665,medium,approved,3977,partner,false,636
app_20250127_00002639,2025-01-27 13:23:33,cust_3748347,CHBE,personal_loan,1549,48,563,medium,rejected,0,mobile_app,true,57
app_20250127_00002640,2025-01-27 12:17:34,cust_4870240,NLAM,business_loan,18089,60,491,high,rejected,0,branch,false,63
app_20250127_00002641,2025-01-27 10:23:01,cust_6865228,GRRE,auto_loan,6797,36,718,low,approved,6797,online_banking,true,178
app_20250127_00002642,2025-01-27 00:32:59,cust_5681312,CHBE,refinance,241891,120,685,medium,approved,241891,atm,true,131
app_20250127_00002643,2025-01-27 12:19:16,cust_7695290,ATVI,business_loan,13162,36,802,low,approved,13162,web,true,832
app_20250127_00002644,2025-01-27 07:40:19,cust_1176915,GRRE,mortgage,123389,300,510,medium,approved,123389,mobile,true,202
app_20250127_00002645,2025-01-27 23:48:12,cust_8966771,DEHE,personal_loan,9903,42,553,medium,approved,9903,mobile_app,true,435
app_20250127_00002646,2025-01-27 16:05:45,cust_8118705,NLAM,education_loan,26591,60,587,medium,rejected,0,branch,false,41
app_20250127_00002647,2025-01-27 18:22:19,cust_9716971,GRRE,personal_loan,10791,48,701,low,approved,10791,web,true,830
app_20250127_00002648,2025-01-27 17:46:05,cust_5784774,ATVI,business_loan,2524,24,533,medium,approved,2524,branch,true,265
app_20250127_00002649,2025-01-27 19:21:20,cust_9659846,FRID,mortgage,334379,360,683,medium,rejected,0,atm,false,12
app_20250127_00002650,2025-01-27 21:19:59,cust_1487773,ATVI,business_loan,10293,60,586,medium,rejected,0,mobile,false,103
app_20250127_00002651,2025-01-27 12:36:27,cust_994058,UKLO,cash_loan,37667,42,729,low,approved,37667,mobile_app,true,112
app_20250127_00002652,2025-01-27 21:17:39,cust_169668,CZPR,cash_loan,24905,18,702,low,approved,24905,atm,true,104
app_20250127_00002653,2025-01-27 17:53:39,cust_4776997,AUTR,cash_loan,42946,30,843,low,approved,42946,partner,false,498
app_20250127_00002654,2025-01-27 21:22:36,cust_6566528,SESV,mortgage,392716,180,816,low,approved,392716,branch,true,335
app_20250127_00002655,2025-01-27 23:18:28,cust_378187,AUTR,mortgage,334482,300,595,medium,approved,334482,branch,true,514
app_20250127_00002656,2025-01-27 20:03:57,cust_7451272,ATVI,mortgage,233365,180,839,low,approved,233365,online_banking,false,559
app_20250127_00002657,2025-01-27 16:52:00,cust_9708867,SESV,education_loan,35072,24,667,medium,rejected,0,branch,false,159
app_20250127_00002658,2025-01-27 11:19:06,cust_7834296,BENL,business_loan,32827,60,478,high,rejected,0,branch,true,160
app_20250127_00002659,2025-01-27 16:33:20,cust_9756423,ATVI,cash_loan,15550,30,701,low,approved,15550,mobile_app,true,164
app_20250127_00002660,2025-01-27 20:28:15,cust_3123306,FRID,business_loan,28004,60,740,low,approved,28004,online_banking,false,121
app_20250127_00002661,2025-01-27 19:20:43,cust_6755905,BENL,personal_loan,42527,42,648,medium,rejected,0,atm,false,12
app_20250127_00002662,2025-01-27 11:37:13,cust_1655168,FRID,education_loan,19347,60,680,medium,rejected,0,branch,false,24
app_20250127_00002663,2025-01-27 12:58:15,cust_6215117,PLWA,auto_loan,17582,60,603,medium,rejected,0,call_center,false,171
app_20250127_00002664,2025-01-27 23:10:05,cust_2254996,CZPR,mortgage,281286,120,544,medium,approved,281286,partner,false,576
app_20250127_00002665,2025-01-27 16:21:10,cust_8781149,DEHE,credit_card,6365,18,740,low,approved,6365,online_banking,true,62
app_20250127_00002666,2025-01-27 14:02:17,cust_856591,PLWA,business_loan,7540,60,708,low,approved,7540,web,false,234
app_20250127_00002667,2025-01-27 17:31:34,cust_9563692,ITMI,cash_loan,32390,18,630,medium,approved,32390,mobile_app,false,149
app_20250127_00002668,2025-01-27 18:34:57,cust_3026093,NLAM,business_loan,2456,36,578,medium,rejected,0,partner,true,97
app_20250127_00002669,2025-01-27 17:53:46,cust_7891903,CHBE,cash_loan,39586,24,616,medium,approved,39586,mobile_app,true,193
app_20250127_00002670,2025-01-27 00:34:49,cust_2073155,NLAM,refinance,387062,300,512,medium,approved,387062,call_center,true,532
app_20250127_00002671,2025-01-27 10:20:31,cust_6675204,ATVI,mortgage,476865,120,617,medium,approved,476865,partner,true,111
app_20250127_00002672,2025-01-27 03:09:23,cust_2203686,UKLO,credit_card,11421,48,649,medium,approved,11421,online_banking,false,344
app_20250127_00002673,2025-01-27 15:38:38,cust_8657318,FRID,mortgage,305153,180,838,low,approved,305153,branch,true,763
app_20250127_00002674,2025-01-27 06:25:10,cust_3501192,FRID,refinance,303518,120,646,medium,approved,303518,atm,false,817
app_20250127_00002675,2025-01-27 07:17:28,cust_7544550,FRID,mortgage,140332,300,688,medium,rejected,0,atm,false,39
app_20250127_00002676,2025-01-27 12:05:18,cust_7339127,ESMA,refinance,451223,300,747,low,approved,451223,branch,false,788
app_20250127_00002677,2025-01-27 07:53:16,cust_4201462,GRRE,cash_loan,31712,36,505,medium,approved,31712,online_banking,false,143
app_20250127_00002678,2025-01-27 00:33:45,cust_8437465,BENL,education_loan,33560,24,592,medium,approved,33560,call_center,false,704
app_20250127_00002679,2025-01-27 12:06:06,cust_168711,GRRE,cash_loan,23207,48,463,high,rejected,0,branch,true,93
app_20250127_00002680,2025-01-27 22:12:16,cust_284744,FRID,credit_card,41698,24,720,low,approved,41698,mobile_app,true,139
app_20250127_00002681,2025-01-27 18:02:27,cust_3755006,PLWA,auto_loan,51538,72,709,low,approved,51538,atm,true,218
app_20250127_00002682,2025-01-27 12:44:51,cust_8753730,CHBE,business_loan,36195,12,613,medium,approved,36195,branch,true,772
app_20250127_00002683,2025-01-27 11:44:11,cust_320500,BENL,business_loan,28483,24,698,medium,approved,28483,web,false,374
app_20250127_00002684,2025-01-27 03:57:06,cust_5029465,ITMI,mortgage,105546,180,610,medium,rejected,0,branch,true,16
app_20250127_00002685,2025-01-27 23:41:01,cust_3007609,GRRE,education_loan,8618,48,497,high,approved,8618,branch,true,662
app_20250127_00002686,2025-01-27 10:35:37,cust_6916414,PLWA,personal_loan,49257,48,583,medium,rejected,0,online_banking,false,88
app_20250127_00002687,2025-01-27 01:07:54,cust_2873030,SESV,education_loan,6709,24,696,medium,approved,6709,atm,false,464
app_20250127_00002688,2025-01-27 01:54:22,cust_5331868,UKLO,mortgage,228312,240,850,low,approved,228312,atm,true,290
app_20250127_00002689,2025-01-27 07:06:35,cust_3609400,GRRE,credit_card,13927,24,569,medium,approved,13927,online_banking,false,449
app_20250127_00002690,2025-01-27 01:49:04,cust_6119977,ATVI,business_loan,18592,12,771,low,approved,18592,branch,false,827
app_20250127_00002691,2025-01-27 02:27:20,cust_9587722,AUTR,mortgage,250147,240,792,low,approved,250147,online_banking,false,360
app_20250127_00002692,2025-01-27 03:02:14,cust_7314602,CHBE,education_loan,11215,36,677,medium,rejected,0,call_center,true,5
app_20250127_00002693,2025-01-27 02:06:26,cust_8181760,DEHE,personal_loan,40967,48,554,medium,approved,40967,mobile,true,714
app_20250127_00002694,2025-01-27 21:45:08,cust_1085461,BENL,cash_loan,26035,24,781,low,approved,26035,partner,false,776
app_20250127_00002695,2025-01-27 15:06:47,cust_4039167,PLWA,personal_loan,7786,36,684,medium,approved,7786,call_center,true,670
app_20250127_00002696,2025-01-27 21:05:56,cust_6354802,ITMI,education_loan,20897,24,759,low,approved,20897,branch,true,321
app_20250127_00002697,2025-01-27 10:11:17,cust_9325882,GRRE,personal_loan,24667,12,708,low,approved,24667,call_center,true,725
app_20250127_00002698,2025-01-27 12:37:35,cust_7445777,FRID,refinance,145532,180,771,low,rejected,0,branch,true,109
app_20250127_00002699,2025-01-27 00:03:10,cust_9983200,CHBE,education_loan,11598,48,574,medium,approved,11598,mobile,true,136
app_20250127_00002700,2025-01-27 18:57:52,cust_6062973,DEHE,education_loan,26582,36,698,medium,approved,26582,mobile,false,37
app_20250127_00002701,2025-01-27 09:13:34,cust_6837464,FRID,cash_loan,46237,12,715,low,approved,46237,branch,true,431
app_20250127_00002702,2025-01-27 14:39:10,cust_4111469,CHBE,education_loan,7404,36,646,medium,approved,7404,mobile_app,true,154
app_20250127_00002703,2025-01-27 07:02:21,cust_8974191,PLWA,refinance,409740,120,604,medium,approved,409740,partner,true,492
app_20250127_00002704,2025-01-27 08:48:52,cust_2099930,AUTR,cash_loan,45263,18,829,low,approved,45263,web,true,671
app_20250127_00002705,2025-01-27 23:01:02,cust_9241679,PLWA,education_loan,20132,48,831,low,approved,20132,call_center,true,865
app_20250127_00002706,2025-01-27 01:25:29,cust_3410865,GRRE,refinance,231177,360,718,low,approved,231177,call_center,true,352
app_20250127_00002707,2025-01-27 15:29:18,cust_4649594,SESV,education_loan,34739,24,649,medium,approved,34739,call_center,false,380
app_20250127_00002708,2025-01-27 20:50:09,cust_9326700,NLAM,education_loan,14933,12,581,medium,rejected,0,mobile,false,132
app_20250127_00002709,2025-01-27 10:23:34,cust_1574769,FRID,education_loan,6051,60,619,medium,rejected,0,web,false,11
app_20250127_00002710,2025-01-27 08:49:46,cust_9881958,SESV,personal_loan,48659,36,724,low,approved,48659,branch,true,541
app_20250127_00002711,2025-01-27 08:48:59,cust_1174642,GRRE,business_loan,15358,60,623,medium,rejected,0,branch,true,115
app_20250127_00002712,2025-01-27 07:35:11,cust_412760,ATVI,credit_card,47882,18,563,medium,approved,47882,call_center,false,332
app_20250127_00002713,2025-01-27 19:06:14,cust_3498308,DEHE,auto_loan,17492,48,633,medium,approved,17492,mobile,false,896
app_20250127_00002714,2025-01-27 07:21:09,cust_9225313,DEHE,refinance,197274,360,712,low,approved,197274,atm,true,803
app_20250127_00002715,2025-01-27 09:52:15,cust_1970104,GRRE,education_loan,10479,36,701,low,approved,10479,branch,false,817
app_20250127_00002716,2025-01-27 15:55:57,cust_7121002,ESMA,education_loan,12956,36,850,low,approved,12956,mobile_app,false,301
app_20250127_00002717,2025-01-27 06:26:44,cust_6227445,NLAM,auto_loan,54266,48,431,high,rejected,0,online_banking,false,106
app_20250127_00002718,2025-01-27 18:29:16,cust_9093619,PLWA,refinance,331394,360,572,medium,approved,331394,call_center,true,786
app_20250127_00002719,2025-01-27 02:01:37,cust_1413435,PLWA,business_loan,26859,36,590,medium,approved,26859,mobile,true,391
app_20250127_00002720,2025-01-27 01:49:52,cust_9246593,GRRE,personal_loan,8746,30,625,medium,approved,8746,call_center,true,885
app_20250127_00002721,2025-01-27 12:40:44,cust_1077778,NLAM,personal_loan,18942,12,523,medium,approved,18942,branch,true,802
app_20250127_00002722,2025-01-27 14:59:21,cust_5392695,NLAM,cash_loan,4012,36,447,high,approved,4012,call_center,true,445
app_20250127_00002723,2025-01-27 20:26:37,cust_4919513,FRID,education_loan,35483,36,675,medium,approved,35483,branch,true,439
app_20250127_00002724,2025-01-27 06:25:30,cust_449624,CZPR,mortgage,453382,120,721,low,approved,453382,web,false,295
app_20250127_00002725,2025-01-27 20:59:24,cust_4242003,BENL,personal_loan,33943,36,515,medium,rejected,0,branch,false,107
app_20250127_00002726,2025-01-27 17:11:42,cust_7652877,ATVI,auto_loan,26746,72,657,medium,approved,26746,partner,true,747
app_20250127_00002727,2025-01-27 14:20:11,cust_4518249,ATVI,personal_loan,49787,42,398,high,rejected,0,partner,false,56
app_20250127_00002728,2025-01-27 02:13:26,cust_5596291,UKLO,education_loan,39965,48,540,medium,approved,39965,mobile_app,true,175
app_20250127_00002729,2025-01-27 00:11:05,cust_4047617,NLAM,business_loan,2383,24,686,medium,approved,2383,mobile,false,520
app_20250127_00002730,2025-01-27 22:35:30,cust_2582403,PORP,credit_card,13512,18,770,low,approved,13512,branch,false,579
app_20250127_00002731,2025-01-27 20:27:46,cust_1864356,NLAM,cash_loan,3733,30,850,low,approved,3733,atm,true,354
app_20250127_00002732,2025-01-27 15:50:36,cust_4724606,CZPR,credit_card,31761,30,529,medium,rejected,0,atm,false,110
app_20250127_00002733,2025-01-27 21:38:48,cust_3154247,CZPR,mortgage,70417,240,601,medium,approved,70417,mobile_app,false,573
app_20250127_00002734,2025-01-27 17:59:26,cust_2565483,ITMI,mortgage,468026,240,414,high,rejected,0,branch,true,60
app_20250127_00002735,2025-01-27 10:07:23,cust_3445213,CZPR,auto_loan,19533,36,594,medium,rejected,0,online_banking,true,54
app_20250127_00002736,2025-01-27 02:24:00,cust_9899377,PLWA,mortgage,150139,180,826,low,approved,150139,partner,false,308
app_20250127_00002737,2025-01-27 13:12:04,cust_7334833,GRRE,mortgage,331310,360,416,high,rejected,0,partner,true,170
app_20250127_00002738,2025-01-27 07:10:01,cust_8042707,ESMA,education_loan,36470,12,850,low,approved,36470,partner,false,351
app_20250127_00002739,2025-01-27 08:33:43,cust_8991192,ESMA,education_loan,14334,60,514,medium,approved,14334,call_center,false,606
app_20250127_00002740,2025-01-27 08:16:23,cust_5233176,SESV,credit_card,10312,12,618,medium,approved,10312,mobile_app,false,206
app_20250127_00002741,2025-01-27 18:10:38,cust_319068,UKLO,refinance,233868,180,606,medium,rejected,0,mobile,false,63
app_20250127_00002742,2025-01-27 09:13:24,cust_5350488,BENL,business_loan,20209,24,747,low,approved,20209,mobile_app,false,342
app_20250127_00002743,2025-01-27 20:45:17,cust_3853856,PLWA,refinance,496208,120,577,medium,approved,496208,mobile_app,true,160
app_20250127_00002744,2025-01-27 20:31:50,cust_530982,GRRE,credit_card,46066,48,582,medium,approved,46066,mobile_app,true,630
app_20250127_00002745,2025-01-27 10:30:43,cust_3624506,FRID,auto_loan,36648,24,826,low,approved,36648,atm,true,166
app_20250127_00002746,2025-01-27 03:27:59,cust_1262488,PORP,personal_loan,42045,24,625,medium,approved,42045,branch,false,864
app_20250127_00002747,2025-01-27 06:51:46,cust_7702813,ESMA,cash_loan,34730,18,830,low,approved,34730,online_banking,true,531
app_20250127_00002748,2025-01-27 15:36:46,cust_6389133,GRRE,education_loan,29395,48,846,low,approved,29395,web,true,510
app_20250127_00002749,2025-01-27 09:24:52,cust_5013026,FRID,credit_card,32234,36,832,low,approved,32234,branch,true,32
app_20250127_00002750,2025-01-27 04:47:07,cust_1099765,AUTR,personal_loan,17569,30,678,medium,approved,17569,partner,false,543
app_20250127_00002751,2025-01-27 09:05:01,cust_5935593,ATVI,personal_loan,26792,12,717,low,approved,26792,mobile_app,false,210
app_20250127_00002752,2025-01-27 10:28:13,cust_7950717,CZPR,personal_loan,23517,24,505,medium,rejected,0,mobile_app,false,103
app_20250127_00002753,2025-01-27 07:23:30,cust_5735986,PORP,business_loan,18600,12,671,medium,rejected,0,web,true,130
app_20250127_00002754,2025-01-27 02:25:46,cust_2474895,PLWA,auto_loan,54675,48,584,medium,rejected,0,partner,false,131
app_20250127_00002755,2025-01-27 22:53:02,cust_463036,PORP,education_loan,34371,48,706,low,approved,34371,web,true,195
app_20250127_00002756,2025-01-27 06:39:01,cust_5742319,CZPR,cash_loan,5608,30,695,medium,rejected,0,partner,false,128
app_20250127_00002757,2025-01-27 12:10:58,cust_2341306,FRID,education_loan,4246,24,693,medium,approved,4246,online_banking,false,243
app_20250127_00002758,2025-01-27 00:20:19,cust_8133913,BENL,mortgage,306754,180,524,medium,rejected,0,partner,false,122
app_20250127_00002759,2025-01-27 16:21:35,cust_6329707,FRID,business_loan,25103,48,560,medium,approved,25103,mobile_app,true,225
app_20250127_00002760,2025-01-27 19:00:30,cust_8569279,AUTR,education_loan,13988,24,617,medium,approved,13988,call_center,true,274
app_20250127_00002761,2025-01-27 23:38:45,cust_5733202,SESV,auto_loan,30589,48,721,low,approved,30589,atm,false,840
app_20250127_00002762,2025-01-27 07:27:33,cust_4611523,ITMI,cash_loan,41469,42,644,medium,approved,41469,branch,false,174
app_20250127_00002763,2025-01-27 11:51:30,cust_5017640,ATVI,auto_loan,47624,48,517,medium,rejected,0,branch,true,27
app_20250127_00002764,2025-01-27 22:38:52,cust_9077318,FRID,auto_loan,49509,48,822,low,approved,49509,mobile_app,true,313
app_20250127_00002765,2025-01-27 17:48:11,cust_1027279,AUTR,mortgage,198654,120,764,low,rejected,0,mobile,false,68
app_20250127_00002766,2025-01-27 03:51:51,cust_1107194,PLWA,refinance,118502,360,626,medium,approved,118502,call_center,true,383
app_20250127_00002767,2025-01-27 16:27:18,cust_5387453,ESMA,auto_loan,11438,48,695,medium,approved,11438,partner,true,674
app_20250127_00002768,2025-01-27 01:29:15,cust_174186,BENL,education_loan,14382,24,654,medium,approved,14382,mobile,false,198
app_20250127_00002769,2025-01-27 04:33:06,cust_420967,AUTR,auto_loan,57083,72,543,medium,approved,57083,mobile,false,67
app_20250127_00002770,2025-01-27 22:05:43,cust_8763382,CZPR,cash_loan,2833,18,501,medium,rejected,0,call_center,false,7
app_20250127_00002771,2025-01-27 21:14:35,cust_5252848,BENL,credit_card,42500,36,724,low,approved,42500,web,false,421
app_20250127_00002772,2025-01-27 18:51:36,cust_8554991,FRID,business_loan,10006,12,538,medium,approved,10006,branch,false,42
app_20250127_00002773,2025-01-27 06:42:19,cust_8502378,BENL,business_loan,34096,60,594,medium,rejected,0,web,false,165
app_20250127_00002774,2025-01-27 18:09:42,cust_6986067,ESMA,personal_loan,26517,48,630,medium,rejected,0,call_center,false,85
app_20250127_00002775,2025-01-27 10:24:42,cust_5358936,AUTR,auto_loan,57878,72,657,medium,approved,57878,partner,false,83
app_20250127_00002776,2025-01-27 11:24:07,cust_9833582,ATVI,personal_loan,30234,36,719,low,rejected,0,partner,false,140
app_20250127_00002777,2025-01-27 23:35:11,cust_1650289,NLAM,credit_card,6933,48,769,low,approved,6933,mobile_app,true,393
app_20250127_00002778,2025-01-27 06:55:26,cust_7005384,CZPR,business_loan,23374,24,583,medium,rejected,0,online_banking,true,143
app_20250127_00002779,2025-01-27 18:05:03,cust_1357260,CZPR,credit_card,19176,48,758,low,approved,19176,web,true,639
app_20250127_00002780,2025-01-27 08:23:33,cust_7862158,UKLO,auto_loan,6913,24,516,medium,rejected,0,mobile,false,128
app_20250127_00002781,2025-01-27 19:45:32,cust_1341984,ATVI,business_loan,36885,12,516,medium,approved,36885,branch,false,714
app_20250127_00002782,2025-01-27 14:15:19,cust_3660668,PLWA,education_loan,23397,60,630,medium,approved,23397,mobile_app,true,721
app_20250127_00002783,2025-01-27 12:08:44,cust_9790315,SESV,education_loan,37990,12,684,medium,approved,37990,atm,false,304
app_20250127_00002784,2025-01-27 18:05:31,cust_7960159,AUTR,personal_loan,30271,30,651,medium,approved,30271,mobile_app,true,531
app_20250127_00002785,2025-01-27 07:00:19,cust_4986412,ESMA,credit_card,32293,18,789,low,approved,32293,mobile_app,false,204
app_20250127_00002786,2025-01-27 23:03:14,cust_2910569,UKLO,education_loan,33421,12,772,low,approved,33421,mobile,true,202
app_20250127_00002787,2025-01-27 04:46:41,cust_2523700,CZPR,education_loan,38643,36,646,medium,approved,38643,branch,true,51
app_20250127_00002788,2025-01-27 18:51:24,cust_2352234,GRRE,business_loan,18646,24,433,high,rejected,0,web,true,114
app_20250127_00002789,2025-01-27 16:37:50,cust_4529752,ESMA,refinance,125651,360,582,medium,rejected,0,mobile_app,true,22
app_20250127_00002790,2025-01-27 07:34:15,cust_1706120,DEHE,credit_card,42366,42,611,medium,rejected,0,atm,false,164
app_20250127_00002791,2025-01-27 06:12:09,cust_4411797,CZPR,credit_card,44902,42,729,low,approved,44902,partner,false,493
app_20250127_00002792,2025-01-27 17:52:42,cust_3283953,ESMA,education_loan,38213,12,619,medium,approved,38213,partner,true,316
app_20250127_00002793,2025-01-27 11:59:50,cust_8019961,AUTR,auto_loan,5050,48,656,medium,rejected,0,web,false,71
app_20250127_00002794,2025-01-27 02:46:12,cust_6451775,PLWA,education_loan,10420,12,575,medium,approved,10420,mobile_app,false,41
app_20250127_00002795,2025-01-27 09:39:11,cust_5981657,SESV,business_loan,36592,12,591,medium,rejected,0,mobile_app,true,33
app_20250127_00002796,2025-01-27 04:05:12,cust_4815661,NLAM,auto_loan,7129,24,726,low,approved,7129,mobile,true,360
app_20250127_00002797,2025-01-27 04:52:22,cust_5467028,PORP,credit_card,2863,36,486,high,rejected,0,mobile,false,114
app_20250127_00002798,2025-01-27 13:27:08,cust_7861035,SESV,education_loan,7225,12,660,medium,approved,7225,web,true,387
app_20250127_00002799,2025-01-27 22:13:38,cust_7602885,CHBE,business_loan,34829,24,850,low,approved,34829,online_banking,false,246
app_20250127_00002800,2025-01-27 12:43:08,cust_5007424,SESV,cash_loan,43247,36,803,low,approved,43247,mobile_app,false,493
app_20250127_00002801,2025-01-27 00:49:46,cust_5935149,BENL,business_loan,9457,48,622,medium,approved,9457,call_center,false,93
app_20250127_00002802,2025-01-27 13:37:46,cust_8316287,BENL,mortgage,267317,300,777,low,approved,267317,branch,false,633
app_20250127_00002803,2025-01-27 13:00:26,cust_6948409,NLAM,education_loan,24802,36,811,low,approved,24802,call_center,false,431
app_20250127_00002804,2025-01-27 17:27:56,cust_2536254,NLAM,personal_loan,20596,24,672,medium,approved,20596,web,false,145
app_20250127_00002805,2025-01-27 20:26:50,cust_9130076,ATVI,education_loan,12066,12,607,medium,approved,12066,web,false,302
app_20250127_00002806,2025-01-27 23:11:47,cust_1490290,UKLO,business_loan,34424,36,776,low,approved,34424,online_banking,false,479
app_20250127_00002807,2025-01-27 16:16:23,cust_8372372,ESMA,business_loan,3773,24,680,medium,rejected,0,web,true,70
app_20250127_00002808,2025-01-27 06:30:02,cust_6749151,CHBE,education_loan,24860,36,475,high,rejected,0,atm,true,110
app_20250127_00002809,2025-01-27 09:05:13,cust_4075053,PORP,business_loan,7666,36,608,medium,approved,7666,online_banking,false,605
app_20250127_00002810,2025-01-27 12:56:01,cust_8140918,ATVI,education_loan,7613,36,616,medium,rejected,0,call_center,true,72
app_20250127_00002811,2025-01-27 09:34:27,cust_2834424,AUTR,credit_card,15153,30,702,low,approved,15153,branch,false,200
app_20250127_00002812,2025-01-27 07:17:55,cust_8977141,ESMA,personal_loan,41517,24,532,medium,rejected,0,web,false,8
app_20250127_00002813,2025-01-27 19:42:20,cust_9714321,SESV,mortgage,93371,360,727,low,approved,93371,partner,false,111
app_20250127_00002814,2025-01-27 19:11:19,cust_3459524,NLAM,refinance,151066,300,633,medium,approved,151066,mobile,true,835
app_20250127_00002815,2025-01-27 03:07:06,cust_4984588,ESMA,refinance,411909,300,625,medium,rejected,0,mobile_app,false,147
app_20250127_00002816,2025-01-27 11:21:43,cust_9272750,ITMI,cash_loan,45027,24,556,medium,approved,45027,atm,true,137
app_20250127_00002817,2025-01-27 07:39:47,cust_2806300,UKLO,mortgage,327646,180,633,medium,approved,327646,atm,true,745
app_20250127_00002818,2025-01-27 09:19:59,cust_8967726,CZPR,education_loan,11166,24,549,medium,approved,11166,call_center,true,741
app_20250127_00002819,2025-01-27 00:38:11,cust_4147186,NLAM,mortgage,497739,360,561,medium,approved,497739,mobile,true,139
app_20250127_00002820,2025-01-27 15:20:45,cust_9067301,BENL,credit_card,23915,36,495,high,rejected,0,atm,false,129
app_20250127_00002821,2025-01-27 18:36:06,cust_4633801,BENL,refinance,109827,120,683,medium,approved,109827,branch,true,614
app_20250127_00002822,2025-01-27 19:21:12,cust_1876214,ITMI,refinance,243326,180,488,high,rejected,0,call_center,false,35
app_20250127_00002823,2025-01-27 09:24:14,cust_7852666,DEHE,auto_loan,24828,48,838,low,approved,24828,atm,true,568
app_20250127_00002824,2025-01-27 02:01:20,cust_9651955,ESMA,education_loan,20289,12,615,medium,approved,20289,web,false,495
app_20250127_00002825,2025-01-27 16:17:06,cust_4694440,NLAM,refinance,187134,360,547,medium,rejected,0,web,true,101
app_20250127_00002826,2025-01-27 10:22:45,cust_5777084,FRID,refinance,310666,300,569,medium,approved,310666,call_center,true,642
app_20250127_00002827,2025-01-27 14:12:32,cust_3889720,PLWA,mortgage,87171,300,571,medium,rejected,0,mobile,false,99
app_20250127_00002828,2025-01-27 00:23:02,cust_2910814,SESV,cash_loan,34339,24,589,medium,rejected,0,mobile,false,97
app_20250127_00002829,2025-01-27 09:26:04,cust_549372,CZPR,cash_loan,11141,18,797,low,approved,11141,partner,true,545
app_20250127_00002830,2025-01-27 09:33:22,cust_9867288,SESV,credit_card,36980,12,850,low,approved,36980,mobile_app,false,785
app_20250127_00002831,2025-01-27 02:46:58,cust_9662813,ESMA,education_loan,34641,48,680,medium,approved,34641,online_banking,true,188
app_20250127_00002832,2025-01-27 09:39:53,cust_8957871,AUTR,refinance,97064,360,633,medium,approved,97064,branch,false,422
app_20250127_00002833,2025-01-27 02:51:01,cust_4299918,AUTR,credit_card,45206,48,718,low,approved,45206,mobile,true,532
app_20250127_00002834,2025-01-27 19:35:39,cust_4751066,ATVI,education_loan,23154,12,554,medium,rejected,0,atm,true,85
app_20250127_00002835,2025-01-27 12:52:26,cust_8519895,PLWA,cash_loan,20566,24,722,low,approved,20566,partner,true,234
app_20250127_00002836,2025-01-27 10:06:45,cust_2439868,UKLO,credit_card,34275,12,628,medium,rejected,0,mobile,true,96
app_20250127_00002837,2025-01-27 09:28:25,cust_164111,CZPR,cash_loan,9807,48,606,medium,approved,9807,atm,true,831
app_20250127_00002838,2025-01-27 06:54:16,cust_1265079,BENL,mortgage,469940,120,829,low,approved,469940,atm,false,487
app_20250127_00002839,2025-01-27 06:20:23,cust_9007451,NLAM,credit_card,41478,36,645,medium,approved,41478,web,false,403
app_20250127_00002840,2025-01-27 17:45:49,cust_9458177,UKLO,personal_loan,35116,12,548,medium,approved,35116,online_banking,true,67
app_20250127_00002841,2025-01-27 07:49:47,cust_717464,PORP,auto_loan,20173,60,671,medium,rejected,0,mobile_app,false,22
app_20250127_00002842,2025-01-27 15:07:50,cust_5273144,ATVI,auto_loan,46908,24,500,medium,rejected,0,online_banking,false,157
app_20250127_00002843,2025-01-27 02:07:37,cust_3913270,GRRE,credit_card,40415,24,776,low,approved,40415,mobile,false,441
app_20250127_00002844,2025-01-27 17:33:14,cust_2442751,ATVI,cash_loan,7354,30,624,medium,rejected,0,atm,false,138
app_20250127_00002845,2025-01-27 12:23:39,cust_3148352,SESV,refinance,231526,180,850,low,approved,231526,call_center,true,840
app_20250127_00002846,2025-01-27 16:36:37,cust_5058510,DEHE,education_loan,29520,24,665,medium,approved,29520,web,false,314
app_20250127_00002847,2025-01-27 04:49:17,cust_2807007,AUTR,business_loan,21915,36,692,medium,rejected,0,call_center,false,44
app_20250127_00002848,2025-01-27 21:07:22,cust_5409328,SESV,credit_card,44833,48,610,medium,approved,44833,atm,true,493
app_20250127_00002849,2025-01-27 23:33:00,cust_9402464,PLWA,cash_loan,27416,48,603,medium,rejected,0,atm,false,20
app_20250127_00002850,2025-01-27 01:36:03,cust_944720,GRRE,cash_loan,38265,30,599,medium,rejected,0,partner,true,92
app_20250127_00002851,2025-01-27 14:45:00,cust_3092554,ATVI,cash_loan,28019,12,477,high,rejected,0,partner,true,77
app_20250127_00002852,2025-01-27 18:56:53,cust_7326337,CHBE,cash_loan,32997,36,758,low,approved,32997,web,false,732
app_20250127_00002853,2025-01-27 20:48:57,cust_501284,ITMI,refinance,284928,240,767,low,approved,284928,atm,false,566
app_20250127_00002854,2025-01-27 05:21:09,cust_7603218,CHBE,business_loan,8674,12,604,medium,approved,8674,mobile_app,false,712
app_20250127_00002855,2025-01-27 10:44:33,cust_9613637,AUTR,auto_loan,34083,72,537,medium,rejected,0,atm,true,7
app_20250127_00002856,2025-01-27 15:47:25,cust_8123260,ITMI,business_loan,37153,24,650,medium,approved,37153,branch,false,253
app_20250127_00002857,2025-01-27 03:52:09,cust_6319718,ITMI,auto_loan,42172,24,595,medium,approved,42172,web,true,722
app_20250127_00002858,2025-01-27 20:45:23,cust_5072954,FRID,business_loan,34690,48,716,low,approved,34690,online_banking,false,42
app_20250127_00002859,2025-01-27 19:52:52,cust_2806677,CZPR,business_loan,14577,12,647,medium,approved,14577,atm,true,810
app_20250127_00002860,2025-01-27 02:12:43,cust_8377019,DEHE,mortgage,60411,300,605,medium,approved,60411,atm,true,839
app_20250127_00002861,2025-01-27 21:31:18,cust_4756155,PLWA,business_loan,35275,12,493,high,rejected,0,web,false,39
app_20250127_00002862,2025-01-27 06:43:04,cust_6261503,NLAM,mortgage,135171,360,653,medium,approved,135171,web,false,779
app_20250127_00002863,2025-01-27 04:02:11,cust_5176918,PORP,mortgage,358252,180,681,medium,rejected,0,call_center,true,32
app_20250127_00002864,2025-01-27 02:18:19,cust_591577,PLWA,personal_loan,32049,12,845,low,approved,32049,mobile,true,196
app_20250127_00002865,2025-01-27 01:06:47,cust_2817801,ESMA,education_loan,33987,48,753,low,approved,33987,online_banking,false,105
app_20250127_00002866,2025-01-27 17:45:51,cust_9306268,NLAM,education_loan,17760,24,754,low,approved,17760,branch,true,464
app_20250127_00002867,2025-01-27 01:28:08,cust_100398,ATVI,education_loan,18896,60,570,medium,approved,18896,atm,true,429
app_20250127_00002868,2025-01-27 13:15:46,cust_4278848,CZPR,mortgage,162940,360,649,medium,rejected,0,online_banking,false,154
app_20250127_00002869,2025-01-27 22:41:06,cust_7882187,PLWA,mortgage,400099,240,585,medium,approved,400099,branch,false,844
app_20250127_00002870,2025-01-27 23:19:43,cust_9006668,DEHE,mortgage,128443,300,669,medium,approved,128443,web,false,685
app_20250127_00002871,2025-01-27 20:33:17,cust_2204351,DEHE,auto_loan,26504,60,446,high,approved,26504,mobile_app,true,337
app_20250127_00002872,2025-01-27 04:34:42,cust_3791997,ESMA,auto_loan,45111,36,692,medium,rejected,0,online_banking,false,86
app_20250127_00002873,2025-01-27 15:13:53,cust_5618767,PLWA,refinance,389144,240,639,medium,approved,389144,branch,false,650
app_20250127_00002874,2025-01-27 04:21:39,cust_7482884,DEHE,cash_loan,39389,36,672,medium,approved,39389,atm,false,137
app_20250127_00002875,2025-01-27 06:24:36,cust_4784095,ITMI,personal_loan,7280,42,621,medium,rejected,0,web,false,37
app_20250127_00002876,2025-01-27 18:14:42,cust_8266131,ITMI,cash_loan,47843,24,625,medium,approved,47843,web,false,242
app_20250127_00002877,2025-01-27 15:59:39,cust_4250279,DEHE,business_loan,13596,36,554,medium,rejected,0,call_center,false,166
app_20250127_00002878,2025-01-27 04:41:52,cust_8853527,BENL,personal_loan,4321,36,823,low,approved,4321,atm,true,520
app_20250127_00002879,2025-01-27 04:18:35,cust_7512152,CHBE,refinance,392592,180,574,medium,approved,392592,mobile_app,true,523
app_20250127_00002880,2025-01-27 13:30:57,cust_1218818,BENL,business_loan,20207,24,639,medium,rejected,0,mobile_app,true,28
app_20250127_00002881,2025-01-27 04:21:47,cust_2034130,PLWA,auto_loan,55533,36,744,low,approved,55533,branch,false,636
app_20250127_00002882,2025-01-27 18:18:32,cust_5618656,GRRE,education_loan,29947,36,497,high,rejected,0,mobile_app,true,96
app_20250127_00002883,2025-01-27 00:14:42,cust_8329065,GRRE,refinance,120049,360,729,low,approved,120049,mobile,true,784
app_20250127_00002884,2025-01-27 09:28:19,cust_7358742,CZPR,cash_loan,3840,12,759,low,approved,3840,mobile_app,true,370
app_20250127_00002885,2025-01-27 03:03:09,cust_4908065,CZPR,cash_loan,3461,36,850,low,approved,3461,call_center,true,393
app_20250127_00002886,2025-01-27 11:29:16,cust_4173513,PLWA,auto_loan,31958,36,566,medium,approved,31958,web,false,740
app_20250127_00002887,2025-01-27 12:10:03,cust_8539693,DEHE,education_loan,9448,48,789,low,approved,9448,call_center,false,176
app_20250127_00002888,2025-01-27 00:35:03,cust_2530021,AUTR,personal_loan,7070,30,670,medium,approved,7070,atm,true,322
app_20250127_00002889,2025-01-27 01:08:50,cust_7229708,DEHE,mortgage,288544,360,763,low,approved,288544,atm,true,890
app_20250127_00002890,2025-01-27 03:44:12,cust_1490510,NLAM,education_loan,5503,48,575,medium,rejected,0,online_banking,true,162
app_20250127_00002891,2025-01-27 00:26:21,cust_7240785,PORP,refinance,340829,300,759,low,approved,340829,mobile_app,true,891
app_20250127_00002892,2025-01-27 15:14:12,cust_3968253,ITMI,business_loan,28328,60,687,medium,approved,28328,mobile_app,false,855
app_20250127_00002893,2025-01-27 03:46:06,cust_8186264,PORP,personal_loan,40651,48,557,medium,rejected,0,partner,false,161
app_20250127_00002894,2025-01-27 14:08:44,cust_7247939,PORP,personal_loan,4855,24,694,medium,approved,4855,mobile_app,false,481
app_20250127_00002895,2025-01-27 08:11:39,cust_1344956,UKLO,refinance,205221,300,562,medium,approved,205221,partner,true,521
app_20250127_00002896,2025-01-27 22:22:44,cust_720728,UKLO,auto_loan,14674,48,532,medium,rejected,0,call_center,false,77
app_20250127_00002897,2025-01-27 11:55:07,cust_7309056,CZPR,cash_loan,31895,24,484,high,rejected,0,branch,true,135
app_20250127_00002898,2025-01-27 09:29:14,cust_7300911,BENL,education_loan,5426,60,764,low,approved,5426,branch,false,546
app_20250127_00002899,2025-01-27 11:44:48,cust_6988479,ATVI,mortgage,286972,360,671,medium,approved,286972,mobile_app,false,624
app_20250127_00002900,2025-01-27 16:57:19,cust_8864069,DEHE,credit_card,34501,48,568,medium,approved,34501,branch,false,122
app_20250127_00002901,2025-01-27 13:58:01,cust_3504207,SESV,business_loan,19299,24,735,low,approved,19299,call_center,true,815
app_20250127_00002902,2025-01-27 20:51:24,cust_2826537,ATVI,business_loan,26229,12,646,medium,approved,26229,atm,true,306
app_20250127_00002903,2025-01-27 00:08:42,cust_8797917,PORP,education_loan,34798,60,648,medium,approved,34798,online_banking,true,121
app_20250127_00002904,2025-01-27 06:19:49,cust_2306965,ESMA,personal_loan,12681,18,739,low,approved,12681,branch,false,834
app_20250127_00002905,2025-01-27 01:22:39,cust_7163084,NLAM,education_loan,21727,60,710,low,approved,21727,mobile,false,511
app_20250127_00002906,2025-01-27 17:06:14,cust_2552822,CHBE,credit_card,49740,24,553,medium,approved,49740,online_banking,false,238
app_20250127_00002907,2025-01-27 03:29:33,cust_7904545,CHBE,credit_card,27058,12,648,medium,rejected,0,mobile,false,70
app_20250127_00002908,2025-01-27 05:51:32,cust_7819627,BENL,credit_card,17181,36,517,medium,rejected,0,web,false,160
app_20250127_00002909,2025-01-27 04:57:51,cust_5093795,FRID,personal_loan,13941,36,586,medium,rejected,0,mobile,false,94
app_20250127_00002910,2025-01-27 12:51:52,cust_6700782,CHBE,refinance,479716,360,764,low,approved,479716,mobile,false,160
app_20250127_00002911,2025-01-27 13:10:54,cust_9044795,PLWA,auto_loan,15527,36,659,medium,rejected,0,atm,false,169
app_20250127_00002912,2025-01-27 21:13:51,cust_7857723,GRRE,cash_loan,21065,30,711,low,approved,21065,online_banking,false,585
app_20250127_00002913,2025-01-27 10:08:15,cust_5799301,GRRE,personal_loan,37306,12,669,medium,rejected,0,mobile_app,false,84
app_20250127_00002914,2025-01-27 11:06:20,cust_9393933,ITMI,credit_card,15580,30,700,low,approved,15580,atm,false,369
app_20250127_00002915,2025-01-27 12:52:22,cust_2319510,PORP,business_loan,16902,36,707,low,approved,16902,mobile_app,false,676
app_20250127_00002916,2025-01-27 20:09:27,cust_6927452,ESMA,mortgage,140530,240,543,medium,approved,140530,mobile,true,865
app_20250127_00002917,2025-01-27 20:59:53,cust_9607235,BENL,mortgage,219377,120,607,medium,approved,219377,partner,true,184
app_20250127_00002918,2025-01-27 23:47:15,cust_7167690,CZPR,education_loan,19633,12,751,low,approved,19633,call_center,false,401
app_20250127_00002919,2025-01-27 23:31:53,cust_7939300,ESMA,personal_loan,31368,24,580,medium,rejected,0,call_center,true,72
app_20250127_00002920,2025-01-27 05:10:19,cust_7685537,PORP,business_loan,9975,24,767,low,approved,9975,branch,false,701
app_20250127_00002921,2025-01-27 22:17:12,cust_4729141,ESMA,education_loan,10373,36,766,low,approved,10373,mobile_app,true,282
app_20250127_00002922,2025-01-27 17:05:39,cust_552455,CHBE,education_loan,8357,12,591,medium,approved,8357,atm,true,211
app_20250127_00002923,2025-01-27 08:06:05,cust_4021493,NLAM,education_loan,27662,60,762,low,approved,27662,mobile_app,true,190
app_20250127_00002924,2025-01-27 19:27:09,cust_1074119,DEHE,education_loan,7608,36,619,medium,approved,7608,atm,true,718
app_20250127_00002925,2025-01-27 08:56:13,cust_9343814,PLWA,personal_loan,31592,42,767,low,rejected,0,partner,false,84
app_20250127_00002926,2025-01-27 03:47:46,cust_9045943,SESV,credit_card,21963,30,597,medium,approved,21963,web,false,270
app_20250127_00002927,2025-01-27 19:38:37,cust_1988158,NLAM,cash_loan,12290,18,585,medium,rejected,0,branch,false,65
app_20250127_00002928,2025-01-27 16:22:23,cust_2316114,ITMI,mortgage,306233,180,508,medium,rejected,0,atm,false,121
app_20250127_00002929,2025-01-27 14:14:40,cust_775794,SESV,cash_loan,41255,18,850,low,approved,41255,branch,true,658
app_20250127_00002930,2025-01-27 14:44:24,cust_2373974,PLWA,education_loan,32401,36,619,medium,approved,32401,atm,true,454
app_20250127_00002931,2025-01-27 05:18:11,cust_6346841,GRRE,business_loan,6782,24,729,low,approved,6782,call_center,false,617
app_20250127_00002932,2025-01-27 08:43:24,cust_5960166,GRRE,personal_loan,38519,48,505,medium,rejected,0,web,false,130
app_20250127_00002933,2025-01-27 08:23:08,cust_4607456,ESMA,business_loan,26711,60,549,medium,rejected,0,branch,false,115
app_20250127_00002934,2025-01-27 21:36:08,cust_990206,GRRE,refinance,324631,120,433,high,rejected,0,atm,false,32
app_20250127_00002935,2025-01-27 10:00:54,cust_4251112,GRRE,refinance,285608,180,586,medium,approved,285608,mobile_app,false,881
app_20250127_00002936,2025-01-27 10:13:24,cust_3170375,BENL,mortgage,115011,300,458,high,rejected,0,call_center,true,11
app_20250127_00002937,2025-01-27 16:03:41,cust_8173881,GRRE,education_loan,20728,36,551,medium,approved,20728,atm,true,247
app_20250127_00002938,2025-01-27 06:07:39,cust_8117756,AUTR,refinance,426387,300,527,medium,approved,426387,web,true,525
app_20250127_00002939,2025-01-27 18:23:41,cust_8737663,ATVI,business_loan,14873,24,693,medium,approved,14873,web,false,750
app_20250127_00002940,2025-01-27 09:57:49,cust_7040592,DEHE,education_loan,8300,24,708,low,approved,8300,partner,true,219
app_20250127_00002941,2025-01-27 23:20:41,cust_6166321,ATVI,auto_loan,51060,48,455,high,rejected,0,partner,false,118
app_20250127_00002942,2025-01-27 09:58:40,cust_3765897,CHBE,mortgage,231397,360,551,medium,approved,231397,online_banking,true,719
app_20250127_00002943,2025-01-27 01:32:08,cust_6806811,ESMA,auto_loan,23442,36,621,medium,approved,23442,call_center,false,302
app_20250127_00002944,2025-01-27 00:30:56,cust_656992,GRRE,credit_card,48891,36,731,low,approved,48891,call_center,true,564
app_20250127_00002945,2025-01-27 04:20:39,cust_937517,UKLO,education_loan,15135,48,688,medium,approved,15135,partner,true,332
app_20250127_00002946,2025-01-27 03:31:28,cust_2628651,BENL,mortgage,366770,300,550,medium,rejected,0,atm,false,84
app_20250127_00002947,2025-01-27 19:45:38,cust_8832168,PORP,auto_loan,29533,24,678,medium,rejected,0,web,false,134
app_20250127_00002948,2025-01-27 20:58:13,cust_2697873,ITMI,credit_card,18227,12,647,medium,approved,18227,online_banking,false,89
app_20250127_00002949,2025-01-27 21:00:29,cust_3082569,ATVI,mortgage,332536,360,677,medium,approved,332536,branch,true,182
app_20250127_00002950,2025-01-27 15:09:22,cust_7615865,UKLO,education_loan,20961,36,527,medium,approved,20961,partner,true,794
app_20250127_00002951,2025-01-27 14:48:34,cust_5047107,DEHE,auto_loan,31304,24,667,medium,rejected,0,mobile,true,129
app_20250127_00002952,2025-01-27 22:24:10,cust_3869224,ESMA,cash_loan,31478,48,504,medium,rejected,0,web,false,68
app_20250127_00002953,2025-01-27 10:35:07,cust_8457368,AUTR,refinance,331218,120,563,medium,rejected,0,mobile_app,true,111
app_20250127_00002954,2025-01-27 10:54:53,cust_5404339,ITMI,refinance,483384,240,476,high,rejected,0,partner,false,130
app_20250127_00002955,2025-01-27 10:52:23,cust_1431073,ATVI,cash_loan,42876,18,512,medium,rejected,0,call_center,false,93
app_20250127_00002956,2025-01-27 08:25:06,cust_4480822,DEHE,credit_card,11961,36,670,medium,rejected,0,online_banking,true,109
app_20250127_00002957,2025-01-27 04:39:03,cust_4117144,AUTR,cash_loan,43831,36,398,high,rejected,0,mobile,true,161
app_20250127_00002958,2025-01-27 07:43:06,cust_9796188,SESV,cash_loan,15773,36,622,medium,approved,15773,web,false,142
app_20250127_00002959,2025-01-27 17:12:38,cust_5795854,UKLO,education_loan,14676,48,467,high,approved,14676,atm,false,775
app_20250127_00002960,2025-01-27 07:22:42,cust_7529536,ITMI,refinance,399724,360,761,low,approved,399724,online_banking,true,400
app_20250127_00002961,2025-01-27 20:34:29,cust_4240945,NLAM,personal_loan,2552,30,698,medium,approved,2552,web,true,266
app_20250127_00002962,2025-01-27 19:46:43,cust_1611871,FRID,auto_loan,35432,36,704,low,approved,35432,web,false,429
app_20250127_00002963,2025-01-27 11:34:21,cust_8536695,SESV,business_loan,23526,48,582,medium,approved,23526,atm,true,135
app_20250127_00002964,2025-01-27 12:07:39,cust_580834,AUTR,personal_loan,27726,24,671,medium,approved,27726,online_banking,true,558
app_20250127_00002965,2025-01-27 21:24:56,cust_5190136,FRID,refinance,179827,120,557,medium,rejected,0,mobile,true,54
app_20250127_00002966,2025-01-27 15:38:35,cust_7053983,FRID,auto_loan,52594,60,661,medium,approved,52594,mobile,true,807
app_20250127_00002967,2025-01-27 23:39:55,cust_2548646,ITMI,auto_loan,49517,60,650,medium,approved,49517,web,false,149
app_20250127_00002968,2025-01-27 01:27:06,cust_454891,NLAM,credit_card,20185,48,660,medium,rejected,0,online_banking,true,90
app_20250127_00002969,2025-01-27 01:07:24,cust_4472849,FRID,business_loan,17186,12,668,medium,approved,17186,branch,false,617
app_20250127_00002970,2025-01-27 13:22:14,cust_6932514,NLAM,auto_loan,18747,72,714,low,approved,18747,mobile,false,249
app_20250127_00002971,2025-01-27 17:10:43,cust_6790909,UKLO,refinance,396600,120,706,low,approved,396600,branch,false,237
app_20250127_00002972,2025-01-27 12:12:29,cust_173629,BENL,business_loan,29855,36,753,low,approved,29855,call_center,false,707
app_20250127_00002973,2025-01-27 03:39:55,cust_7989433,ESMA,mortgage,380528,360,790,low,approved,380528,branch,false,720
app_20250127_00002974,2025-01-27 18:22:09,cust_243637,PLWA,credit_card,5748,18,637,medium,rejected,0,mobile_app,true,148
app_20250127_00002975,2025-01-27 21:56:00,cust_685847,GRRE,education_loan,25976,60,630,medium,rejected,0,branch,true,130
app_20250127_00002976,2025-01-27 08:28:21,cust_4309567,PORP,refinance,407355,300,564,medium,rejected,0,mobile_app,true,10
app_20250127_00002977,2025-01-27 05:04:57,cust_2813717,DEHE,business_loan,28148,12,608,medium,approved,28148,online_banking,true,755
app_20250127_00002978,2025-01-27 07:51:06,cust_4211252,DEHE,mortgage,473347,120,663,medium,rejected,0,mobile_app,false,169
app_20250127_00002979,2025-01-27 06:39:48,cust_6996470,GRRE,business_loan,10846,48,691,medium,rejected,0,branch,true,71
app_20250127_00002980,2025-01-27 21:11:28,cust_5008976,PLWA,education_loan,17583,36,599,medium,approved,17583,partner,false,341
app_20250127_00002981,2025-01-27 07:17:11,cust_8936485,DEHE,credit_card,31465,24,581,medium,approved,31465,online_banking,true,50
app_20250127_00002982,2025-01-27 23:40:29,cust_4798689,CZPR,business_loan,9125,12,682,medium,approved,9125,web,true,777
app_20250127_00002983,2025-01-27 11:37:36,cust_5180002,CHBE,refinance,318195,120,765,low,approved,318195,partner,false,874
app_20250127_00002984,2025-01-27 05:24:15,cust_8945201,GRRE,refinance,65496,300,717,low,approved,65496,partner,false,524
app_20250127_00002985,2025-01-27 06:34:33,cust_4914518,NLAM,education_loan,2416,12,849,low,rejected,0,call_center,false,172
app_20250127_00002986,2025-01-27 06:43:23,cust_5332883,DEHE,mortgage,143844,360,662,medium,rejected,0,mobile_app,true,72
app_20250127_00002987,2025-01-27 01:29:55,cust_138909,PLWA,credit_card,23088,24,607,medium,rejected,0,mobile_app,true,131
app_20250127_00002988,2025-01-27 17:00:07,cust_478200,PORP,education_loan,35007,12,605,medium,rejected,0,partner,false,74
app_20250127_00002989,2025-01-27 08:45:19,cust_9603962,CHBE,refinance,495214,120,407,high,rejected,0,call_center,false,88
app_20250127_00002990,2025-01-27 15:08:40,cust_7177771,BENL,business_loan,33099,48,504,medium,rejected,0,mobile_app,true,115
app_20250127_00002991,2025-01-27 04:08:29,cust_8008263,PLWA,refinance,249476,120,770,low,approved,249476,atm,true,615
app_20250127_00002992,2025-01-27 13:52:43,cust_8888423,FRID,personal_loan,45195,18,540,medium,rejected,0,web,false,64
app_20250127_00002993,2025-01-27 20:39:56,cust_8028871,UKLO,refinance,318313,180,682,medium,approved,318313,partner,true,409
app_20250127_00002994,2025-01-27 18:30:05,cust_5157045,UKLO,mortgage,373296,300,741,low,approved,373296,online_banking,true,494
app_20250127_00002995,2025-01-27 21:23:48,cust_6549058,ITMI,auto_loan,57798,60,850,low,approved,57798,atm,false,110
app_20250127_00002996,2025-01-27 22:29:47,cust_4249630,PORP,credit_card,26903,18,668,medium,approved,26903,partner,false,148
app_20250127_00002997,2025-01-27 15:07:13,cust_521179,NLAM,auto_loan,7455,48,596,medium,approved,7455,online_banking,false,698
app_20250127_00002998,2025-01-27 12:32:50,cust_6080477,PORP,auto_loan,29534,48,735,low,approved,29534,mobile_app,true,675
app_20250127_00002999,2025-01-27 14:56:23,cust_8365899,ATVI,cash_loan,43414,12,745,low,approved,43414,mobile_app,true,343
app_20250127_00003000,2025-01-27 09:05:47,cust_9728369,ATVI,credit_card,8582,48,693,medium,approved,8582,branch,false,630
app_20250127_00003001,2025-01-27 02:18:31,cust_7096886,ITMI,business_loan,33615,60,490,high,rejected,0,partner,true,26
app_20250127_00003002,2025-01-27 17:45:35,cust_5065333,FRID,auto_loan,46529,60,682,medium,approved,46529,web,false,532
app_20250127_00003003,2025-01-27 03:45:58,cust_522759,PORP,mortgage,454772,360,677,medium,rejected,0,partner,false,51
app_20250127_00003004,2025-01-27 13:54:51,cust_4132630,AUTR,auto_loan,19914,24,719,low,approved,19914,mobile_app,true,666
app_20250127_00003005,2025-01-27 18:19:12,cust_8862122,AUTR,auto_loan,24632,24,542,medium,rejected,0,partner,true,141
app_20250127_00003006,2025-01-27 04:34:07,cust_7852522,NLAM,business_loan,17708,24,770,low,approved,17708,atm,true,798
app_20250127_00003007,2025-01-27 07:52:08,cust_2980285,SESV,cash_loan,6468,36,607,medium,approved,6468,atm,true,162
app_20250127_00003008,2025-01-27 16:42:19,cust_4899493,SESV,business_loan,17268,24,754,low,rejected,0,online_banking,true,117
app_20250127_00003009,2025-01-27 13:33:33,cust_4778977,ATVI,business_loan,35298,36,743,low,approved,35298,mobile_app,false,715
app_20250127_00003010,2025-01-27 23:26:31,cust_7323265,CHBE,credit_card,38907,30,620,medium,rejected,0,online_banking,false,122
app_20250127_00003011,2025-01-27 22:53:19,cust_6327695,ITMI,mortgage,308078,120,788,low,approved,308078,atm,false,357
app_20250127_00003012,2025-01-27 16:02:45,cust_7263607,SESV,credit_card,6791,18,586,medium,approved,6791,partner,true,400
app_20250127_00003013,2025-01-27 09:18:37,cust_3215403,SESV,auto_loan,24057,24,722,low,approved,24057,branch,false,376
app_20250127_00003014,2025-01-27 19:26:31,cust_3313370,DEHE,education_loan,20632,24,579,medium,rejected,0,mobile_app,false,53
app_20250127_00003015,2025-01-27 19:45:53,cust_1216306,ESMA,mortgage,414528,300,826,low,approved,414528,atm,false,457
app_20250127_00003016,2025-01-27 10:55:04,cust_2556742,AUTR,cash_loan,29889,24,638,medium,approved,29889,atm,false,530
app_20250127_00003017,2025-01-27 07:35:16,cust_9474369,ATVI,credit_card,5894,12,764,low,rejected,0,call_center,true,127
app_20250127_00003018,2025-01-27 17:51:03,cust_5438291,GRRE,personal_loan,41592,24,756,low,approved,41592,mobile,false,33
app_20250127_00003019,2025-01-27 07:06:47,cust_3018652,NLAM,credit_card,27827,48,819,low,approved,27827,partner,false,221
app_20250127_00003020,2025-01-27 07:49:42,cust_3423689,ESMA,cash_loan,36608,48,794,low,approved,36608,mobile,false,647
app_20250127_00003021,2025-01-27 04:16:07,cust_7971241,DEHE,refinance,118411,360,658,medium,approved,118411,mobile_app,false,580
app_20250127_00003022,2025-01-27 14:50:01,cust_2708572,NLAM,auto_loan,13313,24,550,medium,rejected,0,mobile,true,110
app_20250127_00003023,2025-01-27 02:12:18,cust_5906017,PLWA,business_loan,3044,60,733,low,approved,3044,atm,false,480
app_20250127_00003024,2025-01-27 10:44:07,cust_8459912,FRID,personal_loan,9564,12,619,medium,approved,9564,call_center,true,661
app_20250127_00003025,2025-01-27 14:34:20,cust_2026855,CHBE,credit_card,24926,24,621,medium,rejected,0,mobile,true,108
app_20250127_00003026,2025-01-27 17:37:39,cust_7322000,SESV,personal_loan,25437,30,579,medium,rejected,0,partner,true,116
app_20250127_00003027,2025-01-27 07:25:41,cust_546133,BENL,cash_loan,34517,30,562,medium,rejected,0,mobile_app,true,55
app_20250127_00003028,2025-01-27 17:56:31,cust_7195853,AUTR,education_loan,23117,36,714,low,approved,23117,partner,true,441
app_20250127_00003029,2025-01-27 14:08:49,cust_1143774,CHBE,cash_loan,15978,48,589,medium,rejected,0,mobile_app,true,58
app_20250127_00003030,2025-01-27 18:53:04,cust_7883352,NLAM,personal_loan,30069,48,751,low,approved,30069,mobile,true,632
app_20250127_00003031,2025-01-27 13:47:28,cust_9455579,ATVI,auto_loan,23487,36,590,medium,approved,23487,mobile,true,833
app_20250127_00003032,2025-01-27 13:33:28,cust_3400751,UKLO,cash_loan,9423,12,721,low,approved,9423,partner,true,515
app_20250127_00003033,2025-01-27 00:00:23,cust_8121169,DEHE,personal_loan,44278,12,713,low,approved,44278,atm,false,401
app_20250127_00003034,2025-01-27 14:28:00,cust_1619533,ATVI,personal_loan,45216,18,646,medium,rejected,0,branch,true,147
app_20250127_00003035,2025-01-27 01:43:40,cust_7266967,BENL,mortgage,67293,120,717,low,approved,67293,partner,true,306
app_20250127_00003036,2025-01-27 17:21:10,cust_9389477,SESV,education_loan,15682,60,610,medium,approved,15682,online_banking,true,767
app_20250127_00003037,2025-01-27 18:16:53,cust_2000201,CZPR,refinance,399242,360,578,medium,approved,399242,mobile,false,684
app_20250127_00003038,2025-01-27 02:13:30,cust_9153626,CHBE,personal_loan,26844,36,640,medium,approved,26844,call_center,false,191
app_20250127_00003039,2025-01-27 11:33:45,cust_1369597,FRID,refinance,71925,240,513,medium,approved,71925,mobile,false,407
app_20250127_00003040,2025-01-27 23:19:47,cust_1611447,ITMI,credit_card,29209,24,544,medium,approved,29209,call_center,true,371
app_20250127_00003041,2025-01-27 20:16:52,cust_4884018,ATVI,education_loan,5420,24,713,low,approved,5420,branch,true,681
app_20250127_00003042,2025-01-27 02:14:15,cust_1209285,ITMI,personal_loan,8602,18,668,medium,approved,8602,online_banking,true,708
app_20250127_00003043,2025-01-27 16:52:27,cust_8889686,ATVI,education_loan,19876,24,591,medium,rejected,0,branch,false,45
app_20250127_00003044,2025-01-27 18:24:11,cust_7049069,FRID,personal_loan,19662,30,768,low,approved,19662,online_banking,true,520
app_20250127_00003045,2025-01-27 08:27:23,cust_8938263,UKLO,business_loan,3497,24,535,medium,approved,3497,mobile,true,858
app_20250127_00003046,2025-01-27 07:14:24,cust_894020,PORP,cash_loan,29653,48,714,low,approved,29653,mobile_app,false,549
app_20250127_00003047,2025-01-27 10:56:06,cust_3775009,CZPR,business_loan,26175,48,705,low,approved,26175,web,false,693
app_20250127_00003048,2025-01-27 07:11:35,cust_3004852,ATVI,mortgage,247099,240,702,low,rejected,0,branch,false,154
app_20250127_00003049,2025-01-27 22:26:48,cust_2597874,PORP,refinance,85827,120,690,medium,rejected,0,partner,true,119
app_20250127_00003050,2025-01-27 18:00:32,cust_6080445,UKLO,auto_loan,16142,48,662,medium,approved,16142,online_banking,true,591
app_20250127_00003051,2025-01-27 00:11:52,cust_964155,CHBE,refinance,279731,180,348,high,rejected,0,branch,false,122
app_20250127_00003052,2025-01-27 02:35:16,cust_9844611,CHBE,business_loan,13417,48,799,low,approved,13417,web,true,64
app_20250127_00003053,2025-01-27 01:10:00,cust_4708891,PLWA,business_loan,31320,60,711,low,approved,31320,call_center,false,672
app_20250127_00003054,2025-01-27 06:07:06,cust_5226180,FRID,auto_loan,19486,60,632,medium,approved,19486,partner,false,534
app_20250127_00003055,2025-01-27 17:09:45,cust_801179,BENL,mortgage,56854,240,692,medium,approved,56854,mobile_app,false,396
app_20250127_00003056,2025-01-27 12:44:58,cust_4323873,NLAM,refinance,354334,240,569,medium,approved,354334,mobile,true,144
app_20250127_00003057,2025-01-27 04:35:09,cust_8522064,BENL,mortgage,165027,120,841,low,approved,165027,web,false,674
app_20250127_00003058,2025-01-27 17:18:06,cust_8814255,CZPR,personal_loan,45580,36,453,high,approved,45580,atm,false,374
app_20250127_00003059,2025-01-27 20:43:42,cust_3270689,NLAM,education_loan,39733,36,464,high,approved,39733,web,false,728
app_20250127_00003060,2025-01-27 09:38:11,cust_532456,NLAM,education_loan,3753,60,799,low,approved,3753,web,false,285
app_20250127_00003061,2025-01-27 05:10:13,cust_3964689,SESV,auto_loan,30781,36,712,low,approved,30781,mobile,true,837
app_20250127_00003062,2025-01-27 08:28:30,cust_2230078,PLWA,personal_loan,13581,24,681,medium,approved,13581,call_center,true,184
app_20250127_00003063,2025-01-27 03:47:35,cust_9373434,UKLO,cash_loan,18371,36,611,medium,rejected,0,atm,false,23
app_20250127_00003064,2025-01-27 05:00:32,cust_987653,DEHE,credit_card,21979,12,732,low,approved,21979,web,true,376
app_20250127_00003065,2025-01-27 12:14:05,cust_4715634,SESV,mortgage,149892,300,638,medium,rejected,0,partner,false,21
app_20250127_00003066,2025-01-27 03:39:13,cust_9700650,FRID,cash_loan,32481,12,530,medium,approved,32481,web,false,749
app_20250127_00003067,2025-01-27 22:39:31,cust_7597324,NLAM,personal_loan,15769,48,703,low,approved,15769,call_center,false,574
app_20250127_00003068,2025-01-27 09:05:26,cust_6162202,FRID,personal_loan,20965,42,499,high,rejected,0,atm,false,102
app_20250127_00003069,2025-01-27 04:18:20,cust_470433,CHBE,auto_loan,38359,36,653,medium,rejected,0,mobile_app,false,67
app_20250127_00003070,2025-01-27 01:35:49,cust_1536349,PLWA,personal_loan,20956,24,520,medium,approved,20956,web,true,741
app_20250127_00003071,2025-01-27 11:56:34,cust_6638716,ESMA,credit_card,27183,36,694,medium,approved,27183,branch,true,623
app_20250127_00003072,2025-01-27 17:14:25,cust_8103757,DEHE,mortgage,124351,180,655,medium,approved,124351,web,false,430
app_20250127_00003073,2025-01-27 09:25:31,cust_466947,DEHE,refinance,314846,240,722,low,approved,314846,atm,false,376
app_20250127_00003074,2025-01-27 20:36:12,cust_6911898,GRRE,personal_loan,3212,12,553,medium,rejected,0,mobile_app,false,102
app_20250127_00003075,2025-01-27 06:36:35,cust_1006988,PORP,business_loan,14812,24,604,medium,approved,14812,web,true,95
app_20250127_00003076,2025-01-27 21:52:37,cust_5646959,ATVI,business_loan,25613,12,656,medium,approved,25613,mobile_app,true,879
app_20250127_00003077,2025-01-27 12:08:15,cust_3985682,PLWA,education_loan,2537,48,643,medium,rejected,0,atm,false,34
app_20250127_00003078,2025-01-27 02:41:09,cust_3360608,NLAM,mortgage,424786,120,603,medium,approved,424786,online_banking,false,371
app_20250127_00003079,2025-01-27 23:42:22,cust_8462070,GRRE,personal_loan,6889,12,724,low,approved,6889,partner,false,255
app_20250127_00003080,2025-01-27 13:39:36,cust_5064756,UKLO,credit_card,26561,18,481,high,rejected,0,online_banking,false,88
app_20250127_00003081,2025-01-27 08:25:27,cust_2697562,UKLO,personal_loan,4199,24,850,low,approved,4199,mobile_app,true,543
app_20250127_00003082,2025-01-27 04:11:21,cust_4091770,PORP,refinance,393922,360,687,medium,rejected,0,partner,true,20
app_20250127_00003083,2025-01-27 02:05:43,cust_9964738,ESMA,mortgage,224749,180,850,low,approved,224749,web,false,205
app_20250127_00003084,2025-01-27 07:03:55,cust_6702312,ESMA,business_loan,15351,24,587,medium,rejected,0,partner,true,157
app_20250127_00003085,2025-01-27 07:10:57,cust_5396386,UKLO,education_loan,4344,60,780,low,approved,4344,atm,false,724
app_20250127_00003086,2025-01-27 20:10:33,cust_5817469,NLAM,business_loan,19566,48,678,medium,approved,19566,atm,true,795
app_20250127_00003087,2025-01-27 16:04:32,cust_8099348,DEHE,credit_card,19114,24,789,low,approved,19114,online_banking,false,577
app_20250127_00003088,2025-01-27 22:04:34,cust_8992585,ITMI,refinance,275526,120,574,medium,rejected,0,branch,false,141
app_20250127_00003089,2025-01-27 08:17:38,cust_7287755,FRID,refinance,317597,120,731,low,rejected,0,online_banking,true,132
app_20250127_00003090,2025-01-27 17:32:33,cust_969749,BENL,refinance,352832,120,621,medium,approved,352832,mobile_app,true,592
app_20250127_00003091,2025-01-27 20:55:00,cust_3265434,GRRE,auto_loan,36804,60,714,low,approved,36804,partner,true,864
app_20250127_00003092,2025-01-27 15:08:11,cust_6963536,ATVI,cash_loan,33244,18,622,medium,approved,33244,partner,true,642
app_20250127_00003093,2025-01-27 20:33:32,cust_7054969,ESMA,refinance,152099,120,593,medium,approved,152099,partner,true,162
app_20250127_00003094,2025-01-27 14:46:58,cust_9435016,CHBE,credit_card,17819,18,474,high,rejected,0,mobile,false,19
app_20250127_00003095,2025-01-27 19:05:06,cust_758973,NLAM,credit_card,31881,24,712,low,approved,31881,atm,true,126
app_20250127_00003096,2025-01-27 06:25:17,cust_4472269,DEHE,refinance,353640,300,729,low,approved,353640,mobile,true,73
app_20250127_00003097,2025-01-27 10:57:17,cust_4462346,NLAM,refinance,282190,180,521,medium,approved,282190,mobile_app,true,395
app_20250127_00003098,2025-01-27 23:52:40,cust_7357603,FRID,mortgage,380795,180,312,high,rejected,0,mobile_app,true,176
app_20250127_00003099,2025-01-27 17:19:28,cust_8807160,AUTR,cash_loan,48662,30,737,low,approved,48662,call_center,false,352
app_20250127_00003100,2025-01-27 04:49:25,cust_5927880,PORP,education_loan,12582,36,472,high,rejected,0,web,false,109
app_20250127_00003101,2025-01-27 05:30:32,cust_1134126,GRRE,education_loan,8422,48,674,medium,approved,8422,atm,false,711
app_20250127_00003102,2025-01-27 19:38:19,cust_9023426,BENL,auto_loan,11339,72,570,medium,rejected,0,mobile,false,48
app_20250127_00003103,2025-01-27 12:23:01,cust_540224,ITMI,auto_loan,6375,24,677,medium,rejected,0,online_banking,true,83
app_20250127_00003104,2025-01-27 14:44:43,cust_5325725,PLWA,refinance,252724,240,769,low,approved,252724,online_banking,true,868
app_20250127_00003105,2025-01-27 11:16:41,cust_9587938,CZPR,refinance,299608,120,669,medium,rejected,0,web,true,180
app_20250127_00003106,2025-01-27 13:56:06,cust_5854449,BENL,business_loan,2936,60,581,medium,approved,2936,mobile,true,474
app_20250127_00003107,2025-01-27 19:10:03,cust_1643158,SESV,auto_loan,17968,60,724,low,approved,17968,partner,true,521
app_20250127_00003108,2025-01-27 02:15:43,cust_7408416,AUTR,mortgage,440777,120,493,high,rejected,0,online_banking,false,51
app_20250127_00003109,2025-01-27 22:19:14,cust_7822414,PLWA,cash_loan,44798,48,593,medium,approved,44798,mobile,true,700
app_20250127_00003110,2025-01-27 06:11:42,cust_1705984,UKLO,education_loan,35161,60,611,medium,approved,35161,web,true,733
app_20250127_00003111,2025-01-27 12:31:54,cust_1266132,NLAM,cash_loan,6974,36,689,medium,approved,6974,atm,true,817
app_20250127_00003112,2025-01-27 15:15:56,cust_2840838,PLWA,refinance,353093,360,562,medium,rejected,0,call_center,false,60
app_20250127_00003113,2025-01-27 11:53:23,cust_3526104,UKLO,auto_loan,21610,60,743,low,approved,21610,branch,true,582
app_20250127_00003114,2025-01-27 03:24:08,cust_309787,ATVI,cash_loan,24057,12,564,medium,rejected,0,mobile,true,76
app_20250127_00003115,2025-01-27 17:06:56,cust_6090488,PORP,education_loan,6281,24,619,medium,approved,6281,mobile_app,true,499
app_20250127_00003116,2025-01-27 03:52:34,cust_1032487,BENL,auto_loan,54040,72,709,low,approved,54040,mobile,true,453
app_20250127_00003117,2025-01-27 17:46:50,cust_7352296,AUTR,business_loan,3113,36,833,low,rejected,0,call_center,false,37
app_20250127_00003118,2025-01-27 13:20:49,cust_3375145,GRRE,personal_loan,29009,18,645,medium,rejected,0,call_center,false,33
app_20250127_00003119,2025-01-27 17:32:19,cust_486644,BENL,credit_card,12128,24,593,medium,approved,12128,partner,false,334
app_20250127_00003120,2025-01-27 06:43:48,cust_8763454,DEHE,mortgage,136190,360,568,medium,rejected,0,partner,true,17
app_20250127_00003121,2025-01-27 18:16:56,cust_7584098,DEHE,cash_loan,5632,36,523,medium,rejected,0,online_banking,false,42
app_20250127_00003122,2025-01-27 15:10:57,cust_8502210,GRRE,personal_loan,30056,12,717,low,approved,30056,branch,false,876
app_20250127_00003123,2025-01-27 05:37:00,cust_3258589,UKLO,refinance,386762,300,641,medium,approved,386762,online_banking,false,233
app_20250127_00003124,2025-01-27 19:14:54,cust_657025,ESMA,education_loan,13872,12,573,medium,approved,13872,partner,true,772
app_20250127_00003125,2025-01-27 21:47:20,cust_4867390,CHBE,mortgage,182040,180,626,medium,approved,182040,mobile,true,514
app_20250127_00003126,2025-01-27 09:04:25,cust_9337339,FRID,personal_loan,3356,30,562,medium,rejected,0,branch,true,68
app_20250127_00003127,2025-01-27 16:15:35,cust_5229001,CZPR,credit_card,2008,30,727,low,approved,2008,mobile,false,649
app_20250127_00003128,2025-01-27 02:34:00,cust_625241,BENL,business_loan,32964,24,508,medium,approved,32964,partner,false,437
app_20250127_00003129,2025-01-27 16:00:23,cust_8548717,ITMI,personal_loan,22799,18,759,low,rejected,0,mobile,true,152
app_20250127_00003130,2025-01-27 12:34:39,cust_7399697,ATVI,auto_loan,52333,36,670,medium,approved,52333,partner,false,423
app_20250127_00003131,2025-01-27 16:36:01,cust_5071653,GRRE,education_loan,18279,48,619,medium,approved,18279,partner,true,268
app_20250127_00003132,2025-01-27 13:50:09,cust_4959562,CHBE,mortgage,107994,240,850,low,approved,107994,branch,true,292
app_20250127_00003133,2025-01-27 17:50:56,cust_1570756,CHBE,cash_loan,10961,48,810,low,approved,10961,partner,true,816
app_20250127_00003134,2025-01-27 22:54:55,cust_3632855,SESV,business_loan,9141,60,678,medium,rejected,0,mobile,true,76
app_20250127_00003135,2025-01-27 12:48:57,cust_8650028,DEHE,education_loan,8166,24,808,low,approved,8166,partner,true,594
app_20250127_00003136,2025-01-27 10:07:39,cust_8933524,CHBE,education_loan,32377,60,733,low,approved,32377,partner,false,765
app_20250127_00003137,2025-01-27 22:19:47,cust_5627058,SESV,auto_loan,48466,36,625,medium,approved,48466,atm,true,888
app_20250127_00003138,2025-01-27 02:23:10,cust_9929154,SESV,education_loan,17224,36,624,medium,approved,17224,atm,false,504
app_20250127_00003139,2025-01-27 13:24:01,cust_8231352,SESV,credit_card,7171,24,669,medium,rejected,0,mobile_app,false,117
app_20250127_00003140,2025-01-27 06:22:43,cust_5734114,DEHE,personal_loan,8835,12,656,medium,approved,8835,online_banking,false,693
app_20250127_00003141,2025-01-27 11:31:45,cust_2788961,NLAM,refinance,237981,360,525,medium,rejected,0,atm,false,102
app_20250127_00003142,2025-01-27 13:48:07,cust_7449832,BENL,mortgage,219537,360,542,medium,rejected,0,web,true,132
app_20250127_00003143,2025-01-27 04:46:53,cust_1138967,GRRE,credit_card,36193,48,673,medium,approved,36193,online_banking,true,264
app_20250127_00003144,2025-01-27 08:30:55,cust_4152363,NLAM,personal_loan,31621,36,700,low,approved,31621,mobile,true,114
app_20250127_00003145,2025-01-27 21:34:41,cust_6250164,CHBE,education_loan,21303,60,638,medium,approved,21303,call_center,false,885
app_20250127_00003146,2025-01-27 20:22:34,cust_1406933,PORP,credit_card,3331,36,760,low,approved,3331,partner,false,242
app_20250127_00003147,2025-01-27 07:30:50,cust_8855364,PORP,mortgage,197812,300,850,low,approved,197812,mobile_app,true,844
app_20250127_00003148,2025-01-27 15:56:59,cust_5939585,GRRE,personal_loan,10423,30,634,medium,approved,10423,branch,false,212
app_20250127_00003149,2025-01-27 07:37:50,cust_2598529,PORP,education_loan,14293,60,707,low,approved,14293,call_center,false,597
app_20250127_00003150,2025-01-27 20:25:35,cust_9148498,AUTR,personal_loan,42082,36,784,low,approved,42082,atm,true,116
app_20250127_00003151,2025-01-27 05:24:08,cust_4385339,ATVI,cash_loan,27894,42,632,medium,rejected,0,web,true,75
app_20250127_00003152,2025-01-27 12:49:02,cust_5902684,BENL,mortgage,51798,360,596,medium,rejected,0,atm,true,107
app_20250127_00003153,2025-01-27 03:59:58,cust_2705171,PORP,cash_loan,36783,12,586,medium,rejected,0,partner,false,114
app_20250127_00003154,2025-01-27 04:58:26,cust_4314090,PORP,education_loan,23980,12,691,medium,approved,23980,mobile_app,false,312
app_20250127_00003155,2025-01-27 07:49:54,cust_1395708,ITMI,refinance,271082,300,623,medium,approved,271082,partner,false,108
app_20250127_00003156,2025-01-27 07:50:18,cust_3561294,ESMA,personal_loan,33883,42,575,medium,approved,33883,call_center,false,522
app_20250127_00003157,2025-01-27 18:22:36,cust_1840204,GRRE,credit_card,18935,30,546,medium,rejected,0,online_banking,false,118
app_20250127_00003158,2025-01-27 16:18:56,cust_4693246,NLAM,education_loan,29731,48,458,high,approved,29731,partner,false,831
app_20250127_00003159,2025-01-27 23:39:19,cust_2937378,GRRE,auto_loan,41639,36,544,medium,rejected,0,call_center,true,117
app_20250127_00003160,2025-01-27 10:30:11,cust_2691278,PORP,mortgage,419192,300,751,low,approved,419192,partner,false,360
app_20250127_00003161,2025-01-27 02:48:18,cust_2470154,FRID,education_loan,31151,48,782,low,approved,31151,call_center,true,646
app_20250127_00003162,2025-01-27 13:45:22,cust_7128879,GRRE,personal_loan,9000,30,661,medium,approved,9000,partner,false,858
app_20250127_00003163,2025-01-27 15:40:54,cust_338818,BENL,credit_card,32226,48,732,low,approved,32226,web,false,782
app_20250127_00003164,2025-01-27 09:10:15,cust_8474200,FRID,education_loan,27363,12,660,medium,rejected,0,web,true,160
app_20250127_00003165,2025-01-27 00:17:35,cust_4012430,SESV,refinance,235991,180,606,medium,approved,235991,mobile_app,false,503
app_20250127_00003166,2025-01-27 13:58:09,cust_1550322,PLWA,business_loan,19062,12,730,low,approved,19062,call_center,false,452
app_20250127_00003167,2025-01-27 15:29:31,cust_9297781,GRRE,education_loan,16797,24,741,low,approved,16797,call_center,true,259
app_20250127_00003168,2025-01-27 16:56:47,cust_8362915,NLAM,personal_loan,41788,48,559,medium,approved,41788,online_banking,true,412
app_20250127_00003169,2025-01-27 03:06:53,cust_7768765,GRRE,mortgage,451490,360,642,medium,approved,451490,partner,false,670
app_20250127_00003170,2025-01-27 15:57:45,cust_603594,CZPR,education_loan,15908,48,503,medium,rejected,0,partner,true,6
app_20250127_00003171,2025-01-27 13:31:31,cust_4223490,NLAM,education_loan,32473,36,703,low,approved,32473,web,false,493
app_20250127_00003172,2025-01-27 12:09:26,cust_6368789,SESV,mortgage,114227,240,716,low,approved,114227,mobile_app,false,551
app_20250127_00003173,2025-01-27 08:28:50,cust_252094,AUTR,education_loan,14646,36,704,low,approved,14646,call_center,false,101
app_20250127_00003174,2025-01-27 15:59:26,cust_4926359,AUTR,auto_loan,36575,24,640,medium,approved,36575,atm,true,68
app_20250127_00003175,2025-01-27 07:58:24,cust_3801435,FRID,refinance,389412,240,567,medium,rejected,0,atm,true,118
app_20250127_00003176,2025-01-27 02:50:16,cust_4340834,ITMI,education_loan,22874,60,681,medium,approved,22874,online_banking,false,446
app_20250127_00003177,2025-01-27 07:36:51,cust_2964212,DEHE,cash_loan,35868,42,561,medium,approved,35868,partner,false,127
app_20250127_00003178,2025-01-27 09:08:07,cust_8386679,ATVI,auto_loan,43812,72,646,medium,approved,43812,mobile,true,678
app_20250127_00003179,2025-01-27 15:53:59,cust_1567273,UKLO,refinance,386550,300,440,high,approved,386550,branch,true,254
app_20250127_00003180,2025-01-27 07:45:01,cust_8993545,CHBE,personal_loan,42061,42,606,medium,approved,42061,call_center,false,171
app_20250127_00003181,2025-01-27 13:45:50,cust_367915,FRID,refinance,441570,180,747,low,approved,441570,mobile,true,458
app_20250127_00003182,2025-01-27 16:26:00,cust_6166110,ITMI,education_loan,30163,48,816,low,approved,30163,atm,false,265
app_20250127_00003183,2025-01-27 04:27:08,cust_2589642,SESV,refinance,101015,300,576,medium,approved,101015,call_center,false,692
app_20250127_00003184,2025-01-27 17:12:09,cust_1439592,PLWA,business_loan,16697,36,561,medium,rejected,0,partner,false,36
app_20250127_00003185,2025-01-27 23:24:14,cust_9465311,CHBE,auto_loan,54375,60,495,high,rejected,0,branch,false,6
app_20250127_00003186,2025-01-27 12:13:38,cust_3501656,BENL,refinance,295740,300,513,medium,rejected,0,atm,false,17
app_20250127_00003187,2025-01-27 14:45:54,cust_7738091,FRID,business_loan,6908,24,750,low,approved,6908,call_center,false,605
app_20250127_00003188,2025-01-27 06:08:32,cust_4853263,PLWA,business_loan,2594,48,720,low,rejected,0,partner,false,62
app_20250127_00003189,2025-01-27 03:20:46,cust_6065690,ATVI,refinance,122109,120,642,medium,rejected,0,mobile_app,true,173
app_20250127_00003190,2025-01-27 02:27:56,cust_2484106,ESMA,credit_card,26048,42,592,medium,rejected,0,online_banking,false,81
app_20250127_00003191,2025-01-27 14:39:10,cust_7259349,PLWA,mortgage,338558,120,554,medium,rejected,0,mobile_app,false,99
app_20250127_00003192,2025-01-27 22:00:10,cust_2038477,PORP,credit_card,7593,42,614,medium,approved,7593,mobile,false,224
app_20250127_00003193,2025-01-27 08:19:12,cust_318712,PLWA,education_loan,14618,12,850,low,approved,14618,partner,true,676
app_20250127_00003194,2025-01-27 20:10:42,cust_8889455,ESMA,auto_loan,58694,60,496,high,rejected,0,mobile_app,true,28
app_20250127_00003195,2025-01-27 21:13:39,cust_3464013,SESV,education_loan,36640,12,625,medium,rejected,0,mobile,true,97
app_20250127_00003196,2025-01-27 20:54:45,cust_2740688,GRRE,cash_loan,28753,42,644,medium,approved,28753,mobile_app,true,457
app_20250127_00003197,2025-01-27 15:40:41,cust_1745569,PLWA,auto_loan,16297,24,542,medium,approved,16297,call_center,true,33
app_20250127_00003198,2025-01-27 12:45:16,cust_8152172,ITMI,personal_loan,47147,48,563,medium,approved,47147,atm,true,50
app_20250127_00003199,2025-01-27 15:52:55,cust_8401633,CZPR,mortgage,66195,300,814,low,approved,66195,web,true,676
app_20250127_00003200,2025-01-27 03:28:26,cust_3791684,GRRE,mortgage,158656,240,559,medium,rejected,0,branch,true,118
app_20250127_00003201,2025-01-27 05:11:07,cust_9102934,BENL,mortgage,478989,300,794,low,approved,478989,call_center,false,288
app_20250127_00003202,2025-01-27 14:42:56,cust_3100968,FRID,education_loan,17497,12,484,high,rejected,0,atm,false,145
app_20250127_00003203,2025-01-27 05:27:30,cust_3108168,AUTR,refinance,82293,120,651,medium,approved,82293,atm,false,767
app_20250127_00003204,2025-01-27 03:17:19,cust_7992382,UKLO,education_loan,2968,36,652,medium,rejected,0,branch,true,87
app_20250127_00003205,2025-01-27 13:32:18,cust_7937832,BENL,business_loan,21680,12,657,medium,approved,21680,branch,false,113
app_20250127_00003206,2025-01-27 22:12:15,cust_3507447,BENL,cash_loan,47239,36,850,low,approved,47239,mobile_app,true,780
app_20250127_00003207,2025-01-27 12:22:18,cust_326890,CHBE,business_loan,27515,24,585,medium,rejected,0,atm,false,115
app_20250127_00003208,2025-01-27 05:13:48,cust_1411948,PLWA,auto_loan,54134,60,705,low,approved,54134,partner,false,369
app_20250127_00003209,2025-01-27 02:08:52,cust_5766572,DEHE,auto_loan,54025,72,458,high,rejected,0,atm,true,63
app_20250127_00003210,2025-01-27 06:29:12,cust_9199561,ESMA,refinance,283361,240,709,low,approved,283361,web,false,623
app_20250127_00003211,2025-01-27 22:42:30,cust_8935870,ATVI,personal_loan,10307,30,655,medium,approved,10307,call_center,false,892
app_20250127_00003212,2025-01-27 13:22:12,cust_1268782,UKLO,credit_card,4378,18,693,medium,rejected,0,atm,true,31
app_20250127_00003213,2025-01-27 13:06:57,cust_5002084,BENL,cash_loan,13565,48,682,medium,rejected,0,atm,true,92
app_20250127_00003214,2025-01-27 15:54:40,cust_1461110,PLWA,cash_loan,43295,30,629,medium,approved,43295,branch,true,123
app_20250127_00003215,2025-01-27 10:07:37,cust_1131869,ESMA,personal_loan,11304,36,733,low,approved,11304,mobile,false,103
app_20250127_00003216,2025-01-27 11:19:10,cust_5763303,GRRE,credit_card,40518,30,630,medium,rejected,0,mobile,true,173
app_20250127_00003217,2025-01-27 14:24:33,cust_3469046,CZPR,personal_loan,24384,42,833,low,approved,24384,atm,false,635
app_20250127_00003218,2025-01-27 20:31:06,cust_1177897,PORP,business_loan,22254,24,621,medium,approved,22254,online_banking,false,34
app_20250127_00003219,2025-01-27 08:23:40,cust_639361,CZPR,refinance,87325,240,850,low,approved,87325,mobile_app,false,337
app_20250127_00003220,2025-01-27 19:03:34,cust_219510,AUTR,credit_card,45978,12,690,medium,rejected,0,atm,true,75
app_20250127_00003221,2025-01-27 08:51:00,cust_1589650,PLWA,auto_loan,49943,24,521,medium,approved,49943,online_banking,false,616
app_20250127_00003222,2025-01-27 17:20:40,cust_6057232,PORP,refinance,52047,300,642,medium,rejected,0,partner,true,135
app_20250127_00003223,2025-01-27 04:00:27,cust_2433357,UKLO,cash_loan,16516,18,686,medium,approved,16516,partner,true,626
app_20250127_00003224,2025-01-27 23:12:51,cust_3657277,BENL,credit_card,35434,48,722,low,approved,35434,branch,true,539
app_20250127_00003225,2025-01-27 13:51:14,cust_2624459,AUTR,auto_loan,35254,60,559,medium,rejected,0,call_center,true,120
app_20250127_00003226,2025-01-27 12:54:04,cust_4700553,GRRE,credit_card,43762,18,609,medium,approved,43762,online_banking,true,654
app_20250127_00003227,2025-01-27 21:25:13,cust_5641882,GRRE,business_loan,2324,48,592,medium,approved,2324,mobile_app,false,864
app_20250127_00003228,2025-01-27 13:05:26,cust_1224737,PLWA,cash_loan,30265,30,760,low,approved,30265,call_center,true,328
app_20250127_00003229,2025-01-27 13:35:38,cust_6026677,PORP,cash_loan,25667,24,819,low,approved,25667,mobile,true,532
app_20250127_00003230,2025-01-27 07:41:09,cust_5420638,UKLO,cash_loan,34626,48,563,medium,rejected,0,mobile,false,60
app_20250127_00003231,2025-01-27 09:12:46,cust_5805107,PORP,business_loan,22174,12,588,medium,approved,22174,mobile,false,176
app_20250127_00003232,2025-01-27 13:45:54,cust_2216251,PORP,credit_card,17397,24,850,low,approved,17397,mobile_app,false,772
app_20250127_00003233,2025-01-27 18:35:42,cust_8488916,ITMI,cash_loan,18081,18,460,high,rejected,0,branch,false,51
app_20250127_00003234,2025-01-27 10:22:32,cust_2038876,SESV,credit_card,24902,42,767,low,approved,24902,web,true,529
app_20250127_00003235,2025-01-27 02:18:40,cust_7105068,ATVI,personal_loan,24020,36,639,medium,approved,24020,online_banking,false,356
app_20250127_00003236,2025-01-27 18:05:08,cust_6322024,NLAM,auto_loan,7662,24,684,medium,rejected,0,partner,true,151
app_20250127_00003237,2025-01-27 10:13:44,cust_892132,AUTR,business_loan,19027,12,704,low,approved,19027,online_banking,false,585
app_20250127_00003238,2025-01-27 08:18:25,cust_2849214,CHBE,refinance,291078,180,827,low,approved,291078,branch,false,863
app_20250127_00003239,2025-01-27 01:36:28,cust_3929934,PORP,refinance,351893,120,623,medium,rejected,0,partner,true,103
app_20250127_00003240,2025-01-27 14:33:31,cust_4664235,PORP,education_loan,13897,60,803,low,approved,13897,web,true,238
app_20250127_00003241,2025-01-27 13:53:11,cust_668249,UKLO,mortgage,318895,300,636,medium,rejected,0,partner,true,72
app_20250127_00003242,2025-01-27 17:30:54,cust_2521243,PLWA,business_loan,6550,36,593,medium,rejected,0,partner,false,87
app_20250127_00003243,2025-01-27 15:16:53,cust_6497069,UKLO,business_loan,25235,48,560,medium,rejected,0,partner,true,88
app_20250127_00003244,2025-01-27 13:18:39,cust_2975026,AUTR,business_loan,12016,24,679,medium,approved,12016,mobile,false,889
app_20250127_00003245,2025-01-27 10:57:58,cust_9083649,CZPR,auto_loan,30158,72,553,medium,rejected,0,atm,false,129
app_20250127_00003246,2025-01-27 16:55:36,cust_1450612,CHBE,refinance,189873,300,684,medium,rejected,0,atm,true,76
app_20250127_00003247,2025-01-27 07:17:42,cust_4144950,BENL,education_loan,3433,12,762,low,approved,3433,online_banking,false,820
app_20250127_00003248,2025-01-27 00:17:39,cust_7990930,ATVI,cash_loan,26563,30,667,medium,rejected,0,mobile_app,false,135
app_20250127_00003249,2025-01-27 23:30:27,cust_2486489,BENL,personal_loan,26815,18,570,medium,rejected,0,atm,true,103
app_20250127_00003250,2025-01-27 19:07:12,cust_1469189,FRID,education_loan,18228,36,568,medium,approved,18228,web,false,524
app_20250127_00003251,2025-01-27 21:14:12,cust_1714386,FRID,mortgage,307574,300,618,medium,rejected,0,web,true,163
app_20250127_00003252,2025-01-27 02:15:33,cust_3336129,NLAM,business_loan,30668,48,779,low,approved,30668,mobile,false,776
app_20250127_00003253,2025-01-27 18:55:31,cust_9166983,NLAM,personal_loan,28241,12,496,high,rejected,0,partner,true,9
app_20250127_00003254,2025-01-27 13:49:21,cust_1666450,SESV,credit_card,40369,48,587,medium,rejected,0,call_center,true,63
app_20250127_00003255,2025-01-27 20:11:05,cust_2376791,NLAM,refinance,455034,360,565,medium,approved,455034,call_center,true,125
app_20250127_00003256,2025-01-27 15:33:06,cust_1251954,UKLO,cash_loan,11086,36,466,high,rejected,0,web,true,169
app_20250127_00003257,2025-01-27 19:25:59,cust_3201869,ITMI,mortgage,349755,240,533,medium,rejected,0,web,true,56
app_20250127_00003258,2025-01-27 12:24:57,cust_9242836,BENL,cash_loan,43583,12,691,medium,approved,43583,online_banking,true,578
app_20250127_00003259,2025-01-27 16:07:59,cust_3282701,ESMA,auto_loan,52619,36,641,medium,rejected,0,branch,true,52
app_20250127_00003260,2025-01-27 20:30:54,cust_2085832,FRID,auto_loan,34919,24,710,low,approved,34919,call_center,false,177
app_20250127_00003261,2025-01-27 12:31:59,cust_7448914,SESV,cash_loan,47226,48,711,low,approved,47226,online_banking,false,105
app_20250127_00003262,2025-01-27 07:12:37,cust_4313575,NLAM,credit_card,10855,18,556,medium,approved,10855,atm,false,70
app_20250127_00003263,2025-01-27 15:53:51,cust_5147245,AUTR,cash_loan,46450,12,668,medium,rejected,0,mobile,false,60
app_20250127_00003264,2025-01-27 17:23:52,cust_5899622,AUTR,cash_loan,34605,30,525,medium,rejected,0,mobile,true,112
app_20250127_00003265,2025-01-27 13:59:10,cust_9272885,ATVI,cash_loan,41293,48,533,medium,approved,41293,branch,false,382
app_20250127_00003266,2025-01-27 02:58:53,cust_9261038,ESMA,refinance,72300,300,636,medium,approved,72300,call_center,false,541
app_20250127_00003267,2025-01-27 08:49:06,cust_1149212,ESMA,business_loan,12758,12,754,low,approved,12758,mobile,false,241
app_20250127_00003268,2025-01-27 16:23:09,cust_5415750,ATVI,credit_card,18857,12,725,low,approved,18857,branch,true,276
app_20250127_00003269,2025-01-27 20:28:06,cust_3921845,CZPR,auto_loan,24804,48,596,medium,rejected,0,call_center,false,93
app_20250127_00003270,2025-01-27 03:16:33,cust_1973172,ESMA,credit_card,22060,36,533,medium,rejected,0,partner,false,171
app_20250127_00003271,2025-01-27 19:40:55,cust_156619,PLWA,auto_loan,15463,72,657,medium,approved,15463,web,true,546
app_20250127_00003272,2025-01-27 22:54:44,cust_9333305,FRID,personal_loan,45447,42,583,medium,approved,45447,online_banking,true,678
app_20250127_00003273,2025-01-27 22:49:41,cust_3666309,ESMA,personal_loan,42090,24,706,low,approved,42090,web,true,289
app_20250127_00003274,2025-01-27 18:41:42,cust_8747986,SESV,business_loan,14106,48,702,low,approved,14106,mobile,true,196
app_20250127_00003275,2025-01-27 19:51:23,cust_6550462,GRRE,education_loan,16572,12,719,low,rejected,0,atm,true,94
app_20250127_00003276,2025-01-27 13:15:41,cust_916891,CZPR,business_loan,14508,12,732,low,rejected,0,mobile,true,50
app_20250127_00003277,2025-01-27 08:11:23,cust_6865062,ESMA,mortgage,207577,300,578,medium,rejected,0,mobile,true,103
app_20250127_00003278,2025-01-27 15:10:54,cust_7522286,ATVI,education_loan,30802,36,687,medium,approved,30802,branch,false,76
app_20250127_00003279,2025-01-27 01:42:09,cust_7380831,GRRE,credit_card,23579,12,464,high,rejected,0,branch,true,78
app_20250127_00003280,2025-01-27 22:27:13,cust_6293161,DEHE,personal_loan,42310,48,507,medium,rejected,0,branch,false,50
app_20250127_00003281,2025-01-27 07:35:16,cust_3781643,ATVI,education_loan,39557,24,683,medium,approved,39557,mobile,false,80
app_20250127_00003282,2025-01-27 17:58:54,cust_8385433,ITMI,mortgage,378062,180,637,medium,approved,378062,web,false,880
app_20250127_00003283,2025-01-27 13:52:26,cust_7905775,CHBE,business_loan,38650,24,642,medium,approved,38650,online_banking,false,210
app_20250127_00003284,2025-01-27 17:03:49,cust_6543114,GRRE,mortgage,139866,300,651,medium,rejected,0,branch,true,9
app_20250127_00003285,2025-01-27 21:36:31,cust_7890292,PORP,education_loan,23725,12,705,low,approved,23725,call_center,false,362
app_20250127_00003286,2025-01-27 22:13:37,cust_6822415,CHBE,auto_loan,23240,60,687,medium,approved,23240,online_banking,true,382
app_20250127_00003287,2025-01-27 00:38:52,cust_6518962,ITMI,auto_loan,55482,36,668,medium,rejected,0,web,true,42
app_20250127_00003288,2025-01-27 16:53:41,cust_6165247,CHBE,credit_card,12847,30,833,low,approved,12847,partner,true,88
app_20250127_00003289,2025-01-27 16:47:16,cust_7959555,DEHE,mortgage,152113,240,581,medium,rejected,0,branch,true,173
app_20250127_00003290,2025-01-27 15:25:34,cust_9956638,CHBE,education_loan,32374,60,553,medium,rejected,0,online_banking,false,53
app_20250127_00003291,2025-01-27 20:22:17,cust_706277,ITMI,cash_loan,31493,30,738,low,rejected,0,mobile,false,103
app_20250127_00003292,2025-01-27 21:01:59,cust_5465016,UKLO,mortgage,265555,240,579,medium,rejected,0,online_banking,false,114
app_20250127_00003293,2025-01-27 13:54:30,cust_7179814,CHBE,refinance,405585,240,489,high,approved,405585,web,true,688
app_20250127_00003294,2025-01-27 15:11:28,cust_313092,ESMA,mortgage,81236,180,640,medium,rejected,0,web,false,131
app_20250127_00003295,2025-01-27 10:27:21,cust_5429429,PLWA,mortgage,398527,300,515,medium,rejected,0,call_center,true,36
app_20250127_00003296,2025-01-27 16:52:07,cust_2400985,UKLO,refinance,195433,120,523,medium,approved,195433,atm,false,370
app_20250127_00003297,2025-01-27 21:12:45,cust_4843467,PORP,auto_loan,20866,24,676,medium,approved,20866,atm,true,770
app_20250127_00003298,2025-01-27 16:10:43,cust_3129038,DEHE,cash_loan,45025,36,748,low,approved,45025,partner,true,409
app_20250127_00003299,2025-01-27 09:14:12,cust_9857427,PLWA,education_loan,11728,36,706,low,approved,11728,mobile,false,577
app_20250127_00003300,2025-01-27 17:13:16,cust_5096058,CHBE,cash_loan,49689,42,623,medium,rejected,0,mobile,true,178
app_20250127_00003301,2025-01-27 15:02:59,cust_6850518,ATVI,education_loan,33504,48,587,medium,rejected,0,call_center,false,107
app_20250127_00003302,2025-01-27 05:45:01,cust_246914,PORP,cash_loan,4008,30,730,low,approved,4008,branch,false,305
app_20250127_00003303,2025-01-27 10:21:39,cust_1950278,PLWA,auto_loan,8891,72,569,medium,approved,8891,mobile_app,false,201
app_20250127_00003304,2025-01-27 13:48:16,cust_2285188,GRRE,auto_loan,22398,24,788,low,approved,22398,online_banking,true,626
app_20250127_00003305,2025-01-27 19:10:58,cust_8015122,ESMA,business_loan,22160,48,558,medium,approved,22160,mobile_app,true,738
app_20250127_00003306,2025-01-27 19:40:26,cust_1140812,BENL,business_loan,6093,24,563,medium,rejected,0,branch,false,53
app_20250127_00003307,2025-01-27 08:35:23,cust_9106795,ESMA,credit_card,48012,42,484,high,rejected,0,mobile_app,true,6
app_20250127_00003308,2025-01-27 00:23:56,cust_8491269,CHBE,education_loan,31159,60,655,medium,approved,31159,atm,false,385
app_20250127_00003309,2025-01-27 00:10:51,cust_5082101,BENL,credit_card,34378,18,510,medium,rejected,0,web,true,40
app_20250127_00003310,2025-01-27 18:15:16,cust_7886584,FRID,personal_loan,10484,48,525,medium,rejected,0,mobile_app,true,129
app_20250127_00003311,2025-01-27 19:58:59,cust_7776726,ESMA,business_loan,34324,36,683,medium,approved,34324,call_center,false,731
app_20250127_00003312,2025-01-27 12:25:41,cust_3191540,PORP,mortgage,101775,120,558,medium,approved,101775,call_center,true,105
app_20250127_00003313,2025-01-27 05:22:34,cust_1398201,ITMI,business_loan,16192,24,687,medium,approved,16192,atm,true,892
app_20250127_00003314,2025-01-27 18:22:19,cust_3426706,BENL,cash_loan,39924,42,687,medium,approved,39924,partner,false,714
app_20250127_00003315,2025-01-27 01:41:34,cust_2299632,FRID,business_loan,14581,60,483,high,rejected,0,mobile_app,false,114
app_20250127_00003316,2025-01-27 04:24:07,cust_1727771,SESV,personal_loan,19431,12,678,medium,approved,19431,web,true,537
app_20250127_00003317,2025-01-27 03:29:48,cust_9706809,DEHE,mortgage,246733,360,694,medium,approved,246733,web,false,730
app_20250127_00003318,2025-01-27 15:50:15,cust_7891671,PORP,mortgage,310261,300,718,low,approved,310261,mobile,false,889
app_20250127_00003319,2025-01-27 15:29:35,cust_6879759,GRRE,auto_loan,9413,36,569,medium,rejected,0,online_banking,false,5
app_20250127_00003320,2025-01-27 00:59:26,cust_9035018,CHBE,cash_loan,47099,30,674,medium,approved,47099,atm,true,344
app_20250127_00003321,2025-01-27 08:58:23,cust_5403051,CZPR,auto_loan,51118,48,623,medium,approved,51118,partner,false,86
app_20250127_00003322,2025-01-27 07:12:37,cust_4109425,AUTR,personal_loan,40947,36,654,medium,rejected,0,atm,true,87
app_20250127_00003323,2025-01-27 05:55:57,cust_9461154,ATVI,cash_loan,46188,24,651,medium,approved,46188,atm,false,356
app_20250127_00003324,2025-01-27 13:02:19,cust_3648951,BENL,credit_card,31231,42,781,low,approved,31231,online_banking,false,303
app_20250127_00003325,2025-01-27 22:35:51,cust_7364253,SESV,cash_loan,12414,48,683,medium,approved,12414,partner,true,619
app_20250127_00003326,2025-01-27 22:23:37,cust_6671340,ITMI,personal_loan,21612,18,645,medium,approved,21612,atm,true,153
app_20250127_00003327,2025-01-27 15:48:11,cust_820917,PLWA,credit_card,34143,42,721,low,approved,34143,atm,true,169
app_20250127_00003328,2025-01-27 01:28:27,cust_7899573,BENL,refinance,93682,240,500,medium,rejected,0,atm,true,168
app_20250127_00003329,2025-01-27 00:06:25,cust_5649771,CZPR,business_loan,32184,12,546,medium,approved,32184,call_center,true,729
app_20250127_00003330,2025-01-27 08:59:59,cust_4650581,FRID,refinance,131383,240,610,medium,approved,131383,partner,false,335
app_20250127_00003331,2025-01-27 22:51:24,cust_7308952,ESMA,cash_loan,43771,48,649,medium,rejected,0,branch,false,23
app_20250127_00003332,2025-01-27 06:46:05,cust_3941526,ITMI,business_loan,38584,24,776,low,approved,38584,mobile_app,true,663
app_20250127_00003333,2025-01-27 13:01:16,cust_989970,GRRE,personal_loan,9300,18,811,low,approved,9300,web,true,813
app_20250127_00003334,2025-01-27 21:06:20,cust_542763,GRRE,business_loan,7452,36,691,medium,approved,7452,mobile_app,false,837
app_20250127_00003335,2025-01-27 03:55:08,cust_6016333,CZPR,business_loan,16624,12,709,low,approved,16624,mobile_app,true,858
app_20250127_00003336,2025-01-27 20:18:35,cust_1313236,PLWA,cash_loan,15003,48,546,medium,approved,15003,atm,false,192
app_20250127_00003337,2025-01-27 08:08:27,cust_794898,CZPR,refinance,476262,180,645,medium,approved,476262,partner,false,208
app_20250127_00003338,2025-01-27 10:54:56,cust_9799822,SESV,cash_loan,6369,12,720,low,approved,6369,atm,false,597
app_20250127_00003339,2025-01-27 07:51:51,cust_1588856,CZPR,credit_card,31260,36,751,low,approved,31260,branch,false,881
app_20250127_00003340,2025-01-27 06:10:39,cust_8933817,CHBE,business_loan,12337,12,648,medium,approved,12337,mobile_app,true,805
app_20250127_00003341,2025-01-27 04:53:11,cust_732881,UKLO,mortgage,417378,120,605,medium,rejected,0,branch,true,35
app_20250127_00003342,2025-01-27 21:39:23,cust_5177213,CHBE,credit_card,35243,24,697,medium,approved,35243,atm,false,132
app_20250127_00003343,2025-01-27 20:47:59,cust_3937975,BENL,mortgage,266650,120,631,medium,rejected,0,online_banking,true,159
app_20250127_00003344,2025-01-27 19:43:45,cust_9522529,BENL,refinance,274852,120,517,medium,approved,274852,partner,true,602
app_20250127_00003345,2025-01-27 07:30:32,cust_1213124,PORP,education_loan,25749,24,700,low,approved,25749,mobile,false,723
app_20250127_00003346,2025-01-27 03:34:14,cust_944545,UKLO,personal_loan,19070,12,616,medium,rejected,0,partner,true,75
app_20250127_00003347,2025-01-27 12:19:53,cust_1831085,FRID,refinance,448390,300,520,medium,approved,448390,mobile,true,163
app_20250127_00003348,2025-01-27 02:48:18,cust_3819322,ATVI,credit_card,40027,12,850,low,approved,40027,partner,false,139
app_20250127_00003349,2025-01-27 22:04:43,cust_5713082,PORP,education_loan,13018,60,544,medium,rejected,0,web,false,139
app_20250127_00003350,2025-01-27 13:17:53,cust_6253786,PLWA,auto_loan,8953,60,567,medium,rejected,0,atm,true,139
app_20250127_00003351,2025-01-27 17:28:07,cust_9306747,AUTR,auto_loan,30432,60,704,low,approved,30432,web,false,344
app_20250127_00003352,2025-01-27 09:12:33,cust_627368,DEHE,cash_loan,40776,12,691,medium,rejected,0,atm,false,66
app_20250127_00003353,2025-01-27 15:07:54,cust_6847225,CHBE,education_loan,34846,12,564,medium,rejected,0,call_center,true,20
app_20250127_00003354,2025-01-27 14:19:06,cust_804017,SESV,education_loan,12533,36,658,medium,approved,12533,mobile_app,false,496
app_20250127_00003355,2025-01-27 21:23:16,cust_9396302,PLWA,auto_loan,32612,60,496,high,rejected,0,online_banking,true,36
app_20250127_00003356,2025-01-27 20:43:01,cust_9380490,CZPR,auto_loan,45589,72,702,low,approved,45589,mobile_app,false,706
app_20250127_00003357,2025-01-27 16:05:25,cust_1067023,ESMA,business_loan,20107,12,710,low,approved,20107,mobile,false,551
app_20250127_00003358,2025-01-27 17:17:37,cust_9267671,ESMA,education_loan,34405,36,712,low,approved,34405,mobile,false,240
app_20250127_00003359,2025-01-27 04:29:59,cust_6429241,ITMI,cash_loan,25057,36,529,medium,approved,25057,call_center,true,670
app_20250127_00003360,2025-01-27 16:22:57,cust_1879695,FRID,auto_loan,40307,72,587,medium,rejected,0,web,true,125
app_20250127_00003361,2025-01-27 12:34:37,cust_6165860,ITMI,auto_loan,33782,60,550,medium,rejected,0,atm,false,17
app_20250127_00003362,2025-01-27 23:39:27,cust_8297805,ITMI,mortgage,470302,360,555,medium,rejected,0,atm,true,32
app_20250127_00003363,2025-01-27 11:06:39,cust_2035726,PORP,mortgage,387165,360,524,medium,rejected,0,mobile,false,167
app_20250127_00003364,2025-01-27 09:24:58,cust_3308007,UKLO,business_loan,14461,12,713,low,approved,14461,web,false,538
app_20250127_00003365,2025-01-27 07:27:01,cust_6679427,FRID,cash_loan,5509,24,582,medium,approved,5509,call_center,false,377
app_20250127_00003366,2025-01-27 09:30:22,cust_6002968,CHBE,mortgage,316977,360,800,low,approved,316977,branch,false,406
app_20250127_00003367,2025-01-27 15:43:55,cust_5260970,UKLO,mortgage,87846,180,699,medium,approved,87846,atm,false,457
app_20250127_00003368,2025-01-27 10:11:18,cust_4397615,CZPR,credit_card,3330,18,643,medium,approved,3330,branch,true,648
app_20250127_00003369,2025-01-27 15:12:22,cust_4428779,ESMA,education_loan,32347,24,739,low,approved,32347,atm,true,90
app_20250127_00003370,2025-01-27 17:00:20,cust_4125988,PLWA,credit_card,33463,48,582,medium,rejected,0,branch,false,46
app_20250127_00003371,2025-01-27 07:59:22,cust_3725028,FRID,personal_loan,48649,42,707,low,rejected,0,partner,true,148
app_20250127_00003372,2025-01-27 13:01:16,cust_1927738,ATVI,education_loan,28963,60,659,medium,approved,28963,branch,false,641
app_20250127_00003373,2025-01-27 03:56:08,cust_4320073,AUTR,education_loan,17160,12,651,medium,approved,17160,partner,true,508
app_20250127_00003374,2025-01-27 07:35:00,cust_5768950,GRRE,cash_loan,1789,48,491,high,rejected,0,mobile_app,true,158
app_20250127_00003375,2025-01-27 17:17:09,cust_3298853,CHBE,auto_loan,24269,72,832,low,approved,24269,partner,false,647
app_20250127_00003376,2025-01-27 18:44:20,cust_9781502,CZPR,refinance,289814,300,785,low,approved,289814,call_center,false,216
app_20250127_00003377,2025-01-27 01:16:59,cust_8352180,BENL,auto_loan,54574,36,762,low,approved,54574,atm,false,388
app_20250127_00003378,2025-01-27 17:22:09,cust_7708570,ESMA,personal_loan,13169,30,570,medium,approved,13169,mobile_app,true,687
app_20250127_00003379,2025-01-27 00:16:51,cust_5075645,CZPR,auto_loan,26708,60,689,medium,rejected,0,call_center,true,81
app_20250127_00003380,2025-01-27 06:44:36,cust_8730609,BENL,education_loan,35386,24,519,medium,approved,35386,call_center,true,502
app_20250127_00003381,2025-01-27 09:06:40,cust_7337482,ATVI,business_loan,33246,12,517,medium,approved,33246,online_banking,true,184
app_20250127_00003382,2025-01-27 02:01:03,cust_7353828,FRID,credit_card,26163,24,751,low,approved,26163,mobile_app,true,219
app_20250127_00003383,2025-01-27 05:36:58,cust_7112559,PORP,credit_card,25323,18,587,medium,rejected,0,call_center,true,10
app_20250127_00003384,2025-01-27 13:43:10,cust_7240041,ATVI,cash_loan,35040,24,712,low,approved,35040,call_center,true,772
app_20250127_00003385,2025-01-27 23:43:05,cust_5158174,PORP,personal_loan,16323,48,646,medium,rejected,0,call_center,true,153
app_20250127_00003386,2025-01-27 10:13:53,cust_8370214,ITMI,mortgage,342992,240,565,medium,approved,342992,branch,false,83
app_20250127_00003387,2025-01-27 19:25:34,cust_1121431,NLAM,personal_loan,9763,48,586,medium,approved,9763,mobile_app,false,282
app_20250127_00003388,2025-01-27 23:46:31,cust_4364555,BENL,mortgage,404741,120,692,medium,rejected,0,online_banking,false,16
app_20250127_00003389,2025-01-27 15:45:10,cust_2036679,BENL,mortgage,262532,180,623,medium,rejected,0,partner,true,52
app_20250127_00003390,2025-01-27 05:53:41,cust_5634161,SESV,credit_card,29198,24,754,low,approved,29198,partner,false,626
app_20250127_00003391,2025-01-27 10:36:08,cust_8128006,PLWA,mortgage,221253,120,708,low,approved,221253,partner,true,170
app_20250127_00003392,2025-01-27 21:38:31,cust_5002407,BENL,business_loan,8141,12,849,low,approved,8141,online_banking,true,110
app_20250127_00003393,2025-01-27 17:06:41,cust_3744167,ITMI,personal_loan,48685,30,551,medium,approved,48685,mobile,false,757
app_20250127_00003394,2025-01-27 20:57:28,cust_4869631,ESMA,education_loan,35474,12,659,medium,approved,35474,mobile_app,true,822
app_20250127_00003395,2025-01-27 13:34:57,cust_5927565,ATVI,cash_loan,25895,42,714,low,approved,25895,web,false,289
app_20250127_00003396,2025-01-27 16:45:04,cust_2560084,AUTR,credit_card,6140,24,850,low,rejected,0,atm,false,51
app_20250127_00003397,2025-01-27 21:20:41,cust_9759006,CZPR,business_loan,2273,48,777,low,approved,2273,mobile_app,true,837
app_20250127_00003398,2025-01-27 13:42:41,cust_6780593,CHBE,refinance,228583,180,850,low,approved,228583,mobile,false,439
app_20250127_00003399,2025-01-27 15:08:31,cust_9633628,ITMI,cash_loan,44719,12,721,low,approved,44719,web,false,659
app_20250127_00003400,2025-01-27 17:06:34,cust_2018087,AUTR,business_loan,17317,36,644,medium,approved,17317,online_banking,true,172
app_20250127_00003401,2025-01-27 05:02:11,cust_1493963,CHBE,refinance,180695,300,840,low,approved,180695,atm,false,514
app_20250127_00003402,2025-01-27 17:29:11,cust_5150203,ESMA,personal_loan,25735,18,483,high,rejected,0,atm,true,57
app_20250127_00003403,2025-01-27 18:59:13,cust_562721,ATVI,refinance,155820,360,697,medium,approved,155820,online_banking,false,772
app_20250127_00003404,2025-01-27 22:51:46,cust_3971402,PLWA,business_loan,26576,48,585,medium,rejected,0,branch,false,66
app_20250127_00003405,2025-01-27 17:59:05,cust_6469396,PORP,business_loan,33039,12,753,low,approved,33039,online_banking,true,865
app_20250127_00003406,2025-01-27 16:22:03,cust_3316035,SESV,refinance,322765,240,588,medium,rejected,0,mobile,true,167
app_20250127_00003407,2025-01-27 17:53:39,cust_6908413,UKLO,cash_loan,38366,18,624,medium,rejected,0,partner,false,19
app_20250127_00003408,2025-01-27 09:37:17,cust_1970751,ATVI,cash_loan,37105,36,618,medium,approved,37105,call_center,false,619
app_20250127_00003409,2025-01-27 10:17:39,cust_3003966,ATVI,refinance,487469,300,504,medium,approved,487469,web,true,873
app_20250127_00003410,2025-01-27 12:04:32,cust_3671767,DEHE,business_loan,29049,60,718,low,approved,29049,online_banking,true,244
app_20250127_00003411,2025-01-27 17:04:16,cust_6053848,GRRE,mortgage,307572,300,629,medium,approved,307572,web,true,772
app_20250127_00003412,2025-01-27 15:37:42,cust_3639865,PLWA,cash_loan,22530,42,645,medium,rejected,0,atm,false,105
app_20250127_00003413,2025-01-27 17:13:00,cust_3715221,DEHE,auto_loan,41147,36,521,medium,approved,41147,web,false,360
app_20250127_00003414,2025-01-27 23:14:13,cust_7723947,SESV,auto_loan,53015,72,629,medium,approved,53015,partner,false,251
app_20250127_00003415,2025-01-27 14:12:27,cust_505340,UKLO,refinance,469205,180,611,medium,approved,469205,mobile,true,548
app_20250127_00003416,2025-01-27 08:03:45,cust_4764329,CZPR,cash_loan,1832,12,635,medium,approved,1832,mobile,true,250
app_20250127_00003417,2025-01-27 08:50:13,cust_5966001,ITMI,business_loan,18298,12,767,low,approved,18298,branch,false,294
app_20250127_00003418,2025-01-27 03:53:34,cust_2740360,ESMA,education_loan,27346,48,609,medium,approved,27346,mobile_app,false,224
app_20250127_00003419,2025-01-27 08:43:29,cust_9537003,ITMI,education_loan,20272,24,577,medium,rejected,0,call_center,false,73
app_20250127_00003420,2025-01-27 11:05:01,cust_5954870,BENL,cash_loan,18901,18,678,medium,rejected,0,web,true,172
app_20250127_00003421,2025-01-27 09:17:10,cust_1682630,ESMA,education_loan,10342,36,633,medium,approved,10342,partner,false,635
app_20250127_00003422,2025-01-27 00:38:42,cust_7343573,DEHE,credit_card,11981,12,698,medium,approved,11981,call_center,false,393
app_20250127_00003423,2025-01-27 13:07:58,cust_353439,PORP,auto_loan,37292,72,644,medium,rejected,0,atm,true,152
app_20250127_00003424,2025-01-27 00:50:02,cust_3793930,PORP,cash_loan,49902,18,716,low,approved,49902,mobile_app,true,579
app_20250127_00003425,2025-01-27 03:16:40,cust_6104154,GRRE,business_loan,4246,48,695,medium,approved,4246,online_banking,false,128
app_20250127_00003426,2025-01-27 13:52:07,cust_5467081,UKLO,credit_card,49041,12,650,medium,rejected,0,mobile_app,true,37
app_20250127_00003427,2025-01-27 06:45:16,cust_1450726,SESV,auto_loan,49544,72,712,low,approved,49544,mobile,true,180
app_20250127_00003428,2025-01-27 19:12:36,cust_1541067,UKLO,education_loan,31288,36,614,medium,approved,31288,atm,false,482
app_20250127_00003429,2025-01-27 03:42:43,cust_6036602,ITMI,credit_card,28316,36,745,low,rejected,0,partner,false,165
app_20250127_00003430,2025-01-27 22:52:10,cust_7522849,CHBE,business_loan,18669,48,741,low,approved,18669,online_banking,false,829
app_20250127_00003431,2025-01-27 17:36:27,cust_9039286,CZPR,refinance,477899,180,752,low,approved,477899,atm,true,891
app_20250127_00003432,2025-01-27 10:15:11,cust_8487068,GRRE,credit_card,40131,18,805,low,approved,40131,online_banking,true,37
app_20250127_00003433,2025-01-27 05:50:27,cust_4786864,GRRE,business_loan,36372,12,667,medium,approved,36372,call_center,false,97
app_20250127_00003434,2025-01-27 09:06:05,cust_1495187,NLAM,personal_loan,13559,48,781,low,approved,13559,atm,false,545
app_20250127_00003435,2025-01-27 12:58:50,cust_8290574,ESMA,auto_loan,16028,60,658,medium,approved,16028,partner,true,440
app_20250127_00003436,2025-01-27 14:02:40,cust_6849264,GRRE,education_loan,18308,24,819,low,approved,18308,branch,true,136
app_20250127_00003437,2025-01-27 14:53:38,cust_3080865,UKLO,cash_loan,16886,42,577,medium,rejected,0,mobile_app,false,51
app_20250127_00003438,2025-01-27 21:54:41,cust_9275913,PORP,personal_loan,43115,48,780,low,approved,43115,web,true,744
app_20250127_00003439,2025-01-27 04:40:39,cust_9407138,CHBE,cash_loan,44024,12,642,medium,rejected,0,online_banking,false,71
app_20250127_00003440,2025-01-27 21:25:48,cust_919288,DEHE,credit_card,18372,24,576,medium,rejected,0,mobile_app,false,113
app_20250127_00003441,2025-01-27 20:13:46,cust_9750136,GRRE,cash_loan,7666,42,829,low,approved,7666,web,false,507
app_20250127_00003442,2025-01-27 12:28:01,cust_7937463,BENL,auto_loan,20385,48,850,low,rejected,0,mobile_app,false,62
app_20250127_00003443,2025-01-27 00:18:32,cust_8128455,PORP,cash_loan,27038,18,737,low,approved,27038,atm,false,358
app_20250127_00003444,2025-01-27 22:57:38,cust_2284395,NLAM,personal_loan,22302,18,688,medium,rejected,0,call_center,true,170
app_20250127_00003445,2025-01-27 23:44:12,cust_5419111,BENL,credit_card,29980,36,644,medium,approved,29980,partner,false,301
app_20250127_00003446,2025-01-27 09:51:16,cust_8569470,NLAM,business_loan,14072,24,674,medium,approved,14072,atm,true,836
app_20250127_00003447,2025-01-27 00:37:25,cust_1406395,ESMA,mortgage,470646,240,794,low,approved,470646,online_banking,false,570
app_20250127_00003448,2025-01-27 11:15:01,cust_3053460,PORP,auto_loan,51835,72,704,low,approved,51835,mobile_app,false,57
app_20250127_00003449,2025-01-27 04:38:32,cust_8936024,SESV,credit_card,43277,30,624,medium,approved,43277,mobile_app,true,862
app_20250127_00003450,2025-01-27 10:01:26,cust_3468343,PLWA,business_loan,9500,24,540,medium,rejected,0,call_center,true,163
app_20250127_00003451,2025-01-27 18:42:13,cust_2772590,DEHE,business_loan,15097,36,490,high,rejected,0,web,true,179
app_20250127_00003452,2025-01-27 20:38:51,cust_2017379,UKLO,auto_loan,27437,36,778,low,approved,27437,mobile,true,233
app_20250127_00003453,2025-01-27 07:57:04,cust_9502525,ITMI,personal_loan,12588,30,613,medium,approved,12588,atm,true,65
app_20250127_00003454,2025-01-27 20:57:48,cust_2513243,FRID,mortgage,202562,180,714,low,approved,202562,atm,true,834
app_20250127_00003455,2025-01-27 22:49:22,cust_2500957,FRID,education_loan,12976,24,525,medium,rejected,0,online_banking,true,98
app_20250127_00003456,2025-01-27 10:32:14,cust_4514059,PLWA,education_loan,34998,24,568,medium,rejected,0,branch,true,77
app_20250127_00003457,2025-01-27 11:20:14,cust_3799233,SESV,credit_card,35096,24,850,low,approved,35096,mobile_app,false,694
app_20250127_00003458,2025-01-27 18:16:04,cust_9519533,ESMA,cash_loan,49350,36,492,high,rejected,0,partner,false,96
app_20250127_00003459,2025-01-27 04:05:10,cust_4442599,ESMA,cash_loan,15809,36,777,low,approved,15809,mobile,false,492
app_20250127_00003460,2025-01-27 18:12:50,cust_5089290,CHBE,auto_loan,27482,36,831,low,approved,27482,mobile_app,true,411
app_20250127_00003461,2025-01-27 11:17:05,cust_776601,NLAM,auto_loan,52251,24,510,medium,rejected,0,online_banking,false,91
app_20250127_00003462,2025-01-27 15:36:56,cust_2250403,GRRE,business_loan,27126,48,558,medium,approved,27126,mobile_app,true,139
app_20250127_00003463,2025-01-27 14:23:44,cust_2599584,FRID,refinance,239102,120,554,medium,approved,239102,mobile_app,true,779
app_20250127_00003464,2025-01-27 04:02:58,cust_8758719,CHBE,mortgage,314681,240,748,low,approved,314681,partner,false,327
app_20250127_00003465,2025-01-27 11:57:12,cust_8533948,ATVI,cash_loan,19530,36,638,medium,approved,19530,call_center,true,644
app_20250127_00003466,2025-01-27 06:19:33,cust_9666477,AUTR,auto_loan,20901,72,757,low,rejected,0,atm,true,89
app_20250127_00003467,2025-01-27 01:20:44,cust_6306169,FRID,auto_loan,43559,36,538,medium,rejected,0,partner,true,95
app_20250127_00003468,2025-01-27 13:44:55,cust_4828171,SESV,refinance,140585,180,496,high,rejected,0,call_center,true,130
app_20250127_00003469,2025-01-27 13:34:08,cust_8871325,NLAM,education_loan,17003,60,729,low,approved,17003,call_center,false,500
app_20250127_00003470,2025-01-27 23:31:04,cust_3071568,ATVI,personal_loan,34971,24,706,low,approved,34971,online_banking,false,373
app_20250127_00003471,2025-01-27 13:54:25,cust_6075348,CHBE,personal_loan,22964,48,850,low,approved,22964,partner,true,738
app_20250127_00003472,2025-01-27 18:19:17,cust_3857630,UKLO,credit_card,31599,48,680,medium,approved,31599,call_center,false,329
app_20250127_00003473,2025-01-27 05:24:24,cust_9675828,SESV,mortgage,109091,360,747,low,approved,109091,mobile_app,false,680
app_20250127_00003474,2025-01-27 10:53:32,cust_233963,CZPR,business_loan,22046,12,565,medium,rejected,0,partner,true,76
app_20250127_00003475,2025-01-27 02:29:43,cust_1022386,BENL,personal_loan,18168,24,805,low,approved,18168,mobile,false,616
app_20250127_00003476,2025-01-27 17:32:43,cust_4832131,PORP,cash_loan,21636,18,672,medium,approved,21636,online_banking,false,707
app_20250127_00003477,2025-01-27 04:32:29,cust_8889986,PORP,education_loan,24478,48,545,medium,approved,24478,mobile,true,850
app_20250127_00003478,2025-01-27 01:12:56,cust_1270367,NLAM,auto_loan,35761,72,850,low,approved,35761,atm,true,340
app_20250127_00003479,2025-01-27 20:41:32,cust_3755309,CHBE,education_loan,10445,48,559,medium,rejected,0,partner,true,17
app_20250127_00003480,2025-01-27 13:10:06,cust_3639790,DEHE,credit_card,35045,36,614,medium,rejected,0,web,true,45
app_20250127_00003481,2025-01-27 00:34:27,cust_2877961,PORP,personal_loan,38692,30,628,medium,approved,38692,web,false,561
app_20250127_00003482,2025-01-27 13:02:19,cust_6831036,ITMI,education_loan,4261,24,537,medium,approved,4261,partner,true,399
app_20250127_00003483,2025-01-27 23:04:44,cust_2308999,BENL,credit_card,27296,30,691,medium,approved,27296,web,false,115
app_20250127_00003484,2025-01-27 12:51:39,cust_7016873,UKLO,auto_loan,30023,60,570,medium,rejected,0,call_center,false,14
app_20250127_00003485,2025-01-27 07:25:07,cust_3063695,SESV,auto_loan,35194,72,695,medium,approved,35194,branch,true,228
app_20250127_00003486,2025-01-27 06:31:46,cust_6378089,FRID,business_loan,14601,12,606,medium,approved,14601,branch,true,92
app_20250127_00003487,2025-01-27 03:39:06,cust_5074463,PLWA,auto_loan,48631,72,529,medium,approved,48631,call_center,true,358
app_20250127_00003488,2025-01-27 20:06:53,cust_3433237,PLWA,mortgage,129105,240,648,medium,approved,129105,web,false,340
app_20250127_00003489,2025-01-27 21:03:48,cust_8471211,PORP,education_loan,26387,48,577,medium,rejected,0,atm,false,177
app_20250127_00003490,2025-01-27 09:25:33,cust_8095414,DEHE,cash_loan,18287,24,632,medium,approved,18287,atm,true,395
app_20250127_00003491,2025-01-27 20:14:44,cust_6048220,ESMA,personal_loan,35541,42,614,medium,rejected,0,mobile_app,true,40
app_20250127_00003492,2025-01-27 13:51:17,cust_6406418,ATVI,credit_card,7516,42,646,medium,approved,7516,branch,false,305
app_20250127_00003493,2025-01-27 05:00:07,cust_1786644,FRID,personal_loan,9262,30,735,low,approved,9262,mobile,false,666
app_20250127_00003494,2025-01-27 22:31:04,cust_3447884,SESV,credit_card,39188,18,768,low,approved,39188,atm,true,516
app_20250127_00003495,2025-01-27 19:44:08,cust_3388891,PORP,auto_loan,58137,72,574,medium,rejected,0,partner,true,7
app_20250127_00003496,2025-01-27 23:21:32,cust_4812444,CZPR,business_loan,12916,24,605,medium,approved,12916,mobile_app,false,326
app_20250127_00003497,2025-01-27 15:04:21,cust_3988767,UKLO,cash_loan,47027,36,604,medium,approved,47027,partner,false,39
app_20250127_00003498,2025-01-27 15:52:43,cust_5741958,BENL,refinance,104582,360,645,medium,rejected,0,partner,false,171
app_20250127_00003499,2025-01-27 23:02:03,cust_3702136,PLWA,business_loan,21200,48,762,low,approved,21200,web,true,649
app_20250127_00003500,2025-01-27 09:05:45,cust_5704485,ESMA,business_loan,39710,24,635,medium,approved,39710,mobile_app,true,393
app_20250127_00003501,2025-01-27 06:14:27,cust_8876533,ITMI,business_loan,30004,12,720,low,approved,30004,partner,true,154
app_20250127_00003502,2025-01-27 22:10:56,cust_6182601,FRID,credit_card,23866,42,649,medium,approved,23866,atm,true,744
app_20250127_00003503,2025-01-27 08:53:28,cust_4653033,PLWA,cash_loan,15444,42,726,low,approved,15444,online_banking,true,364
app_20250127_00003504,2025-01-27 22:31:48,cust_8064381,SESV,credit_card,44868,24,585,medium,rejected,0,mobile_app,true,134
app_20250127_00003505,2025-01-27 20:33:58,cust_4093012,PLWA,auto_loan,11034,48,814,low,approved,11034,web,true,833
app_20250127_00003506,2025-01-27 10:39:49,cust_4678943,FRID,credit_card,15759,24,693,medium,approved,15759,web,false,631
app_20250127_00003507,2025-01-27 09:35:50,cust_7318442,SESV,refinance,345804,300,697,medium,approved,345804,online_banking,false,131
app_20250127_00003508,2025-01-27 17:23:33,cust_4708755,ITMI,business_loan,39983,36,564,medium,rejected,0,mobile_app,false,69
app_20250127_00003509,2025-01-27 03:01:40,cust_434565,ATVI,personal_loan,48489,42,745,low,approved,48489,atm,false,386
app_20250127_00003510,2025-01-27 08:54:46,cust_7134061,GRRE,mortgage,228139,300,754,low,approved,228139,mobile,false,101
app_20250127_00003511,2025-01-27 20:23:42,cust_1665050,ESMA,mortgage,210301,180,671,medium,rejected,0,mobile,false,43
app_20250127_00003512,2025-01-27 09:32:49,cust_9642258,ATVI,refinance,166598,360,635,medium,approved,166598,online_banking,false,691
app_20250127_00003513,2025-01-27 02:36:12,cust_5920295,UKLO,cash_loan,23014,12,695,medium,approved,23014,partner,false,765
app_20250127_00003514,2025-01-27 04:36:52,cust_5185652,CHBE,mortgage,178527,180,555,medium,approved,178527,call_center,false,434
app_20250127_00003515,2025-01-27 17:32:01,cust_8233946,PORP,education_loan,14395,60,717,low,approved,14395,atm,true,560
app_20250127_00003516,2025-01-27 16:42:53,cust_8157111,FRID,personal_loan,21815,42,574,medium,rejected,0,mobile_app,false,166
app_20250127_00003517,2025-01-27 06:38:19,cust_3342826,PLWA,credit_card,43147,12,687,medium,approved,43147,call_center,true,429
app_20250127_00003518,2025-01-27 09:53:05,cust_4228615,CZPR,refinance,418198,240,529,medium,approved,418198,partner,true,365
app_20250127_00003519,2025-01-27 04:26:52,cust_8847579,ATVI,cash_loan,29319,42,808,low,approved,29319,atm,false,679
app_20250127_00003520,2025-01-27 12:39:51,cust_3279464,FRID,credit_card,13300,18,489,high,rejected,0,mobile,true,97
app_20250127_00003521,2025-01-27 05:35:57,cust_2941013,PORP,auto_loan,18790,72,714,low,approved,18790,web,true,676
app_20250127_00003522,2025-01-27 23:14:57,cust_6890246,FRID,credit_card,18383,12,446,high,rejected,0,branch,false,165
app_20250127_00003523,2025-01-27 02:14:27,cust_9801519,ITMI,refinance,127561,360,677,medium,rejected,0,partner,true,143
app_20250127_00003524,2025-01-27 16:21:41,cust_9892756,PLWA,education_loan,24794,12,591,medium,rejected,0,partner,false,118
app_20250127_00003525,2025-01-27 07:11:43,cust_7045457,GRRE,auto_loan,26266,24,562,medium,approved,26266,online_banking,true,126
app_20250127_00003526,2025-01-27 08:19:26,cust_8600699,FRID,auto_loan,37952,72,710,low,approved,37952,mobile,true,647
app_20250127_00003527,2025-01-27 14:53:58,cust_5347538,GRRE,cash_loan,10908,36,541,medium,approved,10908,branch,false,699
app_20250127_00003528,2025-01-27 20:33:42,cust_4135806,FRID,personal_loan,12146,48,754,low,approved,12146,call_center,true,287
app_20250127_00003529,2025-01-27 21:04:07,cust_7703725,NLAM,auto_loan,49886,36,429,high,rejected,0,atm,false,142
app_20250127_00003530,2025-01-27 01:49:37,cust_7671937,ESMA,education_loan,17881,36,568,medium,rejected,0,web,true,133
app_20250127_00003531,2025-01-27 20:01:10,cust_4710469,ITMI,personal_loan,21964,12,635,medium,approved,21964,mobile_app,true,380
app_20250127_00003532,2025-01-27 13:23:05,cust_1187043,PLWA,cash_loan,13931,48,819,low,approved,13931,online_banking,true,898
app_20250127_00003533,2025-01-27 22:37:58,cust_6349692,ESMA,cash_loan,38363,30,635,medium,approved,38363,mobile,false,384
app_20250127_00003534,2025-01-27 12:35:04,cust_3934117,AUTR,business_loan,11396,24,589,medium,rejected,0,online_banking,true,95
app_20250127_00003535,2025-01-27 14:34:39,cust_5861567,CZPR,cash_loan,33382,24,673,medium,approved,33382,mobile,true,591
app_20250127_00003536,2025-01-27 04:00:26,cust_1426566,UKLO,cash_loan,5074,48,602,medium,rejected,0,branch,true,143
app_20250127_00003537,2025-01-27 03:11:07,cust_5943708,CHBE,cash_loan,46273,30,757,low,approved,46273,web,false,381
app_20250127_00003538,2025-01-27 07:25:53,cust_7604588,ATVI,personal_loan,30747,36,559,medium,rejected,0,mobile,true,84
app_20250127_00003539,2025-01-27 16:31:17,cust_7576058,PORP,mortgage,85611,120,576,medium,approved,85611,call_center,true,337
app_20250127_00003540,2025-01-27 12:16:44,cust_7618488,SESV,cash_loan,41428,42,511,medium,approved,41428,atm,false,232
app_20250127_00003541,2025-01-27 00:57:19,cust_6862641,FRID,auto_loan,30463,36,809,low,approved,30463,online_banking,true,651
app_20250127_00003542,2025-01-27 01:47:09,cust_705121,PORP,mortgage,283468,360,690,medium,rejected,0,online_banking,false,82
app_20250127_00003543,2025-01-27 10:45:44,cust_5181831,BENL,education_loan,20087,24,554,medium,rejected,0,partner,false,117
app_20250127_00003544,2025-01-27 18:00:23,cust_7517729,BENL,mortgage,330989,120,670,medium,rejected,0,mobile,false,176
app_20250127_00003545,2025-01-27 19:34:55,cust_7652325,FRID,education_loan,27963,36,609,medium,approved,27963,online_banking,true,117
app_20250127_00003546,2025-01-27 14:53:32,cust_9343957,UKLO,business_loan,6635,60,850,low,approved,6635,call_center,false,676
app_20250127_00003547,2025-01-27 07:15:21,cust_2070279,CZPR,refinance,299727,120,683,medium,rejected,0,web,true,129
app_20250127_00003548,2025-01-27 03:28:22,cust_606447,UKLO,business_loan,34509,48,681,medium,approved,34509,mobile,true,764
app_20250127_00003549,2025-01-27 20:11:46,cust_9405760,CZPR,auto_loan,47206,48,516,medium,approved,47206,call_center,false,205
app_20250127_00003550,2025-01-27 01:09:52,cust_9678207,CZPR,refinance,93647,240,662,medium,rejected,0,online_banking,false,167
app_20250127_00003551,2025-01-27 21:42:41,cust_2542787,PLWA,auto_loan,24216,48,589,medium,rejected,0,partner,true,157
app_20250127_00003552,2025-01-27 06:36:38,cust_9463702,ESMA,education_loan,12269,12,636,medium,approved,12269,web,false,423
app_20250127_00003553,2025-01-27 03:38:40,cust_2147966,UKLO,personal_loan,45564,18,736,low,approved,45564,online_banking,false,97
app_20250127_00003554,2025-01-27 03:23:01,cust_7865019,UKLO,education_loan,32978,24,719,low,approved,32978,mobile_app,false,889
app_20250127_00003555,2025-01-27 01:39:14,cust_3269626,DEHE,refinance,466556,360,649,medium,approved,466556,web,false,856
app_20250127_00003556,2025-01-27 15:36:04,cust_4875870,UKLO,credit_card,4384,24,826,low,approved,4384,branch,true,765
app_20250127_00003557,2025-01-27 20:16:43,cust_7989021,BENL,mortgage,250321,120,508,medium,approved,250321,mobile_app,false,467
app_20250127_00003558,2025-01-27 10:29:17,cust_6763056,FRID,credit_card,34337,42,704,low,approved,34337,branch,true,274
app_20250127_00003559,2025-01-27 09:30:39,cust_6762952,FRID,cash_loan,39572,12,679,medium,approved,39572,web,false,427
app_20250127_00003560,2025-01-27 12:18:41,cust_7562646,AUTR,personal_loan,47193,42,461,high,approved,47193,atm,false,249
app_20250127_00003561,2025-01-27 15:20:26,cust_7417491,SESV,refinance,169315,240,695,medium,rejected,0,partner,false,180
app_20250127_00003562,2025-01-27 18:38:42,cust_8140796,ATVI,mortgage,243967,180,811,low,approved,243967,online_banking,false,865
app_20250127_00003563,2025-01-27 10:39:53,cust_1647917,CHBE,cash_loan,42639,48,655,medium,approved,42639,online_banking,true,75
app_20250127_00003564,2025-01-27 15:02:16,cust_3612442,PORP,auto_loan,18806,24,721,low,approved,18806,mobile,false,161
app_20250127_00003565,2025-01-27 12:32:35,cust_3545680,ATVI,credit_card,45929,30,808,low,approved,45929,web,false,281
app_20250127_00003566,2025-01-27 23:21:12,cust_1037566,ATVI,cash_loan,36634,12,611,medium,approved,36634,branch,true,816
app_20250127_00003567,2025-01-27 11:52:43,cust_7020247,ESMA,personal_loan,6292,48,514,medium,approved,6292,branch,true,794
app_20250127_00003568,2025-01-27 00:14:06,cust_8293738,FRID,mortgage,165502,300,591,medium,rejected,0,atm,true,169
app_20250127_00003569,2025-01-27 03:16:27,cust_3493040,PORP,mortgage,363231,300,667,medium,approved,363231,atm,true,73
app_20250127_00003570,2025-01-27 14:38:09,cust_2612478,SESV,mortgage,169128,180,700,low,rejected,0,mobile,false,135
app_20250127_00003571,2025-01-27 23:52:14,cust_5994147,ATVI,personal_loan,40410,12,773,low,rejected,0,call_center,false,73
app_20250127_00003572,2025-01-27 10:20:18,cust_5995984,DEHE,education_loan,32744,12,700,low,approved,32744,web,false,362
app_20250127_00003573,2025-01-27 15:18:03,cust_2821755,FRID,personal_loan,23581,30,747,low,approved,23581,mobile_app,false,454
app_20250127_00003574,2025-01-27 16:22:17,cust_8962340,ITMI,refinance,293996,360,569,medium,rejected,0,online_banking,false,177
app_20250127_00003575,2025-01-27 14:53:29,cust_3757685,FRID,personal_loan,42479,24,607,medium,approved,42479,online_banking,true,72
app_20250127_00003576,2025-01-27 19:44:30,cust_9023819,FRID,cash_loan,27130,12,779,low,approved,27130,call_center,true,866
app_20250127_00003577,2025-01-27 00:42:54,cust_419860,PORP,auto_loan,23398,36,576,medium,approved,23398,mobile,false,430
app_20250127_00003578,2025-01-27 17:50:47,cust_1224207,CHBE,personal_loan,4117,30,812,low,approved,4117,mobile,true,363
app_20250127_00003579,2025-01-27 23:38:05,cust_4603750,AUTR,business_loan,33572,24,636,medium,rejected,0,mobile,true,43
app_20250127_00003580,2025-01-27 00:15:07,cust_8250338,PLWA,refinance,340747,120,624,medium,rejected,0,atm,true,87
app_20250127_00003581,2025-01-27 20:23:41,cust_4950249,ITMI,mortgage,459927,300,503,medium,rejected,0,call_center,true,17
app_20250127_00003582,2025-01-27 10:56:20,cust_5451426,CZPR,refinance,473721,120,654,medium,approved,473721,partner,false,740
app_20250127_00003583,2025-01-27 18:58:39,cust_5533689,CZPR,cash_loan,38790,42,850,low,approved,38790,mobile,false,537
app_20250127_00003584,2025-01-27 23:05:17,cust_9986494,ATVI,business_loan,22500,36,513,medium,rejected,0,online_banking,false,42
app_20250127_00003585,2025-01-27 08:04:18,cust_7883029,ESMA,auto_loan,50801,72,772,low,approved,50801,mobile,false,199
app_20250127_00003586,2025-01-27 07:48:52,cust_9220501,AUTR,cash_loan,25286,30,620,medium,approved,25286,mobile_app,false,455
app_20250127_00003587,2025-01-27 02:36:11,cust_5039062,ATVI,personal_loan,27305,42,475,high,rejected,0,mobile_app,false,118
app_20250127_00003588,2025-01-27 11:54:18,cust_9862677,ITMI,credit_card,7499,18,722,low,approved,7499,call_center,true,738
app_20250127_00003589,2025-01-27 03:45:39,cust_7323931,ESMA,refinance,353392,240,768,low,approved,353392,web,false,673
app_20250127_00003590,2025-01-27 18:30:10,cust_4996792,UKLO,credit_card,36754,12,719,low,approved,36754,web,true,208
app_20250127_00003591,2025-01-27 08:10:15,cust_4613206,AUTR,auto_loan,38906,36,640,medium,rejected,0,online_banking,true,39
app_20250127_00003592,2025-01-27 17:47:13,cust_4893830,BENL,mortgage,144271,180,732,low,approved,144271,call_center,false,203
app_20250127_00003593,2025-01-27 15:38:20,cust_5361545,UKLO,business_loan,15398,36,620,medium,rejected,0,web,true,82
app_20250127_00003594,2025-01-27 19:54:23,cust_7527574,UKLO,education_loan,2263,12,801,low,approved,2263,partner,true,62
app_20250127_00003595,2025-01-27 03:06:51,cust_8220225,SESV,personal_loan,29935,18,631,medium,rejected,0,mobile_app,false,179
app_20250127_00003596,2025-01-27 04:02:02,cust_8013282,FRID,cash_loan,7762,30,660,medium,approved,7762,mobile,true,418
app_20250127_00003597,2025-01-27 09:56:09,cust_8972529,CHBE,auto_loan,56168,48,598,medium,rejected,0,mobile,false,164
app_20250127_00003598,2025-01-27 18:54:33,cust_150621,ITMI,credit_card,1925,18,724,low,approved,1925,partner,true,369
app_20250127_00003599,2025-01-27 10:45:40,cust_9913547,AUTR,refinance,64978,360,554,medium,rejected,0,online_banking,true,62
app_20250127_00003600,2025-01-27 05:50:39,cust_6931077,BENL,refinance,204559,180,731,low,approved,204559,online_banking,true,823
app_20250127_00003601,2025-01-27 18:25:11,cust_3428019,ITMI,business_loan,26895,48,820,low,approved,26895,branch,true,726
app_20250127_00003602,2025-01-27 18:04:39,cust_5665354,NLAM,auto_loan,53777,36,668,medium,rejected,0,partner,false,19
app_20250127_00003603,2025-01-27 13:47:47,cust_3683896,ITMI,refinance,224613,180,807,low,approved,224613,mobile,false,283
app_20250127_00003604,2025-01-27 18:33:49,cust_185742,FRID,credit_card,43425,30,738,low,rejected,0,branch,true,27
app_20250127_00003605,2025-01-27 09:52:30,cust_2704510,PORP,business_loan,4878,48,601,medium,approved,4878,call_center,false,503
app_20250127_00003606,2025-01-27 04:55:04,cust_6509503,ATVI,credit_card,23123,12,704,low,approved,23123,mobile,true,597
app_20250127_00003607,2025-01-27 06:59:26,cust_4169990,BENL,credit_card,35493,24,692,medium,rejected,0,mobile,true,77
app_20250127_00003608,2025-01-27 16:28:01,cust_9959073,PORP,business_loan,14810,24,751,low,approved,14810,online_banking,false,625
app_20250127_00003609,2025-01-27 16:32:23,cust_2208723,GRRE,mortgage,160474,120,633,medium,approved,160474,partner,true,381
app_20250127_00003610,2025-01-27 23:33:25,cust_3703508,DEHE,credit_card,26151,24,757,low,approved,26151,call_center,false,462
app_20250127_00003611,2025-01-27 20:14:38,cust_3702072,ATVI,auto_loan,38818,36,705,low,approved,38818,atm,false,622
app_20250127_00003612,2025-01-27 10:11:00,cust_6687353,PLWA,credit_card,41263,48,623,medium,approved,41263,mobile_app,false,189
app_20250127_00003613,2025-01-27 05:52:39,cust_2985823,ATVI,auto_loan,55175,24,529,medium,rejected,0,partner,true,145
app_20250127_00003614,2025-01-27 14:11:26,cust_5148044,UKLO,mortgage,432680,240,762,low,approved,432680,mobile_app,false,785
app_20250127_00003615,2025-01-27 17:27:26,cust_7828065,UKLO,refinance,109223,360,779,low,approved,109223,partner,true,360
app_20250127_00003616,2025-01-27 05:48:12,cust_1014682,ITMI,refinance,289879,120,514,medium,rejected,0,web,true,79
app_20250127_00003617,2025-01-27 11:38:55,cust_4156978,ITMI,business_loan,33920,36,544,medium,approved,33920,call_center,false,655
app_20250127_00003618,2025-01-27 15:47:57,cust_2044490,PORP,credit_card,28177,30,516,medium,rejected,0,branch,false,126
app_20250127_00003619,2025-01-27 00:52:43,cust_6012467,NLAM,auto_loan,19467,72,591,medium,rejected,0,mobile_app,false,110
app_20250127_00003620,2025-01-27 01:07:58,cust_3803968,FRID,business_loan,7583,24,539,medium,approved,7583,branch,false,756
app_20250127_00003621,2025-01-27 19:46:30,cust_7414166,AUTR,mortgage,492197,120,511,medium,approved,492197,partner,true,114
app_20250127_00003622,2025-01-27 09:39:19,cust_9961697,UKLO,auto_loan,22044,48,669,medium,approved,22044,partner,true,148
app_20250127_00003623,2025-01-27 00:35:54,cust_8282876,DEHE,cash_loan,23174,42,600,medium,rejected,0,web,true,123
app_20250127_00003624,2025-01-27 12:50:40,cust_756225,FRID,business_loan,29520,24,495,high,rejected,0,atm,true,125
app_20250127_00003625,2025-01-27 00:31:45,cust_1130431,UKLO,auto_loan,23843,36,637,medium,approved,23843,mobile,false,867
app_20250127_00003626,2025-01-27 23:09:17,cust_4518974,CZPR,education_loan,3489,24,625,medium,approved,3489,mobile,false,469
app_20250127_00003627,2025-01-27 00:42:40,cust_2617669,ITMI,auto_loan,33917,36,698,medium,approved,33917,branch,true,37
app_20250127_00003628,2025-01-27 05:46:51,cust_6576731,GRRE,auto_loan,24442,60,842,low,approved,24442,branch,false,543
app_20250127_00003629,2025-01-27 02:04:53,cust_3181097,PORP,business_loan,17007,48,639,medium,rejected,0,online_banking,true,153
app_20250127_00003630,2025-01-27 02:21:16,cust_7975314,AUTR,business_loan,35845,24,669,medium,approved,35845,online_banking,false,108
app_20250127_00003631,2025-01-27 18:04:34,cust_3472188,GRRE,auto_loan,45445,48,622,medium,approved,45445,online_banking,true,418
app_20250127_00003632,2025-01-27 01:11:50,cust_3337582,NLAM,mortgage,260939,240,621,medium,approved,260939,partner,true,356
app_20250127_00003633,2025-01-27 12:24:38,cust_2547306,PORP,credit_card,36395,30,516,medium,rejected,0,mobile_app,true,87
app_20250127_00003634,2025-01-27 14:53:45,cust_3559500,SESV,business_loan,38746,48,522,medium,approved,38746,web,false,651
app_20250127_00003635,2025-01-27 22:52:24,cust_9277326,CZPR,credit_card,34733,36,634,medium,approved,34733,mobile,false,492
app_20250127_00003636,2025-01-27 19:48:07,cust_4617603,BENL,credit_card,8449,24,724,low,approved,8449,partner,false,571
app_20250127_00003637,2025-01-27 21:26:24,cust_3458975,CZPR,mortgage,492562,300,604,medium,approved,492562,atm,false,286
app_20250127_00003638,2025-01-27 19:21:17,cust_4683862,ESMA,mortgage,209069,180,749,low,approved,209069,online_banking,true,380
app_20250127_00003639,2025-01-27 22:12:34,cust_3979480,CHBE,auto_loan,48800,24,548,medium,rejected,0,atm,false,8
app_20250127_00003640,2025-01-27 20:29:18,cust_1396986,AUTR,cash_loan,37287,42,850,low,approved,37287,call_center,false,144
app_20250127_00003641,2025-01-27 22:42:18,cust_128923,AUTR,business_loan,15657,48,738,low,approved,15657,partner,true,176
app_20250127_00003642,2025-01-27 16:13:18,cust_1131172,FRID,business_loan,29254,12,549,medium,approved,29254,atm,false,425
app_20250127_00003643,2025-01-27 15:06:58,cust_4463779,ATVI,cash_loan,39880,18,651,medium,approved,39880,web,false,476
app_20250127_00003644,2025-01-27 22:40:40,cust_6287154,DEHE,mortgage,110354,120,591,medium,approved,110354,web,true,345
app_20250127_00003645,2025-01-27 13:56:37,cust_403297,UKLO,education_loan,37227,36,729,low,approved,37227,web,false,395
app_20250127_00003646,2025-01-27 20:24:23,cust_5420882,PORP,credit_card,15577,30,500,medium,rejected,0,mobile_app,true,141
app_20250127_00003647,2025-01-27 20:16:26,cust_4599914,GRRE,cash_loan,39829,24,506,medium,approved,39829,online_banking,false,698
app_20250127_00003648,2025-01-27 12:14:57,cust_8910957,PORP,business_loan,18695,60,648,medium,rejected,0,mobile_app,false,117
app_20250127_00003649,2025-01-27 01:43:13,cust_8604721,UKLO,auto_loan,32994,24,687,medium,approved,32994,online_banking,false,701
app_20250127_00003650,2025-01-27 22:07:53,cust_6193079,CZPR,credit_card,30260,18,625,medium,approved,30260,call_center,false,757
app_20250127_00003651,2025-01-27 23:14:24,cust_1799854,FRID,auto_loan,47071,72,655,medium,approved,47071,atm,true,797
app_20250127_00003652,2025-01-27 19:31:59,cust_2254245,PORP,mortgage,244642,180,741,low,approved,244642,call_center,true,770
app_20250127_00003653,2025-01-27 15:58:46,cust_1269980,UKLO,refinance,405054,120,444,high,rejected,0,atm,true,72
app_20250127_00003654,2025-01-27 20:54:32,cust_5085132,SESV,personal_loan,24230,42,539,medium,rejected,0,partner,true,53
app_20250127_00003655,2025-01-27 07:56:59,cust_6441265,UKLO,refinance,269869,360,631,medium,approved,269869,partner,false,839
app_20250127_00003656,2025-01-27 05:25:34,cust_1759199,AUTR,business_loan,37157,48,641,medium,approved,37157,atm,true,232
app_20250127_00003657,2025-01-27 16:56:07,cust_2680711,FRID,mortgage,185480,300,691,medium,rejected,0,atm,false,162
app_20250127_00003658,2025-01-27 08:56:23,cust_129472,SESV,credit_card,5831,18,610,medium,approved,5831,web,false,890
app_20250127_00003659,2025-01-27 08:05:40,cust_6898810,NLAM,education_loan,16318,36,520,medium,approved,16318,branch,true,549
app_20250127_00003660,2025-01-27 06:34:26,cust_553738,PORP,mortgage,128538,180,560,medium,rejected,0,branch,false,47
app_20250127_00003661,2025-01-27 09:32:47,cust_4498603,AUTR,education_loan,33803,36,628,medium,approved,33803,partner,false,512
app_20250127_00003662,2025-01-27 08:24:52,cust_1082115,AUTR,mortgage,149553,360,723,low,approved,149553,partner,true,816
app_20250127_00003663,2025-01-27 23:39:00,cust_4890763,PORP,education_loan,5134,36,507,medium,approved,5134,web,true,371
app_20250127_00003664,2025-01-27 17:44:54,cust_4014055,PORP,cash_loan,18369,48,466,high,approved,18369,web,false,159
app_20250127_00003665,2025-01-27 04:19:56,cust_927245,PORP,auto_loan,31554,72,797,low,approved,31554,mobile,false,819
app_20250127_00003666,2025-01-27 21:06:57,cust_7952685,CZPR,cash_loan,47244,24,581,medium,approved,47244,branch,false,515
app_20250127_00003667,2025-01-27 06:06:09,cust_5312934,NLAM,credit_card,16852,36,576,medium,rejected,0,mobile,true,9
app_20250127_00003668,2025-01-27 05:44:54,cust_4989215,CZPR,education_loan,36377,48,678,medium,approved,36377,partner,false,227
app_20250127_00003669,2025-01-27 04:06:47,cust_1059199,BENL,cash_loan,10716,24,723,low,approved,10716,mobile,false,399
app_20250127_00003670,2025-01-27 02:42:28,cust_5724007,ESMA,mortgage,436002,300,683,medium,approved,436002,web,false,329
app_20250127_00003671,2025-01-27 20:46:35,cust_4001712,DEHE,auto_loan,35881,60,723,low,approved,35881,mobile_app,false,543
app_20250127_00003672,2025-01-27 23:25:09,cust_5507278,NLAM,education_loan,17251,24,749,low,approved,17251,mobile_app,true,170
app_20250127_00003673,2025-01-27 02:47:27,cust_3467332,PORP,auto_loan,20627,72,682,medium,approved,20627,call_center,false,632
app_20250127_00003674,2025-01-27 06:48:17,cust_7521914,PLWA,auto_loan,37912,36,743,low,approved,37912,web,true,381
app_20250127_00003675,2025-01-27 20:34:17,cust_9076072,BENL,credit_card,35633,18,675,medium,approved,35633,call_center,true,380
app_20250127_00003676,2025-01-27 10:55:34,cust_3629935,ATVI,personal_loan,42301,48,598,medium,approved,42301,branch,true,143
app_20250127_00003677,2025-01-27 13:50:08,cust_1939731,PORP,refinance,158469,300,752,low,approved,158469,mobile,false,733
app_20250127_00003678,2025-01-27 10:16:15,cust_8917729,GRRE,mortgage,131705,120,588,medium,rejected,0,partner,true,145
app_20250127_00003679,2025-01-27 08:38:46,cust_1964120,ATVI,business_loan,12489,36,513,medium,approved,12489,partner,false,750
app_20250127_00003680,2025-01-27 19:41:53,cust_8995102,UKLO,cash_loan,33294,18,646,medium,approved,33294,partner,false,794
app_20250127_00003681,2025-01-27 15:49:20,cust_3299464,ATVI,refinance,193938,360,754,low,approved,193938,mobile_app,false,598
app_20250127_00003682,2025-01-27 09:48:46,cust_2547953,ITMI,education_loan,25625,12,502,medium,approved,25625,call_center,true,785
app_20250127_00003683,2025-01-27 10:11:55,cust_8448454,PORP,education_loan,37281,60,634,medium,rejected,0,call_center,true,133
app_20250127_00003684,2025-01-27 07:52:20,cust_2771229,AUTR,cash_loan,46237,36,646,medium,approved,46237,atm,true,630
app_20250127_00003685,2025-01-27 14:45:25,cust_8798312,DEHE,refinance,107509,360,627,medium,approved,107509,mobile_app,true,659
app_20250127_00003686,2025-01-27 05:15:25,cust_134945,NLAM,auto_loan,22822,24,746,low,approved,22822,online_banking,true,308
app_20250127_00003687,2025-01-27 23:48:42,cust_9199502,PORP,auto_loan,9019,72,607,medium,approved,9019,call_center,false,200
app_20250127_00003688,2025-01-27 08:40:54,cust_7853653,DEHE,mortgage,311918,360,850,low,approved,311918,partner,true,865
app_20250127_00003689,2025-01-27 01:10:35,cust_729898,AUTR,mortgage,401283,180,526,medium,rejected,0,web,true,170
app_20250127_00003690,2025-01-27 08:20:16,cust_7526505,CHBE,personal_loan,16051,30,424,high,approved,16051,mobile,true,406
app_20250127_00003691,2025-01-27 13:17:43,cust_1899512,CHBE,credit_card,11446,42,632,medium,approved,11446,partner,false,469
app_20250127_00003692,2025-01-27 06:56:23,cust_3392917,GRRE,cash_loan,14494,12,701,low,approved,14494,branch,false,436
app_20250127_00003693,2025-01-27 04:56:18,cust_5429774,CHBE,refinance,190284,240,777,low,approved,190284,mobile,false,662
app_20250127_00003694,2025-01-27 21:31:49,cust_6181631,UKLO,credit_card,47286,24,634,medium,approved,47286,online_banking,true,620
app_20250127_00003695,2025-01-27 02:50:28,cust_8344029,FRID,mortgage,317887,360,761,low,approved,317887,atm,false,762
app_20250127_00003696,2025-01-27 18:04:16,cust_4862164,CHBE,auto_loan,30349,60,655,medium,approved,30349,branch,false,798
app_20250127_00003697,2025-01-27 13:08:45,cust_9157096,FRID,education_loan,34594,12,850,low,approved,34594,web,true,342
app_20250127_00003698,2025-01-27 07:39:22,cust_6732758,CZPR,personal_loan,26961,36,735,low,approved,26961,online_banking,true,560
app_20250127_00003699,2025-01-27 21:00:12,cust_3646974,CHBE,personal_loan,16460,42,673,medium,approved,16460,branch,true,187
app_20250127_00003700,2025-01-27 14:03:35,cust_5497185,DEHE,auto_loan,34918,48,763,low,approved,34918,partner,false,85
app_20250127_00003701,2025-01-27 19:56:05,cust_6426402,DEHE,cash_loan,13592,18,767,low,approved,13592,call_center,true,159
app_20250127_00003702,2025-01-27 11:04:13,cust_5500734,NLAM,business_loan,10571,24,756,low,rejected,0,mobile_app,true,108
app_20250127_00003703,2025-01-27 08:05:05,cust_1301632,CHBE,auto_loan,44440,36,501,medium,rejected,0,web,true,7
app_20250127_00003704,2025-01-27 22:00:25,cust_7008841,DEHE,education_loan,22724,36,671,medium,approved,22724,call_center,true,890
app_20250127_00003705,2025-01-27 10:48:45,cust_1844148,CHBE,education_loan,28966,24,578,medium,rejected,0,atm,false,24
app_20250127_00003706,2025-01-27 18:47:33,cust_587352,DEHE,auto_loan,42425,48,612,medium,rejected,0,online_banking,true,117
app_20250127_00003707,2025-01-27 13:40:11,cust_3127748,CHBE,credit_card,1606,12,667,medium,approved,1606,online_banking,true,205
app_20250127_00003708,2025-01-27 06:55:04,cust_1490694,ATVI,mortgage,335535,120,453,high,rejected,0,mobile_app,false,156
app_20250127_00003709,2025-01-27 21:44:19,cust_6348158,PLWA,cash_loan,33119,36,709,low,approved,33119,atm,false,193
app_20250127_00003710,2025-01-27 11:39:53,cust_6193859,BENL,credit_card,22901,42,715,low,approved,22901,call_center,false,596
app_20250127_00003711,2025-01-27 12:21:43,cust_9811638,CHBE,personal_loan,6199,12,647,medium,approved,6199,online_banking,false,148
app_20250127_00003712,2025-01-27 00:38:14,cust_4499130,NLAM,cash_loan,2726,30,648,medium,approved,2726,online_banking,true,763
app_20250127_00003713,2025-01-27 21:39:04,cust_2734789,ATVI,auto_loan,25022,24,761,low,approved,25022,online_banking,true,609
app_20250127_00003714,2025-01-27 01:03:55,cust_9329488,UKLO,education_loan,8435,36,701,low,approved,8435,atm,false,599
app_20250127_00003715,2025-01-27 15:56:33,cust_7938629,UKLO,mortgage,207694,360,773,low,approved,207694,call_center,false,631
app_20250127_00003716,2025-01-27 21:46:39,cust_6419752,PORP,education_loan,30308,36,623,medium,approved,30308,web,true,647
app_20250127_00003717,2025-01-27 01:18:11,cust_4413240,AUTR,credit_card,40565,18,618,medium,approved,40565,mobile_app,false,294
app_20250127_00003718,2025-01-27 12:58:31,cust_4985933,DEHE,business_loan,22997,12,787,low,approved,22997,partner,true,467
app_20250127_00003719,2025-01-27 17:16:59,cust_8661943,SESV,education_loan,6777,24,669,medium,approved,6777,mobile,false,720
app_20250127_00003720,2025-01-27 16:31:33,cust_2745452,NLAM,education_loan,36164,12,740,low,approved,36164,branch,false,320
app_20250127_00003721,2025-01-27 05:11:13,cust_9346944,ITMI,refinance,446109,360,538,medium,approved,446109,mobile_app,false,719
app_20250127_00003722,2025-01-27 20:41:07,cust_2677976,PLWA,cash_loan,31526,30,716,low,approved,31526,online_banking,false,790
app_20250127_00003723,2025-01-27 02:00:59,cust_6033241,PLWA,credit_card,44501,42,607,medium,approved,44501,atm,true,364
app_20250127_00003724,2025-01-27 23:51:21,cust_7961692,ESMA,education_loan,36369,48,603,medium,rejected,0,branch,true,28
app_20250127_00003725,2025-01-27 07:22:29,cust_9600653,NLAM,cash_loan,13545,42,650,medium,approved,13545,partner,false,883
app_20250127_00003726,2025-01-27 07:46:47,cust_8857407,DEHE,mortgage,277783,180,768,low,rejected,0,mobile_app,false,104
app_20250127_00003727,2025-01-27 17:21:25,cust_7008461,AUTR,mortgage,319672,240,624,medium,rejected,0,partner,false,123
app_20250127_00003728,2025-01-27 13:40:17,cust_9888528,PLWA,refinance,134805,360,773,low,approved,134805,mobile_app,true,373
app_20250127_00003729,2025-01-27 19:03:16,cust_2164783,PLWA,mortgage,239383,300,714,low,approved,239383,web,true,319
app_20250127_00003730,2025-01-27 02:05:29,cust_4430781,AUTR,business_loan,29709,48,674,medium,approved,29709,web,false,849
app_20250127_00003731,2025-01-27 00:00:16,cust_4201319,ESMA,refinance,480742,120,562,medium,approved,480742,web,false,552
app_20250127_00003732,2025-01-27 03:19:31,cust_5587719,PORP,credit_card,34551,30,760,low,approved,34551,mobile,false,843
app_20250127_00003733,2025-01-27 07:47:10,cust_4612571,SESV,auto_loan,22320,24,723,low,approved,22320,branch,false,214
app_20250127_00003734,2025-01-27 20:38:24,cust_7165592,CZPR,personal_loan,43094,18,582,medium,rejected,0,call_center,false,33
app_20250127_00003735,2025-01-27 19:59:43,cust_8617240,DEHE,refinance,213773,240,452,high,approved,213773,branch,true,164
app_20250127_00003736,2025-01-27 13:42:09,cust_4510595,UKLO,education_loan,25574,12,444,high,rejected,0,partner,true,154
app_20250127_00003737,2025-01-27 20:49:27,cust_4349333,GRRE,cash_loan,4535,42,647,medium,approved,4535,call_center,true,758
app_20250127_00003738,2025-01-27 08:16:40,cust_1210108,AUTR,refinance,312523,120,803,low,approved,312523,mobile_app,false,707
app_20250127_00003739,2025-01-27 06:54:14,cust_5449081,ATVI,mortgage,166642,300,685,medium,approved,166642,branch,false,167
app_20250127_00003740,2025-01-27 03:27:51,cust_7960293,AUTR,mortgage,390943,120,674,medium,approved,390943,mobile_app,true,478
app_20250127_00003741,2025-01-27 00:03:18,cust_7807390,AUTR,business_loan,16403,48,745,low,approved,16403,online_banking,true,323
app_20250127_00003742,2025-01-27 20:35:16,cust_877092,FRID,business_loan,16803,24,766,low,approved,16803,web,true,504
app_20250127_00003743,2025-01-27 07:41:15,cust_3611662,SESV,education_loan,26548,48,728,low,approved,26548,mobile_app,false,822
app_20250127_00003744,2025-01-27 02:27:10,cust_1439069,DEHE,personal_loan,33986,18,679,medium,rejected,0,web,false,68
app_20250127_00003745,2025-01-27 11:27:02,cust_4047409,SESV,education_loan,11246,12,603,medium,approved,11246,atm,false,124
app_20250127_00003746,2025-01-27 05:52:36,cust_2789945,FRID,cash_loan,12925,18,692,medium,approved,12925,call_center,false,169
app_20250127_00003747,2025-01-27 05:20:20,cust_3240669,ATVI,personal_loan,40544,48,695,medium,approved,40544,call_center,true,723
app_20250127_00003748,2025-01-27 19:57:26,cust_6836322,ATVI,education_loan,2937,12,785,low,approved,2937,mobile,true,483
app_20250127_00003749,2025-01-27 07:01:15,cust_9752850,DEHE,credit_card,4054,18,738,low,approved,4054,mobile,true,666
app_20250127_00003750,2025-01-27 06:24:29,cust_3169619,UKLO,education_loan,30799,24,719,low,approved,30799,web,true,574
app_20250127_00003751,2025-01-27 01:03:49,cust_4382048,ATVI,personal_loan,30518,24,381,high,rejected,0,mobile,true,47
app_20250127_00003752,2025-01-27 01:10:17,cust_7137247,CHBE,cash_loan,17613,30,850,low,approved,17613,partner,false,101
app_20250127_00003753,2025-01-27 18:19:51,cust_2828336,CHBE,cash_loan,23961,30,640,medium,rejected,0,mobile_app,true,91
app_20250127_00003754,2025-01-27 07:40:28,cust_2100637,GRRE,auto_loan,37337,36,566,medium,approved,37337,mobile,false,867
app_20250127_00003755,2025-01-27 02:17:41,cust_7814827,PLWA,education_loan,31062,48,706,low,approved,31062,branch,false,386
app_20250127_00003756,2025-01-27 16:15:00,cust_9193341,PORP,auto_loan,9507,24,579,medium,rejected,0,mobile_app,false,131
app_20250127_00003757,2025-01-27 12:03:28,cust_7440706,PORP,refinance,120469,120,764,low,approved,120469,mobile,true,721
app_20250127_00003758,2025-01-27 01:39:53,cust_3827279,UKLO,auto_loan,38633,24,573,medium,rejected,0,mobile,false,114
app_20250127_00003759,2025-01-27 15:45:40,cust_2281917,SESV,credit_card,12482,36,701,low,approved,12482,online_banking,true,257
app_20250127_00003760,2025-01-27 13:55:43,cust_7365678,FRID,credit_card,2225,42,439,high,rejected,0,branch,false,169
app_20250127_00003761,2025-01-27 23:13:58,cust_9041324,PLWA,cash_loan,8223,30,640,medium,approved,8223,call_center,true,811
app_20250127_00003762,2025-01-27 17:04:25,cust_9045006,CZPR,personal_loan,17375,18,793,low,approved,17375,partner,true,569
app_20250127_00003763,2025-01-27 01:20:59,cust_5202159,ATVI,credit_card,43069,18,588,medium,approved,43069,web,false,193
app_20250127_00003764,2025-01-27 11:34:15,cust_9518857,BENL,education_loan,23724,24,493,high,rejected,0,branch,true,142
app_20250127_00003765,2025-01-27 17:04:50,cust_171977,DEHE,personal_loan,2880,42,733,low,approved,2880,branch,false,828
app_20250127_00003766,2025-01-27 02:23:42,cust_9596719,PORP,auto_loan,37316,24,679,medium,approved,37316,atm,false,693
app_20250127_00003767,2025-01-27 16:53:47,cust_3710969,FRID,refinance,429472,120,576,medium,approved,429472,partner,true,103
app_20250127_00003768,2025-01-27 08:44:53,cust_4894828,UKLO,cash_loan,44084,30,630,medium,rejected,0,online_banking,false,145
app_20250127_00003769,2025-01-27 03:27:19,cust_4161878,ESMA,credit_card,30790,24,658,medium,rejected,0,web,true,58
app_20250127_00003770,2025-01-27 04:27:52,cust_2346410,FRID,education_loan,33888,48,540,medium,approved,33888,mobile_app,true,156
app_20250127_00003771,2025-01-27 22:18:17,cust_1320467,SESV,business_loan,8813,60,521,medium,approved,8813,mobile_app,true,322
app_20250127_00003772,2025-01-27 03:42:10,cust_5412249,ATVI,cash_loan,44048,24,458,high,rejected,0,web,true,70
app_20250127_00003773,2025-01-27 19:14:06,cust_3844973,UKLO,business_loan,23266,60,633,medium,approved,23266,online_banking,false,474
app_20250127_00003774,2025-01-27 06:37:22,cust_4093424,DEHE,business_loan,32035,36,634,medium,approved,32035,web,true,685
app_20250127_00003775,2025-01-27 13:57:30,cust_6500295,GRRE,refinance,129065,240,640,medium,rejected,0,atm,false,6
app_20250127_00003776,2025-01-27 07:06:34,cust_8827340,CHBE,mortgage,187634,120,577,medium,approved,187634,partner,false,128
app_20250127_00003777,2025-01-27 00:51:02,cust_2879608,UKLO,business_loan,8082,12,615,medium,rejected,0,branch,false,15
app_20250127_00003778,2025-01-27 12:59:30,cust_9709343,UKLO,refinance,287027,300,565,medium,rejected,0,branch,true,51
app_20250127_00003779,2025-01-27 04:41:13,cust_8256251,FRID,personal_loan,46346,30,732,low,approved,46346,mobile,false,726
app_20250127_00003780,2025-01-27 14:12:10,cust_8677581,FRID,cash_loan,18667,48,559,medium,approved,18667,call_center,false,643
app_20250127_00003781,2025-01-27 21:12:29,cust_5992503,ESMA,credit_card,32257,36,803,low,approved,32257,mobile,false,883
app_20250127_00003782,2025-01-27 03:23:39,cust_4363700,CHBE,refinance,166728,120,670,medium,approved,166728,online_banking,true,759
app_20250127_00003783,2025-01-27 14:56:21,cust_1345381,DEHE,personal_loan,41398,18,624,medium,rejected,0,branch,true,49
app_20250127_00003784,2025-01-27 02:18:46,cust_1176337,AUTR,personal_loan,7363,36,621,medium,rejected,0,mobile,false,126
app_20250127_00003785,2025-01-27 18:32:40,cust_137094,ATVI,auto_loan,8972,60,442,high,rejected,0,branch,true,147
app_20250127_00003786,2025-01-27 12:08:04,cust_568058,PORP,credit_card,43870,30,845,low,approved,43870,mobile_app,true,773
app_20250127_00003787,2025-01-27 19:06:28,cust_6297089,UKLO,education_loan,7087,24,599,medium,approved,7087,web,true,257
app_20250127_00003788,2025-01-27 20:04:01,cust_2159696,CZPR,personal_loan,36979,24,561,medium,rejected,0,branch,true,88
app_20250127_00003789,2025-01-27 07:14:31,cust_2812393,CHBE,refinance,410983,120,574,medium,rejected,0,call_center,true,113
app_20250127_00003790,2025-01-27 21:33:25,cust_5134250,FRID,cash_loan,46261,30,746,low,approved,46261,mobile,true,699
app_20250127_00003791,2025-01-27 17:29:43,cust_7274175,SESV,credit_card,35347,48,530,medium,rejected,0,mobile_app,true,25
app_20250127_00003792,2025-01-27 11:46:39,cust_4449790,ITMI,refinance,438460,360,711,low,approved,438460,branch,true,570
app_20250127_00003793,2025-01-27 03:33:52,cust_8123215,NLAM,auto_loan,33233,24,850,low,approved,33233,mobile,true,40
app_20250127_00003794,2025-01-27 06:05:52,cust_3170636,ATVI,mortgage,161242,300,588,medium,rejected,0,partner,false,117
app_20250127_00003795,2025-01-27 21:00:36,cust_1091901,PORP,personal_loan,46470,18,720,low,approved,46470,web,true,766
app_20250127_00003796,2025-01-27 08:35:52,cust_4555601,PORP,credit_card,31293,42,655,medium,approved,31293,online_banking,false,896
app_20250127_00003797,2025-01-27 02:11:15,cust_326940,CHBE,cash_loan,31584,48,609,medium,approved,31584,atm,true,630
app_20250127_00003798,2025-01-27 03:54:03,cust_4332737,DEHE,credit_card,17721,24,757,low,approved,17721,call_center,true,650
app_20250127_00003799,2025-01-27 12:54:17,cust_996563,SESV,mortgage,346128,180,658,medium,approved,346128,web,false,647
app_20250127_00003800,2025-01-27 09:18:59,cust_5828862,GRRE,refinance,276938,360,710,low,approved,276938,partner,false,48
app_20250127_00003801,2025-01-27 18:32:08,cust_9481124,PLWA,auto_loan,40922,60,720,low,approved,40922,partner,true,621
app_20250127_00003802,2025-01-27 22:10:14,cust_9009077,AUTR,business_loan,32809,12,653,medium,approved,32809,mobile_app,true,345
app_20250127_00003803,2025-01-27 10:35:42,cust_1476851,CHBE,business_loan,18970,24,634,medium,approved,18970,mobile_app,false,756
app_20250127_00003804,2025-01-27 07:00:44,cust_2942814,PORP,cash_loan,26428,24,689,medium,approved,26428,branch,false,321
app_20250127_00003805,2025-01-27 12:51:49,cust_7986050,PLWA,mortgage,134945,180,850,low,approved,134945,branch,true,248
app_20250127_00003806,2025-01-27 04:47:58,cust_6905274,CHBE,business_loan,16814,60,784,low,approved,16814,atm,true,527
app_20250127_00003807,2025-01-27 16:07:27,cust_1738972,FRID,personal_loan,45320,12,732,low,approved,45320,partner,false,780
app_20250127_00003808,2025-01-27 02:30:08,cust_4991230,FRID,auto_loan,7867,48,661,medium,approved,7867,web,true,374
app_20250127_00003809,2025-01-27 09:12:17,cust_1418722,NLAM,mortgage,82070,240,611,medium,approved,82070,web,true,383
app_20250127_00003810,2025-01-27 18:31:15,cust_7650294,NLAM,business_loan,9515,24,604,medium,approved,9515,online_banking,true,93
app_20250127_00003811,2025-01-27 14:52:55,cust_4011299,PORP,cash_loan,20335,48,611,medium,rejected,0,call_center,false,58
app_20250127_00003812,2025-01-27 14:20:41,cust_4991251,UKLO,education_loan,15651,60,817,low,approved,15651,call_center,true,547
app_20250127_00003813,2025-01-27 19:05:11,cust_2434569,UKLO,auto_loan,32604,72,619,medium,rejected,0,mobile_app,false,117
app_20250127_00003814,2025-01-27 10:05:03,cust_8891138,ATVI,refinance,449081,240,583,medium,approved,449081,branch,false,661
app_20250127_00003815,2025-01-27 00:30:34,cust_2322243,BENL,business_loan,28823,36,597,medium,rejected,0,web,false,111
app_20250127_00003816,2025-01-27 23:07:14,cust_3181221,ESMA,education_loan,16332,60,600,medium,approved,16332,web,true,675
app_20250127_00003817,2025-01-27 06:57:10,cust_7818309,ATVI,credit_card,23842,36,645,medium,approved,23842,call_center,true,512
app_20250127_00003818,2025-01-27 19:36:05,cust_5375850,DEHE,business_loan,17511,60,675,medium,rejected,0,partner,true,113
app_20250127_00003819,2025-01-27 07:50:54,cust_3072121,FRID,auto_loan,58609,36,523,medium,rejected,0,mobile,false,179
app_20250127_00003820,2025-01-27 19:47:52,cust_5852548,ATVI,mortgage,191289,360,725,low,approved,191289,call_center,true,432
app_20250127_00003821,2025-01-27 03:55:07,cust_5380238,PLWA,mortgage,178325,300,554,medium,approved,178325,branch,false,581
app_20250127_00003822,2025-01-27 21:17:01,cust_669147,PLWA,refinance,63807,180,443,high,rejected,0,mobile,true,141
app_20250127_00003823,2025-01-27 13:40:50,cust_5810241,AUTR,business_loan,5777,60,779,low,approved,5777,mobile_app,true,166
app_20250127_00003824,2025-01-27 23:13:20,cust_940139,UKLO,mortgage,81795,120,770,low,approved,81795,partner,false,813
app_20250127_00003825,2025-01-27 03:52:41,cust_7805712,ESMA,business_loan,15114,60,618,medium,approved,15114,call_center,false,109
app_20250127_00003826,2025-01-27 08:34:49,cust_4329992,FRID,auto_loan,33739,60,582,medium,rejected,0,branch,false,39
app_20250127_00003827,2025-01-27 00:45:43,cust_3498411,FRID,business_loan,30444,12,744,low,approved,30444,online_banking,true,112
app_20250127_00003828,2025-01-27 12:00:47,cust_8496469,BENL,auto_loan,21454,60,657,medium,approved,21454,atm,false,561
app_20250127_00003829,2025-01-27 00:31:13,cust_536689,ESMA,cash_loan,30465,30,664,medium,approved,30465,atm,true,870
app_20250127_00003830,2025-01-27 20:03:05,cust_9823449,GRRE,cash_loan,26069,12,734,low,approved,26069,mobile,false,169
app_20250127_00003831,2025-01-27 20:47:47,cust_7800439,GRRE,credit_card,48512,30,645,medium,approved,48512,online_banking,false,83
app_20250127_00003832,2025-01-27 23:38:31,cust_3076058,AUTR,refinance,196537,180,664,medium,approved,196537,mobile_app,false,766
app_20250127_00003833,2025-01-27 07:12:20,cust_4772484,CZPR,cash_loan,41552,24,745,low,approved,41552,partner,true,436
app_20250127_00003834,2025-01-27 18:19:29,cust_756448,AUTR,credit_card,1870,42,588,medium,approved,1870,mobile_app,true,764
app_20250127_00003835,2025-01-27 16:46:22,cust_6620045,ITMI,cash_loan,31520,42,414,high,rejected,0,mobile_app,true,167
app_20250127_00003836,2025-01-27 17:56:32,cust_8773004,PLWA,business_loan,14737,48,544,medium,approved,14737,call_center,false,711
app_20250127_00003837,2025-01-27 15:00:40,cust_7850892,SESV,education_loan,16827,60,552,medium,rejected,0,call_center,true,23
app_20250127_00003838,2025-01-27 16:55:17,cust_562531,PORP,refinance,340149,240,649,medium,approved,340149,partner,true,725
app_20250127_00003839,2025-01-27 10:07:46,cust_4229568,FRID,auto_loan,8151,48,685,medium,approved,8151,mobile_app,true,123
app_20250127_00003840,2025-01-27 18:23:36,cust_1297317,PLWA,business_loan,16630,48,712,low,approved,16630,mobile_app,false,481
app_20250127_00003841,2025-01-27 13:52:37,cust_5649907,BENL,cash_loan,23094,42,617,medium,approved,23094,atm,true,467
app_20250127_00003842,2025-01-27 19:14:20,cust_1819053,AUTR,cash_loan,20757,42,683,medium,approved,20757,mobile,true,427
app_20250127_00003843,2025-01-27 17:47:37,cust_9231561,BENL,personal_loan,35398,36,426,high,rejected,0,online_banking,true,115
app_20250127_00003844,2025-01-27 01:19:03,cust_3126208,CHBE,mortgage,131033,120,772,low,approved,131033,mobile,false,292
app_20250127_00003845,2025-01-27 11:53:44,cust_8844680,PORP,business_loan,26116,24,644,medium,rejected,0,branch,true,44
app_20250127_00003846,2025-01-27 20:39:38,cust_2867739,AUTR,credit_card,5734,36,505,medium,rejected,0,call_center,true,133
app_20250127_00003847,2025-01-27 17:42:28,cust_6335335,AUTR,business_loan,18160,12,691,medium,approved,18160,partner,true,588
app_20250127_00003848,2025-01-27 22:07:43,cust_9547502,AUTR,credit_card,11187,18,406,high,rejected,0,online_banking,true,140
app_20250127_00003849,2025-01-27 17:16:25,cust_8795720,ATVI,auto_loan,38488,60,567,medium,rejected,0,mobile,true,8
app_20250127_00003850,2025-01-27 18:10:51,cust_4930681,SESV,business_loan,33941,60,712,low,approved,33941,mobile_app,false,851
app_20250127_00003851,2025-01-27 04:44:33,cust_9875486,CHBE,business_loan,14649,12,740,low,approved,14649,web,true,829
app_20250127_00003852,2025-01-27 00:44:12,cust_7601098,UKLO,auto_loan,54037,24,598,medium,approved,54037,online_banking,true,151
app_20250127_00003853,2025-01-27 14:40:19,cust_6694181,ITMI,cash_loan,24297,42,654,medium,approved,24297,atm,true,83
app_20250127_00003854,2025-01-27 18:58:50,cust_7566537,PORP,mortgage,214095,120,500,medium,rejected,0,atm,false,175
app_20250127_00003855,2025-01-27 16:57:31,cust_7769998,ESMA,credit_card,16132,36,782,low,approved,16132,mobile_app,true,280
app_20250127_00003856,2025-01-27 04:29:35,cust_9805457,ATVI,education_loan,13407,24,581,medium,rejected,0,mobile_app,true,55
app_20250127_00003857,2025-01-27 05:38:12,cust_8990432,ESMA,education_loan,29204,60,623,medium,approved,29204,call_center,true,68
app_20250127_00003858,2025-01-27 06:50:05,cust_3460196,BENL,personal_loan,11662,18,545,medium,approved,11662,partner,true,771
app_20250127_00003859,2025-01-27 15:34:38,cust_4682063,SESV,refinance,95062,240,525,medium,rejected,0,call_center,true,26
app_20250127_00003860,2025-01-27 13:12:21,cust_6909722,DEHE,credit_card,9063,36,651,medium,approved,9063,online_banking,true,352
app_20250127_00003861,2025-01-27 18:27:17,cust_654377,ESMA,education_loan,12849,12,484,high,rejected,0,web,false,70
app_20250127_00003862,2025-01-27 22:23:57,cust_7707782,DEHE,cash_loan,45238,18,558,medium,approved,45238,call_center,true,609
app_20250127_00003863,2025-01-27 22:02:41,cust_9938076,UKLO,personal_loan,23190,18,563,medium,rejected,0,partner,true,38
app_20250127_00003864,2025-01-27 17:44:24,cust_3755675,ATVI,auto_loan,20875,24,797,low,approved,20875,web,false,365
app_20250127_00003865,2025-01-27 18:52:19,cust_1797935,CZPR,business_loan,27966,48,755,low,approved,27966,atm,true,255
app_20250127_00003866,2025-01-27 11:12:20,cust_9837563,PLWA,personal_loan,43275,42,712,low,approved,43275,online_banking,true,308
app_20250127_00003867,2025-01-27 22:46:28,cust_948573,DEHE,credit_card,43436,30,508,medium,rejected,0,partner,true,51
app_20250127_00003868,2025-01-27 03:29:54,cust_2647345,ITMI,auto_loan,43636,36,614,medium,rejected,0,mobile,false,107
app_20250127_00003869,2025-01-27 01:09:48,cust_955034,AUTR,mortgage,119512,360,642,medium,approved,119512,atm,true,331
app_20250127_00003870,2025-01-27 07:10:59,cust_6987733,AUTR,business_loan,33303,60,635,medium,approved,33303,mobile,false,145
app_20250127_00003871,2025-01-27 06:47:23,cust_9101962,DEHE,refinance,411346,240,642,medium,approved,411346,mobile,false,269
app_20250127_00003872,2025-01-27 19:51:48,cust_6052613,FRID,refinance,139965,300,634,medium,rejected,0,partner,true,175
app_20250127_00003873,2025-01-27 14:33:48,cust_8226076,NLAM,mortgage,481574,300,678,medium,approved,481574,call_center,false,443
app_20250127_00003874,2025-01-27 01:13:14,cust_9040958,ESMA,business_loan,27015,60,619,medium,rejected,0,branch,false,66
app_20250127_00003875,2025-01-27 22:47:12,cust_787822,ATVI,education_loan,6642,48,613,medium,rejected,0,branch,false,149
app_20250127_00003876,2025-01-27 04:57:39,cust_6474720,DEHE,cash_loan,45325,30,633,medium,approved,45325,call_center,false,823
app_20250127_00003877,2025-01-27 15:12:29,cust_145051,ESMA,business_loan,2688,24,575,medium,approved,2688,mobile,true,553
app_20250127_00003878,2025-01-27 16:13:25,cust_3604322,DEHE,business_loan,39207,48,571,medium,rejected,0,mobile,true,104
app_20250127_00003879,2025-01-27 18:04:40,cust_6839091,GRRE,education_loan,5338,12,802,low,approved,5338,mobile_app,false,633
app_20250127_00003880,2025-01-27 08:15:56,cust_1991138,GRRE,personal_loan,24478,36,494,high,rejected,0,partner,true,75
app_20250127_00003881,2025-01-27 17:54:08,cust_8063499,SESV,credit_card,45760,42,759,low,approved,45760,web,true,401
app_20250127_00003882,2025-01-27 11:52:54,cust_7844679,NLAM,refinance,210507,300,674,medium,rejected,0,branch,true,16
app_20250127_00003883,2025-01-27 05:59:30,cust_6181331,PORP,mortgage,252235,240,810,low,approved,252235,call_center,false,288
app_20250127_00003884,2025-01-27 01:03:57,cust_9822425,UKLO,personal_loan,20478,36,490,high,rejected,0,partner,true,168
app_20250127_00003885,2025-01-27 11:59:53,cust_2804327,ESMA,education_loan,11597,36,590,medium,rejected,0,mobile_app,false,68
app_20250127_00003886,2025-01-27 05:04:20,cust_9147557,ATVI,personal_loan,49705,48,727,low,approved,49705,atm,false,460
app_20250127_00003887,2025-01-27 23:16:26,cust_4636169,BENL,education_loan,8063,48,690,medium,approved,8063,partner,false,311
app_20250127_00003888,2025-01-27 09:52:32,cust_8699745,CZPR,business_loan,8562,36,589,medium,approved,8562,mobile,false,660
app_20250127_00003889,2025-01-27 20:59:46,cust_5227887,DEHE,auto_loan,33241,48,606,medium,approved,33241,call_center,false,715
app_20250127_00003890,2025-01-27 22:48:01,cust_4511065,NLAM,mortgage,363277,180,663,medium,rejected,0,mobile_app,false,159
app_20250127_00003891,2025-01-27 13:13:54,cust_3661673,AUTR,credit_card,6188,36,769,low,approved,6188,web,false,772
app_20250127_00003892,2025-01-27 03:39:45,cust_5071644,DEHE,cash_loan,22261,12,549,medium,rejected,0,mobile_app,true,11
app_20250127_00003893,2025-01-27 13:56:19,cust_325583,CZPR,business_loan,7736,60,815,low,rejected,0,branch,false,130
app_20250127_00003894,2025-01-27 17:15:31,cust_3565635,ITMI,credit_card,12351,12,662,medium,approved,12351,atm,true,177
app_20250127_00003895,2025-01-27 19:36:49,cust_3109387,GRRE,personal_loan,10563,18,630,medium,rejected,0,web,true,65
app_20250127_00003896,2025-01-27 01:00:14,cust_1852155,ITMI,refinance,499576,300,850,low,approved,499576,mobile_app,false,164
app_20250127_00003897,2025-01-27 17:44:57,cust_7175010,NLAM,personal_loan,21602,42,645,medium,approved,21602,branch,false,824
app_20250127_00003898,2025-01-27 07:15:08,cust_9532949,CHBE,credit_card,42736,42,549,medium,rejected,0,online_banking,false,100
app_20250127_00003899,2025-01-27 22:02:37,cust_9428539,NLAM,credit_card,17289,42,792,low,approved,17289,mobile,true,32
app_20250127_00003900,2025-01-27 17:10:44,cust_3632464,UKLO,cash_loan,9685,12,687,medium,rejected,0,atm,false,11
app_20250127_00003901,2025-01-27 13:11:02,cust_7508259,GRRE,mortgage,405130,120,779,low,rejected,0,mobile,false,7
app_20250127_00003902,2025-01-27 21:21:11,cust_5423991,ESMA,mortgage,357886,180,753,low,approved,357886,branch,false,828
app_20250127_00003903,2025-01-27 08:20:28,cust_3046391,PLWA,personal_loan,37709,42,586,medium,rejected,0,branch,true,49
app_20250127_00003904,2025-01-27 23:14:33,cust_4895497,UKLO,cash_loan,7798,30,636,medium,rejected,0,branch,true,147
app_20250127_00003905,2025-01-27 21:51:14,cust_2789527,SESV,education_loan,27184,48,664,medium,approved,27184,mobile_app,false,554
app_20250127_00003906,2025-01-27 17:16:21,cust_5797880,GRRE,refinance,401843,240,748,low,approved,401843,web,false,851
app_20250127_00003907,2025-01-27 03:48:15,cust_9949259,GRRE,education_loan,24884,12,631,medium,approved,24884,branch,false,644
app_20250127_00003908,2025-01-27 21:47:23,cust_5747576,UKLO,cash_loan,39715,42,643,medium,approved,39715,atm,false,587
app_20250127_00003909,2025-01-27 15:58:21,cust_4992665,AUTR,personal_loan,35141,36,840,low,approved,35141,branch,true,541
app_20250127_00003910,2025-01-27 21:44:53,cust_1433614,CHBE,education_loan,4524,60,566,medium,approved,4524,atm,true,512
app_20250127_00003911,2025-01-27 04:07:25,cust_8194904,UKLO,refinance,314393,300,691,medium,rejected,0,call_center,false,115
app_20250127_00003912,2025-01-27 22:31:56,cust_5642992,NLAM,refinance,158269,180,690,medium,approved,158269,branch,false,320
app_20250127_00003913,2025-01-27 10:50:44,cust_4045742,CHBE,personal_loan,28289,30,796,low,approved,28289,mobile,true,68
app_20250127_00003914,2025-01-27 15:13:15,cust_638988,ATVI,refinance,207676,180,642,medium,approved,207676,web,true,117
app_20250127_00003915,2025-01-27 06:04:09,cust_2634362,ESMA,cash_loan,18445,24,732,low,approved,18445,mobile,false,199
app_20250127_00003916,2025-01-27 18:19:37,cust_7628160,ESMA,credit_card,34534,24,466,high,rejected,0,partner,false,132
app_20250127_00003917,2025-01-27 04:07:17,cust_1978072,PLWA,credit_card,14655,30,662,medium,approved,14655,web,true,678
app_20250127_00003918,2025-01-27 17:57:57,cust_2951907,SESV,credit_card,43982,18,672,medium,approved,43982,call_center,true,680
app_20250127_00003919,2025-01-27 23:12:26,cust_6487157,CHBE,personal_loan,19014,12,764,low,approved,19014,partner,false,658
app_20250127_00003920,2025-01-27 08:53:43,cust_9474782,ITMI,personal_loan,7933,18,566,medium,approved,7933,web,false,208
app_20250127_00003921,2025-01-27 15:41:54,cust_4107198,BENL,personal_loan,29912,18,536,medium,rejected,0,branch,true,61
app_20250127_00003922,2025-01-27 09:32:42,cust_8069001,GRRE,mortgage,416362,300,686,medium,approved,416362,mobile_app,true,827
app_20250127_00003923,2025-01-27 18:08:35,cust_165507,CZPR,cash_loan,29522,18,622,medium,rejected,0,atm,true,43
app_20250127_00003924,2025-01-27 01:50:25,cust_1186431,UKLO,personal_loan,3866,12,544,medium,rejected,0,atm,false,168
app_20250127_00003925,2025-01-27 08:12:41,cust_2901035,UKLO,refinance,122089,180,730,low,approved,122089,mobile_app,false,397
app_20250127_00003926,2025-01-27 20:16:20,cust_6619447,NLAM,mortgage,258342,300,661,medium,approved,258342,partner,false,492
app_20250127_00003927,2025-01-27 07:45:12,cust_2760160,SESV,cash_loan,8475,18,444,high,approved,8475,mobile_app,true,354
app_20250127_00003928,2025-01-27 04:59:58,cust_1723920,UKLO,refinance,222297,360,475,high,rejected,0,mobile,true,31
app_20250127_00003929,2025-01-27 14:06:35,cust_2325166,AUTR,refinance,291843,240,708,low,rejected,0,mobile_app,true,124
app_20250127_00003930,2025-01-27 01:01:17,cust_940845,ATVI,cash_loan,45013,18,718,low,approved,45013,partner,true,173
app_20250127_00003931,2025-01-27 19:24:10,cust_3753738,FRID,auto_loan,16543,24,718,low,approved,16543,mobile,true,274
app_20250127_00003932,2025-01-27 21:45:48,cust_7523642,FRID,business_loan,19086,60,681,medium,approved,19086,partner,false,101
app_20250127_00003933,2025-01-27 16:42:20,cust_346959,BENL,mortgage,273765,120,590,medium,approved,273765,web,true,478
app_20250127_00003934,2025-01-27 14:24:45,cust_275692,UKLO,education_loan,37138,48,576,medium,approved,37138,mobile,true,708
app_20250127_00003935,2025-01-27 05:19:53,cust_2460024,DEHE,credit_card,4385,24,847,low,approved,4385,partner,false,816
app_20250127_00003936,2025-01-27 14:29:37,cust_293014,CHBE,auto_loan,19188,24,664,medium,rejected,0,online_banking,true,29
app_20250127_00003937,2025-01-27 14:00:36,cust_6393686,CHBE,education_loan,28727,36,737,low,approved,28727,branch,false,489
app_20250127_00003938,2025-01-27 23:12:34,cust_3230092,BENL,credit_card,24924,12,744,low,approved,24924,web,false,505
app_20250127_00003939,2025-01-27 21:02:26,cust_1635823,NLAM,cash_loan,20524,36,580,medium,rejected,0,web,false,43
app_20250127_00003940,2025-01-27 04:43:52,cust_1370697,PLWA,personal_loan,24319,24,788,low,approved,24319,atm,false,835
app_20250127_00003941,2025-01-27 01:46:33,cust_1823213,UKLO,personal_loan,13929,48,721,low,approved,13929,web,true,334
app_20250127_00003942,2025-01-27 03:32:26,cust_1826860,PORP,refinance,428254,360,714,low,approved,428254,mobile_app,false,395
app_20250127_00003943,2025-01-27 11:05:15,cust_7333794,ESMA,refinance,92879,360,654,medium,approved,92879,web,true,849
app_20250127_00003944,2025-01-27 19:22:23,cust_9539353,ESMA,cash_loan,31661,18,773,low,approved,31661,atm,true,499
app_20250127_00003945,2025-01-27 17:41:21,cust_3153298,CZPR,personal_loan,10294,18,537,medium,rejected,0,partner,true,175
app_20250127_00003946,2025-01-27 22:43:08,cust_3391987,FRID,education_loan,26046,12,846,low,approved,26046,mobile_app,false,222
app_20250127_00003947,2025-01-27 00:28:45,cust_5870801,BENL,business_loan,6413,36,749,low,approved,6413,partner,false,134
app_20250127_00003948,2025-01-27 22:47:43,cust_8031273,ITMI,cash_loan,48223,12,553,medium,rejected,0,call_center,false,88
app_20250127_00003949,2025-01-27 07:14:46,cust_7332093,UKLO,auto_loan,38599,24,561,medium,rejected,0,mobile_app,true,85
app_20250127_00003950,2025-01-27 17:14:10,cust_4906766,ITMI,cash_loan,10376,42,733,low,rejected,0,branch,true,20
app_20250127_00003951,2025-01-27 18:04:07,cust_4970048,GRRE,refinance,375598,120,598,medium,approved,375598,online_banking,true,403
app_20250127_00003952,2025-01-27 16:04:49,cust_9749550,AUTR,education_loan,26373,24,640,medium,rejected,0,call_center,true,18
app_20250127_00003953,2025-01-27 03:30:24,cust_9761972,DEHE,auto_loan,53936,48,449,high,rejected,0,partner,true,113
app_20250127_00003954,2025-01-27 15:40:08,cust_537561,PORP,personal_loan,44674,24,599,medium,rejected,0,branch,false,14
app_20250127_00003955,2025-01-27 14:14:26,cust_1304168,BENL,refinance,145069,360,674,medium,approved,145069,call_center,false,851
app_20250127_00003956,2025-01-27 03:41:26,cust_626752,ITMI,personal_loan,43520,30,632,medium,approved,43520,atm,true,237
app_20250127_00003957,2025-01-27 20:43:19,cust_2056246,ATVI,cash_loan,23704,42,718,low,approved,23704,atm,true,231
app_20250127_00003958,2025-01-27 13:01:34,cust_4354781,CZPR,cash_loan,28193,18,588,medium,rejected,0,partner,false,86
app_20250127_00003959,2025-01-27 09:41:47,cust_944497,PLWA,personal_loan,19481,48,602,medium,approved,19481,mobile,false,459
app_20250127_00003960,2025-01-27 17:30:31,cust_333323,UKLO,personal_loan,35601,36,656,medium,rejected,0,mobile,true,119
app_20250127_00003961,2025-01-27 12:11:04,cust_9876243,ATVI,auto_loan,36667,36,527,medium,rejected,0,online_banking,false,161
app_20250127_00003962,2025-01-27 21:18:31,cust_9387967,PLWA,credit_card,47401,42,823,low,approved,47401,call_center,true,478
app_20250127_00003963,2025-01-27 16:41:41,cust_8595441,AUTR,credit_card,48238,12,729,low,rejected,0,branch,false,23
app_20250127_00003964,2025-01-27 23:07:15,cust_9096936,ATVI,personal_loan,8889,48,427,high,rejected,0,web,false,179
app_20250127_00003965,2025-01-27 01:13:23,cust_1347426,CHBE,auto_loan,28962,24,632,medium,approved,28962,branch,false,850
app_20250127_00003966,2025-01-27 07:37:29,cust_6822665,PLWA,education_loan,34668,12,494,high,rejected,0,atm,false,59
app_20250127_00003967,2025-01-27 19:06:12,cust_7127495,ITMI,business_loan,36420,12,617,medium,approved,36420,mobile,true,733
app_20250127_00003968,2025-01-27 08:52:54,cust_3538831,AUTR,mortgage,77659,180,696,medium,rejected,0,mobile,true,80
app_20250127_00003969,2025-01-27 11:23:50,cust_5499938,CZPR,business_loan,30560,12,524,medium,rejected,0,web,false,176
app_20250127_00003970,2025-01-27 15:10:44,cust_9129955,BENL,mortgage,298965,300,551,medium,rejected,0,partner,false,68
app_20250127_00003971,2025-01-27 07:01:53,cust_6421134,PLWA,business_loan,38105,24,636,medium,approved,38105,mobile_app,false,756
app_20250127_00003972,2025-01-27 02:23:44,cust_3610899,GRRE,cash_loan,9750,36,764,low,rejected,0,atm,false,170
app_20250127_00003973,2025-01-27 04:54:15,cust_7153804,DEHE,refinance,415905,240,762,low,approved,415905,call_center,false,71
app_20250127_00003974,2025-01-27 09:59:43,cust_3199226,AUTR,refinance,86522,300,760,low,approved,86522,online_banking,true,254
app_20250127_00003975,2025-01-27 03:22:31,cust_3711764,AUTR,auto_loan,37020,48,722,low,approved,37020,branch,true,158
app_20250127_00003976,2025-01-27 19:10:09,cust_1247972,GRRE,auto_loan,43122,60,775,low,approved,43122,online_banking,false,189
app_20250127_00003977,2025-01-27 16:19:15,cust_493823,GRRE,credit_card,40732,42,836,low,approved,40732,partner,true,864
app_20250127_00003978,2025-01-27 03:05:14,cust_6177989,CHBE,mortgage,58306,300,606,medium,rejected,0,mobile,false,86
app_20250127_00003979,2025-01-27 22:01:46,cust_490707,FRID,education_loan,39132,36,544,medium,approved,39132,mobile_app,true,154
app_20250127_00003980,2025-01-27 08:12:03,cust_6429229,BENL,business_loan,12327,60,835,low,approved,12327,branch,true,46
app_20250127_00003981,2025-01-27 12:31:09,cust_5890341,GRRE,credit_card,15351,12,598,medium,approved,15351,mobile_app,true,897
app_20250127_00003982,2025-01-27 06:08:49,cust_1854768,BENL,mortgage,205371,360,742,low,approved,205371,online_banking,true,643
app_20250127_00003983,2025-01-27 23:39:05,cust_4690086,NLAM,business_loan,36723,36,578,medium,rejected,0,partner,false,71
app_20250127_00003984,2025-01-27 13:25:42,cust_4533642,ATVI,personal_loan,18331,30,719,low,approved,18331,mobile,true,355
app_20250127_00003985,2025-01-27 23:02:53,cust_5396645,CZPR,credit_card,41453,24,727,low,rejected,0,partner,false,24
app_20250127_00003986,2025-01-27 04:36:47,cust_3476645,ITMI,cash_loan,13432,48,808,low,approved,13432,mobile_app,true,402
app_20250127_00003987,2025-01-27 04:44:30,cust_2356099,DEHE,auto_loan,46294,36,523,medium,approved,46294,branch,false,65
app_20250127_00003988,2025-01-27 22:42:28,cust_7050434,DEHE,mortgage,162249,360,525,medium,approved,162249,atm,true,250
app_20250127_00003989,2025-01-27 05:58:27,cust_5158735,UKLO,cash_loan,8818,36,659,medium,approved,8818,mobile_app,true,683
app_20250127_00003990,2025-01-27 03:01:44,cust_2863396,UKLO,refinance,225211,180,685,medium,approved,225211,partner,true,652
app_20250127_00003991,2025-01-27 09:39:42,cust_5666339,CZPR,cash_loan,23755,12,658,medium,approved,23755,branch,false,56
app_20250127_00003992,2025-01-27 04:47:22,cust_8726641,NLAM,education_loan,36149,36,700,low,approved,36149,mobile,false,751
app_20250127_00003993,2025-01-27 01:59:15,cust_2520823,PLWA,cash_loan,37628,24,649,medium,approved,37628,online_banking,false,707
app_20250127_00003994,2025-01-27 01:35:39,cust_6498969,PLWA,business_loan,22705,24,695,medium,approved,22705,partner,true,564
app_20250127_00003995,2025-01-27 07:43:18,cust_2174346,GRRE,education_loan,18209,12,666,medium,approved,18209,mobile_app,false,288
app_20250127_00003996,2025-01-27 15:54:29,cust_6476131,BENL,credit_card,14939,42,803,low,approved,14939,mobile_app,true,647
app_20250127_00003997,2025-01-27 06:32:30,cust_2048980,ATVI,credit_card,12603,30,693,medium,approved,12603,partner,false,256
app_20250127_00003998,2025-01-27 02:53:59,cust_1377976,ITMI,mortgage,130058,180,583,medium,approved,130058,mobile,true,787
app_20250127_00003999,2025-01-27 04:08:43,cust_4805160,PORP,education_loan,33666,12,597,medium,approved,33666,atm,false,424
app_20250127_00004000,2025-01-27 22:22:34,cust_4673039,ESMA,education_loan,22774,36,687,medium,rejected,0,call_center,false,81
app_20250127_00004001,2025-01-27 05:55:25,cust_2430735,GRRE,personal_loan,33109,48,712,low,approved,33109,partner,false,764
app_20250127_00004002,2025-01-27 07:00:33,cust_3586751,ITMI,business_loan,34764,24,648,medium,approved,34764,atm,false,450
app_20250127_00004003,2025-01-27 15:34:38,cust_4751435,ATVI,education_loan,30397,60,518,medium,rejected,0,call_center,false,69
app_20250127_00004004,2025-01-27 16:51:18,cust_2131999,FRID,credit_card,34084,42,415,high,approved,34084,branch,false,822
app_20250127_00004005,2025-01-27 13:36:06,cust_6709793,CZPR,business_loan,21989,24,714,low,approved,21989,web,false,448
app_20250127_00004006,2025-01-27 11:52:46,cust_1800625,DEHE,mortgage,469842,180,801,low,rejected,0,atm,false,20
app_20250127_00004007,2025-01-27 16:54:14,cust_7031782,CHBE,refinance,374815,240,647,medium,rejected,0,call_center,true,68
app_20250127_00004008,2025-01-27 17:26:14,cust_3370174,NLAM,credit_card,29236,36,565,medium,approved,29236,atm,true,609
app_20250127_00004009,2025-01-27 20:37:08,cust_1536516,GRRE,mortgage,92176,300,624,medium,approved,92176,web,true,697
app_20250127_00004010,2025-01-27 06:20:53,cust_641769,ESMA,mortgage,217391,240,540,medium,rejected,0,partner,false,41
app_20250127_00004011,2025-01-27 18:48:52,cust_2328863,BENL,education_loan,39213,12,614,medium,approved,39213,mobile_app,true,88
app_20250127_00004012,2025-01-27 18:53:09,cust_6767891,NLAM,business_loan,7899,24,753,low,approved,7899,call_center,true,855
app_20250127_00004013,2025-01-27 11:54:00,cust_6307453,GRRE,auto_loan,32218,60,778,low,approved,32218,online_banking,false,296
app_20250127_00004014,2025-01-27 17:12:26,cust_6467443,NLAM,mortgage,288646,240,464,high,rejected,0,web,false,53
app_20250127_00004015,2025-01-27 02:51:22,cust_7526780,NLAM,mortgage,266052,300,632,medium,rejected,0,web,false,128
app_20250127_00004016,2025-01-27 10:29:36,cust_5094527,BENL,personal_loan,4705,48,564,medium,approved,4705,mobile,false,875
app_20250127_00004017,2025-01-27 22:00:33,cust_3335628,PORP,business_loan,38583,12,642,medium,approved,38583,web,true,814
app_20250127_00004018,2025-01-27 14:36:40,cust_7588420,ATVI,education_loan,37412,60,649,medium,approved,37412,branch,false,660
app_20250127_00004019,2025-01-27 07:47:14,cust_5769542,NLAM,refinance,308823,180,850,low,approved,308823,call_center,true,759
app_20250127_00004020,2025-01-27 16:48:35,cust_2844493,UKLO,business_loan,37628,12,755,low,approved,37628,call_center,false,891
app_20250127_00004021,2025-01-27 00:30:44,cust_8979131,GRRE,cash_loan,17736,42,670,medium,rejected,0,online_banking,true,10
app_20250127_00004022,2025-01-27 17:14:07,cust_6837389,ESMA,personal_loan,16031,30,550,medium,approved,16031,atm,false,737
app_20250127_00004023,2025-01-27 02:52:24,cust_7511513,CHBE,cash_loan,47739,24,845,low,approved,47739,online_banking,false,117
app_20250127_00004024,2025-01-27 00:26:03,cust_1668253,AUTR,education_loan,24660,24,557,medium,approved,24660,atm,true,678
app_20250127_00004025,2025-01-27 16:42:43,cust_4798403,SESV,business_loan,3703,60,584,medium,rejected,0,branch,true,24
app_20250127_00004026,2025-01-27 21:02:23,cust_1646927,CZPR,mortgage,413713,300,607,medium,approved,413713,partner,true,477
app_20250127_00004027,2025-01-27 05:33:30,cust_3440561,AUTR,mortgage,128398,240,683,medium,rejected,0,branch,false,15
app_20250127_00004028,2025-01-27 07:18:59,cust_8241824,PLWA,education_loan,11214,60,760,low,approved,11214,web,true,467
app_20250127_00004029,2025-01-27 14:37:57,cust_7668634,ESMA,education_loan,39410,36,545,medium,approved,39410,mobile_app,true,501
app_20250127_00004030,2025-01-27 12:05:07,cust_6714949,BENL,personal_loan,9368,36,573,medium,rejected,0,branch,true,146
app_20250127_00004031,2025-01-27 16:03:33,cust_536204,PLWA,cash_loan,7657,30,743,low,approved,7657,mobile_app,false,401
app_20250127_00004032,2025-01-27 00:37:48,cust_8813145,NLAM,mortgage,439388,120,603,medium,approved,439388,mobile_app,false,680
app_20250127_00004033,2025-01-27 19:45:24,cust_1110777,CZPR,mortgage,496985,300,498,high,rejected,0,atm,true,70
app_20250127_00004034,2025-01-27 12:41:17,cust_5338459,CZPR,auto_loan,24116,72,756,low,approved,24116,mobile_app,false,664
app_20250127_00004035,2025-01-27 23:54:10,cust_8817567,SESV,credit_card,48891,36,535,medium,rejected,0,web,true,109
app_20250127_00004036,2025-01-27 18:46:04,cust_8016080,UKLO,auto_loan,9321,36,820,low,approved,9321,branch,false,79
app_20250127_00004037,2025-01-27 09:29:25,cust_7741959,ATVI,personal_loan,18256,18,835,low,approved,18256,partner,false,384
app_20250127_00004038,2025-01-27 10:45:45,cust_2859626,PORP,auto_loan,28237,24,513,medium,rejected,0,partner,true,73
app_20250127_00004039,2025-01-27 13:04:30,cust_6966626,SESV,personal_loan,22599,36,534,medium,rejected,0,atm,true,69
app_20250127_00004040,2025-01-27 05:14:08,cust_4469505,BENL,mortgage,470459,300,757,low,approved,470459,web,true,324
app_20250127_00004041,2025-01-27 21:03:11,cust_778116,PLWA,credit_card,7096,24,482,high,rejected,0,mobile,true,148
app_20250127_00004042,2025-01-27 05:35:33,cust_3993974,CZPR,business_loan,19211,36,796,low,approved,19211,online_banking,false,108
app_20250127_00004043,2025-01-27 21:35:00,cust_9298233,SESV,mortgage,251733,120,572,medium,rejected,0,web,false,98
app_20250127_00004044,2025-01-27 18:19:08,cust_920846,SESV,cash_loan,47119,48,840,low,approved,47119,web,false,491
app_20250127_00004045,2025-01-27 04:31:21,cust_9847534,FRID,auto_loan,36372,36,569,medium,rejected,0,atm,true,5
app_20250127_00004046,2025-01-27 10:57:33,cust_9427004,DEHE,personal_loan,42401,18,595,medium,approved,42401,web,false,31
app_20250127_00004047,2025-01-27 16:16:06,cust_6581038,ATVI,cash_loan,13817,48,767,low,approved,13817,mobile,true,325
app_20250127_00004048,2025-01-27 10:13:53,cust_4969018,DEHE,business_loan,37550,36,789,low,approved,37550,call_center,true,407
app_20250127_00004049,2025-01-27 14:14:40,cust_9148268,GRRE,refinance,496515,300,713,low,rejected,0,mobile_app,false,10
app_20250127_00004050,2025-01-27 04:11:02,cust_7049034,NLAM,auto_loan,59604,72,635,medium,approved,59604,web,true,592
app_20250127_00004051,2025-01-27 23:25:16,cust_2674735,ITMI,refinance,461256,240,757,low,approved,461256,branch,true,558
app_20250127_00004052,2025-01-27 10:26:14,cust_8126639,PLWA,personal_loan,35135,12,605,medium,approved,35135,mobile_app,false,331
app_20250127_00004053,2025-01-27 05:58:11,cust_8226933,ESMA,education_loan,4017,24,520,medium,rejected,0,mobile,false,100
app_20250127_00004054,2025-01-27 06:33:27,cust_9922296,CZPR,mortgage,348612,120,755,low,approved,348612,online_banking,true,237
app_20250127_00004055,2025-01-27 19:43:38,cust_3092782,ATVI,auto_loan,43976,48,464,high,rejected,0,mobile,false,134
app_20250127_00004056,2025-01-27 21:50:23,cust_4177167,GRRE,cash_loan,36777,24,638,medium,rejected,0,call_center,true,15
app_20250127_00004057,2025-01-27 23:23:10,cust_4886804,NLAM,cash_loan,30332,12,526,medium,rejected,0,online_banking,true,136
app_20250127_00004058,2025-01-27 04:50:02,cust_4206028,AUTR,personal_loan,48410,24,614,medium,approved,48410,atm,false,189
app_20250127_00004059,2025-01-27 22:08:36,cust_1421515,NLAM,business_loan,30311,36,799,low,approved,30311,mobile_app,true,800
app_20250127_00004060,2025-01-27 16:43:25,cust_8032255,ATVI,personal_loan,15310,42,801,low,approved,15310,atm,true,836
app_20250127_00004061,2025-01-27 03:55:12,cust_5838891,SESV,credit_card,8576,48,535,medium,rejected,0,web,false,146
app_20250127_00004062,2025-01-27 23:33:50,cust_4796048,GRRE,education_loan,27411,36,814,low,approved,27411,online_banking,false,747
app_20250127_00004063,2025-01-27 10:41:58,cust_705920,FRID,personal_loan,1733,24,629,medium,approved,1733,call_center,false,149
app_20250127_00004064,2025-01-27 07:12:42,cust_2885913,PORP,personal_loan,34543,12,730,low,approved,34543,online_banking,false,860
app_20250127_00004065,2025-01-27 00:03:35,cust_7344510,SESV,personal_loan,46459,42,675,medium,approved,46459,partner,false,800
app_20250127_00004066,2025-01-27 17:49:37,cust_4270514,NLAM,mortgage,492443,120,710,low,approved,492443,mobile_app,true,307
app_20250127_00004067,2025-01-27 18:13:14,cust_5491630,CHBE,personal_loan,13232,18,665,medium,approved,13232,mobile_app,true,289
app_20250127_00004068,2025-01-27 21:23:44,cust_352621,PORP,refinance,51122,300,671,medium,approved,51122,web,true,418
app_20250127_00004069,2025-01-27 02:55:13,cust_6698422,FRID,personal_loan,43072,36,732,low,approved,43072,mobile,false,643
app_20250127_00004070,2025-01-27 12:03:58,cust_8144219,CHBE,refinance,180884,360,592,medium,rejected,0,partner,true,48
app_20250127_00004071,2025-01-27 12:55:25,cust_6103176,UKLO,education_loan,23719,36,699,medium,rejected,0,atm,true,23
app_20250127_00004072,2025-01-27 03:13:29,cust_5018161,BENL,personal_loan,47855,48,543,medium,rejected,0,atm,true,118
app_20250127_00004073,2025-01-27 12:23:42,cust_6882986,PORP,credit_card,33581,30,725,low,approved,33581,web,false,243
app_20250127_00004074,2025-01-27 22:57:54,cust_730161,AUTR,auto_loan,22433,48,484,high,rejected,0,atm,false,102
app_20250127_00004075,2025-01-27 02:27:23,cust_8015438,UKLO,cash_loan,11745,36,737,low,approved,11745,branch,true,77
app_20250127_00004076,2025-01-27 08:25:18,cust_1715791,CZPR,cash_loan,20631,48,581,medium,rejected,0,mobile,true,76
app_20250127_00004077,2025-01-27 14:26:19,cust_2704687,CHBE,cash_loan,34840,48,565,medium,rejected,0,branch,false,124
app_20250127_00004078,2025-01-27 17:27:23,cust_7283103,BENL,refinance,98434,240,681,medium,approved,98434,online_banking,true,73
app_20250127_00004079,2025-01-27 19:39:42,cust_1826142,PORP,education_loan,19978,36,520,medium,rejected,0,online_banking,true,178
app_20250127_00004080,2025-01-27 19:35:14,cust_6788634,ESMA,cash_loan,3435,24,850,low,approved,3435,mobile_app,false,551
app_20250127_00004081,2025-01-27 06:17:55,cust_5736814,ITMI,auto_loan,23246,24,582,medium,rejected,0,call_center,false,56
app_20250127_00004082,2025-01-27 22:49:45,cust_8317850,UKLO,business_loan,24658,60,482,high,rejected,0,call_center,false,131
app_20250127_00004083,2025-01-27 11:20:50,cust_7430393,CZPR,auto_loan,55941,60,551,medium,rejected,0,branch,true,110
app_20250127_00004084,2025-01-27 03:21:02,cust_2501012,CHBE,refinance,151556,120,486,high,rejected,0,mobile,false,55
app_20250127_00004085,2025-01-27 03:13:35,cust_3472963,CHBE,refinance,451160,120,707,low,approved,451160,call_center,false,67
app_20250127_00004086,2025-01-27 00:02:41,cust_4025191,PLWA,personal_loan,2943,30,636,medium,approved,2943,web,true,686
app_20250127_00004087,2025-01-27 00:47:49,cust_6490739,BENL,personal_loan,33072,42,850,low,approved,33072,mobile_app,false,758
app_20250127_00004088,2025-01-27 03:51:46,cust_8704543,AUTR,auto_loan,45756,72,635,medium,approved,45756,atm,true,55
app_20250127_00004089,2025-01-27 07:09:40,cust_9727405,ESMA,education_loan,10501,36,457,high,rejected,0,mobile_app,false,166
app_20250127_00004090,2025-01-27 16:20:22,cust_5025898,SESV,auto_loan,6358,72,531,medium,rejected,0,mobile,false,166
app_20250127_00004091,2025-01-27 08:28:09,cust_2335597,ATVI,personal_loan,19313,12,832,low,approved,19313,mobile,false,50
app_20250127_00004092,2025-01-27 20:47:31,cust_8689784,PLWA,credit_card,27527,48,719,low,approved,27527,online_banking,false,33
app_20250127_00004093,2025-01-27 01:39:53,cust_4141494,BENL,education_loan,9045,36,670,medium,rejected,0,atm,true,39
app_20250127_00004094,2025-01-27 09:17:01,cust_7504969,PLWA,credit_card,8011,48,617,medium,rejected,0,branch,false,143
app_20250127_00004095,2025-01-27 17:15:23,cust_3435303,ITMI,refinance,411528,300,664,medium,approved,411528,web,true,269
app_20250127_00004096,2025-01-27 09:08:24,cust_3401839,ATVI,education_loan,3887,48,647,medium,rejected,0,mobile_app,true,171
app_20250127_00004097,2025-01-27 16:39:07,cust_3736401,NLAM,business_loan,33015,36,665,medium,approved,33015,online_banking,true,731
app_20250127_00004098,2025-01-27 21:12:01,cust_4085187,PLWA,education_loan,5193,24,850,low,approved,5193,mobile,true,162
app_20250127_00004099,2025-01-27 07:04:01,cust_6234584,AUTR,business_loan,12905,24,802,low,approved,12905,call_center,true,278
app_20250127_00004100,2025-01-27 15:11:01,cust_7180038,BENL,education_loan,37781,36,623,medium,approved,37781,mobile,true,615
app_20250127_00004101,2025-01-27 03:37:55,cust_2040158,PLWA,refinance,325090,300,604,medium,approved,325090,call_center,true,136
app_20250127_00004102,2025-01-27 00:02:46,cust_3422846,SESV,personal_loan,38969,30,713,low,approved,38969,online_banking,false,131
app_20250127_00004103,2025-01-27 10:39:41,cust_6489752,PLWA,auto_loan,7291,36,487,high,rejected,0,branch,false,57
app_20250127_00004104,2025-01-27 01:41:06,cust_2999738,PORP,education_loan,28829,60,573,medium,rejected,0,online_banking,false,162
app_20250127_00004105,2025-01-27 10:03:13,cust_1975901,FRID,auto_loan,27125,72,567,medium,rejected,0,branch,false,93
app_20250127_00004106,2025-01-27 13:00:35,cust_2248469,PORP,education_loan,23945,36,661,medium,rejected,0,mobile_app,false,69
app_20250127_00004107,2025-01-27 10:30:47,cust_8328585,ATVI,business_loan,14215,12,662,medium,rejected,0,web,true,150
app_20250127_00004108,2025-01-27 16:25:58,cust_5052199,ESMA,personal_loan,41775,48,603,medium,approved,41775,web,true,248
app_20250127_00004109,2025-01-27 03:16:56,cust_7447866,UKLO,education_loan,27808,60,632,medium,approved,27808,mobile,false,715
app_20250127_00004110,2025-01-27 05:50:31,cust_2601274,PORP,refinance,313662,240,786,low,approved,313662,mobile_app,true,437
app_20250127_00004111,2025-01-27 23:00:45,cust_2246559,SESV,cash_loan,40665,48,665,medium,rejected,0,atm,false,32
app_20250127_00004112,2025-01-27 11:47:18,cust_3246574,UKLO,business_loan,37353,48,771,low,rejected,0,atm,true,177
app_20250127_00004113,2025-01-27 00:40:29,cust_1834382,GRRE,refinance,68702,300,614,medium,approved,68702,web,false,638
app_20250127_00004114,2025-01-27 07:06:42,cust_3599859,BENL,business_loan,16313,60,597,medium,rejected,0,mobile,false,177
app_20250127_00004115,2025-01-27 10:08:50,cust_2185712,ESMA,credit_card,37028,48,724,low,approved,37028,call_center,false,47
app_20250127_00004116,2025-01-27 01:10:33,cust_6647523,PLWA,refinance,117821,360,494,high,rejected,0,atm,true,7
app_20250127_00004117,2025-01-27 01:08:21,cust_7293779,BENL,education_loan,13889,12,703,low,approved,13889,branch,true,552
app_20250127_00004118,2025-01-27 14:02:48,cust_2266483,CZPR,credit_card,10344,24,568,medium,rejected,0,atm,false,90
app_20250127_00004119,2025-01-27 21:52:09,cust_9742513,DEHE,credit_card,4092,18,661,medium,approved,4092,partner,true,109
app_20250127_00004120,2025-01-27 21:35:14,cust_2338211,AUTR,refinance,262277,180,617,medium,approved,262277,atm,false,117
app_20250127_00004121,2025-01-27 22:49:13,cust_2201344,NLAM,refinance,492884,180,599,medium,rejected,0,atm,false,70
app_20250127_00004122,2025-01-27 02:29:50,cust_5961646,FRID,auto_loan,47841,60,850,low,approved,47841,atm,false,770
app_20250127_00004123,2025-01-27 11:17:29,cust_1045791,PORP,personal_loan,30053,48,575,medium,rejected,0,web,false,102
app_20250127_00004124,2025-01-27 09:12:24,cust_7824032,PORP,cash_loan,9895,30,701,low,approved,9895,mobile,true,71
app_20250127_00004125,2025-01-27 04:26:55,cust_1470229,NLAM,education_loan,32100,24,702,low,approved,32100,partner,false,262
app_20250127_00004126,2025-01-27 02:48:26,cust_7977997,PLWA,cash_loan,31308,24,585,medium,rejected,0,web,false,62
app_20250127_00004127,2025-01-27 05:44:53,cust_4000262,CHBE,mortgage,294971,120,745,low,rejected,0,call_center,true,49
app_20250127_00004128,2025-01-27 15:00:26,cust_1254297,SESV,refinance,206185,240,582,medium,approved,206185,online_banking,true,619
app_20250127_00004129,2025-01-27 10:40:44,cust_2955188,DEHE,education_loan,16876,48,478,high,rejected,0,mobile_app,false,120
app_20250127_00004130,2025-01-27 08:47:35,cust_8176401,PLWA,refinance,235950,240,710,low,approved,235950,atm,true,690
app_20250127_00004131,2025-01-27 07:04:10,cust_2700166,GRRE,mortgage,60642,180,742,low,approved,60642,web,false,357
app_20250127_00004132,2025-01-27 06:55:48,cust_9247296,BENL,refinance,52995,360,823,low,approved,52995,mobile,true,187
app_20250127_00004133,2025-01-27 06:20:14,cust_1376458,ESMA,mortgage,201038,360,766,low,approved,201038,mobile,false,135
app_20250127_00004134,2025-01-27 01:10:47,cust_524669,CZPR,auto_loan,18769,48,652,medium,approved,18769,mobile_app,true,669
app_20250127_00004135,2025-01-27 01:48:19,cust_6207704,ITMI,education_loan,16708,24,551,medium,approved,16708,web,false,711
app_20250127_00004136,2025-01-27 21:17:42,cust_2354830,ITMI,business_loan,25696,60,712,low,approved,25696,mobile_app,false,790
app_20250127_00004137,2025-01-27 13:58:06,cust_3385360,NLAM,mortgage,250945,360,649,medium,approved,250945,partner,false,524
app_20250127_00004138,2025-01-27 14:19:28,cust_7746506,CZPR,personal_loan,45367,18,736,low,approved,45367,atm,false,771
app_20250127_00004139,2025-01-27 14:15:33,cust_7947135,SESV,auto_loan,16988,60,746,low,approved,16988,branch,true,75
app_20250127_00004140,2025-01-27 14:04:00,cust_8277485,UKLO,cash_loan,45294,30,661,medium,approved,45294,call_center,true,460
app_20250127_00004141,2025-01-27 06:43:01,cust_1132054,PORP,mortgage,495070,120,706,low,rejected,0,web,true,63
app_20250127_00004142,2025-01-27 02:41:23,cust_7375833,PLWA,mortgage,343597,180,616,medium,approved,343597,web,false,86
app_20250127_00004143,2025-01-27 19:36:57,cust_5856781,NLAM,education_loan,16805,24,680,medium,approved,16805,mobile,false,708
app_20250127_00004144,2025-01-27 19:27:13,cust_4942018,ITMI,education_loan,39655,60,432,high,rejected,0,mobile,true,97
app_20250127_00004145,2025-01-27 22:22:53,cust_1046430,DEHE,cash_loan,13301,42,489,high,rejected,0,partner,true,83
app_20250127_00004146,2025-01-27 13:01:35,cust_6956077,BENL,business_loan,36775,48,688,medium,approved,36775,web,true,496
app_20250127_00004147,2025-01-27 11:58:30,cust_222154,CZPR,auto_loan,41019,24,716,low,approved,41019,call_center,false,116
app_20250127_00004148,2025-01-27 04:38:10,cust_4312702,ITMI,cash_loan,29214,12,751,low,approved,29214,branch,true,805
app_20250127_00004149,2025-01-27 18:10:51,cust_7296792,CHBE,personal_loan,49866,24,648,medium,approved,49866,web,true,474
app_20250127_00004150,2025-01-27 11:11:33,cust_7520776,ATVI,mortgage,128720,300,622,medium,rejected,0,web,false,37
app_20250127_00004151,2025-01-27 05:54:06,cust_3275619,ATVI,refinance,171138,120,624,medium,rejected,0,online_banking,false,23
app_20250127_00004152,2025-01-27 08:39:37,cust_9129394,CZPR,refinance,431342,300,790,low,approved,431342,online_banking,false,474
app_20250127_00004153,2025-01-27 04:17:13,cust_1466549,GRRE,cash_loan,45942,18,637,medium,approved,45942,online_banking,true,758
app_20250127_00004154,2025-01-27 22:13:47,cust_7007468,UKLO,auto_loan,37082,72,524,medium,rejected,0,web,true,70
app_20250127_00004155,2025-01-27 13:32:19,cust_7426354,GRRE,auto_loan,19187,36,549,medium,rejected,0,web,false,15
app_20250127_00004156,2025-01-27 06:38:50,cust_3248578,ESMA,refinance,406151,300,760,low,approved,406151,mobile_app,true,325
app_20250127_00004157,2025-01-27 23:11:51,cust_5668713,NLAM,mortgage,363307,300,690,medium,approved,363307,partner,true,170
app_20250127_00004158,2025-01-27 00:43:48,cust_4851305,AUTR,credit_card,35938,12,664,medium,approved,35938,online_banking,false,443
app_20250127_00004159,2025-01-27 15:43:26,cust_9362945,BENL,personal_loan,11600,42,673,medium,rejected,0,mobile,false,120
app_20250127_00004160,2025-01-27 04:12:00,cust_3182429,DEHE,business_loan,19059,36,532,medium,rejected,0,call_center,true,150
app_20250127_00004161,2025-01-27 07:36:11,cust_5944845,AUTR,personal_loan,35913,42,733,low,approved,35913,partner,true,898
app_20250127_00004162,2025-01-27 20:33:57,cust_9276138,NLAM,auto_loan,41411,48,751,low,approved,41411,mobile_app,true,208
app_20250127_00004163,2025-01-27 00:36:38,cust_2665034,ITMI,auto_loan,28180,36,411,high,rejected,0,call_center,false,59
app_20250127_00004164,2025-01-27 01:42:49,cust_4107673,ATVI,refinance,413549,180,745,low,approved,413549,web,true,291
app_20250127_00004165,2025-01-27 00:44:32,cust_9326210,PLWA,auto_loan,37448,24,547,medium,rejected,0,mobile_app,true,103
app_20250127_00004166,2025-01-27 00:17:30,cust_4467690,ESMA,auto_loan,59212,60,639,medium,rejected,0,web,true,85
app_20250127_00004167,2025-01-27 08:00:04,cust_402383,NLAM,business_loan,14023,60,740,low,approved,14023,atm,true,564
app_20250127_00004168,2025-01-27 17:43:56,cust_5064620,SESV,credit_card,2381,42,551,medium,rejected,0,mobile,true,171
app_20250127_00004169,2025-01-27 11:22:07,cust_6603091,CHBE,personal_loan,37572,36,559,medium,approved,37572,mobile,true,623
app_20250127_00004170,2025-01-27 01:55:18,cust_5115726,ESMA,cash_loan,35325,42,651,medium,rejected,0,branch,false,64
app_20250127_00004171,2025-01-27 18:37:08,cust_3039744,ITMI,auto_loan,19025,36,622,medium,rejected,0,call_center,false,20
app_20250127_00004172,2025-01-27 16:45:05,cust_7192106,FRID,cash_loan,28237,24,570,medium,rejected,0,branch,true,104
app_20250127_00004173,2025-01-27 09:30:33,cust_9598235,DEHE,business_loan,14345,48,672,medium,approved,14345,atm,true,345
app_20250127_00004174,2025-01-27 00:42:59,cust_975821,SESV,refinance,449203,120,682,medium,approved,449203,mobile_app,false,206
app_20250127_00004175,2025-01-27 08:13:15,cust_6299796,ITMI,cash_loan,47632,42,556,medium,approved,47632,partner,true,39
app_20250127_00004176,2025-01-27 16:33:02,cust_7449492,CHBE,business_loan,10526,12,742,low,approved,10526,online_banking,true,125
app_20250127_00004177,2025-01-27 20:39:10,cust_2230431,PLWA,auto_loan,9460,24,629,medium,rejected,0,mobile,true,129
app_20250127_00004178,2025-01-27 06:01:32,cust_9786536,NLAM,credit_card,3281,30,633,medium,approved,3281,partner,true,282
app_20250127_00004179,2025-01-27 01:12:18,cust_4160931,ITMI,business_loan,29753,36,514,medium,approved,29753,mobile,true,211
app_20250127_00004180,2025-01-27 01:07:18,cust_9138883,CZPR,cash_loan,40305,18,537,medium,rejected,0,call_center,false,29
app_20250127_00004181,2025-01-27 02:58:30,cust_4310340,ATVI,credit_card,28171,30,538,medium,rejected,0,mobile,true,100
app_20250127_00004182,2025-01-27 19:25:36,cust_8617446,CHBE,personal_loan,42907,18,635,medium,approved,42907,atm,true,239
app_20250127_00004183,2025-01-27 16:59:26,cust_6594390,ATVI,auto_loan,44440,36,610,medium,approved,44440,web,false,194
app_20250127_00004184,2025-01-27 07:08:09,cust_7926152,ATVI,cash_loan,14124,42,588,medium,approved,14124,mobile,true,817
app_20250127_00004185,2025-01-27 07:35:31,cust_2457893,AUTR,business_loan,4352,60,576,medium,approved,4352,partner,false,99
app_20250127_00004186,2025-01-27 04:39:22,cust_4232751,DEHE,refinance,482746,240,458,high,rejected,0,mobile,true,176
app_20250127_00004187,2025-01-27 14:15:37,cust_5719389,CZPR,mortgage,291742,240,589,medium,rejected,0,atm,false,58
app_20250127_00004188,2025-01-27 21:02:46,cust_902328,NLAM,refinance,238846,240,700,low,approved,238846,call_center,false,811
app_20250127_00004189,2025-01-27 16:53:20,cust_376696,DEHE,business_loan,33684,48,490,high,rejected,0,mobile,true,157
app_20250127_00004190,2025-01-27 16:13:55,cust_2905571,PLWA,credit_card,49750,42,574,medium,approved,49750,atm,true,536
app_20250127_00004191,2025-01-27 15:54:40,cust_5351857,ESMA,education_loan,29127,60,583,medium,rejected,0,mobile_app,true,120
app_20250127_00004192,2025-01-27 15:53:23,cust_6858262,PLWA,business_loan,27571,12,850,low,approved,27571,atm,true,203
app_20250127_00004193,2025-01-27 14:52:47,cust_1197403,NLAM,cash_loan,13771,42,701,low,approved,13771,online_banking,true,492
app_20250127_00004194,2025-01-27 21:40:36,cust_4425061,ITMI,business_loan,12641,48,589,medium,rejected,0,branch,true,29
app_20250127_00004195,2025-01-27 08:26:43,cust_9949454,FRID,business_loan,24099,36,570,medium,rejected,0,branch,false,57
app_20250127_00004196,2025-01-27 18:32:11,cust_9658158,CHBE,refinance,169296,360,500,medium,rejected,0,mobile,true,72
app_20250127_00004197,2025-01-27 09:19:09,cust_6149767,BENL,refinance,203949,180,733,low,approved,203949,mobile,false,748
app_20250127_00004198,2025-01-27 09:04:42,cust_7899878,GRRE,business_loan,11769,60,414,high,rejected,0,branch,true,11
app_20250127_00004199,2025-01-27 07:14:33,cust_5520964,AUTR,personal_loan,42710,48,710,low,rejected,0,partner,false,42
app_20250127_00004200,2025-01-27 01:40:51,cust_6027454,GRRE,mortgage,367641,180,796,low,approved,367641,partner,true,678
app_20250127_00004201,2025-01-27 06:03:16,cust_4815109,AUTR,refinance,215493,180,675,medium,approved,215493,call_center,false,589
app_20250127_00004202,2025-01-27 04:22:57,cust_5814324,ATVI,personal_loan,25253,48,824,low,approved,25253,atm,false,107
app_20250127_00004203,2025-01-27 23:13:01,cust_4011850,SESV,credit_card,25419,48,674,medium,approved,25419,mobile_app,true,763
app_20250127_00004204,2025-01-27 18:40:26,cust_5714359,FRID,personal_loan,35404,12,478,high,rejected,0,mobile,false,152
app_20250127_00004205,2025-01-27 18:51:29,cust_3217347,ITMI,refinance,153326,180,764,low,approved,153326,branch,true,441
app_20250127_00004206,2025-01-27 20:15:50,cust_4748540,PORP,cash_loan,13960,48,587,medium,approved,13960,mobile_app,true,66
app_20250127_00004207,2025-01-27 22:18:18,cust_7593582,UKLO,refinance,61888,180,770,low,approved,61888,atm,false,256
app_20250127_00004208,2025-01-27 07:50:12,cust_6516597,DEHE,business_loan,4160,12,572,medium,approved,4160,online_banking,true,34
app_20250127_00004209,2025-01-27 05:55:27,cust_2582958,CHBE,education_loan,6334,48,718,low,rejected,0,online_banking,false,103
app_20250127_00004210,2025-01-27 00:02:01,cust_5509923,GRRE,personal_loan,17211,42,800,low,rejected,0,mobile_app,false,66
app_20250127_00004211,2025-01-27 13:11:53,cust_1262879,UKLO,auto_loan,38611,72,666,medium,approved,38611,online_banking,false,157
app_20250127_00004212,2025-01-27 15:32:58,cust_6431026,ESMA,auto_loan,24433,72,710,low,approved,24433,mobile,true,704
app_20250127_00004213,2025-01-27 21:16:50,cust_3779020,CHBE,credit_card,38472,12,621,medium,rejected,0,web,false,63
app_20250127_00004214,2025-01-27 21:12:18,cust_690506,PORP,business_loan,4994,48,641,medium,rejected,0,mobile,false,98
app_20250127_00004215,2025-01-27 10:52:10,cust_1404463,AUTR,business_loan,13192,60,707,low,approved,13192,mobile_app,true,827
app_20250127_00004216,2025-01-27 18:17:18,cust_2178776,UKLO,credit_card,41630,36,657,medium,approved,41630,branch,true,593
app_20250127_00004217,2025-01-27 07:33:59,cust_6666414,CHBE,mortgage,221416,180,752,low,approved,221416,mobile_app,false,342
app_20250127_00004218,2025-01-27 00:30:50,cust_2354926,AUTR,education_loan,16202,60,691,medium,approved,16202,online_banking,false,130
app_20250127_00004219,2025-01-27 22:40:07,cust_7550398,PORP,credit_card,47949,42,603,medium,rejected,0,call_center,false,91
app_20250127_00004220,2025-01-27 19:55:42,cust_8546653,ATVI,mortgage,93173,180,694,medium,rejected,0,call_center,false,142
app_20250127_00004221,2025-01-27 15:35:55,cust_9364511,ITMI,credit_card,2912,42,670,medium,approved,2912,call_center,false,771
app_20250127_00004222,2025-01-27 06:24:08,cust_3174207,ITMI,refinance,82553,300,633,medium,rejected,0,online_banking,false,165
app_20250127_00004223,2025-01-27 07:09:17,cust_415446,ESMA,credit_card,16390,48,570,medium,rejected,0,web,true,101
app_20250127_00004224,2025-01-27 00:02:26,cust_4169365,FRID,auto_loan,51555,48,756,low,approved,51555,call_center,true,451
app_20250127_00004225,2025-01-27 00:20:35,cust_7736056,AUTR,mortgage,244015,120,738,low,approved,244015,call_center,false,560
app_20250127_00004226,2025-01-27 00:26:46,cust_3030201,DEHE,education_loan,19022,12,715,low,approved,19022,atm,false,610
app_20250127_00004227,2025-01-27 19:10:04,cust_8329493,PLWA,mortgage,313463,300,829,low,approved,313463,web,true,444
app_20250127_00004228,2025-01-27 09:02:04,cust_2329514,ITMI,credit_card,12484,48,577,medium,approved,12484,call_center,false,483
app_20250127_00004229,2025-01-27 12:24:25,cust_9352829,PLWA,credit_card,34628,24,526,medium,rejected,0,web,false,175
app_20250127_00004230,2025-01-27 11:38:03,cust_2973696,ESMA,personal_loan,20664,48,550,medium,rejected,0,branch,true,40
app_20250127_00004231,2025-01-27 00:59:05,cust_6275365,ITMI,auto_loan,18484,48,580,medium,approved,18484,mobile_app,true,59
app_20250127_00004232,2025-01-27 08:19:23,cust_7730999,CHBE,refinance,132289,120,681,medium,approved,132289,branch,false,855
app_20250127_00004233,2025-01-27 17:03:02,cust_782221,SESV,business_loan,38201,12,624,medium,approved,38201,mobile,true,44
app_20250127_00004234,2025-01-27 14:50:36,cust_7374291,SESV,auto_loan,57870,36,564,medium,approved,57870,branch,false,762
app_20250127_00004235,2025-01-27 14:06:11,cust_4622057,GRRE,auto_loan,46207,72,694,medium,approved,46207,branch,true,699
app_20250127_00004236,2025-01-27 21:58:51,cust_2874834,DEHE,refinance,486034,120,703,low,rejected,0,mobile,true,29
app_20250127_00004237,2025-01-27 17:11:49,cust_4347706,UKLO,cash_loan,42402,48,620,medium,approved,42402,branch,true,264
app_20250127_00004238,2025-01-27 23:29:14,cust_6494563,FRID,mortgage,274345,120,596,medium,approved,274345,call_center,true,420
app_20250127_00004239,2025-01-27 17:38:22,cust_4066486,DEHE,personal_loan,40425,30,816,low,approved,40425,mobile,true,554
app_20250127_00004240,2025-01-27 21:50:57,cust_1518066,PORP,auto_loan,16559,36,553,medium,approved,16559,online_banking,false,831
app_20250127_00004241,2025-01-27 20:27:26,cust_6587570,AUTR,personal_loan,28227,42,627,medium,approved,28227,branch,true,263
app_20250127_00004242,2025-01-27 04:49:42,cust_775307,FRID,credit_card,33455,42,738,low,approved,33455,partner,true,43
app_20250127_00004243,2025-01-27 08:06:55,cust_9315774,FRID,personal_loan,30777,30,590,medium,approved,30777,online_banking,true,645
app_20250127_00004244,2025-01-27 11:20:38,cust_5745377,ATVI,auto_loan,51564,72,489,high,rejected,0,web,false,32
app_20250127_00004245,2025-01-27 17:57:37,cust_5482853,CZPR,cash_loan,12191,30,440,high,rejected,0,call_center,false,160
app_20250127_00004246,2025-01-27 17:15:14,cust_6835985,ATVI,auto_loan,31630,72,704,low,approved,31630,atm,false,173
app_20250127_00004247,2025-01-27 13:59:13,cust_7822255,CHBE,refinance,476321,360,740,low,approved,476321,web,true,182
app_20250127_00004248,2025-01-27 12:29:57,cust_5963088,AUTR,education_loan,35484,12,700,low,approved,35484,atm,true,273
app_20250127_00004249,2025-01-27 08:28:03,cust_2824852,SESV,credit_card,37091,12,613,medium,approved,37091,mobile_app,false,379
app_20250127_00004250,2025-01-27 13:14:42,cust_392019,UKLO,refinance,458826,300,629,medium,approved,458826,call_center,false,64
app_20250127_00004251,2025-01-27 21:30:22,cust_4002411,AUTR,education_loan,7384,60,850,low,approved,7384,atm,false,564
app_20250127_00004252,2025-01-27 20:33:09,cust_2538663,NLAM,credit_card,13769,48,760,low,approved,13769,web,true,395
app_20250127_00004253,2025-01-27 08:26:27,cust_5073595,AUTR,personal_loan,20673,18,744,low,approved,20673,web,false,596
app_20250127_00004254,2025-01-27 19:10:27,cust_1026103,FRID,business_loan,25509,48,558,medium,approved,25509,mobile,true,399
app_20250127_00004255,2025-01-27 15:59:31,cust_541370,SESV,education_loan,25592,60,563,medium,rejected,0,online_banking,false,92
app_20250127_00004256,2025-01-27 07:10:20,cust_9054415,NLAM,education_loan,7467,36,667,medium,approved,7467,call_center,true,174
app_20250127_00004257,2025-01-27 02:14:44,cust_9637049,PORP,cash_loan,21240,30,694,medium,approved,21240,web,true,437
app_20250127_00004258,2025-01-27 23:35:57,cust_9569609,GRRE,business_loan,20338,12,666,medium,approved,20338,branch,false,689
app_20250127_00004259,2025-01-27 00:29:37,cust_7419251,GRRE,education_loan,36089,36,454,high,rejected,0,branch,true,137
app_20250127_00004260,2025-01-27 17:41:18,cust_439686,AUTR,auto_loan,34485,24,602,medium,rejected,0,mobile,true,24
app_20250127_00004261,2025-01-27 14:40:02,cust_8066676,ATVI,personal_loan,32928,30,658,medium,rejected,0,call_center,false,121
app_20250127_00004262,2025-01-27 09:42:27,cust_3390004,AUTR,auto_loan,18703,24,472,high,rejected,0,online_banking,false,11
app_20250127_00004263,2025-01-27 23:51:24,cust_8467954,SESV,auto_loan,20215,72,810,low,approved,20215,atm,true,859
app_20250127_00004264,2025-01-27 08:00:49,cust_2075130,UKLO,credit_card,35515,30,597,medium,rejected,0,atm,true,141
app_20250127_00004265,2025-01-27 21:11:31,cust_6468893,SESV,business_loan,20645,36,694,medium,approved,20645,call_center,true,168
app_20250127_00004266,2025-01-27 16:45:08,cust_9137303,DEHE,cash_loan,30598,48,842,low,approved,30598,partner,true,250
app_20250127_00004267,2025-01-27 16:42:53,cust_7766059,NLAM,auto_loan,43529,48,694,medium,approved,43529,online_banking,true,342
app_20250127_00004268,2025-01-27 14:32:25,cust_9777209,FRID,cash_loan,33100,12,567,medium,approved,33100,partner,true,531
app_20250127_00004269,2025-01-27 23:46:14,cust_5373781,DEHE,personal_loan,40065,18,605,medium,rejected,0,call_center,true,34
app_20250127_00004270,2025-01-27 08:05:24,cust_7976764,PLWA,credit_card,5453,24,598,medium,rejected,0,mobile,true,157
app_20250127_00004271,2025-01-27 00:05:43,cust_1192367,BENL,education_loan,22362,60,508,medium,approved,22362,atm,false,110
app_20250127_00004272,2025-01-27 19:44:30,cust_5811610,NLAM,business_loan,22648,12,678,medium,approved,22648,call_center,true,755
app_20250127_00004273,2025-01-27 09:51:46,cust_2180297,GRRE,auto_loan,17787,60,698,medium,approved,17787,online_banking,false,254
app_20250127_00004274,2025-01-27 11:34:25,cust_3621702,NLAM,personal_loan,41935,12,542,medium,rejected,0,mobile,false,60
app_20250127_00004275,2025-01-27 20:15:57,cust_5455368,DEHE,auto_loan,55177,24,515,medium,rejected,0,atm,false,102
app_20250127_00004276,2025-01-27 05:22:11,cust_3666874,GRRE,cash_loan,27496,12,790,low,approved,27496,mobile,true,159
app_20250127_00004277,2025-01-27 01:40:09,cust_9912311,CHBE,refinance,392864,240,615,medium,approved,392864,call_center,false,343
app_20250127_00004278,2025-01-27 09:46:41,cust_849920,FRID,cash_loan,27129,18,805,low,approved,27129,call_center,true,129
app_20250127_00004279,2025-01-27 06:26:51,cust_960990,ATVI,education_loan,18759,12,630,medium,approved,18759,branch,true,252
app_20250127_00004280,2025-01-27 07:39:24,cust_5861025,ESMA,refinance,189922,240,753,low,approved,189922,branch,false,633
app_20250127_00004281,2025-01-27 13:14:41,cust_8086165,AUTR,credit_card,26544,30,795,low,approved,26544,atm,true,860
app_20250127_00004282,2025-01-27 21:29:38,cust_7756426,DEHE,auto_loan,11020,24,608,medium,rejected,0,partner,false,154
app_20250127_00004283,2025-01-27 00:03:39,cust_7008863,GRRE,business_loan,25088,12,742,low,approved,25088,web,false,194
app_20250127_00004284,2025-01-27 20:13:29,cust_9306461,CZPR,credit_card,24844,48,707,low,approved,24844,mobile,false,871
app_20250127_00004285,2025-01-27 02:50:03,cust_318616,DEHE,cash_loan,11863,18,579,medium,rejected,0,atm,true,143
app_20250127_00004286,2025-01-27 13:21:07,cust_6619877,PORP,credit_card,14832,12,611,medium,rejected,0,online_banking,false,45
app_20250127_00004287,2025-01-27 03:36:11,cust_4543126,UKLO,credit_card,48147,30,850,low,approved,48147,atm,false,792
app_20250127_00004288,2025-01-27 12:10:58,cust_2682114,CZPR,refinance,467441,180,734,low,approved,467441,online_banking,true,678
app_20250127_00004289,2025-01-27 06:46:38,cust_9812635,CZPR,mortgage,96770,360,586,medium,rejected,0,call_center,true,57
app_20250127_00004290,2025-01-27 10:14:11,cust_6925139,ESMA,business_loan,9708,48,424,high,rejected,0,mobile,true,113
app_20250127_00004291,2025-01-27 20:46:36,cust_3097487,ESMA,business_loan,2360,48,687,medium,rejected,0,mobile,false,171
app_20250127_00004292,2025-01-27 04:41:17,cust_1053967,FRID,credit_card,41512,24,569,medium,rejected,0,online_banking,true,84
app_20250127_00004293,2025-01-27 19:14:55,cust_9471905,PORP,cash_loan,30190,12,847,low,approved,30190,mobile,false,345
app_20250127_00004294,2025-01-27 10:27:55,cust_2777804,ATVI,personal_loan,8526,36,750,low,approved,8526,web,false,291
app_20250127_00004295,2025-01-27 16:09:54,cust_4662372,UKLO,auto_loan,23490,48,640,medium,rejected,0,partner,true,41
app_20250127_00004296,2025-01-27 22:46:35,cust_2735757,SESV,cash_loan,9893,18,625,medium,rejected,0,mobile_app,true,173
app_20250127_00004297,2025-01-27 15:00:12,cust_1531502,BENL,credit_card,9963,24,521,medium,approved,9963,partner,false,279
app_20250127_00004298,2025-01-27 17:09:05,cust_5371314,DEHE,mortgage,55762,120,596,medium,approved,55762,web,false,90
app_20250127_00004299,2025-01-27 02:50:57,cust_6373091,PLWA,mortgage,319235,300,577,medium,rejected,0,mobile,true,52
app_20250127_00004300,2025-01-27 00:27:54,cust_7804691,FRID,credit_card,2248,24,613,medium,approved,2248,call_center,true,174
app_20250127_00004301,2025-01-27 04:27:09,cust_5221031,BENL,credit_card,19585,42,636,medium,approved,19585,atm,false,822
app_20250127_00004302,2025-01-27 13:37:00,cust_7656175,SESV,business_loan,33298,48,705,low,approved,33298,web,true,294
app_20250127_00004303,2025-01-27 22:26:26,cust_9155163,SESV,business_loan,5143,60,660,medium,approved,5143,branch,true,83
app_20250127_00004304,2025-01-27 12:02:29,cust_713795,PLWA,personal_loan,14172,48,773,low,approved,14172,partner,false,261
app_20250127_00004305,2025-01-27 23:51:57,cust_4122671,GRRE,auto_loan,8820,60,711,low,approved,8820,mobile,false,538
app_20250127_00004306,2025-01-27 02:15:18,cust_3003039,NLAM,auto_loan,38689,60,603,medium,rejected,0,branch,true,126
app_20250127_00004307,2025-01-27 15:25:54,cust_4600408,PORP,mortgage,469048,360,640,medium,rejected,0,mobile,false,48
app_20250127_00004308,2025-01-27 17:43:09,cust_1540846,ESMA,education_loan,24793,24,754,low,approved,24793,mobile,true,371
app_20250127_00004309,2025-01-27 11:47:21,cust_2829899,CHBE,business_loan,15388,48,561,medium,approved,15388,mobile_app,false,122
app_20250127_00004310,2025-01-27 03:16:11,cust_6894730,BENL,personal_loan,40211,30,741,low,approved,40211,atm,false,599
app_20250127_00004311,2025-01-27 09:27:54,cust_2593939,UKLO,education_loan,4377,60,850,low,approved,4377,branch,true,294
app_20250127_00004312,2025-01-27 19:38:33,cust_6091192,CHBE,mortgage,112703,240,711,low,approved,112703,mobile_app,false,692
app_20250127_00004313,2025-01-27 14:09:54,cust_1412955,ESMA,business_loan,8426,60,771,low,approved,8426,web,true,95
app_20250127_00004314,2025-01-27 02:33:46,cust_3322352,BENL,credit_card,23781,36,663,medium,approved,23781,call_center,false,165
app_20250127_00004315,2025-01-27 07:24:20,cust_1682524,SESV,auto_loan,30182,60,709,low,approved,30182,mobile_app,true,321
app_20250127_00004316,2025-01-27 14:31:28,cust_7291500,CZPR,cash_loan,40013,24,548,medium,rejected,0,online_banking,false,154
app_20250127_00004317,2025-01-27 14:05:51,cust_1860831,FRID,credit_card,21166,48,609,medium,approved,21166,mobile_app,false,185
app_20250127_00004318,2025-01-27 23:20:12,cust_4020766,AUTR,cash_loan,28250,42,672,medium,approved,28250,atm,true,81
app_20250127_00004319,2025-01-27 16:20:53,cust_2934191,DEHE,cash_loan,22644,18,463,high,rejected,0,partner,true,108
app_20250127_00004320,2025-01-27 21:16:52,cust_2816558,ESMA,education_loan,25725,24,741,low,rejected,0,atm,false,5
app_20250127_00004321,2025-01-27 20:51:56,cust_1164851,CHBE,mortgage,490624,180,785,low,approved,490624,call_center,true,564
app_20250127_00004322,2025-01-27 04:54:24,cust_2594279,FRID,mortgage,89841,300,659,medium,rejected,0,web,false,77
app_20250127_00004323,2025-01-27 08:38:54,cust_7150433,ESMA,credit_card,10093,42,668,medium,approved,10093,call_center,true,346
app_20250127_00004324,2025-01-27 09:11:50,cust_4299822,GRRE,cash_loan,9880,30,584,medium,approved,9880,online_banking,true,585
app_20250127_00004325,2025-01-27 05:02:11,cust_3996245,AUTR,personal_loan,49905,48,795,low,approved,49905,atm,true,454
app_20250127_00004326,2025-01-27 06:30:23,cust_2063924,DEHE,mortgage,176894,360,654,medium,rejected,0,call_center,true,135
app_20250127_00004327,2025-01-27 09:03:04,cust_2815881,PORP,mortgage,253166,300,590,medium,rejected,0,atm,true,22
app_20250127_00004328,2025-01-27 16:16:29,cust_8081361,ITMI,auto_loan,12732,72,714,low,approved,12732,mobile,false,305
app_20250127_00004329,2025-01-27 00:52:58,cust_315397,SESV,mortgage,96891,180,538,medium,approved,96891,mobile,true,135
app_20250127_00004330,2025-01-27 02:53:06,cust_3740395,ITMI,credit_card,9924,48,623,medium,approved,9924,mobile_app,false,547
app_20250127_00004331,2025-01-27 06:47:43,cust_4576464,GRRE,education_loan,34210,36,680,medium,approved,34210,branch,true,673
app_20250127_00004332,2025-01-27 02:44:34,cust_5652905,ATVI,mortgage,387942,120,678,medium,rejected,0,call_center,false,164
app_20250127_00004333,2025-01-27 11:41:16,cust_3438005,PLWA,personal_loan,7576,24,634,medium,rejected,0,branch,false,168
app_20250127_00004334,2025-01-27 14:27:16,cust_5600345,PORP,business_loan,21749,24,829,low,rejected,0,partner,true,19
app_20250127_00004335,2025-01-27 14:15:44,cust_6488376,SESV,cash_loan,27752,48,639,medium,rejected,0,atm,false,172
app_20250127_00004336,2025-01-27 13:24:13,cust_5605085,NLAM,personal_loan,23259,18,525,medium,rejected,0,branch,false,167
app_20250127_00004337,2025-01-27 01:39:40,cust_9834082,UKLO,business_loan,34788,24,850,low,approved,34788,partner,false,259
app_20250127_00004338,2025-01-27 04:15:15,cust_8392800,ESMA,personal_loan,41746,12,673,medium,rejected,0,partner,false,135
app_20250127_00004339,2025-01-27 02:01:43,cust_3511902,CHBE,mortgage,425759,240,634,medium,approved,425759,partner,true,692
app_20250127_00004340,2025-01-27 05:15:21,cust_396205,PORP,credit_card,9080,24,703,low,approved,9080,partner,true,153
app_20250127_00004341,2025-01-27 17:27:07,cust_2404326,SESV,cash_loan,17338,24,693,medium,approved,17338,branch,true,308
app_20250127_00004342,2025-01-27 10:44:53,cust_8472964,DEHE,refinance,448491,120,549,medium,rejected,0,partner,true,65
app_20250127_00004343,2025-01-27 02:35:39,cust_597292,ITMI,mortgage,96025,180,806,low,approved,96025,atm,true,368
app_20250127_00004344,2025-01-27 22:39:48,cust_296083,PLWA,credit_card,36437,36,563,medium,approved,36437,online_banking,false,592
app_20250127_00004345,2025-01-27 15:18:52,cust_7894729,ATVI,cash_loan,10011,30,610,medium,approved,10011,branch,true,251
app_20250127_00004346,2025-01-27 08:16:15,cust_4974018,GRRE,credit_card,1602,30,646,medium,approved,1602,branch,false,455
app_20250127_00004347,2025-01-27 10:32:47,cust_4467439,DEHE,personal_loan,23989,42,598,medium,approved,23989,online_banking,false,869
app_20250127_00004348,2025-01-27 06:01:14,cust_9033296,ESMA,refinance,263702,360,565,medium,approved,263702,web,false,328
app_20250127_00004349,2025-01-27 11:03:00,cust_8196998,ITMI,auto_loan,10077,24,690,medium,rejected,0,partner,true,47
app_20250127_00004350,2025-01-27 20:45:16,cust_9668697,ITMI,refinance,288340,360,850,low,approved,288340,branch,false,877
app_20250127_00004351,2025-01-27 14:39:44,cust_2830240,DEHE,education_loan,3649,24,640,medium,approved,3649,call_center,false,340
app_20250127_00004352,2025-01-27 04:05:05,cust_2220175,PLWA,mortgage,397667,120,536,medium,approved,397667,online_banking,true,197
app_20250127_00004353,2025-01-27 22:57:12,cust_3902676,UKLO,cash_loan,9701,24,728,low,rejected,0,partner,true,82
app_20250127_00004354,2025-01-27 09:51:04,cust_2605706,CHBE,auto_loan,48597,72,694,medium,approved,48597,mobile,true,536
app_20250127_00004355,2025-01-27 22:54:01,cust_2647452,GRRE,mortgage,342450,180,850,low,approved,342450,mobile,false,102
app_20250127_00004356,2025-01-27 02:52:15,cust_7148764,CZPR,cash_loan,1220,36,755,low,approved,1220,mobile,false,257
app_20250127_00004357,2025-01-27 13:09:14,cust_188425,CHBE,education_loan,31606,24,645,medium,approved,31606,partner,false,424
app_20250127_00004358,2025-01-27 12:10:52,cust_2685271,CZPR,business_loan,24831,24,730,low,approved,24831,atm,true,772
app_20250127_00004359,2025-01-27 22:40:23,cust_5784581,ITMI,business_loan,25618,12,541,medium,rejected,0,call_center,true,156
app_20250127_00004360,2025-01-27 16:48:36,cust_402790,AUTR,mortgage,124705,120,679,medium,rejected,0,mobile_app,false,50
app_20250127_00004361,2025-01-27 12:34:25,cust_6821307,CHBE,auto_loan,7733,60,609,medium,approved,7733,online_banking,true,212
app_20250127_00004362,2025-01-27 03:38:29,cust_5761255,PLWA,cash_loan,39754,42,593,medium,rejected,0,mobile,true,27
app_20250127_00004363,2025-01-27 20:30:33,cust_8465664,DEHE,auto_loan,7047,60,703,low,approved,7047,web,true,237
app_20250127_00004364,2025-01-27 12:22:57,cust_8283329,CHBE,personal_loan,31282,24,839,low,approved,31282,call_center,false,460
app_20250127_00004365,2025-01-27 15:48:27,cust_2405846,PLWA,mortgage,335135,120,605,medium,approved,335135,web,false,160
app_20250127_00004366,2025-01-27 12:38:03,cust_4330307,BENL,business_loan,21464,24,433,high,rejected,0,online_banking,false,100
app_20250127_00004367,2025-01-27 03:39:06,cust_7577224,UKLO,auto_loan,30475,24,670,medium,approved,30475,atm,false,638
app_20250127_00004368,2025-01-27 22:19:02,cust_824550,UKLO,credit_card,28518,36,550,medium,rejected,0,partner,false,120
app_20250127_00004369,2025-01-27 03:45:17,cust_7064951,SESV,credit_card,34487,36,387,high,rejected,0,partner,true,61
app_20250127_00004370,2025-01-27 09:30:11,cust_6281394,UKLO,refinance,289674,120,669,medium,approved,289674,web,false,739
app_20250127_00004371,2025-01-27 07:15:52,cust_5302919,GRRE,business_loan,25738,36,756,low,approved,25738,atm,true,142
app_20250127_00004372,2025-01-27 17:31:09,cust_8207661,SESV,refinance,463876,180,540,medium,rejected,0,partner,false,22
app_20250127_00004373,2025-01-27 15:39:32,cust_5778909,AUTR,personal_loan,28033,42,764,low,approved,28033,partner,false,598
app_20250127_00004374,2025-01-27 20:28:28,cust_9728081,ESMA,mortgage,241093,300,716,low,approved,241093,web,true,213
app_20250127_00004375,2025-01-27 11:51:41,cust_2793271,PORP,credit_card,4588,48,721,low,approved,4588,branch,true,171
app_20250127_00004376,2025-01-27 18:24:24,cust_995901,ATVI,business_loan,22572,48,633,medium,approved,22572,online_banking,true,346
app_20250127_00004377,2025-01-27 08:43:22,cust_2592334,PLWA,cash_loan,48949,42,646,medium,approved,48949,atm,false,783
app_20250127_00004378,2025-01-27 07:03:13,cust_2701177,CZPR,mortgage,201806,120,465,high,rejected,0,call_center,false,74
app_20250127_00004379,2025-01-27 08:25:55,cust_3653559,SESV,mortgage,142897,360,634,medium,approved,142897,partner,true,871
app_20250127_00004380,2025-01-27 12:03:27,cust_310658,PORP,auto_loan,32221,36,695,medium,approved,32221,partner,true,528
app_20250127_00004381,2025-01-27 05:08:22,cust_4003492,NLAM,cash_loan,44056,24,644,medium,approved,44056,mobile_app,false,161
app_20250127_00004382,2025-01-27 14:51:33,cust_1151669,AUTR,personal_loan,16818,36,661,medium,approved,16818,online_banking,true,219
app_20250127_00004383,2025-01-27 13:45:34,cust_303199,CHBE,mortgage,381712,240,645,medium,approved,381712,partner,false,358
app_20250127_00004384,2025-01-27 13:08:48,cust_4048809,NLAM,mortgage,149401,360,630,medium,approved,149401,atm,true,499
app_20250127_00004385,2025-01-27 07:35:46,cust_9906073,SESV,education_loan,18711,48,816,low,approved,18711,partner,true,94
app_20250127_00004386,2025-01-27 01:07:35,cust_246041,ESMA,business_loan,7743,12,447,high,rejected,0,web,false,38
app_20250127_00004387,2025-01-27 00:43:26,cust_794921,AUTR,cash_loan,19673,36,676,medium,rejected,0,call_center,false,104
app_20250127_00004388,2025-01-27 17:36:39,cust_918047,DEHE,education_loan,31542,24,845,low,approved,31542,partner,true,377
app_20250127_00004389,2025-01-27 22:27:03,cust_6570557,CZPR,mortgage,396682,240,611,medium,approved,396682,call_center,true,557
app_20250127_00004390,2025-01-27 03:26:12,cust_6111770,CZPR,refinance,75182,240,627,medium,approved,75182,mobile,false,202
app_20250127_00004391,2025-01-27 17:13:51,cust_8547805,DEHE,credit_card,13987,12,531,medium,rejected,0,mobile_app,true,67
app_20250127_00004392,2025-01-27 04:51:18,cust_3316592,SESV,cash_loan,40270,36,850,low,approved,40270,branch,true,155
app_20250127_00004393,2025-01-27 14:13:01,cust_2422674,SESV,credit_card,18726,30,731,low,approved,18726,partner,false,157
app_20250127_00004394,2025-01-27 23:13:49,cust_2851870,ESMA,refinance,135203,300,779,low,approved,135203,mobile,false,729
app_20250127_00004395,2025-01-27 04:24:39,cust_1827942,PLWA,cash_loan,11746,36,695,medium,approved,11746,branch,true,710
app_20250127_00004396,2025-01-27 19:39:42,cust_3669221,ITMI,business_loan,31038,48,653,medium,approved,31038,atm,true,574
app_20250127_00004397,2025-01-27 10:26:29,cust_1975218,PORP,credit_card,11580,42,713,low,approved,11580,partner,false,586
app_20250127_00004398,2025-01-27 04:02:35,cust_4353508,DEHE,mortgage,200553,360,581,medium,approved,200553,mobile,false,713
app_20250127_00004399,2025-01-27 13:31:35,cust_6355609,PORP,personal_loan,2120,18,712,low,approved,2120,mobile_app,false,268
app_20250127_00004400,2025-01-27 18:38:46,cust_5176763,ITMI,auto_loan,30745,24,591,medium,approved,30745,call_center,false,661
app_20250127_00004401,2025-01-27 01:30:26,cust_8673252,CHBE,auto_loan,29164,36,501,medium,approved,29164,mobile,true,378
app_20250127_00004402,2025-01-27 06:21:04,cust_7652834,CHBE,personal_loan,32656,42,695,medium,approved,32656,web,true,268
app_20250127_00004403,2025-01-27 10:35:19,cust_2520401,NLAM,personal_loan,14881,48,602,medium,approved,14881,partner,true,775
app_20250127_00004404,2025-01-27 07:00:07,cust_1650222,ITMI,business_loan,7900,12,724,low,approved,7900,call_center,false,267
app_20250127_00004405,2025-01-27 15:17:12,cust_3634301,FRID,credit_card,20513,18,765,low,approved,20513,web,true,414
app_20250127_00004406,2025-01-27 02:33:30,cust_8127931,BENL,personal_loan,27696,48,429,high,rejected,0,web,false,91
app_20250127_00004407,2025-01-27 07:29:40,cust_677414,BENL,cash_loan,43801,36,658,medium,approved,43801,online_banking,false,614
app_20250127_00004408,2025-01-27 17:19:19,cust_5182162,ATVI,refinance,104939,300,623,medium,rejected,0,branch,false,97
app_20250127_00004409,2025-01-27 00:13:32,cust_5804977,NLAM,credit_card,16427,24,547,medium,rejected,0,partner,true,29
app_20250127_00004410,2025-01-27 04:25:35,cust_3192757,FRID,auto_loan,52033,36,829,low,approved,52033,call_center,true,74
app_20250127_00004411,2025-01-27 21:21:47,cust_8744588,DEHE,cash_loan,47616,18,583,medium,rejected,0,branch,false,34
app_20250127_00004412,2025-01-27 06:56:49,cust_4053330,CZPR,credit_card,40234,18,704,low,approved,40234,web,true,595
app_20250127_00004413,2025-01-27 10:07:30,cust_1349113,GRRE,credit_card,1096,30,520,medium,rejected,0,mobile_app,true,177
app_20250127_00004414,2025-01-27 07:00:51,cust_4554933,AUTR,credit_card,45702,48,559,medium,rejected,0,web,false,169
app_20250127_00004415,2025-01-27 00:02:16,cust_4296687,FRID,mortgage,210908,360,507,medium,rejected,0,atm,false,7
app_20250127_00004416,2025-01-27 02:35:54,cust_2670793,DEHE,auto_loan,20203,24,643,medium,approved,20203,mobile_app,false,42
app_20250127_00004417,2025-01-27 06:43:18,cust_8889902,NLAM,education_loan,10919,48,624,medium,rejected,0,branch,false,102
app_20250127_00004418,2025-01-27 17:24:35,cust_5756769,PLWA,cash_loan,18850,30,778,low,approved,18850,atm,true,650
app_20250127_00004419,2025-01-27 11:52:45,cust_5015097,DEHE,credit_card,28280,30,689,medium,approved,28280,mobile_app,true,440
app_20250127_00004420,2025-01-27 11:06:21,cust_3573040,CZPR,refinance,288881,300,627,medium,approved,288881,mobile_app,true,766
app_20250127_00004421,2025-01-27 02:03:27,cust_8480143,PLWA,credit_card,18121,42,727,low,approved,18121,web,false,502
app_20250127_00004422,2025-01-27 05:42:57,cust_1673195,FRID,business_loan,36442,60,657,medium,approved,36442,web,false,64
app_20250127_00004423,2025-01-27 10:00:02,cust_4946258,PLWA,cash_loan,13457,48,735,low,approved,13457,partner,true,305
app_20250127_00004424,2025-01-27 15:43:13,cust_8367511,AUTR,education_loan,39301,36,542,medium,rejected,0,atm,true,65
app_20250127_00004425,2025-01-27 09:05:36,cust_2297309,ATVI,cash_loan,19916,30,552,medium,rejected,0,atm,true,150
app_20250127_00004426,2025-01-27 22:48:31,cust_5358171,PLWA,refinance,230106,360,631,medium,approved,230106,mobile_app,false,545
app_20250127_00004427,2025-01-27 01:49:08,cust_6688616,PLWA,cash_loan,40624,30,691,medium,approved,40624,partner,true,251
app_20250127_00004428,2025-01-27 17:20:45,cust_7061627,PORP,mortgage,292724,360,618,medium,approved,292724,mobile,false,791
app_20250127_00004429,2025-01-27 23:19:33,cust_3901515,ESMA,credit_card,6629,18,641,medium,approved,6629,call_center,false,528
app_20250127_00004430,2025-01-27 20:35:36,cust_7177482,GRRE,personal_loan,16649,24,766,low,approved,16649,branch,true,734
app_20250127_00004431,2025-01-27 06:40:01,cust_7870857,SESV,refinance,374103,360,503,medium,approved,374103,online_banking,false,98
app_20250127_00004432,2025-01-27 04:11:49,cust_8105869,ESMA,education_loan,21396,48,628,medium,approved,21396,atm,true,587
app_20250127_00004433,2025-01-27 16:35:21,cust_8098079,AUTR,business_loan,4038,24,768,low,approved,4038,branch,true,672
app_20250127_00004434,2025-01-27 23:58:12,cust_6903902,ESMA,personal_loan,13938,12,636,medium,approved,13938,mobile,true,36
app_20250127_00004435,2025-01-27 14:02:54,cust_548215,DEHE,personal_loan,36726,42,744,low,rejected,0,atm,true,144
app_20250127_00004436,2025-01-27 08:19:47,cust_254081,UKLO,mortgage,271129,360,535,medium,approved,271129,mobile,false,547
app_20250127_00004437,2025-01-27 10:17:48,cust_7020715,PORP,business_loan,6036,36,684,medium,approved,6036,mobile,true,873
app_20250127_00004438,2025-01-27 02:02:29,cust_9415473,PLWA,refinance,97427,360,542,medium,rejected,0,partner,false,44
app_20250127_00004439,2025-01-27 22:40:56,cust_7605720,UKLO,cash_loan,37284,12,537,medium,rejected,0,mobile_app,false,142
app_20250127_00004440,2025-01-27 19:04:31,cust_871944,FRID,cash_loan,34334,18,781,low,approved,34334,partner,false,507
app_20250127_00004441,2025-01-27 16:42:37,cust_8562346,PORP,cash_loan,2844,48,489,high,rejected,0,mobile_app,false,141
app_20250127_00004442,2025-01-27 15:46:39,cust_8687078,ITMI,personal_loan,32126,42,555,medium,rejected,0,partner,true,10
app_20250127_00004443,2025-01-27 19:03:18,cust_1709081,NLAM,refinance,129792,120,632,medium,approved,129792,mobile_app,false,123
app_20250127_00004444,2025-01-27 11:04:53,cust_1109508,CZPR,credit_card,18654,24,712,low,approved,18654,atm,true,635
app_20250127_00004445,2025-01-27 23:33:03,cust_7877843,PLWA,auto_loan,51632,36,722,low,rejected,0,branch,true,74
app_20250127_00004446,2025-01-27 19:02:17,cust_2312251,PORP,refinance,61433,360,705,low,rejected,0,mobile_app,true,38
app_20250127_00004447,2025-01-27 02:00:27,cust_3106721,ATVI,cash_loan,2884,48,742,low,approved,2884,partner,false,502
app_20250127_00004448,2025-01-27 08:01:17,cust_959140,CZPR,auto_loan,52634,48,663,medium,approved,52634,branch,false,892
app_20250127_00004449,2025-01-27 00:29:55,cust_9393586,PLWA,mortgage,371588,120,513,medium,approved,371588,online_banking,true,442
app_20250127_00004450,2025-01-27 15:43:45,cust_9700232,PLWA,business_loan,36194,12,469,high,rejected,0,mobile,false,44
app_20250127_00004451,2025-01-27 05:31:30,cust_7463884,BENL,credit_card,35122,12,719,low,approved,35122,mobile,true,856
app_20250127_00004452,2025-01-27 06:19:12,cust_9220613,DEHE,credit_card,22227,36,515,medium,rejected,0,mobile_app,false,52
app_20250127_00004453,2025-01-27 14:21:12,cust_1295340,DEHE,cash_loan,37344,30,641,medium,approved,37344,call_center,false,806
app_20250127_00004454,2025-01-27 04:55:58,cust_4750823,FRID,education_loan,39459,12,680,medium,rejected,0,call_center,false,72
app_20250127_00004455,2025-01-27 05:52:48,cust_8084922,GRRE,refinance,175276,300,743,low,approved,175276,branch,true,87
app_20250127_00004456,2025-01-27 12:16:05,cust_5545542,CHBE,cash_loan,20780,48,649,medium,approved,20780,mobile,true,254
app_20250127_00004457,2025-01-27 23:08:40,cust_8756950,PORP,business_loan,28599,48,677,medium,rejected,0,mobile_app,true,32
app_20250127_00004458,2025-01-27 00:06:38,cust_7273814,CZPR,refinance,117830,180,714,low,approved,117830,mobile,true,374
app_20250127_00004459,2025-01-27 02:59:13,cust_4836826,BENL,mortgage,399046,240,723,low,approved,399046,partner,false,84
app_20250127_00004460,2025-01-27 16:21:05,cust_3060603,CZPR,auto_loan,53774,48,651,medium,approved,53774,partner,true,898
app_20250127_00004461,2025-01-27 15:18:58,cust_8364704,ATVI,cash_loan,46142,12,658,medium,rejected,0,call_center,false,101
app_20250127_00004462,2025-01-27 00:04:01,cust_5574643,CZPR,credit_card,40219,12,616,medium,rejected,0,partner,true,154
app_20250127_00004463,2025-01-27 00:22:54,cust_9557831,BENL,auto_loan,58064,24,634,medium,approved,58064,atm,false,572
app_20250127_00004464,2025-01-27 17:09:13,cust_7705129,ATVI,credit_card,12970,36,387,high,rejected,0,mobile,false,15
app_20250127_00004465,2025-01-27 17:32:01,cust_8137772,GRRE,refinance,496886,240,794,low,approved,496886,mobile,false,819
app_20250127_00004466,2025-01-27 23:35:05,cust_3740616,GRRE,cash_loan,22084,36,634,medium,approved,22084,mobile,true,794
app_20250127_00004467,2025-01-27 20:08:00,cust_1518970,ATVI,mortgage,436191,240,639,medium,approved,436191,partner,false,448
app_20250127_00004468,2025-01-27 04:15:20,cust_3644569,DEHE,credit_card,36276,42,635,medium,rejected,0,atm,false,153
app_20250127_00004469,2025-01-27 21:52:08,cust_3505107,BENL,refinance,52218,180,569,medium,rejected,0,partner,true,37
app_20250127_00004470,2025-01-27 18:45:37,cust_2375717,ESMA,business_loan,28615,48,532,medium,approved,28615,online_banking,true,112
app_20250127_00004471,2025-01-27 08:56:06,cust_5279808,BENL,mortgage,329204,360,710,low,approved,329204,partner,true,555
app_20250127_00004472,2025-01-27 22:23:08,cust_1793470,ESMA,auto_loan,24555,48,741,low,approved,24555,mobile_app,true,418
app_20250127_00004473,2025-01-27 13:44:07,cust_3190063,UKLO,refinance,391842,240,652,medium,approved,391842,branch,false,595
app_20250127_00004474,2025-01-27 11:10:10,cust_2686924,AUTR,credit_card,36370,48,471,high,rejected,0,mobile_app,false,146
app_20250127_00004475,2025-01-27 04:41:17,cust_3411960,NLAM,education_loan,22857,60,577,medium,approved,22857,atm,true,430
app_20250127_00004476,2025-01-27 15:30:51,cust_9855816,CHBE,refinance,213049,300,652,medium,approved,213049,atm,false,382
app_20250127_00004477,2025-01-27 15:53:26,cust_6073716,DEHE,credit_card,7467,42,529,medium,rejected,0,online_banking,true,81
app_20250127_00004478,2025-01-27 13:41:51,cust_5064293,SESV,auto_loan,34531,24,538,medium,approved,34531,call_center,false,550
app_20250127_00004479,2025-01-27 16:55:59,cust_7316887,PORP,cash_loan,7219,18,509,medium,rejected,0,online_banking,true,177
app_20250127_00004480,2025-01-27 16:22:46,cust_6867643,CZPR,personal_loan,35855,42,696,medium,approved,35855,mobile,false,332
app_20250127_00004481,2025-01-27 18:00:04,cust_3016812,CZPR,personal_loan,25898,18,758,low,rejected,0,partner,false,71
app_20250127_00004482,2025-01-27 23:14:29,cust_9444321,CHBE,mortgage,210759,120,475,high,rejected,0,call_center,true,129
app_20250127_00004483,2025-01-27 15:06:22,cust_5587411,ATVI,auto_loan,48365,72,583,medium,rejected,0,web,true,49
app_20250127_00004484,2025-01-27 18:34:19,cust_6423532,FRID,personal_loan,23681,30,418,high,rejected,0,mobile,false,35
app_20250127_00004485,2025-01-27 01:34:53,cust_3350159,SESV,credit_card,36426,48,575,medium,approved,36426,call_center,false,900
app_20250127_00004486,2025-01-27 20:34:35,cust_7245068,PORP,refinance,144914,360,831,low,approved,144914,branch,false,403
app_20250127_00004487,2025-01-27 13:55:54,cust_339026,UKLO,credit_card,1756,42,533,medium,rejected,0,branch,false,60
app_20250127_00004488,2025-01-27 07:41:14,cust_3110981,UKLO,cash_loan,19395,48,808,low,approved,19395,atm,false,177
app_20250127_00004489,2025-01-27 22:01:20,cust_5873396,BENL,personal_loan,5849,12,606,medium,rejected,0,web,false,25
app_20250127_00004490,2025-01-27 00:28:15,cust_5648076,ATVI,business_loan,8103,60,645,medium,approved,8103,web,true,281
app_20250127_00004491,2025-01-27 21:59:29,cust_2635489,ATVI,credit_card,3994,18,585,medium,rejected,0,web,false,123
app_20250127_00004492,2025-01-27 05:46:02,cust_1806944,DEHE,credit_card,15856,36,507,medium,approved,15856,web,false,745
app_20250127_00004493,2025-01-27 04:21:46,cust_2973217,DEHE,personal_loan,28829,48,819,low,approved,28829,mobile_app,false,355
app_20250127_00004494,2025-01-27 23:32:07,cust_7628406,ATVI,refinance,422866,240,832,low,approved,422866,web,false,264
app_20250127_00004495,2025-01-27 05:00:44,cust_3646762,CZPR,business_loan,28571,48,594,medium,rejected,0,web,false,56
app_20250127_00004496,2025-01-27 09:04:09,cust_542171,CHBE,cash_loan,20627,24,780,low,approved,20627,atm,true,567
app_20250127_00004497,2025-01-27 02:06:07,cust_6145195,BENL,personal_loan,42143,30,636,medium,approved,42143,online_banking,false,757
app_20250127_00004498,2025-01-27 16:59:22,cust_5917987,PLWA,education_loan,7279,60,537,medium,rejected,0,branch,true,44
app_20250127_00004499,2025-01-27 21:15:49,cust_3739168,PLWA,refinance,426318,240,673,medium,approved,426318,atm,true,654
app_20250127_00004500,2025-01-27 21:36:56,cust_8854160,ITMI,personal_loan,43174,24,688,medium,rejected,0,atm,true,79
app_20250127_00004501,2025-01-27 05:45:44,cust_3034113,SESV,auto_loan,47957,60,600,medium,rejected,0,mobile,false,75
app_20250127_00004502,2025-01-27 10:27:02,cust_9111877,UKLO,cash_loan,6156,24,522,medium,rejected,0,call_center,false,8
app_20250127_00004503,2025-01-27 08:55:44,cust_2402355,ESMA,personal_loan,16540,12,563,medium,rejected,0,partner,false,34
app_20250127_00004504,2025-01-27 13:10:35,cust_5876083,PLWA,mortgage,283470,300,716,low,approved,283470,web,false,439
app_20250127_00004505,2025-01-27 08:21:41,cust_6935637,ESMA,mortgage,275746,360,478,high,approved,275746,mobile,true,208
app_20250127_00004506,2025-01-27 17:13:12,cust_297444,UKLO,cash_loan,36324,36,683,medium,approved,36324,partner,true,341
app_20250127_00004507,2025-01-27 19:40:46,cust_1495450,ATVI,education_loan,38881,48,551,medium,rejected,0,branch,true,106
app_20250127_00004508,2025-01-27 07:11:20,cust_5096983,DEHE,mortgage,100332,240,639,medium,rejected,0,partner,true,56
app_20250127_00004509,2025-01-27 07:33:48,cust_7249472,ESMA,credit_card,16555,36,694,medium,approved,16555,web,false,867
app_20250127_00004510,2025-01-27 00:35:52,cust_1611389,GRRE,credit_card,12482,48,788,low,approved,12482,web,false,777
app_20250127_00004511,2025-01-27 19:12:16,cust_107877,ATVI,cash_loan,34280,36,573,medium,approved,34280,partner,true,526
app_20250127_00004512,2025-01-27 20:02:41,cust_1935932,PORP,mortgage,225782,360,672,medium,approved,225782,call_center,true,197
app_20250127_00004513,2025-01-27 06:27:15,cust_1402048,NLAM,personal_loan,21546,18,764,low,approved,21546,online_banking,false,218
app_20250127_00004514,2025-01-27 14:46:23,cust_5260550,ITMI,personal_loan,1656,36,573,medium,rejected,0,partner,true,46
app_20250127_00004515,2025-01-27 03:40:05,cust_9360391,ESMA,personal_loan,38561,42,559,medium,rejected,0,atm,false,151
app_20250127_00004516,2025-01-27 14:50:12,cust_1174243,PLWA,personal_loan,9869,42,542,medium,approved,9869,web,true,514
app_20250127_00004517,2025-01-27 09:46:28,cust_101768,CHBE,business_loan,5651,60,688,medium,approved,5651,web,false,620
app_20250127_00004518,2025-01-27 12:06:15,cust_8005654,CHBE,mortgage,410099,120,733,low,approved,410099,web,true,545
app_20250127_00004519,2025-01-27 20:32:11,cust_985085,UKLO,business_loan,6919,60,617,medium,approved,6919,mobile,true,416
app_20250127_00004520,2025-01-27 09:40:45,cust_1578631,GRRE,personal_loan,17786,12,850,low,rejected,0,call_center,false,105
app_20250127_00004521,2025-01-27 19:30:16,cust_4986521,CZPR,refinance,291302,300,633,medium,rejected,0,mobile,true,126
app_20250127_00004522,2025-01-27 12:06:33,cust_4791197,ATVI,mortgage,377069,360,579,medium,approved,377069,branch,true,852
app_20250127_00004523,2025-01-27 04:33:24,cust_2678225,UKLO,refinance,178758,120,793,low,approved,178758,mobile_app,false,873
app_20250127_00004524,2025-01-27 18:32:33,cust_7323164,CZPR,cash_loan,9595,12,843,low,approved,9595,branch,true,708
app_20250127_00004525,2025-01-27 20:28:26,cust_6786748,GRRE,cash_loan,30775,12,786,low,approved,30775,mobile,true,208
app_20250127_00004526,2025-01-27 19:41:48,cust_2474467,FRID,refinance,301328,300,530,medium,rejected,0,web,true,98
app_20250127_00004527,2025-01-27 00:17:10,cust_6861971,PORP,personal_loan,27332,18,654,medium,approved,27332,mobile,true,631
app_20250127_00004528,2025-01-27 21:55:37,cust_1203078,ESMA,personal_loan,14994,24,638,medium,rejected,0,mobile_app,false,176
app_20250127_00004529,2025-01-27 23:55:28,cust_194332,CZPR,education_loan,22418,12,767,low,rejected,0,atm,false,80
app_20250127_00004530,2025-01-27 03:34:28,cust_6240174,SESV,mortgage,120003,300,717,low,approved,120003,mobile,false,742
app_20250127_00004531,2025-01-27 00:11:02,cust_6859272,NLAM,education_loan,16860,12,675,medium,approved,16860,online_banking,false,453
app_20250127_00004532,2025-01-27 23:12:30,cust_7148392,PLWA,cash_loan,11618,48,586,medium,rejected,0,partner,true,122
app_20250127_00004533,2025-01-27 05:47:36,cust_1040852,DEHE,refinance,357920,240,661,medium,approved,357920,online_banking,true,692
app_20250127_00004534,2025-01-27 00:15:07,cust_8397219,PLWA,education_loan,27740,12,709,low,approved,27740,online_banking,false,400
app_20250127_00004535,2025-01-27 07:52:45,cust_1502834,BENL,refinance,58135,300,740,low,rejected,0,mobile,false,41
app_20250127_00004536,2025-01-27 22:21:05,cust_3908479,AUTR,education_loan,20784,60,561,medium,approved,20784,call_center,false,46
app_20250127_00004537,2025-01-27 06:18:01,cust_4806499,ESMA,personal_loan,20825,30,637,medium,approved,20825,web,false,824
app_20250127_00004538,2025-01-27 08:14:10,cust_1684756,AUTR,credit_card,8222,36,793,low,approved,8222,partner,true,544
app_20250127_00004539,2025-01-27 13:07:35,cust_9276863,CHBE,cash_loan,19883,42,752,low,approved,19883,branch,true,160
app_20250127_00004540,2025-01-27 20:38:29,cust_1453504,PLWA,refinance,59351,240,604,medium,rejected,0,web,false,89
app_20250127_00004541,2025-01-27 06:05:58,cust_9944861,UKLO,auto_loan,25878,60,456,high,rejected,0,atm,true,150
app_20250127_00004542,2025-01-27 23:55:35,cust_9760397,SESV,education_loan,2487,60,769,low,approved,2487,web,false,759
app_20250127_00004543,2025-01-27 03:33:05,cust_378987,ITMI,credit_card,36123,36,521,medium,rejected,0,online_banking,true,6
app_20250127_00004544,2025-01-27 13:25:31,cust_5338774,ATVI,mortgage,483405,360,510,medium,rejected,0,call_center,true,154
app_20250127_00004545,2025-01-27 11:06:33,cust_4849012,PORP,business_loan,17524,12,606,medium,approved,17524,online_banking,false,329
app_20250127_00004546,2025-01-27 05:13:53,cust_4295222,GRRE,auto_loan,17973,48,665,medium,approved,17973,mobile,false,248
app_20250127_00004547,2025-01-27 17:19:03,cust_849069,CZPR,refinance,361151,120,527,medium,rejected,0,branch,false,89
app_20250127_00004548,2025-01-27 11:22:20,cust_9045851,AUTR,credit_card,5766,18,692,medium,rejected,0,mobile,false,75
app_20250127_00004549,2025-01-27 20:43:27,cust_2103073,AUTR,cash_loan,24311,42,715,low,approved,24311,mobile,false,861
app_20250127_00004550,2025-01-27 01:53:59,cust_6469609,PLWA,credit_card,4588,30,700,low,rejected,0,partner,false,108
app_20250127_00004551,2025-01-27 12:09:10,cust_4319486,PLWA,mortgage,369645,360,706,low,approved,369645,online_banking,false,606
app_20250127_00004552,2025-01-27 12:02:24,cust_8945845,PLWA,credit_card,16627,42,746,low,approved,16627,web,true,685
app_20250127_00004553,2025-01-27 17:59:11,cust_7020071,PORP,credit_card,17750,42,647,medium,approved,17750,mobile,true,588
app_20250127_00004554,2025-01-27 01:58:57,cust_9468295,CZPR,cash_loan,37306,24,652,medium,approved,37306,mobile_app,false,428
app_20250127_00004555,2025-01-27 23:21:13,cust_4061621,CZPR,auto_loan,25942,36,582,medium,rejected,0,atm,true,22
app_20250127_00004556,2025-01-27 12:53:21,cust_3836126,BENL,mortgage,316072,120,679,medium,approved,316072,web,true,442
app_20250127_00004557,2025-01-27 09:13:00,cust_4635695,PORP,business_loan,8811,24,548,medium,rejected,0,mobile,false,138
app_20250127_00004558,2025-01-27 00:21:21,cust_4148199,CHBE,personal_loan,21394,24,351,high,approved,21394,partner,true,803
app_20250127_00004559,2025-01-27 03:06:09,cust_1515567,GRRE,business_loan,20680,48,807,low,approved,20680,call_center,true,203
app_20250127_00004560,2025-01-27 11:56:07,cust_3071909,SESV,cash_loan,3373,12,464,high,rejected,0,mobile_app,false,170
app_20250127_00004561,2025-01-27 21:40:45,cust_4711068,AUTR,business_loan,26525,12,711,low,approved,26525,call_center,true,845
app_20250127_00004562,2025-01-27 08:25:50,cust_7695319,DEHE,cash_loan,10181,48,665,medium,approved,10181,branch,true,785
app_20250127_00004563,2025-01-27 04:30:34,cust_7028719,CZPR,refinance,435327,300,581,medium,approved,435327,branch,true,204
app_20250127_00004564,2025-01-27 08:41:11,cust_1541860,GRRE,business_loan,37974,12,628,medium,approved,37974,online_banking,true,434
app_20250127_00004565,2025-01-27 06:23:27,cust_2490835,ITMI,personal_loan,29350,48,636,medium,approved,29350,branch,false,301
app_20250127_00004566,2025-01-27 16:46:55,cust_747895,CHBE,mortgage,160424,300,586,medium,rejected,0,web,true,58
app_20250127_00004567,2025-01-27 07:17:26,cust_3432889,UKLO,cash_loan,43993,30,762,low,approved,43993,mobile,true,360
app_20250127_00004568,2025-01-27 07:21:58,cust_9969360,ATVI,business_loan,33703,36,537,medium,rejected,0,branch,false,166
app_20250127_00004569,2025-01-27 04:49:04,cust_3443085,GRRE,personal_loan,2278,36,690,medium,rejected,0,atm,false,42
app_20250127_00004570,2025-01-27 12:42:13,cust_8687291,ITMI,credit_card,20011,30,532,medium,rejected,0,web,false,134
app_20250127_00004571,2025-01-27 00:40:06,cust_7819113,ESMA,cash_loan,23792,48,501,medium,approved,23792,partner,true,162
app_20250127_00004572,2025-01-27 07:45:00,cust_6402001,ITMI,mortgage,327709,360,672,medium,approved,327709,partner,false,439
app_20250127_00004573,2025-01-27 21:08:08,cust_6647895,NLAM,auto_loan,35562,36,610,medium,approved,35562,web,true,873
app_20250127_00004574,2025-01-27 12:15:31,cust_1869023,ATVI,refinance,320955,360,435,high,rejected,0,mobile_app,true,158
app_20250127_00004575,2025-01-27 12:07:37,cust_8888350,CHBE,refinance,308018,360,654,medium,approved,308018,web,false,305
app_20250127_00004576,2025-01-27 23:16:39,cust_7387957,DEHE,auto_loan,25647,24,616,medium,approved,25647,call_center,true,93
app_20250127_00004577,2025-01-27 23:23:48,cust_8274128,FRID,personal_loan,23392,42,660,medium,approved,23392,call_center,false,668
app_20250127_00004578,2025-01-27 06:28:59,cust_6785178,ITMI,personal_loan,21299,42,766,low,approved,21299,branch,false,288
app_20250127_00004579,2025-01-27 16:08:54,cust_214283,PORP,education_loan,24548,36,467,high,rejected,0,web,false,92
app_20250127_00004580,2025-01-27 14:28:26,cust_3333262,CHBE,cash_loan,16638,18,493,high,rejected,0,call_center,true,116
app_20250127_00004581,2025-01-27 12:19:06,cust_4598697,ESMA,business_loan,3130,12,451,high,rejected,0,web,true,54
app_20250127_00004582,2025-01-27 07:10:38,cust_8800630,GRRE,cash_loan,22756,42,662,medium,rejected,0,web,false,172
app_20250127_00004583,2025-01-27 09:44:40,cust_4538805,NLAM,credit_card,9444,48,728,low,approved,9444,branch,true,418
app_20250127_00004584,2025-01-27 04:07:17,cust_7504556,ESMA,personal_loan,44378,30,491,high,rejected,0,atm,false,56
app_20250127_00004585,2025-01-27 06:29:17,cust_8829257,PORP,personal_loan,37864,42,773,low,rejected,0,web,false,152
app_20250127_00004586,2025-01-27 22:56:56,cust_5740548,UKLO,education_loan,38306,24,716,low,approved,38306,online_banking,false,562
app_20250127_00004587,2025-01-27 13:29:01,cust_5788704,ATVI,cash_loan,26133,42,565,medium,approved,26133,web,false,139
app_20250127_00004588,2025-01-27 03:50:58,cust_5234122,UKLO,credit_card,44005,42,635,medium,approved,44005,partner,true,311
app_20250127_00004589,2025-01-27 14:49:35,cust_5912915,BENL,mortgage,301695,180,653,medium,approved,301695,call_center,false,858
app_20250127_00004590,2025-01-27 16:47:04,cust_5290237,NLAM,mortgage,400842,120,598,medium,rejected,0,atm,true,52
app_20250127_00004591,2025-01-27 19:42:33,cust_7907458,SESV,cash_loan,2759,30,782,low,approved,2759,partner,true,647
app_20250127_00004592,2025-01-27 18:03:25,cust_460062,UKLO,education_loan,9560,12,657,medium,approved,9560,mobile,false,200
app_20250127_00004593,2025-01-27 09:30:06,cust_6184601,DEHE,refinance,77447,180,630,medium,rejected,0,atm,false,86
app_20250127_00004594,2025-01-27 01:53:45,cust_5151791,DEHE,cash_loan,23229,36,649,medium,approved,23229,web,false,702
app_20250127_00004595,2025-01-27 11:12:15,cust_1950862,DEHE,personal_loan,6402,36,712,low,approved,6402,branch,true,667
app_20250127_00004596,2025-01-27 03:48:44,cust_4124962,BENL,auto_loan,50968,24,493,high,rejected,0,call_center,false,64
app_20250127_00004597,2025-01-27 20:33:22,cust_5643611,CZPR,personal_loan,8303,48,516,medium,rejected,0,branch,true,95
app_20250127_00004598,2025-01-27 21:03:08,cust_4617541,ITMI,mortgage,184467,240,578,medium,rejected,0,branch,true,164
app_20250127_00004599,2025-01-27 09:50:06,cust_2791772,ATVI,refinance,108545,240,790,low,approved,108545,partner,true,587
app_20250127_00004600,2025-01-27 05:13:04,cust_5125437,AUTR,cash_loan,31790,48,581,medium,rejected,0,online_banking,false,157
app_20250127_00004601,2025-01-27 10:30:07,cust_7144122,PORP,business_loan,4972,36,586,medium,rejected,0,call_center,false,136
app_20250127_00004602,2025-01-27 20:15:28,cust_610167,ESMA,credit_card,2679,12,677,medium,rejected,0,web,true,131
app_20250127_00004603,2025-01-27 12:53:07,cust_2500801,SESV,business_loan,32645,24,845,low,approved,32645,atm,true,693
app_20250127_00004604,2025-01-27 06:28:01,cust_938348,DEHE,cash_loan,39324,24,568,medium,rejected,0,partner,false,103
app_20250127_00004605,2025-01-27 22:09:49,cust_2933837,UKLO,credit_card,14585,18,850,low,approved,14585,mobile,true,720
app_20250127_00004606,2025-01-27 03:00:06,cust_2036085,ESMA,auto_loan,18645,60,714,low,approved,18645,web,true,335
app_20250127_00004607,2025-01-27 05:59:11,cust_1623909,PLWA,education_loan,2278,60,651,medium,approved,2278,branch,false,313
app_20250127_00004608,2025-01-27 19:57:34,cust_4918018,UKLO,cash_loan,46797,48,554,medium,approved,46797,atm,false,741
app_20250127_00004609,2025-01-27 06:59:46,cust_6607409,AUTR,auto_loan,54226,60,672,medium,approved,54226,mobile_app,false,592
app_20250127_00004610,2025-01-27 15:46:37,cust_3764613,NLAM,refinance,213306,240,643,medium,approved,213306,mobile_app,false,700
app_20250127_00004611,2025-01-27 06:56:43,cust_3240301,BENL,credit_card,16944,42,704,low,approved,16944,partner,false,775
app_20250127_00004612,2025-01-27 13:31:39,cust_1558812,NLAM,business_loan,17877,36,765,low,approved,17877,atm,false,216
app_20250127_00004613,2025-01-27 14:51:49,cust_8965828,ESMA,cash_loan,15454,24,537,medium,approved,15454,mobile_app,false,136
app_20250127_00004614,2025-01-27 08:15:38,cust_8005138,UKLO,mortgage,299230,360,587,medium,approved,299230,call_center,true,233
app_20250127_00004615,2025-01-27 02:11:21,cust_5658856,PORP,cash_loan,39927,18,727,low,approved,39927,online_banking,false,404
app_20250127_00004616,2025-01-27 02:23:31,cust_3608634,BENL,credit_card,39032,30,771,low,approved,39032,mobile_app,true,57
app_20250127_00004617,2025-01-27 03:54:09,cust_3607675,GRRE,mortgage,404361,300,580,medium,approved,404361,atm,false,690
app_20250127_00004618,2025-01-27 21:09:38,cust_9406301,NLAM,business_loan,17284,36,607,medium,approved,17284,web,false,89
app_20250127_00004619,2025-01-27 11:50:04,cust_4943135,CZPR,business_loan,6673,12,744,low,approved,6673,web,true,542
app_20250127_00004620,2025-01-27 21:15:59,cust_7455072,ESMA,cash_loan,27923,12,586,medium,rejected,0,mobile_app,false,46
app_20250127_00004621,2025-01-27 14:52:56,cust_6083533,ESMA,auto_loan,15241,72,609,medium,rejected,0,mobile,false,174
app_20250127_00004622,2025-01-27 14:38:11,cust_5699589,FRID,cash_loan,40560,42,776,low,approved,40560,online_banking,true,79
app_20250127_00004623,2025-01-27 16:56:15,cust_7067360,ESMA,business_loan,20400,24,658,medium,rejected,0,call_center,true,73
app_20250127_00004624,2025-01-27 09:21:40,cust_6976634,ATVI,mortgage,449460,240,632,medium,rejected,0,mobile_app,true,37
app_20250127_00004625,2025-01-27 06:06:59,cust_4239345,DEHE,auto_loan,36643,24,748,low,rejected,0,online_banking,true,36
app_20250127_00004626,2025-01-27 00:29:23,cust_9892309,PLWA,education_loan,38588,48,807,low,approved,38588,mobile_app,false,300
app_20250127_00004627,2025-01-27 00:53:43,cust_3074657,CZPR,mortgage,80359,180,662,medium,approved,80359,branch,false,112
app_20250127_00004628,2025-01-27 03:02:18,cust_1804558,ATVI,education_loan,5355,12,706,low,rejected,0,online_banking,true,151
app_20250127_00004629,2025-01-27 04:40:23,cust_9524858,DEHE,mortgage,286675,300,724,low,approved,286675,online_banking,false,382
app_20250127_00004630,2025-01-27 09:44:30,cust_6574566,ESMA,education_loan,15554,36,611,medium,approved,15554,online_banking,false,281
app_20250127_00004631,2025-01-27 20:50:17,cust_992675,ESMA,education_loan,5423,36,658,medium,approved,5423,call_center,false,292
app_20250127_00004632,2025-01-27 22:37:46,cust_1883680,NLAM,auto_loan,56730,60,814,low,approved,56730,branch,false,511
app_20250127_00004633,2025-01-27 22:06:09,cust_867213,DEHE,mortgage,380467,120,545,medium,rejected,0,web,true,164
app_20250127_00004634,2025-01-27 18:00:01,cust_6954704,DEHE,cash_loan,23081,30,828,low,approved,23081,web,false,388
app_20250127_00004635,2025-01-27 02:46:04,cust_9095866,ATVI,mortgage,193050,300,746,low,approved,193050,call_center,false,197
app_20250127_00004636,2025-01-27 06:06:09,cust_6361479,ATVI,cash_loan,30602,30,685,medium,rejected,0,atm,false,50
app_20250127_00004637,2025-01-27 15:37:43,cust_2265261,FRID,auto_loan,54131,60,569,medium,rejected,0,mobile,true,104
app_20250127_00004638,2025-01-27 04:50:39,cust_6978697,BENL,business_loan,16148,60,662,medium,approved,16148,partner,false,204
app_20250127_00004639,2025-01-27 07:40:57,cust_8329987,GRRE,personal_loan,27360,36,648,medium,approved,27360,branch,true,751
app_20250127_00004640,2025-01-27 23:17:53,cust_2847696,NLAM,personal_loan,37001,18,594,medium,rejected,0,call_center,false,142
app_20250127_00004641,2025-01-27 07:36:46,cust_689835,CHBE,business_loan,24983,36,733,low,approved,24983,branch,true,484
app_20250127_00004642,2025-01-27 01:18:58,cust_4281291,ITMI,personal_loan,26341,36,768,low,approved,26341,branch,true,606
app_20250127_00004643,2025-01-27 12:22:51,cust_8543202,ESMA,business_loan,19071,12,438,high,rejected,0,mobile,true,26
app_20250127_00004644,2025-01-27 14:23:05,cust_4918126,PORP,mortgage,126476,120,573,medium,approved,126476,call_center,false,586
app_20250127_00004645,2025-01-27 08:04:18,cust_7119833,GRRE,education_loan,8715,36,552,medium,approved,8715,atm,false,52
app_20250127_00004646,2025-01-27 00:41:59,cust_7186297,PORP,auto_loan,56018,60,738,low,approved,56018,mobile_app,true,689
app_20250127_00004647,2025-01-27 10:46:14,cust_6047888,PLWA,mortgage,209854,120,648,medium,approved,209854,branch,true,743
app_20250127_00004648,2025-01-27 00:03:27,cust_309627,ITMI,credit_card,9101,12,565,medium,approved,9101,branch,true,645
app_20250127_00004649,2025-01-27 08:52:36,cust_6669147,ESMA,mortgage,387464,300,601,medium,approved,387464,call_center,true,316
app_20250127_00004650,2025-01-27 01:29:51,cust_7927333,ITMI,credit_card,13490,36,850,low,approved,13490,mobile,true,858
app_20250127_00004651,2025-01-27 02:07:01,cust_3277385,CZPR,credit_card,1298,48,439,high,rejected,0,call_center,true,127
app_20250127_00004652,2025-01-27 09:17:34,cust_7615610,GRRE,education_loan,2640,36,681,medium,approved,2640,call_center,false,836
app_20250127_00004653,2025-01-27 01:55:15,cust_3268966,ATVI,business_loan,14461,24,456,high,rejected,0,atm,false,109
app_20250127_00004654,2025-01-27 02:37:45,cust_322996,ESMA,cash_loan,8629,42,751,low,approved,8629,partner,false,599
app_20250127_00004655,2025-01-27 00:42:16,cust_6571140,GRRE,mortgage,399749,120,791,low,rejected,0,branch,false,67
app_20250127_00004656,2025-01-27 16:24:30,cust_2742748,SESV,personal_loan,12453,12,697,medium,approved,12453,web,true,322
app_20250127_00004657,2025-01-27 14:47:02,cust_1189825,FRID,auto_loan,35133,48,769,low,rejected,0,call_center,true,90
app_20250127_00004658,2025-01-27 15:03:09,cust_5127311,FRID,mortgage,389325,240,669,medium,approved,389325,mobile_app,true,46
app_20250127_00004659,2025-01-27 00:35:04,cust_495803,BENL,refinance,242999,300,694,medium,approved,242999,partner,false,542
app_20250127_00004660,2025-01-27 02:26:06,cust_3678966,SESV,education_loan,9777,36,591,medium,rejected,0,web,true,90
app_20250127_00004661,2025-01-27 20:18:15,cust_6829506,PLWA,cash_loan,4751,30,564,medium,approved,4751,mobile,false,644
app_20250127_00004662,2025-01-27 21:52:49,cust_8952575,ATVI,refinance,199765,360,833,low,rejected,0,web,true,12
app_20250127_00004663,2025-01-27 05:12:07,cust_5243590,ESMA,education_loan,12450,48,480,high,rejected,0,atm,true,177
app_20250127_00004664,2025-01-27 18:19:42,cust_7961777,DEHE,credit_card,1349,30,612,medium,approved,1349,branch,false,587
app_20250127_00004665,2025-01-27 12:11:08,cust_2932658,ESMA,auto_loan,24255,48,597,medium,rejected,0,mobile_app,true,124
app_20250127_00004666,2025-01-27 10:31:50,cust_1976160,ATVI,auto_loan,22073,24,745,low,approved,22073,online_banking,true,824
app_20250127_00004667,2025-01-27 13:22:47,cust_3249978,SESV,business_loan,38885,24,764,low,approved,38885,mobile,false,153
app_20250127_00004668,2025-01-27 21:08:28,cust_417496,UKLO,personal_loan,11964,12,764,low,approved,11964,web,true,573
app_20250127_00004669,2025-01-27 04:04:12,cust_4796104,NLAM,business_loan,23251,60,609,medium,rejected,0,online_banking,false,93
app_20250127_00004670,2025-01-27 19:33:03,cust_9502272,DEHE,auto_loan,49721,48,563,medium,approved,49721,branch,true,78
app_20250127_00004671,2025-01-27 18:28:18,cust_455118,FRID,cash_loan,2046,36,743,low,approved,2046,call_center,true,653
app_20250127_00004672,2025-01-27 17:30:39,cust_6112969,ATVI,credit_card,49435,36,606,medium,approved,49435,branch,false,214
app_20250127_00004673,2025-01-27 05:02:36,cust_8344030,CZPR,credit_card,16573,24,693,medium,rejected,0,web,true,62
app_20250127_00004674,2025-01-27 02:10:16,cust_6494295,BENL,personal_loan,7086,30,732,low,approved,7086,branch,true,399
app_20250127_00004675,2025-01-27 12:24:34,cust_1768468,NLAM,auto_loan,56849,72,628,medium,approved,56849,web,false,171
app_20250127_00004676,2025-01-27 21:34:22,cust_2616611,UKLO,credit_card,4135,12,666,medium,approved,4135,online_banking,true,37
app_20250127_00004677,2025-01-27 23:12:43,cust_8271614,CHBE,mortgage,445958,300,495,high,rejected,0,partner,true,143
app_20250127_00004678,2025-01-27 13:04:38,cust_923946,BENL,personal_loan,7488,30,610,medium,approved,7488,branch,false,444
app_20250127_00004679,2025-01-27 05:53:32,cust_7007081,FRID,business_loan,14489,24,690,medium,approved,14489,mobile,false,766
app_20250127_00004680,2025-01-27 12:20:36,cust_8780744,NLAM,refinance,389058,180,833,low,approved,389058,branch,false,765
app_20250127_00004681,2025-01-27 19:10:38,cust_2895420,NLAM,cash_loan,43102,48,782,low,approved,43102,mobile_app,true,238
app_20250127_00004682,2025-01-27 03:05:51,cust_6886069,UKLO,cash_loan,6911,42,672,medium,approved,6911,online_banking,true,598
app_20250127_00004683,2025-01-27 18:05:14,cust_819909,CZPR,refinance,468900,300,448,high,rejected,0,call_center,false,113
app_20250127_00004684,2025-01-27 10:12:01,cust_5093766,AUTR,auto_loan,36147,24,476,high,rejected,0,mobile,false,64
app_20250127_00004685,2025-01-27 08:09:17,cust_218268,UKLO,business_loan,36835,24,732,low,approved,36835,partner,false,540
app_20250127_00004686,2025-01-27 18:25:37,cust_5839251,CZPR,education_loan,20612,60,517,medium,rejected,0,call_center,true,26
app_20250127_00004687,2025-01-27 04:08:59,cust_8412127,CZPR,refinance,283139,180,678,medium,approved,283139,branch,true,873
app_20250127_00004688,2025-01-27 06:32:00,cust_4183034,BENL,refinance,252917,120,424,high,rejected,0,online_banking,true,79
app_20250127_00004689,2025-01-27 07:39:33,cust_8636390,CZPR,cash_loan,19196,48,615,medium,approved,19196,branch,true,648
app_20250127_00004690,2025-01-27 23:27:56,cust_9701322,GRRE,cash_loan,25706,48,583,medium,approved,25706,branch,true,424
app_20250127_00004691,2025-01-27 16:08:27,cust_1163338,FRID,mortgage,91087,180,624,medium,rejected,0,web,true,94
app_20250127_00004692,2025-01-27 08:22:54,cust_9634276,NLAM,education_loan,35467,24,850,low,approved,35467,atm,true,278
app_20250127_00004693,2025-01-27 00:56:06,cust_6234930,UKLO,mortgage,77973,240,844,low,rejected,0,atm,false,173
app_20250127_00004694,2025-01-27 01:55:48,cust_9140310,BENL,credit_card,43619,30,643,medium,approved,43619,call_center,false,781
app_20250127_00004695,2025-01-27 21:01:43,cust_5576504,CZPR,cash_loan,36252,24,616,medium,approved,36252,partner,true,400
app_20250127_00004696,2025-01-27 00:49:06,cust_4974810,PLWA,credit_card,13552,18,675,medium,approved,13552,mobile_app,false,584
app_20250127_00004697,2025-01-27 08:33:34,cust_4193199,NLAM,cash_loan,40336,24,718,low,approved,40336,partner,true,158
app_20250127_00004698,2025-01-27 08:30:05,cust_7039569,PLWA,mortgage,493229,300,680,medium,rejected,0,partner,false,6
app_20250127_00004699,2025-01-27 14:04:39,cust_3516156,BENL,mortgage,442220,240,768,low,approved,442220,atm,true,896
app_20250127_00004700,2025-01-27 08:08:44,cust_6247680,ATVI,cash_loan,4542,42,700,low,approved,4542,partner,false,375
app_20250127_00004701,2025-01-27 18:04:27,cust_2892306,GRRE,business_loan,26790,36,506,medium,approved,26790,call_center,true,290
app_20250127_00004702,2025-01-27 20:18:30,cust_9729297,CZPR,auto_loan,59520,72,647,medium,approved,59520,branch,true,862
app_20250127_00004703,2025-01-27 19:42:46,cust_7766634,FRID,credit_card,32391,12,762,low,approved,32391,mobile_app,false,834
app_20250127_00004704,2025-01-27 09:31:58,cust_3618311,PORP,mortgage,173225,300,767,low,approved,173225,atm,true,193
app_20250127_00004705,2025-01-27 15:48:20,cust_3358582,CHBE,auto_loan,40467,48,645,medium,rejected,0,web,false,113
app_20250127_00004706,2025-01-27 09:20:50,cust_8713300,GRRE,mortgage,426460,180,748,low,approved,426460,call_center,false,486
app_20250127_00004707,2025-01-27 22:17:31,cust_2060556,SESV,business_loan,4560,36,767,low,approved,4560,online_banking,false,475
app_20250127_00004708,2025-01-27 16:18:46,cust_4932502,NLAM,cash_loan,41799,18,850,low,approved,41799,mobile,true,249
app_20250127_00004709,2025-01-27 07:59:48,cust_9777208,CZPR,mortgage,459328,300,576,medium,approved,459328,call_center,false,763
app_20250127_00004710,2025-01-27 17:30:31,cust_6557899,ESMA,personal_loan,24007,18,590,medium,rejected,0,mobile,false,51
app_20250127_00004711,2025-01-27 22:15:16,cust_230760,BENL,credit_card,1810,24,682,medium,rejected,0,mobile_app,true,46
app_20250127_00004712,2025-01-27 22:58:13,cust_2700860,NLAM,auto_loan,51882,24,734,low,approved,51882,atm,true,161
app_20250127_00004713,2025-01-27 09:47:56,cust_3895082,BENL,refinance,204723,300,564,medium,approved,204723,online_banking,false,580
app_20250127_00004714,2025-01-27 13:13:30,cust_120305,GRRE,credit_card,38586,18,704,low,approved,38586,mobile,false,624
app_20250127_00004715,2025-01-27 01:03:27,cust_1391668,BENL,personal_loan,3062,18,728,low,rejected,0,mobile,true,123
app_20250127_00004716,2025-01-27 12:41:28,cust_6465161,PLWA,personal_loan,9184,12,510,medium,approved,9184,online_banking,true,322
app_20250127_00004717,2025-01-27 20:03:18,cust_3951822,BENL,refinance,460348,180,596,medium,approved,460348,branch,true,557
app_20250127_00004718,2025-01-27 16:09:36,cust_4785158,UKLO,business_loan,23640,48,595,medium,rejected,0,branch,true,121
app_20250127_00004719,2025-01-27 11:06:33,cust_5599351,FRID,cash_loan,20843,12,655,medium,approved,20843,mobile,true,143
app_20250127_00004720,2025-01-27 14:50:29,cust_493406,PLWA,credit_card,37701,30,742,low,approved,37701,mobile_app,false,321
app_20250127_00004721,2025-01-27 16:23:07,cust_6190920,CHBE,auto_loan,5865,48,646,medium,approved,5865,mobile_app,true,159
app_20250127_00004722,2025-01-27 16:08:47,cust_5799198,ITMI,personal_loan,23209,24,581,medium,rejected,0,online_banking,true,18
app_20250127_00004723,2025-01-27 03:06:48,cust_9828973,DEHE,education_loan,8545,24,761,low,approved,8545,branch,true,619
app_20250127_00004724,2025-01-27 21:04:46,cust_8256270,ATVI,education_loan,26147,24,765,low,approved,26147,partner,false,528
app_20250127_00004725,2025-01-27 05:11:19,cust_942943,ESMA,cash_loan,39768,42,558,medium,rejected,0,web,false,105
app_20250127_00004726,2025-01-27 14:56:03,cust_3217450,CZPR,credit_card,10985,30,646,medium,rejected,0,partner,true,63
app_20250127_00004727,2025-01-27 07:05:00,cust_670966,ESMA,education_loan,5586,36,637,medium,rejected,0,online_banking,true,48
app_20250127_00004728,2025-01-27 19:26:26,cust_6607835,ESMA,cash_loan,48941,18,629,medium,approved,48941,partner,true,80
app_20250127_00004729,2025-01-27 17:46:54,cust_7895169,PLWA,cash_loan,14425,24,663,medium,rejected,0,web,true,45
app_20250127_00004730,2025-01-27 22:12:47,cust_5801693,PORP,mortgage,91607,240,617,medium,rejected,0,branch,true,118
app_20250127_00004731,2025-01-27 12:21:01,cust_1627253,ESMA,personal_loan,46499,18,506,medium,approved,46499,mobile_app,false,313
app_20250127_00004732,2025-01-27 16:37:37,cust_7656913,ITMI,credit_card,12124,42,624,medium,approved,12124,atm,false,478
app_20250127_00004733,2025-01-27 03:39:04,cust_7540423,ATVI,cash_loan,1559,36,522,medium,approved,1559,web,true,769
app_20250127_00004734,2025-01-27 13:05:31,cust_586593,AUTR,cash_loan,28789,30,596,medium,rejected,0,web,true,27
app_20250127_00004735,2025-01-27 11:20:40,cust_9392402,AUTR,auto_loan,15394,24,662,medium,approved,15394,branch,true,464
app_20250127_00004736,2025-01-27 20:33:42,cust_1024386,PLWA,mortgage,121783,120,555,medium,approved,121783,call_center,true,740
app_20250127_00004737,2025-01-27 16:17:29,cust_2235131,AUTR,auto_loan,51559,24,687,medium,approved,51559,call_center,true,432
app_20250127_00004738,2025-01-27 22:23:25,cust_5097104,ATVI,personal_loan,40391,24,618,medium,rejected,0,partner,true,154
app_20250127_00004739,2025-01-27 05:47:29,cust_1954724,ATVI,education_loan,38843,48,649,medium,approved,38843,mobile_app,false,698
app_20250127_00004740,2025-01-27 00:06:34,cust_3584901,CZPR,personal_loan,32543,24,781,low,approved,32543,mobile,false,866
app_20250127_00004741,2025-01-27 23:43:32,cust_2162511,CZPR,credit_card,49330,42,614,medium,approved,49330,mobile,false,557
app_20250127_00004742,2025-01-27 15:20:43,cust_7339758,ESMA,cash_loan,35533,18,612,medium,rejected,0,mobile_app,false,25
app_20250127_00004743,2025-01-27 07:50:16,cust_2531134,ITMI,auto_loan,5484,48,481,high,rejected,0,online_banking,true,168
app_20250127_00004744,2025-01-27 05:46:12,cust_9966563,PORP,credit_card,30236,30,725,low,approved,30236,branch,true,411
app_20250127_00004745,2025-01-27 20:38:15,cust_7516774,NLAM,auto_loan,47850,60,610,medium,rejected,0,branch,false,105
app_20250127_00004746,2025-01-27 01:18:45,cust_862153,CHBE,auto_loan,11015,48,650,medium,rejected,0,atm,true,100
app_20250127_00004747,2025-01-27 16:13:46,cust_2218139,SESV,personal_loan,28234,24,546,medium,rejected,0,online_banking,true,164
app_20250127_00004748,2025-01-27 22:08:39,cust_8821878,AUTR,education_loan,9987,60,762,low,approved,9987,atm,false,720
app_20250127_00004749,2025-01-27 18:31:55,cust_6578154,AUTR,education_loan,37180,60,711,low,approved,37180,web,true,837
app_20250127_00004750,2025-01-27 03:45:10,cust_6469298,FRID,cash_loan,31138,36,685,medium,approved,31138,branch,false,148
app_20250127_00004751,2025-01-27 14:14:17,cust_8219101,DEHE,business_loan,38765,12,687,medium,approved,38765,web,false,473
app_20250127_00004752,2025-01-27 06:00:38,cust_8906167,ESMA,business_loan,3367,36,698,medium,approved,3367,branch,true,318
app_20250127_00004753,2025-01-27 15:46:13,cust_4938944,CZPR,business_loan,33161,48,611,medium,rejected,0,atm,true,115
app_20250127_00004754,2025-01-27 01:03:12,cust_9490076,GRRE,cash_loan,27365,24,673,medium,approved,27365,partner,false,568
app_20250127_00004755,2025-01-27 07:25:46,cust_8808463,UKLO,credit_card,15728,12,508,medium,approved,15728,mobile,true,174
app_20250127_00004756,2025-01-27 13:13:18,cust_1909547,SESV,business_loan,33751,12,560,medium,approved,33751,atm,false,247
app_20250127_00004757,2025-01-27 14:31:18,cust_2294848,AUTR,education_loan,23515,60,778,low,approved,23515,call_center,false,892
app_20250127_00004758,2025-01-27 12:47:32,cust_8524380,BENL,cash_loan,29489,36,712,low,approved,29489,branch,true,36
app_20250127_00004759,2025-01-27 21:52:29,cust_8030655,GRRE,business_loan,8950,24,743,low,approved,8950,atm,false,166
app_20250127_00004760,2025-01-27 23:19:40,cust_6066064,BENL,mortgage,62370,240,687,medium,approved,62370,mobile_app,false,541
app_20250127_00004761,2025-01-27 10:25:20,cust_4700856,PLWA,auto_loan,28574,60,753,low,approved,28574,online_banking,false,883
app_20250127_00004762,2025-01-27 21:24:46,cust_4383451,AUTR,mortgage,437491,120,529,medium,rejected,0,call_center,true,131
app_20250127_00004763,2025-01-27 20:47:45,cust_8547007,DEHE,refinance,381418,120,850,low,approved,381418,call_center,false,292
app_20250127_00004764,2025-01-27 17:56:52,cust_8342202,ESMA,cash_loan,26767,18,599,medium,approved,26767,partner,false,792
app_20250127_00004765,2025-01-27 05:58:40,cust_1938704,CHBE,cash_loan,9013,18,679,medium,approved,9013,web,true,33
app_20250127_00004766,2025-01-27 13:24:05,cust_7360158,FRID,education_loan,24031,48,672,medium,rejected,0,online_banking,true,154
app_20250127_00004767,2025-01-27 11:29:46,cust_8696358,PORP,credit_card,15392,24,524,medium,rejected,0,branch,false,154
app_20250127_00004768,2025-01-27 08:43:08,cust_2520312,CHBE,education_loan,3132,24,625,medium,rejected,0,web,true,125
app_20250127_00004769,2025-01-27 17:25:50,cust_5258501,ITMI,credit_card,8226,42,576,medium,approved,8226,call_center,false,488
app_20250127_00004770,2025-01-27 07:32:41,cust_5231080,GRRE,personal_loan,6186,18,701,low,approved,6186,branch,false,339
app_20250127_00004771,2025-01-27 16:16:53,cust_455979,UKLO,credit_card,32739,12,720,low,approved,32739,web,false,762
app_20250127_00004772,2025-01-27 23:10:19,cust_335521,PORP,credit_card,30136,18,533,medium,approved,30136,mobile,false,599
app_20250127_00004773,2025-01-27 04:37:29,cust_7438403,GRRE,education_loan,10739,12,617,medium,approved,10739,web,false,201
app_20250127_00004774,2025-01-27 15:59:25,cust_2233260,CHBE,credit_card,45395,36,837,low,rejected,0,atm,false,145
app_20250127_00004775,2025-01-27 06:49:26,cust_1021730,ITMI,mortgage,459608,360,509,medium,rejected,0,partner,true,88
app_20250127_00004776,2025-01-27 10:43:59,cust_7261745,PLWA,education_loan,29737,24,639,medium,approved,29737,call_center,false,466
app_20250127_00004777,2025-01-27 15:27:27,cust_1834858,AUTR,education_loan,17364,24,649,medium,rejected,0,partner,false,175
app_20250127_00004778,2025-01-27 13:04:12,cust_8187226,PLWA,cash_loan,11759,18,602,medium,approved,11759,atm,true,32
app_20250127_00004779,2025-01-27 13:10:48,cust_7983782,DEHE,auto_loan,23843,60,682,medium,rejected,0,mobile,true,122
app_20250127_00004780,2025-01-27 18:37:33,cust_3609811,ESMA,credit_card,14263,12,690,medium,approved,14263,web,false,74
app_20250127_00004781,2025-01-27 04:38:05,cust_1895855,ITMI,education_loan,27399,36,637,medium,approved,27399,call_center,true,589
app_20250127_00004782,2025-01-27 02:16:36,cust_9404478,GRRE,education_loan,31000,60,769,low,approved,31000,mobile_app,true,814
app_20250127_00004783,2025-01-27 22:11:40,cust_9047566,ATVI,credit_card,44525,12,590,medium,rejected,0,online_banking,true,172
app_20250127_00004784,2025-01-27 19:16:25,cust_2881511,BENL,personal_loan,22184,36,704,low,approved,22184,atm,true,80
app_20250127_00004785,2025-01-27 21:26:28,cust_2853132,SESV,business_loan,16225,48,720,low,approved,16225,mobile_app,true,553
app_20250127_00004786,2025-01-27 14:44:01,cust_2228389,UKLO,mortgage,211909,240,586,medium,rejected,0,mobile,false,135
app_20250127_00004787,2025-01-27 12:41:37,cust_8242902,ATVI,business_loan,11338,12,645,medium,rejected,0,mobile,true,53
app_20250127_00004788,2025-01-27 02:41:10,cust_3590290,PLWA,refinance,100290,180,639,medium,approved,100290,online_banking,false,876
app_20250127_00004789,2025-01-27 06:39:33,cust_7414941,NLAM,education_loan,22801,60,850,low,approved,22801,mobile,true,608
app_20250127_00004790,2025-01-27 21:02:04,cust_7332310,CHBE,education_loan,24178,48,850,low,approved,24178,atm,true,582
app_20250127_00004791,2025-01-27 09:10:45,cust_1008437,PORP,personal_loan,34959,18,676,medium,approved,34959,online_banking,false,408
app_20250127_00004792,2025-01-27 04:22:46,cust_1658825,ESMA,business_loan,30923,36,744,low,approved,30923,online_banking,false,502
app_20250127_00004793,2025-01-27 07:23:47,cust_9926320,FRID,cash_loan,19911,12,765,low,approved,19911,web,true,416
app_20250127_00004794,2025-01-27 12:36:25,cust_8868053,ITMI,education_loan,18401,12,512,medium,rejected,0,web,false,22
app_20250127_00004795,2025-01-27 10:49:04,cust_7830409,ITMI,education_loan,34062,48,602,medium,approved,34062,partner,false,353
app_20250127_00004796,2025-01-27 10:02:06,cust_8529074,ATVI,personal_loan,26712,24,441,high,rejected,0,mobile_app,false,151
app_20250127_00004797,2025-01-27 11:01:49,cust_4377141,GRRE,cash_loan,17656,30,620,medium,rejected,0,mobile_app,false,61
app_20250127_00004798,2025-01-27 21:47:07,cust_5052048,CZPR,credit_card,23835,36,667,medium,approved,23835,online_banking,true,459
app_20250127_00004799,2025-01-27 05:44:58,cust_1604449,DEHE,credit_card,34356,12,729,low,approved,34356,web,true,582
app_20250127_00004800,2025-01-27 13:45:16,cust_6668764,ATVI,cash_loan,15602,12,454,high,approved,15602,atm,true,35
app_20250127_00004801,2025-01-27 09:32:47,cust_9645093,PLWA,refinance,464461,120,657,medium,approved,464461,web,true,373
app_20250127_00004802,2025-01-27 22:45:23,cust_4068892,PLWA,cash_loan,46534,42,757,low,approved,46534,branch,true,768
app_20250127_00004803,2025-01-27 18:30:11,cust_5736402,SESV,business_loan,12374,12,678,medium,approved,12374,partner,true,284
app_20250127_00004804,2025-01-27 20:00:17,cust_1045927,DEHE,credit_card,42104,48,638,medium,approved,42104,mobile,false,81
app_20250127_00004805,2025-01-27 22:20:51,cust_1660826,GRRE,auto_loan,28180,48,460,high,rejected,0,branch,true,123
app_20250127_00004806,2025-01-27 00:55:14,cust_7712570,SESV,personal_loan,30628,48,445,high,rejected,0,web,true,107
app_20250127_00004807,2025-01-27 14:44:09,cust_326282,CHBE,mortgage,78560,360,535,medium,rejected,0,mobile_app,false,79
app_20250127_00004808,2025-01-27 16:07:35,cust_2688143,AUTR,mortgage,239351,300,570,medium,approved,239351,branch,true,510
app_20250127_00004809,2025-01-27 00:38:44,cust_3953713,ITMI,refinance,185985,300,619,medium,approved,185985,call_center,false,382
app_20250127_00004810,2025-01-27 20:13:29,cust_6260591,BENL,refinance,473008,240,626,medium,approved,473008,mobile,true,719
app_20250127_00004811,2025-01-27 08:06:01,cust_8606844,NLAM,refinance,438460,240,629,medium,approved,438460,web,false,505
app_20250127_00004812,2025-01-27 08:18:16,cust_9116500,DEHE,auto_loan,34329,60,728,low,approved,34329,partner,false,774
app_20250127_00004813,2025-01-27 21:55:08,cust_422794,CHBE,education_loan,7550,36,742,low,approved,7550,mobile_app,false,614
app_20250127_00004814,2025-01-27 11:49:02,cust_3292522,FRID,cash_loan,5836,30,693,medium,rejected,0,mobile,true,14
app_20250127_00004815,2025-01-27 17:58:39,cust_3141623,PORP,credit_card,15528,24,651,medium,approved,15528,partner,true,337
app_20250127_00004816,2025-01-27 10:29:34,cust_9438700,BENL,business_loan,24540,36,764,low,approved,24540,branch,true,681
app_20250127_00004817,2025-01-27 17:06:28,cust_4372983,SESV,cash_loan,23141,24,845,low,approved,23141,partner,false,804
app_20250127_00004818,2025-01-27 16:25:06,cust_8679929,PORP,refinance,219347,120,674,medium,approved,219347,mobile_app,true,488
app_20250127_00004819,2025-01-27 22:15:14,cust_7984899,FRID,refinance,367686,180,729,low,approved,367686,mobile_app,false,721
app_20250127_00004820,2025-01-27 18:57:30,cust_9700554,NLAM,business_loan,27975,12,577,medium,rejected,0,branch,false,167
app_20250127_00004821,2025-01-27 08:59:25,cust_412216,FRID,business_loan,4418,48,611,medium,approved,4418,online_banking,false,791
app_20250127_00004822,2025-01-27 01:23:52,cust_4394739,CZPR,mortgage,357446,360,731,low,approved,357446,web,false,662
app_20250127_00004823,2025-01-27 09:48:20,cust_9380941,SESV,refinance,164136,240,613,medium,approved,164136,mobile_app,true,513
app_20250127_00004824,2025-01-27 20:30:39,cust_2332786,PORP,refinance,81142,300,450,high,rejected,0,mobile_app,false,138
app_20250127_00004825,2025-01-27 17:48:34,cust_8289996,CHBE,credit_card,23517,18,674,medium,rejected,0,call_center,false,107
app_20250127_00004826,2025-01-27 14:10:28,cust_9869803,UKLO,mortgage,340946,300,732,low,approved,340946,atm,false,300
app_20250127_00004827,2025-01-27 15:59:55,cust_9022702,ITMI,refinance,342249,300,489,high,rejected,0,partner,true,136
app_20250127_00004828,2025-01-27 23:46:37,cust_3305848,NLAM,refinance,254777,300,607,medium,rejected,0,online_banking,false,98
app_20250127_00004829,2025-01-27 01:20:33,cust_4553438,ATVI,mortgage,95119,120,639,medium,rejected,0,call_center,true,46
app_20250127_00004830,2025-01-27 06:02:57,cust_9882241,DEHE,mortgage,313139,360,478,high,rejected,0,mobile_app,false,152
app_20250127_00004831,2025-01-27 10:23:47,cust_7676841,FRID,mortgage,402423,360,713,low,approved,402423,mobile_app,true,239
app_20250127_00004832,2025-01-27 18:57:08,cust_7664578,GRRE,credit_card,4928,36,476,high,rejected,0,branch,true,15
app_20250127_00004833,2025-01-27 23:58:49,cust_5307766,PORP,cash_loan,38558,24,613,medium,approved,38558,partner,false,256
app_20250127_00004834,2025-01-27 02:35:57,cust_4809219,ITMI,auto_loan,38104,48,645,medium,approved,38104,web,true,367
app_20250127_00004835,2025-01-27 17:47:58,cust_7512512,NLAM,personal_loan,5926,36,661,medium,approved,5926,online_banking,false,364
app_20250127_00004836,2025-01-27 04:09:28,cust_2132667,SESV,mortgage,431428,300,674,medium,approved,431428,partner,true,255
app_20250127_00004837,2025-01-27 20:35:00,cust_6183894,NLAM,auto_loan,19954,72,785,low,approved,19954,online_banking,true,386
app_20250127_00004838,2025-01-27 06:21:14,cust_1543201,FRID,credit_card,16928,36,714,low,approved,16928,web,false,752
app_20250127_00004839,2025-01-27 09:17:10,cust_4568692,ESMA,auto_loan,13781,48,662,medium,approved,13781,online_banking,true,728
app_20250127_00004840,2025-01-27 17:31:26,cust_267941,PLWA,education_loan,2638,12,735,low,approved,2638,atm,true,732
app_20250127_00004841,2025-01-27 07:25:43,cust_887932,BENL,credit_card,40826,36,752,low,approved,40826,partner,true,631
app_20250127_00004842,2025-01-27 10:10:34,cust_1121499,ESMA,mortgage,201643,240,534,medium,approved,201643,online_banking,false,789
app_20250127_00004843,2025-01-27 23:06:38,cust_5308741,ITMI,business_loan,7184,48,752,low,approved,7184,mobile_app,false,628
app_20250127_00004844,2025-01-27 10:16:06,cust_9430934,NLAM,auto_loan,49910,72,615,medium,approved,49910,web,true,546
app_20250127_00004845,2025-01-27 10:13:36,cust_1300113,SESV,personal_loan,38274,12,654,medium,approved,38274,mobile,false,423
app_20250127_00004846,2025-01-27 12:15:45,cust_3295749,ATVI,education_loan,29948,36,722,low,approved,29948,atm,false,710
app_20250127_00004847,2025-01-27 09:04:10,cust_5064338,BENL,refinance,213447,180,575,medium,approved,213447,call_center,false,134
app_20250127_00004848,2025-01-27 13:19:28,cust_8883185,PLWA,education_loan,29526,36,703,low,approved,29526,web,true,34
app_20250127_00004849,2025-01-27 21:10:02,cust_7933811,ITMI,cash_loan,2046,18,627,medium,approved,2046,branch,true,416
app_20250127_00004850,2025-01-27 06:10:00,cust_1092422,PORP,mortgage,387089,360,646,medium,approved,387089,branch,true,866
app_20250127_00004851,2025-01-27 16:08:24,cust_8986729,ESMA,refinance,253653,180,483,high,rejected,0,mobile_app,false,149
app_20250127_00004852,2025-01-27 12:16:45,cust_8903950,NLAM,personal_loan,7592,24,698,medium,approved,7592,atm,true,275
app_20250127_00004853,2025-01-27 08:44:39,cust_7269599,ESMA,mortgage,406870,360,692,medium,approved,406870,mobile_app,false,231
app_20250127_00004854,2025-01-27 11:24:11,cust_8735722,NLAM,refinance,262991,180,565,medium,approved,262991,mobile,false,662
app_20250127_00004855,2025-01-27 22:29:28,cust_4010055,FRID,credit_card,3003,48,712,low,rejected,0,branch,false,81
app_20250127_00004856,2025-01-27 18:32:30,cust_9029584,SESV,refinance,105769,120,654,medium,approved,105769,web,true,635
app_20250127_00004857,2025-01-27 21:22:31,cust_8088424,PORP,credit_card,41899,18,850,low,rejected,0,atm,true,44
app_20250127_00004858,2025-01-27 06:47:09,cust_2050053,CZPR,refinance,132542,300,645,medium,approved,132542,branch,false,805
app_20250127_00004859,2025-01-27 13:50:07,cust_4989435,NLAM,business_loan,35228,36,635,medium,approved,35228,mobile_app,false,173
app_20250127_00004860,2025-01-27 21:49:48,cust_7122004,CHBE,credit_card,27284,18,770,low,approved,27284,branch,true,171
app_20250127_00004861,2025-01-27 01:10:33,cust_5451277,ATVI,mortgage,243250,360,527,medium,rejected,0,atm,false,151
app_20250127_00004862,2025-01-27 08:09:39,cust_7864391,PORP,business_loan,17425,60,602,medium,approved,17425,partner,false,156
app_20250127_00004863,2025-01-27 00:36:01,cust_1158571,SESV,mortgage,424445,300,518,medium,approved,424445,branch,false,112
app_20250127_00004864,2025-01-27 12:03:19,cust_2088292,SESV,auto_loan,19649,36,773,low,approved,19649,partner,true,771
app_20250127_00004865,2025-01-27 19:20:43,cust_3243009,UKLO,cash_loan,30102,48,723,low,approved,30102,branch,false,89
app_20250127_00004866,2025-01-27 06:09:42,cust_887670,FRID,credit_card,2384,36,584,medium,rejected,0,mobile,true,91
app_20250127_00004867,2025-01-27 22:08:56,cust_7533559,BENL,education_loan,3397,60,664,medium,rejected,0,web,false,101
app_20250127_00004868,2025-01-27 22:25:11,cust_8067942,GRRE,refinance,303500,240,692,medium,rejected,0,mobile,false,133
app_20250127_00004869,2025-01-27 23:38:11,cust_2219354,BENL,credit_card,16370,48,691,medium,approved,16370,web,true,674
app_20250127_00004870,2025-01-27 00:31:11,cust_7808516,AUTR,credit_card,46711,48,606,medium,approved,46711,mobile,true,596
app_20250127_00004871,2025-01-27 00:03:10,cust_3767017,UKLO,education_loan,27682,24,412,high,rejected,0,web,false,124
app_20250127_00004872,2025-01-27 08:54:10,cust_2072078,CZPR,credit_card,28999,18,757,low,approved,28999,online_banking,true,437
app_20250127_00004873,2025-01-27 22:00:06,cust_9484283,CZPR,refinance,192205,360,508,medium,rejected,0,mobile_app,true,21
app_20250127_00004874,2025-01-27 22:01:35,cust_3551708,CHBE,credit_card,45033,18,625,medium,approved,45033,mobile_app,false,728
app_20250127_00004875,2025-01-27 01:51:27,cust_8829402,CZPR,cash_loan,7770,42,538,medium,approved,7770,atm,true,222
app_20250127_00004876,2025-01-27 16:37:31,cust_1946309,CHBE,cash_loan,48713,24,757,low,approved,48713,mobile_app,true,881
app_20250127_00004877,2025-01-27 21:47:06,cust_3290845,CZPR,auto_loan,37340,36,521,medium,approved,37340,web,true,223
app_20250127_00004878,2025-01-27 16:41:55,cust_8406027,PORP,personal_loan,3068,18,749,low,approved,3068,web,false,218
app_20250127_00004879,2025-01-27 02:41:41,cust_2676666,CZPR,mortgage,497738,360,568,medium,approved,497738,call_center,false,406
app_20250127_00004880,2025-01-27 09:30:24,cust_6791840,UKLO,education_loan,8769,12,675,medium,approved,8769,mobile,false,120
app_20250127_00004881,2025-01-27 12:04:44,cust_5376071,ATVI,auto_loan,44598,36,729,low,approved,44598,call_center,false,188
app_20250127_00004882,2025-01-27 09:40:53,cust_3509867,CZPR,personal_loan,36249,18,553,medium,rejected,0,online_banking,false,83
app_20250127_00004883,2025-01-27 10:31:41,cust_8310628,GRRE,business_loan,4884,36,556,medium,rejected,0,mobile_app,false,105
app_20250127_00004884,2025-01-27 11:05:36,cust_2267277,FRID,business_loan,17188,60,532,medium,rejected,0,online_banking,true,167
app_20250127_00004885,2025-01-27 02:11:48,cust_1825474,ITMI,personal_loan,9956,12,761,low,approved,9956,call_center,true,137
app_20250127_00004886,2025-01-27 00:20:06,cust_7128465,CZPR,auto_loan,28872,48,544,medium,rejected,0,mobile,false,165
app_20250127_00004887,2025-01-27 15:58:03,cust_8458297,NLAM,education_loan,7180,24,673,medium,approved,7180,atm,true,643
app_20250127_00004888,2025-01-27 17:53:00,cust_8277906,GRRE,credit_card,39873,48,834,low,approved,39873,branch,true,178
app_20250127_00004889,2025-01-27 17:15:17,cust_5538543,CHBE,education_loan,28220,36,708,low,approved,28220,mobile,true,368
app_20250127_00004890,2025-01-27 13:56:59,cust_9419435,UKLO,credit_card,3657,30,695,medium,approved,3657,partner,true,226
app_20250127_00004891,2025-01-27 16:29:22,cust_6345994,NLAM,education_loan,18972,24,791,low,approved,18972,mobile,false,337
app_20250127_00004892,2025-01-27 12:19:27,cust_2155577,BENL,auto_loan,31025,36,670,medium,approved,31025,web,true,57
app_20250127_00004893,2025-01-27 06:43:34,cust_341213,CHBE,auto_loan,39715,48,480,high,rejected,0,partner,false,75
app_20250127_00004894,2025-01-27 18:39:59,cust_5811009,NLAM,education_loan,28513,60,763,low,approved,28513,online_banking,true,594
app_20250127_00004895,2025-01-27 19:09:51,cust_5754831,CZPR,education_loan,27011,12,471,high,rejected,0,atm,false,104
app_20250127_00004896,2025-01-27 07:13:37,cust_5370617,CZPR,credit_card,21601,12,758,low,approved,21601,call_center,false,215
app_20250127_00004897,2025-01-27 17:22:34,cust_5698252,PLWA,refinance,231706,180,626,medium,rejected,0,call_center,true,78
app_20250127_00004898,2025-01-27 23:19:21,cust_4597198,FRID,cash_loan,31404,48,567,medium,rejected,0,online_banking,false,170
app_20250127_00004899,2025-01-27 04:26:01,cust_3210214,FRID,refinance,392670,240,472,high,rejected,0,mobile,true,44
app_20250127_00004900,2025-01-27 00:33:14,cust_1756499,DEHE,credit_card,16990,18,773,low,approved,16990,online_banking,true,308
app_20250127_00004901,2025-01-27 15:50:29,cust_7271092,FRID,business_loan,2283,60,602,medium,approved,2283,online_banking,true,394
app_20250127_00004902,2025-01-27 19:39:04,cust_2544408,ATVI,education_loan,31840,60,801,low,approved,31840,branch,true,164
app_20250127_00004903,2025-01-27 10:06:30,cust_9190191,SESV,cash_loan,46479,30,816,low,approved,46479,mobile_app,false,773
app_20250127_00004904,2025-01-27 11:40:17,cust_7996480,NLAM,education_loan,38441,36,597,medium,rejected,0,web,true,37
app_20250127_00004905,2025-01-27 15:29:41,cust_838525,NLAM,business_loan,14007,36,666,medium,approved,14007,mobile_app,true,585
app_20250127_00004906,2025-01-27 08:07:35,cust_8819638,SESV,auto_loan,24471,60,621,medium,rejected,0,atm,true,51
app_20250127_00004907,2025-01-27 09:09:45,cust_7732399,PLWA,cash_loan,10484,42,457,high,rejected,0,online_banking,false,109
app_20250127_00004908,2025-01-27 14:13:55,cust_8334376,SESV,mortgage,235377,180,650,medium,approved,235377,call_center,true,797
app_20250127_00004909,2025-01-27 22:50:24,cust_4305647,ESMA,education_loan,32025,48,592,medium,approved,32025,branch,false,296
app_20250127_00004910,2025-01-27 01:07:46,cust_656237,ATVI,mortgage,262935,180,693,medium,approved,262935,online_banking,true,644
app_20250127_00004911,2025-01-27 04:07:09,cust_7840732,NLAM,business_loan,5370,36,710,low,rejected,0,online_banking,false,85
app_20250127_00004912,2025-01-27 20:26:02,cust_5394181,ITMI,business_loan,17526,24,711,low,approved,17526,call_center,true,720
app_20250127_00004913,2025-01-27 03:22:54,cust_7540863,FRID,auto_loan,32850,48,744,low,approved,32850,branch,false,246
app_20250127_00004914,2025-01-27 02:37:53,cust_579797,UKLO,education_loan,36362,12,725,low,approved,36362,online_banking,false,315
app_20250127_00004915,2025-01-27 21:30:57,cust_202978,ITMI,refinance,267729,240,612,medium,approved,267729,atm,false,165
app_20250127_00004916,2025-01-27 05:40:00,cust_816667,CHBE,business_loan,26072,48,381,high,rejected,0,atm,true,127
app_20250127_00004917,2025-01-27 07:26:23,cust_3885031,FRID,personal_loan,35427,42,645,medium,approved,35427,web,true,363
app_20250127_00004918,2025-01-27 21:32:26,cust_8212645,NLAM,auto_loan,7675,36,679,medium,approved,7675,call_center,true,900
app_20250127_00004919,2025-01-27 11:45:10,cust_3207048,SESV,mortgage,119834,240,652,medium,approved,119834,mobile,false,480
app_20250127_00004920,2025-01-27 20:40:49,cust_295118,SESV,business_loan,2232,48,756,low,approved,2232,online_banking,true,668
app_20250127_00004921,2025-01-27 16:57:22,cust_3104024,CHBE,mortgage,423545,360,776,low,approved,423545,online_banking,false,143
app_20250127_00004922,2025-01-27 06:37:14,cust_5943017,AUTR,education_loan,38877,24,585,medium,approved,38877,atm,true,775
app_20250127_00004923,2025-01-27 23:50:02,cust_2796735,PORP,cash_loan,37857,18,510,medium,rejected,0,atm,false,55
app_20250127_00004924,2025-01-27 12:10:46,cust_7847042,DEHE,refinance,75951,120,598,medium,rejected,0,mobile,false,74
app_20250127_00004925,2025-01-27 22:57:07,cust_3850165,ITMI,education_loan,5333,12,702,low,approved,5333,mobile_app,true,288
app_20250127_00004926,2025-01-27 18:11:34,cust_3420015,ATVI,education_loan,15939,60,642,medium,approved,15939,partner,true,310
app_20250127_00004927,2025-01-27 18:47:59,cust_6483984,ESMA,credit_card,34433,42,572,medium,approved,34433,call_center,false,687
app_20250127_00004928,2025-01-27 02:05:05,cust_9079719,PORP,personal_loan,24857,12,656,medium,rejected,0,call_center,false,115
app_20250127_00004929,2025-01-27 23:00:32,cust_4184598,ITMI,cash_loan,48093,42,708,low,approved,48093,mobile_app,false,604
app_20250127_00004930,2025-01-27 02:42:30,cust_1000846,ITMI,mortgage,221813,240,744,low,approved,221813,call_center,true,246
app_20250127_00004931,2025-01-27 14:19:14,cust_3014561,AUTR,auto_loan,50706,60,698,medium,rejected,0,atm,false,100
app_20250127_00004932,2025-01-27 16:47:00,cust_9764907,CZPR,business_loan,25400,12,662,medium,approved,25400,web,true,118
app_20250127_00004933,2025-01-27 13:59:46,cust_2265130,ATVI,education_loan,22291,48,637,medium,approved,22291,branch,false,266
app_20250127_00004934,2025-01-27 13:00:05,cust_3076108,UKLO,education_loan,10360,24,741,low,approved,10360,mobile,false,175
app_20250127_00004935,2025-01-27 19:09:09,cust_8576331,ITMI,auto_loan,7676,72,581,medium,rejected,0,partner,true,82
app_20250127_00004936,2025-01-27 15:36:47,cust_4873172,UKLO,personal_loan,47763,48,850,low,approved,47763,branch,true,654
app_20250127_00004937,2025-01-27 00:51:06,cust_4566871,NLAM,refinance,68301,180,724,low,approved,68301,partner,false,883
app_20250127_00004938,2025-01-27 23:50:19,cust_674914,FRID,education_loan,23105,36,652,medium,approved,23105,branch,true,258
app_20250127_00004939,2025-01-27 17:59:57,cust_659977,PORP,mortgage,396785,360,675,medium,approved,396785,web,true,210
app_20250127_00004940,2025-01-27 15:53:10,cust_2335035,ATVI,business_loan,29423,36,548,medium,rejected,0,mobile,false,161
app_20250127_00004941,2025-01-27 16:52:57,cust_2394805,ESMA,refinance,484924,180,735,low,approved,484924,branch,true,152
app_20250127_00004942,2025-01-27 13:45:45,cust_3890599,GRRE,business_loan,38733,24,666,medium,rejected,0,atm,false,176
app_20250127_00004943,2025-01-27 10:56:47,cust_6755801,FRID,auto_loan,36725,36,530,medium,approved,36725,call_center,true,116
app_20250127_00004944,2025-01-27 13:21:48,cust_1822747,NLAM,business_loan,31582,60,658,medium,approved,31582,partner,false,494
app_20250127_00004945,2025-01-27 07:47:29,cust_6039828,CZPR,refinance,476569,360,692,medium,approved,476569,call_center,false,414
app_20250127_00004946,2025-01-27 11:48:10,cust_9941767,AUTR,business_loan,30022,48,728,low,approved,30022,mobile,true,33
app_20250127_00004947,2025-01-27 21:33:28,cust_829713,DEHE,business_loan,28844,60,700,low,approved,28844,partner,false,312
app_20250127_00004948,2025-01-27 08:44:57,cust_6670523,GRRE,cash_loan,16228,24,844,low,approved,16228,mobile,false,647
app_20250127_00004949,2025-01-27 20:52:26,cust_9467349,FRID,business_loan,6569,24,685,medium,rejected,0,atm,false,43
app_20250127_00004950,2025-01-27 21:36:51,cust_3585935,ITMI,mortgage,384070,360,682,medium,rejected,0,call_center,false,9
app_20250127_00004951,2025-01-27 00:17:14,cust_8030019,ESMA,refinance,230064,120,703,low,approved,230064,web,true,280
app_20250127_00004952,2025-01-27 11:32:06,cust_2355260,FRID,credit_card,12259,30,672,medium,approved,12259,mobile,true,613
app_20250127_00004953,2025-01-27 19:10:55,cust_8369702,CZPR,personal_loan,38164,30,526,medium,rejected,0,partner,true,98
app_20250127_00004954,2025-01-27 11:56:10,cust_5686625,FRID,mortgage,479803,120,561,medium,approved,479803,online_banking,true,105
app_20250127_00004955,2025-01-27 04:25:35,cust_4960797,FRID,auto_loan,48756,36,632,medium,rejected,0,mobile,true,162
app_20250127_00004956,2025-01-27 16:00:33,cust_8547693,ATVI,refinance,300228,120,477,high,rejected,0,atm,false,109
app_20250127_00004957,2025-01-27 17:21:20,cust_5278761,GRRE,education_loan,17746,36,578,medium,approved,17746,atm,false,570
app_20250127_00004958,2025-01-27 08:16:09,cust_8063479,BENL,business_loan,37215,12,575,medium,approved,37215,atm,true,761
app_20250127_00004959,2025-01-27 09:53:32,cust_3147558,NLAM,refinance,386778,360,744,low,approved,386778,call_center,true,194
app_20250127_00004960,2025-01-27 16:49:56,cust_9371477,ITMI,auto_loan,35110,60,731,low,approved,35110,atm,false,414
app_20250127_00004961,2025-01-27 10:23:49,cust_8084869,NLAM,mortgage,428300,120,563,medium,approved,428300,mobile_app,false,653
app_20250127_00004962,2025-01-27 07:16:38,cust_7234248,GRRE,auto_loan,43366,24,468,high,rejected,0,call_center,true,21
app_20250127_00004963,2025-01-27 22:39:44,cust_8878753,SESV,business_loan,5408,60,828,low,approved,5408,call_center,true,205
app_20250127_00004964,2025-01-27 04:14:04,cust_7048777,ATVI,personal_loan,21016,42,620,medium,approved,21016,online_banking,false,630
app_20250127_00004965,2025-01-27 20:12:11,cust_3195501,DEHE,auto_loan,50703,60,541,medium,rejected,0,partner,false,9
app_20250127_00004966,2025-01-27 05:09:41,cust_1224094,ESMA,auto_loan,21139,36,729,low,rejected,0,mobile_app,false,35
app_20250127_00004967,2025-01-27 01:01:37,cust_7167604,ITMI,refinance,377824,120,649,medium,approved,377824,mobile_app,false,624
app_20250127_00004968,2025-01-27 19:30:16,cust_1344743,UKLO,cash_loan,40885,48,813,low,approved,40885,online_banking,false,513
app_20250127_00004969,2025-01-27 18:27:08,cust_1180478,UKLO,cash_loan,14332,48,521,medium,rejected,0,atm,false,49
app_20250127_00004970,2025-01-27 04:32:33,cust_1825047,AUTR,refinance,447363,120,444,high,rejected,0,web,true,158
app_20250127_00004971,2025-01-27 09:18:55,cust_8676422,ITMI,refinance,251986,240,763,low,approved,251986,mobile,false,814
app_20250127_00004972,2025-01-27 10:55:50,cust_5322124,SESV,auto_loan,23186,24,695,medium,approved,23186,branch,false,680
app_20250127_00004973,2025-01-27 00:33:11,cust_9512578,UKLO,auto_loan,54541,60,651,medium,approved,54541,atm,false,319
app_20250127_00004974,2025-01-27 18:55:47,cust_574494,UKLO,cash_loan,42255,42,423,high,rejected,0,mobile_app,false,130
app_20250127_00004975,2025-01-27 17:11:21,cust_4642904,CZPR,auto_loan,41809,36,563,medium,rejected,0,branch,false,27
app_20250127_00004976,2025-01-27 07:26:18,cust_5997184,PORP,personal_loan,1740,48,383,high,rejected,0,online_banking,true,123
app_20250127_00004977,2025-01-27 03:37:01,cust_9488928,PORP,auto_loan,13781,36,640,medium,rejected,0,atm,true,162
app_20250127_00004978,2025-01-27 18:12:05,cust_7986176,PORP,personal_loan,17851,42,789,low,approved,17851,partner,false,78
app_20250127_00004979,2025-01-27 15:30:11,cust_8798073,DEHE,personal_loan,25072,24,643,medium,approved,25072,call_center,true,468
app_20250127_00004980,2025-01-27 20:31:20,cust_3874296,ITMI,cash_loan,18495,12,562,medium,rejected,0,web,true,64
app_20250127_00004981,2025-01-27 00:38:36,cust_7800553,BENL,business_loan,7060,12,571,medium,rejected,0,mobile,false,9
app_20250127_00004982,2025-01-27 06:46:13,cust_6237081,NLAM,credit_card,17455,18,639,medium,rejected,0,web,true,121
app_20250127_00004983,2025-01-27 05:14:47,cust_5519149,BENL,mortgage,200520,360,636,medium,approved,200520,web,true,459
app_20250127_00004984,2025-01-27 14:50:23,cust_9535329,ESMA,mortgage,444900,120,554,medium,rejected,0,online_banking,false,115
app_20250127_00004985,2025-01-27 11:26:35,cust_7084040,FRID,mortgage,271232,240,569,medium,rejected,0,mobile,false,169
app_20250127_00004986,2025-01-27 12:57:30,cust_5489818,UKLO,business_loan,38124,24,649,medium,approved,38124,partner,false,217
app_20250127_00004987,2025-01-27 19:04:48,cust_4696229,FRID,education_loan,30095,24,383,high,rejected,0,mobile,true,114
app_20250127_00004988,2025-01-27 22:25:41,cust_1270539,NLAM,business_loan,29418,24,670,medium,approved,29418,mobile,true,448
app_20250127_00004989,2025-01-27 03:28:51,cust_4661651,UKLO,education_loan,31993,24,794,low,approved,31993,branch,true,762
app_20250127_00004990,2025-01-27 14:46:33,cust_6483759,ATVI,auto_loan,15490,24,633,medium,approved,15490,mobile,false,792
app_20250127_00004991,2025-01-27 03:11:32,cust_3380417,FRID,credit_card,39324,24,634,medium,approved,39324,mobile_app,false,47
app_20250127_00004992,2025-01-27 15:06:08,cust_9736287,NLAM,business_loan,4819,36,500,medium,rejected,0,call_center,true,94
app_20250127_00004993,2025-01-27 15:19:05,cust_5803387,UKLO,cash_loan,14976,36,600,medium,approved,14976,partner,false,854
app_20250127_00004994,2025-01-27 13:36:03,cust_5678615,CZPR,cash_loan,49224,42,850,low,approved,49224,mobile_app,false,544
app_20250127_00004995,2025-01-27 15:56:13,cust_5465376,FRID,education_loan,26953,12,561,medium,approved,26953,call_center,false,209
app_20250127_00004996,2025-01-27 07:15:04,cust_7761641,AUTR,credit_card,5942,30,772,low,approved,5942,atm,true,350
app_20250127_00004997,2025-01-27 18:33:46,cust_822898,GRRE,education_loan,33527,36,639,medium,rejected,0,mobile,true,81
app_20250127_00004998,2025-01-27 15:13:32,cust_7228832,ATVI,credit_card,13992,48,834,low,approved,13992,mobile,false,497
app_20250127_00004999,2025-01-27 07:02:25,cust_1867084,BENL,cash_loan,47321,12,575,medium,approved,47321,partner,false,271
app_20250127_00005000,2025-01-27 04:10:36,cust_278718,CZPR,cash_loan,45156,30,700,low,rejected,0,partner,false,73
app_20250127_00005001,2025-01-27 05:43:37,cust_7139799,PLWA,auto_loan,59456,48,806,low,approved,59456,online_banking,true,433
app_20250127_00005002,2025-01-27 17:26:11,cust_4697303,AUTR,cash_loan,10634,30,810,low,approved,10634,call_center,false,406
app_20250127_00005003,2025-01-27 09:07:19,cust_3394346,CHBE,cash_loan,5921,48,673,medium,approved,5921,mobile,true,479
app_20250127_00005004,2025-01-27 18:42:15,cust_204519,BENL,mortgage,414624,120,672,medium,approved,414624,branch,true,476
app_20250127_00005005,2025-01-27 16:20:27,cust_2055982,FRID,personal_loan,46069,48,595,medium,rejected,0,mobile_app,true,66
app_20250127_00005006,2025-01-27 23:26:50,cust_6007670,SESV,education_loan,9746,36,661,medium,rejected,0,partner,false,104
app_20250127_00005007,2025-01-27 12:36:39,cust_675569,SESV,cash_loan,28569,24,575,medium,approved,28569,partner,false,328
app_20250127_00005008,2025-01-27 04:53:27,cust_9518810,ESMA,mortgage,461453,240,662,medium,rejected,0,atm,false,108
app_20250127_00005009,2025-01-27 07:52:18,cust_6816079,NLAM,personal_loan,13969,24,594,medium,rejected,0,branch,true,25
app_20250127_00005010,2025-01-27 11:49:27,cust_861970,UKLO,cash_loan,4037,30,497,high,rejected,0,call_center,true,169
app_20250127_00005011,2025-01-27 02:50:56,cust_1888141,DEHE,business_loan,2526,48,479,high,rejected,0,partner,false,53
app_20250127_00005012,2025-01-27 04:17:01,cust_6971177,AUTR,mortgage,80752,360,605,medium,rejected,0,branch,false,121
app_20250127_00005013,2025-01-27 22:30:44,cust_9853238,PORP,credit_card,18323,12,658,medium,rejected,0,atm,true,20
app_20250127_00005014,2025-01-27 03:54:57,cust_7240580,ITMI,credit_card,38974,18,636,medium,rejected,0,web,true,67
app_20250127_00005015,2025-01-27 14:41:13,cust_6589256,DEHE,personal_loan,24838,18,549,medium,rejected,0,atm,false,178
app_20250127_00005016,2025-01-27 19:27:19,cust_1054803,PORP,refinance,310354,360,832,low,approved,310354,web,false,819
app_20250127_00005017,2025-01-27 02:37:19,cust_6352040,CZPR,credit_card,35744,48,685,medium,rejected,0,online_banking,true,144
app_20250127_00005018,2025-01-27 22:12:04,cust_7798256,DEHE,personal_loan,15440,12,502,medium,approved,15440,web,true,377
app_20250127_00005019,2025-01-27 02:57:16,cust_6893738,NLAM,credit_card,1844,30,728,low,approved,1844,atm,false,448
app_20250127_00005020,2025-01-27 22:16:22,cust_5214915,CHBE,education_loan,13947,60,791,low,approved,13947,branch,true,442
app_20250127_00005021,2025-01-27 22:27:20,cust_688161,CZPR,education_loan,24404,48,612,medium,approved,24404,mobile,true,401
app_20250127_00005022,2025-01-27 03:56:20,cust_6873406,UKLO,education_loan,5319,36,622,medium,rejected,0,online_banking,true,52
app_20250127_00005023,2025-01-27 13:24:00,cust_7092269,DEHE,education_loan,7300,24,663,medium,rejected,0,online_banking,true,138
app_20250127_00005024,2025-01-27 14:34:55,cust_443240,ITMI,personal_loan,20508,42,667,medium,approved,20508,online_banking,false,694
app_20250127_00005025,2025-01-27 11:55:59,cust_2806251,PORP,cash_loan,7749,18,849,low,approved,7749,mobile,true,98
app_20250127_00005026,2025-01-27 13:50:59,cust_3248053,ATVI,refinance,387378,240,772,low,approved,387378,call_center,true,797
app_20250127_00005027,2025-01-27 10:19:08,cust_1237857,PORP,credit_card,40797,18,728,low,approved,40797,web,false,900
app_20250127_00005028,2025-01-27 15:02:46,cust_3973993,PLWA,credit_card,30723,48,797,low,approved,30723,atm,true,884
app_20250127_00005029,2025-01-27 12:19:01,cust_2167914,SESV,personal_loan,36032,24,682,medium,approved,36032,call_center,false,797
app_20250127_00005030,2025-01-27 17:05:16,cust_3795206,SESV,personal_loan,33617,48,528,medium,approved,33617,mobile,false,885
app_20250127_00005031,2025-01-27 19:35:40,cust_6903882,NLAM,credit_card,22269,12,609,medium,approved,22269,partner,true,726
app_20250127_00005032,2025-01-27 23:12:00,cust_9997835,UKLO,business_loan,19955,36,671,medium,approved,19955,online_banking,false,446
app_20250127_00005033,2025-01-27 13:15:53,cust_2718374,ITMI,refinance,298968,180,737,low,approved,298968,online_banking,true,558
app_20250127_00005034,2025-01-27 12:54:05,cust_5338899,FRID,credit_card,17881,36,575,medium,rejected,0,mobile_app,false,46
app_20250127_00005035,2025-01-27 23:10:24,cust_8959299,ITMI,auto_loan,36262,48,581,medium,rejected,0,online_banking,false,172
app_20250127_00005036,2025-01-27 12:04:43,cust_1522110,ATVI,education_loan,29661,48,605,medium,approved,29661,web,true,456
app_20250127_00005037,2025-01-27 16:29:18,cust_4169774,ESMA,credit_card,24661,12,619,medium,rejected,0,mobile,true,67
app_20250127_00005038,2025-01-27 02:38:55,cust_6228593,BENL,auto_loan,26776,48,620,medium,approved,26776,web,false,108
app_20250127_00005039,2025-01-27 18:36:43,cust_7142221,CZPR,personal_loan,20018,12,765,low,approved,20018,online_banking,true,532
app_20250127_00005040,2025-01-27 23:45:12,cust_5091021,NLAM,credit_card,35980,12,526,medium,approved,35980,call_center,true,677
app_20250127_00005041,2025-01-27 11:01:35,cust_245967,SESV,auto_loan,17538,36,646,medium,approved,17538,call_center,true,49
app_20250127_00005042,2025-01-27 00:27:29,cust_2824930,FRID,business_loan,33093,24,774,low,approved,33093,atm,true,167
app_20250127_00005043,2025-01-27 16:36:15,cust_7435209,CZPR,mortgage,72655,360,841,low,approved,72655,mobile,false,526
app_20250127_00005044,2025-01-27 09:43:31,cust_8048142,BENL,cash_loan,2185,48,775,low,approved,2185,atm,true,126
app_20250127_00005045,2025-01-27 10:10:11,cust_463973,UKLO,auto_loan,36721,24,606,medium,rejected,0,partner,true,129
app_20250127_00005046,2025-01-27 15:20:21,cust_6793800,CZPR,refinance,135390,300,572,medium,rejected,0,call_center,true,5
app_20250127_00005047,2025-01-27 13:46:09,cust_5331035,UKLO,mortgage,382368,120,562,medium,rejected,0,atm,true,65
app_20250127_00005048,2025-01-27 12:31:15,cust_806370,NLAM,refinance,425345,180,530,medium,rejected,0,atm,true,132
app_20250127_00005049,2025-01-27 06:54:14,cust_401084,ATVI,mortgage,281611,240,607,medium,rejected,0,mobile_app,false,135
app_20250127_00005050,2025-01-27 21:11:44,cust_5106156,PORP,education_loan,34922,60,508,medium,approved,34922,mobile,false,252
app_20250127_00005051,2025-01-27 16:28:45,cust_7819000,ITMI,mortgage,248940,120,718,low,approved,248940,online_banking,false,398
app_20250127_00005052,2025-01-27 21:04:13,cust_9005565,UKLO,business_loan,17800,12,491,high,rejected,0,web,true,63
app_20250127_00005053,2025-01-27 05:43:56,cust_5924906,UKLO,refinance,86053,360,710,low,approved,86053,mobile,true,212
app_20250127_00005054,2025-01-27 04:53:08,cust_2767589,PLWA,education_loan,25205,48,635,medium,rejected,0,web,true,113
app_20250127_00005055,2025-01-27 22:56:58,cust_3480630,CZPR,education_loan,18412,60,850,low,approved,18412,mobile_app,false,286
app_20250127_00005056,2025-01-27 03:00:10,cust_9221229,AUTR,credit_card,40829,24,507,medium,approved,40829,partner,true,718
app_20250127_00005057,2025-01-27 18:22:10,cust_1205673,CHBE,credit_card,38308,36,762,low,approved,38308,mobile_app,false,417
app_20250127_00005058,2025-01-27 08:11:32,cust_5665089,BENL,personal_loan,36641,18,636,medium,approved,36641,mobile_app,false,789
app_20250127_00005059,2025-01-27 10:20:24,cust_1390591,PORP,credit_card,33528,48,730,low,approved,33528,online_banking,true,617
app_20250127_00005060,2025-01-27 16:20:21,cust_9387963,PLWA,credit_card,36753,48,740,low,approved,36753,web,true,860
app_20250127_00005061,2025-01-27 00:22:25,cust_9468339,PLWA,education_loan,18752,60,657,medium,approved,18752,online_banking,false,414
app_20250127_00005062,2025-01-27 02:49:17,cust_7408560,PORP,auto_loan,20619,72,769,low,approved,20619,mobile_app,false,216
app_20250127_00005063,2025-01-27 19:47:40,cust_9700116,NLAM,credit_card,14316,30,674,medium,approved,14316,branch,false,794
app_20250127_00005064,2025-01-27 04:48:46,cust_2524757,UKLO,refinance,59353,300,749,low,approved,59353,branch,true,506
app_20250127_00005065,2025-01-27 16:20:20,cust_239136,FRID,education_loan,30405,48,594,medium,approved,30405,online_banking,false,82
app_20250127_00005066,2025-01-27 19:38:14,cust_1963228,PORP,education_loan,21062,36,644,medium,approved,21062,partner,true,817
app_20250127_00005067,2025-01-27 09:30:20,cust_3198808,AUTR,refinance,383735,300,781,low,approved,383735,online_banking,false,539
app_20250127_00005068,2025-01-27 13:54:11,cust_5439646,ESMA,credit_card,19701,18,820,low,approved,19701,web,true,766
app_20250127_00005069,2025-01-27 12:30:39,cust_9473918,BENL,personal_loan,37704,12,648,medium,approved,37704,mobile,false,203
app_20250127_00005070,2025-01-27 21:44:25,cust_9560205,FRID,refinance,298648,120,741,low,approved,298648,web,true,88
app_20250127_00005071,2025-01-27 08:52:59,cust_8584851,ITMI,business_loan,14432,36,536,medium,rejected,0,web,false,76
app_20250127_00005072,2025-01-27 06:19:22,cust_1767391,CZPR,credit_card,9077,24,644,medium,approved,9077,call_center,true,577
app_20250127_00005073,2025-01-27 09:18:19,cust_6926129,NLAM,business_loan,4571,48,710,low,approved,4571,partner,true,779
app_20250127_00005074,2025-01-27 13:04:48,cust_6730004,FRID,auto_loan,46231,60,532,medium,rejected,0,online_banking,false,104
app_20250127_00005075,2025-01-27 05:24:05,cust_7548160,DEHE,mortgage,239632,300,638,medium,approved,239632,atm,false,885
app_20250127_00005076,2025-01-27 03:52:46,cust_6352586,BENL,auto_loan,25173,48,651,medium,rejected,0,partner,true,154
app_20250127_00005077,2025-01-27 05:36:47,cust_3476093,GRRE,credit_card,42035,24,597,medium,approved,42035,mobile_app,true,588
app_20250127_00005078,2025-01-27 08:12:05,cust_6504544,DEHE,education_loan,39162,36,563,medium,approved,39162,mobile_app,false,727
app_20250127_00005079,2025-01-27 12:19:38,cust_6308468,GRRE,refinance,476366,120,663,medium,approved,476366,mobile_app,false,405
app_20250127_00005080,2025-01-27 01:38:57,cust_1416284,DEHE,auto_loan,34687,48,698,medium,approved,34687,partner,true,450
app_20250127_00005081,2025-01-27 00:13:53,cust_9194716,ITMI,refinance,263328,360,850,low,approved,263328,branch,true,151
app_20250127_00005082,2025-01-27 15:31:06,cust_7447544,SESV,credit_card,33702,36,402,high,rejected,0,mobile_app,false,92
app_20250127_00005083,2025-01-27 04:23:58,cust_1832676,NLAM,personal_loan,38290,48,630,medium,approved,38290,atm,false,892
app_20250127_00005084,2025-01-27 20:14:56,cust_5972909,ESMA,auto_loan,14149,24,850,low,approved,14149,mobile,true,118
app_20250127_00005085,2025-01-27 08:43:33,cust_6183709,FRID,refinance,480342,300,729,low,approved,480342,partner,false,757
app_20250127_00005086,2025-01-27 11:35:22,cust_7317200,ESMA,mortgage,495853,240,516,medium,approved,495853,call_center,true,243
app_20250127_00005087,2025-01-27 08:38:56,cust_3064312,ATVI,mortgage,403245,240,538,medium,approved,403245,online_banking,false,117
app_20250127_00005088,2025-01-27 22:48:27,cust_2352578,AUTR,personal_loan,8330,42,556,medium,approved,8330,branch,false,581
app_20250127_00005089,2025-01-27 19:20:19,cust_3838537,CZPR,refinance,365542,240,569,medium,rejected,0,web,true,128
app_20250127_00005090,2025-01-27 23:47:40,cust_7268681,ITMI,credit_card,4907,30,661,medium,approved,4907,atm,true,661
app_20250127_00005091,2025-01-27 00:16:00,cust_5033756,SESV,refinance,383008,240,717,low,approved,383008,web,true,198
app_20250127_00005092,2025-01-27 14:10:23,cust_5478285,FRID,education_loan,19566,60,700,low,approved,19566,branch,false,284
app_20250127_00005093,2025-01-27 19:03:02,cust_8843793,PLWA,auto_loan,16574,36,789,low,approved,16574,branch,true,95
app_20250127_00005094,2025-01-27 06:51:28,cust_2276348,ITMI,business_loan,11628,12,727,low,approved,11628,branch,true,465
app_20250127_00005095,2025-01-27 13:03:58,cust_1850458,ATVI,business_loan,14847,60,772,low,approved,14847,atm,true,713
app_20250127_00005096,2025-01-27 13:13:02,cust_4371090,FRID,refinance,118047,240,692,medium,approved,118047,mobile,false,603
app_20250127_00005097,2025-01-27 21:26:02,cust_6091945,GRRE,mortgage,422967,120,850,low,approved,422967,atm,false,778
app_20250127_00005098,2025-01-27 20:25:58,cust_4438977,GRRE,refinance,436250,240,792,low,approved,436250,call_center,true,205
app_20250127_00005099,2025-01-27 22:10:28,cust_2839936,PORP,cash_loan,13768,36,612,medium,rejected,0,mobile,true,137
app_20250127_00005100,2025-01-27 21:27:37,cust_3703464,DEHE,cash_loan,14171,24,537,medium,approved,14171,web,false,446
app_20250127_00005101,2025-01-27 17:31:55,cust_4722961,SESV,refinance,492073,120,461,high,rejected,0,branch,true,86
app_20250127_00005102,2025-01-27 06:58:37,cust_3182980,PORP,refinance,177593,240,686,medium,rejected,0,call_center,true,66
app_20250127_00005103,2025-01-27 20:32:45,cust_9842455,CHBE,auto_loan,21316,48,686,medium,approved,21316,online_banking,false,656
app_20250127_00005104,2025-01-27 12:59:24,cust_8246965,BENL,education_loan,22332,36,661,medium,approved,22332,web,true,452
app_20250127_00005105,2025-01-27 09:30:19,cust_2716996,BENL,education_loan,16343,48,702,low,approved,16343,call_center,false,124
app_20250127_00005106,2025-01-27 08:04:43,cust_6551858,SESV,business_loan,37364,24,436,high,rejected,0,call_center,true,168
app_20250127_00005107,2025-01-27 23:19:00,cust_114390,GRRE,business_loan,18159,12,741,low,approved,18159,partner,false,815
app_20250127_00005108,2025-01-27 00:03:07,cust_4876901,NLAM,business_loan,20359,60,703,low,approved,20359,partner,false,510
app_20250127_00005109,2025-01-27 10:08:48,cust_3863199,PORP,refinance,316016,240,742,low,approved,316016,atm,false,350
app_20250127_00005110,2025-01-27 05:33:58,cust_1968983,ITMI,refinance,452128,120,527,medium,rejected,0,mobile_app,true,177
app_20250127_00005111,2025-01-27 21:50:39,cust_1055747,FRID,business_loan,38777,60,690,medium,approved,38777,atm,false,778
app_20250127_00005112,2025-01-27 14:46:16,cust_7100231,UKLO,education_loan,8969,24,533,medium,approved,8969,partner,true,105
app_20250127_00005113,2025-01-27 08:02:24,cust_9109842,CZPR,business_loan,33252,48,665,medium,rejected,0,mobile_app,true,146
app_20250127_00005114,2025-01-27 12:45:57,cust_6021738,SESV,business_loan,9135,12,736,low,approved,9135,partner,true,61
app_20250127_00005115,2025-01-27 00:55:02,cust_839495,PORP,education_loan,2541,60,594,medium,rejected,0,mobile_app,false,9
app_20250127_00005116,2025-01-27 03:06:46,cust_6062749,SESV,refinance,103721,180,689,medium,rejected,0,partner,true,145
app_20250127_00005117,2025-01-27 02:13:33,cust_8247830,NLAM,mortgage,157113,240,589,medium,approved,157113,mobile,true,585
app_20250127_00005118,2025-01-27 09:09:57,cust_2770376,ATVI,business_loan,34281,36,691,medium,rejected,0,partner,false,13
app_20250127_00005119,2025-01-27 21:46:08,cust_7412041,PORP,refinance,77780,240,850,low,approved,77780,web,true,329
app_20250127_00005120,2025-01-27 01:57:59,cust_9514036,CHBE,personal_loan,13900,24,685,medium,approved,13900,mobile,true,54
app_20250127_00005121,2025-01-27 22:29:43,cust_426225,AUTR,auto_loan,45133,24,764,low,approved,45133,branch,false,509
app_20250127_00005122,2025-01-27 19:10:50,cust_3718512,DEHE,cash_loan,1728,18,806,low,rejected,0,atm,true,36
app_20250127_00005123,2025-01-27 20:20:15,cust_2309027,BENL,credit_card,25271,12,696,medium,rejected,0,atm,false,82
app_20250127_00005124,2025-01-27 21:53:27,cust_217427,ATVI,mortgage,201186,360,712,low,approved,201186,mobile_app,true,296
app_20250127_00005125,2025-01-27 05:01:02,cust_1233615,GRRE,credit_card,2110,30,352,high,rejected,0,mobile,true,82
app_20250127_00005126,2025-01-27 23:13:25,cust_8302461,DEHE,credit_card,38312,30,692,medium,approved,38312,online_banking,false,759
app_20250127_00005127,2025-01-27 13:58:40,cust_9826870,SESV,refinance,67717,180,593,medium,approved,67717,mobile,true,175
app_20250127_00005128,2025-01-27 23:06:52,cust_9107410,SESV,mortgage,472531,300,684,medium,rejected,0,online_banking,true,45
app_20250127_00005129,2025-01-27 00:47:48,cust_8357622,DEHE,personal_loan,46290,48,769,low,approved,46290,branch,false,441
app_20250127_00005130,2025-01-27 19:42:57,cust_1850706,PLWA,mortgage,242400,180,593,medium,rejected,0,web,true,143
app_20250127_00005131,2025-01-27 13:24:59,cust_6379539,PORP,mortgage,187478,180,789,low,approved,187478,web,false,148
app_20250127_00005132,2025-01-27 21:01:04,cust_7113440,FRID,cash_loan,30707,12,514,medium,rejected,0,call_center,false,11
app_20250127_00005133,2025-01-27 09:23:12,cust_4646847,ESMA,auto_loan,39880,24,850,low,approved,39880,atm,true,663
app_20250127_00005134,2025-01-27 04:05:28,cust_8722468,AUTR,auto_loan,32700,60,586,medium,approved,32700,partner,true,794
app_20250127_00005135,2025-01-27 20:41:33,cust_9346973,NLAM,personal_loan,39094,36,599,medium,rejected,0,partner,true,168
app_20250127_00005136,2025-01-27 12:22:12,cust_4588391,AUTR,mortgage,442766,180,689,medium,approved,442766,call_center,false,53
app_20250127_00005137,2025-01-27 19:53:35,cust_5750519,SESV,auto_loan,6749,60,508,medium,rejected,0,partner,false,151
app_20250127_00005138,2025-01-27 15:03:02,cust_8303371,CHBE,business_loan,6514,36,524,medium,rejected,0,web,true,139
app_20250127_00005139,2025-01-27 13:19:25,cust_9007872,CZPR,mortgage,381139,360,604,medium,approved,381139,mobile_app,false,293
app_20250127_00005140,2025-01-27 11:01:56,cust_2125512,CZPR,personal_loan,37412,36,622,medium,approved,37412,web,false,198
app_20250127_00005141,2025-01-27 17:06:18,cust_527262,NLAM,mortgage,399759,360,485,high,rejected,0,web,false,179
app_20250127_00005142,2025-01-27 10:45:59,cust_9627124,SESV,cash_loan,13646,18,546,medium,approved,13646,branch,false,290
app_20250127_00005143,2025-01-27 10:58:47,cust_2389874,PORP,business_loan,11259,48,526,medium,rejected,0,branch,false,143
app_20250127_00005144,2025-01-27 08:40:51,cust_8062424,PLWA,auto_loan,30728,72,639,medium,approved,30728,partner,false,741
app_20250127_00005145,2025-01-27 05:07:55,cust_3409593,ESMA,mortgage,395021,120,624,medium,approved,395021,web,false,372
app_20250127_00005146,2025-01-27 23:31:42,cust_1121190,FRID,cash_loan,37583,18,581,medium,rejected,0,web,true,49
app_20250127_00005147,2025-01-27 22:29:36,cust_3794534,FRID,personal_loan,7566,36,612,medium,rejected,0,call_center,true,24
app_20250127_00005148,2025-01-27 06:58:25,cust_464195,DEHE,cash_loan,25842,24,571,medium,approved,25842,online_banking,true,567
app_20250127_00005149,2025-01-27 04:14:17,cust_3336909,GRRE,refinance,370512,180,701,low,approved,370512,mobile,true,569
app_20250127_00005150,2025-01-27 01:29:01,cust_2583822,DEHE,mortgage,115002,180,511,medium,approved,115002,branch,true,482
app_20250127_00005151,2025-01-27 02:45:12,cust_6733247,AUTR,personal_loan,43501,48,695,medium,approved,43501,branch,false,435
app_20250127_00005152,2025-01-27 10:32:34,cust_2638393,DEHE,mortgage,411686,360,635,medium,approved,411686,partner,true,501
app_20250127_00005153,2025-01-27 04:47:07,cust_9109326,PORP,education_loan,17697,60,850,low,approved,17697,online_banking,true,407
app_20250127_00005154,2025-01-27 09:24:15,cust_2662345,BENL,cash_loan,44805,42,731,low,approved,44805,mobile_app,false,656
app_20250127_00005155,2025-01-27 12:25:07,cust_181448,PLWA,credit_card,48146,12,662,medium,approved,48146,mobile,true,455
app_20250127_00005156,2025-01-27 01:37:08,cust_7617657,ITMI,mortgage,474107,300,736,low,approved,474107,call_center,true,148
app_20250127_00005157,2025-01-27 23:35:32,cust_2107052,AUTR,personal_loan,19575,24,486,high,rejected,0,mobile_app,true,167
app_20250127_00005158,2025-01-27 10:32:04,cust_5258276,SESV,auto_loan,23654,36,756,low,approved,23654,online_banking,true,358
app_20250127_00005159,2025-01-27 08:06:50,cust_8404987,AUTR,mortgage,323785,120,596,medium,rejected,0,branch,false,87
app_20250127_00005160,2025-01-27 18:48:55,cust_7714441,ESMA,cash_loan,46235,30,792,low,approved,46235,mobile_app,true,153
app_20250127_00005161,2025-01-27 05:50:13,cust_2755615,PORP,personal_loan,44459,12,850,low,approved,44459,online_banking,true,481
app_20250127_00005162,2025-01-27 13:19:22,cust_4265852,SESV,personal_loan,38381,30,651,medium,approved,38381,branch,false,71
app_20250127_00005163,2025-01-27 09:41:54,cust_4522489,PLWA,business_loan,34555,48,723,low,approved,34555,partner,true,42
app_20250127_00005164,2025-01-27 11:51:52,cust_7723676,PLWA,mortgage,255331,120,597,medium,approved,255331,web,false,716
app_20250127_00005165,2025-01-27 01:35:49,cust_5405764,DEHE,business_loan,26848,60,825,low,approved,26848,call_center,false,223
app_20250127_00005166,2025-01-27 15:48:43,cust_7034532,CHBE,cash_loan,2410,36,720,low,approved,2410,atm,false,392
app_20250127_00005167,2025-01-27 12:37:05,cust_5947626,UKLO,personal_loan,43069,30,603,medium,approved,43069,mobile_app,false,62
app_20250127_00005168,2025-01-27 23:23:36,cust_5174407,GRRE,mortgage,478592,120,578,medium,approved,478592,web,true,577
app_20250127_00005169,2025-01-27 14:44:58,cust_1096085,PORP,credit_card,11495,48,582,medium,approved,11495,atm,false,474
app_20250127_00005170,2025-01-27 07:19:14,cust_5892625,BENL,mortgage,180094,240,707,low,approved,180094,mobile,true,380
app_20250127_00005171,2025-01-27 03:14:14,cust_9586228,GRRE,personal_loan,1598,18,690,medium,approved,1598,partner,true,663
app_20250127_00005172,2025-01-27 17:44:31,cust_6058163,ESMA,auto_loan,9968,36,543,medium,rejected,0,call_center,false,23
app_20250127_00005173,2025-01-27 23:15:15,cust_6387217,PORP,mortgage,340268,120,580,medium,rejected,0,branch,false,166
app_20250127_00005174,2025-01-27 15:29:38,cust_3086091,PORP,education_loan,35492,24,459,high,rejected,0,partner,true,140
app_20250127_00005175,2025-01-27 18:13:18,cust_649168,NLAM,auto_loan,42423,72,597,medium,approved,42423,branch,false,116
app_20250127_00005176,2025-01-27 13:49:36,cust_504801,CHBE,cash_loan,14597,42,707,low,approved,14597,atm,false,805
app_20250127_00005177,2025-01-27 22:37:35,cust_3371212,ITMI,education_loan,36329,36,850,low,approved,36329,online_banking,true,685
app_20250127_00005178,2025-01-27 01:50:07,cust_357721,PORP,personal_loan,22393,48,592,medium,rejected,0,web,false,27
app_20250127_00005179,2025-01-27 15:25:50,cust_8904726,AUTR,business_loan,21754,48,648,medium,rejected,0,web,true,115
app_20250127_00005180,2025-01-27 08:15:41,cust_5644086,SESV,mortgage,187389,300,813,low,approved,187389,atm,true,462
app_20250127_00005181,2025-01-27 07:12:30,cust_1473344,ITMI,refinance,333387,240,421,high,rejected,0,mobile_app,true,151
app_20250127_00005182,2025-01-27 23:52:42,cust_9506265,ESMA,auto_loan,14086,24,694,medium,approved,14086,branch,true,100
app_20250127_00005183,2025-01-27 07:00:26,cust_1536061,GRRE,auto_loan,22069,24,601,medium,approved,22069,mobile,false,317
app_20250127_00005184,2025-01-27 13:39:52,cust_126706,PORP,mortgage,177911,300,800,low,approved,177911,atm,false,885
app_20250127_00005185,2025-01-27 05:48:27,cust_8273943,CZPR,refinance,345398,180,630,medium,approved,345398,atm,false,147
app_20250127_00005186,2025-01-27 01:37:19,cust_4662621,PORP,education_loan,5580,60,514,medium,rejected,0,mobile,true,172
app_20250127_00005187,2025-01-27 04:40:43,cust_2210931,SESV,refinance,383369,180,554,medium,approved,383369,call_center,true,481
app_20250127_00005188,2025-01-27 15:06:53,cust_4233763,ESMA,cash_loan,45122,30,555,medium,approved,45122,mobile_app,true,315
app_20250127_00005189,2025-01-27 20:51:32,cust_4799966,FRID,business_loan,29841,24,697,medium,approved,29841,online_banking,false,173
app_20250127_00005190,2025-01-27 04:05:18,cust_8008601,ITMI,auto_loan,54022,36,722,low,approved,54022,mobile,false,315
app_20250127_00005191,2025-01-27 00:32:01,cust_5084610,ATVI,personal_loan,39612,30,600,medium,approved,39612,branch,false,869
app_20250127_00005192,2025-01-27 06:55:58,cust_9147131,DEHE,credit_card,6920,24,696,medium,approved,6920,call_center,true,94
app_20250127_00005193,2025-01-27 09:56:29,cust_9302697,DEHE,business_loan,30656,24,706,low,approved,30656,branch,true,794
app_20250127_00005194,2025-01-27 21:35:53,cust_6390305,UKLO,refinance,163369,360,636,medium,approved,163369,atm,true,360
app_20250127_00005195,2025-01-27 04:46:57,cust_6607585,ATVI,auto_loan,18693,72,697,medium,approved,18693,branch,true,838
app_20250127_00005196,2025-01-27 16:18:51,cust_4226897,PLWA,refinance,390591,120,711,low,rejected,0,mobile,false,110
app_20250127_00005197,2025-01-27 21:11:51,cust_2496689,ESMA,cash_loan,45610,42,647,medium,rejected,0,mobile_app,true,66
app_20250127_00005198,2025-01-27 13:46:54,cust_450871,SESV,refinance,288616,360,698,medium,approved,288616,partner,false,243
app_20250127_00005199,2025-01-27 15:00:06,cust_2512018,AUTR,cash_loan,7576,30,499,high,rejected,0,mobile_app,true,91
app_20250127_00005200,2025-01-27 09:31:13,cust_3882309,ATVI,personal_loan,26653,12,730,low,approved,26653,mobile,true,805
app_20250127_00005201,2025-01-27 22:19:38,cust_7720983,DEHE,education_loan,31415,12,782,low,approved,31415,mobile,false,173
app_20250127_00005202,2025-01-27 22:13:01,cust_8387601,SESV,cash_loan,21677,24,736,low,approved,21677,call_center,true,897
app_20250127_00005203,2025-01-27 14:23:23,cust_7880877,PLWA,personal_loan,27561,12,722,low,approved,27561,mobile,true,743
app_20250127_00005204,2025-01-27 22:11:09,cust_4467007,ATVI,auto_loan,9915,48,639,medium,approved,9915,mobile_app,false,191
app_20250127_00005205,2025-01-27 23:38:36,cust_3526499,NLAM,auto_loan,16752,72,602,medium,approved,16752,partner,true,220
app_20250127_00005206,2025-01-27 15:27:21,cust_299387,AUTR,cash_loan,11314,30,531,medium,approved,11314,call_center,false,275
app_20250127_00005207,2025-01-27 17:11:09,cust_7991675,ATVI,refinance,208886,120,660,medium,rejected,0,web,true,60
app_20250127_00005208,2025-01-27 21:56:59,cust_8035445,ESMA,auto_loan,43897,48,407,high,approved,43897,mobile_app,false,798
app_20250127_00005209,2025-01-27 08:33:18,cust_4763549,ATVI,business_loan,28895,48,675,medium,approved,28895,partner,true,173
app_20250127_00005210,2025-01-27 03:58:32,cust_7215116,NLAM,refinance,342904,120,707,low,approved,342904,online_banking,false,41
app_20250127_00005211,2025-01-27 13:13:19,cust_5523300,DEHE,cash_loan,31652,48,558,medium,rejected,0,atm,true,75
app_20250127_00005212,2025-01-27 16:35:09,cust_5536202,GRRE,refinance,327621,360,658,medium,approved,327621,mobile,false,524
app_20250127_00005213,2025-01-27 11:52:09,cust_3475199,CHBE,refinance,235628,360,603,medium,rejected,0,call_center,true,75
app_20250127_00005214,2025-01-27 13:28:25,cust_9590831,PLWA,credit_card,22943,48,712,low,approved,22943,online_banking,false,492
app_20250127_00005215,2025-01-27 12:26:33,cust_9889356,UKLO,cash_loan,45538,36,724,low,approved,45538,online_banking,false,442
app_20250127_00005216,2025-01-27 13:54:24,cust_6282792,GRRE,business_loan,8299,12,694,medium,approved,8299,call_center,true,801
app_20250127_00005217,2025-01-27 16:15:27,cust_9929048,PORP,credit_card,40616,12,733,low,approved,40616,web,true,737
app_20250127_00005218,2025-01-27 22:04:38,cust_6588042,ITMI,cash_loan,44892,42,564,medium,rejected,0,web,true,19
app_20250127_00005219,2025-01-27 20:00:04,cust_8480364,ITMI,refinance,267191,240,601,medium,approved,267191,mobile,false,719
app_20250127_00005220,2025-01-27 18:04:44,cust_7786173,ESMA,personal_loan,16195,12,837,low,approved,16195,online_banking,true,466
app_20250127_00005221,2025-01-27 04:00:42,cust_7591038,DEHE,mortgage,190170,180,687,medium,approved,190170,online_banking,false,131
app_20250127_00005222,2025-01-27 01:55:47,cust_5861449,GRRE,education_loan,20181,24,687,medium,approved,20181,call_center,false,810
app_20250127_00005223,2025-01-27 20:00:43,cust_5812551,FRID,education_loan,19089,24,838,low,approved,19089,branch,true,593
app_20250127_00005224,2025-01-27 21:40:11,cust_1054897,CZPR,cash_loan,15863,36,613,medium,approved,15863,web,true,730
app_20250127_00005225,2025-01-27 07:49:17,cust_4138411,GRRE,credit_card,25349,48,742,low,approved,25349,web,true,86
app_20250127_00005226,2025-01-27 18:50:42,cust_8709116,SESV,personal_loan,42694,12,586,medium,approved,42694,mobile_app,true,376
app_20250127_00005227,2025-01-27 08:08:50,cust_1823161,DEHE,auto_loan,9291,48,808,low,approved,9291,mobile_app,false,372
app_20250127_00005228,2025-01-27 18:52:41,cust_4402959,ESMA,mortgage,262617,120,687,medium,approved,262617,branch,true,781
app_20250127_00005229,2025-01-27 23:15:45,cust_8286871,SESV,education_loan,17340,60,779,low,approved,17340,web,false,810
app_20250127_00005230,2025-01-27 12:15:21,cust_248342,CHBE,credit_card,12561,48,484,high,approved,12561,mobile,false,573
app_20250127_00005231,2025-01-27 21:30:33,cust_9460795,ATVI,credit_card,35834,12,605,medium,approved,35834,call_center,false,434
app_20250127_00005232,2025-01-27 15:00:24,cust_3187616,SESV,business_loan,5526,48,807,low,approved,5526,branch,false,736
app_20250127_00005233,2025-01-27 01:51:40,cust_1475280,BENL,refinance,302424,180,726,low,rejected,0,mobile_app,false,46
app_20250127_00005234,2025-01-27 02:26:20,cust_6972863,ESMA,education_loan,25464,24,572,medium,approved,25464,branch,false,498
app_20250127_00005235,2025-01-27 13:33:46,cust_7915037,UKLO,business_loan,27445,36,525,medium,approved,27445,atm,true,253
app_20250127_00005236,2025-01-27 15:20:41,cust_3286271,ATVI,auto_loan,51603,48,771,low,approved,51603,web,false,217
app_20250127_00006078,2025-01-27 08:47:38,cust_411649,ITMI,cash_loan,7902,24,850,low,approved,7902,branch,true,516
app_20250127_00006920,2025-01-27 15:20:53,cust_4048437,ATVI,business_loan,14226,48,556,medium,rejected,0,web,false,156
app_20250127_00007762,2025-01-27 14:37:55,cust_8832966,PLWA,auto_loan,12066,60,613,medium,rejected,0,partner,true,23
app_20250127_00008604,2025-01-27 12:01:52,cust_8463223,GRRE,business_loan,36174,48,677,medium,approved,36174,mobile_app,true,108
app_20250127_00009446,2025-01-27 10:37:36,cust_9310651,CZPR,education_loan,2866,24,598,medium,rejected,0,atm,true,173
app_20250127_00010288,2025-01-27 15:00:40,cust_7003870,GRRE,auto_loan,20945,36,611,medium,approved,20945,mobile_app,true,425
app_20250127_00011130,2025-01-27 11:51:43,cust_6659733,ATVI,refinance,246844,240,638,medium,approved,246844,mobile_app,true,851
app_20250127_00011972,2025-01-27 22:44:30,cust_9549676,FRID,mortgage,488335,360,485,high,rejected,0,branch,false,79
app_20250127_00012814,2025-01-27 13:56:32,cust_1285123,ESMA,business_loan,29621,12,769,low,approved,29621,partner,true,471
app_20250127_00013656,2025-01-27 23:12:19,cust_4827323,FRID,cash_loan,31903,36,759,low,approved,31903,call_center,false,799
app_20250127_00014498,2025-01-27 23:07:47,cust_2908811,PLWA,cash_loan,1391,18,691,medium,approved,1391,call_center,false,614
app_20250127_00015340,2025-01-27 21:27:08,cust_1303654,PLWA,personal_loan,22684,36,556,medium,rejected,0,mobile_app,true,134
app_20250127_00016182,2025-01-27 16:27:15,cust_3990917,BENL,business_loan,38026,36,776,low,approved,38026,branch,false,691
app_20250127_00017024,2025-01-27 07:19:07,cust_272790,GRRE,mortgage,138261,360,763,low,approved,138261,partner,false,122
app_20250127_00017866,2025-01-27 21:41:04,cust_8017758,GRRE,education_loan,16301,24,850,low,approved,16301,web,false,105
app_20250127_00018708,2025-01-27 16:26:42,cust_5097637,PORP,credit_card,26096,36,604,medium,rejected,0,atm,true,81
app_20250127_00019550,2025-01-27 20:20:23,cust_2582188,SESV,auto_loan,12337,72,683,medium,approved,12337,web,true,670
app_20250127_00020392,2025-01-27 21:54:43,cust_9013995,CHBE,credit_card,12547,48,630,medium,rejected,0,mobile_app,true,33
app_20250127_00021234,2025-01-27 07:15:49,cust_8672375,AUTR,personal_loan,3379,24,719,low,approved,3379,branch,false,801
app_20250127_00022076,2025-01-27 18:03:57,cust_1242993,AUTR,auto_loan,47603,60,772,low,approved,47603,call_center,false,121
app_20250127_00022918,2025-01-27 10:47:27,cust_8485353,SESV,education_loan,16378,48,663,medium,approved,16378,atm,true,727
app_20250127_00023760,2025-01-27 23:33:14,cust_6191226,SESV,business_loan,6263,12,668,medium,approved,6263,online_banking,false,87
app_20250127_00024602,2025-01-27 12:45:22,cust_6498853,NLAM,refinance,403255,360,744,low,approved,403255,online_banking,true,208
app_20250127_00025444,2025-01-27 08:18:32,cust_4556373,ESMA,business_loan,27111,48,726,low,approved,27111,web,true,49
app_20250127_00026286,2025-01-27 17:07:38,cust_4110092,ITMI,auto_loan,57599,60,595,medium,rejected,0,mobile,false,175
app_20250127_00027128,2025-01-27 15:10:35,cust_2408570,FRID,personal_loan,37669,48,747,low,approved,37669,mobile_app,true,496
app_20250127_00027970,2025-01-27 11:21:41,cust_1564510,SESV,personal_loan,14112,24,684,medium,rejected,0,call_center,true,67
app_20250127_00028812,2025-01-27 14:29:06,cust_3557831,AUTR,auto_loan,36765,48,435,high,approved,36765,web,true,748
app_20250127_00029654,2025-01-27 07:21:30,cust_7004809,CHBE,cash_loan,25376,12,490,high,rejected,0,atm,true,140
app_20250127_00030496,2025-01-27 09:51:15,cust_283199,ITMI,cash_loan,9102,18,721,low,approved,9102,web,true,646
app_20250127_00031338,2025-01-27 07:55:41,cust_3138064,AUTR,refinance,188937,300,610,medium,approved,188937,mobile_app,false,649
app_20250127_00032180,2025-01-27 15:34:39,cust_3519861,ESMA,mortgage,488440,180,704,low,approved,488440,call_center,false,332
app_20250127_00033022,2025-01-27 20:38:58,cust_5556331,AUTR,education_loan,21851,36,672,medium,approved,21851,mobile,false,604
app_20250127_00033864,2025-01-27 23:31:30,cust_8953939,SESV,personal_loan,48938,42,673,medium,approved,48938,call_center,false,392
app_20250127_00034706,2025-01-27 05:03:50,cust_9628563,PLWA,education_loan,14184,36,574,medium,approved,14184,mobile_app,false,792
app_20250127_00035548,2025-01-27 17:15:20,cust_1172266,CHBE,mortgage,158562,240,558,medium,approved,158562,web,true,637
app_20250127_00036390,2025-01-27 16:18:35,cust_1486313,ITMI,mortgage,243639,300,559,medium,approved,243639,web,true,500
app_20250127_00037232,2025-01-27 22:05:38,cust_3843898,PLWA,mortgage,154099,360,584,medium,rejected,0,web,true,136
app_20250127_00038074,2025-01-27 23:37:09,cust_8423838,FRID,refinance,326300,300,553,medium,rejected,0,branch,false,44
app_20250127_00038916,2025-01-27 19:49:37,cust_5456571,CHBE,personal_loan,49073,18,627,medium,approved,49073,branch,true,727
app_20250127_00039758,2025-01-27 05:13:34,cust_8790491,UKLO,mortgage,319032,240,508,medium,rejected,0,mobile_app,false,55
app_20250127_00040600,2025-01-27 09:01:18,cust_9666617,PLWA,business_loan,15950,24,669,medium,approved,15950,partner,false,445
app_20250127_00041442,2025-01-27 05:39:49,cust_6980877,DEHE,business_loan,29638,24,665,medium,approved,29638,online_banking,false,486
app_20250127_00042284,2025-01-27 06:39:39,cust_7734814,UKLO,personal_loan,25754,12,637,medium,approved,25754,partner,false,468
app_20250127_00043126,2025-01-27 10:41:29,cust_4710871,FRID,auto_loan,33620,72,810,low,approved,33620,online_banking,true,812
app_20250127_00043968,2025-01-27 06:38:24,cust_5566003,NLAM,credit_card,42599,18,719,low,approved,42599,online_banking,true,170
app_20250127_00044810,2025-01-27 13:01:14,cust_9951655,DEHE,auto_loan,43224,24,411,high,rejected,0,call_center,true,176
app_20250127_00045652,2025-01-27 06:37:18,cust_9252484,ESMA,mortgage,140739,300,594,medium,rejected,0,atm,true,9
app_20250127_00046494,2025-01-27 06:37:54,cust_9784514,ATVI,credit_card,32869,24,434,high,rejected,0,online_banking,true,103
app_20250127_00047336,2025-01-27 13:57:43,cust_8550261,CHBE,cash_loan,9043,12,639,medium,approved,9043,partner,true,884
app_20250127_00048178,2025-01-27 21:24:17,cust_677613,PORP,education_loan,25177,12,745,low,approved,25177,mobile_app,false,212
app_20250127_00049020,2025-01-27 08:16:21,cust_6639535,PORP,mortgage,351299,240,850,low,approved,351299,mobile_app,true,261
app_20250127_00049862,2025-01-27 10:42:01,cust_9630278,UKLO,mortgage,318262,300,749,low,approved,318262,branch,true,492
app_20250127_00050704,2025-01-27 19:53:02,cust_4918537,CZPR,mortgage,454319,300,700,low,approved,454319,call_center,false,446
app_20250127_00051546,2025-01-27 08:49:43,cust_2322156,SESV,business_loan,22367,48,632,medium,rejected,0,call_center,false,19
app_20250127_00052388,2025-01-27 01:07:46,cust_2526224,CHBE,credit_card,36019,24,685,medium,approved,36019,partner,true,712
app_20250127_00053230,2025-01-27 01:37:47,cust_8167235,CHBE,personal_loan,49401,30,542,medium,rejected,0,online_banking,true,44
app_20250127_00054072,2025-01-27 06:39:22,cust_7255918,NLAM,personal_loan,29433,48,634,medium,approved,29433,branch,false,269
app_20250127_00054914,2025-01-27 09:32:17,cust_739258,ATVI,cash_loan,49140,42,692,medium,rejected,0,online_banking,true,146
app_20250127_00055756,2025-01-27 09:54:49,cust_2853775,ESMA,education_loan,10066,12,514,medium,approved,10066,mobile,false,212
app_20250127_00056598,2025-01-27 22:54:34,cust_8382735,PORP,education_loan,20100,48,679,medium,approved,20100,mobile,true,564
app_20250127_00057440,2025-01-27 11:43:46,cust_5154874,BENL,auto_loan,51747,48,811,low,approved,51747,online_banking,false,311
app_20250127_00058282,2025-01-27 09:30:35,cust_6418100,GRRE,auto_loan,24833,24,684,medium,rejected,0,atm,false,67
app_20250127_00059124,2025-01-27 15:19:35,cust_6016437,DEHE,refinance,62386,180,838,low,approved,62386,online_banking,true,268
app_20250127_00059966,2025-01-27 15:24:47,cust_7513256,SESV,mortgage,123294,300,660,medium,approved,123294,mobile_app,false,221
app_20250127_00060808,2025-01-27 11:42:49,cust_3121944,NLAM,auto_loan,33713,72,850,low,approved,33713,web,true,204
app_20250127_00061650,2025-01-27 04:13:33,cust_9762342,ITMI,cash_loan,26161,42,701,low,approved,26161,online_banking,true,287
app_20250127_00062492,2025-01-27 17:39:01,cust_535497,GRRE,mortgage,498841,120,709,low,approved,498841,web,false,869
app_20250127_00063334,2025-01-27 11:15:37,cust_5792484,ESMA,mortgage,113323,120,694,medium,approved,113323,call_center,true,613
app_20250127_00064176,2025-01-27 09:07:35,cust_2996393,SESV,cash_loan,7607,12,676,medium,approved,7607,online_banking,true,727
app_20250127_00065018,2025-01-27 10:17:49,cust_3753554,DEHE,personal_loan,2639,30,652,medium,approved,2639,mobile,true,106
app_20250127_00065860,2025-01-27 22:18:39,cust_4219587,AUTR,refinance,463521,180,665,medium,approved,463521,web,true,428
app_20250127_00066702,2025-01-27 19:43:58,cust_6761440,UKLO,refinance,384248,360,810,low,approved,384248,mobile_app,false,718
app_20250127_00067544,2025-01-27 14:39:32,cust_5593233,FRID,business_loan,36416,36,722,low,approved,36416,mobile_app,true,314
app_20250127_00068386,2025-01-27 05:57:47,cust_3964756,DEHE,business_loan,16773,12,639,medium,approved,16773,partner,true,529
app_20250127_00069228,2025-01-27 13:06:18,cust_334615,SESV,cash_loan,45119,48,591,medium,approved,45119,branch,false,629
app_20250127_00070070,2025-01-27 14:08:16,cust_297196,CZPR,education_loan,39648,48,527,medium,rejected,0,mobile_app,true,17
app_20250127_00070912,2025-01-27 05:39:00,cust_4335631,PLWA,education_loan,2195,12,611,medium,approved,2195,atm,true,749
app_20250127_00071754,2025-01-27 02:46:34,cust_9811260,SESV,refinance,420179,360,563,medium,approved,420179,web,true,566
app_20250127_00072596,2025-01-27 02:23:13,cust_9111670,PORP,refinance,458414,180,586,medium,rejected,0,mobile,true,92
app_20250127_00073438,2025-01-27 04:24:20,cust_3760947,GRRE,mortgage,182261,180,528,medium,rejected,0,partner,false,101
app_20250127_00074280,2025-01-27 23:28:11,cust_9433302,NLAM,mortgage,467281,300,550,medium,rejected,0,web,true,173
app_20250127_00075122,2025-01-27 01:38:25,cust_2864617,BENL,education_loan,37449,36,782,low,approved,37449,atm,true,260
app_20250127_00075964,2025-01-27 04:20:49,cust_2870721,PLWA,personal_loan,4122,42,684,medium,approved,4122,mobile,true,684
app_20250127_00076806,2025-01-27 05:15:47,cust_3671962,FRID,auto_loan,49609,24,645,medium,approved,49609,atm,true,521
app_20250127_00077648,2025-01-27 00:29:17,cust_2027383,PORP,education_loan,34814,48,830,low,approved,34814,partner,false,454
app_20250127_00078490,2025-01-27 01:09:53,cust_3974141,AUTR,personal_loan,45776,18,518,medium,rejected,0,atm,true,12
app_20250127_00079332,2025-01-27 12:53:04,cust_1884110,GRRE,business_loan,17064,60,707,low,approved,17064,web,false,375
app_20250127_00080174,2025-01-27 13:40:55,cust_603830,ATVI,education_loan,4719,36,718,low,approved,4719,online_banking,false,866
app_20250127_00081016,2025-01-27 15:05:02,cust_444102,DEHE,auto_loan,33824,48,833,low,approved,33824,call_center,true,825
app_20250127_00081858,2025-01-27 04:51:52,cust_6753820,PORP,refinance,241364,180,850,low,approved,241364,atm,false,792
app_20250127_00082700,2025-01-27 17:28:47,cust_2941278,NLAM,education_loan,33695,24,545,medium,approved,33695,call_center,true,360
app_20250127_00083542,2025-01-27 01:13:15,cust_451914,PLWA,education_loan,36749,24,571,medium,rejected,0,web,true,103
app_20250127_00084384,2025-01-27 11:01:38,cust_2137404,UKLO,auto_loan,21042,48,684,medium,approved,21042,online_banking,false,420
app_20250127_00085226,2025-01-27 17:02:00,cust_3888476,CZPR,education_loan,19277,24,542,medium,rejected,0,atm,false,113
app_20250127_00086068,2025-01-27 22:15:48,cust_5277607,ESMA,cash_loan,25860,30,593,medium,rejected,0,call_center,false,96
app_20250127_00086910,2025-01-27 20:14:17,cust_1830799,FRID,business_loan,9215,24,583,medium,rejected,0,online_banking,true,66
app_20250127_00087752,2025-01-27 08:09:31,cust_8132637,PLWA,credit_card,38456,12,665,medium,rejected,0,call_center,true,151
app_20250127_00088594,2025-01-27 15:05:04,cust_3269586,GRRE,cash_loan,21443,18,586,medium,approved,21443,online_banking,true,694
app_20250127_00089436,2025-01-27 09:55:48,cust_6930220,ATVI,personal_loan,43122,42,699,medium,approved,43122,call_center,true,479
app_20250127_00090278,2025-01-27 23:11:20,cust_2558928,GRRE,refinance,286262,120,519,medium,rejected,0,mobile,true,16
app_20250127_00091120,2025-01-27 02:56:55,cust_9842111,AUTR,business_loan,5689,60,634,medium,approved,5689,web,true,221
app_20250127_00091962,2025-01-27 07:13:08,cust_9563501,BENL,mortgage,371411,300,576,medium,approved,371411,web,false,63
app_20250127_00092804,2025-01-27 02:56:25,cust_1722378,CHBE,cash_loan,4351,18,842,low,approved,4351,call_center,false,128
app_20250127_00093646,2025-01-27 14:01:25,cust_1623586,SESV,auto_loan,13973,24,702,low,approved,13973,online_banking,true,752
app_20250127_00094488,2025-01-27 10:14:17,cust_7112041,GRRE,education_loan,21022,12,568,medium,rejected,0,mobile_app,false,45
app_20250127_00095330,2025-01-27 02:17:28,cust_3127397,ITMI,personal_loan,18095,24,500,medium,rejected,0,online_banking,true,71
app_20250127_00096172,2025-01-27 22:46:46,cust_5072981,PLWA,mortgage,161059,120,542,medium,rejected,0,partner,true,90
app_20250127_00097014,2025-01-27 02:35:07,cust_1114974,NLAM,business_loan,6647,24,580,medium,rejected,0,atm,false,20
app_20250127_00097856,2025-01-27 16:26:05,cust_4788455,PORP,education_loan,24911,48,632,medium,rejected,0,mobile_app,false,120
app_20250127_00098698,2025-01-27 00:13:46,cust_9142960,PLWA,cash_loan,36451,36,775,low,approved,36451,branch,true,423
app_20250127_00099540,2025-01-27 17:21:53,cust_7036531,NLAM,business_loan,25703,48,502,medium,approved,25703,call_center,true,129
app_20250127_00100382,2025-01-27 17:00:11,cust_553270,ATVI,auto_loan,30294,36,460,high,approved,30294,mobile_app,true,232
app_20250127_00101224,2025-01-27 05:59:09,cust_6040214,AUTR,education_loan,16255,48,729,low,approved,16255,mobile_app,true,695
app_20250127_00102066,2025-01-27 16:35:40,cust_2359486,UKLO,auto_loan,54309,36,658,medium,rejected,0,call_center,false,91
app_20250127_00102908,2025-01-27 12:46:21,cust_2351930,GRRE,education_loan,28984,60,701,low,approved,28984,partner,true,789
app_20250127_00103750,2025-01-27 23:58:06,cust_5619570,SESV,credit_card,25142,24,610,medium,approved,25142,atm,true,856
app_20250127_00104592,2025-01-27 10:36:27,cust_9273386,SESV,business_loan,37050,60,555,medium,rejected,0,atm,true,52
app_20250127_00105434,2025-01-27 09:21:50,cust_4238765,GRRE,credit_card,35549,30,680,medium,approved,35549,online_banking,false,852
app_20250127_00106276,2025-01-27 21:06:15,cust_8537323,UKLO,education_loan,7592,48,555,medium,rejected,0,partner,false,58
app_20250127_00107118,2025-01-27 15:09:35,cust_5399367,CHBE,mortgage,127107,240,534,medium,rejected,0,web,true,58
app_20250127_00107960,2025-01-27 00:02:37,cust_5885912,PLWA,auto_loan,59780,60,629,medium,approved,59780,branch,true,278
app_20250127_00108802,2025-01-27 00:10:13,cust_3217196,CHBE,mortgage,56138,360,685,medium,rejected,0,atm,false,166
app_20250127_00109644,2025-01-27 13:43:15,cust_113727,NLAM,credit_card,48053,36,672,medium,rejected,0,online_banking,false,28
app_20250127_00110486,2025-01-27 20:24:24,cust_5414752,NLAM,personal_loan,43787,48,779,low,approved,43787,mobile_app,true,189
app_20250127_00111328,2025-01-27 02:11:07,cust_7772676,NLAM,mortgage,191257,120,626,medium,approved,191257,call_center,false,778
app_20250127_00112170,2025-01-27 20:37:42,cust_7389413,CZPR,refinance,485222,300,692,medium,rejected,0,atm,false,131
app_20250127_00113012,2025-01-27 15:22:38,cust_4166146,AUTR,credit_card,23872,30,802,low,approved,23872,call_center,true,254
app_20250127_00113854,2025-01-27 11:58:13,cust_9017681,DEHE,mortgage,378366,120,507,medium,rejected,0,mobile,false,59
app_20250127_00114696,2025-01-27 12:01:00,cust_8801591,ATVI,mortgage,344315,240,583,medium,rejected,0,atm,false,178
app_20250127_00115538,2025-01-27 16:55:45,cust_2711951,ESMA,cash_loan,30130,18,523,medium,approved,30130,web,false,352
app_20250127_00116380,2025-01-27 09:23:23,cust_3402561,PORP,business_loan,34907,12,673,medium,rejected,0,atm,true,139
app_20250127_00117222,2025-01-27 16:09:10,cust_9517335,ESMA,personal_loan,3703,30,663,medium,approved,3703,web,true,292
app_20250127_00118064,2025-01-27 12:44:00,cust_9884035,GRRE,mortgage,218437,180,554,medium,rejected,0,partner,false,33
app_20250127_00118906,2025-01-27 16:25:46,cust_7553846,UKLO,business_loan,5703,36,724,low,approved,5703,call_center,false,488
app_20250127_00119748,2025-01-27 04:24:46,cust_6193276,GRRE,mortgage,304095,360,755,low,approved,304095,call_center,false,473
app_20250127_00120590,2025-01-27 11:06:06,cust_4930118,FRID,auto_loan,54802,36,715,low,rejected,0,call_center,true,53
app_20250127_00121432,2025-01-27 08:39:40,cust_8168756,CZPR,auto_loan,56307,24,640,medium,approved,56307,mobile_app,false,316
app_20250127_00122274,2025-01-27 07:49:18,cust_2328797,FRID,credit_card,3810,30,713,low,approved,3810,branch,true,383
app_20250127_00123116,2025-01-27 22:38:23,cust_9443595,ATVI,mortgage,104886,360,609,medium,approved,104886,partner,false,329
app_20250127_00123958,2025-01-27 03:23:24,cust_4313003,DEHE,mortgage,271368,300,405,high,rejected,0,web,false,42
app_20250127_00124800,2025-01-27 17:22:46,cust_5880363,ESMA,personal_loan,20713,48,545,medium,rejected,0,mobile,true,171
app_20250127_00125642,2025-01-27 18:43:47,cust_2323619,ATVI,mortgage,175056,240,727,low,approved,175056,online_banking,false,622
app_20250127_00126484,2025-01-27 20:53:51,cust_2414657,ESMA,personal_loan,6297,24,673,medium,approved,6297,online_banking,true,736
app_20250127_00127326,2025-01-27 12:30:07,cust_600177,FRID,business_loan,29400,60,700,low,approved,29400,online_banking,true,45
app_20250127_00128168,2025-01-27 05:42:02,cust_6699049,FRID,business_loan,24242,24,546,medium,rejected,0,mobile,false,170
app_20250127_00129010,2025-01-27 13:24:09,cust_3063391,ATVI,cash_loan,21127,24,590,medium,approved,21127,call_center,true,810
app_20250127_00129852,2025-01-27 23:29:44,cust_1143951,DEHE,auto_loan,56230,24,711,low,approved,56230,web,true,777
app_20250127_00130694,2025-01-27 01:27:38,cust_307269,PLWA,business_loan,31559,12,643,medium,rejected,0,partner,true,146
app_20250127_00131536,2025-01-27 12:38:14,cust_5989575,CHBE,business_loan,31368,48,780,low,approved,31368,mobile_app,true,698
app_20250127_00132378,2025-01-27 21:51:19,cust_6109490,PLWA,credit_card,31292,24,654,medium,rejected,0,mobile,true,14
app_20250127_00133220,2025-01-27 05:29:18,cust_3250542,SESV,credit_card,9714,36,806,low,approved,9714,online_banking,false,366
app_20250127_00134062,2025-01-27 05:02:06,cust_7596584,SESV,business_loan,35188,36,705,low,approved,35188,branch,true,395
app_20250127_00134904,2025-01-27 12:37:05,cust_4340455,CZPR,credit_card,31072,42,781,low,approved,31072,web,false,135
app_20250127_00135746,2025-01-27 21:18:28,cust_9710239,ITMI,credit_card,42034,18,759,low,approved,42034,mobile,true,66
app_20250127_00136588,2025-01-27 05:02:25,cust_2773868,ITMI,auto_loan,27029,48,808,low,approved,27029,mobile,true,771
app_20250127_00137430,2025-01-27 19:06:52,cust_7124489,BENL,education_loan,21840,24,779,low,approved,21840,mobile_app,false,153
app_20250127_00138272,2025-01-27 09:11:23,cust_2225563,GRRE,personal_loan,6191,30,850,low,approved,6191,mobile_app,true,759
app_20250127_00139114,2025-01-27 02:02:09,cust_6312454,FRID,cash_loan,42136,30,502,medium,rejected,0,branch,false,139
app_20250127_00139956,2025-01-27 13:45:19,cust_7343359,ESMA,personal_loan,16406,48,749,low,rejected,0,mobile_app,false,165
app_20250127_00140798,2025-01-27 07:10:58,cust_3570334,ITMI,education_loan,2357,48,707,low,approved,2357,call_center,false,560
app_20250127_00141640,2025-01-27 18:32:23,cust_2847863,UKLO,education_loan,23245,36,844,low,approved,23245,branch,true,300
app_20250127_00142482,2025-01-27 08:31:15,cust_8419370,CHBE,auto_loan,10292,48,423,high,rejected,0,call_center,false,8
app_20250127_00143324,2025-01-27 03:52:45,cust_9973597,PORP,refinance,406776,120,705,low,approved,406776,web,true,609
app_20250127_00144166,2025-01-27 06:18:44,cust_3770220,SESV,credit_card,43487,36,655,medium,rejected,0,mobile,true,176
app_20250127_00145008,2025-01-27 04:32:09,cust_7490062,ATVI,cash_loan,28902,36,499,high,rejected,0,web,false,61
app_20250127_00145850,2025-01-27 01:12:23,cust_6628275,SESV,credit_card,47568,42,651,medium,approved,47568,atm,false,307
app_20250127_00146692,2025-01-27 11:42:45,cust_7928701,AUTR,credit_card,30325,12,715,low,approved,30325,branch,false,63
app_20250127_00147534,2025-01-27 21:13:27,cust_4707353,FRID,personal_loan,8265,30,739,low,rejected,0,web,true,38
app_20250127_00148376,2025-01-27 04:15:08,cust_8188193,CHBE,personal_loan,29804,12,457,high,rejected,0,branch,false,39
app_20250127_00149218,2025-01-27 07:27:55,cust_1173561,CHBE,personal_loan,7688,36,679,medium,rejected,0,mobile_app,false,103
app_20250127_00150060,2025-01-27 01:56:01,cust_3319041,ESMA,cash_loan,36378,42,558,medium,approved,36378,web,false,339
app_20250127_00150902,2025-01-27 15:26:31,cust_7570510,DEHE,education_loan,34966,48,839,low,rejected,0,mobile_app,false,94
app_20250127_00151744,2025-01-27 15:05:51,cust_9405905,PLWA,business_loan,21206,12,645,medium,approved,21206,partner,false,899
app_20250127_00152586,2025-01-27 19:19:10,cust_7004646,NLAM,refinance,70966,300,786,low,approved,70966,call_center,false,526
app_20250127_00153428,2025-01-27 21:36:28,cust_8261346,ATVI,refinance,70773,300,590,medium,rejected,0,mobile,true,110
app_20250127_00154270,2025-01-27 12:26:44,cust_9397367,AUTR,personal_loan,4462,48,695,medium,approved,4462,partner,true,768
app_20250127_00155112,2025-01-27 09:37:39,cust_3843197,ATVI,cash_loan,31758,48,670,medium,approved,31758,mobile,false,775
app_20250127_00155954,2025-01-27 09:47:54,cust_3360017,PORP,credit_card,3388,36,563,medium,approved,3388,online_banking,true,794
app_20250127_00156796,2025-01-27 18:42:00,cust_5722330,FRID,mortgage,184266,120,603,medium,rejected,0,mobile,false,172
app_20250127_00157638,2025-01-27 06:09:45,cust_542165,PORP,cash_loan,40499,36,614,medium,approved,40499,online_banking,false,790
app_20250127_00158480,2025-01-27 10:28:19,cust_3682848,NLAM,education_loan,10286,48,821,low,approved,10286,partner,false,868
app_20250127_00159322,2025-01-27 05:50:42,cust_2521716,PORP,auto_loan,31362,36,587,medium,approved,31362,atm,true,431
app_20250127_00160164,2025-01-27 06:20:37,cust_4700970,UKLO,education_loan,3591,48,644,medium,approved,3591,atm,true,268
app_20250127_00161006,2025-01-27 08:20:12,cust_132808,ATVI,education_loan,18598,60,600,medium,approved,18598,partner,true,498
app_20250127_00161848,2025-01-27 15:54:54,cust_6054901,GRRE,mortgage,447934,300,687,medium,approved,447934,mobile,false,426
app_20250127_00162690,2025-01-27 00:21:46,cust_654727,FRID,business_loan,19289,60,573,medium,approved,19289,web,true,327
app_20250127_00163532,2025-01-27 06:56:13,cust_2337803,PLWA,personal_loan,48080,36,548,medium,approved,48080,web,false,817
app_20250127_00164374,2025-01-27 23:07:32,cust_5552831,FRID,auto_loan,31642,60,584,medium,approved,31642,online_banking,false,182
app_20250127_00165216,2025-01-27 07:58:30,cust_4285395,BENL,business_loan,21522,12,634,medium,approved,21522,branch,true,509
app_20250127_00166058,2025-01-27 08:46:57,cust_8369898,UKLO,cash_loan,6769,24,615,medium,approved,6769,partner,false,458
app_20250127_00166900,2025-01-27 23:56:40,cust_3034720,NLAM,refinance,477208,240,528,medium,approved,477208,mobile,false,155
app_20250127_00167742,2025-01-27 15:54:28,cust_2177675,NLAM,education_loan,16252,24,595,medium,rejected,0,web,true,111
app_20250127_00168584,2025-01-27 06:55:38,cust_2431666,SESV,refinance,200289,240,586,medium,approved,200289,atm,true,658
app_20250127_00169426,2025-01-27 04:16:03,cust_8343194,SESV,auto_loan,23995,24,385,high,rejected,0,online_banking,false,130
app_20250127_00170268,2025-01-27 18:42:43,cust_6338947,ESMA,business_loan,37921,36,414,high,rejected,0,mobile,true,19
app_20250127_00171110,2025-01-27 21:56:58,cust_3998434,NLAM,personal_loan,38717,18,632,medium,approved,38717,mobile,false,686
app_20250127_00171952,2025-01-27 09:44:58,cust_2156848,ITMI,business_loan,28221,60,660,medium,approved,28221,call_center,true,874
app_20250127_00172794,2025-01-27 14:41:55,cust_4504782,UKLO,personal_loan,38593,18,645,medium,approved,38593,partner,false,791
app_20250127_00173636,2025-01-27 14:20:48,cust_4470126,GRRE,education_loan,2887,24,654,medium,approved,2887,partner,false,125
app_20250127_00174478,2025-01-27 04:47:13,cust_988409,CZPR,mortgage,63723,240,699,medium,rejected,0,online_banking,true,61
app_20250127_00175320,2025-01-27 13:11:40,cust_3155952,FRID,cash_loan,30854,36,645,medium,rejected,0,web,true,121
app_20250127_00176162,2025-01-27 02:36:49,cust_4800219,ESMA,personal_loan,40558,30,430,high,rejected,0,mobile_app,false,104
app_20250127_00177004,2025-01-27 14:15:53,cust_8458606,PORP,personal_loan,47664,48,615,medium,approved,47664,atm,true,232
app_20250127_00177846,2025-01-27 09:30:14,cust_2804474,ATVI,auto_loan,28104,48,632,medium,approved,28104,branch,false,530
app_20250127_00178688,2025-01-27 04:18:27,cust_3819367,CHBE,credit_card,36194,48,619,medium,approved,36194,branch,false,192
app_20250127_00179530,2025-01-27 09:41:52,cust_4871327,CZPR,refinance,195446,300,661,medium,approved,195446,call_center,true,623
app_20250127_00180372,2025-01-27 10:07:41,cust_3758817,PLWA,education_loan,13912,60,720,low,approved,13912,atm,false,611
app_20250127_00181214,2025-01-27 16:46:41,cust_4644435,ITMI,mortgage,341767,180,638,medium,approved,341767,call_center,false,820
app_20250127_00182056,2025-01-27 03:12:24,cust_4085691,PLWA,auto_loan,12330,24,651,medium,rejected,0,atm,false,138
app_20250127_00182898,2025-01-27 02:34:46,cust_2018890,FRID,credit_card,27694,12,489,high,rejected,0,mobile,false,135
app_20250127_00183740,2025-01-27 20:32:58,cust_4094311,PLWA,credit_card,15058,30,532,medium,rejected,0,online_banking,false,33
app_20250127_00184582,2025-01-27 01:01:14,cust_9679579,DEHE,business_loan,32943,60,668,medium,approved,32943,atm,false,415
app_20250127_00185424,2025-01-27 16:43:30,cust_4808401,ITMI,auto_loan,53719,36,774,low,rejected,0,mobile,true,157
app_20250127_00186266,2025-01-27 09:25:30,cust_3957661,NLAM,auto_loan,23905,72,664,medium,approved,23905,web,false,797
app_20250127_00187108,2025-01-27 00:10:47,cust_4241568,CZPR,personal_loan,11956,42,736,low,approved,11956,mobile_app,true,99
app_20250127_00187950,2025-01-27 17:52:29,cust_9056930,DEHE,education_loan,33810,24,850,low,approved,33810,mobile_app,false,117
app_20250127_00188792,2025-01-27 00:21:39,cust_2378377,ATVI,education_loan,27563,48,562,medium,approved,27563,mobile_app,true,90
app_20250127_00189634,2025-01-27 21:39:18,cust_9189826,CHBE,refinance,407110,360,631,medium,approved,407110,call_center,false,381
app_20250127_00190476,2025-01-27 14:35:50,cust_2920831,CZPR,credit_card,38293,36,582,medium,rejected,0,web,true,37
app_20250127_00191318,2025-01-27 00:06:46,cust_9572028,NLAM,business_loan,13365,24,548,medium,rejected,0,call_center,false,13
app_20250127_00192160,2025-01-27 01:26:14,cust_4038528,DEHE,mortgage,221544,360,637,medium,approved,221544,mobile,false,204
app_20250127_00193002,2025-01-27 06:56:52,cust_5640364,ATVI,education_loan,9505,24,778,low,approved,9505,mobile,false,764
app_20250127_00193844,2025-01-27 17:33:46,cust_8623464,PLWA,personal_loan,5252,48,559,medium,approved,5252,call_center,false,156
app_20250127_00194686,2025-01-27 01:34:30,cust_1529282,PLWA,mortgage,309651,120,612,medium,approved,309651,mobile_app,false,605
app_20250127_00195528,2025-01-27 22:51:45,cust_1504772,GRRE,credit_card,48005,18,673,medium,approved,48005,web,false,375
app_20250127_00196370,2025-01-27 08:14:11,cust_8358921,ESMA,credit_card,37543,12,634,medium,rejected,0,online_banking,true,166
app_20250127_00197212,2025-01-27 13:39:29,cust_2988079,ATVI,education_loan,10968,12,589,medium,rejected,0,mobile,true,47
app_20250127_00198054,2025-01-27 07:35:28,cust_5452068,ESMA,cash_loan,42917,12,721,low,approved,42917,mobile,true,477
app_20250127_00198896,2025-01-27 18:16:40,cust_9553089,BENL,credit_card,24437,36,647,medium,rejected,0,partner,true,26
app_20250127_00199738,2025-01-27 23:03:29,cust_7323771,ATVI,refinance,171695,300,510,medium,approved,171695,online_banking,true,708
app_20250127_00200580,2025-01-27 20:04:08,cust_3445003,SESV,auto_loan,58788,72,850,low,approved,58788,mobile_app,false,779
app_20250127_00201422,2025-01-27 22:56:17,cust_5899885,PORP,refinance,284535,360,565,medium,rejected,0,partner,false,9
app_20250127_00202264,2025-01-27 17:49:23,cust_1337128,DEHE,personal_loan,23506,36,737,low,rejected,0,online_banking,true,50
app_20250127_00203106,2025-01-27 02:14:18,cust_7921398,DEHE,business_loan,28697,24,681,medium,approved,28697,partner,true,896
app_20250127_00203948,2025-01-27 03:12:15,cust_9826433,FRID,refinance,266627,300,591,medium,rejected,0,atm,true,42
app_20250127_00204790,2025-01-27 11:54:10,cust_8433050,CZPR,mortgage,133884,360,564,medium,rejected,0,online_banking,true,76
app_20250127_00205632,2025-01-27 02:47:38,cust_1720426,SESV,mortgage,388467,300,690,medium,rejected,0,web,true,111
app_20250127_00206474,2025-01-27 20:45:49,cust_1225106,ITMI,auto_loan,25749,36,662,medium,rejected,0,web,false,177
app_20250127_00207316,2025-01-27 05:21:08,cust_9345400,CZPR,personal_loan,8717,42,561,medium,approved,8717,online_banking,false,462
app_20250127_00208158,2025-01-27 12:20:37,cust_1870923,NLAM,personal_loan,46078,18,808,low,approved,46078,partner,true,649
app_20250127_00209000,2025-01-27 12:44:50,cust_4263431,DEHE,cash_loan,42204,30,658,medium,approved,42204,web,true,184
app_20250127_00209842,2025-01-27 12:21:43,cust_4028741,AUTR,auto_loan,13398,72,608,medium,approved,13398,mobile,true,708
app_20250127_00210684,2025-01-27 07:14:04,cust_5315484,SESV,refinance,142164,240,764,low,approved,142164,call_center,false,379
app_20250127_00211526,2025-01-27 08:56:43,cust_6687989,DEHE,auto_loan,8449,36,589,medium,approved,8449,atm,false,342
app_20250127_00212368,2025-01-27 03:18:06,cust_1711520,PORP,personal_loan,30332,42,659,medium,approved,30332,call_center,true,416
app_20250127_00213210,2025-01-27 12:25:36,cust_8399714,CZPR,business_loan,36607,12,610,medium,rejected,0,mobile_app,false,130
app_20250127_00214052,2025-01-27 05:46:15,cust_5167673,PORP,business_loan,33083,12,567,medium,rejected,0,online_banking,true,175
app_20250127_00214894,2025-01-27 03:04:57,cust_5070922,CHBE,personal_loan,6412,30,762,low,approved,6412,mobile_app,true,640
app_20250127_00215736,2025-01-27 17:27:36,cust_5705067,ATVI,refinance,151766,300,733,low,approved,151766,branch,true,840
app_20250127_00216578,2025-01-27 16:08:02,cust_3739474,FRID,education_loan,14524,12,646,medium,approved,14524,online_banking,true,38
app_20250127_00217420,2025-01-27 08:34:49,cust_6337779,AUTR,business_loan,32610,12,722,low,approved,32610,mobile,false,527
app_20250127_00218262,2025-01-27 22:49:19,cust_7350845,ATVI,credit_card,23555,18,572,medium,rejected,0,mobile_app,false,46
app_20250127_00219104,2025-01-27 21:41:40,cust_3568113,GRRE,education_loan,9100,48,795,low,approved,9100,online_banking,true,405
app_20250127_00219946,2025-01-27 11:25:30,cust_5538392,ATVI,personal_loan,7753,48,722,low,approved,7753,web,false,896
app_20250127_00220788,2025-01-27 18:56:27,cust_1961951,NLAM,cash_loan,43759,42,626,medium,approved,43759,online_banking,false,535
app_20250127_00221630,2025-01-27 01:15:49,cust_6909952,FRID,education_loan,7855,24,797,low,approved,7855,atm,true,253
app_20250127_00222472,2025-01-27 12:12:09,cust_3125580,FRID,auto_loan,14274,60,533,medium,approved,14274,partner,false,775
app_20250127_00223314,2025-01-27 06:47:29,cust_7777323,BENL,business_loan,4346,60,830,low,approved,4346,mobile_app,true,198
app_20250127_00224156,2025-01-27 01:57:05,cust_1980350,UKLO,cash_loan,49160,12,497,high,rejected,0,partner,true,66
app_20250127_00224998,2025-01-27 19:44:21,cust_849709,GRRE,mortgage,491869,240,663,medium,approved,491869,partner,true,729
app_20250127_00225840,2025-01-27 23:16:47,cust_1711676,FRID,mortgage,165576,240,593,medium,rejected,0,atm,false,55
app_20250127_00226682,2025-01-27 00:56:41,cust_5380991,ATVI,credit_card,48103,36,719,low,approved,48103,mobile_app,false,358
app_20250127_00227524,2025-01-27 03:34:42,cust_3964768,PORP,business_loan,24262,24,626,medium,rejected,0,partner,false,128
app_20250127_00228366,2025-01-27 05:05:33,cust_6746977,PLWA,business_loan,17804,24,523,medium,rejected,0,online_banking,false,104
app_20250127_00229208,2025-01-27 20:18:48,cust_8738657,ITMI,business_loan,7036,24,712,low,approved,7036,atm,false,578
app_20250127_00230050,2025-01-27 23:38:48,cust_2447488,GRRE,personal_loan,42045,36,647,medium,approved,42045,atm,true,124
app_20250127_00230892,2025-01-27 18:29:27,cust_2247109,BENL,business_loan,24832,60,614,medium,approved,24832,web,true,557
app_20250127_00231734,2025-01-27 16:58:22,cust_1159245,BENL,mortgage,226008,240,732,low,approved,226008,call_center,false,670
app_20250127_00232576,2025-01-27 21:16:27,cust_2185481,GRRE,education_loan,25123,48,823,low,approved,25123,mobile_app,true,367
app_20250127_00233418,2025-01-27 17:04:49,cust_379562,NLAM,refinance,456975,300,526,medium,approved,456975,web,true,884
app_20250127_00234260,2025-01-27 22:34:01,cust_6054055,GRRE,refinance,449802,360,561,medium,rejected,0,mobile_app,true,6
app_20250127_00235102,2025-01-27 21:25:32,cust_1104051,NLAM,cash_loan,30444,48,502,medium,rejected,0,mobile,false,51
app_20250127_00235944,2025-01-27 20:43:47,cust_1907988,UKLO,education_loan,22462,36,517,medium,rejected,0,web,true,113
app_20250127_00236786,2025-01-27 15:26:08,cust_6005669,NLAM,business_loan,32546,12,511,medium,approved,32546,branch,false,299
app_20250127_00237628,2025-01-27 19:13:10,cust_2425915,NLAM,education_loan,29927,48,850,low,approved,29927,mobile_app,true,843
app_20250127_00238470,2025-01-27 09:34:25,cust_6576074,PLWA,credit_card,20444,18,666,medium,rejected,0,web,true,18
app_20250127_00239312,2025-01-27 01:55:42,cust_5927162,CZPR,business_loan,14221,12,502,medium,approved,14221,mobile_app,false,887
app_20250127_00240154,2025-01-27 16:31:25,cust_9522781,ESMA,business_loan,27386,60,615,medium,approved,27386,atm,false,85
app_20250127_00240996,2025-01-27 17:11:41,cust_943591,GRRE,auto_loan,36984,60,634,medium,rejected,0,online_banking,true,26
app_20250127_00241838,2025-01-27 21:50:21,cust_8388384,ESMA,mortgage,223431,360,500,medium,rejected,0,mobile,true,133
app_20250127_00242680,2025-01-27 23:42:27,cust_5034482,FRID,auto_loan,51180,48,599,medium,approved,51180,online_banking,true,465
app_20250127_00243522,2025-01-27 13:02:12,cust_9801073,NLAM,personal_loan,27228,30,768,low,approved,27228,branch,false,259
app_20250127_00244364,2025-01-27 19:37:56,cust_6415892,DEHE,credit_card,36453,42,735,low,approved,36453,branch,false,399
app_20250127_00245206,2025-01-27 21:56:36,cust_6578006,CZPR,cash_loan,39605,18,522,medium,rejected,0,branch,true,8
app_20250127_00246048,2025-01-27 13:03:50,cust_6947916,DEHE,mortgage,92056,120,778,low,approved,92056,mobile_app,true,641
app_20250127_00246890,2025-01-27 09:40:05,cust_8802093,ITMI,personal_loan,25916,24,485,high,approved,25916,web,true,555
app_20250127_00247732,2025-01-27 21:21:21,cust_5841065,PLWA,education_loan,25742,24,602,medium,approved,25742,web,false,355
app_20250127_00248574,2025-01-27 04:12:29,cust_5162699,NLAM,credit_card,25864,48,606,medium,rejected,0,partner,false,43
app_20250127_00249416,2025-01-27 15:16:46,cust_355439,UKLO,credit_card,5684,42,602,medium,approved,5684,mobile_app,false,590
app_20250127_00250258,2025-01-27 02:39:04,cust_6603302,AUTR,personal_loan,16459,30,744,low,approved,16459,partner,false,372
app_20250127_00251100,2025-01-27 04:38:36,cust_9689590,PLWA,auto_loan,17278,24,566,medium,approved,17278,mobile_app,true,188
app_20250127_00251942,2025-01-27 05:52:28,cust_8845820,SESV,refinance,364411,360,732,low,approved,364411,mobile_app,true,573
app_20250127_00252784,2025-01-27 08:13:03,cust_9674037,AUTR,credit_card,7974,30,615,medium,approved,7974,atm,true,673
app_20250127_00253626,2025-01-27 06:35:48,cust_1729289,DEHE,credit_card,44698,30,692,medium,approved,44698,atm,true,788
app_20250127_00254468,2025-01-27 16:22:17,cust_6007404,NLAM,mortgage,97711,180,713,low,approved,97711,call_center,true,145
app_20250127_00255310,2025-01-27 02:32:42,cust_4075758,NLAM,mortgage,495247,120,643,medium,approved,495247,web,false,535
app_20250127_00256152,2025-01-27 00:06:06,cust_8075933,CZPR,personal_loan,24499,12,777,low,rejected,0,partner,false,111
app_20250127_00256994,2025-01-27 15:29:43,cust_2546795,FRID,personal_loan,6927,42,614,medium,approved,6927,mobile,false,377
app_20250127_00257836,2025-01-27 23:21:44,cust_7495865,ITMI,mortgage,367890,300,635,medium,approved,367890,call_center,false,782
app_20250127_00258678,2025-01-27 02:18:25,cust_8803124,UKLO,auto_loan,42240,60,640,medium,approved,42240,atm,false,817
app_20250127_00259520,2025-01-27 07:14:40,cust_7498215,ATVI,personal_loan,29477,36,577,medium,approved,29477,mobile_app,false,668
app_20250127_00260362,2025-01-27 23:30:35,cust_1319806,CZPR,education_loan,26117,60,556,medium,approved,26117,mobile,true,192
app_20250127_00261204,2025-01-27 13:38:56,cust_6942448,UKLO,credit_card,39899,12,677,medium,approved,39899,atm,true,105
app_20250127_00262046,2025-01-27 05:33:19,cust_1966956,SESV,refinance,420975,120,654,medium,rejected,0,partner,false,17
app_20250127_00262888,2025-01-27 09:34:20,cust_9152187,SESV,auto_loan,47107,36,818,low,approved,47107,mobile,false,188
app_20250127_00263730,2025-01-27 02:23:45,cust_3680518,PLWA,cash_loan,49556,48,681,medium,approved,49556,mobile,true,292
app_20250127_00264572,2025-01-27 02:23:14,cust_2526672,ITMI,refinance,428531,180,678,medium,approved,428531,atm,false,366
app_20250127_00265414,2025-01-27 08:29:19,cust_5096553,PLWA,cash_loan,48751,48,818,low,rejected,0,branch,true,29
app_20250127_00266256,2025-01-27 04:04:24,cust_2386319,CZPR,education_loan,29824,36,759,low,approved,29824,partner,true,892
app_20250127_00267098,2025-01-27 13:39:54,cust_9760405,CZPR,refinance,402959,180,469,high,rejected,0,web,true,170
app_20250127_00267940,2025-01-27 04:26:35,cust_1595634,PORP,cash_loan,12891,18,546,medium,approved,12891,mobile_app,false,661
app_20250127_00268782,2025-01-27 19:14:27,cust_9862052,GRRE,cash_loan,2959,30,643,medium,rejected,0,partner,true,90
app_20250127_00269624,2025-01-27 21:22:58,cust_4411565,PORP,personal_loan,27765,24,662,medium,approved,27765,mobile,false,175
app_20250127_00270466,2025-01-27 14:15:50,cust_5732700,ITMI,credit_card,4711,12,781,low,approved,4711,mobile_app,false,788
app_20250127_00271308,2025-01-27 23:16:37,cust_4014061,DEHE,education_loan,35902,60,557,medium,approved,35902,web,false,100
app_20250127_00272150,2025-01-27 20:31:17,cust_9955329,PLWA,personal_loan,34942,42,524,medium,rejected,0,online_banking,false,5
app_20250127_00272992,2025-01-27 03:44:25,cust_4784580,CZPR,refinance,201356,180,711,low,approved,201356,mobile,false,187
app_20250127_00273834,2025-01-27 02:25:29,cust_6678683,NLAM,refinance,264801,300,523,medium,rejected,0,atm,false,166
app_20250127_00274676,2025-01-27 18:51:52,cust_8737493,ESMA,cash_loan,30854,48,616,medium,approved,30854,mobile,true,191
app_20250127_00275518,2025-01-27 05:50:37,cust_8350353,UKLO,cash_loan,14481,36,777,low,approved,14481,web,true,529
app_20250127_00276360,2025-01-27 11:33:31,cust_6081147,FRID,personal_loan,6791,18,751,low,approved,6791,mobile,true,593
app_20250127_00277202,2025-01-27 00:41:36,cust_6314138,ESMA,auto_loan,41127,36,786,low,approved,41127,online_banking,false,748
app_20250127_00278044,2025-01-27 16:22:37,cust_396413,BENL,auto_loan,14149,72,710,low,rejected,0,partner,true,78
app_20250127_00278886,2025-01-27 05:58:32,cust_2295135,PLWA,mortgage,104266,300,762,low,approved,104266,atm,false,673
app_20250127_00279728,2025-01-27 06:05:45,cust_7119628,FRID,credit_card,19058,24,850,low,approved,19058,branch,false,772
app_20250127_00280570,2025-01-27 18:10:06,cust_1282689,FRID,business_loan,28489,24,688,medium,approved,28489,atm,false,685
app_20250127_00281412,2025-01-27 18:43:48,cust_7222437,GRRE,mortgage,455803,180,791,low,approved,455803,online_banking,true,388
app_20250127_00282254,2025-01-27 13:27:35,cust_5056057,FRID,credit_card,23681,18,724,low,approved,23681,call_center,true,810
app_20250127_00283096,2025-01-27 09:05:52,cust_5481035,AUTR,personal_loan,35592,36,681,medium,rejected,0,web,false,109
app_20250127_00283938,2025-01-27 12:19:19,cust_9667048,CZPR,refinance,454171,120,755,low,approved,454171,branch,true,675
app_20250127_00284780,2025-01-27 18:34:02,cust_3226859,DEHE,cash_loan,46877,18,782,low,approved,46877,atm,false,553
app_20250127_00285622,2025-01-27 19:25:33,cust_6892440,PLWA,personal_loan,11801,36,765,low,approved,11801,online_banking,true,374
app_20250127_00286464,2025-01-27 10:01:00,cust_8472011,DEHE,credit_card,28322,30,825,low,approved,28322,online_banking,false,36
app_20250127_00287306,2025-01-27 00:12:03,cust_3973396,ITMI,refinance,392018,180,688,medium,rejected,0,partner,false,116
app_20250127_00288148,2025-01-27 16:02:25,cust_7701638,SESV,credit_card,39737,48,722,low,approved,39737,atm,false,382
app_20250127_00288990,2025-01-27 18:29:07,cust_8344928,AUTR,refinance,312731,240,773,low,approved,312731,mobile,false,723
app_20250127_00289832,2025-01-27 19:39:55,cust_4717379,CZPR,cash_loan,14185,42,690,medium,rejected,0,atm,true,26
app_20250127_00290674,2025-01-27 05:50:48,cust_558035,ITMI,mortgage,136503,360,678,medium,approved,136503,online_banking,false,702
app_20250127_00291516,2025-01-27 07:28:00,cust_4745383,FRID,credit_card,16969,18,608,medium,approved,16969,mobile,false,660
app_20250127_00292358,2025-01-27 06:41:52,cust_7344683,DEHE,business_loan,16195,36,564,medium,approved,16195,online_banking,false,161
app_20250127_00293200,2025-01-27 08:51:13,cust_3973960,SESV,personal_loan,18069,30,636,medium,rejected,0,mobile,false,30
app_20250127_00294042,2025-01-27 08:03:30,cust_8763641,PLWA,cash_loan,9978,18,798,low,approved,9978,mobile,true,465
app_20250127_00294884,2025-01-27 11:48:56,cust_8828372,PORP,credit_card,1513,36,624,medium,approved,1513,partner,false,799
app_20250127_00295726,2025-01-27 10:45:04,cust_6659279,UKLO,credit_card,33464,24,574,medium,approved,33464,branch,false,638
app_20250127_00296568,2025-01-27 14:42:56,cust_1073958,SESV,education_loan,37215,24,607,medium,approved,37215,partner,false,266
app_20250127_00297410,2025-01-27 22:17:39,cust_5115343,BENL,personal_loan,23209,48,622,medium,approved,23209,online_banking,false,763
app_20250127_00298252,2025-01-27 20:38:48,cust_6670526,CZPR,refinance,280248,240,638,medium,approved,280248,call_center,true,353
app_20250127_00299094,2025-01-27 10:21:54,cust_2889783,CHBE,business_loan,11493,12,474,high,rejected,0,call_center,false,8
app_20250127_00299936,2025-01-27 21:41:50,cust_5498637,ESMA,education_loan,23842,36,579,medium,rejected,0,atm,false,68
app_20250127_00300778,2025-01-27 18:22:00,cust_8960085,UKLO,mortgage,498039,180,658,medium,rejected,0,mobile,true,72
app_20250127_00301620,2025-01-27 02:13:54,cust_1825954,GRRE,personal_loan,32008,12,759,low,approved,32008,branch,false,686
app_20250127_00302462,2025-01-27 13:44:24,cust_6240820,ATVI,personal_loan,10455,48,456,high,approved,10455,call_center,false,181
app_20250127_00303304,2025-01-27 17:59:42,cust_8269801,NLAM,personal_loan,12014,18,733,low,approved,12014,atm,false,165
app_20250127_00304146,2025-01-27 03:41:01,cust_8273550,FRID,personal_loan,22973,24,794,low,approved,22973,mobile,false,430
app_20250127_00304988,2025-01-27 10:10:34,cust_1832649,GRRE,business_loan,35228,24,633,medium,approved,35228,mobile_app,true,701
app_20250127_00305830,2025-01-27 14:08:55,cust_1398719,ATVI,business_loan,28583,60,524,medium,rejected,0,branch,false,36
app_20250127_00306672,2025-01-27 08:55:26,cust_6545279,CZPR,education_loan,21515,60,521,medium,rejected,0,mobile_app,true,89
app_20250127_00307514,2025-01-27 04:09:11,cust_769532,DEHE,credit_card,30895,48,601,medium,approved,30895,atm,false,338
app_20250127_00308356,2025-01-27 16:04:41,cust_4039957,ESMA,cash_loan,8549,48,446,high,approved,8549,web,false,394
app_20250127_00309198,2025-01-27 01:58:12,cust_9443783,PLWA,cash_loan,17681,42,504,medium,rejected,0,partner,true,144
app_20250127_00310040,2025-01-27 15:40:07,cust_6808547,UKLO,credit_card,30443,30,653,medium,rejected,0,web,false,126
app_20250127_00310882,2025-01-27 16:51:28,cust_5190383,BENL,cash_loan,20259,48,651,medium,approved,20259,online_banking,true,319
app_20250127_00311724,2025-01-27 17:51:40,cust_2322779,FRID,business_loan,34319,36,471,high,rejected,0,atm,false,139
app_20250127_00312566,2025-01-27 04:43:07,cust_585478,BENL,mortgage,203344,120,673,medium,approved,203344,mobile,false,331
app_20250127_00313408,2025-01-27 22:58:42,cust_380791,ESMA,cash_loan,14698,36,630,medium,approved,14698,partner,true,664
app_20250127_00314250,2025-01-27 05:00:12,cust_6232128,PLWA,cash_loan,18027,48,634,medium,approved,18027,web,false,532
app_20250127_00315092,2025-01-27 20:29:33,cust_8620658,UKLO,education_loan,6151,60,664,medium,approved,6151,mobile_app,true,859
app_20250127_00315934,2025-01-27 13:58:43,cust_7568139,FRID,credit_card,23667,12,588,medium,approved,23667,branch,false,57
app_20250127_00316776,2025-01-27 08:52:31,cust_6595278,UKLO,education_loan,32971,36,603,medium,approved,32971,branch,false,408
app_20250127_00317618,2025-01-27 21:14:17,cust_1235224,BENL,refinance,264123,180,596,medium,rejected,0,web,false,28
app_20250127_00318460,2025-01-27 15:05:48,cust_7179224,CHBE,refinance,388528,120,566,medium,rejected,0,mobile,false,58
app_20250127_00319302,2025-01-27 06:25:45,cust_2764674,CZPR,personal_loan,34681,18,630,medium,approved,34681,mobile,true,476
app_20250127_00320144,2025-01-27 11:07:56,cust_8548332,CZPR,auto_loan,32226,24,671,medium,approved,32226,partner,false,550
app_20250127_00320986,2025-01-27 16:35:45,cust_3797621,AUTR,cash_loan,10123,36,673,medium,rejected,0,mobile,true,162
app_20250127_00321828,2025-01-27 21:46:32,cust_7762469,ATVI,cash_loan,15526,36,668,medium,approved,15526,atm,true,751
app_20250127_00322670,2025-01-27 02:35:11,cust_7396428,PLWA,credit_card,28556,42,617,medium,rejected,0,web,false,30
app_20250127_00323512,2025-01-27 16:57:49,cust_4535950,PLWA,auto_loan,16777,36,514,medium,rejected,0,web,true,134
app_20250127_00324354,2025-01-27 12:49:16,cust_9827639,ATVI,business_loan,33365,24,709,low,approved,33365,partner,false,717
app_20250127_00325196,2025-01-27 19:26:46,cust_2670263,CHBE,cash_loan,40750,42,736,low,approved,40750,mobile,false,463
app_20250127_00326038,2025-01-27 04:43:03,cust_7394704,PLWA,personal_loan,16716,18,471,high,rejected,0,branch,true,22
app_20250127_00326880,2025-01-27 23:42:06,cust_3714759,ATVI,business_loan,31500,36,519,medium,rejected,0,mobile,true,50
app_20250127_00327722,2025-01-27 09:50:58,cust_6922906,UKLO,cash_loan,48506,36,707,low,approved,48506,mobile_app,false,148
app_20250127_00328564,2025-01-27 00:29:14,cust_9455775,CZPR,business_loan,20150,48,766,low,approved,20150,web,false,170
app_20250127_00329406,2025-01-27 11:35:22,cust_728627,ESMA,education_loan,8742,36,554,medium,rejected,0,partner,true,140
app_20250127_00330248,2025-01-27 22:40:35,cust_9953049,PLWA,auto_loan,38640,36,742,low,approved,38640,web,false,84
app_20250127_00331090,2025-01-27 19:24:05,cust_6515695,FRID,credit_card,8144,12,788,low,approved,8144,branch,false,707
app_20250127_00331932,2025-01-27 19:02:59,cust_9873509,GRRE,refinance,213130,240,515,medium,approved,213130,mobile_app,true,623
app_20250127_00332774,2025-01-27 07:20:22,cust_8930836,NLAM,mortgage,127222,180,584,medium,rejected,0,branch,false,20
app_20250127_00333616,2025-01-27 15:20:49,cust_8194410,SESV,business_loan,28934,60,701,low,approved,28934,atm,false,715
app_20250127_00334458,2025-01-27 11:26:19,cust_4489652,AUTR,auto_loan,8716,24,630,medium,approved,8716,mobile_app,false,350
app_20250127_00335300,2025-01-27 17:44:47,cust_892883,PORP,auto_loan,31250,48,673,medium,rejected,0,call_center,true,10
app_20250127_00336142,2025-01-27 06:50:37,cust_5944690,GRRE,cash_loan,24991,12,580,medium,rejected,0,mobile_app,true,73
app_20250127_00336984,2025-01-27 04:22:00,cust_8634414,AUTR,cash_loan,15011,18,536,medium,rejected,0,call_center,false,51
app_20250127_00337826,2025-01-27 10:08:31,cust_2506799,NLAM,credit_card,15620,12,650,medium,rejected,0,online_banking,false,109
app_20250127_00338668,2025-01-27 02:59:09,cust_7286459,ITMI,education_loan,38058,12,654,medium,approved,38058,mobile_app,true,331
app_20250127_00339510,2025-01-27 01:45:39,cust_3362951,SESV,auto_loan,50069,48,768,low,approved,50069,mobile,true,78
app_20250127_00340352,2025-01-27 17:30:12,cust_3287208,FRID,auto_loan,51711,72,776,low,approved,51711,web,false,797
app_20250127_00341194,2025-01-27 02:33:35,cust_6764792,ATVI,mortgage,389357,300,505,medium,rejected,0,atm,false,179
app_20250127_00342036,2025-01-27 21:20:09,cust_9283010,BENL,education_loan,3139,60,783,low,approved,3139,mobile_app,false,848
app_20250127_00342878,2025-01-27 23:01:42,cust_1708505,UKLO,business_loan,19080,24,660,medium,rejected,0,branch,false,66
app_20250127_00343720,2025-01-27 23:09:22,cust_7642611,CZPR,education_loan,26285,24,580,medium,approved,26285,partner,true,291
app_20250127_00344562,2025-01-27 03:56:48,cust_3976604,GRRE,personal_loan,8932,36,637,medium,rejected,0,web,true,163
app_20250127_00345404,2025-01-27 21:55:16,cust_2010050,SESV,personal_loan,5233,30,558,medium,approved,5233,mobile_app,true,900
app_20250127_00346246,2025-01-27 19:04:53,cust_8311814,PLWA,personal_loan,12205,24,531,medium,rejected,0,atm,false,172
app_20250127_00347088,2025-01-27 01:39:36,cust_7075211,PLWA,cash_loan,27936,12,687,medium,approved,27936,mobile_app,true,716
app_20250127_00347930,2025-01-27 22:54:50,cust_1216598,UKLO,refinance,191980,300,603,medium,rejected,0,web,true,167
app_20250127_00348772,2025-01-27 21:33:26,cust_3926380,NLAM,business_loan,17052,60,821,low,rejected,0,call_center,true,130
app_20250127_00349614,2025-01-27 18:41:38,cust_1957917,ATVI,auto_loan,5051,60,753,low,approved,5051,online_banking,true,88
app_20250127_00350456,2025-01-27 06:07:54,cust_6113598,PLWA,mortgage,284673,300,701,low,approved,284673,mobile_app,true,735
app_20250127_00351298,2025-01-27 09:22:19,cust_225256,FRID,mortgage,347480,120,522,medium,approved,347480,mobile,false,178
app_20250127_00352140,2025-01-27 07:10:53,cust_3007816,ATVI,auto_loan,40414,60,815,low,approved,40414,partner,true,859
app_20250127_00352982,2025-01-27 07:59:35,cust_8902754,PLWA,education_loan,12513,24,751,low,approved,12513,online_banking,true,424
app_20250127_00353824,2025-01-27 12:59:35,cust_1451262,CHBE,credit_card,12255,48,604,medium,approved,12255,mobile_app,true,416
app_20250127_00354666,2025-01-27 07:49:58,cust_7270193,SESV,cash_loan,31984,18,641,medium,approved,31984,online_banking,false,354
app_20250127_00355508,2025-01-27 04:17:47,cust_4825848,SESV,personal_loan,23159,30,690,medium,approved,23159,partner,false,236
app_20250127_00356350,2025-01-27 10:16:21,cust_7807447,CZPR,refinance,499628,240,675,medium,rejected,0,atm,false,113
app_20250127_00357192,2025-01-27 02:14:20,cust_7857737,ESMA,personal_loan,49025,36,609,medium,approved,49025,atm,false,612
app_20250127_00358034,2025-01-27 22:52:14,cust_5909709,AUTR,mortgage,350162,120,643,medium,rejected,0,atm,true,88
app_20250127_00358876,2025-01-27 11:00:23,cust_1526074,CHBE,mortgage,283661,120,691,medium,approved,283661,web,false,898
app_20250127_00359718,2025-01-27 20:27:28,cust_1441027,AUTR,auto_loan,44463,60,524,medium,rejected,0,branch,false,24
app_20250127_00360560,2025-01-27 05:31:40,cust_5642919,PORP,personal_loan,40281,36,684,medium,rejected,0,branch,false,11
app_20250127_00361402,2025-01-27 20:59:20,cust_1311506,BENL,mortgage,436224,300,793,low,approved,436224,call_center,true,172
app_20250127_00362244,2025-01-27 13:23:57,cust_6595545,PORP,mortgage,219531,180,650,medium,approved,219531,online_banking,false,743
app_20250127_00363086,2025-01-27 15:51:07,cust_8885345,PORP,business_loan,25049,60,554,medium,approved,25049,web,true,893
app_20250127_00363928,2025-01-27 19:45:01,cust_3479420,GRRE,personal_loan,25914,12,634,medium,approved,25914,web,true,665
app_20250127_00364770,2025-01-27 23:45:50,cust_6992340,SESV,mortgage,166366,120,534,medium,approved,166366,branch,false,185
app_20250127_00365612,2025-01-27 00:14:47,cust_832581,ITMI,cash_loan,41507,36,633,medium,approved,41507,partner,true,745
app_20250127_00366454,2025-01-27 17:28:52,cust_3836322,GRRE,business_loan,11598,48,699,medium,approved,11598,online_banking,false,859
app_20250127_00367296,2025-01-27 10:49:53,cust_9342808,ATVI,credit_card,49102,30,689,medium,approved,49102,partner,false,318
app_20250127_00368138,2025-01-27 23:49:03,cust_1035851,FRID,business_loan,12537,36,700,low,approved,12537,partner,false,660
app_20250127_00368980,2025-01-27 23:23:15,cust_4246192,ESMA,auto_loan,50581,72,850,low,approved,50581,online_banking,false,162
app_20250127_00369822,2025-01-27 22:42:50,cust_8057816,CZPR,refinance,342317,240,674,medium,approved,342317,partner,false,435
app_20250127_00370664,2025-01-27 06:25:18,cust_4795737,ITMI,cash_loan,25555,30,534,medium,rejected,0,mobile,false,122
app_20250127_00371506,2025-01-27 12:35:11,cust_9535463,FRID,refinance,367916,180,602,medium,approved,367916,call_center,false,268
app_20250127_00372348,2025-01-27 00:32:18,cust_5643588,ESMA,personal_loan,15819,30,770,low,approved,15819,atm,false,284
app_20250127_00373190,2025-01-27 09:48:24,cust_5131770,ATVI,credit_card,48812,18,632,medium,approved,48812,mobile_app,true,853
app_20250127_00374032,2025-01-27 21:28:10,cust_3804614,BENL,education_loan,17379,36,587,medium,approved,17379,partner,true,550
app_20250127_00374874,2025-01-27 22:27:47,cust_7862025,CHBE,business_loan,22302,60,608,medium,approved,22302,atm,true,119
app_20250127_00375716,2025-01-27 15:19:07,cust_7401009,ATVI,auto_loan,10672,60,675,medium,approved,10672,partner,true,80
app_20250127_00376558,2025-01-27 18:35:09,cust_9681054,NLAM,auto_loan,5556,36,788,low,approved,5556,online_banking,true,128
app_20250127_00377400,2025-01-27 12:53:10,cust_5126114,BENL,mortgage,152342,300,639,medium,rejected,0,online_banking,true,78
app_20250127_00378242,2025-01-27 11:28:50,cust_954862,ITMI,personal_loan,10573,24,527,medium,rejected,0,online_banking,true,180
app_20250127_00379084,2025-01-27 14:51:24,cust_7033627,BENL,refinance,468927,120,715,low,approved,468927,atm,false,723
app_20250127_00379926,2025-01-27 09:45:29,cust_4321774,FRID,refinance,52309,300,507,medium,approved,52309,branch,true,70
app_20250127_00380768,2025-01-27 00:17:46,cust_3157661,GRRE,auto_loan,40551,24,656,medium,approved,40551,online_banking,true,487
app_20250127_00381610,2025-01-27 00:57:33,cust_6114141,CHBE,education_loan,39143,48,688,medium,rejected,0,mobile,true,42
app_20250127_00382452,2025-01-27 08:02:40,cust_7437959,CHBE,mortgage,70949,180,547,medium,rejected,0,branch,true,25
app_20250127_00383294,2025-01-27 23:21:07,cust_8531483,CZPR,mortgage,405610,240,816,low,approved,405610,atm,false,255
app_20250127_00384136,2025-01-27 19:54:13,cust_1805942,AUTR,auto_loan,24451,24,625,medium,approved,24451,web,false,427
app_20250127_00384978,2025-01-27 20:46:38,cust_3332905,NLAM,mortgage,466264,240,457,high,rejected,0,web,true,58
app_20250127_00385820,2025-01-27 14:27:37,cust_6516983,FRID,credit_card,29453,12,613,medium,approved,29453,mobile,false,500
app_20250127_00386662,2025-01-27 12:41:20,cust_4099353,AUTR,mortgage,351618,300,763,low,approved,351618,partner,true,558
app_20250127_00387504,2025-01-27 17:52:13,cust_1703799,ATVI,personal_loan,23641,24,568,medium,rejected,0,call_center,true,133
app_20250127_00388346,2025-01-27 08:48:53,cust_1680381,ATVI,personal_loan,40732,24,599,medium,approved,40732,partner,true,612
app_20250127_00389188,2025-01-27 04:42:28,cust_6884009,PORP,business_loan,7148,36,636,medium,rejected,0,atm,false,75
app_20250127_00390030,2025-01-27 08:28:47,cust_2431559,UKLO,business_loan,32647,48,626,medium,rejected,0,online_banking,false,85
app_20250127_00390872,2025-01-27 21:27:40,cust_4729155,AUTR,auto_loan,45874,24,570,medium,rejected,0,partner,true,62
app_20250127_00391714,2025-01-27 18:18:13,cust_9154685,ATVI,mortgage,283389,120,558,medium,rejected,0,online_banking,true,96
app_20250127_00392556,2025-01-27 06:31:36,cust_8470632,NLAM,mortgage,375729,300,542,medium,approved,375729,call_center,true,50
app_20250127_00393398,2025-01-27 05:44:33,cust_718633,CZPR,refinance,206992,240,675,medium,rejected,0,partner,false,166
app_20250127_00394240,2025-01-27 01:53:52,cust_334480,BENL,personal_loan,13620,30,594,medium,approved,13620,mobile,false,372
app_20250127_00395082,2025-01-27 07:15:13,cust_4043461,ESMA,credit_card,45176,48,521,medium,approved,45176,mobile,false,814
app_20250127_00395924,2025-01-27 02:07:42,cust_8477601,GRRE,credit_card,15962,30,623,medium,rejected,0,atm,false,153
app_20250127_00396766,2025-01-27 18:56:08,cust_1078208,ATVI,business_loan,26363,60,605,medium,approved,26363,partner,false,300
app_20250127_00397608,2025-01-27 04:38:10,cust_6231830,DEHE,refinance,248617,360,629,medium,approved,248617,mobile_app,false,639
app_20250127_00398450,2025-01-27 18:31:44,cust_8379021,NLAM,refinance,249275,360,724,low,approved,249275,mobile,false,506
app_20250127_00399292,2025-01-27 09:00:19,cust_1067328,SESV,education_loan,21025,12,528,medium,approved,21025,partner,true,273
app_20250127_00400134,2025-01-27 10:55:24,cust_9637136,NLAM,credit_card,22072,18,672,medium,approved,22072,web,false,94
app_20250127_00400976,2025-01-27 02:43:07,cust_9766340,CZPR,business_loan,29789,60,563,medium,rejected,0,atm,true,32
app_20250127_00401818,2025-01-27 05:41:50,cust_9731952,NLAM,business_loan,39920,60,668,medium,rejected,0,online_banking,false,143
app_20250127_00402660,2025-01-27 02:18:42,cust_3950828,CZPR,education_loan,17201,24,850,low,approved,17201,mobile_app,true,362
app_20250127_00403502,2025-01-27 03:11:12,cust_7122890,BENL,refinance,157950,300,716,low,approved,157950,mobile_app,true,562
app_20250127_00404344,2025-01-27 21:50:12,cust_5455069,PORP,cash_loan,45622,12,705,low,approved,45622,mobile,true,833
app_20250127_00405186,2025-01-27 02:21:15,cust_5991106,DEHE,auto_loan,45187,48,573,medium,approved,45187,atm,true,783
app_20250127_00406028,2025-01-27 02:32:34,cust_2480789,DEHE,cash_loan,33755,24,772,low,approved,33755,branch,false,734
app_20250127_00406870,2025-01-27 19:43:17,cust_5843163,DEHE,business_loan,34426,48,761,low,approved,34426,atm,true,451
app_20250127_00407712,2025-01-27 12:35:43,cust_4911295,SESV,cash_loan,31253,42,672,medium,rejected,0,mobile_app,true,11
app_20250127_00408554,2025-01-27 18:43:46,cust_1211696,PLWA,credit_card,20552,30,656,medium,rejected,0,atm,false,99
app_20250127_00409396,2025-01-27 11:10:55,cust_1938534,CZPR,refinance,495669,120,741,low,approved,495669,branch,true,745
app_20250127_00410238,2025-01-27 18:21:48,cust_793270,PORP,education_loan,14922,24,597,medium,approved,14922,atm,false,331
app_20250127_00411080,2025-01-27 20:51:07,cust_4332328,ESMA,refinance,351710,120,836,low,approved,351710,atm,false,517
app_20250127_00411922,2025-01-27 11:25:44,cust_9666359,ATVI,business_loan,35114,36,640,medium,rejected,0,mobile,false,42
app_20250127_00412764,2025-01-27 11:16:57,cust_8304177,GRRE,mortgage,497030,180,570,medium,approved,497030,call_center,false,444
app_20250127_00413606,2025-01-27 10:51:51,cust_5527031,NLAM,business_loan,25502,48,619,medium,approved,25502,online_banking,false,434
app_20250127_00414448,2025-01-27 02:28:48,cust_2437770,PLWA,cash_loan,25871,12,603,medium,rejected,0,web,true,173
app_20250127_00415290,2025-01-27 01:54:52,cust_1975857,FRID,education_loan,25047,24,690,medium,approved,25047,mobile_app,true,878
app_20250127_00416132,2025-01-27 11:38:14,cust_5410682,CZPR,cash_loan,30958,24,561,medium,approved,30958,mobile,true,804
app_20250127_00416974,2025-01-27 21:49:07,cust_6900117,NLAM,refinance,240932,120,719,low,approved,240932,call_center,false,228
app_20250127_00417816,2025-01-27 07:33:05,cust_5697625,DEHE,credit_card,37920,30,632,medium,approved,37920,partner,true,266
app_20250127_00418658,2025-01-27 20:49:20,cust_2481162,ATVI,mortgage,300228,180,564,medium,approved,300228,branch,false,588
app_20250127_00419500,2025-01-27 16:46:19,cust_9709244,UKLO,personal_loan,32381,24,653,medium,rejected,0,atm,false,57
app_20250127_00420342,2025-01-27 01:14:14,cust_7771050,UKLO,mortgage,143269,240,789,low,approved,143269,call_center,false,86
app_20250127_00421184,2025-01-27 04:42:14,cust_8112510,ITMI,refinance,348051,180,698,medium,approved,348051,mobile_app,false,632
app_20250127_00422026,2025-01-27 02:59:23,cust_8713311,ITMI,auto_loan,56255,72,659,medium,approved,56255,call_center,false,57
app_20250127_00422868,2025-01-27 12:12:13,cust_2748209,ATVI,auto_loan,10567,24,662,medium,rejected,0,web,true,166
app_20250127_00423710,2025-01-27 13:49:32,cust_9408988,ATVI,auto_loan,54931,48,480,high,rejected,0,mobile_app,true,145
app_20250127_00424552,2025-01-27 07:37:08,cust_4609796,UKLO,auto_loan,59506,36,591,medium,rejected,0,mobile_app,false,120
app_20250127_00425394,2025-01-27 19:31:25,cust_705482,BENL,personal_loan,7183,42,563,medium,rejected,0,atm,false,120
app_20250127_00426236,2025-01-27 11:07:53,cust_3745641,DEHE,auto_loan,51227,60,636,medium,approved,51227,mobile_app,true,634
app_20250127_00427078,2025-01-27 01:13:40,cust_1934541,BENL,business_loan,5136,24,604,medium,approved,5136,web,false,64
app_20250127_00427920,2025-01-27 01:12:03,cust_8011014,CZPR,cash_loan,12162,18,681,medium,rejected,0,web,true,139
app_20250127_00428762,2025-01-27 20:23:52,cust_4441424,CHBE,refinance,66087,120,615,medium,approved,66087,call_center,true,118
app_20250127_00429604,2025-01-27 11:04:22,cust_9971779,CZPR,education_loan,37141,48,618,medium,approved,37141,atm,true,898
app_20250127_00430446,2025-01-27 15:57:38,cust_9737442,ITMI,education_loan,12209,24,471,high,approved,12209,call_center,false,676
app_20250127_00431288,2025-01-27 11:09:41,cust_8370285,PLWA,cash_loan,45004,30,648,medium,approved,45004,mobile,true,755
app_20250127_00432130,2025-01-27 00:59:28,cust_5813373,ATVI,credit_card,5655,30,785,low,approved,5655,call_center,true,39
app_20250127_00432972,2025-01-27 06:47:36,cust_1313150,GRRE,business_loan,18219,24,849,low,approved,18219,online_banking,true,702
app_20250127_00433814,2025-01-27 09:27:23,cust_7607379,CZPR,auto_loan,15177,48,756,low,approved,15177,atm,false,343
app_20250127_00434656,2025-01-27 12:18:00,cust_9801165,ITMI,auto_loan,23250,36,429,high,rejected,0,web,false,143
app_20250127_00435498,2025-01-27 07:40:17,cust_4945681,UKLO,refinance,269323,240,764,low,approved,269323,atm,false,486
app_20250127_00436340,2025-01-27 22:25:05,cust_1151555,CZPR,cash_loan,5504,30,679,medium,approved,5504,call_center,false,279
app_20250127_00437182,2025-01-27 00:23:55,cust_784843,BENL,auto_loan,37580,72,666,medium,approved,37580,atm,false,126
app_20250127_00438024,2025-01-27 13:12:03,cust_2744970,PORP,refinance,462406,360,765,low,approved,462406,partner,false,48
app_20250127_00438866,2025-01-27 06:05:35,cust_893114,UKLO,mortgage,222664,120,777,low,approved,222664,partner,false,83
app_20250127_00439708,2025-01-27 21:32:01,cust_9691393,CHBE,auto_loan,46137,48,806,low,approved,46137,mobile,false,582
app_20250127_00440550,2025-01-27 18:37:04,cust_2361747,PLWA,business_loan,23643,24,773,low,approved,23643,call_center,true,47
app_20250127_00441392,2025-01-27 18:13:23,cust_2264987,FRID,refinance,195127,180,693,medium,approved,195127,online_banking,false,887
app_20250127_00442234,2025-01-27 00:47:50,cust_1779857,BENL,auto_loan,19268,24,498,high,rejected,0,mobile_app,false,102
app_20250127_00443076,2025-01-27 07:23:11,cust_5906853,NLAM,business_loan,30313,24,689,medium,approved,30313,branch,false,371
app_20250127_00443918,2025-01-27 16:25:27,cust_2576191,CHBE,auto_loan,55006,60,597,medium,approved,55006,mobile_app,false,304
app_20250127_00444760,2025-01-27 23:16:43,cust_5877457,DEHE,education_loan,27505,60,607,medium,approved,27505,branch,true,137
app_20250127_00445602,2025-01-27 10:46:34,cust_4260890,ATVI,business_loan,35328,12,587,medium,rejected,0,call_center,true,6
app_20250127_00446444,2025-01-27 15:04:20,cust_4313752,ITMI,personal_loan,31107,42,747,low,rejected,0,mobile,false,168
app_20250127_00447286,2025-01-27 05:17:54,cust_4989990,ESMA,mortgage,328168,360,577,medium,approved,328168,branch,true,161
app_20250127_00448128,2025-01-27 01:21:37,cust_5267893,ESMA,personal_loan,43308,36,561,medium,rejected,0,atm,false,128
app_20250127_00448970,2025-01-27 19:26:59,cust_8061888,BENL,refinance,355417,300,666,medium,rejected,0,branch,true,8
app_20250127_00449812,2025-01-27 23:39:05,cust_2342708,FRID,personal_loan,45314,42,447,high,rejected,0,online_banking,true,22
app_20250127_00450654,2025-01-27 17:48:24,cust_7444827,BENL,personal_loan,1708,24,605,medium,approved,1708,call_center,true,388
app_20250127_00451496,2025-01-27 10:47:38,cust_9331257,SESV,education_loan,31975,48,674,medium,rejected,0,call_center,false,83
app_20250127_00452338,2025-01-27 19:22:56,cust_5647648,ITMI,credit_card,47799,42,729,low,approved,47799,online_banking,true,861
app_20250127_00453180,2025-01-27 23:58:16,cust_6723353,PLWA,credit_card,29642,42,601,medium,approved,29642,mobile,false,107
app_20250127_00454022,2025-01-27 18:05:16,cust_7918418,GRRE,business_loan,8425,24,625,medium,approved,8425,web,false,895
app_20250127_00454864,2025-01-27 01:43:08,cust_3189730,CZPR,auto_loan,20522,36,675,medium,approved,20522,partner,true,756
app_20250127_00455706,2025-01-27 12:53:52,cust_8388935,PORP,personal_loan,29404,12,563,medium,rejected,0,mobile_app,false,79
app_20250127_00456548,2025-01-27 02:09:39,cust_2970654,SESV,personal_loan,47295,12,625,medium,approved,47295,online_banking,false,860
app_20250127_00457390,2025-01-27 23:34:16,cust_928597,SESV,personal_loan,7299,18,697,medium,approved,7299,atm,false,517
app_20250127_00458232,2025-01-27 11:12:08,cust_4762280,SESV,mortgage,186885,240,776,low,approved,186885,atm,false,212
app_20250127_00459074,2025-01-27 23:17:36,cust_456145,GRRE,personal_loan,3895,18,739,low,approved,3895,call_center,true,354
app_20250127_00459916,2025-01-27 05:55:00,cust_9353943,NLAM,mortgage,478914,120,567,medium,approved,478914,online_banking,false,39
app_20250127_00460758,2025-01-27 05:22:21,cust_6588067,GRRE,refinance,323374,240,765,low,rejected,0,partner,false,173
app_20250127_00461600,2025-01-27 10:15:38,cust_4004048,NLAM,credit_card,5910,24,672,medium,approved,5910,partner,true,619
app_20250127_00462442,2025-01-27 19:11:55,cust_9676537,PORP,business_loan,7974,12,670,medium,approved,7974,atm,false,414
app_20250127_00463284,2025-01-27 01:06:29,cust_4228609,UKLO,education_loan,22154,48,829,low,approved,22154,branch,true,208
app_20250127_00464126,2025-01-27 19:45:43,cust_147843,DEHE,credit_card,46387,30,801,low,approved,46387,call_center,false,693
app_20250127_00464968,2025-01-27 03:03:28,cust_7800772,PORP,refinance,170752,360,649,medium,rejected,0,online_banking,false,22
app_20250127_00465810,2025-01-27 02:41:59,cust_8812539,BENL,credit_card,8263,24,671,medium,rejected,0,partner,true,101
app_20250127_00466652,2025-01-27 17:11:54,cust_3357521,CZPR,personal_loan,28888,36,507,medium,rejected,0,branch,true,179
app_20250127_00467494,2025-01-27 01:52:01,cust_3986267,GRRE,credit_card,17549,12,600,medium,approved,17549,branch,false,610
app_20250127_00468336,2025-01-27 18:38:10,cust_8053380,AUTR,cash_loan,32549,36,736,low,approved,32549,online_banking,true,397
app_20250127_00469178,2025-01-27 17:54:55,cust_9475055,CHBE,education_loan,39719,48,787,low,approved,39719,partner,false,226
app_20250127_00470020,2025-01-27 09:32:55,cust_3439245,ITMI,auto_loan,5968,60,674,medium,approved,5968,web,true,810
app_20250127_00470862,2025-01-27 08:21:14,cust_1528964,AUTR,business_loan,26561,60,539,medium,approved,26561,mobile,false,356
app_20250127_00471704,2025-01-27 23:40:15,cust_9839135,ITMI,education_loan,20923,12,566,medium,approved,20923,partner,true,760
app_20250127_00472546,2025-01-27 11:54:30,cust_3050769,NLAM,auto_loan,10536,36,626,medium,approved,10536,call_center,false,689
app_20250127_00473388,2025-01-27 10:32:14,cust_4162623,CHBE,credit_card,8882,36,669,medium,rejected,0,mobile_app,true,174
app_20250127_00474230,2025-01-27 00:00:45,cust_4870769,ITMI,education_loan,4668,12,464,high,rejected,0,atm,false,155
app_20250127_00475072,2025-01-27 05:07:04,cust_5679813,ESMA,auto_loan,53585,60,776,low,approved,53585,online_banking,false,214
app_20250127_00475914,2025-01-27 10:25:21,cust_7460352,PORP,education_loan,4846,48,618,medium,approved,4846,web,false,312
app_20250127_00476756,2025-01-27 00:24:46,cust_4734827,ATVI,education_loan,34769,36,479,high,rejected,0,call_center,false,73
app_20250127_00477598,2025-01-27 05:38:12,cust_1384937,BENL,auto_loan,44610,36,667,medium,approved,44610,partner,false,343
app_20250127_00478440,2025-01-27 05:49:05,cust_6423011,FRID,auto_loan,36915,24,607,medium,rejected,0,branch,true,175
app_20250127_00479282,2025-01-27 18:37:02,cust_6573617,ATVI,auto_loan,18307,72,648,medium,approved,18307,partner,false,274
app_20250127_00480124,2025-01-27 11:27:08,cust_5550182,SESV,mortgage,212329,180,610,medium,approved,212329,call_center,true,66
app_20250127_00480966,2025-01-27 19:41:13,cust_3000886,ATVI,credit_card,43599,12,695,medium,rejected,0,online_banking,true,92
app_20250127_00481808,2025-01-27 10:00:27,cust_3751512,UKLO,personal_loan,4211,36,574,medium,approved,4211,call_center,false,535
app_20250127_00482650,2025-01-27 20:10:09,cust_4741197,PORP,refinance,409154,360,642,medium,rejected,0,online_banking,true,176
app_20250127_00483492,2025-01-27 13:26:56,cust_283986,NLAM,business_loan,21550,60,694,medium,rejected,0,call_center,false,98
app_20250127_00484334,2025-01-27 22:27:37,cust_1316047,CZPR,cash_loan,13261,18,516,medium,approved,13261,atm,true,315
app_20250127_00485176,2025-01-27 04:48:32,cust_6755615,CHBE,education_loan,22795,36,464,high,rejected,0,call_center,true,40
app_20250127_00486018,2025-01-27 07:46:42,cust_7383384,BENL,refinance,201893,240,597,medium,rejected,0,branch,false,17
app_20250127_00486860,2025-01-27 23:23:50,cust_323763,PORP,auto_loan,33484,48,738,low,approved,33484,call_center,false,647
app_20250127_00487702,2025-01-27 21:04:22,cust_7268235,BENL,business_loan,3561,48,485,high,rejected,0,online_banking,false,129
app_20250127_00488544,2025-01-27 13:21:20,cust_3435521,GRRE,refinance,418360,240,631,medium,approved,418360,mobile_app,true,646
app_20250127_00489386,2025-01-27 12:04:14,cust_6107202,ATVI,education_loan,30897,48,648,medium,rejected,0,web,true,135
app_20250127_00490228,2025-01-27 16:28:28,cust_286652,UKLO,business_loan,30969,60,665,medium,approved,30969,partner,false,87
app_20250127_00491070,2025-01-27 08:48:47,cust_679077,GRRE,personal_loan,8978,48,623,medium,rejected,0,atm,true,5
app_20250127_00491912,2025-01-27 12:13:40,cust_7232857,PORP,cash_loan,32446,12,704,low,approved,32446,web,false,290
app_20250127_00492754,2025-01-27 14:56:02,cust_869352,PLWA,refinance,68415,120,686,medium,rejected,0,mobile_app,false,53
app_20250127_00493596,2025-01-27 08:05:09,cust_6264217,ITMI,education_loan,8958,24,744,low,approved,8958,branch,false,125
app_20250127_00494438,2025-01-27 08:14:09,cust_3727255,ITMI,business_loan,18503,60,534,medium,rejected,0,web,false,168
app_20250127_00495280,2025-01-27 12:59:01,cust_9899340,ESMA,mortgage,77597,180,840,low,rejected,0,mobile,false,19
app_20250127_00496122,2025-01-27 20:31:11,cust_1263319,FRID,cash_loan,35654,48,763,low,approved,35654,web,false,383
app_20250127_00496964,2025-01-27 17:29:47,cust_227909,CZPR,education_loan,21598,24,621,medium,approved,21598,call_center,false,331
app_20250127_00497806,2025-01-27 06:11:35,cust_4585878,AUTR,cash_loan,22527,48,437,high,rejected,0,call_center,true,24
app_20250127_00498648,2025-01-27 00:36:59,cust_9828598,SESV,credit_card,2228,30,762,low,approved,2228,partner,true,544
app_20250127_00499490,2025-01-27 16:40:27,cust_1176693,ITMI,credit_card,27638,24,467,high,rejected,0,branch,false,87
app_20250127_00500332,2025-01-27 06:47:58,cust_1789690,PORP,auto_loan,38994,48,650,medium,approved,38994,online_banking,false,649
app_20250127_00501174,2025-01-27 12:10:03,cust_7284933,ITMI,credit_card,40476,18,706,low,approved,40476,mobile,true,837
app_20250127_00502016,2025-01-27 16:32:47,cust_7957476,AUTR,refinance,153461,120,535,medium,approved,153461,online_banking,false,521
app_20250127_00502858,2025-01-27 13:48:31,cust_1746151,CHBE,education_loan,25503,12,778,low,approved,25503,call_center,true,759
app_20250127_00503700,2025-01-27 21:15:42,cust_4625669,DEHE,refinance,450276,180,742,low,approved,450276,partner,true,223
app_20250127_00504542,2025-01-27 03:08:56,cust_8756246,ITMI,credit_card,14090,42,552,medium,rejected,0,atm,true,101
app_20250127_00505384,2025-01-27 23:38:31,cust_6619334,AUTR,business_loan,29406,60,723,low,rejected,0,web,false,173
app_20250127_00506226,2025-01-27 20:34:06,cust_3014200,ATVI,auto_loan,25321,48,663,medium,approved,25321,online_banking,true,292
app_20250127_00507068,2025-01-27 05:26:00,cust_5546063,ESMA,auto_loan,36405,24,647,medium,approved,36405,atm,true,229
app_20250127_00507910,2025-01-27 20:50:49,cust_8662260,GRRE,personal_loan,40825,48,708,low,approved,40825,mobile,true,796
app_20250127_00508752,2025-01-27 08:46:21,cust_1103591,BENL,education_loan,26775,12,620,medium,approved,26775,call_center,false,594
app_20250127_00509594,2025-01-27 22:25:23,cust_6320675,GRRE,education_loan,18852,12,491,high,rejected,0,online_banking,false,168
app_20250127_00510436,2025-01-27 15:00:43,cust_498858,BENL,education_loan,32609,24,570,medium,approved,32609,branch,false,388
app_20250127_00511278,2025-01-27 16:23:02,cust_4451881,NLAM,auto_loan,25077,36,499,high,rejected,0,atm,false,45
app_20250127_00512120,2025-01-27 18:49:56,cust_1698080,CZPR,auto_loan,5137,48,462,high,rejected,0,mobile,true,52
app_20250127_00512962,2025-01-27 10:14:14,cust_4077620,CZPR,mortgage,125627,120,820,low,approved,125627,partner,true,435
app_20250127_00513804,2025-01-27 02:28:53,cust_8480374,BENL,education_loan,20327,12,693,medium,rejected,0,branch,true,69
app_20250127_00514646,2025-01-27 02:23:31,cust_4141662,ESMA,credit_card,41917,36,766,low,approved,41917,branch,true,686
app_20250127_00515488,2025-01-27 01:24:58,cust_7850556,CHBE,auto_loan,43935,48,682,medium,approved,43935,mobile,true,479
app_20250127_00516330,2025-01-27 08:18:07,cust_4470519,FRID,cash_loan,38260,24,634,medium,rejected,0,web,true,165
app_20250127_00517172,2025-01-27 15:26:45,cust_418797,CHBE,business_loan,2434,60,735,low,approved,2434,partner,false,741
app_20250127_00518014,2025-01-27 08:49:01,cust_9017407,CZPR,credit_card,18101,18,681,medium,approved,18101,mobile_app,false,274
app_20250127_00518856,2025-01-27 09:13:49,cust_7843498,CHBE,education_loan,27516,24,834,low,approved,27516,mobile,false,172
app_20250127_00519698,2025-01-27 23:45:05,cust_1239954,GRRE,mortgage,498345,240,733,low,approved,498345,online_banking,false,229
app_20250127_00520540,2025-01-27 23:43:33,cust_1684629,ATVI,credit_card,19756,12,653,medium,approved,19756,call_center,false,531
app_20250127_00521382,2025-01-27 15:34:38,cust_2979289,SESV,cash_loan,40354,48,735,low,approved,40354,branch,true,201
app_20250127_00522224,2025-01-27 03:49:00,cust_774844,PORP,auto_loan,14698,36,642,medium,approved,14698,web,true,232
app_20250127_00523066,2025-01-27 09:15:39,cust_5368803,CZPR,cash_loan,19848,36,711,low,approved,19848,mobile,true,791
app_20250127_00523908,2025-01-27 00:00:41,cust_9025475,SESV,mortgage,274489,240,638,medium,approved,274489,mobile,false,142
app_20250127_00524750,2025-01-27 14:27:33,cust_4503536,DEHE,personal_loan,3079,48,472,high,rejected,0,branch,true,127
app_20250127_00525592,2025-01-27 17:39:41,cust_9402941,PORP,refinance,177532,240,717,low,approved,177532,call_center,false,186
app_20250127_00526434,2025-01-27 11:50:50,cust_7413063,GRRE,refinance,448698,180,464,high,approved,448698,mobile_app,true,69
app_20250127_00527276,2025-01-27 15:35:47,cust_5545411,DEHE,personal_loan,11147,36,499,high,rejected,0,mobile_app,true,83
app_20250127_00528118,2025-01-27 22:40:06,cust_4767828,CHBE,credit_card,44088,36,602,medium,approved,44088,branch,true,722
app_20250127_00528960,2025-01-27 15:54:50,cust_9378475,DEHE,mortgage,160610,120,735,low,rejected,0,mobile_app,true,84
app_20250127_00529802,2025-01-27 18:42:15,cust_1839555,GRRE,education_loan,39443,48,613,medium,rejected,0,branch,false,35
app_20250127_00530644,2025-01-27 21:35:11,cust_3110169,PLWA,personal_loan,23941,36,658,medium,approved,23941,web,false,476
app_20250127_00531486,2025-01-27 21:39:59,cust_6390638,AUTR,refinance,463634,180,608,medium,approved,463634,mobile,true,796
app_20250127_00532328,2025-01-27 21:22:51,cust_7330632,NLAM,personal_loan,7888,30,819,low,approved,7888,atm,true,339
app_20250127_00533170,2025-01-27 13:39:38,cust_8668233,UKLO,cash_loan,41609,12,784,low,approved,41609,branch,false,470
app_20250127_00534012,2025-01-27 10:39:03,cust_6112283,UKLO,education_loan,26148,36,569,medium,rejected,0,web,true,162
app_20250127_00534854,2025-01-27 02:09:08,cust_2185985,AUTR,auto_loan,52223,36,605,medium,approved,52223,mobile_app,true,843
app_20250127_00535696,2025-01-27 15:01:47,cust_1747993,CHBE,cash_loan,6315,48,632,medium,approved,6315,mobile,false,307
app_20250127_00536538,2025-01-27 02:10:34,cust_3606012,NLAM,mortgage,425897,360,620,medium,rejected,0,partner,false,162
app_20250127_00537380,2025-01-27 02:58:55,cust_2861301,CHBE,auto_loan,36786,36,663,medium,rejected,0,call_center,false,131
app_20250127_00538222,2025-01-27 13:12:30,cust_7247332,SESV,education_loan,3309,48,535,medium,rejected,0,online_banking,true,159
app_20250127_00539064,2025-01-27 05:56:23,cust_727993,PORP,personal_loan,48577,24,597,medium,approved,48577,online_banking,true,487
app_20250127_00539906,2025-01-27 15:21:41,cust_8561281,ITMI,business_loan,29893,12,548,medium,approved,29893,atm,false,803
app_20250127_00540748,2025-01-27 02:52:07,cust_3808769,CHBE,business_loan,34815,12,713,low,approved,34815,web,false,146
app_20250127_00541590,2025-01-27 10:26:57,cust_4839842,SESV,education_loan,2794,12,576,medium,rejected,0,atm,false,73
app_20250127_00542432,2025-01-27 04:56:36,cust_3913584,PLWA,cash_loan,40082,48,710,low,approved,40082,mobile_app,true,510
app_20250127_00543274,2025-01-27 21:27:11,cust_7668841,ESMA,mortgage,245909,180,539,medium,rejected,0,call_center,true,114
app_20250127_00544116,2025-01-27 20:04:51,cust_9248611,AUTR,credit_card,26222,36,565,medium,approved,26222,atm,false,333
app_20250127_00544958,2025-01-27 14:04:54,cust_7091039,AUTR,cash_loan,38070,18,574,medium,approved,38070,mobile_app,false,159
app_20250127_00545800,2025-01-27 15:12:36,cust_4410842,NLAM,mortgage,340852,240,649,medium,approved,340852,branch,false,626
app_20250127_00546642,2025-01-27 16:19:00,cust_9108566,CZPR,mortgage,152138,300,850,low,approved,152138,branch,true,122
app_20250127_00547484,2025-01-27 10:14:09,cust_7379704,CZPR,business_loan,23058,24,774,low,approved,23058,online_banking,true,855
app_20250127_00548326,2025-01-27 14:58:27,cust_8902306,ATVI,business_loan,17192,24,589,medium,rejected,0,mobile_app,true,112
app_20250127_00549168,2025-01-27 23:00:17,cust_4009858,GRRE,credit_card,25669,24,792,low,approved,25669,mobile_app,false,838
app_20250127_00550010,2025-01-27 04:29:12,cust_3519679,FRID,mortgage,61279,240,619,medium,approved,61279,online_banking,false,685
app_20250127_00550852,2025-01-27 10:38:46,cust_9617359,ATVI,mortgage,72970,120,669,medium,approved,72970,branch,false,391
app_20250127_00551694,2025-01-27 04:14:47,cust_9235051,PORP,auto_loan,59102,24,618,medium,approved,59102,atm,true,721
app_20250127_00552536,2025-01-27 03:37:19,cust_5401816,CZPR,auto_loan,9963,36,653,medium,approved,9963,partner,true,767
app_20250127_00553378,2025-01-27 08:40:05,cust_2822238,UKLO,refinance,67376,120,540,medium,rejected,0,call_center,true,47
app_20250127_00554220,2025-01-27 19:25:33,cust_2625073,GRRE,business_loan,39816,60,644,medium,approved,39816,mobile_app,false,425
app_20250127_00555062,2025-01-27 23:33:11,cust_7024584,UKLO,personal_loan,18302,12,404,high,rejected,0,branch,false,85
app_20250127_00555904,2025-01-27 01:25:33,cust_9258996,ESMA,mortgage,294585,180,580,medium,rejected,0,mobile,false,13
app_20250127_00556746,2025-01-27 16:55:01,cust_6932185,SESV,personal_loan,30797,30,467,high,rejected,0,atm,false,101
app_20250127_00557588,2025-01-27 20:00:44,cust_2808515,BENL,education_loan,39543,36,560,medium,rejected,0,online_banking,false,147
app_20250127_00558430,2025-01-27 12:28:35,cust_6412581,NLAM,business_loan,25545,12,707,low,approved,25545,call_center,false,606
app_20250127_00559272,2025-01-27 03:47:21,cust_8283435,FRID,cash_loan,44408,12,687,medium,approved,44408,mobile,false,306
app_20250127_00560114,2025-01-27 03:11:11,cust_7728209,NLAM,business_loan,35901,24,728,low,approved,35901,call_center,true,849
app_20250127_00560956,2025-01-27 07:51:25,cust_9181799,PORP,auto_loan,19376,60,709,low,approved,19376,mobile_app,true,399
app_20250127_00561798,2025-01-27 17:55:29,cust_3844096,CZPR,cash_loan,19831,42,602,medium,approved,19831,partner,false,87
app_20250127_00562640,2025-01-27 01:47:00,cust_6110914,UKLO,cash_loan,15958,18,634,medium,approved,15958,online_banking,true,681
app_20250127_00563482,2025-01-27 07:11:12,cust_7152454,ESMA,cash_loan,38306,42,721,low,approved,38306,partner,true,413
app_20250127_00564324,2025-01-27 04:52:56,cust_9892805,ITMI,refinance,398942,300,772,low,approved,398942,web,false,369
app_20250127_00565166,2025-01-27 05:13:58,cust_7542538,CHBE,personal_loan,36820,24,758,low,approved,36820,call_center,false,207
app_20250127_00566008,2025-01-27 22:16:33,cust_3751919,PORP,refinance,325976,240,583,medium,rejected,0,online_banking,true,156
app_20250127_00566850,2025-01-27 20:59:05,cust_7630309,AUTR,refinance,329734,180,620,medium,approved,329734,atm,false,459
app_20250127_00567692,2025-01-27 00:06:23,cust_5250604,FRID,credit_card,49369,12,589,medium,approved,49369,web,false,493
app_20250127_00568534,2025-01-27 15:37:23,cust_3990046,ATVI,personal_loan,15172,12,709,low,rejected,0,call_center,false,77
app_20250127_00569376,2025-01-27 21:30:30,cust_2825653,BENL,education_loan,35266,36,682,medium,rejected,0,branch,false,70
app_20250127_00570218,2025-01-27 17:48:56,cust_6611689,FRID,cash_loan,14873,42,589,medium,approved,14873,call_center,false,596
app_20250127_00571060,2025-01-27 01:02:16,cust_246785,FRID,refinance,270231,120,794,low,approved,270231,mobile,false,737
app_20250127_00571902,2025-01-27 23:43:52,cust_2153654,DEHE,personal_loan,8774,12,634,medium,approved,8774,web,false,743
app_20250127_00572744,2025-01-27 23:14:15,cust_719207,ATVI,cash_loan,10367,12,664,medium,rejected,0,branch,false,167
app_20250127_00573586,2025-01-27 07:46:03,cust_477931,ATVI,credit_card,41571,48,563,medium,rejected,0,mobile,false,72
app_20250127_00574428,2025-01-27 14:29:00,cust_8645693,ATVI,education_loan,12299,24,569,medium,rejected,0,partner,false,13
app_20250127_00575270,2025-01-27 02:14:57,cust_7175778,CHBE,refinance,159896,300,453,high,rejected,0,partner,false,172
app_20250127_00576112,2025-01-27 08:12:54,cust_5010852,ESMA,business_loan,26398,24,850,low,approved,26398,partner,false,94
app_20250127_00576954,2025-01-27 16:19:31,cust_2743494,UKLO,mortgage,56162,180,601,medium,approved,56162,partner,false,664
app_20250127_00577796,2025-01-27 21:40:14,cust_2091098,ESMA,personal_loan,28203,24,581,medium,rejected,0,online_banking,false,144
app_20250127_00578638,2025-01-27 00:46:28,cust_9584595,ESMA,personal_loan,21155,48,680,medium,approved,21155,mobile,true,766
app_20250127_00579480,2025-01-27 15:02:33,cust_2662437,AUTR,auto_loan,54456,48,629,medium,approved,54456,web,true,471
app_20250127_00580322,2025-01-27 10:31:01,cust_9731443,DEHE,business_loan,4987,24,721,low,approved,4987,call_center,true,831
app_20250127_00581164,2025-01-27 18:38:18,cust_7974137,CHBE,cash_loan,28711,18,659,medium,rejected,0,call_center,false,169
app_20250127_00582006,2025-01-27 23:20:56,cust_6424618,CZPR,refinance,105534,360,624,medium,approved,105534,online_banking,true,371
app_20250127_00582848,2025-01-27 12:17:18,cust_9601545,SESV,mortgage,334184,180,653,medium,approved,334184,branch,false,148
app_20250127_00583690,2025-01-27 17:05:00,cust_6476501,BENL,education_loan,28825,36,712,low,approved,28825,atm,false,443
app_20250127_00584532,2025-01-27 20:08:41,cust_1902849,UKLO,refinance,322475,180,374,high,rejected,0,partner,true,7
app_20250127_00585374,2025-01-27 05:14:21,cust_4410458,BENL,credit_card,13244,24,672,medium,approved,13244,partner,true,634
app_20250127_00586216,2025-01-27 18:51:30,cust_4152641,CZPR,cash_loan,14657,24,765,low,rejected,0,branch,true,10
app_20250127_00587058,2025-01-27 14:56:31,cust_2820924,SESV,mortgage,337100,240,656,medium,approved,337100,mobile_app,true,32
app_20250127_00587900,2025-01-27 01:58:58,cust_8736909,GRRE,personal_loan,13822,36,723,low,approved,13822,atm,false,171
app_20250127_00588742,2025-01-27 14:39:11,cust_8732544,UKLO,cash_loan,38204,24,536,medium,rejected,0,atm,false,173
app_20250127_00589584,2025-01-27 06:34:35,cust_6577934,DEHE,personal_loan,11447,18,678,medium,approved,11447,web,true,596
app_20250127_00590426,2025-01-27 11:30:30,cust_5685766,BENL,business_loan,29989,60,600,medium,rejected,0,online_banking,false,135
app_20250127_00591268,2025-01-27 23:56:36,cust_2739654,ITMI,education_loan,15971,36,590,medium,rejected,0,atm,false,138
app_20250127_00592110,2025-01-27 15:04:57,cust_6838842,SESV,education_loan,39837,36,679,medium,rejected,0,mobile_app,true,173
app_20250127_00592952,2025-01-27 14:12:21,cust_1279491,UKLO,mortgage,465000,300,537,medium,approved,465000,atm,false,738
app_20250127_00593794,2025-01-27 22:44:50,cust_1681058,UKLO,mortgage,376877,240,609,medium,rejected,0,mobile,true,61
app_20250127_00594636,2025-01-27 12:25:30,cust_672621,ATVI,mortgage,264962,300,573,medium,approved,264962,online_banking,true,799
app_20250127_00595478,2025-01-27 22:50:54,cust_2403130,FRID,auto_loan,58018,24,568,medium,rejected,0,mobile_app,true,137
app_20250127_00596320,2025-01-27 14:43:46,cust_9615652,ATVI,mortgage,244313,240,777,low,approved,244313,mobile_app,false,643
app_20250127_00597162,2025-01-27 07:15:03,cust_5485945,DEHE,auto_loan,47673,24,676,medium,rejected,0,call_center,false,49
app_20250127_00598004,2025-01-27 03:45:21,cust_3239088,FRID,personal_loan,19289,12,580,medium,approved,19289,mobile_app,true,78
app_20250127_00598846,2025-01-27 16:05:47,cust_7124712,AUTR,personal_loan,10454,30,691,medium,rejected,0,mobile_app,false,107
app_20250127_00599688,2025-01-27 13:57:55,cust_2061578,NLAM,business_loan,3165,24,625,medium,rejected,0,partner,true,164
app_20250127_00600530,2025-01-27 11:44:46,cust_959128,BENL,cash_loan,13968,24,789,low,approved,13968,branch,false,892
app_20250127_00601372,2025-01-27 07:07:54,cust_1887196,ITMI,mortgage,326140,240,739,low,approved,326140,atm,false,246
app_20250127_00602214,2025-01-27 09:52:35,cust_2953716,SESV,cash_loan,13362,42,566,medium,approved,13362,online_banking,false,296
app_20250127_00603056,2025-01-27 16:38:12,cust_9683485,CZPR,education_loan,18448,12,698,medium,approved,18448,mobile_app,true,195
app_20250127_00603898,2025-01-27 04:12:43,cust_6675871,FRID,cash_loan,2413,30,822,low,rejected,0,mobile_app,true,128
app_20250127_00604740,2025-01-27 05:43:55,cust_9744022,SESV,refinance,187467,360,805,low,approved,187467,branch,true,123
app_20250127_00605582,2025-01-27 15:37:03,cust_4733952,PORP,education_loan,4844,60,675,medium,approved,4844,web,false,44
app_20250127_00606424,2025-01-27 00:27:51,cust_2515209,ESMA,refinance,342748,300,793,low,approved,342748,atm,false,650
app_20250127_00607266,2025-01-27 06:41:07,cust_8986669,CHBE,business_loan,30555,12,724,low,approved,30555,online_banking,false,615
app_20250127_00608108,2025-01-27 06:42:20,cust_5583452,ITMI,cash_loan,6555,30,843,low,approved,6555,partner,false,718
app_20250127_00608950,2025-01-27 21:06:43,cust_4084176,CZPR,mortgage,439995,300,542,medium,rejected,0,call_center,false,160
app_20250127_00609792,2025-01-27 05:51:17,cust_9941564,CHBE,education_loan,9640,24,582,medium,rejected,0,mobile_app,false,107
app_20250127_00610634,2025-01-27 20:03:14,cust_6631107,SESV,education_loan,12769,60,679,medium,rejected,0,partner,true,65
app_20250127_00611476,2025-01-27 18:11:45,cust_8711572,DEHE,personal_loan,4179,18,612,medium,approved,4179,mobile_app,false,576
app_20250127_00612318,2025-01-27 04:53:28,cust_7291907,PLWA,education_loan,26310,60,557,medium,approved,26310,web,true,628
app_20250127_00613160,2025-01-27 18:23:09,cust_3934824,CHBE,mortgage,243772,180,682,medium,approved,243772,call_center,false,364
app_20250127_00614002,2025-01-27 17:17:52,cust_9742349,GRRE,mortgage,259940,240,731,low,rejected,0,web,false,78
app_20250127_00614844,2025-01-27 08:37:58,cust_9488084,UKLO,personal_loan,25285,24,416,high,rejected,0,call_center,false,119
app_20250127_00615686,2025-01-27 11:56:35,cust_3800192,GRRE,personal_loan,16857,18,597,medium,approved,16857,mobile_app,false,105
app_20250127_00616528,2025-01-27 18:44:24,cust_7843585,UKLO,auto_loan,16029,72,648,medium,approved,16029,call_center,true,648
app_20250127_00617370,2025-01-27 14:47:49,cust_5056598,UKLO,education_loan,18725,36,553,medium,approved,18725,atm,true,223
app_20250127_00618212,2025-01-27 14:22:53,cust_5708139,FRID,personal_loan,10673,18,580,medium,rejected,0,mobile,false,177
app_20250127_00619054,2025-01-27 02:21:53,cust_8239958,CHBE,auto_loan,53743,72,687,medium,rejected,0,call_center,true,100
app_20250127_00619896,2025-01-27 13:14:01,cust_7911202,UKLO,cash_loan,7097,24,850,low,approved,7097,web,false,454
app_20250127_00620738,2025-01-27 01:18:11,cust_5224349,BENL,education_loan,23940,60,691,medium,approved,23940,web,false,101
app_20250127_00621580,2025-01-27 02:23:28,cust_8643458,PORP,refinance,383620,180,706,low,approved,383620,call_center,false,200
app_20250127_00622422,2025-01-27 18:41:02,cust_3543508,BENL,mortgage,192387,300,634,medium,rejected,0,partner,false,28
app_20250127_00623264,2025-01-27 20:59:00,cust_2842804,PLWA,refinance,363707,360,651,medium,rejected,0,mobile,true,14
app_20250127_00624106,2025-01-27 15:45:12,cust_8843611,ITMI,business_loan,35402,12,782,low,approved,35402,branch,true,546
app_20250127_00624948,2025-01-27 11:03:41,cust_4640724,FRID,personal_loan,38903,36,498,high,rejected,0,web,true,173
app_20250127_00625790,2025-01-27 05:59:31,cust_8243534,AUTR,education_loan,12398,24,850,low,approved,12398,partner,false,81
app_20250127_00626632,2025-01-27 05:40:08,cust_692597,CHBE,education_loan,14260,36,550,medium,approved,14260,branch,false,842
app_20250127_00627474,2025-01-27 13:30:21,cust_8802301,PLWA,refinance,163468,300,642,medium,approved,163468,partner,true,520
app_20250127_00628316,2025-01-27 16:47:16,cust_1065965,FRID,cash_loan,49729,36,573,medium,rejected,0,atm,true,27
app_20250127_00629158,2025-01-27 06:21:43,cust_9391349,SESV,credit_card,30311,48,670,medium,approved,30311,atm,false,750
app_20250127_00630000,2025-01-27 23:36:51,cust_4391833,GRRE,cash_loan,27790,12,629,medium,rejected,0,web,true,170
app_20250127_00630842,2025-01-27 06:47:38,cust_182625,CHBE,education_loan,34496,24,635,medium,approved,34496,mobile,false,212
app_20250127_00631684,2025-01-27 04:30:12,cust_3698263,CZPR,auto_loan,36324,72,505,medium,rejected,0,call_center,false,31
app_20250127_00632526,2025-01-27 02:36:03,cust_8936855,NLAM,education_loan,35066,48,681,medium,approved,35066,web,false,81
app_20250127_00633368,2025-01-27 11:07:53,cust_2952297,CHBE,mortgage,66201,240,771,low,approved,66201,atm,false,859
app_20250127_00634210,2025-01-27 10:16:02,cust_5464345,ATVI,auto_loan,28078,24,710,low,approved,28078,partner,false,504
app_20250127_00635052,2025-01-27 21:20:43,cust_8742031,PLWA,mortgage,360251,240,688,medium,approved,360251,mobile_app,false,525
app_20250127_00635894,2025-01-27 11:14:05,cust_3194491,DEHE,credit_card,37323,30,487,high,rejected,0,call_center,true,107
app_20250127_00636736,2025-01-27 15:38:55,cust_8621932,DEHE,business_loan,13398,60,708,low,rejected,0,mobile_app,true,126
app_20250127_00637578,2025-01-27 12:01:53,cust_4191240,CZPR,business_loan,3700,48,593,medium,rejected,0,web,false,131
app_20250127_00638420,2025-01-27 04:57:41,cust_4891593,GRRE,credit_card,7630,42,620,medium,rejected,0,partner,false,164
app_20250127_00639262,2025-01-27 03:36:13,cust_4163767,SESV,business_loan,22878,60,588,medium,approved,22878,atm,true,746
app_20250127_00640104,2025-01-27 16:19:06,cust_7459124,AUTR,personal_loan,9618,18,634,medium,approved,9618,mobile_app,false,310
app_20250127_00640946,2025-01-27 22:32:02,cust_5336984,CZPR,personal_loan,16426,42,660,medium,rejected,0,atm,false,36
app_20250127_00641788,2025-01-27 16:45:39,cust_6766716,FRID,personal_loan,8966,48,656,medium,approved,8966,call_center,false,176
app_20250127_00642630,2025-01-27 20:53:50,cust_7892503,ESMA,business_loan,19178,24,745,low,approved,19178,branch,true,476
app_20250127_00643472,2025-01-27 11:28:04,cust_130286,GRRE,credit_card,9077,42,528,medium,rejected,0,online_banking,false,7
app_20250127_00644314,2025-01-27 20:38:15,cust_5014662,AUTR,business_loan,32406,48,850,low,approved,32406,partner,true,286
app_20250127_00645156,2025-01-27 05:31:04,cust_3625316,NLAM,cash_loan,5043,12,753,low,approved,5043,mobile,true,511
app_20250127_00645998,2025-01-27 16:44:02,cust_193635,GRRE,business_loan,18785,24,599,medium,rejected,0,web,false,61
app_20250127_00646840,2025-01-27 06:39:21,cust_7395545,GRRE,education_loan,6692,24,697,medium,rejected,0,partner,true,130
app_20250127_00647682,2025-01-27 18:06:55,cust_9446969,NLAM,business_loan,19269,48,683,medium,rejected,0,branch,false,163
app_20250127_00648524,2025-01-27 01:20:19,cust_2360743,NLAM,personal_loan,45057,18,530,medium,rejected,0,mobile_app,true,94
app_20250127_00649366,2025-01-27 06:11:06,cust_7318565,ITMI,refinance,225707,240,591,medium,approved,225707,mobile,true,860
app_20250127_00650208,2025-01-27 02:00:51,cust_8768760,GRRE,refinance,417968,120,626,medium,rejected,0,mobile_app,true,132
app_20250127_00651050,2025-01-27 15:37:55,cust_9038427,ATVI,credit_card,32991,42,534,medium,rejected,0,mobile_app,false,175
app_20250127_00651892,2025-01-27 17:58:11,cust_5993026,ESMA,business_loan,9770,24,735,low,rejected,0,online_banking,true,73
app_20250127_00652734,2025-01-27 23:37:42,cust_5931406,BENL,cash_loan,23777,24,550,medium,approved,23777,call_center,false,660
app_20250127_00653576,2025-01-27 03:41:59,cust_9026078,CZPR,refinance,145399,300,783,low,approved,145399,web,true,223
app_20250127_00654418,2025-01-27 09:17:06,cust_6480699,ITMI,personal_loan,4001,48,606,medium,approved,4001,online_banking,true,408
app_20250127_00655260,2025-01-27 13:35:48,cust_7620716,ITMI,personal_loan,49984,36,639,medium,approved,49984,online_banking,true,431
app_20250127_00656102,2025-01-27 14:20:08,cust_4359454,CHBE,personal_loan,34841,30,542,medium,approved,34841,web,false,445
app_20250127_00656944,2025-01-27 11:26:35,cust_7464081,CHBE,cash_loan,18432,18,726,low,rejected,0,mobile,false,46
app_20250127_00657786,2025-01-27 05:37:56,cust_5062856,CZPR,auto_loan,55129,72,485,high,approved,55129,mobile,false,396
app_20250127_00658628,2025-01-27 22:24:23,cust_9587951,ATVI,refinance,204655,240,607,medium,approved,204655,partner,false,680
app_20250127_00659470,2025-01-27 14:24:49,cust_5352012,NLAM,refinance,325874,240,672,medium,approved,325874,atm,false,490
app_20250127_00660312,2025-01-27 00:16:58,cust_6919798,ESMA,cash_loan,25561,18,515,medium,rejected,0,online_banking,false,136
app_20250127_00661154,2025-01-27 09:16:05,cust_5723633,UKLO,cash_loan,39244,30,479,high,approved,39244,branch,false,124
app_20250127_00661996,2025-01-27 02:59:30,cust_3893657,NLAM,education_loan,9297,48,630,medium,rejected,0,mobile_app,false,174
app_20250127_00662838,2025-01-27 01:07:13,cust_5502529,ESMA,mortgage,96370,240,754,low,approved,96370,mobile_app,true,672
app_20250127_00663680,2025-01-27 04:40:23,cust_8596126,DEHE,cash_loan,44842,24,566,medium,rejected,0,branch,true,128
app_20250127_00664522,2025-01-27 18:48:47,cust_6991962,AUTR,refinance,372396,240,589,medium,approved,372396,mobile,false,175
app_20250127_00665364,2025-01-27 05:06:45,cust_4282458,UKLO,education_loan,22012,24,612,medium,approved,22012,call_center,false,492
app_20250127_00666206,2025-01-27 06:53:26,cust_2246993,PORP,education_loan,7137,24,675,medium,approved,7137,online_banking,true,683
app_20250127_00667048,2025-01-27 10:59:44,cust_6232587,FRID,refinance,389049,360,657,medium,approved,389049,mobile,true,654
app_20250127_00667890,2025-01-27 16:26:05,cust_1511613,BENL,credit_card,25658,24,565,medium,approved,25658,online_banking,false,313
app_20250127_00668732,2025-01-27 10:42:20,cust_8634536,PLWA,mortgage,463944,300,835,low,approved,463944,mobile,false,129
app_20250127_00669574,2025-01-27 01:05:27,cust_8803367,UKLO,personal_loan,39710,36,714,low,approved,39710,branch,false,583
app_20250127_00670416,2025-01-27 05:17:07,cust_902274,UKLO,mortgage,389601,300,672,medium,approved,389601,mobile,false,398
app_20250127_00671258,2025-01-27 14:14:02,cust_2045320,UKLO,business_loan,38738,48,716,low,approved,38738,web,true,254
app_20250127_00672100,2025-01-27 17:40:29,cust_4329354,ATVI,auto_loan,31430,48,683,medium,approved,31430,web,false,404
app_20250127_00672942,2025-01-27 05:07:03,cust_9495438,DEHE,personal_loan,24794,12,633,medium,rejected,0,call_center,true,117
app_20250127_00673784,2025-01-27 12:29:33,cust_5380140,NLAM,business_loan,30845,36,691,medium,rejected,0,web,false,105
app_20250127_00674626,2025-01-27 11:50:57,cust_6771169,ITMI,credit_card,17946,48,673,medium,approved,17946,call_center,true,364
app_20250127_00675468,2025-01-27 07:37:36,cust_921620,NLAM,business_loan,19854,48,542,medium,rejected,0,partner,true,142
app_20250127_00676310,2025-01-27 07:04:16,cust_2962344,GRRE,cash_loan,23520,30,575,medium,rejected,0,call_center,false,158
app_20250127_00677152,2025-01-27 08:20:32,cust_5403506,GRRE,refinance,110062,300,563,medium,approved,110062,mobile_app,false,335
app_20250127_00677994,2025-01-27 17:39:08,cust_5014735,NLAM,business_loan,13398,24,696,medium,rejected,0,online_banking,false,111
app_20250127_00678836,2025-01-27 19:05:52,cust_2050821,UKLO,education_loan,5530,24,715,low,approved,5530,branch,false,229
app_20250127_00679678,2025-01-27 00:53:43,cust_7411529,DEHE,credit_card,25569,12,667,medium,approved,25569,partner,true,59
app_20250127_00680520,2025-01-27 20:05:58,cust_6620562,CHBE,cash_loan,37563,48,342,high,rejected,0,partner,true,131
app_20250127_00681362,2025-01-27 20:07:06,cust_4385362,UKLO,auto_loan,27247,36,566,medium,rejected,0,online_banking,false,32
app_20250127_00682204,2025-01-27 17:14:03,cust_2435548,ATVI,refinance,475527,180,767,low,approved,475527,partner,false,40
app_20250127_00683046,2025-01-27 18:42:56,cust_6153822,ATVI,refinance,372385,300,446,high,rejected,0,web,false,177
app_20250127_00683888,2025-01-27 02:19:05,cust_9838518,GRRE,auto_loan,44368,60,583,medium,rejected,0,online_banking,true,43
app_20250127_00684730,2025-01-27 11:18:53,cust_5329286,DEHE,business_loan,6317,36,590,medium,rejected,0,atm,false,92
app_20250127_00685572,2025-01-27 09:23:00,cust_7412444,GRRE,personal_loan,23335,48,558,medium,approved,23335,mobile_app,false,471
app_20250127_00686414,2025-01-27 18:12:15,cust_6617174,ITMI,cash_loan,34476,30,795,low,approved,34476,call_center,false,386
app_20250127_00687256,2025-01-27 06:57:16,cust_1807539,UKLO,refinance,410711,360,659,medium,approved,410711,mobile,false,139
app_20250127_00688098,2025-01-27 11:09:59,cust_644890,PORP,auto_loan,24852,36,742,low,approved,24852,call_center,true,803
app_20250127_00688940,2025-01-27 13:18:32,cust_2878451,BENL,cash_loan,26546,18,569,medium,rejected,0,web,true,61
app_20250127_00689782,2025-01-27 23:08:17,cust_1367221,DEHE,auto_loan,49060,24,550,medium,approved,49060,call_center,true,259
app_20250127_00690624,2025-01-27 20:37:32,cust_5020838,ITMI,cash_loan,48003,42,652,medium,approved,48003,web,true,826
app_20250127_00691466,2025-01-27 01:31:39,cust_7460246,AUTR,mortgage,272751,360,778,low,approved,272751,branch,false,183
app_20250127_00692308,2025-01-27 04:06:18,cust_7550915,FRID,personal_loan,12731,30,738,low,approved,12731,mobile_app,false,452
app_20250127_00693150,2025-01-27 20:23:06,cust_2917710,AUTR,education_loan,29668,60,612,medium,rejected,0,partner,false,80
app_20250127_00693992,2025-01-27 19:23:01,cust_8624430,UKLO,credit_card,30377,12,591,medium,approved,30377,branch,false,520
app_20250127_00694834,2025-01-27 05:54:27,cust_5054981,UKLO,mortgage,446572,180,787,low,approved,446572,partner,true,469
app_20250127_00695676,2025-01-27 13:39:23,cust_2236354,ESMA,cash_loan,23819,48,727,low,approved,23819,mobile,false,162
app_20250127_00696518,2025-01-27 06:28:30,cust_367053,DEHE,credit_card,38310,36,740,low,approved,38310,mobile_app,true,452
app_20250127_00697360,2025-01-27 21:47:34,cust_3003129,UKLO,personal_loan,5492,18,657,medium,rejected,0,web,true,120
app_20250127_00698202,2025-01-27 14:37:30,cust_7939469,PORP,auto_loan,7448,72,680,medium,approved,7448,partner,true,243
app_20250127_00699044,2025-01-27 12:43:53,cust_2522633,FRID,personal_loan,11848,48,735,low,approved,11848,mobile_app,true,80
app_20250127_00699886,2025-01-27 01:24:25,cust_2861221,DEHE,personal_loan,48640,24,779,low,approved,48640,branch,false,175
app_20250127_00700728,2025-01-27 12:56:03,cust_9824227,PORP,mortgage,313505,360,519,medium,approved,313505,mobile,true,298
app_20250127_00701570,2025-01-27 13:55:01,cust_7475966,NLAM,auto_loan,29445,36,784,low,approved,29445,atm,false,39
app_20250127_00702412,2025-01-27 18:07:39,cust_9902069,AUTR,mortgage,77812,360,718,low,rejected,0,mobile,true,78
app_20250127_00703254,2025-01-27 10:01:11,cust_750008,FRID,personal_loan,28049,36,468,high,rejected,0,web,true,161
app_20250127_00704096,2025-01-27 05:28:33,cust_8013481,BENL,education_loan,6405,24,494,high,rejected,0,branch,false,156
app_20250127_00704938,2025-01-27 20:03:31,cust_1117339,ATVI,credit_card,30931,24,633,medium,rejected,0,partner,true,81
app_20250127_00705780,2025-01-27 22:20:57,cust_4881950,ESMA,auto_loan,42325,36,525,medium,rejected,0,online_banking,false,160
app_20250127_00706622,2025-01-27 07:10:39,cust_2881097,PORP,refinance,154385,180,736,low,approved,154385,atm,true,177
app_20250127_00707464,2025-01-27 07:39:46,cust_5964980,ESMA,mortgage,255598,240,627,medium,approved,255598,mobile_app,true,709
app_20250127_00708306,2025-01-27 14:26:45,cust_3709249,ATVI,mortgage,301835,240,693,medium,approved,301835,branch,false,460
app_20250127_00709148,2025-01-27 07:53:34,cust_4652716,NLAM,auto_loan,32675,48,706,low,approved,32675,partner,false,238
app_20250127_00709990,2025-01-27 05:05:30,cust_705672,NLAM,credit_card,31016,36,587,medium,approved,31016,online_banking,true,771
app_20250127_00710832,2025-01-27 05:02:17,cust_6787123,NLAM,mortgage,309258,180,823,low,rejected,0,partner,true,135
app_20250127_00711674,2025-01-27 20:02:58,cust_2574001,GRRE,personal_loan,1051,30,660,medium,approved,1051,online_banking,true,498
app_20250127_00712516,2025-01-27 08:48:41,cust_1524903,PORP,auto_loan,11159,48,523,medium,approved,11159,partner,true,711
