"parking_zone_id","parking_zone_name","total_transactions","total_revenue","avg_revenue"
"Z004","ММДЦ Москва-Сити","12497","1.1599372290000046E7","928.17"
"Z003","Ленинградский вокзал","12241","1.0615512240000045E7","867.21"
"Z006","Арбат","12575","9825535.300000014","781.35"
"Z001","Тверская ул.","12195","9018594.80000006","739.53"
"Z005","Парк Горького","12350","7646006.630000006","619.11"
"Z007","ВДНХ","12447","6573276.339999989","528.1"
"Z008","Аэропорт Шереметьево","12405","5589940.689999992","450.62"
"Z002","Кутузовский пр-т","12480","5545876.469999968","444.38"
